word	reading	target_count	source_count	category	file	line	source_word
一之瀨四季	ㄧ ㄓ ㄌㄞˋ ㄙˋ ㄐㄧˋ	0.009999999999999986	17	動漫	phrase.anime.tsv	2	
一之瀨琴美	ㄧ ㄓ ㄌㄞˋ ㄑㄧㄣˊ ㄇㄟˇ	0.009999999999999986	13	動漫	phrase.anime.tsv	3	
一人出局	ㄧ ㄖㄣˊ ㄔㄨ ㄐㄩˊ	0.009999999999999986	12	動漫	phrase.anime.tsv	4	
一刻館	ㄧ ㄎㄜˋ ㄍㄨㄢˇ	0.009999999999999986	12	動漫	phrase.anime.tsv	6	
一手史料	ㄧ ㄕㄡˇ ㄕˇ ㄌㄧㄠˋ	1	10	歷史	phrase.history.tsv	2	
一拳超人	ㄧ ㄑㄩㄢˊ ㄔㄠ ㄖㄣˊ	0.009999999999999986	25	動漫	phrase.anime.tsv	9	
一方通行	ㄧ ㄈㄤ ㄊㄨㄥ ㄒㄧㄥˊ	0.009999999999999986	14	動漫	phrase.anime.tsv	10	
一條拓麻	ㄧ ㄊㄧㄠˊ ㄊㄨㄛˋ ㄇㄚˊ	0.009999999999999986	12	動漫	phrase.anime.tsv	11	
一條螢	ㄧ ㄊㄧㄠˊ ㄧㄥˊ	0.009999999999999986	16	動漫	phrase.anime.tsv	12	
一次性密碼	ㄧ ㄘˋ ㄒㄧㄥˋ ㄇㄧˋ ㄇㄚˇ	1	5	網路資安	phrase.network-security.tsv	2	
一百個朋友	ㄧ ㄅㄞˇ ㄍㄜ˙ ㄆㄥˊ ㄧㄡˇ	0.009999999999999986	13	動漫	phrase.anime.tsv	15	
一目連	ㄧ ㄇㄨˋ ㄌㄧㄢˊ	0.009999999999999986	17	動漫	phrase.anime.tsv	16	
一致性原則	ㄧ ㄓˋ ㄒㄧㄥˋ ㄩㄢˊ ㄗㄜˊ	1	3	財會金融	phrase.finance.tsv	2	
一般廢棄物	ㄧ ㄅㄢ ㄈㄟˋ ㄑㄧˋ ㄨˋ	1	5	環境能源	phrase.energy-environment.tsv	2	
一色彩羽	ㄧ ㄙㄜˋ ㄘㄞˇ ㄩˇ	0.009999999999999986	13	動漫	phrase.anime.tsv	17	
一色慧	ㄧ ㄙㄜˋ ㄏㄨㄟˋ	0.009999999999999986	11	動漫	phrase.anime.tsv	18	
一階電路	ㄧ ㄐㄧㄝ ㄉㄧㄢˋ ㄌㄨˋ	1	10	電子電機	phrase.electronics.tsv	2	
一零八課綱	ㄧ ㄌㄧㄥˊ ㄅㄚ ㄎㄜˋ ㄍㄤ	1	14	一般	phrase.general.tsv	3	
七大	ㄑㄧ ㄉㄚˋ	0.009999999999999986	14	動漫	phrase.anime.tsv	19	
七大手法	ㄑㄧ ㄉㄚˋ ㄕㄡˇ ㄈㄚˇ	1	12	製造機械	phrase.manufacturing.tsv	2	
七大罪	ㄑㄧ ㄉㄚˋ ㄗㄨㄟˋ	0.009999999999999986	22	動漫	phrase.anime.tsv	20	
七寶	ㄑㄧ ㄅㄠˇ	0.009999999999999986	12	動漫	phrase.anime.tsv	21	
七尾梢	ㄑㄧ ㄨㄟˇ ㄕㄠ	0.009999999999999986	12	動漫	phrase.anime.tsv	22	
七條天空	ㄑㄧ ㄊㄧㄠˊ ㄊㄧㄢ ㄎㄨㄥ	0.009999999999999986	14	動漫	phrase.anime.tsv	24	
七海麻美	ㄑㄧ ㄏㄞˇ ㄇㄚˊ ㄇㄟˇ	0.009999999999999986	14	動漫	phrase.anime.tsv	25	
七瀨美雪	ㄑㄧ ㄌㄞˋ ㄇㄟˇ ㄒㄩㄝˇ	0.009999999999999986	19	動漫	phrase.anime.tsv	26	
七瀨花凜	ㄑㄧ ㄌㄞˋ ㄏㄨㄚ ㄌㄧㄣˇ	0.009999999999999986	13	動漫	phrase.anime.tsv	27	
七瀨遙	ㄑㄧ ㄌㄞˋ ㄧㄠˊ	0.009999999999999986	19	動漫	phrase.anime.tsv	28	
七瀨陸	ㄑㄧ ㄌㄞˋ ㄌㄨˋ	0.009999999999999986	17	動漫	phrase.anime.tsv	29	
丈槍由紀	ㄓㄤˋ ㄑㄧㄤ ㄧㄡˊ ㄐㄧˋ	0.009999999999999986	18	動漫	phrase.anime.tsv	31	
三井壽	ㄙㄢ ㄐㄧㄥˇ ㄕㄡˋ	0.009999999999999986	15	動漫	phrase.anime.tsv	32	
三十六字母	ㄙㄢ ㄕˊ ㄌㄧㄡˋ ㄗˋ ㄇㄨˇ	1	4	中文	phrase.chinese.tsv	2	
三千院凪	ㄙㄢ ㄑㄧㄢ ㄩㄢˋ ㄓˇ	0.009999999999999986	17	動漫	phrase.anime.tsv	33	
三向交握	ㄙㄢ ㄒㄧㄤˋ ㄐㄧㄠ ㄨㄛˋ	1	10	網路資安	phrase.network-security.tsv	3	
三宅忍	ㄙㄢ ㄓㄞˊ ㄖㄣˇ	0.009999999999999986	13	動漫	phrase.anime.tsv	34	
三宅日向	ㄙㄢ ㄓㄞˊ ㄖˋ ㄒㄧㄤˋ	0.009999999999999986	15	動漫	phrase.anime.tsv	35	
三尖瓣逆流	ㄙㄢ ㄐㄧㄢ ㄅㄢˋ ㄋㄧˋ ㄌㄧㄡˊ	1	6	醫學	phrase.medicine.tsv	2	
三日月閑	ㄙㄢ ㄖˋ ㄩㄝˋ ㄒㄧㄢˊ	0.009999999999999986	17	動漫	phrase.anime.tsv	36	
三木清良	ㄙㄢ ㄇㄨˋ ㄑㄧㄥ ㄌㄧㄤˊ	0.009999999999999986	14	動漫	phrase.anime.tsv	37	
三橋廉	ㄙㄢ ㄑㄧㄠˊ ㄌㄧㄢˊ	0.009999999999999986	16	動漫	phrase.anime.tsv	38	
三浦梓	ㄙㄢ ㄆㄨˇ ㄗˇ	0.009999999999999986	8	動漫	phrase.anime.tsv	39	
三田亞由美	ㄙㄢ ㄊㄧㄢˊ ㄧㄚˇ ㄧㄡˊ ㄇㄟˇ	0.009999999999999986	13	動漫	phrase.anime.tsv	40	
三相三線	ㄙㄢ ㄒㄧㄤˋ ㄙㄢ ㄒㄧㄢˋ	1	11	電子電機	phrase.electronics.tsv	3	
三相不平衡	ㄙㄢ ㄒㄧㄤˋ ㄅㄨˋ ㄆㄧㄥˊ ㄏㄥˊ	1	2	電子電機	phrase.electronics.tsv	4	
三相四線	ㄙㄢ ㄒㄧㄤˋ ㄙˋ ㄒㄧㄢˋ	1	9	電子電機	phrase.electronics.tsv	5	
三省六部制	ㄙㄢ ㄕㄥˇ ㄌㄧㄡˋ ㄅㄨˋ ㄓˋ	1	6	歷史	phrase.history.tsv	3	
三級處理	ㄙㄢ ㄐㄧˊ ㄔㄨˇ ㄌㄧˇ	1	11	環境能源	phrase.energy-environment.tsv	3	
三葉睦實	ㄙㄢ ㄧㄝˋ ㄇㄨˋ ㄕˊ	0.009999999999999986	11	動漫	phrase.anime.tsv	41	
三鷹瞬	ㄙㄢ ㄧㄥ ㄕㄨㄣˋ	0.009999999999999986	14	動漫	phrase.anime.tsv	42	
上下文視窗	ㄕㄤˋ ㄒㄧㄚˋ ㄨㄣˊ ㄕˋ ㄔㄨㄤ	1	3	AI資料科學	phrase.ai-data-science.tsv	2	
上之山立夏	ㄕㄤˋ ㄓ ㄕㄢ ㄌㄧˋ ㄒㄧㄚˋ	0.009999999999999986	15	動漫	phrase.anime.tsv	43	
上古音	ㄕㄤˋ ㄍㄨˇ ㄧㄣ	1	11	中文	phrase.chinese.tsv	3	
上杉風太郎	ㄕㄤˋ ㄕㄢ ㄈㄥ ㄊㄞˋ ㄌㄤˊ	0.009999999999999986	21	動漫	phrase.anime.tsv	44	
上條當麻	ㄕㄤˋ ㄊㄧㄠˊ ㄉㄤ ㄇㄚˊ	0.009999999999999986	21	動漫	phrase.anime.tsv	45	
上消化道	ㄕㄤˋ ㄒㄧㄠ ㄏㄨㄚˋ ㄉㄠˋ	1	13	醫學	phrase.medicine.tsv	3	
下剋上	ㄒㄧㄚˋ ㄎㄜˋ ㄕㄤˋ	0.009999999999999986	21	動漫	phrase.anime.tsv	46	
下消化道	ㄒㄧㄚˋ ㄒㄧㄠ ㄏㄨㄚˋ ㄉㄠˋ	1	13	醫學	phrase.medicine.tsv	4	
下肢靜脈	ㄒㄧㄚˋ ㄓ ㄐㄧㄥˋ ㄇㄞˋ	1	12	醫學	phrase.medicine.tsv	5	
不二周助	ㄅㄨˊ ㄦˋ ㄓㄡ ㄓㄨˋ	0.009999999999999986	16	動漫	phrase.anime.tsv	47	
不作為犯	ㄅㄨˊ ㄗㄨㄛˋ ㄨㄟˋ ㄈㄢˋ	1	10	法律	phrase.law.tsv	3	
不動明	ㄅㄨˊ ㄉㄨㄥˋ ㄇㄧㄥˊ	0.009999999999999986	18	動漫	phrase.anime.tsv	48	
不動產役權	ㄅㄨˊ ㄉㄨㄥˋ ㄔㄢˇ ㄧˋ ㄑㄩㄢˊ	1	4	法律	phrase.law.tsv	4	
不可否認性	ㄅㄨˋ ㄎㄜˇ ㄈㄡˇ ㄖㄣˋ ㄒㄧㄥˋ	1	5	網路資安	phrase.network-security.tsv	4	
不可逆過程	ㄅㄨˋ ㄎㄜˇ ㄋㄧˋ ㄍㄨㄛˋ ㄔㄥˊ	1	5	科學	phrase.science.tsv	2	
不可靠	ㄅㄨˋ ㄎㄜˇ ㄎㄠˋ	1	12	中文	phrase.chinese.tsv	4	
不存在的人	ㄅㄨˋ ㄘㄨㄣˊ ㄗㄞˋ ㄉㄜ˙ ㄖㄣˊ	0.009999999999999986	12	動漫	phrase.anime.tsv	51	
不安全	ㄅㄨˋ ㄢ ㄑㄩㄢˊ	1	11	網路資安	phrase.network-security.tsv	5	
不安抗辯	ㄅㄨˋ ㄢ ㄎㄤˋ ㄅㄧㄢˋ	1	11	法律	phrase.law.tsv	5	
不完全給付	ㄅㄨˋ ㄨㄢˊ ㄑㄩㄢˊ ㄐㄧˇ ㄈㄨˋ	1	4	法律	phrase.law.tsv	6	
不放過我	ㄅㄨˊ ㄈㄤˋ ㄍㄨㄛˋ ㄨㄛˇ	0.009999999999999986	19	動漫	phrase.anime.tsv	52	
不死不運	ㄅㄨˋ ㄙˇ ㄅㄨˋ ㄩㄣˋ	0.009999999999999986	19	動漫	phrase.anime.tsv	56	
不死少女	ㄅㄨˋ ㄙˇ ㄕㄠˋ ㄋㄩˇ	0.009999999999999986	20	動漫	phrase.anime.tsv	57	
不死酒	ㄅㄨˋ ㄙˇ ㄐㄧㄡˇ	0.009999999999999986	11	動漫	phrase.anime.tsv	58	
不溯及既往	ㄅㄨˋ ㄙㄨˋ ㄐㄧˊ ㄐㄧˋ ㄨㄤˇ	1	7	法律	phrase.law.tsv	7	
不當得利	ㄅㄨˊ ㄉㄤˋ ㄉㄜˊ ㄌㄧˋ	1	11	法律	phrase.law.tsv	8	
不確定	ㄅㄨˋ ㄑㄩㄝˋ ㄉㄧㄥˋ	1	11	科學	phrase.science.tsv	4	
不穩定性	ㄅㄨˋ ㄨㄣˇ ㄉㄧㄥˋ ㄒㄧㄥˋ	1	11	晶片半導體	phrase.semiconductor.tsv	2	
不結盟運動	ㄅㄨˋ ㄐㄧㄝˊ ㄇㄥˊ ㄩㄣˋ ㄉㄨㄥˋ	1	7	歷史	phrase.history.tsv	4	
不能未遂	ㄅㄨˋ ㄋㄥˊ ㄨㄟˋ ㄙㄨㄟˋ	1	12	法律	phrase.law.tsv	9	
不能逃避	ㄅㄨˋ ㄋㄥˊ ㄊㄠˊ ㄅㄧˋ	0.009999999999999986	15	動漫	phrase.anime.tsv	59	
不自證己罪	ㄅㄨˊ ㄗˋ ㄓㄥˋ ㄐㄧˇ ㄗㄨㄟˋ	1	3	法律	phrase.law.tsv	10	
不良性	ㄅㄨˋ ㄌㄧㄤˊ ㄒㄧㄥˋ	1	11	醫學	phrase.medicine.tsv	8	
不要回頭	ㄅㄨˊ ㄧㄠˋ ㄏㄨㄟˊ ㄊㄡˊ	0.009999999999999986	16	動漫	phrase.anime.tsv	61	
不起訴	ㄅㄨˋ ㄑㄧˇ ㄙㄨˋ	1	11	法律	phrase.law.tsv	11	
世情小說	ㄕˋ ㄑㄧㄥˊ ㄒㄧㄠˇ ㄕㄨㄛ	1	12	中文	phrase.chinese.tsv	5	
世界頂尖	ㄕˋ ㄐㄧㄝˋ ㄉㄧㄥˇ ㄐㄧㄢ	0.009999999999999986	16	動漫	phrase.anime.tsv	63	
丘比	ㄑㄧㄡ ㄅㄧˇ	0.009999999999999986	12	動漫	phrase.anime.tsv	64	
丘魯克	ㄑㄧㄡ ㄌㄨˇ ㄎㄜˋ	0.009999999999999986	13	動漫	phrase.anime.tsv	65	
丙胺酸	ㄅㄧㄥˇ ㄢˋ ㄙㄨㄢ	1	12	醫學	phrase.medicine.tsv	9	
並列複句	ㄅㄧㄥˋ ㄌㄧㄝˋ ㄈㄨˋ ㄐㄩˋ	1	10	中文	phrase.chinese.tsv	6	
中世紀城市	ㄓㄨㄥ ㄕˋ ㄐㄧˋ ㄔㄥˊ ㄕˋ	1	3	歷史	phrase.history.tsv	6	
中井	ㄓㄨㄥ ㄐㄧㄥˇ	0.009999999999999986	14	動漫	phrase.anime.tsv	67	
中務椿	ㄓㄨㄥ ㄨˋ ㄔㄨㄣ	0.009999999999999986	11	動漫	phrase.anime.tsv	68	
中原中也	ㄓㄨㄥ ㄩㄢˊ ㄓㄨㄥ ㄧㄝˇ	0.009999999999999986	13	動漫	phrase.anime.tsv	69	
中原瑞希	ㄓㄨㄥ ㄩㄢˊ ㄖㄨㄟˋ ㄒㄧ	0.009999999999999986	17	動漫	phrase.anime.tsv	70	
中原音韻	ㄓㄨㄥ ㄩㄢˊ ㄧㄣ ㄩㄣˋ	1	10	中文	phrase.chinese.tsv	7	
中古音	ㄓㄨㄥ ㄍㄨˇ ㄧㄣ	1	11	中文	phrase.chinese.tsv	8	
中山春樹	ㄓㄨㄥ ㄕㄢ ㄔㄨㄣ ㄕㄨˋ	0.009999999999999986	14	動漫	phrase.anime.tsv	71	
中島敦	ㄓㄨㄥ ㄉㄠˇ ㄉㄨㄣ	0.009999999999999986	22	動漫	phrase.anime.tsv	72	
中川圭一	ㄓㄨㄥ ㄔㄨㄢ ㄍㄨㄟ ㄧ	0.009999999999999986	21	動漫	phrase.anime.tsv	73	
中心語	ㄓㄨㄥ ㄒㄧㄣ ㄩˇ	1	12	中文	phrase.chinese.tsv	9	
中止未遂	ㄓㄨㄥ ㄓˇ ㄨㄟˋ ㄙㄨㄟˋ	1	10	法律	phrase.law.tsv	12	
中止症	ㄓㄨㄥ ㄓˇ ㄓㄥˋ	1	10	醫學	phrase.medicine.tsv	10	
中程計畫	ㄓㄨㄥ ㄔㄥˊ ㄐㄧˋ ㄏㄨㄚˋ	1	15	公務員公文	phrase.government.tsv	2	
中華一番	ㄓㄨㄥ ㄏㄨㄚˊ ㄧ ㄈㄢ	0.009999999999999986	22	動漫	phrase.anime.tsv	74	
中輟預防	ㄓㄨㄥ ㄔㄨㄛˋ ㄩˋ ㄈㄤˊ	1	10	教育	phrase.education.tsv	3	
中野一花	ㄓㄨㄥ ㄧㄝˇ ㄧ ㄏㄨㄚ	0.009999999999999986	18	動漫	phrase.anime.tsv	75	
中野三玖	ㄓㄨㄥ ㄧㄝˇ ㄙㄢ ㄐㄧㄡˇ	0.009999999999999986	14	動漫	phrase.anime.tsv	76	
中野二乃	ㄓㄨㄥ ㄧㄝˇ ㄦˋ ㄋㄞˇ	0.009999999999999986	16	動漫	phrase.anime.tsv	77	
中野五月	ㄓㄨㄥ ㄧㄝˇ ㄨˇ ㄩㄝˋ	0.009999999999999986	11	動漫	phrase.anime.tsv	78	
中野四葉	ㄓㄨㄥ ㄧㄝˇ ㄙˋ ㄧㄝˋ	0.009999999999999986	12	動漫	phrase.anime.tsv	79	
中野梓	ㄓㄨㄥ ㄧㄝˇ ㄗˇ	0.009999999999999986	13	動漫	phrase.anime.tsv	80	
中間人攻擊	ㄓㄨㄥ ㄐㄧㄢ ㄖㄣˊ ㄍㄨㄥ ㄐㄧˊ	1	3	網路資安	phrase.network-security.tsv	7	
串流處理	ㄔㄨㄢˋ ㄌㄧㄡˊ ㄔㄨˇ ㄌㄧˇ	1	11	AI資料科學	phrase.ai-data-science.tsv	3	
丹特麗安	ㄉㄢ ㄊㄜˋ ㄌㄧˋ ㄢ	0.009999999999999986	20	動漫	phrase.anime.tsv	81	
丹生谷森夏	ㄉㄢ ㄕㄥ ㄍㄨˇ ㄙㄣ ㄒㄧㄚˋ	0.009999999999999986	15	動漫	phrase.anime.tsv	82	
主動學習	ㄓㄨˇ ㄉㄨㄥˋ ㄒㄩㄝˊ ㄒㄧˊ	1	11	AI資料科學	phrase.ai-data-science.tsv	4	
主動濾波器	ㄓㄨˇ ㄉㄨㄥˋ ㄌㄩˋ ㄅㄛ ㄑㄧˋ	1	4	電子電機	phrase.electronics.tsv	6	
主動脈剝離	ㄓㄨˇ ㄉㄨㄥˋ ㄇㄞˋ ㄅㄛ ㄌㄧˊ	1	3	醫學	phrase.medicine.tsv	13	
主動脈瓣	ㄓㄨˇ ㄉㄨㄥˋ ㄇㄞˋ ㄅㄢˋ	1	10	醫學	phrase.medicine.tsv	14	
主成分分析	ㄓㄨˇ ㄔㄥˊ ㄈㄣˋ ㄈㄣ ㄒㄧ	1	7	AI資料科學	phrase.ai-data-science.tsv	5	
主生產排程	ㄓㄨˇ ㄕㄥ ㄔㄢˇ ㄆㄞˊ ㄔㄥˊ	1	6	製造機械	phrase.manufacturing.tsv	3	
主要終點	ㄓㄨˇ ㄧㄠˋ ㄓㄨㄥ ㄉㄧㄢˇ	1	12	生技藥學	phrase.biotech-pharma.tsv	3	
主謂句	ㄓㄨˇ ㄨㄟˋ ㄐㄩˋ	1	13	中文	phrase.chinese.tsv	10	
主謂複詞	ㄓㄨˇ ㄨㄟˋ ㄈㄨˋ ㄘˊ	1	13	中文	phrase.chinese.tsv	11	
主資料管理	ㄓㄨˇ ㄗ ㄌㄧㄠˋ ㄍㄨㄢˇ ㄌㄧˇ	1	7	AI資料科學	phrase.ai-data-science.tsv	6	
乃木英樹	ㄋㄞˇ ㄇㄨˋ ㄧㄥ ㄕㄨˋ	0.009999999999999986	14	動漫	phrase.anime.tsv	83	
久世政近	ㄐㄧㄡˇ ㄕˋ ㄓㄥˋ ㄐㄧㄣˋ	0.009999999999999986	19	動漫	phrase.anime.tsv	84	
久保	ㄐㄧㄡˇ ㄅㄠˇ	0.009999999999999986	21	動漫	phrase.anime.tsv	85	
久保明菜	ㄐㄧㄡˇ ㄅㄠˇ ㄇㄧㄥˊ ㄘㄞˋ	0.009999999999999986	13	動漫	phrase.anime.tsv	86	
久保渚咲	ㄐㄧㄡˇ ㄅㄠˇ ㄓㄨˇ ㄒㄧㄠˋ	0.009999999999999986	15	動漫	phrase.anime.tsv	87	
久城一彌	ㄐㄧㄡˇ ㄔㄥˊ ㄧ ㄇㄧˊ	0.009999999999999986	19	動漫	phrase.anime.tsv	88	
久堂清霞	ㄐㄧㄡˇ ㄊㄤˊ ㄑㄧㄥ ㄒㄧㄚˊ	0.009999999999999986	16	動漫	phrase.anime.tsv	89	
久川鐵道	ㄐㄧㄡˇ ㄔㄨㄢ ㄊㄧㄝˇ ㄉㄠˋ	0.009999999999999986	11	動漫	phrase.anime.tsv	90	
久武忍	ㄐㄧㄡˇ ㄨˇ ㄖㄣˇ	0.009999999999999986	16	動漫	phrase.anime.tsv	91	
久留米誠	ㄐㄧㄡˇ ㄌㄧㄡˊ ㄇㄧˇ ㄔㄥˊ	0.009999999999999986	11	動漫	phrase.anime.tsv	92	
之旅	ㄓ ㄌㄩˇ	0.009999999999999986	22	動漫	phrase.anime.tsv	93	
乙事主	ㄧˇ ㄕˋ ㄓㄨˇ	0.009999999999999986	14	動漫	phrase.anime.tsv	96	
乙木守仁	ㄧˇ ㄇㄨˋ ㄕㄡˇ ㄖㄣˊ	0.009999999999999986	18	動漫	phrase.anime.tsv	97	
乙正	ㄧˇ ㄓㄥˋ	0.009999999999999986	11	中文	phrase.chinese.tsv	12	
乙骨憂太	ㄧˇ ㄍㄨˇ ㄧㄡ ㄊㄞˋ	0.009999999999999986	12	動漫	phrase.anime.tsv	98	
九品中正制	ㄐㄧㄡˇ ㄆㄧㄣˇ ㄓㄨㄥ ㄓㄥˋ ㄓˋ	1	4	歷史	phrase.history.tsv	7	
九條可憐	ㄐㄧㄡˇ ㄊㄧㄠˊ ㄎㄜˇ ㄌㄧㄢˊ	0.009999999999999986	10	動漫	phrase.anime.tsv	99	
九能帶刀	ㄐㄧㄡˇ ㄋㄥˊ ㄉㄞˋ ㄉㄠ	0.009999999999999986	14	動漫	phrase.anime.tsv	100	
九頭龍八一	ㄐㄧㄡˇ ㄊㄡˊ ㄌㄨㄥˊ ㄅㄚ ㄧ	0.009999999999999986	17	動漫	phrase.anime.tsv	101	
乳酸脫氫酶	ㄖㄨˇ ㄙㄨㄢ ㄊㄨㄛ ㄑㄧㄥ ㄇㄟˊ	1	6	醫學	phrase.medicine.tsv	16	
乾心壽	ㄍㄢ ㄒㄧㄣ ㄕㄡˋ	0.009999999999999986	15	動漫	phrase.anime.tsv	103	
乾癬性	ㄍㄢ ㄒㄧㄢˇ ㄒㄧㄥˋ	1	10	醫學	phrase.medicine.tsv	17	
乾紗壽葉	ㄍㄢ ㄕㄚ ㄕㄡˋ ㄧㄝˋ	0.009999999999999986	17	動漫	phrase.anime.tsv	104	
亂馬二分之一	ㄌㄨㄢˋ ㄇㄚˇ ㄦˋ ㄈㄣ ㄓ ㄧ	0.009999999999999986	25	動漫	phrase.anime.tsv	105	亂馬1/2
事件應變	ㄕˋ ㄐㄧㄢˋ ㄧㄥˋ ㄅㄧㄢˋ	1	12	網路資安	phrase.network-security.tsv	10	
事件調查	ㄕˋ ㄐㄧㄢˋ ㄉㄧㄠˋ ㄔㄚˊ	1	13	網路資安	phrase.network-security.tsv	11	
事實查核	ㄕˋ ㄕˊ ㄔㄚˊ ㄏㄜˊ	1	12	媒體設計	phrase.media-design.tsv	2	
事業廢棄物	ㄕˋ ㄧㄝˋ ㄈㄟˋ ㄑㄧˋ ㄨˋ	1	5	環境能源	phrase.energy-environment.tsv	4	
二十二歲	ㄦˋ ㄕˊ ㄦˋ ㄙㄨㄟˋ	0.009999999999999986	13	動漫	phrase.anime.tsv	108	
二尖瓣逆流	ㄦˋ ㄐㄧㄢ ㄅㄢˋ ㄋㄧˋ ㄌㄧㄡˊ	1	6	醫學	phrase.medicine.tsv	18	
二手史料	ㄦˋ ㄕㄡˇ ㄕˇ ㄌㄧㄠˋ	1	10	歷史	phrase.history.tsv	8	
二氧化碳焊	ㄦˋ ㄧㄤˇ ㄏㄨㄚˋ ㄊㄢˋ ㄏㄢˋ	1	4	製造機械	phrase.manufacturing.tsv	4	
二海堂晴信	ㄦˋ ㄏㄞˇ ㄊㄤˊ ㄑㄧㄥˊ ㄒㄧㄣˋ	0.009999999999999986	12	動漫	phrase.anime.tsv	109	
二級處理	ㄦˋ ㄐㄧˊ ㄔㄨˇ ㄌㄧˇ	1	11	環境能源	phrase.energy-environment.tsv	6	
二藤宏嵩	ㄦˋ ㄊㄥˊ ㄏㄨㄥˊ ㄙㄨㄥ	0.009999999999999986	17	動漫	phrase.anime.tsv	110	
二藤尚哉	ㄦˋ ㄊㄥˊ ㄕㄤˋ ㄗㄞ	0.009999999999999986	12	動漫	phrase.anime.tsv	111	
二階堂咲	ㄦˋ ㄐㄧㄝ ㄊㄤˊ ㄒㄧㄠˋ	0.009999999999999986	17	動漫	phrase.anime.tsv	112	
二階堂大和	ㄦˋ ㄐㄧㄝ ㄊㄤˊ ㄉㄚˋ ㄏㄜˊ	0.009999999999999986	13	動漫	phrase.anime.tsv	113	
二階電路	ㄦˋ ㄐㄧㄝ ㄉㄧㄢˋ ㄌㄨˋ	1	13	電子電機	phrase.electronics.tsv	8	
二點五維	ㄦˋ ㄉㄧㄢˇ ㄨˇ ㄨㄟˊ	1	11	晶片半導體	phrase.semiconductor.tsv	3	
互動設計	ㄏㄨˋ ㄉㄨㄥˋ ㄕㄜˋ ㄐㄧˋ	1	12	媒體設計	phrase.media-design.tsv	3	
互文性	ㄏㄨˋ ㄨㄣˊ ㄒㄧㄥˋ	1	12	中文	phrase.chinese.tsv	13	
五代裕作	ㄨˇ ㄉㄞˋ ㄩˋ ㄗㄨㄛˋ	0.009999999999999986	15	動漫	phrase.anime.tsv	114	
五十嵐雙葉	ㄨˇ ㄕˊ ㄌㄢˊ ㄕㄨㄤ ㄧㄝˋ	0.009999999999999986	17	動漫	phrase.anime.tsv	115	
五大人格	ㄨˇ ㄉㄚˋ ㄖㄣˊ ㄍㄜˊ	1	10	心理社會	phrase.psychology-society.tsv	2	
五條悟	ㄨˇ ㄊㄧㄠˊ ㄨˋ	0.009999999999999986	17	動漫	phrase.anime.tsv	117	
五條新菜	ㄨˇ ㄊㄧㄠˊ ㄒㄧㄣ ㄘㄞˋ	0.009999999999999986	22	動漫	phrase.anime.tsv	118	
五河士道	ㄨˇ ㄏㄜˊ ㄕˋ ㄉㄠˋ	0.009999999999999986	22	動漫	phrase.anime.tsv	119	
五河琴里	ㄨˇ ㄏㄜˊ ㄑㄧㄣˊ ㄌㄧˇ	0.009999999999999986	15	動漫	phrase.anime.tsv	120	
五等分	ㄨˇ ㄉㄥˇ ㄈㄣ	0.009999999999999986	24	動漫	phrase.anime.tsv	121	
五軸加工	ㄨˇ ㄓㄡˊ ㄐㄧㄚ ㄍㄨㄥ	1	13	製造機械	phrase.manufacturing.tsv	5	
五郎	ㄨˇ ㄌㄤˊ	0.009999999999999986	18	動漫	phrase.anime.tsv	122	
井上織姬	ㄐㄧㄥˇ ㄕㄤˋ ㄓ ㄐㄧ	0.009999999999999986	18	動漫	phrase.anime.tsv	123	
井之上瀧奈	ㄐㄧㄥˇ ㄓ ㄕㄤˋ ㄌㄨㄥˊ ㄋㄞˋ	0.009999999999999986	19	動漫	phrase.anime.tsv	124	
井之原真人	ㄐㄧㄥˇ ㄓ ㄩㄢˊ ㄓㄣ ㄖㄣˊ	0.009999999999999986	12	動漫	phrase.anime.tsv	125	
亞也子	ㄧㄚˇ ㄧㄝˇ ㄗ˙	0.009999999999999986	11	動漫	phrase.anime.tsv	126	
亞伯特	ㄧㄚˇ ㄅㄛˊ ㄊㄜˋ	0.009999999999999986	17	動漫	phrase.anime.tsv	127	
亞修	ㄧㄚˇ ㄒㄧㄡ	0.009999999999999986	12	動漫	phrase.anime.tsv	128	
亞修林克斯	ㄧㄚˇ ㄒㄧㄡ ㄌㄧㄣˊ ㄎㄜˋ ㄙ	0.009999999999999986	21	動漫	phrase.anime.tsv	129	
亞可卡嘉莉	ㄧㄚˇ ㄎㄜˇ ㄎㄚˇ ㄐㄧㄚ ㄌㄧˋ	0.009999999999999986	19	動漫	phrase.anime.tsv	130	
亞左弔兵衛	ㄧㄚˇ ㄗㄨㄛˇ ㄉㄧㄠˋ ㄅㄧㄥ ㄨㄟˋ	0.009999999999999986	14	動漫	phrase.anime.tsv	131	
亞拉斯特爾	ㄧㄚˇ ㄌㄚ ㄙ ㄊㄜˋ ㄦˇ	0.009999999999999986	16	動漫	phrase.anime.tsv	132	
亞斯塔	ㄧㄚˇ ㄙ ㄊㄚˇ	0.009999999999999986	21	動漫	phrase.anime.tsv	133	
亞森羅蘋	ㄧㄚˇ ㄙㄣ ㄌㄨㄛˊ ㄆㄧㄥˊ	0.009999999999999986	11	動漫	phrase.anime.tsv	134	
亞爾加德	ㄧㄚˇ ㄦˇ ㄐㄧㄚ ㄉㄜˊ	0.009999999999999986	11	動漫	phrase.anime.tsv	135	
亞瑟波義耳	ㄧㄚˇ ㄙㄜˋ ㄅㄛ ㄧˋ ㄦˇ	0.009999999999999986	17	動漫	phrase.anime.tsv	136	
亞白米娜	ㄧㄚˇ ㄅㄞˊ ㄇㄧˇ ㄋㄚˋ	0.009999999999999986	18	動漫	phrase.anime.tsv	138	
亞童木	ㄧㄚˇ ㄊㄨㄥˊ ㄇㄨˋ	0.009999999999999986	17	動漫	phrase.anime.tsv	139	
亞細亞實	ㄧㄚˇ ㄒㄧˋ ㄧㄚˇ ㄕˊ	0.009999999999999986	14	動漫	phrase.anime.tsv	140	
亞絲娜	ㄧㄚˇ ㄙ ㄋㄚˋ	0.009999999999999986	21	動漫	phrase.anime.tsv	141	
亞連沃克	ㄧㄚˇ ㄌㄧㄢˊ ㄨㄛˋ ㄎㄜˋ	0.009999999999999986	18	動漫	phrase.anime.tsv	142	
亞魯雷特	ㄧㄚˇ ㄌㄨˇ ㄌㄟˊ ㄊㄜˋ	0.009999999999999986	19	動漫	phrase.anime.tsv	143	
交互詰問	ㄐㄧㄠ ㄏㄨˋ ㄐㄧㄝˊ ㄨㄣˋ	1	10	法律	phrase.law.tsv	14	
交叉驗證	ㄐㄧㄠ ㄔㄚ ㄧㄢˋ ㄓㄥˋ	1	10	AI資料科學	phrase.ai-data-science.tsv	7	
交換契約	ㄐㄧㄠ ㄏㄨㄢˋ ㄑㄧˋ ㄩㄝ	1	11	財會金融	phrase.finance.tsv	4	
交換式電源	ㄐㄧㄠ ㄏㄨㄢˋ ㄕˋ ㄉㄧㄢˋ ㄩㄢˊ	1	4	電子電機	phrase.electronics.tsv	9	
交通偵測器	ㄐㄧㄠ ㄊㄨㄥ ㄓㄣ ㄘㄜˋ ㄑㄧˋ	1	5	交通物流	phrase.transport-logistics.tsv	4	
交通壅塞	ㄐㄧㄠ ㄊㄨㄥ ㄩㄥ ㄙㄜˋ	1	12	交通物流	phrase.transport-logistics.tsv	5	
交通工程	ㄐㄧㄠ ㄊㄨㄥ ㄍㄨㄥ ㄔㄥˊ	1	13	交通物流	phrase.transport-logistics.tsv	6	
交通控制	ㄐㄧㄠ ㄊㄨㄥ ㄎㄨㄥˋ ㄓˋ	1	13	交通物流	phrase.transport-logistics.tsv	7	
交通模型	ㄐㄧㄠ ㄊㄨㄥ ㄇㄛˊ ㄒㄧㄥˊ	1	13	交通物流	phrase.transport-logistics.tsv	8	
交通規劃	ㄐㄧㄠ ㄊㄨㄥ ㄍㄨㄟ ㄏㄨㄚˋ	1	13	交通物流	phrase.transport-logistics.tsv	9	
交響詩篇	ㄐㄧㄠ ㄒㄧㄤˇ ㄕ ㄆㄧㄢ	0.009999999999999986	18	動漫	phrase.anime.tsv	146	
亥姆霍茲	ㄏㄞˋ ㄇㄨˇ ㄏㄨㄛˋ ㄗ	1	11	科學	phrase.science.tsv	5	
人事案件	ㄖㄣˊ ㄕˋ ㄢˋ ㄐㄧㄢˋ	1	15	公務員公文	phrase.government.tsv	4	
人力優化	ㄖㄣˊ ㄌㄧˋ ㄧㄡ ㄏㄨㄚˋ	1	11	商業	phrase.business.tsv	3	
人力分析	ㄖㄣˊ ㄌㄧˋ ㄈㄣ ㄒㄧ	1	12	商業	phrase.business.tsv	4	
人力成本	ㄖㄣˊ ㄌㄧˋ ㄔㄥˊ ㄅㄣˇ	1	11	商業	phrase.business.tsv	5	
人力盤點	ㄖㄣˊ ㄌㄧˋ ㄆㄢˊ ㄉㄧㄢˇ	1	11	商業	phrase.business.tsv	6	
人力策略	ㄖㄣˊ ㄌㄧˋ ㄘㄜˋ ㄌㄩㄝˋ	1	11	商業	phrase.business.tsv	7	
人力管理	ㄖㄣˊ ㄌㄧˋ ㄍㄨㄢˇ ㄌㄧˇ	1	12	商業	phrase.business.tsv	8	
人力規劃	ㄖㄣˊ ㄌㄧˋ ㄍㄨㄟ ㄏㄨㄚˋ	1	12	商業	phrase.business.tsv	9	
人力預測	ㄖㄣˊ ㄌㄧˋ ㄩˋ ㄘㄜˋ	1	11	商業	phrase.business.tsv	10	
人口學	ㄖㄣˊ ㄎㄡˇ ㄒㄩㄝˊ	1	12	心理社會	phrase.psychology-society.tsv	3	
人口轉型	ㄖㄣˊ ㄎㄡˇ ㄓㄨㄢˇ ㄒㄧㄥˊ	1	12	心理社會	phrase.psychology-society.tsv	4	
人口遷移	ㄖㄣˊ ㄎㄡˇ ㄑㄧㄢ ㄧˊ	1	12	心理社會	phrase.psychology-society.tsv	5	
人員流動率	ㄖㄣˊ ㄩㄢˊ ㄌㄧㄡˊ ㄉㄨㄥˋ ㄌㄩˋ	1	5	商業	phrase.business.tsv	11	
人因工程	ㄖㄣˊ ㄧㄣ ㄍㄨㄥ ㄔㄥˊ	1	11	工業工程	phrase.industrial-engineering.tsv	4	
人因設計	ㄖㄣˊ ㄧㄣ ㄕㄜˋ ㄐㄧˋ	1	12	工業工程	phrase.industrial-engineering.tsv	5	
人才招募	ㄖㄣˊ ㄘㄞˊ ㄓㄠ ㄇㄨˋ	1	11	商業	phrase.business.tsv	12	
人才發展	ㄖㄣˊ ㄘㄞˊ ㄈㄚ ㄓㄢˇ	1	11	商業	phrase.business.tsv	13	
人才盤點	ㄖㄣˊ ㄘㄞˊ ㄆㄢˊ ㄉㄧㄢˇ	1	11	商業	phrase.business.tsv	14	
人格心理學	ㄖㄣˊ ㄍㄜˊ ㄒㄧㄣ ㄌㄧˇ ㄒㄩㄝˊ	1	4	心理社會	phrase.psychology-society.tsv	6	
人格特質	ㄖㄣˊ ㄍㄜˊ ㄊㄜˋ ㄓˊ	1	11	心理社會	phrase.psychology-society.tsv	7	
人權教育	ㄖㄣˊ ㄑㄩㄢˊ ㄐㄧㄠˋ ㄩˋ	1	11	教育	phrase.education.tsv	4	
人生清單	ㄖㄣˊ ㄕㄥ ㄑㄧㄥ ㄉㄢ	0.009999999999999986	13	動漫	phrase.anime.tsv	149	
人臉辨識	ㄖㄣˊ ㄌㄧㄢˇ ㄅㄧㄢˋ ㄕˋ	1	14	AI資料科學	phrase.ai-data-science.tsv	9	
人衣一體	ㄖㄣˊ ㄧ ㄧ ㄊㄧˇ	0.009999999999999986	13	動漫	phrase.anime.tsv	150	
仁坂悠介	ㄖㄣˊ ㄅㄢˇ ㄧㄡ ㄐㄧㄝˋ	0.009999999999999986	11	動漫	phrase.anime.tsv	152	
今井綠	ㄐㄧㄣ ㄐㄧㄥˇ ㄌㄩˋ	0.009999999999999986	11	動漫	phrase.anime.tsv	153	
今村耕平	ㄐㄧㄣ ㄘㄨㄣ ㄍㄥ ㄆㄧㄥˊ	0.009999999999999986	17	動漫	phrase.anime.tsv	155	
今泉俊輔	ㄐㄧㄣ ㄑㄩㄢˊ ㄐㄩㄣˋ ㄈㄨˇ	0.009999999999999986	15	動漫	phrase.anime.tsv	156	
介入術	ㄐㄧㄝˋ ㄖㄨˋ ㄕㄨˋ	1	12	醫學	phrase.medicine.tsv	21	
介電材料	ㄐㄧㄝˋ ㄉㄧㄢˋ ㄘㄞˊ ㄌㄧㄠˋ	1	12	材料化工	phrase.materials-chemistry.tsv	2	
仙石翔	ㄒㄧㄢ ㄕˊ ㄒㄧㄤˊ	0.009999999999999986	12	動漫	phrase.anime.tsv	157	
代理制度	ㄉㄞˋ ㄌㄧˇ ㄓˋ ㄉㄨˋ	1	11	法律	phrase.law.tsv	15	
代理式	ㄉㄞˋ ㄌㄧˇ ㄕˋ	1	11	AI資料科學	phrase.ai-data-science.tsv	11	
代表性捷思	ㄉㄞˋ ㄅㄧㄠˇ ㄒㄧㄥˋ ㄐㄧㄝˊ ㄙ	1	4	心理社會	phrase.psychology-society.tsv	8	
代謝工程	ㄉㄞˋ ㄒㄧㄝˋ ㄍㄨㄥ ㄔㄥˊ	1	11	生技藥學	phrase.biotech-pharma.tsv	5	
代謝體學	ㄉㄞˋ ㄒㄧㄝˋ ㄊㄧˇ ㄒㄩㄝˊ	1	11	生技藥學	phrase.biotech-pharma.tsv	6	
令咒	ㄌㄧㄥˋ ㄓㄡˋ	0.009999999999999986	14	動漫	phrase.anime.tsv	159	
以太幣	ㄧˇ ㄊㄞˋ ㄅㄧˋ	1	12	一般	phrase.general.tsv	6	
以爺爺	ㄧˇ ㄧㄝˊ ㄧㄝˊ	0.009999999999999986	14	動漫	phrase.anime.tsv	160	
仲村由理	ㄓㄨㄥˋ ㄘㄨㄣ ㄧㄡˊ ㄌㄧˇ	0.009999999999999986	18	動漫	phrase.anime.tsv	161	
任務完成	ㄖㄣˋ ㄨˋ ㄨㄢˊ ㄔㄥˊ	0.009999999999999986	12	動漫	phrase.anime.tsv	162	
仿擬	ㄈㄤˇ ㄋㄧˇ	1	11	中文	phrase.chinese.tsv	14	
企業治理	ㄑㄧˋ ㄧㄝˋ ㄓˋ ㄌㄧˇ	1	12	商業	phrase.business.tsv	16	
伊井野御子	ㄧ ㄐㄧㄥˇ ㄧㄝˇ ㄩˋ ㄗ˙	0.009999999999999986	12	動漫	phrase.anime.tsv	163	
伊佐木要	ㄧ ㄗㄨㄛˇ ㄇㄨˋ ㄧㄠˋ	0.009999999999999986	12	動漫	phrase.anime.tsv	164	
伊佐那社	ㄧ ㄗㄨㄛˇ ㄋㄚˋ ㄕㄜˋ	0.009999999999999986	17	動漫	phrase.anime.tsv	165	
伊原摩耶花	ㄧ ㄩㄢˊ ㄇㄛˊ ㄧㄝ ㄏㄨㄚ	0.009999999999999986	15	動漫	phrase.anime.tsv	166	
伊吹風子	ㄧ ㄔㄨㄟ ㄈㄥ ㄗ˙	0.009999999999999986	11	動漫	phrase.anime.tsv	167	
伊地知星歌	ㄧ ㄉㄧˋ ㄓ ㄒㄧㄥ ㄍㄜ	0.009999999999999986	14	動漫	phrase.anime.tsv	168	
伊地知虹夏	ㄧ ㄉㄧˋ ㄓ ㄏㄨㄥˊ ㄒㄧㄚˋ	0.009999999999999986	20	動漫	phrase.anime.tsv	169	
伊斯蘭興起	ㄧ ㄙ ㄌㄢˊ ㄒㄧㄥ ㄑㄧˇ	1	3	歷史	phrase.history.tsv	10	
伊芙加登	ㄧ ㄈㄨˊ ㄐㄧㄚ ㄉㄥ	0.009999999999999986	23	動漫	phrase.anime.tsv	170	
伊莉娜	ㄧ ㄌㄧˋ ㄋㄚˋ	0.009999999999999986	11	動漫	phrase.anime.tsv	171	
伊莉雅	ㄧ ㄌㄧˋ ㄧㄚˇ	0.009999999999999986	19	動漫	phrase.anime.tsv	173	
伊莉雅珊瑚	ㄧ ㄌㄧˋ ㄧㄚˇ ㄕㄢ ㄏㄨˊ	0.009999999999999986	13	動漫	phrase.anime.tsv	174	
伊莎貝拉	ㄧ ㄕㄚ ㄅㄟˋ ㄌㄚ	0.009999999999999986	15	動漫	phrase.anime.tsv	175	
伊藤開司	ㄧ ㄊㄥˊ ㄎㄞ ㄙ	0.009999999999999986	20	動漫	phrase.anime.tsv	176	
伊麗莎白	ㄧ ㄌㄧˋ ㄕㄚ ㄅㄞˊ	0.009999999999999986	18	動漫	phrase.anime.tsv	177	
伏見猿比古	ㄈㄨˊ ㄐㄧㄢˋ ㄩㄢˊ ㄅㄧˇ ㄍㄨˇ	0.009999999999999986	9	動漫	phrase.anime.tsv	178	
伏黑惠	ㄈㄨˊ ㄏㄟ ㄏㄨㄟˋ	0.009999999999999986	22	動漫	phrase.anime.tsv	179	
休安	ㄒㄧㄡ ㄢ	0.009999999999999986	17	動漫	phrase.anime.tsv	180	
伯羅奔尼撒	ㄅㄛˊ ㄌㄨㄛˊ ㄅㄣ ㄋㄧˊ ㄙㄚ	1	4	歷史	phrase.history.tsv	11	
伯雷亞斯	ㄅㄛˊ ㄌㄟˊ ㄧㄚˇ ㄙ	0.009999999999999986	15	動漫	phrase.anime.tsv	181	
伸縮裝置	ㄕㄣ ㄙㄨㄛ ㄓㄨㄤ ㄓˋ	1	10	建築土木	phrase.civil-engineering.tsv	3	
伺服器晶片	ㄙˋ ㄈㄨˊ ㄑㄧˋ ㄐㄧㄥ ㄆㄧㄢˋ	1	8	一般	phrase.general.tsv	7	
伺服器稽核	ㄙˋ ㄈㄨˊ ㄑㄧˋ ㄐㄧ ㄏㄜˊ	1	4	網路資安	phrase.network-security.tsv	13	
伺服馬達	ㄙˋ ㄈㄨˊ ㄇㄚˇ ㄉㄚˊ	1	10	電子電機	phrase.electronics.tsv	10	
位元率	ㄨㄟˋ ㄩㄢˊ ㄌㄩˋ	1	10	媒體設計	phrase.media-design.tsv	5	
位置編碼	ㄨㄟˋ ㄓˋ ㄅㄧㄢ ㄇㄚˇ	1	11	AI資料科學	phrase.ai-data-science.tsv	12	
位障	ㄨㄟˋ ㄓㄤˋ	1	9	晶片半導體	phrase.semiconductor.tsv	4	
低下症	ㄉㄧ ㄒㄧㄚˋ ㄓㄥˋ	1	10	醫學	phrase.medicine.tsv	22	
低介電	ㄉㄧ ㄐㄧㄝˋ ㄉㄧㄢˋ	1	12	晶片半導體	phrase.semiconductor.tsv	5	
低壓差	ㄉㄧ ㄧㄚ ㄔㄚˋ	1	10	電子電機	phrase.electronics.tsv	11	
低擬真原型	ㄉㄧ ㄋㄧˇ ㄓㄣ ㄩㄢˊ ㄒㄧㄥˊ	1	5	媒體設計	phrase.media-design.tsv	6	
低秩適配	ㄉㄧ ㄓˋ ㄕˋ ㄆㄟˋ	1	12	AI資料科學	phrase.ai-data-science.tsv	13	
低衝擊開發	ㄉㄧ ㄔㄨㄥ ㄐㄧˊ ㄎㄞ ㄈㄚ	1	5	建築土木	phrase.civil-engineering.tsv	4	
低通濾波器	ㄉㄧ ㄊㄨㄥ ㄌㄩˋ ㄅㄛ ㄑㄧˋ	1	5	電子電機	phrase.electronics.tsv	12	
佐佐原宗平	ㄗㄨㄛˇ ㄗㄨㄛˇ ㄩㄢˊ ㄗㄨㄥ ㄆㄧㄥˊ	0.009999999999999986	12	動漫	phrase.anime.tsv	182	
佐佐木	ㄗㄨㄛˇ ㄗㄨㄛˇ ㄇㄨˋ	0.009999999999999986	12	動漫	phrase.anime.tsv	183	
佐倉千代	ㄗㄨㄛˇ ㄘㄤ ㄑㄧㄢ ㄉㄞˋ	0.009999999999999986	18	動漫	phrase.anime.tsv	184	
佐倉慈	ㄗㄨㄛˇ ㄘㄤ ㄘˊ	0.009999999999999986	11	動漫	phrase.anime.tsv	185	
佐倉杏子	ㄗㄨㄛˇ ㄘㄤ ㄒㄧㄥˋ ㄗˇ	0.009999999999999986	14	動漫	phrase.anime.tsv	186	
佐切	ㄗㄨㄛˇ ㄑㄧㄝˋ	0.009999999999999986	16	動漫	phrase.anime.tsv	187	
佐原美代子	ㄗㄨㄛˇ ㄩㄢˊ ㄇㄟˇ ㄉㄞˋ ㄗˇ	0.009999999999999986	13	動漫	phrase.anime.tsv	188	
佐古下柳	ㄗㄨㄛˇ ㄍㄨˇ ㄒㄧㄚˋ ㄌㄧㄡˇ	0.009999999999999986	15	動漫	phrase.anime.tsv	189	
佐天淚子	ㄗㄨㄛˇ ㄊㄧㄢ ㄌㄟˋ ㄗ˙	0.009999999999999986	15	動漫	phrase.anime.tsv	190	
佐田恭也	ㄗㄨㄛˇ ㄊㄧㄢˊ ㄍㄨㄥ ㄧㄝˇ	0.009999999999999986	15	動漫	phrase.anime.tsv	191	
佐藤和真	ㄗㄨㄛˇ ㄊㄥˊ ㄏㄜˊ ㄓㄣ	0.009999999999999986	23	動漫	phrase.anime.tsv	192	
佐藤壽也	ㄗㄨㄛˇ ㄊㄥˊ ㄕㄡˋ ㄧㄝˇ	0.009999999999999986	15	動漫	phrase.anime.tsv	193	
佐藤正男	ㄗㄨㄛˇ ㄊㄥˊ ㄓㄥˋ ㄋㄢˊ	0.009999999999999986	12	動漫	phrase.anime.tsv	194	
佐藤真冬	ㄗㄨㄛˇ ㄊㄥˊ ㄓㄣ ㄉㄨㄥ	0.009999999999999986	18	動漫	phrase.anime.tsv	195	
佐賀	ㄗㄨㄛˇ ㄏㄜˋ	0.009999999999999986	22	動漫	phrase.anime.tsv	196	
佐野萬次郎	ㄗㄨㄛˇ ㄧㄝˇ ㄨㄢˋ ㄘˋ ㄌㄤˊ	0.009999999999999986	19	動漫	phrase.anime.tsv	197	
佛朗基	ㄈㄛˊ ㄌㄤˇ ㄐㄧ	0.009999999999999986	10	動漫	phrase.anime.tsv	198	
佛爾帕斯塔	ㄈㄛˊ ㄦˇ ㄆㄚˋ ㄙ ㄊㄚˇ	0.009999999999999986	17	動漫	phrase.anime.tsv	199	
作品研究	ㄗㄨㄛˋ ㄆㄧㄣˇ ㄧㄢˊ ㄐㄧㄡˋ	1	22	中文	phrase.chinese.tsv	16	
作業研究	ㄗㄨㄛˋ ㄧㄝˋ ㄧㄢˊ ㄐㄧㄡˋ	1	12	工業工程	phrase.industrial-engineering.tsv	8	
作業風險	ㄗㄨㄛˋ ㄧㄝˋ ㄈㄥ ㄒㄧㄢˇ	1	12	財會金融	phrase.finance.tsv	7	
作物育種	ㄗㄨㄛˋ ㄨˋ ㄩˋ ㄓㄨㄥˇ	1	15	農業食品	phrase.agriculture-food.tsv	2	
你已經死了	ㄋㄧˇ ㄧˇ ㄐㄧㄥ ㄙˇ ㄌㄜ˙	0.009999999999999986	13	動漫	phrase.anime.tsv	200	
你的名字	ㄋㄧˇ ㄉㄜ˙ ㄇㄧㄥˊ ㄗˋ	0.009999999999999986	28	動漫	phrase.anime.tsv	202	
你的名字是	ㄋㄧˇ ㄉㄜ˙ ㄇㄧㄥˊ ㄗˋ ㄕˋ	0.009999999999999986	16	動漫	phrase.anime.tsv	203	
你的謊言	ㄋㄧˇ ㄉㄜ˙ ㄏㄨㄤˇ ㄧㄢˊ	0.009999999999999986	14	動漫	phrase.anime.tsv	204	
併網保護	ㄅㄧㄥˋ ㄨㄤˇ ㄅㄠˇ ㄏㄨˋ	1	11	環境能源	phrase.energy-environment.tsv	7	
使用後釋放	ㄕˇ ㄩㄥˋ ㄏㄡˋ ㄕˋ ㄈㄤˋ	1	6	網路資安	phrase.network-security.tsv	15	
使用權資產	ㄕˇ ㄩㄥˋ ㄑㄩㄢˊ ㄗ ㄔㄢˇ	1	3	財會金融	phrase.finance.tsv	8	
使用者旅程	ㄕˇ ㄩㄥˋ ㄓㄜˇ ㄌㄩˇ ㄔㄥˊ	1	5	媒體設計	phrase.media-design.tsv	8	
使用者研究	ㄕˇ ㄩㄥˋ ㄓㄜˇ ㄧㄢˊ ㄐㄧㄡˋ	1	5	媒體設計	phrase.media-design.tsv	9	
使用者訪談	ㄕˇ ㄩㄥˋ ㄓㄜˇ ㄈㄤˇ ㄊㄢˊ	1	5	媒體設計	phrase.media-design.tsv	10	
來堂	ㄌㄞˊ ㄊㄤˊ	0.009999999999999986	15	動漫	phrase.anime.tsv	205	
來自深淵	ㄌㄞˊ ㄗˋ ㄕㄣ ㄩㄢ	0.009999999999999986	22	動漫	phrase.anime.tsv	207	
侍奉社	ㄕˋ ㄈㄥˋ ㄕㄜˋ	0.009999999999999986	13	動漫	phrase.anime.tsv	208	
供應商管理	ㄍㄨㄥ ㄧㄥˋ ㄕㄤ ㄍㄨㄢˇ ㄌㄧˇ	1	5	商業	phrase.business.tsv	17	
供應鏈	ㄍㄨㄥ ㄧㄥˋ ㄌㄧㄢˋ	1	16	商業	phrase.business.tsv	18	
供應鏈優化	ㄍㄨㄥ ㄧㄥˋ ㄌㄧㄢˋ ㄧㄡ ㄏㄨㄚˋ	1	4	商業	phrase.business.tsv	19	
供應鏈分析	ㄍㄨㄥ ㄧㄥˋ ㄌㄧㄢˋ ㄈㄣ ㄒㄧ	1	5	商業	phrase.business.tsv	20	
供應鏈攻擊	ㄍㄨㄥ ㄧㄥˋ ㄌㄧㄢˋ ㄍㄨㄥ ㄐㄧˊ	1	4	網路資安	phrase.network-security.tsv	18	
供應鏈物流	ㄍㄨㄥ ㄧㄥˋ ㄌㄧㄢˋ ㄨˋ ㄌㄧㄡˊ	1	4	交通物流	phrase.transport-logistics.tsv	10	
供應鏈稽核	ㄍㄨㄥ ㄧㄥˋ ㄌㄧㄢˋ ㄐㄧ ㄏㄜˊ	1	4	網路資安	phrase.network-security.tsv	19	
供應鏈策略	ㄍㄨㄥ ㄧㄥˋ ㄌㄧㄢˋ ㄘㄜˋ ㄌㄩㄝˋ	1	4	商業	phrase.business.tsv	21	
供應鏈管理	ㄍㄨㄥ ㄧㄥˋ ㄌㄧㄢˋ ㄍㄨㄢˇ ㄌㄧˇ	1	5	商業	phrase.business.tsv	22	
供應鏈規劃	ㄍㄨㄥ ㄧㄥˋ ㄌㄧㄢˋ ㄍㄨㄟ ㄏㄨㄚˋ	1	5	商業	phrase.business.tsv	23	
供應鏈韌性	ㄍㄨㄥ ㄧㄥˋ ㄌㄧㄢˋ ㄖㄣˋ ㄒㄧㄥˋ	1	4	商業	phrase.business.tsv	24	
供應鏈預測	ㄍㄨㄥ ㄧㄥˋ ㄌㄧㄢˋ ㄩˋ ㄘㄜˋ	1	4	商業	phrase.business.tsv	25	
供應鏈風險	ㄍㄨㄥ ㄧㄥˋ ㄌㄧㄢˋ ㄈㄥ ㄒㄧㄢˇ	1	4	商業	phrase.business.tsv	26	
依法令行為	ㄧ ㄈㄚˇ ㄌㄧㄥˋ ㄒㄧㄥˊ ㄨㄟˋ	1	4	法律	phrase.law.tsv	16	
依附理論	ㄧ ㄈㄨˋ ㄌㄧˇ ㄌㄨㄣˋ	1	10	心理社會	phrase.psychology-society.tsv	9	
侵權行為	ㄑㄧㄣ ㄑㄩㄢˊ ㄒㄧㄥˊ ㄨㄟˊ	1	10	法律	phrase.law.tsv	17	
侵略地上	ㄑㄧㄣ ㄌㄩㄝˋ ㄉㄧˋ ㄕㄤˋ	0.009999999999999986	12	動漫	phrase.anime.tsv	210	
侵略藍星	ㄑㄧㄣ ㄌㄩㄝˋ ㄌㄢˊ ㄒㄧㄥ	0.009999999999999986	13	動漫	phrase.anime.tsv	211	
促銷活動	ㄘㄨˋ ㄒㄧㄠ ㄏㄨㄛˊ ㄉㄨㄥˋ	1	11	商業	phrase.business.tsv	27	
保全程序	ㄅㄠˇ ㄑㄩㄢˊ ㄔㄥˊ ㄒㄩˋ	1	10	法律	phrase.law.tsv	18	
保坂	ㄅㄠˇ ㄅㄢˇ	0.009999999999999986	11	動漫	phrase.anime.tsv	213	
保守力	ㄅㄠˇ ㄕㄡˇ ㄌㄧˋ	1	11	科學	phrase.science.tsv	6	
保甲制度	ㄅㄠˇ ㄐㄧㄚˇ ㄓˋ ㄉㄨˋ	1	10	歷史	phrase.history.tsv	12	
保登心愛	ㄅㄠˇ ㄉㄥ ㄒㄧㄣ ㄞˋ	0.009999999999999986	19	動漫	phrase.anime.tsv	214	
保科宗四郎	ㄅㄠˇ ㄎㄜ ㄗㄨㄥ ㄙˋ ㄌㄤˊ	0.009999999999999986	12	動漫	phrase.anime.tsv	215	
保稅工廠	ㄅㄠˇ ㄕㄨㄟˋ ㄍㄨㄥ ㄔㄤˇ	1	10	交通物流	phrase.transport-logistics.tsv	11	
保育室	ㄅㄠˇ ㄩˋ ㄕˋ	0.009999999999999986	11	動漫	phrase.anime.tsv	217	
保護接地	ㄅㄠˇ ㄏㄨˋ ㄐㄧㄝ ㄉㄧˋ	1	12	電子電機	phrase.electronics.tsv	13	
保護設計	ㄅㄠˇ ㄏㄨˋ ㄕㄜˋ ㄐㄧˋ	1	19	電子電機	phrase.electronics.tsv	14	
俟核定後	ㄑㄧˊ ㄏㄜˊ ㄉㄧㄥˋ ㄏㄡˋ	1	10	公務員公文	phrase.government.tsv	7	
俠義小說	ㄒㄧㄚˊ ㄧˋ ㄒㄧㄠˇ ㄕㄨㄛ	1	10	中文	phrase.chinese.tsv	17	
信用利差	ㄒㄧㄣˋ ㄩㄥˋ ㄌㄧˋ ㄔㄚˋ	1	11	財會金融	phrase.finance.tsv	10	
信用評等	ㄒㄧㄣˋ ㄩㄥˋ ㄆㄧㄥˊ ㄉㄥˇ	1	11	財會金融	phrase.finance.tsv	11	
修坦費爾德	ㄒㄧㄡ ㄊㄢˇ ㄈㄟˋ ㄦˇ ㄉㄜˊ	0.009999999999999986	15	動漫	phrase.anime.tsv	218	
修塔爾克	ㄒㄧㄡ ㄊㄚˇ ㄦˇ ㄎㄜˋ	0.009999999999999986	18	動漫	phrase.anime.tsv	219	
修格連氏症	ㄒㄧㄡ ㄍㄜˊ ㄌㄧㄢˊ ㄕˋ ㄓㄥˋ	1	5	醫學	phrase.medicine.tsv	23	
修羅	ㄒㄧㄡ ㄌㄨㄛˊ	0.009999999999999986	10	動漫	phrase.anime.tsv	221	
修補管理	ㄒㄧㄡ ㄅㄨˇ ㄍㄨㄢˇ ㄌㄧˇ	1	12	網路資安	phrase.network-security.tsv	20	
修雷因	ㄒㄧㄡ ㄌㄟˊ ㄧㄣ	0.009999999999999986	10	動漫	phrase.anime.tsv	222	
俺物語	ㄢˇ ㄨˋ ㄩˇ	0.009999999999999986	20	動漫	phrase.anime.tsv	223	俺物語!!
倉位管理	ㄘㄤ ㄨㄟˋ ㄍㄨㄢˇ ㄌㄧˇ	1	12	交通物流	phrase.transport-logistics.tsv	12	
倉儲管理	ㄘㄤ ㄔㄨˊ ㄍㄨㄢˇ ㄌㄧˇ	1	12	交通物流	phrase.transport-logistics.tsv	13	
倉儲規劃	ㄘㄤ ㄔㄨˊ ㄍㄨㄟ ㄏㄨㄚˋ	1	11	工業工程	phrase.industrial-engineering.tsv	10	
倉嶋千百合	ㄘㄤ ㄉㄠˇ ㄑㄧㄢ ㄅㄞˇ ㄏㄜˊ	0.009999999999999986	14	動漫	phrase.anime.tsv	224	
倉持洋一	ㄘㄤ ㄔˊ ㄧㄤˊ ㄧ	0.009999999999999986	11	動漫	phrase.anime.tsv	225	
個人申請	ㄍㄜˋ ㄖㄣˊ ㄕㄣ ㄑㄧㄥˇ	1	30	一般	phrase.general.tsv	8	
個別化	ㄍㄜˋ ㄅㄧㄝˊ ㄏㄨㄚˋ	1	14	教育	phrase.education.tsv	5	
個別化教學	ㄍㄜˋ ㄅㄧㄝˊ ㄏㄨㄚˋ ㄐㄧㄠ ㄒㄩㄝˊ	1	4	教育	phrase.education.tsv	6	
倒文	ㄉㄠˋ ㄨㄣˊ	0.009999999999999986	12	中文	phrase.chinese.tsv	18	
借代	ㄐㄧㄝˋ ㄉㄞˋ	0.009999999999999986	11	中文	phrase.chinese.tsv	19	
借喻	ㄐㄧㄝˋ ㄩˋ	1	11	中文	phrase.chinese.tsv	20	
借物	ㄐㄧㄝˋ ㄨˋ	0.009999999999999986	22	動漫	phrase.anime.tsv	227	
借物少女	ㄐㄧㄝˋ ㄨˋ ㄕㄠˋ ㄋㄩˇ	0.009999999999999986	21	動漫	phrase.anime.tsv	228	
借貸法則	ㄐㄧㄝˋ ㄉㄞˋ ㄈㄚˇ ㄗㄜˊ	1	10	財會金融	phrase.finance.tsv	14	
假設檢定	ㄐㄧㄚˇ ㄕㄜˋ ㄐㄧㄢˇ ㄉㄧㄥˋ	1	11	工業工程	phrase.industrial-engineering.tsv	11	
假設複句	ㄐㄧㄚˇ ㄕㄜˋ ㄈㄨˋ ㄐㄩˋ	1	11	中文	phrase.chinese.tsv	21	
偏好最佳化	ㄆㄧㄢ ㄏㄠˋ ㄗㄨㄟˋ ㄐㄧㄚ ㄏㄨㄚˋ	1	4	AI資料科學	phrase.ai-data-science.tsv	15	
偏差行為	ㄆㄧㄢ ㄔㄚ ㄒㄧㄥˊ ㄨㄟˊ	1	10	心理社會	phrase.psychology-society.tsv	10	
偏正複句	ㄆㄧㄢ ㄓㄥˋ ㄈㄨˋ ㄐㄩˋ	1	11	中文	phrase.chinese.tsv	22	
偏正複詞	ㄆㄧㄢ ㄓㄥˋ ㄈㄨˋ ㄘˊ	1	11	中文	phrase.chinese.tsv	23	
偏義複詞	ㄆㄧㄢ ㄧˋ ㄈㄨˋ ㄘˊ	1	11	中文	phrase.chinese.tsv	24	
偏誤分析	ㄆㄧㄢ ㄨˋ ㄈㄣ ㄒㄧ	1	15	AI資料科學	phrase.ai-data-science.tsv	17	
健康心理學	ㄐㄧㄢˋ ㄎㄤ ㄒㄧㄣ ㄌㄧˇ ㄒㄩㄝˊ	1	5	心理社會	phrase.psychology-society.tsv	11	
健康與體育	ㄐㄧㄢˋ ㄎㄤ ㄩˇ ㄊㄧˇ ㄩˋ	1	9	教育	phrase.education.tsv	7	
側索	ㄘㄜˋ ㄙㄨㄛˇ	0.009999999999999986	10	醫學	phrase.medicine.tsv	24	
偵測回應	ㄓㄣ ㄘㄜˋ ㄏㄨㄟˊ ㄧㄥˋ	1	13	網路資安	phrase.network-security.tsv	22	
偶像大師	ㄡˇ ㄒㄧㄤˋ ㄉㄚˋ ㄕ	0.009999999999999986	22	動漫	phrase.anime.tsv	231	
偽造文書罪	ㄨㄟˋ ㄗㄠˋ ㄨㄣˊ ㄕㄨ ㄗㄨㄟˋ	1	3	法律	phrase.law.tsv	22	
傑圖亞	ㄐㄧㄝˊ ㄊㄨˊ ㄧㄚˇ	0.009999999999999986	13	動漫	phrase.anime.tsv	232	
傑特布萊克	ㄐㄧㄝˊ ㄊㄜˋ ㄅㄨˋ ㄌㄞˊ ㄎㄜˋ	0.009999999999999986	17	動漫	phrase.anime.tsv	233	
傑瑞米亞	ㄐㄧㄝˊ ㄖㄨㄟˋ ㄇㄧˇ ㄧㄚˇ	0.009999999999999986	12	動漫	phrase.anime.tsv	234	
傑諾斯	ㄐㄧㄝˊ ㄋㄨㄛˋ ㄙ	0.009999999999999986	20	動漫	phrase.anime.tsv	235	
備品管理	ㄅㄟˋ ㄆㄧㄣˇ ㄍㄨㄢˇ ㄌㄧˇ	1	16	製造機械	phrase.manufacturing.tsv	8	
備轉容量	ㄅㄟˋ ㄓㄨㄢˇ ㄖㄨㄥˊ ㄌㄧㄤˋ	1	12	環境能源	phrase.energy-environment.tsv	8	
傳奇劇本	ㄔㄨㄢˊ ㄑㄧˊ ㄐㄩˋ ㄅㄣˇ	1	11	中文	phrase.chinese.tsv	25	
傳導干擾	ㄔㄨㄢˊ ㄉㄠˇ ㄍㄢ ㄖㄠˇ	1	10	電子電機	phrase.electronics.tsv	15	
傳聞法則	ㄔㄨㄢˊ ㄨㄣˊ ㄈㄚˇ ㄗㄜˊ	1	10	法律	phrase.law.tsv	23	
傳輸層	ㄔㄨㄢˊ ㄕㄨ ㄘㄥˊ	1	10	晶片半導體	phrase.semiconductor.tsv	9	
傳遞函數	ㄔㄨㄢˊ ㄉㄧˋ ㄏㄢˊ ㄕㄨˋ	1	11	電子電機	phrase.electronics.tsv	16	
傳遞現象	ㄔㄨㄢˊ ㄉㄧˋ ㄒㄧㄢˋ ㄒㄧㄤˋ	1	11	材料化工	phrase.materials-chemistry.tsv	4	
債券市場	ㄓㄞˋ ㄑㄩㄢˋ ㄕˋ ㄔㄤˇ	1	11	財會金融	phrase.finance.tsv	15	
債務不履行	ㄓㄞˋ ㄨˋ ㄅㄨˋ ㄌㄩˇ ㄒㄧㄥˊ	1	4	法律	phrase.law.tsv	24	
債務承擔	ㄓㄞˋ ㄨˋ ㄔㄥˊ ㄉㄢ	1	11	法律	phrase.law.tsv	25	
債權行為	ㄓㄞˋ ㄑㄩㄢˊ ㄒㄧㄥˊ ㄨㄟˊ	1	10	法律	phrase.law.tsv	26	
債權讓與	ㄓㄞˋ ㄑㄩㄢˊ ㄖㄤˋ ㄩˇ	1	10	法律	phrase.law.tsv	27	
價值主張	ㄐㄧㄚˋ ㄓˊ ㄓㄨˇ ㄓㄤ	1	12	商業	phrase.business.tsv	29	
價值鏈分析	ㄐㄧㄚˋ ㄓˊ ㄌㄧㄢˋ ㄈㄣ ㄒㄧ	1	6	商業	phrase.business.tsv	30	
價金	ㄐㄧㄚˋ ㄐㄧㄣ	1	11	公務員公文	phrase.government.tsv	10	
儀表放大器	ㄧˊ ㄅㄧㄠˇ ㄈㄤˋ ㄉㄚˋ ㄑㄧˋ	1	2	電子電機	phrase.electronics.tsv	17	
優娜	ㄧㄡ ㄋㄚˋ	0.009999999999999986	20	動漫	phrase.anime.tsv	237	
優效性試驗	ㄧㄡ ㄒㄧㄠˋ ㄒㄧㄥˋ ㄕˋ ㄧㄢˋ	1	5	生技藥學	phrase.biotech-pharma.tsv	7	
儲位管理	ㄔㄨˊ ㄨㄟˋ ㄍㄨㄢˇ ㄌㄧˇ	1	12	交通物流	phrase.transport-logistics.tsv	16	
儲能	ㄔㄨˇ ㄋㄥˊ	1	12	環境能源	phrase.energy-environment.tsv	9	
儲能系統	ㄔㄨˇ ㄋㄥˊ ㄒㄧˋ ㄊㄨㄥˇ	1	12	環境能源	phrase.energy-environment.tsv	10	
元件庫	ㄩㄢˊ ㄐㄧㄢˋ ㄎㄨˋ	1	10	媒體設計	phrase.media-design.tsv	12	
元首制	ㄩㄢˊ ㄕㄡˇ ㄓˋ	1	11	歷史	phrase.history.tsv	14	
充電器校正	ㄔㄨㄥ ㄉㄧㄢˋ ㄑㄧˋ ㄐㄧㄠˋ ㄓㄥˋ	1	2	電子電機	phrase.electronics.tsv	19	
充電器模擬	ㄔㄨㄥ ㄉㄧㄢˋ ㄑㄧˋ ㄇㄛˊ ㄋㄧˇ	1	3	電子電機	phrase.electronics.tsv	20	
充電器設計	ㄔㄨㄥ ㄉㄧㄢˋ ㄑㄧˋ ㄕㄜˋ ㄐㄧˋ	1	5	電子電機	phrase.electronics.tsv	21	
充電器量測	ㄔㄨㄥ ㄉㄧㄢˋ ㄑㄧˋ ㄌㄧㄤˊ ㄘㄜˋ	1	2	電子電機	phrase.electronics.tsv	22	
充電器除錯	ㄔㄨㄥ ㄉㄧㄢˋ ㄑㄧˋ ㄔㄨˊ ㄘㄨㄛˋ	1	2	電子電機	phrase.electronics.tsv	23	
充電器驗證	ㄔㄨㄥ ㄉㄧㄢˋ ㄑㄧˋ ㄧㄢˋ ㄓㄥˋ	1	2	電子電機	phrase.electronics.tsv	24	
先到期先出	ㄒㄧㄢ ㄉㄠˋ ㄑㄧ ㄒㄧㄢ ㄔㄨ	1	3	交通物流	phrase.transport-logistics.tsv	17	
先導化合物	ㄒㄧㄢ ㄉㄠˇ ㄏㄨㄚˋ ㄏㄜˊ ㄨˋ	1	3	生技藥學	phrase.biotech-pharma.tsv	9	
先島光	ㄒㄧㄢ ㄉㄠˇ ㄍㄨㄤ	0.009999999999999986	18	動漫	phrase.anime.tsv	240	
先進製程	ㄒㄧㄢ ㄐㄧㄣˋ ㄓˋ ㄔㄥˊ	1	22	一般	phrase.general.tsv	12	
光二極體	ㄍㄨㄤ ㄦˋ ㄐㄧˊ ㄊㄧˇ	1	12	電子電機	phrase.electronics.tsv	25	
光學顯微鏡	ㄍㄨㄤ ㄒㄩㄝˊ ㄒㄧㄢˇ ㄨㄟˊ ㄐㄧㄥˋ	1	3	材料化工	phrase.materials-chemistry.tsv	5	
光秀	ㄍㄨㄤ ㄒㄧㄡˋ	0.009999999999999986	14	動漫	phrase.anime.tsv	241	
光罩	ㄍㄨㄤ ㄓㄠˋ	0.009999999999999986	14	晶片半導體	phrase.semiconductor.tsv	12	
光耦合器	ㄍㄨㄤ ㄡˇ ㄏㄜˊ ㄑㄧˋ	1	12	電子電機	phrase.electronics.tsv	26	
光電工程	ㄍㄨㄤ ㄉㄧㄢˋ ㄍㄨㄥ ㄔㄥˊ	1	11	電子電機	phrase.electronics.tsv	27	
光電材料	ㄍㄨㄤ ㄉㄧㄢˋ ㄘㄞˊ ㄌㄧㄠˋ	1	10	材料化工	phrase.materials-chemistry.tsv	6	
克努特	ㄎㄜˋ ㄋㄨˇ ㄊㄜˋ	0.009999999999999986	15	動漫	phrase.anime.tsv	242	
克勞迪亞	ㄎㄜˋ ㄌㄠˊ ㄉㄧˊ ㄧㄚˇ	0.009999999999999986	17	動漫	phrase.anime.tsv	243	
克希荷夫	ㄎㄜˋ ㄒㄧ ㄏㄜˊ ㄈㄨ	1	12	電子電機	phrase.electronics.tsv	28	
克彥	ㄎㄜˋ ㄧㄢˋ	0.009999999999999986	15	動漫	phrase.anime.tsv	244	
克林	ㄎㄜˋ ㄌㄧㄣˊ	0.009999999999999986	17	動漫	phrase.anime.tsv	246	
克洛伊	ㄎㄜˋ ㄌㄨㄛˋ ㄧ	0.009999999999999986	13	動漫	phrase.anime.tsv	247	
克洛迪娜	ㄎㄜˋ ㄌㄨㄛˋ ㄉㄧˊ ㄋㄚˋ	0.009999999999999986	12	動漫	phrase.anime.tsv	248	
克羅姆	ㄎㄜˋ ㄌㄨㄛˊ ㄇㄨˇ	0.009999999999999986	13	動漫	phrase.anime.tsv	249	
克羅涅	ㄎㄜˋ ㄌㄨㄛˊ ㄋㄧㄝˋ	0.009999999999999986	13	動漫	phrase.anime.tsv	250	
克萊	ㄎㄜˋ ㄌㄞˊ	0.009999999999999986	20	動漫	phrase.anime.tsv	251	
克萊因	ㄎㄜˋ ㄌㄞˊ ㄧㄣ	0.009999999999999986	18	動漫	phrase.anime.tsv	252	
克蕾雅	ㄎㄜˋ ㄌㄟˇ ㄧㄚˇ	0.009999999999999986	11	動漫	phrase.anime.tsv	253	
克里夫	ㄎㄜˋ ㄌㄧˇ ㄈㄨ	0.009999999999999986	13	動漫	phrase.anime.tsv	254	
克雷佛塞特	ㄎㄜˋ ㄌㄟˊ ㄈㄛˊ ㄙㄜˋ ㄊㄜˋ	0.009999999999999986	13	動漫	phrase.anime.tsv	255	
克雷夫	ㄎㄜˋ ㄌㄟˊ ㄈㄨ	0.009999999999999986	11	動漫	phrase.anime.tsv	256	
克魯斯克爾	ㄎㄜˋ ㄌㄨˇ ㄙ ㄎㄜˋ ㄦˇ	1	4	軟體科學	phrase.software.tsv	10	
克魯茲威巴	ㄎㄜˋ ㄌㄨˇ ㄗ ㄨㄟ ㄅㄚ	0.009999999999999986	13	動漫	phrase.anime.tsv	257	
免運	ㄇㄧㄢˇ ㄩㄣˋ	1	32	一般	phrase.general.tsv	13	
兒島弘道	ㄦˊ ㄉㄠˇ ㄏㄨㄥˊ ㄉㄠˋ	0.009999999999999986	15	動漫	phrase.anime.tsv	258	
入侵指標	ㄖㄨˋ ㄑㄧㄣ ㄓˇ ㄅㄧㄠ	1	11	網路資安	phrase.network-security.tsv	26	
入滲設施	ㄖㄨˋ ㄕㄣˋ ㄕㄜˋ ㄕ	1	10	建築土木	phrase.civil-engineering.tsv	8	
內固定術	ㄋㄟˋ ㄍㄨˋ ㄉㄧㄥˋ ㄕㄨˋ	1	11	醫學	phrase.medicine.tsv	29	
內圓磨削	ㄋㄟˋ ㄩㄢˊ ㄇㄛˊ ㄒㄩㄝ	1	13	製造機械	phrase.manufacturing.tsv	9	
內在動機	ㄋㄟˋ ㄗㄞˋ ㄉㄨㄥˋ ㄐㄧ	1	11	教育	phrase.education.tsv	8	
內容效度	ㄋㄟˋ ㄖㄨㄥˊ ㄒㄧㄠˋ ㄉㄨˋ	1	12	教育	phrase.education.tsv	9	
內容行銷	ㄋㄟˋ ㄖㄨㄥˊ ㄒㄧㄥˊ ㄒㄧㄠ	1	12	商業	phrase.business.tsv	31	
內控	ㄋㄟˋ ㄎㄨㄥˋ	1	13	心理社會	phrase.psychology-society.tsv	12	
內海將	ㄋㄟˋ ㄏㄞˇ ㄐㄧㄤ	0.009999999999999986	14	動漫	phrase.anime.tsv	259	
內藤鈴	ㄋㄟˋ ㄊㄥˊ ㄌㄧㄥˊ	0.009999999999999986	19	動漫	phrase.anime.tsv	260	
內視鏡止血	ㄋㄟˋ ㄕˋ ㄐㄧㄥˋ ㄓˇ ㄒㄧㄝˇ	1	3	醫學	phrase.medicine.tsv	32	
內質網	ㄋㄟˋ ㄓˋ ㄨㄤˇ	1	13	科學	phrase.science.tsv	7	
內部報酬率	ㄋㄟˋ ㄅㄨˋ ㄅㄠˋ ㄔㄡˊ ㄌㄩˋ	1	4	財會金融	phrase.finance.tsv	16	
內部批判	ㄋㄟˋ ㄅㄨˋ ㄆㄧ ㄆㄢˋ	1	11	歷史	phrase.history.tsv	15	
內部控制	ㄋㄟˋ ㄅㄨˋ ㄎㄨㄥˋ ㄓˋ	1	12	商業	phrase.business.tsv	32	
內部稽核	ㄋㄟˋ ㄅㄨˋ ㄐㄧ ㄏㄜˊ	1	11	商業	phrase.business.tsv	33	
內閣制度	ㄋㄟˋ ㄍㄜˊ ㄓˋ ㄉㄨˋ	1	10	歷史	phrase.history.tsv	16	
全基因體	ㄑㄩㄢˊ ㄐㄧ ㄧㄣ ㄊㄧˇ	1	13	生技藥學	phrase.biotech-pharma.tsv	11	
全橋轉換器	ㄑㄩㄢˊ ㄑㄧㄠˊ ㄓㄨㄢˇ ㄏㄨㄢˋ ㄑㄧˋ	1	6	電子電機	phrase.electronics.tsv	29	
全清	ㄑㄩㄢˊ ㄑㄧㄥ	1	13	中文	phrase.chinese.tsv	26	
全濁	ㄑㄩㄢˊ ㄓㄨㄛˊ	1	13	中文	phrase.chinese.tsv	27	
全球史	ㄑㄩㄢˊ ㄑㄧㄡˊ ㄕˇ	1	12	歷史	phrase.history.tsv	17	
全球素養	ㄑㄩㄢˊ ㄑㄧㄡˊ ㄙㄨˋ ㄧㄤˇ	1	12	教育	phrase.education.tsv	10	
全站儀測量	ㄑㄩㄢˊ ㄓㄢˋ ㄧˊ ㄘㄜˋ ㄌㄧㄤˊ	1	6	建築土木	phrase.civil-engineering.tsv	9	
全英語教學	ㄑㄩㄢˊ ㄧㄥ ㄩˇ ㄐㄧㄠ ㄒㄩㄝˊ	1	6	教育	phrase.education.tsv	11	
全集中	ㄑㄩㄢˊ ㄐㄧˊ ㄓㄨㄥ	0.009999999999999986	16	動漫	phrase.anime.tsv	261	
兩儀式	ㄌㄧㄤˇ ㄧˊ ㄕˋ	0.009999999999999986	20	動漫	phrase.anime.tsv	262	
兩極體系	ㄌㄧㄤˇ ㄐㄧˊ ㄊㄧˇ ㄒㄧˋ	1	10	歷史	phrase.history.tsv	18	
兩步驟驗證	ㄌㄧㄤˇ ㄅㄨˋ ㄓㄡˋ ㄧㄢˋ ㄓㄥˋ	1	8	一般	phrase.general.tsv	14	
兩津勘吉	ㄌㄧㄤˇ ㄐㄧㄣ ㄎㄢ ㄐㄧˊ	0.009999999999999986	24	動漫	phrase.anime.tsv	263	
兩稅法	ㄌㄧㄤˇ ㄕㄨㄟˋ ㄈㄚˇ	1	13	歷史	phrase.history.tsv	19	
兩面宿儺	ㄌㄧㄤˇ ㄇㄧㄢˋ ㄙㄨˋ ㄋㄨㄛˊ	0.009999999999999986	15	動漫	phrase.anime.tsv	264	
八九寺真宵	ㄅㄚ ㄐㄧㄡˇ ㄙˋ ㄓㄣ ㄒㄧㄠ	0.009999999999999986	16	動漫	phrase.anime.tsv	265	
八奈見杏菜	ㄅㄚ ㄋㄞˋ ㄐㄧㄢˋ ㄒㄧㄥˋ ㄘㄞˋ	0.009999999999999986	17	動漫	phrase.anime.tsv	266	
八尋寧寧	ㄅㄚ ㄒㄩㄣˊ ㄋㄧㄥˊ ㄋㄧㄥˊ	0.009999999999999986	17	動漫	phrase.anime.tsv	267	
八王子直人	ㄅㄚ ㄨㄤˊ ㄗˇ ㄓˊ ㄖㄣˊ	0.009999999999999986	15	動漫	phrase.anime.tsv	268	
八神光	ㄅㄚ ㄕㄣˊ ㄍㄨㄤ	0.009999999999999986	15	動漫	phrase.anime.tsv	269	
八神太一	ㄅㄚ ㄕㄣˊ ㄊㄞˋ ㄧ	0.009999999999999986	22	動漫	phrase.anime.tsv	270	
八神疾風	ㄅㄚ ㄕㄣˊ ㄐㄧˊ ㄈㄥ	0.009999999999999986	14	動漫	phrase.anime.tsv	271	
八聲	ㄅㄚ ㄕㄥ	1	12	中文	phrase.chinese.tsv	28	
八軒勇吾	ㄅㄚ ㄒㄩㄢ ㄩㄥˇ ㄨˊ	0.009999999999999986	20	動漫	phrase.anime.tsv	272	
公共史學	ㄍㄨㄥ ㄍㄨㄥˋ ㄕˇ ㄒㄩㄝˊ	1	12	歷史	phrase.history.tsv	20	
公共議題	ㄍㄨㄥ ㄍㄨㄥˋ ㄧˋ ㄊㄧˊ	1	12	心理社會	phrase.psychology-society.tsv	13	
公同共有	ㄍㄨㄥ ㄊㄨㄥˊ ㄍㄨㄥˋ ㄧㄡˇ	1	13	法律	phrase.law.tsv	28	
公安九課	ㄍㄨㄥ ㄢ ㄐㄧㄡˇ ㄎㄜˋ	0.009999999999999986	13	動漫	phrase.anime.tsv	273	
公差堆疊	ㄍㄨㄥ ㄔㄞ ㄉㄨㄟ ㄉㄧㄝˊ	1	9	製造機械	phrase.manufacturing.tsv	11	
公差配合	ㄍㄨㄥ ㄔㄞ ㄆㄟˋ ㄏㄜˊ	1	10	製造機械	phrase.manufacturing.tsv	12	
公案小說	ㄍㄨㄥ ㄢˋ ㄒㄧㄠˇ ㄕㄨㄛ	1	10	中文	phrase.chinese.tsv	29	
公路車	ㄍㄨㄥ ㄌㄨˋ ㄔㄜ	0.009999999999999986	12	動漫	phrase.anime.tsv	274	
公路運輸	ㄍㄨㄥ ㄌㄨˋ ㄩㄣˋ ㄕㄨ	1	11	交通物流	phrase.transport-logistics.tsv	18	
公車系統	ㄍㄨㄥ ㄔㄜ ㄒㄧˋ ㄊㄨㄥˇ	1	12	交通物流	phrase.transport-logistics.tsv	20	
公開授課	ㄍㄨㄥ ㄎㄞ ㄕㄡˋ ㄎㄜˋ	1	12	教育	phrase.education.tsv	12	
公開金鑰	ㄍㄨㄥ ㄎㄞ ㄐㄧㄣ ㄧㄠˋ	1	12	網路資安	phrase.network-security.tsv	27	
六合塚彌生	ㄌㄧㄡˋ ㄏㄜˊ ㄓㄨㄥˇ ㄇㄧˊ ㄕㄥ	0.009999999999999986	13	動漫	phrase.anime.tsv	275	
六彌凪	ㄌㄧㄡˋ ㄇㄧˊ ㄓˇ	0.009999999999999986	8	動漫	phrase.anime.tsv	276	
六文	ㄌㄧㄡˋ ㄨㄣˊ	0.009999999999999986	13	動漫	phrase.anime.tsv	277	
六標準差	ㄌㄧㄡˋ ㄅㄧㄠ ㄓㄨㄣˇ ㄔㄚ	1	13	工業工程	phrase.industrial-engineering.tsv	13	
六道輪迴	ㄌㄧㄡˋ ㄉㄠˋ ㄌㄨㄣˊ ㄏㄨㄟˊ	0.009999999999999986	17	動漫	phrase.anime.tsv	278	
六道骸	ㄌㄧㄡˋ ㄉㄠˋ ㄏㄞˊ	0.009999999999999986	10	動漫	phrase.anime.tsv	279	
共享機車	ㄍㄨㄥˋ ㄒㄧㄤˇ ㄐㄧ ㄔㄜ	1	12	一般	phrase.general.tsv	16	
共享經濟	ㄍㄨㄥˋ ㄒㄧㄤˇ ㄐㄧㄥ ㄐㄧˋ	1	9	一般	phrase.general.tsv	17	
共享運具	ㄍㄨㄥˋ ㄒㄧㄤˇ ㄩㄣˋ ㄐㄩˋ	1	11	交通物流	phrase.transport-logistics.tsv	21	
共同基金	ㄍㄨㄥˋ ㄊㄨㄥˊ ㄐㄧ ㄐㄧㄣ	1	12	財會金融	phrase.finance.tsv	17	
共同正犯	ㄍㄨㄥˋ ㄊㄨㄥˊ ㄓㄥˋ ㄈㄢˋ	1	12	法律	phrase.law.tsv	30	
共基極	ㄍㄨㄥˋ ㄐㄧ ㄐㄧˊ	1	12	電子電機	phrase.electronics.tsv	30	
共射極	ㄍㄨㄥˋ ㄕㄜˋ ㄐㄧˊ	1	12	電子電機	phrase.electronics.tsv	31	
共晶反應	ㄍㄨㄥˋ ㄐㄧㄥ ㄈㄢˇ ㄧㄥˋ	1	12	材料化工	phrase.materials-chemistry.tsv	7	
共源極	ㄍㄨㄥˋ ㄩㄢˊ ㄐㄧˊ	1	12	電子電機	phrase.electronics.tsv	32	
共閘極	ㄍㄨㄥˋ ㄓㄚˊ ㄐㄧˊ	1	12	電子電機	phrase.electronics.tsv	33	
共集極	ㄍㄨㄥˋ ㄐㄧˊ ㄐㄧˊ	1	12	電子電機	phrase.electronics.tsv	34	
兵役制度	ㄅㄧㄥ ㄧˋ ㄓˋ ㄉㄨˋ	1	11	歷史	phrase.history.tsv	22	
兵藤和尊	ㄅㄧㄥ ㄊㄥˊ ㄏㄜˊ ㄗㄨㄣ	0.009999999999999986	15	動漫	phrase.anime.tsv	280	
其他權益	ㄑㄧˊ ㄊㄚ ㄑㄩㄢˊ ㄧˋ	1	12	財會金融	phrase.finance.tsv	18	
兼語句	ㄐㄧㄢ ㄩˇ ㄐㄩˋ	1	11	中文	phrase.chinese.tsv	30	
冊封體制	ㄘㄜˋ ㄈㄥ ㄊㄧˇ ㄓˋ	1	10	歷史	phrase.history.tsv	23	
再借不難	ㄗㄞˋ ㄐㄧㄝˋ ㄅㄨˋ ㄋㄢˊ	0.009999999999999986	15	動漫	phrase.anime.tsv	281	
再審之訴	ㄗㄞˋ ㄕㄣˇ ㄓ ㄙㄨˋ	1	10	法律	phrase.law.tsv	31	
再現性	ㄗㄞˋ ㄒㄧㄢˋ ㄒㄧㄥˋ	1	12	工業工程	phrase.industrial-engineering.tsv	14	
再生能源	ㄗㄞˋ ㄕㄥ ㄋㄥˊ ㄩㄢˊ	1	32	一般	phrase.general.tsv	18	
冬彌	ㄉㄨㄥ ㄇㄧˊ	0.009999999999999986	9	動漫	phrase.anime.tsv	282	
冬月梓	ㄉㄨㄥ ㄩㄝˋ ㄗˇ	0.009999999999999986	17	動漫	phrase.anime.tsv	283	
冬獅郎	ㄉㄨㄥ ㄕ ㄌㄤˊ	0.009999999999999986	10	動漫	phrase.anime.tsv	284	
冬胺酸	ㄉㄨㄥ ㄢˋ ㄙㄨㄢ	1	12	醫學	phrase.medicine.tsv	35	
冰上的尤里	ㄅㄧㄥ ㄕㄤˋ ㄉㄜ˙ ㄧㄡˊ ㄌㄧˇ	0.009999999999999986	22	動漫	phrase.anime.tsv	285	
冰菓	ㄅㄧㄥ ㄍㄨㄛˇ	0.009999999999999986	24	動漫	phrase.anime.tsv	286	
冷鏈物流	ㄌㄥˇ ㄌㄧㄢˋ ㄨˋ ㄌㄧㄡˊ	1	11	交通物流	phrase.transport-logistics.tsv	22	
凍晶製劑	ㄉㄨㄥˋ ㄐㄧㄥ ㄓˋ ㄐㄧˋ	1	11	生技藥學	phrase.biotech-pharma.tsv	12	
凍結乾燥	ㄉㄨㄥˋ ㄐㄧㄝˊ ㄍㄢ ㄗㄠˋ	1	14	農業食品	phrase.agriculture-food.tsv	3	
凝態物理	ㄋㄧㄥˊ ㄊㄞˋ ㄨˋ ㄌㄧˇ	1	11	科學	phrase.science.tsv	8	
凝膠電泳	ㄋㄧㄥˊ ㄐㄧㄠ ㄉㄧㄢˋ ㄩㄥˇ	1	11	生技藥學	phrase.biotech-pharma.tsv	13	
凝血酶原	ㄋㄧㄥˊ ㄒㄧㄝˇ ㄇㄟˊ ㄩㄢˊ	1	12	醫學	phrase.medicine.tsv	37	
凡爾賽體系	ㄈㄢˊ ㄦˇ ㄙㄞˋ ㄊㄧˇ ㄒㄧˋ	1	3	歷史	phrase.history.tsv	24	
凪誠士郎	ㄓˇ ㄔㄥˊ ㄕˋ ㄌㄤˊ	0.009999999999999986	17	動漫	phrase.anime.tsv	287	
凸守早苗	ㄊㄨˊ ㄕㄡˇ ㄗㄠˇ ㄇㄧㄠˊ	0.009999999999999986	12	動漫	phrase.anime.tsv	288	
出口智志	ㄔㄨ ㄎㄡˇ ㄓˋ ㄓˋ	0.009999999999999986	12	動漫	phrase.anime.tsv	289	
出租女友	ㄔㄨ ㄗㄨ ㄋㄩˇ ㄧㄡˇ	0.009999999999999986	12	動漫	phrase.anime.tsv	291	
出貨檢驗	ㄔㄨ ㄏㄨㄛˋ ㄐㄧㄢˇ ㄧㄢˋ	1	11	製造機械	phrase.manufacturing.tsv	13	
出雲風子	ㄔㄨ ㄩㄣˊ ㄈㄥ ㄗ˙	0.009999999999999986	15	動漫	phrase.anime.tsv	292	
函式呼叫	ㄏㄢˊ ㄕˋ ㄏㄨ ㄐㄧㄠˋ	1	10	AI資料科學	phrase.ai-data-science.tsv	19	
函復	ㄏㄢˊ ㄈㄨˋ	0.009999999999999986	23	公務員公文	phrase.government.tsv	16	
函知	ㄏㄢˊ ㄓ	1	14	公務員公文	phrase.government.tsv	17	
函轉	ㄏㄢˊ ㄓㄨㄢˇ	1	14	公務員公文	phrase.government.tsv	18	
刀具壽命	ㄉㄠ ㄐㄩˋ ㄕㄡˋ ㄇㄧㄥˋ	1	9	製造機械	phrase.manufacturing.tsv	14	
刀具磨耗	ㄉㄠ ㄐㄩˋ ㄇㄛˊ ㄏㄠˋ	1	10	製造機械	phrase.manufacturing.tsv	15	
刀劍神域	ㄉㄠ ㄐㄧㄢˋ ㄕㄣˊ ㄩˋ	0.009999999999999986	26	動漫	phrase.anime.tsv	293	
刃牙	ㄖㄣˋ ㄧㄚˊ	0.009999999999999986	21	動漫	phrase.anime.tsv	294	
分別共有	ㄈㄣ ㄅㄧㄝˊ ㄍㄨㄥˋ ㄧㄡˇ	1	12	法律	phrase.law.tsv	32	
分封制度	ㄈㄣ ㄈㄥ ㄓˋ ㄉㄨˋ	1	10	歷史	phrase.history.tsv	25	
分層抽樣	ㄈㄣ ㄘㄥˊ ㄔㄡ ㄧㄤˋ	1	10	AI資料科學	phrase.ai-data-science.tsv	20	
分布體積	ㄈㄣ ㄅㄨˋ ㄊㄧˇ ㄐㄧ	1	11	生技藥學	phrase.biotech-pharma.tsv	14	
分散式系統	ㄈㄣ ㄙㄢˋ ㄕˋ ㄒㄧˋ ㄊㄨㄥˇ	1	24	軟體科學	phrase.software.tsv	12	
分散式能源	ㄈㄣ ㄙㄢˋ ㄕˋ ㄋㄥˊ ㄩㄢˊ	1	3	環境能源	phrase.energy-environment.tsv	11	
分流制	ㄈㄣ ㄌㄧㄡˊ ㄓˋ	1	10	建築土木	phrase.civil-engineering.tsv	13	
分裂互補	ㄈㄣ ㄌㄧㄝˋ ㄏㄨˋ ㄅㄨˇ	1	11	媒體設計	phrase.media-design.tsv	13	
分頻	ㄈㄣ ㄆㄧㄣˊ	1	11	電子電機	phrase.electronics.tsv	35	
分類械鬥	ㄈㄣ ㄌㄟˋ ㄒㄧㄝˋ ㄉㄡˋ	1	11	歷史	phrase.history.tsv	26	
分類模型	ㄈㄣ ㄌㄟˋ ㄇㄛˊ ㄒㄧㄥˊ	1	15	AI資料科學	phrase.ai-data-science.tsv	23	
切削加工	ㄑㄧㄝ ㄒㄧㄠ ㄐㄧㄚ ㄍㄨㄥ	1	9	製造機械	phrase.manufacturing.tsv	16	
切削深度	ㄑㄧㄝ ㄒㄧㄠ ㄕㄣ ㄉㄨˋ	1	10	製造機械	phrase.manufacturing.tsv	17	
切屑控制	ㄑㄧㄝ ㄒㄧㄝˋ ㄎㄨㄥˋ ㄓˋ	1	13	製造機械	phrase.manufacturing.tsv	18	
切換損耗	ㄑㄧㄝ ㄏㄨㄢˋ ㄙㄨㄣˇ ㄏㄠˋ	1	10	電子電機	phrase.electronics.tsv	36	
切除術	ㄑㄧㄝ ㄔㄨˊ ㄕㄨˋ	1	13	醫學	phrase.medicine.tsv	40	
切韻	ㄑㄧㄝˋ ㄩㄣˋ	1	12	中文	phrase.chinese.tsv	31	
刑法總則	ㄒㄧㄥˊ ㄈㄚˇ ㄗㄨㄥˇ ㄗㄜˊ	1	10	法律	phrase.law.tsv	34	
列管案件	ㄌㄧㄝˋ ㄍㄨㄢˇ ㄢˋ ㄐㄧㄢˋ	1	15	公務員公文	phrase.government.tsv	20	
列車控制	ㄌㄧㄝˋ ㄔㄜ ㄎㄨㄥˋ ㄓˋ	1	11	交通物流	phrase.transport-logistics.tsv	23	
初春飾利	ㄔㄨ ㄔㄨㄣ ㄕˋ ㄌㄧˋ	0.009999999999999986	17	動漫	phrase.anime.tsv	295	
初級市場	ㄔㄨ ㄐㄧˊ ㄕˋ ㄔㄤˇ	1	11	財會金融	phrase.finance.tsv	19	
初級社會化	ㄔㄨ ㄐㄧˊ ㄕㄜˋ ㄏㄨㄟˋ ㄏㄨㄚˋ	1	2	心理社會	phrase.psychology-society.tsv	14	
初級處理	ㄔㄨ ㄐㄧˊ ㄔㄨˇ ㄌㄧˇ	1	11	環境能源	phrase.energy-environment.tsv	12	
利姆路	ㄌㄧˋ ㄇㄨˇ ㄌㄨˋ	0.009999999999999986	23	動漫	phrase.anime.tsv	296	
利根川幸雄	ㄌㄧˋ ㄍㄣ ㄔㄨㄢ ㄒㄧㄥˋ ㄒㄩㄥˊ	0.009999999999999986	17	動漫	phrase.anime.tsv	297	
利率風險	ㄌㄧˋ ㄌㄩˋ ㄈㄥ ㄒㄧㄢˇ	1	11	財會金融	phrase.finance.tsv	21	
利迪	ㄌㄧˋ ㄉㄧˊ	0.009999999999999986	14	動漫	phrase.anime.tsv	298	
到我	ㄉㄠˋ ㄨㄛˇ	0.009999999999999986	19	動漫	phrase.anime.tsv	299	
到期殖利率	ㄉㄠˋ ㄑㄧˊ ㄓˊ ㄌㄧˋ ㄌㄩˋ	1	3	財會金融	phrase.finance.tsv	22	
制震設計	ㄓˋ ㄓㄣˋ ㄕㄜˋ ㄐㄧˋ	1	13	建築土木	phrase.civil-engineering.tsv	14	
刺激素	ㄘˋ ㄐㄧ ㄙㄨˋ	1	12	醫學	phrase.medicine.tsv	41	
前列腺肥大	ㄑㄧㄢˊ ㄌㄧㄝˋ ㄒㄧㄢˋ ㄈㄟˊ ㄉㄚˋ	1	3	醫學	phrase.medicine.tsv	42	
前原圭一	ㄑㄧㄢˊ ㄩㄢˊ ㄍㄨㄟ ㄧ	0.009999999999999986	20	動漫	phrase.anime.tsv	300	
前川未來	ㄑㄧㄢˊ ㄔㄨㄢ ㄨㄟˋ ㄌㄞˊ	0.009999999999999986	11	動漫	phrase.anime.tsv	301	
前端應用	ㄑㄧㄢˊ ㄉㄨㄢ ㄧㄥˋ ㄩㄥˋ	1	11	軟體科學	phrase.software.tsv	14	
前端服務	ㄑㄧㄢˊ ㄉㄨㄢ ㄈㄨˊ ㄨˋ	1	24	軟體科學	phrase.software.tsv	15	
前綴微調	ㄑㄧㄢˊ ㄓㄨㄟˋ ㄨㄟˊ ㄊㄧㄠˊ	1	13	AI資料科學	phrase.ai-data-science.tsv	25	
前置	ㄑㄧㄢˊ ㄓˋ	0.009999999999999986	12	工業工程	phrase.industrial-engineering.tsv	16	
前臨床試驗	ㄑㄧㄢˊ ㄌㄧㄣˊ ㄔㄨㄤˊ ㄕˋ ㄧㄢˋ	1	6	生技藥學	phrase.biotech-pharma.tsv	16	
前輩有夠煩	ㄑㄧㄢˊ ㄅㄟˋ ㄧㄡˇ ㄍㄡˋ ㄈㄢˊ	0.009999999999999986	19	動漫	phrase.anime.tsv	303	
前饋控制	ㄑㄧㄢˊ ㄎㄨㄟˋ ㄎㄨㄥˋ ㄓˋ	1	14	電子電機	phrase.electronics.tsv	37	
剎那艾弗塞耶	ㄔㄚˋ ㄋㄚˋ ㄞˋ ㄈㄨˊ ㄙㄜˋ ㄧㄝ	0.009999999999999986	20	動漫	phrase.anime.tsv	305	剎那F塞耶
剛力	ㄍㄤ ㄌㄧˋ	0.009999999999999986	14	動漫	phrase.anime.tsv	306	
剛性路面	ㄍㄤ ㄒㄧㄥˋ ㄌㄨˋ ㄇㄧㄢˋ	1	9	建築土木	phrase.civil-engineering.tsv	15	
剛田猛男	ㄍㄤ ㄊㄧㄢˊ ㄇㄥˇ ㄋㄢˊ	0.009999999999999986	18	動漫	phrase.anime.tsv	307	
剛體力學	ㄍㄤ ㄊㄧˇ ㄌㄧˋ ㄒㄩㄝˊ	1	12	科學	phrase.science.tsv	9	
剝離術	ㄅㄛ ㄌㄧˊ ㄕㄨˋ	1	10	醫學	phrase.medicine.tsv	44	
剪切模數	ㄐㄧㄢˇ ㄑㄧㄝˋ ㄇㄛˊ ㄕㄨˋ	1	11	製造機械	phrase.manufacturing.tsv	19	
剪力牆	ㄐㄧㄢˇ ㄌㄧˋ ㄑㄧㄤˊ	1	16	建築土木	phrase.civil-engineering.tsv	16	
剪力牆修復	ㄐㄧㄢˇ ㄌㄧˋ ㄑㄧㄤˊ ㄒㄧㄡ ㄈㄨˋ	1	2	建築土木	phrase.civil-engineering.tsv	17	
剪力牆施工	ㄐㄧㄢˇ ㄌㄧˋ ㄑㄧㄤˊ ㄕ ㄍㄨㄥ	1	3	建築土木	phrase.civil-engineering.tsv	18	
剪力牆檢驗	ㄐㄧㄢˇ ㄌㄧˋ ㄑㄧㄤˊ ㄐㄧㄢˇ ㄧㄢˋ	1	4	建築土木	phrase.civil-engineering.tsv	19	
剪力牆監測	ㄐㄧㄢˇ ㄌㄧˋ ㄑㄧㄤˊ ㄐㄧㄢ ㄘㄜˋ	1	3	建築土木	phrase.civil-engineering.tsv	20	
剪力牆補強	ㄐㄧㄢˇ ㄌㄧˋ ㄑㄧㄤˊ ㄅㄨˇ ㄑㄧㄤˊ	1	2	建築土木	phrase.civil-engineering.tsv	21	
剪力牆設計	ㄐㄧㄢˇ ㄌㄧˋ ㄑㄧㄤˊ ㄕㄜˋ ㄐㄧˋ	1	5	建築土木	phrase.civil-engineering.tsv	22	
副甲狀腺	ㄈㄨˋ ㄐㄧㄚˇ ㄓㄨㄤˋ ㄒㄧㄢˋ	1	12	醫學	phrase.medicine.tsv	45	
創作特色	ㄔㄨㄤˋ ㄗㄨㄛˋ ㄊㄜˋ ㄙㄜˋ	1	22	中文	phrase.chinese.tsv	32	
創業投資	ㄔㄨㄤˋ ㄧㄝˋ ㄊㄡˊ ㄗ	1	11	財會金融	phrase.finance.tsv	23	
劉昴星	ㄌㄧㄡˊ ㄇㄠˇ ㄒㄧㄥ	0.009999999999999986	20	動漫	phrase.anime.tsv	309	
劉美羅	ㄌㄧㄡˊ ㄇㄟˇ ㄌㄨㄛˊ	0.009999999999999986	13	動漫	phrase.anime.tsv	310	
劍之聖女	ㄐㄧㄢˋ ㄓ ㄕㄥˋ ㄋㄩˇ	0.009999999999999986	10	動漫	phrase.anime.tsv	311	
劍宗次朗	ㄐㄧㄢˋ ㄗㄨㄥ ㄘˋ ㄌㄤˇ	0.009999999999999986	15	動漫	phrase.anime.tsv	312	
劍持勇	ㄐㄧㄢˋ ㄔˊ ㄩㄥˇ	0.009999999999999986	17	動漫	phrase.anime.tsv	313	
劑型	ㄐㄧˋ ㄒㄧㄥˊ	0.009999999999999986	11	生技藥學	phrase.biotech-pharma.tsv	17	
力學性質	ㄌㄧˋ ㄒㄩㄝˊ ㄒㄧㄥˋ ㄓˊ	1	15	材料化工	phrase.materials-chemistry.tsv	8	
功率因數	ㄍㄨㄥ ㄌㄩˋ ㄧㄣ ㄕㄨˋ	1	10	電子電機	phrase.electronics.tsv	39	
功率調度	ㄍㄨㄥ ㄌㄩˋ ㄉㄧㄠˋ ㄉㄨˋ	1	10	環境能源	phrase.energy-environment.tsv	13	
功能接地	ㄍㄨㄥ ㄋㄥˊ ㄐㄧㄝ ㄉㄧˋ	1	12	電子電機	phrase.electronics.tsv	40	
功能材料	ㄍㄨㄥ ㄋㄥˊ ㄘㄞˊ ㄌㄧㄠˋ	1	12	材料化工	phrase.materials-chemistry.tsv	9	
功能評估	ㄍㄨㄥ ㄋㄥˊ ㄆㄧㄥˊ ㄍㄨ	1	13	醫學	phrase.medicine.tsv	47	
加勁擋土牆	ㄐㄧㄚ ㄐㄧㄣˋ ㄉㄤˇ ㄊㄨˇ ㄑㄧㄤˊ	1	6	建築土木	phrase.civil-engineering.tsv	23	
加密資產	ㄐㄧㄚ ㄇㄧˋ ㄗ ㄔㄢˇ	1	8	一般	phrase.general.tsv	21	
加成聚合	ㄐㄧㄚ ㄔㄥˊ ㄐㄩˋ ㄏㄜˊ	1	9	材料化工	phrase.materials-chemistry.tsv	10	
加法混色	ㄐㄧㄚ ㄈㄚˇ ㄏㄨㄣˋ ㄙㄜˋ	1	11	媒體設計	phrase.media-design.tsv	14	
加洛提莫斯	ㄐㄧㄚ ㄌㄨㄛˋ ㄊㄧˊ ㄇㄛˋ ㄙ	0.009999999999999986	17	動漫	phrase.anime.tsv	315	
加納咢	ㄐㄧㄚ ㄋㄚˋ ㄜˋ	0.009999999999999986	11	動漫	phrase.anime.tsv	316	
加賀靜子	ㄐㄧㄚ ㄏㄜˋ ㄐㄧㄥˋ ㄗ˙	0.009999999999999986	13	動漫	phrase.anime.tsv	317	
加賀香子	ㄐㄧㄚ ㄏㄜˋ ㄒㄧㄤ ㄗ˙	0.009999999999999986	15	動漫	phrase.anime.tsv	318	
加速世界	ㄐㄧㄚ ㄙㄨˋ ㄕˋ ㄐㄧㄝˋ	0.009999999999999986	20	動漫	phrase.anime.tsv	320	
助六	ㄓㄨˋ ㄌㄧㄡˋ	0.009999999999999986	15	動漫	phrase.anime.tsv	321	
勒索病毒	ㄌㄜˋ ㄙㄨㄛˇ ㄅㄧㄥˋ ㄉㄨˊ	1	10	網路資安	phrase.network-security.tsv	31	
勒索軟體	ㄌㄜˋ ㄙㄨㄛˇ ㄖㄨㄢˇ ㄊㄧˇ	1	14	一般	phrase.general.tsv	23	
動作研究	ㄉㄨㄥˋ ㄗㄨㄛˋ ㄧㄢˊ ㄐㄧㄡˋ	1	11	工業工程	phrase.industrial-engineering.tsv	18	
動感超人	ㄉㄨㄥˋ ㄍㄢˇ ㄔㄠ ㄖㄣˊ	0.009999999999999986	16	動漫	phrase.anime.tsv	322	
動態分析	ㄉㄨㄥˋ ㄊㄞˋ ㄈㄣ ㄒㄧ	1	12	網路資安	phrase.network-security.tsv	33	
動態圖形	ㄉㄨㄥˋ ㄊㄞˋ ㄊㄨˊ ㄒㄧㄥˊ	1	11	媒體設計	phrase.media-design.tsv	15	
動態範圍	ㄉㄨㄥˋ ㄊㄞˋ ㄈㄢˋ ㄨㄟˊ	1	11	媒體設計	phrase.media-design.tsv	16	
動態號誌	ㄉㄨㄥˋ ㄊㄞˋ ㄏㄠˋ ㄓˋ	1	11	交通物流	phrase.transport-logistics.tsv	24	
動態規劃	ㄉㄨㄥˋ ㄊㄞˋ ㄍㄨㄟ ㄏㄨㄚˋ	1	12	工業工程	phrase.industrial-engineering.tsv	19	
動態設計	ㄉㄨㄥˋ ㄊㄞˋ ㄕㄜˋ ㄐㄧˋ	1	12	媒體設計	phrase.media-design.tsv	17	
動態路由	ㄉㄨㄥˋ ㄊㄞˋ ㄌㄨˋ ㄧㄡˊ	1	11	網路資安	phrase.network-security.tsv	34	
動機理論	ㄉㄨㄥˋ ㄐㄧ ㄌㄧˇ ㄌㄨㄣˋ	1	11	教育	phrase.education.tsv	13	
動物用藥	ㄉㄨㄥˋ ㄨˋ ㄩㄥˋ ㄧㄠˋ	1	15	農業食品	phrase.agriculture-food.tsv	5	
動畫製作	ㄉㄨㄥˋ ㄏㄨㄚˋ ㄓˋ ㄗㄨㄛˋ	0.009999999999999986	12	動漫	phrase.anime.tsv	323	
動賓複詞	ㄉㄨㄥˋ ㄅㄧㄣ ㄈㄨˋ ㄘˊ	1	13	中文	phrase.chinese.tsv	33	
動量傳遞	ㄉㄨㄥˋ ㄌㄧㄤˋ ㄔㄨㄢˊ ㄉㄧˋ	1	10	材料化工	phrase.materials-chemistry.tsv	11	
勝呂龍士	ㄕㄥˋ ㄌㄩˇ ㄌㄨㄥˊ ㄕˋ	0.009999999999999986	12	動漫	phrase.anime.tsv	324	
勝生勇利	ㄕㄥˋ ㄕㄥ ㄩㄥˇ ㄌㄧˋ	0.009999999999999986	20	動漫	phrase.anime.tsv	325	
包晶反應	ㄅㄠ ㄐㄧㄥ ㄈㄢˇ ㄧㄥˋ	1	12	材料化工	phrase.materials-chemistry.tsv	12	
包裝設備	ㄅㄠ ㄓㄨㄤ ㄕㄜˋ ㄅㄟˋ	1	13	製造機械	phrase.manufacturing.tsv	20	
包裝設計	ㄅㄠ ㄓㄨㄤ ㄕㄜˋ ㄐㄧˋ	1	12	媒體設計	phrase.media-design.tsv	18	
化學動力學	ㄏㄨㄚˋ ㄒㄩㄝˊ ㄉㄨㄥˋ ㄌㄧˋ ㄒㄩㄝˊ	1	4	科學	phrase.science.tsv	11	
化學計量	ㄏㄨㄚˋ ㄒㄩㄝˊ ㄐㄧˋ ㄌㄧㄤˋ	1	11	科學	phrase.science.tsv	12	
化工熱力學	ㄏㄨㄚˋ ㄍㄨㄥ ㄖㄜˋ ㄌㄧˋ ㄒㄩㄝˊ	1	3	材料化工	phrase.materials-chemistry.tsv	14	
化貓	ㄏㄨㄚˋ ㄇㄠ	0.009999999999999986	11	動漫	phrase.anime.tsv	326	
化野	ㄏㄨㄚˋ ㄧㄝˇ	0.009999999999999986	17	動漫	phrase.anime.tsv	327	
北原伊織	ㄅㄟˇ ㄩㄢˊ ㄧ ㄓ	0.009999999999999986	20	動漫	phrase.anime.tsv	328	
北斗神拳	ㄅㄟˇ ㄉㄡˇ ㄕㄣˊ ㄑㄩㄢˊ	0.009999999999999986	23	動漫	phrase.anime.tsv	329	
北方墨點法	ㄅㄟˇ ㄈㄤ ㄇㄛˋ ㄉㄧㄢˇ ㄈㄚˇ	1	4	生技藥學	phrase.biotech-pharma.tsv	20	
北村元康	ㄅㄟˇ ㄘㄨㄣ ㄩㄢˊ ㄎㄤ	0.009999999999999986	11	動漫	phrase.anime.tsv	330	
北村祐作	ㄅㄟˇ ㄘㄨㄣ ㄧㄡˋ ㄗㄨㄛˋ	0.009999999999999986	13	動漫	phrase.anime.tsv	331	
北條時行	ㄅㄟˇ ㄊㄧㄠˊ ㄕˊ ㄒㄧㄥˊ	0.009999999999999986	18	動漫	phrase.anime.tsv	332	
北條沙都子	ㄅㄟˇ ㄊㄧㄠˊ ㄕㄚ ㄉㄡ ㄗ˙	0.009999999999999986	13	動漫	phrase.anime.tsv	333	
北洋時期	ㄅㄟˇ ㄧㄤˊ ㄕˊ ㄑㄧˊ	1	10	歷史	phrase.history.tsv	28	
北白川玉子	ㄅㄟˇ ㄅㄞˊ ㄔㄨㄢ ㄩˋ ㄗ˙	0.009999999999999986	18	動漫	phrase.anime.tsv	334	
匯率風險	ㄏㄨㄟˋ ㄌㄩˋ ㄈㄥ ㄒㄧㄢˇ	1	11	財會金融	phrase.finance.tsv	25	
區域史	ㄑㄩ ㄩˋ ㄕˇ	1	11	歷史	phrase.history.tsv	29	
區段徵收	ㄑㄩ ㄉㄨㄢˋ ㄓㄥ ㄕㄡ	1	10	建築土木	phrase.civil-engineering.tsv	24	
區辨	ㄑㄩ ㄅㄧㄢˋ	1	13	心理社會	phrase.psychology-society.tsv	15	
十二年國教	ㄕˊ ㄦˋ ㄋㄧㄢˊ ㄍㄨㄛˊ ㄐㄧㄠˋ	1	4	教育	phrase.education.tsv	14	
十二表法	ㄕˊ ㄦˋ ㄅㄧㄠˇ ㄈㄚˇ	1	12	歷史	phrase.history.tsv	30	
十鬼蛇王馬	ㄕˊ ㄍㄨㄟˇ ㄕㄜˊ ㄨㄤˊ ㄇㄚˇ	0.009999999999999986	18	動漫	phrase.anime.tsv	336	
千反田愛瑠	ㄑㄧㄢ ㄈㄢˇ ㄊㄧㄢˊ ㄞˋ ㄌㄧㄡˊ	0.009999999999999986	19	動漫	phrase.anime.tsv	337	
千堂武士	ㄑㄧㄢ ㄊㄤˊ ㄨˇ ㄕˋ	0.009999999999999986	12	動漫	phrase.anime.tsv	338	
千壽村征	ㄑㄧㄢ ㄕㄡˋ ㄘㄨㄣ ㄓㄥ	0.009999999999999986	12	動漫	phrase.anime.tsv	339	
千年伯爵	ㄑㄧㄢ ㄋㄧㄢˊ ㄅㄛˊ ㄐㄩㄝˊ	0.009999999999999986	11	動漫	phrase.anime.tsv	340	
千早瞬平	ㄑㄧㄢ ㄗㄠˇ ㄕㄨㄣˋ ㄆㄧㄥˊ	0.009999999999999986	12	動漫	phrase.anime.tsv	341	
千曳辰治	ㄑㄧㄢ ㄧˋ ㄔㄣˊ ㄓˋ	0.009999999999999986	11	動漫	phrase.anime.tsv	342	
千石撫子	ㄑㄧㄢ ㄕˊ ㄈㄨˇ ㄗ˙	0.009999999999999986	12	動漫	phrase.anime.tsv	343	
千秋真一	ㄑㄧㄢ ㄑㄧㄡ ㄓㄣ ㄧ	0.009999999999999986	18	動漫	phrase.anime.tsv	344	
千葉翔太郎	ㄑㄧㄢ ㄧㄝˋ ㄒㄧㄤˊ ㄊㄞˋ ㄌㄤˊ	0.009999999999999986	16	動漫	phrase.anime.tsv	345	
千都	ㄑㄧㄢ ㄉㄡ	0.009999999999999986	18	動漫	phrase.anime.tsv	347	
千頭慎次郎	ㄑㄧㄢ ㄊㄡˊ ㄕㄣˋ ㄘˋ ㄌㄤˊ	0.009999999999999986	13	動漫	phrase.anime.tsv	348	
千鳥要	ㄑㄧㄢ ㄋㄧㄠˇ ㄧㄠˋ	0.009999999999999986	16	動漫	phrase.anime.tsv	349	
升壓轉換器	ㄕㄥ ㄧㄚ ㄓㄨㄢˇ ㄏㄨㄢˋ ㄑㄧˋ	1	5	電子電機	phrase.electronics.tsv	41	
升降壓	ㄕㄥ ㄐㄧㄤˋ ㄧㄚ	1	10	電子電機	phrase.electronics.tsv	42	
半妖	ㄅㄢˋ ㄧㄠ	0.009999999999999986	21	動漫	phrase.anime.tsv	350	
半導體材料	ㄅㄢˋ ㄉㄠˇ ㄊㄧˇ ㄘㄞˊ ㄌㄧㄠˋ	1	4	材料化工	phrase.materials-chemistry.tsv	15	
半月板撕裂	ㄅㄢˋ ㄩㄝˋ ㄅㄢˇ ㄙ ㄌㄧㄝˋ	1	3	醫學	phrase.medicine.tsv	51	
半橋轉換器	ㄅㄢˋ ㄑㄧㄠˊ ㄓㄨㄢˇ ㄏㄨㄢˋ ㄑㄧˋ	1	5	電子電機	phrase.electronics.tsv	43	
半監督式	ㄅㄢˋ ㄐㄧㄢ ㄉㄨ ㄕˋ	1	12	AI資料科學	phrase.ai-data-science.tsv	26	
半結構化	ㄅㄢˋ ㄐㄧㄝˊ ㄍㄡˋ ㄏㄨㄚˋ	1	13	AI資料科學	phrase.ai-data-science.tsv	27	
卍解	ㄨㄢˋ ㄐㄧㄝˇ	0.009999999999999986	15	動漫	phrase.anime.tsv	351	
協同學習	ㄒㄧㄝˊ ㄊㄨㄥˊ ㄒㄩㄝˊ ㄒㄧˊ	1	10	教育	phrase.education.tsv	15	
協商程序	ㄒㄧㄝˊ ㄕㄤ ㄔㄥˊ ㄒㄩˋ	1	11	法律	phrase.law.tsv	37	
南千秋	ㄋㄢˊ ㄑㄧㄢ ㄑㄧㄡ	0.009999999999999986	13	動漫	phrase.anime.tsv	352	
南夏奈	ㄋㄢˊ ㄒㄧㄚˋ ㄋㄞˋ	0.009999999999999986	15	動漫	phrase.anime.tsv	353	
南夢芽	ㄋㄢˊ ㄇㄥˋ ㄧㄚˊ	0.009999999999999986	14	動漫	phrase.anime.tsv	354	
南家	ㄋㄢˊ ㄐㄧㄚ	0.009999999999999986	11	動漫	phrase.anime.tsv	355	
南家三姊妹	ㄋㄢˊ ㄐㄧㄚ ㄙㄢ ㄐㄧㄝˇ ㄇㄟˋ	0.009999999999999986	19	動漫	phrase.anime.tsv	356	
南小鳥	ㄋㄢˊ ㄒㄧㄠˇ ㄋㄧㄠˇ	0.009999999999999986	17	動漫	phrase.anime.tsv	357	
南戲	ㄋㄢˊ ㄒㄧˋ	1	12	中文	phrase.chinese.tsv	34	
南方墨點法	ㄋㄢˊ ㄈㄤ ㄇㄛˋ ㄉㄧㄢˇ ㄈㄚˇ	1	4	生技藥學	phrase.biotech-pharma.tsv	21	
南方日鶴	ㄋㄢˊ ㄈㄤ ㄖˋ ㄏㄜˋ	0.009999999999999986	15	動漫	phrase.anime.tsv	358	
南春香	ㄋㄢˊ ㄔㄨㄣ ㄒㄧㄤ	0.009999999999999986	17	動漫	phrase.anime.tsv	359	
南雲	ㄋㄢˊ ㄩㄣˊ	0.009999999999999986	14	動漫	phrase.anime.tsv	361	
南雲始	ㄋㄢˊ ㄩㄣˊ ㄕˇ	0.009999999999999986	18	動漫	phrase.anime.tsv	362	
卜瓦松分布	ㄅㄛ˙ ㄨㄚˇ ㄙㄨㄥ ㄈㄣ ㄅㄨˋ	1	3	工業工程	phrase.industrial-engineering.tsv	20	
卡佳里	ㄎㄚˇ ㄐㄧㄚ ㄌㄧˇ	0.009999999999999986	15	動漫	phrase.anime.tsv	364	
卡塔雷特	ㄎㄚˇ ㄊㄚˇ ㄌㄟˊ ㄊㄜˋ	0.009999999999999986	15	動漫	phrase.anime.tsv	365	
卡多斯	ㄎㄚˇ ㄉㄨㄛ ㄙ	0.009999999999999986	12	動漫	phrase.anime.tsv	366	
卡巴雷	ㄎㄚˇ ㄅㄚ ㄌㄟˊ	0.009999999999999986	12	動漫	phrase.anime.tsv	368	
卡文迪許	ㄎㄚˇ ㄨㄣˊ ㄉㄧˊ ㄒㄩˇ	0.009999999999999986	13	動漫	phrase.anime.tsv	369	
卡普羅尼	ㄎㄚˇ ㄆㄨˇ ㄌㄨㄛˊ ㄋㄧˊ	0.009999999999999986	14	動漫	phrase.anime.tsv	370	
卡爾曼濾波	ㄎㄚˇ ㄦˇ ㄇㄢˋ ㄌㄩˋ ㄅㄛ	1	3	電子電機	phrase.electronics.tsv	44	
卡片分類	ㄎㄚˇ ㄆㄧㄢˋ ㄈㄣ ㄌㄟˋ	1	10	媒體設計	phrase.media-design.tsv	20	
卡特爾	ㄎㄚˇ ㄊㄜˋ ㄦˇ	0.009999999999999986	12	動漫	phrase.anime.tsv	371	
卡米那	ㄎㄚˇ ㄇㄧˇ ㄋㄚˋ	0.009999999999999986	18	動漫	phrase.anime.tsv	372	
卡蓮	ㄎㄚˇ ㄌㄧㄢˊ	0.009999999999999986	15	動漫	phrase.anime.tsv	373	
卡蜜拉	ㄎㄚˇ ㄇㄧˋ ㄌㄚ	0.009999999999999986	13	動漫	phrase.anime.tsv	374	
卡西法	ㄎㄚˇ ㄒㄧ ㄈㄚˇ	0.009999999999999986	18	動漫	phrase.anime.tsv	375	
卡諾循環	ㄎㄚˇ ㄋㄨㄛˋ ㄒㄩㄣˊ ㄏㄨㄢˊ	1	10	科學	phrase.science.tsv	13	
危害辨識	ㄨㄟˊ ㄏㄞˋ ㄅㄧㄢˋ ㄕˋ	1	10	工業工程	phrase.industrial-engineering.tsv	21	
危老重建	ㄨㄟ ㄌㄠˇ ㄔㄨㄥˊ ㄐㄧㄢˋ	1	11	建築土木	phrase.civil-engineering.tsv	25	
危險品運輸	ㄨㄟˊ ㄒㄧㄢˇ ㄆㄧㄣˇ ㄩㄣˋ ㄕㄨ	1	4	交通物流	phrase.transport-logistics.tsv	26	
即時強制	ㄐㄧˊ ㄕˊ ㄑㄧㄤˇ ㄓˋ	1	11	法律	phrase.law.tsv	38	
即時監控	ㄐㄧˊ ㄕˊ ㄐㄧㄢ ㄎㄨㄥˋ	1	13	交通物流	phrase.transport-logistics.tsv	27	
即期利率	ㄐㄧˊ ㄑㄧˊ ㄌㄧˋ ㄌㄩˋ	1	10	財會金融	phrase.finance.tsv	26	
卷島裕介	ㄐㄩㄢˇ ㄉㄠˇ ㄩˋ ㄐㄧㄝˋ	0.009999999999999986	12	動漫	phrase.anime.tsv	376	
卷積	ㄐㄩㄢˇ ㄐㄧ	1	11	AI資料科學	phrase.ai-data-science.tsv	28	
厄卡倫	ㄜˋ ㄎㄚˇ ㄌㄨㄣˊ	0.009999999999999986	13	動漫	phrase.anime.tsv	377	
厄德	ㄜˋ ㄉㄜˊ	0.009999999999999986	14	動漫	phrase.anime.tsv	378	
原代細胞	ㄩㄢˊ ㄉㄞˋ ㄒㄧˋ ㄅㄠ	1	13	生技藥學	phrase.biotech-pharma.tsv	23	
原住民族史	ㄩㄢˊ ㄓㄨˋ ㄇㄧㄣˊ ㄗㄨˊ ㄕˇ	1	4	歷史	phrase.history.tsv	32	
原型設計	ㄩㄢˊ ㄒㄧㄥˊ ㄕㄜˋ ㄐㄧˋ	1	12	媒體設計	phrase.media-design.tsv	21	
原子層沉積	ㄩㄢˊ ㄗˇ ㄘㄥˊ ㄔㄣˊ ㄐㄧ	1	3	晶片半導體	phrase.semiconductor.tsv	19	
原子物理	ㄩㄢˊ ㄗˇ ㄨˋ ㄌㄧˇ	1	10	科學	phrase.science.tsv	14	
原料藥	ㄩㄢˊ ㄌㄧㄠˋ ㄧㄠˋ	1	11	生技藥學	phrase.biotech-pharma.tsv	24	
厭氧消化	ㄧㄢˋ ㄧㄤˇ ㄒㄧㄠ ㄏㄨㄚˋ	1	11	環境能源	phrase.energy-environment.tsv	14	
去個人化	ㄑㄩˋ ㄍㄜˋ ㄖㄣˊ ㄏㄨㄚˋ	1	13	心理社會	phrase.psychology-society.tsv	16	
去殖民化	ㄑㄩˋ ㄓˊ ㄇㄧㄣˊ ㄏㄨㄚˋ	1	13	歷史	phrase.history.tsv	33	
去顫器	ㄑㄩˋ ㄔㄢˋ ㄑㄧˋ	1	10	醫學	phrase.medicine.tsv	54	
參數最佳化	ㄘㄢ ㄕㄨˋ ㄗㄨㄟˋ ㄐㄧㄚ ㄏㄨㄚˋ	1	15	製造機械	phrase.manufacturing.tsv	21	
及川徹	ㄐㄧˊ ㄔㄨㄢ ㄔㄜˋ	0.009999999999999986	11	動漫	phrase.anime.tsv	379	
友人帳	ㄧㄡˇ ㄖㄣˊ ㄓㄤˋ	0.009999999999999986	26	動漫	phrase.anime.tsv	380	
友善農業	ㄧㄡˇ ㄕㄢˋ ㄋㄨㄥˊ ㄧㄝˋ	1	14	農業食品	phrase.agriculture-food.tsv	7	
反向傳播	ㄈㄢˇ ㄒㄧㄤˋ ㄔㄨㄢˊ ㄅㄛ	1	10	AI資料科學	phrase.ai-data-science.tsv	30	
反向形成	ㄈㄢˇ ㄒㄧㄤˋ ㄒㄧㄥˊ ㄔㄥˊ	1	10	心理社會	phrase.psychology-society.tsv	17	
反序列化	ㄈㄢˇ ㄒㄩˋ ㄌㄧㄝˋ ㄏㄨㄚˋ	1	11	網路資安	phrase.network-security.tsv	38	
反應工程	ㄈㄢˇ ㄧㄥˋ ㄍㄨㄥ ㄔㄥˊ	1	13	材料化工	phrase.materials-chemistry.tsv	17	
反應槽	ㄈㄢˇ ㄧㄥˋ ㄘㄠˊ	1	11	環境能源	phrase.energy-environment.tsv	16	
反應機構	ㄈㄢˇ ㄧㄥˋ ㄐㄧ ㄍㄡˋ	1	12	科學	phrase.science.tsv	16	
反應級數	ㄈㄢˇ ㄧㄥˋ ㄐㄧˊ ㄕㄨˋ	1	12	材料化工	phrase.materials-chemistry.tsv	18	
反應速率	ㄈㄢˇ ㄧㄥˋ ㄙㄨˋ ㄌㄩˋ	1	12	材料化工	phrase.materials-chemistry.tsv	19	
取樣試驗	ㄑㄩˇ ㄧㄤˋ ㄕˋ ㄧㄢˋ	1	13	建築土木	phrase.civil-engineering.tsv	26	
受迫振動	ㄕㄡˋ ㄆㄛˋ ㄓㄣˋ ㄉㄨㄥˋ	1	12	科學	phrase.science.tsv	17	
叢集系統	ㄘㄨㄥˊ ㄐㄧˊ ㄒㄧˋ ㄊㄨㄥˇ	1	24	軟體科學	phrase.software.tsv	20	
口碑行銷	ㄎㄡˇ ㄅㄟ ㄒㄧㄥˊ ㄒㄧㄠ	1	11	商業	phrase.business.tsv	38	
口述歷史	ㄎㄡˇ ㄕㄨˋ ㄌㄧˋ ㄕˇ	1	10	歷史	phrase.history.tsv	34	
古今字	ㄍㄨˇ ㄐㄧㄣ ㄗˋ	1	11	中文	phrase.chinese.tsv	35	
古代漢語	ㄍㄨˇ ㄉㄞˋ ㄏㄢˋ ㄩˇ	1	11	中文	phrase.chinese.tsv	36	
古典制約	ㄍㄨˇ ㄉㄧㄢˇ ㄓˋ ㄩㄝ	1	11	心理社會	phrase.psychology-society.tsv	18	
古典力學	ㄍㄨˇ ㄉㄧㄢˇ ㄌㄧˋ ㄒㄩㄝˊ	1	11	科學	phrase.science.tsv	18	
古屋純	ㄍㄨˇ ㄨ ㄔㄨㄣˊ	0.009999999999999986	10	動漫	phrase.anime.tsv	382	
古希臘文明	ㄍㄨˇ ㄒㄧ ㄌㄚˋ ㄨㄣˊ ㄇㄧㄥˊ	1	3	歷史	phrase.history.tsv	36	
古戶繪梨花	ㄍㄨˇ ㄏㄨˋ ㄏㄨㄟˋ ㄌㄧˊ ㄏㄨㄚ	0.009999999999999986	11	動漫	phrase.anime.tsv	383	
古手川	ㄍㄨˇ ㄕㄡˇ ㄔㄨㄢ	0.009999999999999986	16	動漫	phrase.anime.tsv	384	
古手川千紗	ㄍㄨˇ ㄕㄡˇ ㄔㄨㄢ ㄑㄧㄢ ㄕㄚ	0.009999999999999986	15	動漫	phrase.anime.tsv	385	
古手梨花	ㄍㄨˇ ㄕㄡˇ ㄌㄧˊ ㄏㄨㄚ	0.009999999999999986	12	動漫	phrase.anime.tsv	386	
古河渚	ㄍㄨˇ ㄏㄜˊ ㄓㄨˇ	0.009999999999999986	19	動漫	phrase.anime.tsv	387	
古泉一樹	ㄍㄨˇ ㄑㄩㄢˊ ㄧ ㄕㄨˋ	0.009999999999999986	14	動漫	phrase.anime.tsv	388	
古立特	ㄍㄨˇ ㄌㄧˋ ㄊㄜˋ	0.009999999999999986	11	動漫	phrase.anime.tsv	389	
古見	ㄍㄨˇ ㄐㄧㄢˋ	0.009999999999999986	24	動漫	phrase.anime.tsv	390	
古見硝子	ㄍㄨˇ ㄐㄧㄢˋ ㄒㄧㄠ ㄗ˙	0.009999999999999986	21	動漫	phrase.anime.tsv	391	
古賀朋繪	ㄍㄨˇ ㄏㄜˋ ㄆㄥˊ ㄏㄨㄟˋ	0.009999999999999986	15	動漫	phrase.anime.tsv	392	
古雷溫德	ㄍㄨˇ ㄌㄟˊ ㄨㄣ ㄉㄜˊ	0.009999999999999986	14	動漫	phrase.anime.tsv	393	
句法剖析	ㄐㄩˋ ㄈㄚˇ ㄆㄡ ㄒㄧ	1	10	AI資料科學	phrase.ai-data-science.tsv	31	
句法學	ㄐㄩˋ ㄈㄚˇ ㄒㄩㄝˊ	1	9	中文	phrase.chinese.tsv	37	
只想告訴你	ㄓˇ ㄒㄧㄤˇ ㄍㄠˋ ㄙㄨˋ ㄋㄧˇ	0.009999999999999986	22	動漫	phrase.anime.tsv	394	
只殺哥布林	ㄓˇ ㄕㄚ ㄍㄜ ㄅㄨˋ ㄌㄧㄣˊ	0.009999999999999986	12	動漫	phrase.anime.tsv	396	
只野仁人	ㄓˇ ㄧㄝˇ ㄖㄣˊ ㄖㄣˊ	0.009999999999999986	18	動漫	phrase.anime.tsv	397	
叫我達令	ㄐㄧㄠˋ ㄨㄛˇ ㄉㄚˊ ㄌㄧㄥˋ	0.009999999999999986	12	動漫	phrase.anime.tsv	398	
叫車平台	ㄐㄧㄠˋ ㄔㄜ ㄆㄧㄥˊ ㄊㄞˊ	1	10	一般	phrase.general.tsv	25	
召喚獸	ㄓㄠˋ ㄏㄨㄢˋ ㄕㄡˋ	0.009999999999999986	23	動漫	phrase.anime.tsv	399	
可得性捷思	ㄎㄜˇ ㄉㄜˊ ㄒㄧㄥˋ ㄐㄧㄝˊ ㄙ	1	4	心理社會	phrase.psychology-society.tsv	19	
可用性測試	ㄎㄜˇ ㄩㄥˋ ㄒㄧㄥˋ ㄘㄜˋ ㄕˋ	1	4	媒體設計	phrase.media-design.tsv	22	
可能性之獸	ㄎㄜˇ ㄋㄥˊ ㄒㄧㄥˋ ㄓ ㄕㄡˋ	0.009999999999999986	12	動漫	phrase.anime.tsv	402	
可蕾娜	ㄎㄜˇ ㄌㄟˇ ㄋㄚˋ	0.009999999999999986	12	動漫	phrase.anime.tsv	403	
可觀測性	ㄎㄜˇ ㄍㄨㄢ ㄘㄜˋ ㄒㄧㄥˋ	1	12	AI資料科學	phrase.ai-data-science.tsv	32	
可逆過程	ㄎㄜˇ ㄋㄧˋ ㄍㄨㄛˋ ㄔㄥˊ	1	10	科學	phrase.science.tsv	19	
可靠度	ㄎㄜˇ ㄎㄠˋ ㄉㄨˋ	1	19	工業工程	phrase.industrial-engineering.tsv	23	
可靠度分析	ㄎㄜˇ ㄎㄠˋ ㄉㄨˋ ㄈㄣ ㄒㄧ	1	19	電子電機	phrase.electronics.tsv	45	
可靠度工程	ㄎㄜˇ ㄎㄠˋ ㄉㄨˋ ㄍㄨㄥ ㄔㄥˊ	1	4	製造機械	phrase.manufacturing.tsv	22	
可靠度測試	ㄎㄜˇ ㄎㄠˋ ㄉㄨˋ ㄘㄜˋ ㄕˋ	1	4	晶片半導體	phrase.semiconductor.tsv	24	
可魯貝洛斯	ㄎㄜˇ ㄌㄨˇ ㄅㄟˋ ㄌㄨㄛˋ ㄙ	0.009999999999999986	15	動漫	phrase.anime.tsv	404	
台灣高鐵	ㄊㄞˊ ㄨㄢ ㄍㄠ ㄊㄧㄝˇ	1	28	一般	phrase.general.tsv	26	
史卡雷特	ㄕˇ ㄎㄚˇ ㄌㄟˊ ㄊㄜˋ	0.009999999999999986	15	動漫	phrase.anime.tsv	405	
史坦菲爾德	ㄕˇ ㄊㄢˇ ㄈㄟ ㄦˇ ㄉㄜˊ	0.009999999999999986	11	動漫	phrase.anime.tsv	406	
史學方法	ㄕˇ ㄒㄩㄝˊ ㄈㄤ ㄈㄚˇ	1	10	歷史	phrase.history.tsv	37	
史密斯圖	ㄕˇ ㄇㄧˋ ㄙ ㄊㄨˊ	1	11	電子電機	phrase.electronics.tsv	46	
史料批判	ㄕˇ ㄌㄧㄠˋ ㄆㄧ ㄆㄢˋ	1	10	歷史	phrase.history.tsv	38	
史比勒	ㄕˇ ㄅㄧˇ ㄌㄜˋ	0.009999999999999986	13	動漫	phrase.anime.tsv	408	
史比格	ㄕˇ ㄅㄧˇ ㄍㄜˊ	0.009999999999999986	20	動漫	phrase.anime.tsv	409	
史派克	ㄕˇ ㄆㄞˋ ㄎㄜˋ	0.009999999999999986	20	動漫	phrase.anime.tsv	410	
史特拉托斯	ㄕˇ ㄊㄜˋ ㄌㄚ ㄊㄨㄛ ㄙ	0.009999999999999986	17	動漫	phrase.anime.tsv	411	
史特路爾森	ㄕˇ ㄊㄜˋ ㄌㄨˋ ㄦˇ ㄙㄣ	0.009999999999999986	10	動漫	phrase.anime.tsv	412	
史瑪特	ㄕˇ ㄇㄚˇ ㄊㄜˋ	0.009999999999999986	13	動漫	phrase.anime.tsv	413	
右代宮戰人	ㄧㄡˋ ㄉㄞˋ ㄍㄨㄥ ㄓㄢˋ ㄖㄣˊ	0.009999999999999986	17	動漫	phrase.anime.tsv	415	
右代宮緣壽	ㄧㄡˋ ㄉㄞˋ ㄍㄨㄥ ㄩㄢˊ ㄕㄡˋ	0.009999999999999986	13	動漫	phrase.anime.tsv	416	
右心室肥厚	ㄧㄡˋ ㄒㄧㄣ ㄕˋ ㄈㄟˊ ㄏㄡˋ	1	5	醫學	phrase.medicine.tsv	56	
司法審查	ㄙ ㄈㄚˇ ㄕㄣˇ ㄔㄚˊ	1	11	法律	phrase.law.tsv	40	
司瑛士	ㄙ ㄧㄥ ㄕˋ	0.009999999999999986	14	動漫	phrase.anime.tsv	417	
各務原撫子	ㄍㄜˋ ㄨˋ ㄩㄢˊ ㄈㄨˇ ㄗ˙	0.009999999999999986	22	動漫	phrase.anime.tsv	418	
合作學習	ㄏㄜˊ ㄗㄨㄛˋ ㄒㄩㄝˊ ㄒㄧˊ	1	10	教育	phrase.education.tsv	19	
合口呼	ㄏㄜˊ ㄎㄡˇ ㄏㄨ	1	10	中文	phrase.chinese.tsv	38	
合夥契約	ㄏㄜˊ ㄏㄨㄛˇ ㄑㄧˋ ㄩㄝ	1	10	法律	phrase.law.tsv	41	
合意管轄	ㄏㄜˊ ㄧˋ ㄍㄨㄢˇ ㄒㄧㄚˊ	1	9	法律	phrase.law.tsv	42	
合成生物學	ㄏㄜˊ ㄔㄥˊ ㄕㄥ ㄨˋ ㄒㄩㄝˊ	1	4	生技藥學	phrase.biotech-pharma.tsv	26	
合成詞	ㄏㄜˊ ㄔㄥˊ ㄘˊ	1	11	中文	phrase.chinese.tsv	39	
合格商機	ㄏㄜˊ ㄍㄜˊ ㄕㄤ ㄐㄧ	1	11	商業	phrase.business.tsv	40	
合流制	ㄏㄜˊ ㄌㄧㄡˊ ㄓˋ	1	9	建築土木	phrase.civil-engineering.tsv	27	
合約負債	ㄏㄜˊ ㄩㄝ ㄈㄨˋ ㄓㄞˋ	1	11	財會金融	phrase.finance.tsv	27	
吉井明久	ㄐㄧˊ ㄐㄧㄥˇ ㄇㄧㄥˊ ㄐㄧㄡˇ	0.009999999999999986	20	動漫	phrase.anime.tsv	419	
吉伊卡哇	ㄐㄧˊ ㄧ ㄎㄚˇ ㄨㄚ˙	1	8	一般	phrase.general.tsv	27	
吉吉	ㄐㄧˊ ㄐㄧˊ	0.009999999999999986	20	動漫	phrase.anime.tsv	420	
吉岡雙葉	ㄐㄧˊ ㄍㄤ ㄕㄨㄤ ㄧㄝˋ	0.009999999999999986	19	動漫	phrase.anime.tsv	421	
吉川由紀	ㄐㄧˊ ㄔㄨㄢ ㄧㄡˊ ㄐㄧˋ	0.009999999999999986	13	動漫	phrase.anime.tsv	422	
吉布斯	ㄐㄧˊ ㄅㄨˋ ㄙ	1	11	科學	phrase.science.tsv	20	
吉爾伽美什	ㄐㄧˊ ㄦˇ ㄐㄧㄚ ㄇㄟˇ ㄕㄜˊ	0.009999999999999986	14	動漫	phrase.anime.tsv	423	
吉田一美	ㄐㄧˊ ㄊㄧㄢˊ ㄧ ㄇㄟˇ	0.009999999999999986	14	動漫	phrase.anime.tsv	424	
吉田千鶴	ㄐㄧˊ ㄊㄧㄢˊ ㄑㄧㄢ ㄏㄜˋ	0.009999999999999986	13	動漫	phrase.anime.tsv	425	
吉田春	ㄐㄧˊ ㄊㄧㄢˊ ㄔㄨㄣ	0.009999999999999986	15	動漫	phrase.anime.tsv	426	
吉田芹那	ㄐㄧˊ ㄊㄧㄢˊ ㄑㄧㄣˊ ㄋㄚˋ	0.009999999999999986	12	動漫	phrase.anime.tsv	427	
吉貝爾	ㄐㄧˊ ㄅㄟˋ ㄦˇ	0.009999999999999986	8	動漫	phrase.anime.tsv	428	
同儕評量	ㄊㄨㄥˊ ㄔㄞˊ ㄆㄧㄥˊ ㄌㄧㄤˊ	1	10	教育	phrase.education.tsv	20	
同學是	ㄊㄨㄥˊ ㄒㄩㄝˊ ㄕˋ	0.009999999999999986	23	動漫	phrase.anime.tsv	430	
同步馬達	ㄊㄨㄥˊ ㄅㄨˋ ㄇㄚˇ ㄉㄚˊ	1	13	電子電機	phrase.electronics.tsv	47	
名取周一	ㄇㄧㄥˊ ㄑㄩˇ ㄓㄡ ㄧ	0.009999999999999986	17	動漫	phrase.anime.tsv	432	
名義發誓	ㄇㄧㄥˊ ㄧˋ ㄈㄚ ㄕˋ	0.009999999999999986	14	動漫	phrase.anime.tsv	433	
向井戶愛花	ㄒㄧㄤˋ ㄐㄧㄥˇ ㄏㄨˋ ㄞˋ ㄏㄨㄚ	0.009999999999999986	15	動漫	phrase.anime.tsv	434	
向量控制	ㄒㄧㄤˋ ㄌㄧㄤˋ ㄎㄨㄥˋ ㄓˋ	1	11	電子電機	phrase.electronics.tsv	48	
向量搜尋	ㄒㄧㄤˋ ㄌㄧㄤˋ ㄙㄡ ㄒㄩㄣˊ	1	10	AI資料科學	phrase.ai-data-science.tsv	33	
君嶋綾乃	ㄐㄩㄣ ㄉㄠˇ ㄌㄧㄥˊ ㄋㄞˇ	0.009999999999999986	11	動漫	phrase.anime.tsv	436	
否定者	ㄈㄡˇ ㄉㄧㄥˋ ㄓㄜˇ	0.009999999999999986	11	動漫	phrase.anime.tsv	437	
吳起變法	ㄨˊ ㄑㄧˇ ㄅㄧㄢˋ ㄈㄚˇ	1	12	歷史	phrase.history.tsv	39	
吸血鬼騎士	ㄒㄧ ㄒㄧㄝˇ ㄍㄨㄟˇ ㄑㄧˊ ㄕˋ	0.009999999999999986	20	動漫	phrase.anime.tsv	439	
吸音性能	ㄒㄧ ㄧㄣ ㄒㄧㄥˋ ㄋㄥˊ	1	12	建築土木	phrase.civil-engineering.tsv	28	
吾代忍	ㄨˊ ㄉㄞˋ ㄖㄣˇ	0.009999999999999986	11	動漫	phrase.anime.tsv	440	
呂布奉先	ㄌㄩˇ ㄅㄨˋ ㄈㄥˋ ㄒㄧㄢ	0.009999999999999986	15	動漫	phrase.anime.tsv	441	
周防尊	ㄓㄡ ㄈㄤˊ ㄗㄨㄣ	0.009999999999999986	11	動漫	phrase.anime.tsv	443	
周防有希	ㄓㄡ ㄈㄤˊ ㄧㄡˇ ㄒㄧ	0.009999999999999986	14	動漫	phrase.anime.tsv	444	
周防美琴	ㄓㄡ ㄈㄤˊ ㄇㄟˇ ㄑㄧㄣˊ	0.009999999999999986	12	動漫	phrase.anime.tsv	445	
呼吸器脫離	ㄏㄨ ㄒㄧ ㄑㄧˋ ㄊㄨㄛ ㄌㄧˊ	1	3	醫學	phrase.medicine.tsv	60	
呼告	ㄏㄨ ㄍㄠˋ	1	11	中文	phrase.chinese.tsv	40	
命令注入	ㄇㄧㄥˋ ㄌㄧㄥˋ ㄓㄨˋ ㄖㄨˋ	1	11	網路資安	phrase.network-security.tsv	40	
命題原則	ㄇㄧㄥˋ ㄊㄧˊ ㄩㄢˊ ㄗㄜˊ	1	10	教育	phrase.education.tsv	21	
和倉結名	ㄏㄜˊ ㄘㄤ ㄐㄧㄝˊ ㄇㄧㄥˊ	0.009999999999999986	11	動漫	phrase.anime.tsv	446	
和泉一織	ㄏㄜˊ ㄑㄩㄢˊ ㄧ ㄓ	0.009999999999999986	15	動漫	phrase.anime.tsv	447	
和泉三月	ㄏㄜˊ ㄑㄩㄢˊ ㄙㄢ ㄩㄝˋ	0.009999999999999986	11	動漫	phrase.anime.tsv	448	
和泉正宗	ㄏㄜˊ ㄑㄩㄢˊ ㄓㄥˋ ㄗㄨㄥ	0.009999999999999986	18	動漫	phrase.anime.tsv	449	
和泉紗霧	ㄏㄜˊ ㄑㄩㄢˊ ㄕㄚ ㄨˋ	0.009999999999999986	15	動漫	phrase.anime.tsv	450	
和真	ㄏㄜˊ ㄓㄣ	0.009999999999999986	15	動漫	phrase.anime.tsv	451	
和谷義高	ㄏㄜˊ ㄍㄨˇ ㄧˋ ㄍㄠ	0.009999999999999986	12	動漫	phrase.anime.tsv	452	
咪啪	ㄇㄧ ㄆㄚ	0.009999999999999986	13	動漫	phrase.anime.tsv	454	
品德教育	ㄆㄧㄣˇ ㄉㄜˊ ㄐㄧㄠˋ ㄩˋ	1	11	教育	phrase.education.tsv	22	
品牌優化	ㄆㄧㄣˇ ㄆㄞˊ ㄧㄡ ㄏㄨㄚˋ	1	11	商業	phrase.business.tsv	42	
品牌分析	ㄆㄧㄣˇ ㄆㄞˊ ㄈㄣ ㄒㄧ	1	12	商業	phrase.business.tsv	43	
品牌定位	ㄆㄧㄣˇ ㄆㄞˊ ㄉㄧㄥˋ ㄨㄟˋ	1	11	商業	phrase.business.tsv	44	
品牌延伸	ㄆㄧㄣˇ ㄆㄞˊ ㄧㄢˊ ㄕㄣ	1	11	商業	phrase.business.tsv	45	
品牌授權	ㄆㄧㄣˇ ㄆㄞˊ ㄕㄡˋ ㄑㄩㄢˊ	1	11	商業	phrase.business.tsv	46	
品牌權益	ㄆㄧㄣˇ ㄆㄞˊ ㄑㄩㄢˊ ㄧˋ	1	11	商業	phrase.business.tsv	47	
品牌策略	ㄆㄧㄣˇ ㄆㄞˊ ㄘㄜˋ ㄌㄩㄝˋ	1	11	商業	phrase.business.tsv	48	
品牌管理	ㄆㄧㄣˇ ㄆㄞˊ ㄍㄨㄢˇ ㄌㄧˇ	1	12	商業	phrase.business.tsv	49	
品牌規劃	ㄆㄧㄣˇ ㄆㄞˊ ㄍㄨㄟ ㄏㄨㄚˋ	1	12	商業	phrase.business.tsv	50	
品牌設計	ㄆㄧㄣˇ ㄆㄞˊ ㄕㄜˋ ㄐㄧˋ	1	12	媒體設計	phrase.media-design.tsv	23	
品牌識別	ㄆㄧㄣˇ ㄆㄞˊ ㄕˋ ㄅㄧㄝˊ	1	11	商業	phrase.business.tsv	51	
品牌預測	ㄆㄧㄣˇ ㄆㄞˊ ㄩˋ ㄘㄜˋ	1	11	商業	phrase.business.tsv	52	
品質工程	ㄆㄧㄣˇ ㄓˊ ㄍㄨㄥ ㄔㄥˊ	1	13	工業工程	phrase.industrial-engineering.tsv	26	
品質查驗	ㄆㄧㄣˇ ㄓˊ ㄔㄚˊ ㄧㄢˋ	1	21	建築土木	phrase.civil-engineering.tsv	30	
品質檢驗	ㄆㄧㄣˇ ㄓˊ ㄐㄧㄢˇ ㄧㄢˋ	1	14	建築土木	phrase.civil-engineering.tsv	31	
品質管理	ㄆㄧㄣˇ ㄓˊ ㄍㄨㄢˇ ㄌㄧˇ	1	13	建築土木	phrase.civil-engineering.tsv	32	
品質計畫書	ㄆㄧㄣˇ ㄓˊ ㄐㄧˋ ㄏㄨㄚˋ ㄕㄨ	1	5	建築土木	phrase.civil-engineering.tsv	33	
哆啦欸夢	ㄉㄨㄛ ㄌㄚ ㄟ ㄇㄥˋ	0.009999999999999986	16	動漫	phrase.anime.tsv	455	哆啦A夢
哆啦美	ㄉㄨㄛ ㄌㄚ ㄇㄟˇ	0.009999999999999986	13	動漫	phrase.anime.tsv	456	
哈克	ㄏㄚ ㄎㄜˋ	0.009999999999999986	17	動漫	phrase.anime.tsv	457	
哈密頓力學	ㄏㄚ ㄇㄧˋ ㄉㄨㄣˋ ㄌㄧˋ ㄒㄩㄝˊ	1	2	科學	phrase.science.tsv	21	
哈文特	ㄏㄚ ㄨㄣˊ ㄊㄜˋ	0.009999999999999986	15	動漫	phrase.anime.tsv	458	
哈普提茲姆	ㄏㄚ ㄆㄨˇ ㄊㄧˊ ㄗ ㄇㄨˇ	0.009999999999999986	15	動漫	phrase.anime.tsv	459	
哈比	ㄏㄚ ㄅㄧˇ	0.009999999999999986	13	動漫	phrase.anime.tsv	460	
哈特菲利亞	ㄏㄚ ㄊㄜˋ ㄈㄟ ㄌㄧˋ ㄧㄚˇ	0.009999999999999986	19	動漫	phrase.anime.tsv	461	
哈魯	ㄏㄚ ㄌㄨˇ	0.009999999999999986	11	動漫	phrase.anime.tsv	462	
員工敬業度	ㄩㄢˊ ㄍㄨㄥ ㄐㄧㄥˋ ㄧㄝˋ ㄉㄨˋ	1	5	商業	phrase.business.tsv	53	
員工體驗	ㄩㄢˊ ㄍㄨㄥ ㄊㄧˇ ㄧㄢˋ	1	12	商業	phrase.business.tsv	54	
哥布林殺手	ㄍㄜ ㄅㄨˋ ㄌㄧㄣˊ ㄕㄚ ㄕㄡˇ	0.009999999999999986	21	動漫	phrase.anime.tsv	463	
唐之杜志恩	ㄊㄤˊ ㄓ ㄉㄨˋ ㄓˋ ㄣ	0.009999999999999986	11	動漫	phrase.anime.tsv	465	
唐澤	ㄊㄤˊ ㄗㄜˊ	0.009999999999999986	12	動漫	phrase.anime.tsv	466	
商業模式	ㄕㄤ ㄧㄝˋ ㄇㄛˊ ㄕˋ	1	13	商業	phrase.business.tsv	55	
商業滅菌	ㄕㄤ ㄧㄝˋ ㄇㄧㄝˋ ㄐㄩㄣˋ	1	10	農業食品	phrase.agriculture-food.tsv	8	
商鞅變法	ㄕㄤ ㄧㄤ ㄅㄧㄢˋ ㄈㄚˇ	1	9	歷史	phrase.history.tsv	41	
問答系統	ㄨㄣˋ ㄉㄚˊ ㄒㄧˋ ㄊㄨㄥˇ	1	12	AI資料科學	phrase.ai-data-science.tsv	35	
問題解決	ㄨㄣˋ ㄊㄧˊ ㄐㄧㄝˇ ㄐㄩㄝˊ	1	13	心理社會	phrase.psychology-society.tsv	20	
啟發式評估	ㄑㄧˇ ㄈㄚ ㄕˋ ㄆㄧㄥˊ ㄍㄨ	1	4	媒體設計	phrase.media-design.tsv	24	
善意取得	ㄕㄢˋ ㄧˋ ㄑㄩˇ ㄉㄜˊ	1	10	法律	phrase.law.tsv	44	
喉嚨異物感	ㄏㄡˊ ㄌㄨㄥˊ ㄧˋ ㄨˋ ㄍㄢˇ	1	4	醫學	phrase.medicine.tsv	62	
喜劇性	ㄒㄧˇ ㄐㄩˋ ㄒㄧㄥˋ	1	11	中文	phrase.chinese.tsv	41	
喜多川海夢	ㄒㄧˇ ㄉㄨㄛ ㄔㄨㄢ ㄏㄞˇ ㄇㄥˋ	0.009999999999999986	19	動漫	phrase.anime.tsv	467	
喜多郁代	ㄒㄧˇ ㄉㄨㄛ ㄩˋ ㄉㄞˋ	0.009999999999999986	15	動漫	phrase.anime.tsv	468	
喜歡你	ㄒㄧˇ ㄏㄨㄢ ㄋㄧˇ	0.009999999999999986	20	動漫	phrase.anime.tsv	470	
喜翠莊	ㄒㄧˇ ㄘㄨㄟˋ ㄓㄨㄤ	0.009999999999999986	11	動漫	phrase.anime.tsv	471	
喬巴	ㄑㄧㄠˊ ㄅㄚ	0.009999999999999986	14	動漫	phrase.anime.tsv	472	
喬巴拿	ㄑㄧㄠˊ ㄅㄚ ㄋㄚˊ	0.009999999999999986	14	動漫	phrase.anime.tsv	473	
喬斯達	ㄑㄧㄠˊ ㄙ ㄉㄚˊ	0.009999999999999986	25	動漫	phrase.anime.tsv	474	
喬瑟夫	ㄑㄧㄠˊ ㄙㄜˋ ㄈㄨ	0.009999999999999986	21	動漫	phrase.anime.tsv	475	
喬納森	ㄑㄧㄠˊ ㄋㄚˋ ㄙㄣ	0.009999999999999986	24	動漫	phrase.anime.tsv	476	
喬魯諾	ㄑㄧㄠˊ ㄌㄨˇ ㄋㄨㄛˋ	0.009999999999999986	14	動漫	phrase.anime.tsv	477	
單一登入	ㄉㄢ ㄧ ㄉㄥ ㄖㄨˋ	1	11	網路資安	phrase.network-security.tsv	42	
單元式製造	ㄉㄢ ㄩㄢˊ ㄕˋ ㄓˋ ㄗㄠˋ	1	4	工業工程	phrase.industrial-engineering.tsv	28	
單元操作	ㄉㄢ ㄩㄢˊ ㄘㄠ ㄗㄨㄛˋ	1	11	材料化工	phrase.materials-chemistry.tsv	20	
單導核糖核酸	ㄉㄢ ㄉㄠˇ ㄏㄜˊ ㄊㄤˊ ㄏㄜˊ ㄙㄨㄢ	1	5	生技藥學	phrase.biotech-pharma.tsv	28	單導RNA
單機排程	ㄉㄢ ㄐㄧ ㄆㄞˊ ㄔㄥˊ	1	11	工業工程	phrase.industrial-engineering.tsv	29	
單次對焦	ㄉㄢ ㄘˋ ㄉㄨㄟˋ ㄐㄧㄠ	1	12	媒體設計	phrase.media-design.tsv	25	
單純詞	ㄉㄢ ㄔㄨㄣˊ ㄘˊ	1	11	中文	phrase.chinese.tsv	42	
單細胞分析	ㄉㄢ ㄒㄧˋ ㄅㄠ ㄈㄣ ㄒㄧ	1	4	生技藥學	phrase.biotech-pharma.tsv	29	
喰種	ㄘㄢ ㄓㄨㄥˇ	0.009999999999999986	13	動漫	phrase.anime.tsv	478	
喵太	ㄇㄧㄠ ㄊㄞˋ	0.009999999999999986	12	動漫	phrase.anime.tsv	479	
喵帕斯	ㄇㄧㄠ ㄆㄚˋ ㄙ	0.009999999999999986	12	動漫	phrase.anime.tsv	480	
嗚咕	ㄨ ㄍㄨ	0.009999999999999986	11	動漫	phrase.anime.tsv	481	
嘆詞	ㄊㄢˋ ㄘˊ	0.009999999999999986	11	中文	phrase.chinese.tsv	43	
嘉德麗雅	ㄐㄧㄚ ㄉㄜˊ ㄌㄧˋ ㄧㄚˇ	0.009999999999999986	15	動漫	phrase.anime.tsv	483	
嘴平伊之助	ㄗㄨㄟˇ ㄆㄧㄥˊ ㄧ ㄓ ㄓㄨˋ	0.009999999999999986	17	動漫	phrase.anime.tsv	485	
噪音污染	ㄗㄠˋ ㄧㄣ ㄨ ㄖㄢˇ	1	10	環境能源	phrase.energy-environment.tsv	17	
噬魂者	ㄕˋ ㄏㄨㄣˊ ㄓㄜˇ	0.009999999999999986	19	動漫	phrase.anime.tsv	486	
噴凝土	ㄆㄣ ㄋㄧㄥˊ ㄊㄨˇ	1	4	建築土木	phrase.civil-engineering.tsv	34	
噴射混凝土	ㄆㄣ ㄕㄜˋ ㄏㄨㄣˋ ㄋㄧㄥˊ ㄊㄨˇ	1	3	建築土木	phrase.civil-engineering.tsv	36	
噴霧乾燥	ㄆㄣ ㄨˋ ㄍㄢ ㄗㄠˋ	1	12	農業食品	phrase.agriculture-food.tsv	9	
四乃山	ㄙˋ ㄋㄞˇ ㄕㄢ	0.009999999999999986	17	動漫	phrase.anime.tsv	487	
四之宮	ㄙˋ ㄓ ㄍㄨㄥ	0.009999999999999986	14	動漫	phrase.anime.tsv	488	
四宮輝夜	ㄙˋ ㄍㄨㄥ ㄏㄨㄟ ㄧㄝˋ	0.009999999999999986	21	動漫	phrase.anime.tsv	489	
四次揮手	ㄙˋ ㄘˋ ㄏㄨㄟ ㄕㄡˇ	1	10	網路資安	phrase.network-security.tsv	44	
四糸乃	ㄙˋ ㄇㄧˋ ㄋㄞˇ	0.009999999999999986	11	動漫	phrase.anime.tsv	491	
四葉環	ㄙˋ ㄧㄝˋ ㄏㄨㄢˊ	0.009999999999999986	10	動漫	phrase.anime.tsv	492	
四谷	ㄙˋ ㄍㄨˇ	0.009999999999999986	11	動漫	phrase.anime.tsv	493	
四郎	ㄙˋ ㄌㄤˊ	0.009999999999999986	19	動漫	phrase.anime.tsv	494	
四龍	ㄙˋ ㄌㄨㄥˊ	0.009999999999999986	13	動漫	phrase.anime.tsv	496	
回授控制	ㄏㄨㄟˊ ㄕㄡˋ ㄎㄨㄥˋ ㄓˋ	1	14	電子電機	phrase.electronics.tsv	49	
回收期間	ㄏㄨㄟˊ ㄕㄡ ㄑㄧˊ ㄐㄧㄢ	1	11	財會金融	phrase.finance.tsv	29	
回流路徑	ㄏㄨㄟˊ ㄌㄧㄡˊ ㄌㄨˋ ㄐㄧㄥˋ	1	10	電子電機	phrase.electronics.tsv	50	
回顧會議	ㄏㄨㄟˊ ㄍㄨˋ ㄏㄨㄟˋ ㄧˋ	1	11	商業	phrase.business.tsv	56	
因果分析	ㄧㄣ ㄍㄨㄛˇ ㄈㄣ ㄒㄧ	1	11	歷史	phrase.history.tsv	42	
因果複句	ㄧㄣ ㄍㄨㄛˇ ㄈㄨˋ ㄐㄩˋ	1	10	中文	phrase.chinese.tsv	44	
固定床	ㄍㄨˋ ㄉㄧㄥˋ ㄔㄨㄤˊ	1	11	材料化工	phrase.materials-chemistry.tsv	21	
固定污染源	ㄍㄨˋ ㄉㄧㄥˋ ㄨ ㄖㄢˇ ㄩㄢˊ	1	4	環境能源	phrase.energy-environment.tsv	18	
固態物理	ㄍㄨˋ ㄊㄞˋ ㄨˋ ㄌㄧˇ	1	10	科學	phrase.science.tsv	22	
固態繼電器	ㄍㄨˋ ㄊㄞˋ ㄐㄧˋ ㄉㄧㄢˋ ㄑㄧˋ	1	2	電子電機	phrase.electronics.tsv	51	
固溶強化	ㄍㄨˋ ㄖㄨㄥˊ ㄑㄧㄤˊ ㄏㄨㄚˋ	1	11	材料化工	phrase.materials-chemistry.tsv	22	
固溶處理	ㄍㄨˋ ㄖㄨㄥˊ ㄔㄨˇ ㄌㄧˇ	1	11	材料化工	phrase.materials-chemistry.tsv	23	
國中會考	ㄍㄨㄛˊ ㄓㄨㄥ ㄏㄨㄟˋ ㄎㄠˇ	1	30	一般	phrase.general.tsv	31	
國共內戰	ㄍㄨㄛˊ ㄍㄨㄥˋ ㄋㄟˋ ㄓㄢˋ	1	13	歷史	phrase.history.tsv	43	
國共合作	ㄍㄨㄛˊ ㄍㄨㄥˋ ㄏㄜˊ ㄗㄨㄛˋ	1	13	歷史	phrase.history.tsv	44	
國家形成	ㄍㄨㄛˊ ㄐㄧㄚ ㄒㄧㄥˊ ㄔㄥˊ	1	12	歷史	phrase.history.tsv	45	
國家級警報	ㄍㄨㄛˊ ㄐㄧㄚ ㄐㄧˊ ㄐㄧㄥˇ ㄅㄠˋ	1	12	一般	phrase.general.tsv	32	
國家賠償	ㄍㄨㄛˊ ㄐㄧㄚ ㄆㄟˊ ㄔㄤˊ	1	12	法律	phrase.law.tsv	46	
國崎往人	ㄍㄨㄛˊ ㄑㄧˊ ㄨㄤˇ ㄖㄣˊ	0.009999999999999986	17	動漫	phrase.anime.tsv	497	
國木田獨步	ㄍㄨㄛˊ ㄇㄨˋ ㄊㄧㄢˊ ㄉㄨˊ ㄅㄨˋ	0.009999999999999986	17	動漫	phrase.anime.tsv	498	
國木田花丸	ㄍㄨㄛˊ ㄇㄨˋ ㄊㄧㄢˊ ㄏㄨㄚ ㄨㄢˊ	0.009999999999999986	9	動漫	phrase.anime.tsv	499	
國際教育	ㄍㄨㄛˊ ㄐㄧˋ ㄐㄧㄠˋ ㄩˋ	1	12	教育	phrase.education.tsv	25	
國際物流	ㄍㄨㄛˊ ㄐㄧˋ ㄨˋ ㄌㄧㄡˊ	1	12	交通物流	phrase.transport-logistics.tsv	30	
國際移民	ㄍㄨㄛˊ ㄐㄧˋ ㄧˊ ㄇㄧㄣˊ	1	12	心理社會	phrase.psychology-society.tsv	21	
園原杏里	ㄩㄢˊ ㄩㄢˊ ㄒㄧㄥˋ ㄌㄧˇ	0.009999999999999986	15	動漫	phrase.anime.tsv	500	
園崎詩音	ㄩㄢˊ ㄑㄧˊ ㄕ ㄧㄣ	0.009999999999999986	10	動漫	phrase.anime.tsv	501	
園崎魅音	ㄩㄢˊ ㄑㄧˊ ㄇㄟˋ ㄧㄣ	0.009999999999999986	15	動漫	phrase.anime.tsv	502	
園田海未	ㄩㄢˊ ㄊㄧㄢˊ ㄏㄞˇ ㄨㄟˋ	0.009999999999999986	15	動漫	phrase.anime.tsv	503	
園藝學	ㄩㄢˊ ㄧˋ ㄒㄩㄝˊ	1	14	農業食品	phrase.agriculture-food.tsv	10	
圓城寺仁	ㄩㄢˊ ㄔㄥˊ ㄙˋ ㄖㄣˊ	0.009999999999999986	12	動漫	phrase.anime.tsv	504	
圖像設計	ㄊㄨˊ ㄒㄧㄤˋ ㄕㄜˋ ㄐㄧˋ	1	12	媒體設計	phrase.media-design.tsv	26	
圖形處理器	ㄊㄨˊ ㄒㄧㄥˊ ㄔㄨˇ ㄌㄧˇ ㄑㄧˋ	1	3	晶片半導體	phrase.semiconductor.tsv	26	
圖靈	ㄊㄨˊ ㄌㄧㄥˊ	1	11	人名-歷史	phrase.people-history.tsv	23	
團體迷思	ㄊㄨㄢˊ ㄊㄧˇ ㄇㄧˊ ㄙ	1	12	心理社會	phrase.psychology-society.tsv	22	
土司制度	ㄊㄨˇ ㄙ ㄓˋ ㄉㄨˋ	1	10	歷史	phrase.history.tsv	47	
土地制度	ㄊㄨˇ ㄉㄧˋ ㄓˋ ㄉㄨˋ	1	11	歷史	phrase.history.tsv	48	
土地徵收	ㄊㄨˇ ㄉㄧˋ ㄓㄥ ㄕㄡ	1	12	建築土木	phrase.civil-engineering.tsv	39	
土地拓墾	ㄊㄨˇ ㄉㄧˋ ㄊㄨㄛˋ ㄎㄣˇ	1	12	歷史	phrase.history.tsv	49	
土地神	ㄊㄨˇ ㄉㄧˋ ㄕㄣˊ	0.009999999999999986	13	動漫	phrase.anime.tsv	507	
土壤改良	ㄊㄨˇ ㄖㄤˇ ㄍㄞˇ ㄌㄧㄤˊ	1	16	農業食品	phrase.agriculture-food.tsv	11	
土壤污染	ㄊㄨˇ ㄖㄤˇ ㄨ ㄖㄢˇ	1	10	環境能源	phrase.energy-environment.tsv	20	
土壤監測	ㄊㄨˇ ㄖㄤˇ ㄐㄧㄢ ㄘㄜˋ	1	11	環境能源	phrase.energy-environment.tsv	21	
土壤盤查	ㄊㄨˇ ㄖㄤˇ ㄆㄢˊ ㄔㄚˊ	1	10	環境能源	phrase.energy-environment.tsv	22	
土壤稽核	ㄊㄨˇ ㄖㄤˇ ㄐㄧ ㄏㄜˊ	1	10	環境能源	phrase.energy-environment.tsv	23	
土方十四郎	ㄊㄨˇ ㄈㄤ ㄕˊ ㄙˋ ㄌㄤˊ	0.009999999999999986	16	動漫	phrase.anime.tsv	508	
土方歲三	ㄊㄨˇ ㄈㄤ ㄙㄨㄟˋ ㄙㄢ	0.009999999999999986	12	動漫	phrase.anime.tsv	509	
土石流防治	ㄊㄨˇ ㄕˊ ㄌㄧㄡˊ ㄈㄤˊ ㄓˋ	1	3	建築土木	phrase.civil-engineering.tsv	40	
在地下城	ㄗㄞˋ ㄉㄧˋ ㄒㄧㄚˋ ㄔㄥˊ	0.009999999999999986	23	動漫	phrase.anime.tsv	510	
在製品水準	ㄗㄞˋ ㄓˋ ㄆㄧㄣˇ ㄕㄨㄟˇ ㄓㄨㄣˇ	1	7	工業工程	phrase.industrial-engineering.tsv	31	
地上最強	ㄉㄧˋ ㄕㄤˋ ㄗㄨㄟˋ ㄑㄧㄤˊ	0.009999999999999986	12	動漫	phrase.anime.tsv	511	
地下學生會	ㄉㄧˋ ㄒㄧㄚˋ ㄒㄩㄝˊ ㄕㄥ ㄏㄨㄟˋ	0.009999999999999986	12	動漫	phrase.anime.tsv	512	
地下水污染	ㄉㄧˋ ㄒㄧㄚˋ ㄕㄨㄟˇ ㄨ ㄖㄢˇ	1	3	環境能源	phrase.energy-environment.tsv	25	
地下水監測	ㄉㄧˋ ㄒㄧㄚˋ ㄕㄨㄟˇ ㄐㄧㄢ ㄘㄜˋ	1	4	環境能源	phrase.energy-environment.tsv	26	
地下水盤查	ㄉㄧˋ ㄒㄧㄚˋ ㄕㄨㄟˇ ㄆㄢˊ ㄔㄚˊ	1	3	環境能源	phrase.energy-environment.tsv	27	
地下水稽核	ㄉㄧˋ ㄒㄧㄚˋ ㄕㄨㄟˇ ㄐㄧ ㄏㄜˊ	1	3	環境能源	phrase.energy-environment.tsv	28	
地下連續壁	ㄉㄧˋ ㄒㄧㄚˋ ㄌㄧㄢˊ ㄒㄩˋ ㄅㄧˋ	1	4	建築土木	phrase.civil-engineering.tsv	43	
地動說	ㄉㄧˋ ㄉㄨㄥˋ ㄕㄨㄛ	0.009999999999999986	12	動漫	phrase.anime.tsv	513	
地場衛	ㄉㄧˋ ㄔㄤˇ ㄨㄟˋ	0.009999999999999986	12	動漫	phrase.anime.tsv	514	
地方史	ㄉㄧˋ ㄈㄤ ㄕˇ	1	12	歷史	phrase.history.tsv	50	
地滑監測	ㄉㄧˋ ㄏㄨㄚˊ ㄐㄧㄢ ㄘㄜˋ	1	10	建築土木	phrase.civil-engineering.tsv	44	
地熱發電	ㄉㄧˋ ㄖㄜˋ ㄈㄚ ㄉㄧㄢˋ	1	10	環境能源	phrase.energy-environment.tsv	29	
地獄少女	ㄉㄧˋ ㄩˋ ㄕㄠˋ ㄋㄩˇ	0.009999999999999986	22	動漫	phrase.anime.tsv	518	
地獄樂	ㄉㄧˋ ㄩˋ ㄌㄜˋ	0.009999999999999986	21	動漫	phrase.anime.tsv	519	
地獄的吹雪	ㄉㄧˋ ㄩˋ ㄉㄜ˙ ㄔㄨㄟ ㄒㄩㄝˇ	0.009999999999999986	14	動漫	phrase.anime.tsv	520	
地理大發現	ㄉㄧˋ ㄌㄧˇ ㄉㄚˋ ㄈㄚ ㄒㄧㄢˋ	1	4	歷史	phrase.history.tsv	51	
地盤修復	ㄉㄧˋ ㄆㄢˊ ㄒㄧㄡ ㄈㄨˋ	1	10	建築土木	phrase.civil-engineering.tsv	46	
地盤改良	ㄉㄧˋ ㄆㄢˊ ㄍㄞˇ ㄌㄧㄤˊ	1	10	建築土木	phrase.civil-engineering.tsv	47	
地盤施工	ㄉㄧˋ ㄆㄢˊ ㄕ ㄍㄨㄥ	1	10	建築土木	phrase.civil-engineering.tsv	48	
地盤檢驗	ㄉㄧˋ ㄆㄢˊ ㄐㄧㄢˇ ㄧㄢˋ	1	11	建築土木	phrase.civil-engineering.tsv	49	
地盤監測	ㄉㄧˋ ㄆㄢˊ ㄐㄧㄢ ㄘㄜˋ	1	11	建築土木	phrase.civil-engineering.tsv	50	
地盤補強	ㄉㄧˋ ㄆㄢˊ ㄅㄨˇ ㄑㄧㄤˊ	1	10	建築土木	phrase.civil-engineering.tsv	51	
地盤設計	ㄉㄧˋ ㄆㄢˊ ㄕㄜˋ ㄐㄧˋ	1	12	建築土木	phrase.civil-engineering.tsv	52	
地縛	ㄉㄧˋ ㄈㄨˊ	0.009999999999999986	22	動漫	phrase.anime.tsv	522	
地質鑽探	ㄉㄧˋ ㄓˊ ㄗㄨㄢ ㄊㄢˋ	1	10	建築土木	phrase.civil-engineering.tsv	53	
坂上智代	ㄅㄢˇ ㄕㄤˋ ㄓˋ ㄉㄞˋ	0.009999999999999986	15	動漫	phrase.anime.tsv	523	
坂井悠二	ㄅㄢˇ ㄐㄧㄥˇ ㄧㄡ ㄦˋ	0.009999999999999986	18	動漫	phrase.anime.tsv	524	
坂木靜香	ㄅㄢˇ ㄇㄨˋ ㄐㄧㄥˋ ㄒㄧㄤ	0.009999999999999986	14	動漫	phrase.anime.tsv	525	
坂本太郎	ㄅㄢˇ ㄅㄣˇ ㄊㄞˋ ㄌㄤˊ	0.009999999999999986	21	動漫	phrase.anime.tsv	526	
坂本日常	ㄅㄢˇ ㄅㄣˇ ㄖˋ ㄔㄤˊ	0.009999999999999986	23	動漫	phrase.anime.tsv	527	
坂本雄二	ㄅㄢˇ ㄅㄣˇ ㄒㄩㄥˊ ㄦˋ	0.009999999999999986	13	動漫	phrase.anime.tsv	528	
坂田銀時	ㄅㄢˇ ㄊㄧㄢˊ ㄧㄣˊ ㄕˊ	0.009999999999999986	24	動漫	phrase.anime.tsv	529	
均勻性	ㄐㄩㄣ ㄩㄣˊ ㄒㄧㄥˋ	1	11	晶片半導體	phrase.semiconductor.tsv	27	
均方誤差	ㄐㄩㄣ ㄈㄤ ㄨˋ ㄔㄚ	1	12	AI資料科學	phrase.ai-data-science.tsv	39	
坦派斯特	ㄊㄢˇ ㄆㄞˋ ㄙ ㄊㄜˋ	0.009999999999999986	23	動漫	phrase.anime.tsv	530	
垂直越權	ㄔㄨㄟˊ ㄓˊ ㄩㄝˋ ㄑㄩㄢˊ	1	11	網路資安	phrase.network-security.tsv	46	
埃爾	ㄞ ㄦˇ	0.009999999999999986	22	動漫	phrase.anime.tsv	531	
埃爾梅羅	ㄞ ㄦˇ ㄇㄟˊ ㄌㄨㄛˊ	0.009999999999999986	21	動漫	phrase.anime.tsv	532	
城之內克也	ㄔㄥˊ ㄓ ㄋㄟˋ ㄎㄜˋ ㄧㄝˇ	0.009999999999999986	15	動漫	phrase.anime.tsv	533	
城太郎	ㄔㄥˊ ㄊㄞˋ ㄌㄤˊ	0.009999999999999986	12	動漫	phrase.anime.tsv	534	
城市革命	ㄔㄥˊ ㄕˋ ㄍㄜˊ ㄇㄧㄥˋ	1	12	歷史	phrase.history.tsv	52	
城惠	ㄔㄥˊ ㄏㄨㄟˋ	0.009999999999999986	18	動漫	phrase.anime.tsv	535	
城戶丈	ㄔㄥˊ ㄏㄨˋ ㄓㄤˋ	0.009999999999999986	11	動漫	phrase.anime.tsv	536	
城次郎	ㄔㄥˊ ㄘˋ ㄌㄤˊ	0.009999999999999986	11	動漫	phrase.anime.tsv	537	
域間路由	ㄩˋ ㄐㄧㄢ ㄌㄨˋ ㄧㄡˊ	1	13	網路資安	phrase.network-security.tsv	47	
埴之塚光邦	ㄓˊ ㄓ ㄓㄨㄥˇ ㄍㄨㄤ ㄅㄤ	0.009999999999999986	11	動漫	phrase.anime.tsv	538	
執行進度	ㄓˊ ㄒㄧㄥˊ ㄐㄧㄣˋ ㄉㄨˋ	1	20	公務員公文	phrase.government.tsv	22	
基利艾拉特	ㄐㄧ ㄌㄧˋ ㄞˋ ㄌㄚ ㄊㄜˋ	0.009999999999999986	20	動漫	phrase.anime.tsv	539	
基因克隆	ㄐㄧ ㄧㄣ ㄎㄜˋ ㄌㄨㄥˊ	1	11	生技藥學	phrase.biotech-pharma.tsv	30	
基因定序	ㄐㄧ ㄧㄣ ㄉㄧㄥˋ ㄒㄩˋ	1	11	生技藥學	phrase.biotech-pharma.tsv	31	
基因敲入	ㄐㄧ ㄧㄣ ㄑㄧㄠ ㄖㄨˋ	1	11	生技藥學	phrase.biotech-pharma.tsv	32	
基因敲除	ㄐㄧ ㄧㄣ ㄑㄧㄠ ㄔㄨˊ	1	11	生技藥學	phrase.biotech-pharma.tsv	33	
基因編輯	ㄐㄧ ㄧㄣ ㄅㄧㄢ ㄐㄧˊ	1	11	生技藥學	phrase.biotech-pharma.tsv	34	
基因表現	ㄐㄧ ㄧㄣ ㄅㄧㄠˇ ㄒㄧㄢˋ	1	11	科學	phrase.science.tsv	23	
基因調控	ㄐㄧ ㄧㄣ ㄊㄧㄠˊ ㄎㄨㄥˋ	1	11	科學	phrase.science.tsv	24	
基因體學	ㄐㄧ ㄧㄣ ㄊㄧˇ ㄒㄩㄝˊ	1	11	生技藥學	phrase.biotech-pharma.tsv	35	
基本權	ㄐㄧ ㄅㄣˇ ㄑㄩㄢˊ	1	12	法律	phrase.law.tsv	47	
基準計畫	ㄐㄧ ㄓㄨㄣˇ ㄐㄧˋ ㄏㄨㄚˋ	1	12	商業	phrase.business.tsv	57	
基爾伯特	ㄐㄧ ㄦˇ ㄅㄛˊ ㄊㄜˋ	0.009999999999999986	20	動漫	phrase.anime.tsv	540	
基爾巴奈特	ㄐㄧ ㄦˇ ㄅㄚ ㄋㄞˋ ㄊㄜˋ	0.009999999999999986	14	動漫	phrase.anime.tsv	541	
基督教化	ㄐㄧ ㄉㄨ ㄐㄧㄠˋ ㄏㄨㄚˋ	1	11	歷史	phrase.history.tsv	53	
基礎修復	ㄐㄧ ㄔㄨˇ ㄒㄧㄡ ㄈㄨˋ	1	12	建築土木	phrase.civil-engineering.tsv	56	
基礎施工	ㄐㄧ ㄔㄨˇ ㄕ ㄍㄨㄥ	1	12	建築土木	phrase.civil-engineering.tsv	57	
基礎模型	ㄐㄧ ㄔㄨˇ ㄇㄛˊ ㄒㄧㄥˊ	1	13	AI資料科學	phrase.ai-data-science.tsv	40	
基礎檢驗	ㄐㄧ ㄔㄨˇ ㄐㄧㄢˇ ㄧㄢˋ	1	13	建築土木	phrase.civil-engineering.tsv	58	
基礎監測	ㄐㄧ ㄔㄨˇ ㄐㄧㄢ ㄘㄜˋ	1	13	建築土木	phrase.civil-engineering.tsv	59	
基礎補強	ㄐㄧ ㄔㄨˇ ㄅㄨˇ ㄑㄧㄤˊ	1	12	建築土木	phrase.civil-engineering.tsv	60	
基礎設施	ㄐㄧ ㄔㄨˇ ㄕㄜˋ ㄕ	1	4	軟體科學	phrase.software.tsv	24	
基礎設計	ㄐㄧ ㄔㄨˇ ㄕㄜˋ ㄐㄧˋ	1	13	建築土木	phrase.civil-engineering.tsv	61	
基載電力	ㄐㄧ ㄗㄞˋ ㄉㄧㄢˋ ㄌㄧˋ	1	12	環境能源	phrase.energy-environment.tsv	31	
堀京子	ㄐㄩㄝˊ ㄐㄧㄥ ㄗ˙	0.009999999999999986	20	動漫	phrase.anime.tsv	543	
堀政行	ㄐㄩㄝˊ ㄓㄥˋ ㄒㄧㄥˊ	0.009999999999999986	11	動漫	phrase.anime.tsv	544	
堀與宮村	ㄐㄩㄝˊ ㄩˇ ㄍㄨㄥ ㄘㄨㄣ	0.009999999999999986	22	動漫	phrase.anime.tsv	545	
堀越二郎	ㄐㄩㄝˊ ㄩㄝˋ ㄦˋ ㄌㄤˊ	0.009999999999999986	18	動漫	phrase.anime.tsv	546	
場地圭介	ㄔㄤˇ ㄉㄧˋ ㄍㄨㄟ ㄐㄧㄝˋ	0.009999999999999986	15	動漫	phrase.anime.tsv	547	
場效電晶體	ㄔㄤˇ ㄒㄧㄠˋ ㄉㄧㄢˋ ㄐㄧㄥ ㄊㄧˇ	1	6	電子電機	phrase.electronics.tsv	52	
場站規劃	ㄔㄤˇ ㄓㄢˋ ㄍㄨㄟ ㄏㄨㄚˋ	1	14	交通物流	phrase.transport-logistics.tsv	31	
塔兒朵	ㄊㄚˇ ㄦˊ ㄉㄨㄛˇ	0.009999999999999986	11	動漫	phrase.anime.tsv	548	
塔帕莎	ㄊㄚˇ ㄆㄚˋ ㄕㄚ	0.009999999999999986	12	動漫	phrase.anime.tsv	549	
塔矢亮	ㄊㄚˇ ㄕˇ ㄌㄧㄤˋ	0.009999999999999986	15	動漫	phrase.anime.tsv	550	
塔矢行洋	ㄊㄚˇ ㄕˇ ㄒㄧㄥˊ ㄧㄤˊ	0.009999999999999986	13	動漫	phrase.anime.tsv	551	
塔羅沙	ㄊㄚˇ ㄌㄨㄛˊ ㄕㄚ	0.009999999999999986	16	動漫	phrase.anime.tsv	552	
塔茲米	ㄊㄚˇ ㄗ ㄇㄧˇ	0.009999999999999986	15	動漫	phrase.anime.tsv	553	
塔荷	ㄊㄚˇ ㄏㄜˊ	0.009999999999999986	11	動漫	phrase.anime.tsv	554	
塚本天滿	ㄓㄨㄥˇ ㄅㄣˇ ㄊㄧㄢ ㄇㄢˇ	0.009999999999999986	18	動漫	phrase.anime.tsv	555	
塞爾堤	ㄙㄜˋ ㄦˇ ㄊㄧˊ	0.009999999999999986	10	動漫	phrase.anime.tsv	556	
境界之輪迴	ㄐㄧㄥˋ ㄐㄧㄝˋ ㄓ ㄌㄨㄣˊ ㄏㄨㄟˊ	0.009999999999999986	19	動漫	phrase.anime.tsv	557	
增多症	ㄗㄥ ㄉㄨㄛ ㄓㄥˋ	1	9	醫學	phrase.medicine.tsv	63	
增材製造	ㄗㄥ ㄘㄞˊ ㄓˋ ㄗㄠˋ	1	12	製造機械	phrase.manufacturing.tsv	25	
增益裕度	ㄗㄥ ㄧˋ ㄩˋ ㄉㄨˋ	1	11	電子電機	phrase.electronics.tsv	53	
增稠劑	ㄗㄥ ㄔㄡˊ ㄐㄧˋ	1	14	農業食品	phrase.agriculture-food.tsv	12	
增量學習	ㄗㄥ ㄌㄧㄤˋ ㄒㄩㄝˊ ㄒㄧˊ	1	12	AI資料科學	phrase.ai-data-science.tsv	42	
增額成本	ㄗㄥ ㄜˊ ㄔㄥˊ ㄅㄣˇ	1	12	財會金融	phrase.finance.tsv	33	
壓力測試	ㄧㄚ ㄌㄧˋ ㄘㄜˋ ㄕˋ	1	13	財會金融	phrase.finance.tsv	34	
壓縮彈簧	ㄧㄚ ㄙㄨㄛ ㄊㄢˊ ㄏㄨㄤˊ	1	10	製造機械	phrase.manufacturing.tsv	26	
壓縮試驗	ㄧㄚ ㄙㄨㄛ ㄕˋ ㄧㄢˋ	1	10	材料化工	phrase.materials-chemistry.tsv	24	
壓迫性骨折	ㄧㄚ ㄆㄛˋ ㄒㄧㄥˋ ㄍㄨˇ ㄓㄜˊ	1	4	醫學	phrase.medicine.tsv	65	
壓鑄模具	ㄧㄚ ㄓㄨˋ ㄇㄨˊ ㄐㄩˋ	1	9	製造機械	phrase.manufacturing.tsv	27	
壓鑄機	ㄧㄚ ㄓㄨˋ ㄐㄧ	1	14	製造機械	phrase.manufacturing.tsv	28	
壓電材料	ㄧㄚ ㄉㄧㄢˋ ㄘㄞˊ ㄌㄧㄠˋ	1	10	材料化工	phrase.materials-chemistry.tsv	25	
壞死性	ㄏㄨㄞˋ ㄙˇ ㄒㄧㄥˋ	1	10	醫學	phrase.medicine.tsv	66	
士遠	ㄕˋ ㄩㄢˇ	0.009999999999999986	13	動漫	phrase.anime.tsv	558	
壬氏	ㄖㄣˊ ㄕˋ	0.009999999999999986	19	動漫	phrase.anime.tsv	559	
壬生浪士組	ㄖㄣˊ ㄕㄥ ㄌㄤˋ ㄕˋ ㄗㄨˇ	0.009999999999999986	10	動漫	phrase.anime.tsv	560	
夏娜	ㄒㄧㄚˋ ㄋㄚˋ	0.009999999999999986	24	動漫	phrase.anime.tsv	561	
夏子	ㄒㄧㄚˋ ㄗ˙	0.009999999999999986	15	動漫	phrase.anime.tsv	562	
夏提雅	ㄒㄧㄚˋ ㄊㄧˊ ㄧㄚˇ	0.009999999999999986	17	動漫	phrase.anime.tsv	563	
夏日大作戰	ㄒㄧㄚˋ ㄖˋ ㄉㄚˋ ㄗㄨㄛˋ ㄓㄢˋ	0.009999999999999986	22	動漫	phrase.anime.tsv	564	
夏日重現	ㄒㄧㄚˋ ㄖˋ ㄔㄨㄥˊ ㄒㄧㄢˋ	0.009999999999999986	24	動漫	phrase.anime.tsv	565	
夏油傑	ㄒㄧㄚˋ ㄧㄡˊ ㄐㄧㄝˊ	0.009999999999999986	13	動漫	phrase.anime.tsv	566	
夏洛特貝琉	ㄒㄧㄚˋ ㄌㄨㄛˋ ㄊㄜˋ ㄅㄟˋ ㄌㄧㄡˊ	0.009999999999999986	13	動漫	phrase.anime.tsv	568	
夏目友人帳	ㄒㄧㄚˋ ㄇㄨˋ ㄧㄡˇ ㄖㄣˊ ㄓㄤˋ	0.009999999999999986	25	動漫	phrase.anime.tsv	569	
夏目朝子	ㄒㄧㄚˋ ㄇㄨˋ ㄔㄠˊ ㄗ˙	0.009999999999999986	14	動漫	phrase.anime.tsv	570	
夏目貴志	ㄒㄧㄚˋ ㄇㄨˋ ㄍㄨㄟˋ ㄓˋ	0.009999999999999986	23	動漫	phrase.anime.tsv	571	
夏莉歐	ㄒㄧㄚˋ ㄌㄧˋ ㄡ	0.009999999999999986	11	動漫	phrase.anime.tsv	573	
夏蘿蘭茲	ㄒㄧㄚˋ ㄌㄨㄛˊ ㄌㄢˊ ㄗ	0.009999999999999986	11	動漫	phrase.anime.tsv	574	
夕霧	ㄒㄧˋ ㄨˋ	0.009999999999999986	12	動漫	phrase.anime.tsv	575	
外圓磨削	ㄨㄞˋ ㄩㄢˊ ㄇㄛˊ ㄒㄩㄝ	1	13	製造機械	phrase.manufacturing.tsv	29	
外在動機	ㄨㄞˋ ㄗㄞˋ ㄉㄨㄥˋ ㄐㄧ	1	11	教育	phrase.education.tsv	26	
外控	ㄨㄞˋ ㄎㄨㄥˋ	1	13	心理社會	phrase.psychology-society.tsv	23	
外殼節能	ㄨㄞˋ ㄎㄜˊ ㄐㄧㄝˊ ㄋㄥˊ	1	11	建築土木	phrase.civil-engineering.tsv	63	
外牆工程	ㄨㄞˋ ㄑㄧㄤˊ ㄍㄨㄥ ㄔㄥˊ	1	11	建築土木	phrase.civil-engineering.tsv	64	
外送平台	ㄨㄞˋ ㄙㄨㄥˋ ㄆㄧㄥˊ ㄊㄞˊ	1	20	一般	phrase.general.tsv	34	
外送服務	ㄨㄞˋ ㄙㄨㄥˋ ㄈㄨˊ ㄨˋ	1	18	一般	phrase.general.tsv	35	
外部批判	ㄨㄞˋ ㄅㄨˋ ㄆㄧ ㄆㄢˋ	1	10	歷史	phrase.history.tsv	54	
外顯子定序	ㄨㄞˋ ㄒㄧㄢˇ ㄗˇ ㄉㄧㄥˋ ㄒㄩˋ	1	6	生技藥學	phrase.biotech-pharma.tsv	36	
多代理系統	ㄉㄨㄛ ㄉㄞˋ ㄌㄧˇ ㄒㄧˋ ㄊㄨㄥˇ	1	7	AI資料科學	phrase.ai-data-science.tsv	43	
多任務學習	ㄉㄨㄛ ㄖㄣˋ ㄨˋ ㄒㄩㄝˊ ㄒㄧˊ	1	6	AI資料科學	phrase.ai-data-science.tsv	44	
多元評量	ㄉㄨㄛ ㄩㄢˊ ㄆㄧㄥˊ ㄌㄧㄤˊ	1	11	教育	phrase.education.tsv	27	
多元選修	ㄉㄨㄛ ㄩㄢˊ ㄒㄩㄢˇ ㄒㄧㄡ	1	11	教育	phrase.education.tsv	28	
多品種	ㄉㄨㄛ ㄆㄧㄣˇ ㄓㄨㄥˇ	1	13	工業工程	phrase.industrial-engineering.tsv	32	
多囊性	ㄉㄨㄛ ㄋㄤˊ ㄒㄧㄥˋ	1	12	醫學	phrase.medicine.tsv	67	
多因素驗證	ㄉㄨㄛ ㄧㄣ ㄙㄨˋ ㄧㄢˋ ㄓㄥˋ	1	9	一般	phrase.general.tsv	36	
多姆海伍	ㄉㄨㄛ ㄇㄨˇ ㄏㄞˇ ㄨˇ	0.009999999999999986	22	動漫	phrase.anime.tsv	576	
多尼多尼	ㄉㄨㄛ ㄋㄧˊ ㄉㄨㄛ ㄋㄧˊ	0.009999999999999986	13	動漫	phrase.anime.tsv	577	
多工	ㄉㄨㄛ ㄍㄨㄥ	0.009999999999999986	11	電子電機	phrase.electronics.tsv	54	
多式聯運	ㄉㄨㄛ ㄕˋ ㄌㄧㄢˊ ㄩㄣˋ	1	13	交通物流	phrase.transport-logistics.tsv	32	
多拉格尼爾	ㄉㄨㄛ ㄌㄚ ㄍㄜˊ ㄋㄧˊ ㄦˇ	0.009999999999999986	22	動漫	phrase.anime.tsv	578	
多明尼克	ㄉㄨㄛ ㄇㄧㄥˊ ㄋㄧˊ ㄎㄜˋ	0.009999999999999986	8	動漫	phrase.anime.tsv	579	
多模態	ㄉㄨㄛ ㄇㄛˊ ㄊㄞˋ	1	8	一般	phrase.general.tsv	37	
多模態模型	ㄉㄨㄛ ㄇㄛˊ ㄊㄞˋ ㄇㄛˊ ㄒㄧㄥˊ	1	15	AI資料科學	phrase.ai-data-science.tsv	45	
多準則決策	ㄉㄨㄛ ㄓㄨㄣˇ ㄗㄜˊ ㄐㄩㄝˊ ㄘㄜˋ	1	6	工業工程	phrase.industrial-engineering.tsv	33	
多版本	ㄉㄨㄛ ㄅㄢˇ ㄅㄣˇ	1	14	軟體科學	phrase.software.tsv	25	
多田萬里	ㄉㄨㄛ ㄊㄧㄢˊ ㄨㄢˋ ㄌㄧˇ	0.009999999999999986	18	動漫	phrase.anime.tsv	580	
多能	ㄉㄨㄛ ㄋㄥˊ	1	9	生技藥學	phrase.biotech-pharma.tsv	37	
多莉	ㄉㄨㄛ ㄌㄧˋ	0.009999999999999986	13	動漫	phrase.anime.tsv	581	
多軌透	ㄉㄨㄛ ㄍㄨㄟˇ ㄊㄡˋ	0.009999999999999986	14	動漫	phrase.anime.tsv	582	
多軸加工	ㄉㄨㄛ ㄓㄡˊ ㄐㄧㄚ ㄍㄨㄥ	1	13	製造機械	phrase.manufacturing.tsv	30	
多輸入	ㄉㄨㄛ ㄕㄨ ㄖㄨˋ	1	10	電子電機	phrase.electronics.tsv	55	
多輸出	ㄉㄨㄛ ㄕㄨ ㄔㄨ	1	10	電子電機	phrase.electronics.tsv	56	
多重圖案化	ㄉㄨㄛ ㄔㄨㄥˊ ㄊㄨˊ ㄢˋ ㄏㄨㄚˋ	1	4	晶片半導體	phrase.semiconductor.tsv	30	
多重障礙	ㄉㄨㄛ ㄔㄨㄥˊ ㄓㄤˋ ㄞˋ	1	10	教育	phrase.education.tsv	29	
多項式迴歸	ㄉㄨㄛ ㄒㄧㄤˋ ㄕˋ ㄏㄨㄟˊ ㄍㄨㄟ	1	3	AI資料科學	phrase.ai-data-science.tsv	46	
多頭注意力	ㄉㄨㄛ ㄊㄡˊ ㄓㄨˋ ㄧˋ ㄌㄧˋ	1	3	AI資料科學	phrase.ai-data-science.tsv	47	
夜刀神十香	ㄧㄝˋ ㄉㄠ ㄕㄣˊ ㄕˊ ㄒㄧㄤ	0.009999999999999986	19	動漫	phrase.anime.tsv	583	
夜刀神狗朗	ㄧㄝˋ ㄉㄠ ㄕㄣˊ ㄍㄡˇ ㄌㄤˇ	0.009999999999999986	15	動漫	phrase.anime.tsv	584	
夜叉姬	ㄧㄝˋ ㄔㄚ ㄐㄧ	0.009999999999999986	20	動漫	phrase.anime.tsv	585	
夜叉神天衣	ㄧㄝˋ ㄔㄚ ㄕㄣˊ ㄊㄧㄢ ㄧ	0.009999999999999986	11	動漫	phrase.anime.tsv	586	
夜城	ㄧㄝˋ ㄔㄥˊ	0.009999999999999986	14	動漫	phrase.anime.tsv	587	
夜櫻	ㄧㄝˋ ㄧㄥ	0.009999999999999986	24	動漫	phrase.anime.tsv	589	
夜櫻二刃	ㄧㄝˋ ㄧㄥ ㄦˋ ㄖㄣˋ	0.009999999999999986	12	動漫	phrase.anime.tsv	590	
夜櫻六美	ㄧㄝˋ ㄧㄥ ㄌㄧㄡˋ ㄇㄟˇ	0.009999999999999986	15	動漫	phrase.anime.tsv	591	
夜櫻凶一郎	ㄧㄝˋ ㄧㄥ ㄒㄩㄥ ㄧ ㄌㄤˊ	0.009999999999999986	14	動漫	phrase.anime.tsv	592	
夜櫻家	ㄧㄝˋ ㄧㄥ ㄐㄧㄚ	0.009999999999999986	12	動漫	phrase.anime.tsv	593	
夜櫻辛三	ㄧㄝˋ ㄧㄥ ㄒㄧㄣ ㄙㄢ	0.009999999999999986	11	動漫	phrase.anime.tsv	594	
夜神月	ㄧㄝˋ ㄕㄣˊ ㄩㄝˋ	0.009999999999999986	24	動漫	phrase.anime.tsv	595	
夜見介大	ㄧㄝˋ ㄐㄧㄢˋ ㄐㄧㄝˋ ㄉㄚˋ	0.009999999999999986	14	動漫	phrase.anime.tsv	597	
夢幻島	ㄇㄥˋ ㄏㄨㄢˋ ㄉㄠˇ	0.009999999999999986	24	動漫	phrase.anime.tsv	598	
大冒險	ㄉㄚˋ ㄇㄠˋ ㄒㄧㄢˇ	0.009999999999999986	24	動漫	phrase.anime.tsv	601	
大原大次郎	ㄉㄚˋ ㄩㄢˊ ㄉㄚˋ ㄘˋ ㄌㄤˊ	0.009999999999999986	16	動漫	phrase.anime.tsv	602	
大和凜子	ㄉㄚˋ ㄏㄜˊ ㄌㄧㄣˇ ㄗ˙	0.009999999999999986	15	動漫	phrase.anime.tsv	603	
大垣千明	ㄉㄚˋ ㄩㄢˊ ㄑㄧㄢ ㄇㄧㄥˊ	0.009999999999999986	17	動漫	phrase.anime.tsv	604	
大城光	ㄉㄚˋ ㄔㄥˊ ㄍㄨㄤ	0.009999999999999986	13	動漫	phrase.anime.tsv	605	
大場奈奈	ㄉㄚˋ ㄔㄤˇ ㄋㄞˋ ㄋㄞˋ	0.009999999999999986	9	動漫	phrase.anime.tsv	606	
大學生活	ㄉㄚˋ ㄒㄩㄝˊ ㄕㄥ ㄏㄨㄛˊ	0.009999999999999986	12	動漫	phrase.anime.tsv	607	
大宮忍	ㄉㄚˋ ㄍㄨㄥ ㄖㄣˇ	0.009999999999999986	17	動漫	phrase.anime.tsv	608	
大崎娜娜	ㄉㄚˋ ㄑㄧˊ ㄋㄚˋ ㄋㄚˋ	0.009999999999999986	21	動漫	phrase.anime.tsv	609	
大木大樹	ㄉㄚˋ ㄇㄨˋ ㄉㄚˋ ㄕㄨˋ	0.009999999999999986	19	動漫	phrase.anime.tsv	610	
大正民主	ㄉㄚˋ ㄓㄥˋ ㄇㄧㄣˊ ㄓㄨˇ	1	13	歷史	phrase.history.tsv	55	
大江奏	ㄉㄚˋ ㄐㄧㄤ ㄗㄡˋ	0.009999999999999986	12	動漫	phrase.anime.tsv	611	
大腸憩室炎	ㄉㄚˋ ㄔㄤˊ ㄑㄧˋ ㄕˋ ㄧㄢˊ	1	3	醫學	phrase.medicine.tsv	70	
大腸鏡檢查	ㄉㄚˋ ㄔㄤˊ ㄐㄧㄥˋ ㄐㄧㄢˇ ㄔㄚˊ	1	4	醫學	phrase.medicine.tsv	71	
大航海時代	ㄉㄚˋ ㄏㄤˊ ㄏㄞˇ ㄕˊ ㄉㄞˋ	1	6	歷史	phrase.history.tsv	56	
大語言模型	ㄉㄚˋ ㄩˇ ㄧㄢˊ ㄇㄛˊ ㄒㄧㄥˊ	1	18	一般	phrase.general.tsv	39	
大賢者	ㄉㄚˋ ㄒㄧㄢˊ ㄓㄜˇ	0.009999999999999986	15	動漫	phrase.anime.tsv	615	
大路餅藏	ㄉㄚˋ ㄌㄨˋ ㄅㄧㄥˇ ㄗㄤˋ	0.009999999999999986	15	動漫	phrase.anime.tsv	616	
大道寺知世	ㄉㄚˋ ㄉㄠˋ ㄙˋ ㄓ ㄕˋ	0.009999999999999986	19	動漫	phrase.anime.tsv	617	
大門兄弟	ㄉㄚˋ ㄇㄣˊ ㄒㄩㄥ ㄉㄧˋ	0.009999999999999986	12	動漫	phrase.anime.tsv	618	
天下大將軍	ㄊㄧㄢ ㄒㄧㄚˋ ㄉㄚˋ ㄐㄧㄤ ㄐㄩㄣ	0.009999999999999986	13	動漫	phrase.anime.tsv	620	
天國大魔境	ㄊㄧㄢ ㄍㄨㄛˊ ㄉㄚˋ ㄇㄛˊ ㄐㄧㄥˋ	0.009999999999999986	22	動漫	phrase.anime.tsv	624	
天堂之吻	ㄊㄧㄢ ㄊㄤˊ ㄓ ㄨㄣˇ	0.009999999999999986	19	動漫	phrase.anime.tsv	625	
天堂真矢	ㄊㄧㄢ ㄊㄤˊ ㄓㄣ ㄕˇ	0.009999999999999986	14	動漫	phrase.anime.tsv	626	
天天座理世	ㄊㄧㄢ ㄊㄧㄢ ㄗㄨㄛˋ ㄌㄧˇ ㄕˋ	0.009999999999999986	14	動漫	phrase.anime.tsv	627	
天才千金	ㄊㄧㄢ ㄘㄞˊ ㄑㄧㄢ ㄐㄧㄣ	0.009999999999999986	19	動漫	phrase.anime.tsv	628	
天敵昆蟲	ㄊㄧㄢ ㄉㄧˊ ㄎㄨㄣ ㄔㄨㄥˊ	1	12	農業食品	phrase.agriculture-food.tsv	13	
天木鍊	ㄊㄧㄢ ㄇㄨˋ ㄌㄧㄢˋ	0.009999999999999986	13	動漫	phrase.anime.tsv	629	
天氣之子	ㄊㄧㄢ ㄑㄧˋ ㄓ ㄗˇ	0.009999999999999986	25	動漫	phrase.anime.tsv	631	
天海春香	ㄊㄧㄢ ㄏㄞˇ ㄔㄨㄣ ㄒㄧㄤ	0.009999999999999986	20	動漫	phrase.anime.tsv	632	
天線增益	ㄊㄧㄢ ㄒㄧㄢˋ ㄗㄥ ㄧˋ	1	10	電子電機	phrase.electronics.tsv	58	
天線工程	ㄊㄧㄢ ㄒㄧㄢˋ ㄍㄨㄥ ㄔㄥˊ	1	11	電子電機	phrase.electronics.tsv	59	
天線校正	ㄊㄧㄢ ㄒㄧㄢˋ ㄐㄧㄠˋ ㄓㄥˋ	1	10	電子電機	phrase.electronics.tsv	60	
天線模擬	ㄊㄧㄢ ㄒㄧㄢˋ ㄇㄛˊ ㄋㄧˇ	1	10	電子電機	phrase.electronics.tsv	61	
天線熱分析	ㄊㄧㄢ ㄒㄧㄢˋ ㄖㄜˋ ㄈㄣ ㄒㄧ	1	4	電子電機	phrase.electronics.tsv	62	
天線設計	ㄊㄧㄢ ㄒㄧㄢˋ ㄕㄜˋ ㄐㄧˋ	1	12	電子電機	phrase.electronics.tsv	63	
天線量測	ㄊㄧㄢ ㄒㄧㄢˋ ㄌㄧㄤˊ ㄘㄜˋ	1	10	電子電機	phrase.electronics.tsv	64	
天線除錯	ㄊㄧㄢ ㄒㄧㄢˋ ㄔㄨˊ ㄘㄨㄛˋ	1	10	電子電機	phrase.electronics.tsv	65	
天線驗證	ㄊㄧㄢ ㄒㄧㄢˋ ㄧㄢˋ ㄓㄥˋ	1	10	電子電機	phrase.electronics.tsv	66	
天草篠	ㄊㄧㄢ ㄘㄠˇ ㄒㄧㄠˇ	0.009999999999999986	15	動漫	phrase.anime.tsv	635	
天道茜	ㄊㄧㄢ ㄉㄠˋ ㄑㄧㄢˋ	0.009999999999999986	20	動漫	phrase.anime.tsv	636	
天道輝	ㄊㄧㄢ ㄉㄠˋ ㄏㄨㄟ	0.009999999999999986	20	動漫	phrase.anime.tsv	637	
天道靡	ㄊㄧㄢ ㄉㄠˋ ㄇㄧˇ	0.009999999999999986	12	動漫	phrase.anime.tsv	638	
天野凪	ㄊㄧㄢ ㄧㄝˇ ㄓˇ	0.009999999999999986	17	動漫	phrase.anime.tsv	639	
天野陽菜	ㄊㄧㄢ ㄧㄝˇ ㄧㄤˊ ㄘㄞˋ	0.009999999999999986	20	動漫	phrase.anime.tsv	640	
天野雪輝	ㄊㄧㄢ ㄧㄝˇ ㄒㄩㄝˇ ㄏㄨㄟ	0.009999999999999986	20	動漫	phrase.anime.tsv	641	
天馬賢三	ㄊㄧㄢ ㄇㄚˇ ㄒㄧㄢˊ ㄙㄢ	0.009999999999999986	22	動漫	phrase.anime.tsv	642	
天體物理	ㄊㄧㄢ ㄊㄧˇ ㄨˋ ㄌㄧˇ	1	10	科學	phrase.science.tsv	25	
太刀川美美	ㄊㄞˋ ㄉㄠ ㄔㄨㄢ ㄇㄟˇ ㄇㄟˇ	0.009999999999999986	13	動漫	phrase.anime.tsv	643	
太宰治	ㄊㄞˋ ㄗㄞˇ ㄓˋ	0.009999999999999986	19	動漫	phrase.anime.tsv	644	
太陽之手	ㄊㄞˋ ㄧㄤˊ ㄓ ㄕㄡˇ	0.009999999999999986	10	動漫	phrase.anime.tsv	645	
太陽光電	ㄊㄞˋ ㄧㄤˊ ㄍㄨㄤ ㄉㄧㄢˋ	1	10	環境能源	phrase.energy-environment.tsv	33	
太陽熱能	ㄊㄞˋ ㄧㄤˊ ㄖㄜˋ ㄋㄥˊ	1	10	環境能源	phrase.energy-environment.tsv	34	
失憶投捕	ㄕ ㄧˋ ㄊㄡˊ ㄅㄨˇ	0.009999999999999986	20	動漫	phrase.anime.tsv	646	
失效分析	ㄕ ㄒㄧㄠˋ ㄈㄣ ㄒㄧ	1	16	材料化工	phrase.materials-chemistry.tsv	26	
失效模式	ㄕ ㄒㄧㄠˋ ㄇㄛˊ ㄕˋ	1	10	工業工程	phrase.industrial-engineering.tsv	34	
失馬	ㄕ ㄇㄚˇ	0.009999999999999986	9	動漫	phrase.anime.tsv	647	
奇佐爾緹	ㄑㄧˊ ㄗㄨㄛˇ ㄦˇ ㄊㄧˊ	0.009999999999999986	14	動漫	phrase.anime.tsv	648	
奇古	ㄑㄧˊ ㄍㄨˇ	0.009999999999999986	12	動漫	phrase.anime.tsv	649	
奇巧計程車	ㄑㄧˊ ㄑㄧㄠˇ ㄐㄧˋ ㄔㄥˊ ㄔㄜ	0.009999999999999986	23	動漫	phrase.anime.tsv	650	
奇犽	ㄑㄧˊ ㄧㄚˊ	0.009999999999999986	21	動漫	phrase.anime.tsv	651	
奈奈華	ㄋㄞˋ ㄋㄞˋ ㄏㄨㄚˊ	0.009999999999999986	13	動漫	phrase.anime.tsv	652	
奈奎斯特圖	ㄋㄞˋ ㄎㄨㄟˊ ㄙ ㄊㄜˋ ㄊㄨˊ	1	4	電子電機	phrase.electronics.tsv	67	
奈米壓痕	ㄋㄞˋ ㄇㄧˇ ㄧㄚ ㄏㄣˊ	1	11	材料化工	phrase.materials-chemistry.tsv	27	
奈米片	ㄋㄞˋ ㄇㄧˇ ㄆㄧㄢˋ	1	11	晶片半導體	phrase.semiconductor.tsv	31	
奈米線	ㄋㄞˋ ㄇㄧˇ ㄒㄧㄢˋ	1	11	晶片半導體	phrase.semiconductor.tsv	32	
奈米過濾	ㄋㄞˋ ㄇㄧˇ ㄍㄨㄛˋ ㄌㄩˋ	1	11	材料化工	phrase.materials-chemistry.tsv	29	
奈落	ㄋㄞˋ ㄌㄨㄛˋ	0.009999999999999986	11	動漫	phrase.anime.tsv	653	
奈葉	ㄋㄞˋ ㄧㄝˋ	0.009999999999999986	22	動漫	phrase.anime.tsv	654	
契約成立	ㄑㄧˋ ㄩㄝ ㄔㄥˊ ㄌㄧˋ	1	11	法律	phrase.law.tsv	49	
契約終止	ㄑㄧˋ ㄩㄝ ㄓㄨㄥ ㄓˇ	1	11	法律	phrase.law.tsv	50	
契約自由	ㄑㄧˋ ㄩㄝ ㄗˋ ㄧㄡˊ	1	11	法律	phrase.law.tsv	51	
契約解除	ㄑㄧˋ ㄩㄝ ㄐㄧㄝˇ ㄔㄨˊ	1	11	法律	phrase.law.tsv	52	
套索迴歸	ㄊㄠˋ ㄙㄨㄛˇ ㄏㄨㄟˊ ㄍㄨㄟ	1	12	AI資料科學	phrase.ai-data-science.tsv	48	
套袋	ㄊㄠˋ ㄉㄞˋ	1	13	農業食品	phrase.agriculture-food.tsv	14	
奧伊卡茲	ㄠˋ ㄧ ㄎㄚˇ ㄗ	0.009999999999999986	15	動漫	phrase.anime.tsv	655	
奧克茲	ㄠˋ ㄎㄜˋ ㄗ	0.009999999999999986	14	動漫	phrase.anime.tsv	656	
奧寺美紀	ㄠˋ ㄙˋ ㄇㄟˇ ㄐㄧˋ	0.009999999999999986	17	動漫	phrase.anime.tsv	657	
奧山真澄	ㄠˋ ㄕㄢ ㄓㄣ ㄔㄥˊ	0.009999999999999986	12	動漫	phrase.anime.tsv	658	
奧村燐	ㄠˋ ㄘㄨㄣ ㄌㄧㄣˊ	0.009999999999999986	18	動漫	phrase.anime.tsv	659	
奧村英二	ㄠˋ ㄘㄨㄣ ㄧㄥ ㄦˋ	0.009999999999999986	18	動漫	phrase.anime.tsv	660	
奧村雪男	ㄠˋ ㄘㄨㄣ ㄒㄩㄝˇ ㄋㄢˊ	0.009999999999999986	15	動漫	phrase.anime.tsv	661	
奧森	ㄠˋ ㄙㄣ	0.009999999999999986	12	動漫	phrase.anime.tsv	662	
奧茲貝	ㄠˋ ㄗ ㄅㄟˋ	0.009999999999999986	18	動漫	phrase.anime.tsv	663	
奧黛莉伯恩	ㄠˋ ㄉㄞˋ ㄌㄧˋ ㄅㄛˊ ㄣ	0.009999999999999986	15	動漫	phrase.anime.tsv	664	
女亂馬	ㄋㄩˇ ㄌㄨㄢˋ ㄇㄚˇ	0.009999999999999986	15	動漫	phrase.anime.tsv	665	
女僕拿鐵	ㄋㄩˇ ㄆㄨˊ ㄋㄚˊ ㄊㄧㄝˇ	0.009999999999999986	12	動漫	phrase.anime.tsv	667	
女神咖啡廳	ㄋㄩˇ ㄕㄣˊ ㄎㄚ ㄈㄟ ㄊㄧㄥ	0.009999999999999986	20	動漫	phrase.anime.tsv	670	
女神官	ㄋㄩˇ ㄕㄣˊ ㄍㄨㄢ	0.009999999999999986	16	動漫	phrase.anime.tsv	671	
奴良滑瓢	ㄋㄨˊ ㄌㄧㄤˊ ㄏㄨㄚˊ ㄆㄧㄠˊ	0.009999999999999986	11	動漫	phrase.anime.tsv	673	
奴良陸生	ㄋㄨˊ ㄌㄧㄤˊ ㄌㄨˋ ㄕㄥ	0.009999999999999986	18	動漫	phrase.anime.tsv	674	
好氧消化	ㄏㄠˋ ㄧㄤˇ ㄒㄧㄠ ㄏㄨㄚˋ	1	13	環境能源	phrase.energy-environment.tsv	36	
如月千早	ㄖㄨˊ ㄩㄝˋ ㄑㄧㄢ ㄗㄠˇ	0.009999999999999986	17	動漫	phrase.anime.tsv	675	
妄想學生會	ㄨㄤˋ ㄒㄧㄤˇ ㄒㄩㄝˊ ㄕㄥ ㄏㄨㄟˋ	0.009999999999999986	20	動漫	phrase.anime.tsv	676	
妊娠糖尿病	ㄖㄣˋ ㄔㄣˊ ㄊㄤˊ ㄋㄧㄠˋ ㄅㄧㄥˋ	1	3	醫學	phrase.medicine.tsv	73	
妖怪少爺	ㄧㄠ ㄍㄨㄞˋ ㄕㄠˋ ㄧㄝˊ	0.009999999999999986	20	動漫	phrase.anime.tsv	677	
妖精尾巴	ㄧㄠ ㄐㄧㄥ ㄨㄟˇ ㄅㄚ	0.009999999999999986	14	動漫	phrase.anime.tsv	678	
妖精弓手	ㄧㄠ ㄐㄧㄥ ㄍㄨㄥ ㄕㄡˇ	0.009999999999999986	14	動漫	phrase.anime.tsv	679	
妨害公務罪	ㄈㄤˊ ㄏㄞˋ ㄍㄨㄥ ㄨˋ ㄗㄨㄟˋ	1	3	法律	phrase.law.tsv	53	
妨害名譽罪	ㄈㄤˊ ㄏㄞˋ ㄇㄧㄥˊ ㄩˋ ㄗㄨㄟˋ	1	3	法律	phrase.law.tsv	54	
妨害生命罪	ㄈㄤˊ ㄏㄞˋ ㄕㄥ ㄇㄧㄥˋ ㄗㄨㄟˋ	1	3	法律	phrase.law.tsv	55	
妨害秘密罪	ㄈㄤˊ ㄏㄞˋ ㄇㄧˋ ㄇㄧˋ ㄗㄨㄟˋ	1	3	法律	phrase.law.tsv	56	
妨害自由罪	ㄈㄤˊ ㄏㄞˋ ㄗˋ ㄧㄡˊ ㄗㄨㄟˋ	1	3	法律	phrase.law.tsv	57	
妮亞	ㄋㄧˊ ㄧㄚˇ	0.009999999999999986	14	動漫	phrase.anime.tsv	681	
妮可羅賓	ㄋㄧˊ ㄎㄜˇ ㄌㄨㄛˊ ㄅㄧㄣ	0.009999999999999986	12	動漫	phrase.anime.tsv	682	
妮娜弗多拿	ㄋㄧˊ ㄋㄚˋ ㄈㄨˊ ㄉㄨㄛ ㄋㄚˊ	0.009999999999999986	17	動漫	phrase.anime.tsv	683	
妮絲	ㄋㄧˊ ㄙ	0.009999999999999986	19	動漫	phrase.anime.tsv	684	
妹尾愛子	ㄇㄟˋ ㄨㄟˇ ㄞˋ ㄗˇ	0.009999999999999986	15	動漫	phrase.anime.tsv	686	
妹控	ㄇㄟˋ ㄎㄨㄥˋ	0.009999999999999986	13	動漫	phrase.anime.tsv	687	
姆魯姆魯	ㄇㄨˇ ㄌㄨˇ ㄇㄨˇ ㄌㄨˇ	0.009999999999999986	12	動漫	phrase.anime.tsv	688	
委任契約	ㄨㄟˇ ㄖㄣˋ ㄑㄧˋ ㄩㄝ	1	10	法律	phrase.law.tsv	58	
委辦案件	ㄨㄟˇ ㄅㄢˋ ㄢˋ ㄐㄧㄢˋ	1	15	公務員公文	phrase.government.tsv	24	
姬坂乃愛	ㄐㄧ ㄅㄢˇ ㄋㄞˇ ㄞˋ	0.009999999999999986	11	動漫	phrase.anime.tsv	689	
姬路瑞希	ㄐㄧ ㄌㄨˋ ㄖㄨㄟˋ ㄒㄧ	0.009999999999999986	17	動漫	phrase.anime.tsv	690	
姿態估計	ㄗ ㄊㄞˋ ㄍㄨ ㄐㄧˋ	1	10	AI資料科學	phrase.ai-data-science.tsv	49	
威脅偵測	ㄨㄟ ㄒㄧㄝˊ ㄓㄣ ㄘㄜˋ	1	13	網路資安	phrase.network-security.tsv	50	
威脅建模	ㄨㄟ ㄒㄧㄝˊ ㄐㄧㄢˋ ㄇㄛˊ	1	11	網路資安	phrase.network-security.tsv	51	
威脅情資	ㄨㄟ ㄒㄧㄝˊ ㄑㄧㄥˊ ㄗ	1	11	網路資安	phrase.network-security.tsv	52	
威脅獵捕	ㄨㄟ ㄒㄧㄝˊ ㄌㄧㄝˋ ㄅㄨˇ	1	11	網路資安	phrase.network-security.tsv	53	
娜娜奇	ㄋㄚˋ ㄋㄚˋ ㄑㄧˊ	0.009999999999999986	15	動漫	phrase.anime.tsv	693	
娜娜莉	ㄋㄚˋ ㄋㄚˋ ㄌㄧˋ	0.009999999999999986	14	動漫	phrase.anime.tsv	694	
娜潔希坦	ㄋㄚˋ ㄐㄧㄝˊ ㄒㄧ ㄊㄢˇ	0.009999999999999986	9	動漫	phrase.anime.tsv	695	
娜美	ㄋㄚˋ ㄇㄟˇ	0.009999999999999986	19	動漫	phrase.anime.tsv	696	
娜貝拉爾	ㄋㄚˋ ㄅㄟˋ ㄌㄚ ㄦˇ	0.009999999999999986	11	動漫	phrase.anime.tsv	697	
婉曲	ㄨㄢˇ ㄑㄩ	1	10	中文	phrase.chinese.tsv	45	
婚姻撤銷	ㄏㄨㄣ ㄧㄣ ㄔㄜˋ ㄒㄧㄠ	1	11	法律	phrase.law.tsv	59	
婚姻無效	ㄏㄨㄣ ㄧㄣ ㄨˊ ㄒㄧㄠˋ	1	11	法律	phrase.law.tsv	60	
嬴政	ㄧㄥˊ ㄓㄥˋ	0.009999999999999986	18	動漫	phrase.anime.tsv	698	
子宮腺肌症	ㄗˇ ㄍㄨㄥ ㄒㄧㄢˋ ㄐㄧ ㄓㄥˋ	1	3	醫學	phrase.medicine.tsv	75	
子網路遮罩	ㄗˇ ㄨㄤˇ ㄌㄨˋ ㄓㄜ ㄓㄠˋ	1	6	網路資安	phrase.network-security.tsv	54	
字型設計	ㄗˋ ㄒㄧㄥˊ ㄕㄜˋ ㄐㄧˋ	1	12	媒體設計	phrase.media-design.tsv	27	
字級	ㄗˋ ㄐㄧˊ	0.009999999999999986	12	媒體設計	phrase.media-design.tsv	28	
字距	ㄗˋ ㄐㄩˋ	0.009999999999999986	12	媒體設計	phrase.media-design.tsv	29	
字重	ㄗˋ ㄓㄨㄥˋ	0.009999999999999986	12	媒體設計	phrase.media-design.tsv	30	
字體排印	ㄗˋ ㄊㄧˇ ㄆㄞˊ ㄧㄣˋ	1	10	媒體設計	phrase.media-design.tsv	31	
字體設計	ㄗˋ ㄊㄧˇ ㄕㄜˋ ㄐㄧˋ	1	12	媒體設計	phrase.media-design.tsv	32	
存取控制	ㄘㄨㄣˊ ㄑㄩˇ ㄎㄨㄥˋ ㄓˋ	1	15	網路資安	phrase.network-security.tsv	55	
存在艾克斯	ㄘㄨㄣˊ ㄗㄞˋ ㄞˋ ㄎㄜˋ ㄙ	0.009999999999999986	12	動漫	phrase.anime.tsv	699	存在X
存現句	ㄘㄨㄣˊ ㄒㄧㄢˋ ㄐㄩˋ	1	12	中文	phrase.chinese.tsv	46	
存續期間	ㄘㄨㄣˊ ㄒㄩˋ ㄑㄧˊ ㄐㄧㄢ	1	13	財會金融	phrase.finance.tsv	35	
存貨週轉率	ㄘㄨㄣˊ ㄏㄨㄛˋ ㄓㄡ ㄓㄨㄢˇ ㄌㄩˋ	1	3	財會金融	phrase.finance.tsv	37	
存貨預測	ㄘㄨㄣˊ ㄏㄨㄛˋ ㄩˋ ㄘㄜˋ	1	10	財會金融	phrase.finance.tsv	38	
孟德爾遺傳	ㄇㄥˋ ㄉㄜˊ ㄦˇ ㄧˊ ㄔㄨㄢˊ	1	2	科學	phrase.science.tsv	26	
季夏	ㄐㄧˋ ㄒㄧㄚˋ	0.009999999999999986	15	動漫	phrase.anime.tsv	701	
孤島效應	ㄍㄨ ㄉㄠˇ ㄒㄧㄠˋ ㄧㄥˋ	1	10	環境能源	phrase.energy-environment.tsv	37	
孤爪研磨	ㄍㄨ ㄓㄠˇ ㄧㄢˊ ㄇㄛˊ	0.009999999999999986	10	動漫	phrase.anime.tsv	702	
孤獨搖滾	ㄍㄨ ㄉㄨˊ ㄧㄠˊ ㄍㄨㄣˇ	0.009999999999999986	25	動漫	phrase.anime.tsv	703	
孫悟飯	ㄙㄨㄣ ㄨˋ ㄈㄢˋ	0.009999999999999986	19	動漫	phrase.anime.tsv	705	
學務行政	ㄒㄩㄝˊ ㄨˋ ㄒㄧㄥˊ ㄓㄥˋ	1	13	教育	phrase.education.tsv	31	
學園奶爸	ㄒㄩㄝˊ ㄩㄢˊ ㄋㄞˇ ㄅㄚˋ	0.009999999999999986	19	動漫	phrase.anime.tsv	706	
學園孤島	ㄒㄩㄝˊ ㄩㄢˊ ㄍㄨ ㄉㄠˇ	0.009999999999999986	20	動漫	phrase.anime.tsv	707	
學園生活部	ㄒㄩㄝˊ ㄩㄢˊ ㄕㄥ ㄏㄨㄛˊ ㄅㄨˋ	0.009999999999999986	12	動漫	phrase.anime.tsv	708	
學妹	ㄒㄩㄝˊ ㄇㄟˋ	0.009999999999999986	20	動漫	phrase.anime.tsv	709	
學生自治	ㄒㄩㄝˊ ㄕㄥ ㄗˋ ㄓˋ	1	13	教育	phrase.education.tsv	33	
學生輔導	ㄒㄩㄝˊ ㄕㄥ ㄈㄨˇ ㄉㄠˇ	1	13	教育	phrase.education.tsv	34	
學習活動	ㄒㄩㄝˊ ㄒㄧˊ ㄏㄨㄛˊ ㄉㄨㄥˋ	1	16	教育	phrase.education.tsv	36	
學習率排程	ㄒㄩㄝˊ ㄒㄧˊ ㄌㄩˋ ㄆㄞˊ ㄔㄥˊ	1	5	AI資料科學	phrase.ai-data-science.tsv	52	
學習診斷	ㄒㄩㄝˊ ㄒㄧˊ ㄓㄣˇ ㄉㄨㄢˋ	1	16	教育	phrase.education.tsv	37	
宅男腐女	ㄓㄞˊ ㄋㄢˊ ㄈㄨˇ ㄋㄩˇ	0.009999999999999986	23	動漫	phrase.anime.tsv	713	
宅配	ㄓㄞˊ ㄆㄟˋ	1	65	一般	phrase.general.tsv	41	
宇宙學	ㄩˇ ㄓㄡˋ ㄒㄩㄝˊ	1	11	科學	phrase.science.tsv	27	
宇崎	ㄩˇ ㄑㄧˊ	0.009999999999999986	22	動漫	phrase.anime.tsv	714	
宇崎月	ㄩˇ ㄑㄧˊ ㄩㄝˋ	0.009999999999999986	11	動漫	phrase.anime.tsv	715	
宇崎花	ㄩˇ ㄑㄧˊ ㄏㄨㄚ	0.009999999999999986	18	動漫	phrase.anime.tsv	716	
宇智波佐助	ㄩˇ ㄓˋ ㄅㄛ ㄗㄨㄛˇ ㄓㄨˋ	0.009999999999999986	22	動漫	phrase.anime.tsv	717	
宇智波鼬	ㄩˇ ㄓˋ ㄅㄛ ㄧㄡˋ	0.009999999999999986	13	動漫	phrase.anime.tsv	718	
宇治松千夜	ㄩˇ ㄓˋ ㄙㄨㄥ ㄑㄧㄢ ㄧㄝˋ	0.009999999999999986	13	動漫	phrase.anime.tsv	719	
守屋菖蒲	ㄕㄡˇ ㄨ ㄔㄤ ㄆㄨˊ	0.009999999999999986	12	動漫	phrase.anime.tsv	720	
守門理論	ㄕㄡˇ ㄇㄣˊ ㄌㄧˇ ㄌㄨㄣˋ	1	10	媒體設計	phrase.media-design.tsv	33	
安倍晉三	ㄢ ㄅㄟˋ ㄐㄧㄣˋ ㄙㄢ	1	13	人名-當代	phrase.people-contemporary.tsv	7	
安全依附	ㄢ ㄑㄩㄢˊ ㄧ ㄈㄨˋ	1	12	心理社會	phrase.psychology-society.tsv	24	
安全基線	ㄢ ㄑㄩㄢˊ ㄐㄧ ㄒㄧㄢˋ	1	12	網路資安	phrase.network-security.tsv	57	
安全對齊	ㄢ ㄑㄩㄢˊ ㄉㄨㄟˋ ㄑㄧˊ	1	12	AI資料科學	phrase.ai-data-science.tsv	53	
安全工程	ㄢ ㄑㄩㄢˊ ㄍㄨㄥ ㄔㄥˊ	1	13	工業工程	phrase.industrial-engineering.tsv	36	
安全庫存	ㄢ ㄑㄩㄢˊ ㄎㄨˋ ㄘㄨㄣˊ	1	12	商業	phrase.business.tsv	58	
安全強化	ㄢ ㄑㄩㄢˊ ㄑㄧㄤˊ ㄏㄨㄚˋ	1	13	網路資安	phrase.network-security.tsv	58	
安全採收期	ㄢ ㄑㄩㄢˊ ㄘㄞˇ ㄕㄡ ㄑㄧ	1	5	農業食品	phrase.agriculture-food.tsv	15	
安全評估	ㄢ ㄑㄩㄢˊ ㄆㄧㄥˊ ㄍㄨ	1	14	交通物流	phrase.transport-logistics.tsv	33	
安原繪麻	ㄢ ㄩㄢˊ ㄏㄨㄟˋ ㄇㄚˊ	0.009999999999999986	16	動漫	phrase.anime.tsv	721	
安城鳴子	ㄢ ㄔㄥˊ ㄇㄧㄥˊ ㄗ˙	0.009999999999999986	17	動漫	phrase.anime.tsv	722	
安培定律	ㄢ ㄆㄟˊ ㄉㄧㄥˋ ㄌㄩˋ	1	9	科學	phrase.science.tsv	28	
安堂麗治	ㄢ ㄊㄤˊ ㄌㄧˋ ㄓˋ	0.009999999999999986	11	動漫	phrase.anime.tsv	723	
安妮亞	ㄢ ㄋㄧˊ ㄧㄚˇ	0.009999999999999986	16	動漫	phrase.anime.tsv	725	
安妮亞佛傑	ㄢ ㄋㄧˊ ㄧㄚˇ ㄈㄛˊ ㄐㄧㄝˊ	0.009999999999999986	18	動漫	phrase.anime.tsv	726	
安定性試驗	ㄢ ㄉㄧㄥˋ ㄒㄧㄥˋ ㄕˋ ㄧㄢˋ	1	3	生技藥學	phrase.biotech-pharma.tsv	40	
安室透	ㄢ ㄕˋ ㄊㄡˋ	0.009999999999999986	10	動漫	phrase.anime.tsv	727	
安德羅	ㄢ ㄉㄜˊ ㄌㄨㄛˊ	0.009999999999999986	12	動漫	phrase.anime.tsv	728	
安德里希	ㄢ ㄉㄜˊ ㄌㄧˇ ㄒㄧ	0.009999999999999986	16	動漫	phrase.anime.tsv	729	
安慰劑對照	ㄢ ㄨㄟˋ ㄐㄧˋ ㄉㄨㄟˋ ㄓㄠˋ	1	2	生技藥學	phrase.biotech-pharma.tsv	41	
安曇小太郎	ㄢ ㄊㄢˊ ㄒㄧㄠˇ ㄊㄞˋ ㄌㄤˊ	0.009999999999999986	17	動漫	phrase.anime.tsv	730	
安潔莉	ㄢ ㄐㄧㄝˊ ㄌㄧˋ	0.009999999999999986	12	動漫	phrase.anime.tsv	731	
安琪艾瑪	ㄢ ㄑㄧˊ ㄞˋ ㄇㄚˇ	0.009999999999999986	13	動漫	phrase.anime.tsv	732	
安索夫矩陣	ㄢ ㄙㄨㄛˇ ㄈㄨ ㄐㄩˇ ㄓㄣˋ	1	5	商業	phrase.business.tsv	59	
安茲	ㄢ ㄗ	0.009999999999999986	24	動漫	phrase.anime.tsv	733	
安茲大人	ㄢ ㄗ ㄉㄚˋ ㄖㄣˊ	0.009999999999999986	14	動漫	phrase.anime.tsv	734	
安茲烏爾恭	ㄢ ㄗ ㄨ ㄦˇ ㄍㄨㄥ	0.009999999999999986	22	動漫	phrase.anime.tsv	735	
安西教練	ㄢ ㄒㄧ ㄐㄧㄠˋ ㄌㄧㄢˋ	0.009999999999999986	13	動漫	phrase.anime.tsv	736	
宋遼金元	ㄙㄨㄥˋ ㄌㄧㄠˊ ㄐㄧㄣ ㄩㄢˊ	1	11	歷史	phrase.history.tsv	59	
完整性驗證	ㄨㄢˊ ㄓㄥˇ ㄒㄧㄥˋ ㄧㄢˋ ㄓㄥˋ	1	3	網路資安	phrase.network-security.tsv	59	
宗介	ㄗㄨㄥ ㄐㄧㄝˋ	0.009999999999999986	19	動漫	phrase.anime.tsv	738	
宗像禮司	ㄗㄨㄥ ㄒㄧㄤˋ ㄌㄧˇ ㄙ	0.009999999999999986	10	動漫	phrase.anime.tsv	739	
宗像草太	ㄗㄨㄥ ㄒㄧㄤˋ ㄘㄠˇ ㄊㄞˋ	0.009999999999999986	20	動漫	phrase.anime.tsv	740	
定價優化	ㄉㄧㄥˋ ㄐㄧㄚˋ ㄧㄡ ㄏㄨㄚˋ	1	11	商業	phrase.business.tsv	61	
定價分析	ㄉㄧㄥˋ ㄐㄧㄚˋ ㄈㄣ ㄒㄧ	1	12	商業	phrase.business.tsv	62	
定價策略	ㄉㄧㄥˋ ㄐㄧㄚˋ ㄘㄜˋ ㄌㄩㄝˋ	1	11	商業	phrase.business.tsv	63	
定價管理	ㄉㄧㄥˋ ㄐㄧㄚˋ ㄍㄨㄢˇ ㄌㄧˇ	1	12	商業	phrase.business.tsv	64	
定價規劃	ㄉㄧㄥˋ ㄐㄧㄚˋ ㄍㄨㄟ ㄏㄨㄚˋ	1	12	商業	phrase.business.tsv	65	
定價預測	ㄉㄧㄥˋ ㄐㄧㄚˋ ㄩˋ ㄘㄜˋ	1	11	商業	phrase.business.tsv	66	
定序	ㄉㄧㄥˋ ㄒㄩˋ	1	17	生技藥學	phrase.biotech-pharma.tsv	42	
定期定額	ㄉㄧㄥˋ ㄑㄧˊ ㄉㄧㄥˋ ㄜˊ	1	30	一般	phrase.general.tsv	42	
定語	ㄉㄧㄥˋ ㄩˇ	0.009999999999999986	13	中文	phrase.chinese.tsv	47	
定錨效應	ㄉㄧㄥˋ ㄇㄠˊ ㄒㄧㄠˋ ㄧㄥˋ	1	13	心理社會	phrase.psychology-society.tsv	25	
宜野座伸元	ㄧˊ ㄧㄝˇ ㄗㄨㄛˋ ㄕㄣ ㄩㄢˊ	0.009999999999999986	15	動漫	phrase.anime.tsv	741	
客單價	ㄎㄜˋ ㄉㄢ ㄐㄧㄚˋ	1	17	商業	phrase.business.tsv	67	
客單價分析	ㄎㄜˋ ㄉㄢ ㄐㄧㄚˋ ㄈㄣ ㄒㄧ	1	6	商業	phrase.business.tsv	68	
客單價目標	ㄎㄜˋ ㄉㄢ ㄐㄧㄚˋ ㄇㄨˋ ㄅㄧㄠ	1	5	商業	phrase.business.tsv	69	
客單價趨勢	ㄎㄜˋ ㄉㄢ ㄐㄧㄚˋ ㄑㄩ ㄕˋ	1	5	商業	phrase.business.tsv	70	
客單價預測	ㄎㄜˋ ㄉㄢ ㄐㄧㄚˋ ㄩˋ ㄘㄜˋ	1	5	商業	phrase.business.tsv	71	
客戶優化	ㄎㄜˋ ㄏㄨˋ ㄧㄡ ㄏㄨㄚˋ	1	11	商業	phrase.business.tsv	73	
客戶分析	ㄎㄜˋ ㄏㄨˋ ㄈㄣ ㄒㄧ	1	12	商業	phrase.business.tsv	74	
客戶區隔	ㄎㄜˋ ㄏㄨˋ ㄑㄩ ㄍㄜˊ	1	11	商業	phrase.business.tsv	75	
客戶成功	ㄎㄜˋ ㄏㄨˋ ㄔㄥˊ ㄍㄨㄥ	1	11	商業	phrase.business.tsv	76	
客戶流失率	ㄎㄜˋ ㄏㄨˋ ㄌㄧㄡˊ ㄕ ㄌㄩˋ	1	4	商業	phrase.business.tsv	77	
客戶留存率	ㄎㄜˋ ㄏㄨˋ ㄌㄧㄡˊ ㄘㄨㄣˊ ㄌㄩˋ	1	4	商業	phrase.business.tsv	78	
客戶策略	ㄎㄜˋ ㄏㄨˋ ㄘㄜˋ ㄌㄩㄝˋ	1	11	商業	phrase.business.tsv	79	
客戶管理	ㄎㄜˋ ㄏㄨˋ ㄍㄨㄢˇ ㄌㄧˇ	1	12	商業	phrase.business.tsv	80	
客戶規劃	ㄎㄜˋ ㄏㄨˋ ㄍㄨㄟ ㄏㄨㄚˋ	1	12	商業	phrase.business.tsv	81	
客觀歸責	ㄎㄜˋ ㄍㄨㄢ ㄍㄨㄟ ㄗㄜˊ	1	11	法律	phrase.law.tsv	62	
宣告監護	ㄒㄩㄢ ㄍㄠˋ ㄐㄧㄢ ㄏㄨˋ	1	11	法律	phrase.law.tsv	63	
宣告輔助	ㄒㄩㄢ ㄍㄠˋ ㄈㄨˇ ㄓㄨˋ	1	11	法律	phrase.law.tsv	64	
室井靜信	ㄕˋ ㄐㄧㄥˇ ㄐㄧㄥˋ ㄒㄧㄣˋ	0.009999999999999986	14	動漫	phrase.anime.tsv	742	
宮內一穗	ㄍㄨㄥ ㄋㄟˋ ㄧ ㄙㄨㄟˋ	0.009999999999999986	11	動漫	phrase.anime.tsv	743	
宮內蓮華	ㄍㄨㄥ ㄋㄟˋ ㄌㄧㄢˊ ㄏㄨㄚˊ	0.009999999999999986	19	動漫	phrase.anime.tsv	744	
宮園薰	ㄍㄨㄥ ㄩㄢˊ ㄒㄩㄣ	0.009999999999999986	19	動漫	phrase.anime.tsv	745	
宮城良田	ㄍㄨㄥ ㄔㄥˊ ㄌㄧㄤˊ ㄊㄧㄢˊ	0.009999999999999986	17	動漫	phrase.anime.tsv	746	
宮姐	ㄍㄨㄥ ㄐㄧㄝˇ	0.009999999999999986	11	動漫	phrase.anime.tsv	747	
宮尾音夢	ㄍㄨㄥ ㄨㄟˇ ㄧㄣ ㄇㄥˋ	0.009999999999999986	11	動漫	phrase.anime.tsv	748	
宮村伊澄	ㄍㄨㄥ ㄘㄨㄣ ㄧ ㄔㄥˊ	0.009999999999999986	17	動漫	phrase.anime.tsv	749	
宮森葵	ㄍㄨㄥ ㄙㄣ ㄎㄨㄟˊ	0.009999999999999986	19	動漫	phrase.anime.tsv	750	
宮水三葉	ㄍㄨㄥ ㄕㄨㄟˇ ㄙㄢ ㄧㄝˋ	0.009999999999999986	22	動漫	phrase.anime.tsv	751	
宮水四葉	ㄍㄨㄥ ㄕㄨㄟˇ ㄙˋ ㄧㄝˋ	0.009999999999999986	19	動漫	phrase.anime.tsv	752	
宮澤謙吾	ㄍㄨㄥ ㄗㄜˊ ㄑㄧㄢ ㄨˊ	0.009999999999999986	11	動漫	phrase.anime.tsv	753	
宮田一郎	ㄍㄨㄥ ㄊㄧㄢˊ ㄧ ㄌㄤˊ	0.009999999999999986	14	動漫	phrase.anime.tsv	754	
容器化	ㄖㄨㄥˊ ㄑㄧˋ ㄏㄨㄚˋ	1	12	一般	phrase.general.tsv	43	
容器平台	ㄖㄨㄥˊ ㄑㄧˋ ㄆㄧㄥˊ ㄊㄞˊ	1	24	軟體科學	phrase.software.tsv	28	
容器格式	ㄖㄨㄥˊ ㄑㄧˋ ㄍㄜˊ ㄕˋ	1	10	媒體設計	phrase.media-design.tsv	34	
容積移轉	ㄖㄨㄥˊ ㄐㄧ ㄧˊ ㄓㄨㄢˇ	1	10	建築土木	phrase.civil-engineering.tsv	70	
容量分析	ㄖㄨㄥˊ ㄌㄧㄤˋ ㄈㄣ ㄒㄧ	1	14	交通物流	phrase.transport-logistics.tsv	34	
容量規劃	ㄖㄨㄥˊ ㄌㄧㄤˋ ㄍㄨㄟ ㄏㄨㄚˋ	1	37	軟體科學	phrase.software.tsv	29	
容錯	ㄖㄨㄥˊ ㄘㄨㄛˋ	1	10	軟體科學	phrase.software.tsv	30	
容錯設計	ㄖㄨㄥˊ ㄘㄨㄛˋ ㄕㄜˋ ㄐㄧˋ	1	19	軟體科學	phrase.software.tsv	31	
宿海仁太	ㄙㄨˋ ㄏㄞˇ ㄖㄣˊ ㄊㄞˋ	0.009999999999999986	22	動漫	phrase.anime.tsv	757	
寄生獸	ㄐㄧˋ ㄕㄥ ㄕㄡˋ	0.009999999999999986	23	動漫	phrase.anime.tsv	758	
寄託契約	ㄐㄧˋ ㄊㄨㄛ ㄑㄧˋ ㄩㄝ	1	10	法律	phrase.law.tsv	65	
密度分群	ㄇㄧˋ ㄉㄨˋ ㄈㄣ ㄑㄩㄣˊ	1	11	AI資料科學	phrase.ai-data-science.tsv	54	
密碼加鹽	ㄇㄧˋ ㄇㄚˇ ㄐㄧㄚ ㄧㄢˊ	1	10	網路資安	phrase.network-security.tsv	60	
密碼原則	ㄇㄧˋ ㄇㄚˇ ㄩㄢˊ ㄗㄜˊ	1	10	網路資安	phrase.network-security.tsv	61	
密碼噴灑	ㄇㄧˋ ㄇㄚˇ ㄆㄣ ㄙㄚˇ	1	10	網路資安	phrase.network-security.tsv	62	
密碼管理器	ㄇㄧˋ ㄇㄚˇ ㄍㄨㄢˇ ㄌㄧˇ ㄑㄧˋ	1	5	一般	phrase.general.tsv	44	
密碼雜湊	ㄇㄧˋ ㄇㄚˇ ㄗㄚˊ ㄘㄡˋ	1	10	網路資安	phrase.network-security.tsv	63	
富岡義勇	ㄈㄨˋ ㄍㄤ ㄧˋ ㄩㄥˇ	0.009999999999999986	15	動漫	phrase.anime.tsv	759	
富樫勇太	ㄈㄨˋ ㄐㄧㄢ ㄩㄥˇ ㄊㄞˋ	0.009999999999999986	20	動漫	phrase.anime.tsv	760	
寒蟬鳴泣	ㄏㄢˊ ㄔㄢˊ ㄇㄧㄥˊ ㄑㄧˋ	0.009999999999999986	22	動漫	phrase.anime.tsv	761	
察舉制度	ㄔㄚˊ ㄐㄩˇ ㄓˋ ㄉㄨˋ	1	12	歷史	phrase.history.tsv	60	
實例分割	ㄕˊ ㄌㄧˋ ㄈㄣ ㄍㄜ	1	10	AI資料科學	phrase.ai-data-science.tsv	55	
實玖瑠	ㄕˊ ㄐㄧㄡˇ ㄌㄧㄡˊ	0.009999999999999986	15	動漫	phrase.anime.tsv	762	
實莉	ㄕˊ ㄌㄧˋ	0.009999999999999986	11	動漫	phrase.anime.tsv	763	
實證史學	ㄕˊ ㄓㄥˋ ㄕˇ ㄒㄩㄝˊ	1	10	歷史	phrase.history.tsv	61	
實質競合	ㄕˊ ㄓˊ ㄐㄧㄥˋ ㄏㄜˊ	1	11	法律	phrase.law.tsv	66	
實驗室檢查	ㄕˊ ㄧㄢˋ ㄕˋ ㄐㄧㄢˇ ㄔㄚˊ	1	13	醫學	phrase.medicine.tsv	76	
實驗設計	ㄕˊ ㄧㄢˋ ㄕㄜˋ ㄐㄧˋ	1	13	工業工程	phrase.industrial-engineering.tsv	37	
實體風險	ㄕˊ ㄊㄧˇ ㄈㄥ ㄒㄧㄢˇ	1	10	環境能源	phrase.energy-environment.tsv	38	
審判程序	ㄕㄣˇ ㄆㄢˋ ㄔㄥˊ ㄒㄩˋ	1	10	法律	phrase.law.tsv	67	
審計委員會	ㄕㄣˇ ㄐㄧˋ ㄨㄟˇ ㄩㄢˊ ㄏㄨㄟˋ	1	4	商業	phrase.business.tsv	82	
寶多六花	ㄅㄠˇ ㄉㄨㄛ ㄌㄧㄡˋ ㄏㄨㄚ	0.009999999999999986	15	動漫	phrase.anime.tsv	765	
寶月夜宵	ㄅㄠˇ ㄩㄝˋ ㄧㄝˋ ㄒㄧㄠ	0.009999999999999986	15	動漫	phrase.anime.tsv	766	
寶月詠子	ㄅㄠˇ ㄩㄝˋ ㄩㄥˇ ㄗ˙	0.009999999999999986	14	動漫	phrase.anime.tsv	767	
寺島伸夫	ㄙˋ ㄉㄠˇ ㄕㄣ ㄈㄨ	0.009999999999999986	14	動漫	phrase.anime.tsv	768	
封包遺失	ㄈㄥ ㄅㄠ ㄧˊ ㄕ	1	10	網路資安	phrase.network-security.tsv	64	
封印解除	ㄈㄥ ㄧㄣˋ ㄐㄧㄝˇ ㄔㄨˊ	0.009999999999999986	14	動漫	phrase.anime.tsv	769	
封建莊園	ㄈㄥ ㄐㄧㄢˋ ㄓㄨㄤ ㄩㄢˊ	1	10	歷史	phrase.history.tsv	62	
封裝	ㄈㄥ ㄓㄨㄤ	1	15	晶片半導體	phrase.semiconductor.tsv	35	
封裝製程	ㄈㄥ ㄓㄨㄤ ㄓˋ ㄔㄥˊ	1	8	晶片半導體	phrase.semiconductor.tsv	36	
封裝設備	ㄈㄥ ㄓㄨㄤ ㄕㄜˋ ㄅㄟˋ	1	14	晶片半導體	phrase.semiconductor.tsv	37	
封閉型基金	ㄈㄥ ㄅㄧˋ ㄒㄧㄥˊ ㄐㄧ ㄐㄧㄣ	1	3	財會金融	phrase.finance.tsv	40	
射出成形	ㄕㄜˋ ㄔㄨ ㄔㄥˊ ㄒㄧㄥˊ	1	12	製造機械	phrase.manufacturing.tsv	32	
射出模具	ㄕㄜˋ ㄔㄨ ㄇㄨˊ ㄐㄩˋ	1	10	製造機械	phrase.manufacturing.tsv	33	
射出機	ㄕㄜˋ ㄔㄨ ㄐㄧ	1	14	製造機械	phrase.manufacturing.tsv	34	
射線檢測	ㄕㄜˋ ㄒㄧㄢˋ ㄐㄧㄢˇ ㄘㄜˋ	1	10	製造機械	phrase.manufacturing.tsv	35	
射頻校正	ㄕㄜˋ ㄆㄧㄣˊ ㄐㄧㄠˋ ㄓㄥˋ	1	9	電子電機	phrase.electronics.tsv	70	
射頻模擬	ㄕㄜˋ ㄆㄧㄣˊ ㄇㄛˊ ㄋㄧˇ	1	10	電子電機	phrase.electronics.tsv	71	
射頻熱分析	ㄕㄜˋ ㄆㄧㄣˊ ㄖㄜˋ ㄈㄣ ㄒㄧ	1	4	電子電機	phrase.electronics.tsv	72	
射頻設計	ㄕㄜˋ ㄆㄧㄣˊ ㄕㄜˋ ㄐㄧˋ	1	12	電子電機	phrase.electronics.tsv	73	
射頻量測	ㄕㄜˋ ㄆㄧㄣˊ ㄌㄧㄤˊ ㄘㄜˋ	1	9	電子電機	phrase.electronics.tsv	74	
射頻除錯	ㄕㄜˋ ㄆㄧㄣˊ ㄔㄨˊ ㄘㄨㄛˋ	1	9	電子電機	phrase.electronics.tsv	75	
射頻電路	ㄕㄜˋ ㄆㄧㄣˊ ㄉㄧㄢˋ ㄌㄨˋ	1	9	電子電機	phrase.electronics.tsv	76	
射頻驗證	ㄕㄜˋ ㄆㄧㄣˊ ㄧㄢˋ ㄓㄥˋ	1	9	電子電機	phrase.electronics.tsv	77	
將棋	ㄐㄧㄤ ㄑㄧˊ	0.009999999999999986	13	動漫	phrase.anime.tsv	770	
專屬管轄	ㄓㄨㄢ ㄕㄨˇ ㄍㄨㄢˇ ㄒㄧㄚˊ	1	10	法律	phrase.law.tsv	68	
對外關係	ㄉㄨㄟˋ ㄨㄞˋ ㄍㄨㄢ ㄒㄧˋ	1	12	歷史	phrase.history.tsv	63	
對比學習	ㄉㄨㄟˋ ㄅㄧˇ ㄒㄩㄝˊ ㄒㄧˊ	1	11	AI資料科學	phrase.ai-data-science.tsv	59	
對焦模式	ㄉㄨㄟˋ ㄐㄧㄠ ㄇㄛˊ ㄕˋ	1	10	媒體設計	phrase.media-design.tsv	35	
對稱式	ㄉㄨㄟˋ ㄔㄣˋ ㄕˋ	1	11	網路資安	phrase.network-security.tsv	65	
對稱式加密	ㄉㄨㄟˋ ㄔㄣˋ ㄕˋ ㄐㄧㄚ ㄇㄧˋ	1	3	網路資安	phrase.network-security.tsv	66	
導向學習	ㄉㄠˇ ㄒㄧㄤˋ ㄒㄩㄝˊ ㄒㄧˊ	1	14	教育	phrase.education.tsv	43	
導通損耗	ㄉㄠˇ ㄊㄨㄥ ㄙㄨㄣˇ ㄏㄠˋ	1	12	電子電機	phrase.electronics.tsv	78	
小丸	ㄒㄧㄠˇ ㄨㄢˊ	0.009999999999999986	17	動漫	phrase.anime.tsv	772	
小傑	ㄒㄧㄠˇ ㄐㄧㄝˊ	0.009999999999999986	24	動漫	phrase.anime.tsv	773	
小剛	ㄒㄧㄠˇ ㄍㄤ	0.009999999999999986	17	動漫	phrase.anime.tsv	774	
小原鞠莉	ㄒㄧㄠˇ ㄩㄢˊ ㄐㄩˊ ㄌㄧˋ	0.009999999999999986	8	動漫	phrase.anime.tsv	775	
小夏	ㄒㄧㄠˇ ㄒㄧㄚˋ	0.009999999999999986	14	動漫	phrase.anime.tsv	777	
小夫	ㄒㄧㄠˇ ㄈㄨ	0.009999999999999986	15	動漫	phrase.anime.tsv	778	
小川杠	ㄒㄧㄠˇ ㄔㄨㄢ ㄍㄤ	0.009999999999999986	17	動漫	phrase.anime.tsv	779	
小戶川	ㄒㄧㄠˇ ㄏㄨˋ ㄔㄨㄢ	0.009999999999999986	21	動漫	phrase.anime.tsv	780	
小批量生產	ㄒㄧㄠˇ ㄆㄧ ㄌㄧㄤˋ ㄕㄥ ㄔㄢˇ	1	6	工業工程	phrase.industrial-engineering.tsv	38	
小晶片架構	ㄒㄧㄠˇ ㄐㄧㄥ ㄆㄧㄢˋ ㄐㄧㄚˋ ㄍㄡˋ	1	6	晶片半導體	phrase.semiconductor.tsv	39	
小智	ㄒㄧㄠˇ ㄓˋ	0.009999999999999986	25	動漫	phrase.anime.tsv	781	
小書痴	ㄒㄧㄠˇ ㄕㄨ ㄔ	0.009999999999999986	21	動漫	phrase.anime.tsv	782	
小杉權藏	ㄒㄧㄠˇ ㄕㄢ ㄑㄩㄢˊ ㄗㄤˋ	0.009999999999999986	12	動漫	phrase.anime.tsv	783	
小松奈奈	ㄒㄧㄠˇ ㄙㄨㄥ ㄋㄞˋ ㄋㄞˋ	0.009999999999999986	18	動漫	phrase.anime.tsv	784	
小林千尋	ㄒㄧㄠˇ ㄌㄧㄣˊ ㄑㄧㄢ ㄒㄩㄣˊ	0.009999999999999986	15	動漫	phrase.anime.tsv	785	
小林龍膽	ㄒㄧㄠˇ ㄌㄧㄣˊ ㄌㄨㄥˊ ㄉㄢˇ	0.009999999999999986	12	動漫	phrase.anime.tsv	786	
小柳花子	ㄒㄧㄠˇ ㄌㄧㄡˇ ㄏㄨㄚ ㄗˇ	0.009999999999999986	15	動漫	phrase.anime.tsv	787	
小桑	ㄒㄧㄠˇ ㄙㄤ	0.009999999999999986	20	動漫	phrase.anime.tsv	788	
小次郎	ㄒㄧㄠˇ ㄘˋ ㄌㄤˊ	0.009999999999999986	13	動漫	phrase.anime.tsv	789	
小泉花陽	ㄒㄧㄠˇ ㄑㄩㄢˊ ㄏㄨㄚ ㄧㄤˊ	0.009999999999999986	9	動漫	phrase.anime.tsv	790	
小泉讓二	ㄒㄧㄠˇ ㄑㄩㄢˊ ㄖㄤˋ ㄦˋ	0.009999999999999986	15	動漫	phrase.anime.tsv	791	
小淵澤報瀨	ㄒㄧㄠˇ ㄩㄢ ㄗㄜˊ ㄅㄠˋ ㄌㄞˋ	0.009999999999999986	17	動漫	phrase.anime.tsv	792	
小湊亞耶	ㄒㄧㄠˇ ㄘㄡˋ ㄧㄚˇ ㄧㄝ	0.009999999999999986	11	動漫	phrase.anime.tsv	793	
小湊春市	ㄒㄧㄠˇ ㄘㄡˋ ㄔㄨㄣ ㄕˋ	0.009999999999999986	13	動漫	phrase.anime.tsv	794	
小玲	ㄒㄧㄠˇ ㄌㄧㄥˊ	0.009999999999999986	13	動漫	phrase.anime.tsv	795	
小珊	ㄒㄧㄠˇ ㄕㄢ	0.009999999999999986	15	動漫	phrase.anime.tsv	796	
小磯健二	ㄒㄧㄠˇ ㄐㄧ ㄐㄧㄢˋ ㄦˋ	0.009999999999999986	20	動漫	phrase.anime.tsv	797	
小紅書	ㄒㄧㄠˇ ㄏㄨㄥˊ ㄕㄨ	1	26	一般	phrase.general.tsv	47	
小舟潮	ㄒㄧㄠˇ ㄓㄡ ㄔㄠˊ	0.009999999999999986	19	動漫	phrase.anime.tsv	798	
小舟澪	ㄒㄧㄠˇ ㄓㄡ ㄌㄧㄥˊ	0.009999999999999986	17	動漫	phrase.anime.tsv	799	
小蘭	ㄒㄧㄠˇ ㄌㄢˊ	0.009999999999999986	11	動漫	phrase.anime.tsv	801	
小豪	ㄒㄧㄠˇ ㄏㄠˊ	0.009999999999999986	15	動漫	phrase.anime.tsv	802	
小路綾	ㄒㄧㄠˇ ㄌㄨˋ ㄌㄧㄥˊ	0.009999999999999986	13	動漫	phrase.anime.tsv	803	
小酒窩	ㄒㄧㄠˇ ㄐㄧㄡˇ ㄨㄛ	0.009999999999999986	13	動漫	phrase.anime.tsv	804	
小野田坂道	ㄒㄧㄠˇ ㄧㄝˇ ㄊㄧㄢˊ ㄅㄢˇ ㄉㄠˋ	0.009999999999999986	18	動漫	phrase.anime.tsv	805	
小野白菊	ㄒㄧㄠˇ ㄧㄝˇ ㄅㄞˊ ㄐㄩˊ	0.009999999999999986	11	動漫	phrase.anime.tsv	806	
小閻王	ㄒㄧㄠˇ ㄧㄢˊ ㄨㄤˊ	0.009999999999999986	11	動漫	phrase.anime.tsv	807	
小霞	ㄒㄧㄠˇ ㄒㄧㄚˊ	0.009999999999999986	19	動漫	phrase.anime.tsv	808	
小鞠知花	ㄒㄧㄠˇ ㄐㄩˊ ㄓ ㄏㄨㄚ	0.009999999999999986	13	動漫	phrase.anime.tsv	809	
小魔女	ㄒㄧㄠˇ ㄇㄛˊ ㄋㄩˇ	0.009999999999999986	23	動漫	phrase.anime.tsv	810	
小魔女學園	ㄒㄧㄠˇ ㄇㄛˊ ㄋㄩˇ ㄒㄩㄝˊ ㄩㄢˊ	0.009999999999999986	21	動漫	phrase.anime.tsv	811	
小鳥遊六花	ㄒㄧㄠˇ ㄋㄧㄠˇ ㄧㄡˊ ㄌㄧㄡˋ ㄏㄨㄚ	0.009999999999999986	17	動漫	phrase.anime.tsv	812	
少女歌劇	ㄕㄠˋ ㄋㄩˇ ㄍㄜ ㄐㄩˋ	0.009999999999999986	20	動漫	phrase.anime.tsv	814	
少女漫畫家	ㄕㄠˋ ㄋㄩˇ ㄇㄢˋ ㄏㄨㄚˋ ㄐㄧㄚ	0.009999999999999986	13	動漫	phrase.anime.tsv	815	
少子化	ㄕㄠˋ ㄗˇ ㄏㄨㄚˋ	1	38	一般	phrase.general.tsv	48	
少年之	ㄕㄠˋ ㄋㄧㄢˊ ㄓ	0.009999999999999986	24	動漫	phrase.anime.tsv	817	
尖峰負載	ㄐㄧㄢ ㄈㄥ ㄈㄨˋ ㄗㄞˇ	1	10	環境能源	phrase.energy-environment.tsv	39	
尚文	ㄕㄤˋ ㄨㄣˊ	0.009999999999999986	10	動漫	phrase.anime.tsv	818	
尤吉歐	ㄧㄡˊ ㄐㄧˊ ㄡ	0.009999999999999986	14	動漫	phrase.anime.tsv	819	
尤拉	ㄧㄡˊ ㄌㄚ	0.009999999999999986	15	動漫	phrase.anime.tsv	820	
尤比緹利亞	ㄧㄡˊ ㄅㄧˇ ㄊㄧˊ ㄌㄧˋ ㄧㄚˇ	0.009999999999999986	15	動漫	phrase.anime.tsv	821	
尤莉	ㄧㄡˊ ㄌㄧˋ	0.009999999999999986	15	動漫	phrase.anime.tsv	822	
尤莉亞	ㄧㄡˊ ㄌㄧˋ ㄧㄚˇ	0.009999999999999986	18	動漫	phrase.anime.tsv	823	
尤菲莉亞	ㄧㄡˊ ㄈㄟ ㄌㄧˋ ㄧㄚˇ	0.009999999999999986	15	動漫	phrase.anime.tsv	824	
尤諾	ㄧㄡˊ ㄋㄨㄛˋ	0.009999999999999986	18	動漫	phrase.anime.tsv	825	
尤里	ㄧㄡˊ ㄌㄧˇ	0.009999999999999986	24	動漫	phrase.anime.tsv	826	
尺寸公差	ㄔˇ ㄘㄨㄣˋ ㄍㄨㄥ ㄔㄞ	1	10	製造機械	phrase.manufacturing.tsv	36	
尼亞	ㄋㄧˊ ㄧㄚˇ	0.009999999999999986	14	動漫	phrase.anime.tsv	828	
尼基福羅夫	ㄋㄧˊ ㄐㄧ ㄈㄨˊ ㄌㄨㄛˊ ㄈㄨ	0.009999999999999986	17	動漫	phrase.anime.tsv	829	
尼爾瓦修	ㄋㄧˊ ㄦˇ ㄨㄚˇ ㄒㄧㄡ	0.009999999999999986	10	動漫	phrase.anime.tsv	831	
尼特羅	ㄋㄧˊ ㄊㄜˋ ㄌㄨㄛˊ	0.009999999999999986	11	動漫	phrase.anime.tsv	832	
尼祿瓦內提	ㄋㄧˊ ㄌㄨˋ ㄨㄚˇ ㄋㄟˋ ㄊㄧˊ	0.009999999999999986	15	動漫	phrase.anime.tsv	833	
尾崎敏夫	ㄨㄟˇ ㄑㄧˊ ㄇㄧㄣˇ ㄈㄨ	0.009999999999999986	15	動漫	phrase.anime.tsv	834	
尾形百之助	ㄨㄟˇ ㄒㄧㄥˊ ㄅㄞˇ ㄓ ㄓㄨˋ	0.009999999999999986	11	動漫	phrase.anime.tsv	835	
尿動力學	ㄋㄧㄠˋ ㄉㄨㄥˋ ㄌㄧˋ ㄒㄩㄝˊ	1	12	醫學	phrase.medicine.tsv	77	
尿流速檢查	ㄋㄧㄠˋ ㄌㄧㄡˊ ㄙㄨˋ ㄐㄧㄢˇ ㄔㄚˊ	1	5	醫學	phrase.medicine.tsv	78	
尿素氮數值	ㄋㄧㄠˋ ㄙㄨˋ ㄉㄢˋ ㄕㄨˋ ㄓˊ	1	3	醫學	phrase.medicine.tsv	79	
尿素氮檢驗	ㄋㄧㄠˋ ㄙㄨˋ ㄉㄢˋ ㄐㄧㄢˇ ㄧㄢˋ	1	4	醫學	phrase.medicine.tsv	80	
尿素氮異常	ㄋㄧㄠˋ ㄙㄨˋ ㄉㄢˋ ㄧˋ ㄔㄤˊ	1	3	醫學	phrase.medicine.tsv	81	
尿蛋白	ㄋㄧㄠˋ ㄉㄢˋ ㄅㄞˊ	1	11	醫學	phrase.medicine.tsv	82	
居家隔離	ㄐㄩ ㄐㄧㄚ ㄍㄜˊ ㄌㄧˊ	1	22	一般	phrase.general.tsv	50	
居間契約	ㄐㄩ ㄐㄧㄢ ㄑㄧˋ ㄩㄝ	1	10	法律	phrase.law.tsv	70	
屍神殿	ㄕ ㄕㄣˊ ㄉㄧㄢˋ	0.009999999999999986	15	動漫	phrase.anime.tsv	836	
屍體如山	ㄕ ㄊㄧˇ ㄖㄨˊ ㄕㄢ	0.009999999999999986	19	動漫	phrase.anime.tsv	837	
屍鬼	ㄕ ㄍㄨㄟˇ	0.009999999999999986	20	動漫	phrase.anime.tsv	838	
屏風浦帆稀	ㄆㄧㄥˊ ㄈㄥ ㄆㄨˇ ㄈㄢˊ ㄒㄧ	0.009999999999999986	11	動漫	phrase.anime.tsv	839	
展示設計	ㄓㄢˇ ㄕˋ ㄕㄜˋ ㄐㄧˋ	1	12	媒體設計	phrase.media-design.tsv	36	
層正規化	ㄘㄥˊ ㄓㄥˋ ㄍㄨㄟ ㄏㄨㄚˋ	1	12	AI資料科學	phrase.ai-data-science.tsv	61	
層遞	ㄘㄥˊ ㄉㄧˋ	0.009999999999999986	12	中文	phrase.chinese.tsv	49	
屬性型	ㄕㄨˇ ㄒㄧㄥˋ ㄒㄧㄥˊ	1	11	網路資安	phrase.network-security.tsv	67	
山下一夫	ㄕㄢ ㄒㄧㄚˋ ㄧ ㄈㄨ	0.009999999999999986	15	動漫	phrase.anime.tsv	840	
山中曆	ㄕㄢ ㄓㄨㄥ ㄌㄧˋ	0.009999999999999986	12	動漫	phrase.anime.tsv	841	
山井戀	ㄕㄢ ㄐㄧㄥˇ ㄌㄧㄢˋ	0.009999999999999986	14	動漫	phrase.anime.tsv	842	
山口賢二	ㄕㄢ ㄎㄡˇ ㄒㄧㄢˊ ㄦˋ	0.009999999999999986	11	動漫	phrase.anime.tsv	843	
山吹沙綾	ㄕㄢ ㄔㄨㄟ ㄕㄚ ㄌㄧㄥˊ	0.009999999999999986	13	動漫	phrase.anime.tsv	844	
山崩防治	ㄕㄢ ㄅㄥ ㄈㄤˊ ㄓˋ	1	10	建築土木	phrase.civil-engineering.tsv	73	
山本武	ㄕㄢ ㄅㄣˇ ㄨˇ	0.009999999999999986	13	動漫	phrase.anime.tsv	845	
山田亞由美	ㄕㄢ ㄊㄧㄢˊ ㄧㄚˇ ㄧㄡˊ ㄇㄟˇ	0.009999999999999986	12	動漫	phrase.anime.tsv	847	
山田太郎	ㄕㄢ ㄊㄧㄢˊ ㄊㄞˋ ㄌㄤˊ	0.009999999999999986	11	動漫	phrase.anime.tsv	848	
山田妖精	ㄕㄢ ㄊㄧㄢˊ ㄧㄠ ㄐㄧㄥ	0.009999999999999986	14	動漫	phrase.anime.tsv	849	
山田杏奈	ㄕㄢ ㄊㄧㄢˊ ㄒㄧㄥˋ ㄋㄞˋ	0.009999999999999986	17	動漫	phrase.anime.tsv	850	
山田涼	ㄕㄢ ㄊㄧㄢˊ ㄌㄧㄤˊ	0.009999999999999986	17	動漫	phrase.anime.tsv	851	
山童	ㄕㄢ ㄊㄨㄥˊ	0.009999999999999986	12	動漫	phrase.anime.tsv	852	
岡崎朋也	ㄍㄤ ㄑㄧˊ ㄆㄥˊ ㄧㄝˇ	0.009999999999999986	22	動漫	phrase.anime.tsv	853	
岩倉美津未	ㄧㄢˊ ㄘㄤ ㄇㄟˇ ㄐㄧㄣ ㄨㄟˋ	0.009999999999999986	19	動漫	phrase.anime.tsv	854	
岩戶環	ㄧㄢˊ ㄏㄨˋ ㄏㄨㄢˊ	0.009999999999999986	15	動漫	phrase.anime.tsv	855	
岩戶鈴芽	ㄧㄢˊ ㄏㄨˋ ㄌㄧㄥˊ ㄧㄚˊ	0.009999999999999986	23	動漫	phrase.anime.tsv	856	
岩永琴子	ㄧㄢˊ ㄩㄥˇ ㄑㄧㄣˊ ㄗ˙	0.009999999999999986	19	動漫	phrase.anime.tsv	857	
岩谷尚文	ㄧㄢˊ ㄍㄨˇ ㄕㄤˋ ㄨㄣˊ	0.009999999999999986	19	動漫	phrase.anime.tsv	858	
峰龍太郎	ㄈㄥ ㄌㄨㄥˊ ㄊㄞˋ ㄌㄤˊ	0.009999999999999986	16	動漫	phrase.anime.tsv	859	
島村卯月	ㄉㄠˇ ㄘㄨㄣ ㄇㄠˇ ㄩㄝˋ	0.009999999999999986	18	動漫	phrase.anime.tsv	860	
島田美波	ㄉㄠˇ ㄊㄧㄢˊ ㄇㄟˇ ㄅㄛ	0.009999999999999986	15	動漫	phrase.anime.tsv	861	
崎宮美咲	ㄑㄧˊ ㄍㄨㄥ ㄇㄟˇ ㄒㄧㄠˋ	0.009999999999999986	13	動漫	phrase.anime.tsv	862	
崖上的波妞	ㄧㄞˊ ㄕㄤˋ ㄉㄜ˙ ㄅㄛ ㄋㄧㄡ	0.009999999999999986	24	動漫	phrase.anime.tsv	863	
嵌入模型	ㄑㄧㄢ ㄖㄨˋ ㄇㄛˊ ㄒㄧㄥˊ	1	14	AI資料科學	phrase.ai-data-science.tsv	62	
嵐山悟郎	ㄌㄢˊ ㄕㄢ ㄨˋ ㄌㄤˊ	0.009999999999999986	11	動漫	phrase.anime.tsv	864	
川嶋亞美	ㄔㄨㄢ ㄉㄠˇ ㄧㄚˇ ㄇㄟˇ	0.009999999999999986	15	動漫	phrase.anime.tsv	865	
川本日向	ㄔㄨㄢ ㄅㄣˇ ㄖˋ ㄒㄧㄤˋ	0.009999999999999986	15	動漫	phrase.anime.tsv	866	
川本明里	ㄔㄨㄢ ㄅㄣˇ ㄇㄧㄥˊ ㄌㄧˇ	0.009999999999999986	17	動漫	phrase.anime.tsv	867	
川本桃	ㄔㄨㄢ ㄅㄣˇ ㄊㄠˊ	0.009999999999999986	13	動漫	phrase.anime.tsv	868	
川澄舞	ㄔㄨㄢ ㄔㄥˊ ㄨˇ	0.009999999999999986	10	動漫	phrase.anime.tsv	869	
州廳制	ㄓㄡ ㄊㄧㄥ ㄓˋ	1	11	歷史	phrase.history.tsv	64	
工作型	ㄍㄨㄥ ㄗㄨㄛˋ ㄒㄧㄥˊ	1	13	工業工程	phrase.industrial-engineering.tsv	41	
工作抽樣	ㄍㄨㄥ ㄗㄨㄛˋ ㄔㄡ ㄧㄤˋ	1	13	工業工程	phrase.industrial-engineering.tsv	42	
工作研究	ㄍㄨㄥ ㄗㄨㄛˋ ㄧㄢˊ ㄐㄧㄡˋ	1	13	工業工程	phrase.industrial-engineering.tsv	43	
工作細胞	ㄍㄨㄥ ㄗㄨㄛˋ ㄒㄧˋ ㄅㄠ	0.009999999999999986	24	動漫	phrase.anime.tsv	871	
工作記憶	ㄍㄨㄥ ㄗㄨㄛˋ ㄐㄧˋ ㄧˋ	1	13	心理社會	phrase.psychology-society.tsv	26	
工作負荷	ㄍㄨㄥ ㄗㄨㄛˋ ㄈㄨˋ ㄏㄜˋ	1	13	工業工程	phrase.industrial-engineering.tsv	44	
工具使用	ㄍㄨㄥ ㄐㄩˋ ㄕˇ ㄩㄥˋ	1	12	AI資料科學	phrase.ai-data-science.tsv	63	
工單	ㄍㄨㄥ ㄉㄢ	1	16	工業工程	phrase.industrial-engineering.tsv	45	
工單管理	ㄍㄨㄥ ㄉㄢ ㄍㄨㄢˇ ㄌㄧˇ	1	14	製造機械	phrase.manufacturing.tsv	37	
工地放樣	ㄍㄨㄥ ㄉㄧˋ ㄈㄤˋ ㄧㄤˋ	1	11	建築土木	phrase.civil-engineering.tsv	77	
工廠佈置	ㄍㄨㄥ ㄔㄤˇ ㄅㄨˋ ㄓˋ	1	11	工業工程	phrase.industrial-engineering.tsv	47	
工業工程	ㄍㄨㄥ ㄧㄝˋ ㄍㄨㄥ ㄔㄥˊ	1	13	工業工程	phrase.industrial-engineering.tsv	48	
工法	ㄍㄨㄥ ㄈㄚˇ	0.009999999999999986	17	建築土木	phrase.civil-engineering.tsv	78	
工程估價	ㄍㄨㄥ ㄔㄥˊ ㄍㄨ ㄐㄧㄚˋ	1	12	建築土木	phrase.civil-engineering.tsv	80	
工程案件	ㄍㄨㄥ ㄔㄥˊ ㄢˋ ㄐㄧㄢˋ	1	16	公務員公文	phrase.government.tsv	26	
工程測量	ㄍㄨㄥ ㄔㄥˊ ㄘㄜˋ ㄌㄧㄤˊ	1	12	建築土木	phrase.civil-engineering.tsv	81	
工程經濟	ㄍㄨㄥ ㄔㄥˊ ㄐㄧㄥ ㄐㄧˋ	1	12	工業工程	phrase.industrial-engineering.tsv	49	
工藤新一	ㄍㄨㄥ ㄊㄥˊ ㄒㄧㄣ ㄧ	0.009999999999999986	22	動漫	phrase.anime.tsv	872	
左心室肥厚	ㄗㄨㄛˇ ㄒㄧㄣ ㄕˋ ㄈㄟˊ ㄏㄡˋ	1	5	醫學	phrase.medicine.tsv	83	
左王子蘭子	ㄗㄨㄛˇ ㄨㄤˊ ㄗˇ ㄌㄢˊ ㄗ˙	0.009999999999999986	12	動漫	phrase.anime.tsv	873	
巨球性貧血	ㄐㄩˋ ㄑㄧㄡˊ ㄒㄧㄥˋ ㄆㄧㄣˊ ㄒㄧㄝˇ	1	4	醫學	phrase.medicine.tsv	84	
差動放大器	ㄔㄚ ㄉㄨㄥˋ ㄈㄤˋ ㄉㄚˋ ㄑㄧˋ	1	5	電子電機	phrase.electronics.tsv	79	
差異分析	ㄔㄚ ㄧˋ ㄈㄣ ㄒㄧ	1	18	財會金融	phrase.finance.tsv	42	
差異化教學	ㄔㄚ ㄧˋ ㄏㄨㄚˋ ㄐㄧㄠ ㄒㄩㄝˊ	1	25	教育	phrase.education.tsv	44	
差示	ㄔㄚˋ ㄕˋ	1	12	材料化工	phrase.materials-chemistry.tsv	30	
巴布	ㄅㄚ ㄅㄨˋ	0.009999999999999986	9	動漫	phrase.anime.tsv	875	
巴德尼	ㄅㄚ ㄉㄜˊ ㄋㄧˊ	0.009999999999999986	13	動漫	phrase.anime.tsv	876	
巴斯德殺菌	ㄅㄚ ㄙ ㄉㄜˊ ㄕㄚ ㄐㄩㄣˋ	1	5	農業食品	phrase.agriculture-food.tsv	16	
巴特	ㄅㄚ ㄊㄜˋ	0.009999999999999986	18	動漫	phrase.anime.tsv	877	
巴納吉	ㄅㄚ ㄋㄚˋ ㄐㄧˊ	0.009999999999999986	18	動漫	phrase.anime.tsv	878	
巴衛	ㄅㄚ ㄨㄟˋ	0.009999999999999986	17	動漫	phrase.anime.tsv	879	
巴魯	ㄅㄚ ㄌㄨˇ	0.009999999999999986	23	動漫	phrase.anime.tsv	880	
巴麻美	ㄅㄚ ㄇㄚˊ ㄇㄟˇ	0.009999999999999986	18	動漫	phrase.anime.tsv	881	
巽幸太郎	ㄒㄩㄣˋ ㄒㄧㄥˋ ㄊㄞˋ ㄌㄤˊ	0.009999999999999986	9	動漫	phrase.anime.tsv	882	
市之宮行	ㄕˋ ㄓ ㄍㄨㄥ ㄒㄧㄥˊ	0.009999999999999986	18	動漫	phrase.anime.tsv	883	
市占率分析	ㄕˋ ㄓㄢˋ ㄌㄩˋ ㄈㄣ ㄒㄧ	1	5	商業	phrase.business.tsv	86	
市占率目標	ㄕˋ ㄓㄢˋ ㄌㄩˋ ㄇㄨˋ ㄅㄧㄠ	1	4	商業	phrase.business.tsv	87	
市占率趨勢	ㄕˋ ㄓㄢˋ ㄌㄩˋ ㄑㄩ ㄕˋ	1	4	商業	phrase.business.tsv	88	
市占率預測	ㄕˋ ㄓㄢˋ ㄌㄩˋ ㄩˋ ㄘㄜˋ	1	4	商業	phrase.business.tsv	89	
市地重劃	ㄕˋ ㄉㄧˋ ㄔㄨㄥˊ ㄏㄨㄚˋ	1	10	建築土木	phrase.civil-engineering.tsv	82	
市場契合	ㄕˋ ㄔㄤˇ ㄑㄧˋ ㄏㄜˊ	1	12	商業	phrase.business.tsv	91	
市場滲透率	ㄕˋ ㄔㄤˇ ㄕㄣˋ ㄊㄡˋ ㄌㄩˋ	1	5	商業	phrase.business.tsv	92	
市場集中度	ㄕˋ ㄔㄤˇ ㄐㄧˊ ㄓㄨㄥ ㄉㄨˋ	1	5	商業	phrase.business.tsv	93	
市場風險	ㄕˋ ㄔㄤˇ ㄈㄥ ㄒㄧㄢˇ	1	12	財會金融	phrase.finance.tsv	43	
市川京太郎	ㄕˋ ㄔㄨㄢ ㄐㄧㄥ ㄊㄞˋ ㄌㄤˊ	0.009999999999999986	20	動漫	phrase.anime.tsv	884	
市川雷諾	ㄕˋ ㄔㄨㄢ ㄌㄟˊ ㄋㄨㄛˋ	0.009999999999999986	16	動漫	phrase.anime.tsv	885	
市谷有咲	ㄕˋ ㄍㄨˇ ㄧㄡˇ ㄒㄧㄠˋ	0.009999999999999986	12	動漫	phrase.anime.tsv	886	
布倫希爾德	ㄅㄨˋ ㄌㄨㄣˊ ㄒㄧ ㄦˇ ㄉㄜˊ	0.009999999999999986	20	動漫	phrase.anime.tsv	887	
布忍斯特	ㄅㄨˋ ㄖㄣˇ ㄙ ㄊㄜˋ	1	12	科學	phrase.science.tsv	29	
布拉德弗倫	ㄅㄨˋ ㄌㄚ ㄉㄜˊ ㄈㄨˊ ㄌㄨㄣˊ	0.009999999999999986	17	動漫	phrase.anime.tsv	888	
布朗德	ㄅㄨˋ ㄌㄤˇ ㄉㄜˊ	0.009999999999999986	13	動漫	phrase.anime.tsv	890	
布氏硬度	ㄅㄨˋ ㄕˋ ㄧㄥˋ ㄉㄨˋ	1	12	材料化工	phrase.materials-chemistry.tsv	31	
布洛瓦	ㄅㄨˋ ㄌㄨㄛˋ ㄨㄚˇ	0.009999999999999986	16	動漫	phrase.anime.tsv	891	
布瑪	ㄅㄨˋ ㄇㄚˇ	0.009999999999999986	13	動漫	phrase.anime.tsv	892	
布甘比利亞	ㄅㄨˋ ㄍㄢ ㄅㄧˇ ㄌㄧˋ ㄧㄚˇ	0.009999999999999986	20	動漫	phrase.anime.tsv	893	
布盧	ㄅㄨˋ ㄌㄨˊ	0.009999999999999986	14	動漫	phrase.anime.tsv	894	
布萊克貝爾	ㄅㄨˋ ㄌㄞˊ ㄎㄜˋ ㄅㄟˋ ㄦˇ	0.009999999999999986	12	動漫	phrase.anime.tsv	895	
布蘭卡	ㄅㄨˋ ㄌㄢˊ ㄎㄚˇ	0.009999999999999986	12	動漫	phrase.anime.tsv	896	
布里德加賀	ㄅㄨˋ ㄌㄧˇ ㄉㄜˊ ㄐㄧㄚ ㄏㄜˋ	0.009999999999999986	13	動漫	phrase.anime.tsv	897	
布雷克	ㄅㄨˋ ㄌㄟˊ ㄎㄜˋ	0.009999999999999986	12	動漫	phrase.anime.tsv	898	
布魯克	ㄅㄨˋ ㄌㄨˇ ㄎㄜˋ	0.009999999999999986	9	動漫	phrase.anime.tsv	899	
希倫克	ㄒㄧ ㄌㄨㄣˊ ㄎㄜˋ	0.009999999999999986	15	動漫	phrase.anime.tsv	901	
希波戰爭	ㄒㄧ ㄅㄛ ㄓㄢˋ ㄓㄥ	1	12	歷史	phrase.history.tsv	65	
希洛唯	ㄒㄧ ㄌㄨㄛˋ ㄨㄟˊ	0.009999999999999986	18	動漫	phrase.anime.tsv	902	
希爾法	ㄒㄧ ㄦˇ ㄈㄚˇ	0.009999999999999986	16	動漫	phrase.anime.tsv	903	
希臘化時代	ㄒㄧ ㄌㄚˋ ㄏㄨㄚˋ ㄕˊ ㄉㄞˋ	1	3	歷史	phrase.history.tsv	66	
希達	ㄒㄧ ㄉㄚˊ	0.009999999999999986	20	動漫	phrase.anime.tsv	904	
希雅郝里亞	ㄒㄧ ㄧㄚˇ ㄏㄠˇ ㄌㄧˇ ㄧㄚˇ	0.009999999999999986	14	動漫	phrase.anime.tsv	905	
希露菲葉特	ㄒㄧ ㄌㄨˋ ㄈㄟ ㄧㄝˋ ㄊㄜˋ	0.009999999999999986	17	動漫	phrase.anime.tsv	906	
帕瓦	ㄆㄚˋ ㄨㄚˇ	0.009999999999999986	20	動漫	phrase.anime.tsv	907	
帝國衰亡	ㄉㄧˋ ㄍㄨㄛˊ ㄕㄨㄞ ㄨㄤˊ	1	11	歷史	phrase.history.tsv	68	
帶通濾波器	ㄉㄞˋ ㄊㄨㄥ ㄌㄩˋ ㄅㄛ ㄑㄧˋ	1	5	電子電機	phrase.electronics.tsv	80	
帶阻濾波器	ㄉㄞˋ ㄗㄨˇ ㄌㄩˋ ㄅㄛ ㄑㄧˋ	1	5	電子電機	phrase.electronics.tsv	81	
帷幕牆	ㄨㄟˊ ㄇㄨˋ ㄑㄧㄤˊ	1	16	建築土木	phrase.civil-engineering.tsv	83	
帷幕牆修復	ㄨㄟˊ ㄇㄨˋ ㄑㄧㄤˊ ㄒㄧㄡ ㄈㄨˋ	1	2	建築土木	phrase.civil-engineering.tsv	84	
帷幕牆工程	ㄨㄟˊ ㄇㄨˋ ㄑㄧㄤˊ ㄍㄨㄥ ㄔㄥˊ	1	4	建築土木	phrase.civil-engineering.tsv	85	
帷幕牆施工	ㄨㄟˊ ㄇㄨˋ ㄑㄧㄤˊ ㄕ ㄍㄨㄥ	1	3	建築土木	phrase.civil-engineering.tsv	86	
帷幕牆檢驗	ㄨㄟˊ ㄇㄨˋ ㄑㄧㄤˊ ㄐㄧㄢˇ ㄧㄢˋ	1	4	建築土木	phrase.civil-engineering.tsv	87	
帷幕牆監測	ㄨㄟˊ ㄇㄨˋ ㄑㄧㄤˊ ㄐㄧㄢ ㄘㄜˋ	1	3	建築土木	phrase.civil-engineering.tsv	88	
帷幕牆補強	ㄨㄟˊ ㄇㄨˋ ㄑㄧㄤˊ ㄅㄨˇ ㄑㄧㄤˊ	1	2	建築土木	phrase.civil-engineering.tsv	89	
帷幕牆設計	ㄨㄟˊ ㄇㄨˋ ㄑㄧㄤˊ ㄕㄜˋ ㄐㄧˋ	1	5	建築土木	phrase.civil-engineering.tsv	90	
常守朱	ㄔㄤˊ ㄕㄡˇ ㄓㄨ	0.009999999999999986	22	動漫	phrase.anime.tsv	908	
常態分布	ㄔㄤˊ ㄊㄞˋ ㄈㄣ ㄅㄨˋ	0.009999999999999986	10	工業工程	phrase.industrial-engineering.tsv	50	
常模	ㄔㄤˊ ㄇㄛˊ	1	13	教育	phrase.education.tsv	45	
常盤惠次	ㄔㄤˊ ㄆㄢˊ ㄏㄨㄟˋ ㄘˋ	0.009999999999999986	13	動漫	phrase.anime.tsv	909	
常盤綠	ㄔㄤˊ ㄆㄢˊ ㄌㄩˋ	0.009999999999999986	14	動漫	phrase.anime.tsv	910	
常陸院光	ㄔㄤˊ ㄌㄨˋ ㄩㄢˋ ㄍㄨㄤ	0.009999999999999986	14	動漫	phrase.anime.tsv	911	
常陸院馨	ㄔㄤˊ ㄌㄨˋ ㄩㄢˋ ㄒㄧㄣ	0.009999999999999986	12	動漫	phrase.anime.tsv	912	
幕之內一步	ㄇㄨˋ ㄓ ㄋㄟˋ ㄧ ㄅㄨˋ	0.009999999999999986	18	動漫	phrase.anime.tsv	913	
幕澤櫻花	ㄇㄨˋ ㄗㄜˊ ㄧㄥ ㄏㄨㄚ	0.009999999999999986	9	動漫	phrase.anime.tsv	914	
幫助犯	ㄅㄤ ㄓㄨˋ ㄈㄢˋ	1	12	法律	phrase.law.tsv	72	
平凡職業	ㄆㄧㄥˊ ㄈㄢˊ ㄓˊ ㄧㄝˋ	0.009999999999999986	21	動漫	phrase.anime.tsv	915	
平和島靜雄	ㄆㄧㄥˊ ㄏㄜˊ ㄉㄠˇ ㄐㄧㄥˋ ㄒㄩㄥˊ	0.009999999999999986	12	動漫	phrase.anime.tsv	916	
平均精確率	ㄆㄧㄥˊ ㄐㄩㄣ ㄐㄧㄥ ㄑㄩㄝˋ ㄌㄩˋ	1	4	AI資料科學	phrase.ai-data-science.tsv	65	
平澤唯	ㄆㄧㄥˊ ㄗㄜˊ ㄨㄟˊ	0.009999999999999986	22	動漫	phrase.anime.tsv	917	
平等原則	ㄆㄧㄥˊ ㄉㄥˇ ㄩㄢˊ ㄗㄜˊ	1	11	法律	phrase.law.tsv	73	
平等權	ㄆㄧㄥˊ ㄉㄥˇ ㄑㄩㄢˊ	1	11	法律	phrase.law.tsv	74	
平行機排程	ㄆㄧㄥˊ ㄒㄧㄥˊ ㄐㄧ ㄆㄞˊ ㄔㄥˊ	1	4	工業工程	phrase.industrial-engineering.tsv	51	
平衡計分卡	ㄆㄧㄥˊ ㄏㄥˊ ㄐㄧˋ ㄈㄣ ㄎㄚˇ	1	4	商業	phrase.business.tsv	94	
平賀才人	ㄆㄧㄥˊ ㄏㄜˋ ㄘㄞˊ ㄖㄣˊ	0.009999999999999986	17	動漫	phrase.anime.tsv	918	
平面型	ㄆㄧㄥˊ ㄇㄧㄢˋ ㄒㄧㄥˊ	1	11	晶片半導體	phrase.semiconductor.tsv	42	
平面磨削	ㄆㄧㄥˊ ㄇㄧㄢˋ ㄇㄛˊ ㄒㄩㄝ	1	11	製造機械	phrase.manufacturing.tsv	39	
平面線形	ㄆㄧㄥˊ ㄇㄧㄢˋ ㄒㄧㄢˋ ㄒㄧㄥˊ	1	11	建築土木	phrase.civil-engineering.tsv	92	
年度計畫	ㄋㄧㄢˊ ㄉㄨˋ ㄐㄧˋ ㄏㄨㄚˋ	1	16	公務員公文	phrase.government.tsv	28	
年鑑學派	ㄋㄧㄢˊ ㄐㄧㄢˋ ㄒㄩㄝˊ ㄆㄞˋ	1	9	歷史	phrase.history.tsv	69	
幸平創真	ㄒㄧㄥˋ ㄆㄧㄥˊ ㄔㄨㄤˋ ㄓㄣ	0.009999999999999986	21	動漫	phrase.anime.tsv	919	
幸村祥一郎	ㄒㄧㄥˋ ㄘㄨㄣ ㄒㄧㄤˊ ㄧ ㄌㄤˊ	0.009999999999999986	11	動漫	phrase.anime.tsv	920	
幸村精市	ㄒㄧㄥˋ ㄘㄨㄣ ㄐㄧㄥ ㄕˋ	0.009999999999999986	11	動漫	phrase.anime.tsv	921	
幸福婚約	ㄒㄧㄥˋ ㄈㄨˊ ㄏㄨㄣ ㄩㄝ	0.009999999999999986	21	動漫	phrase.anime.tsv	922	
幸運星	ㄒㄧㄥˋ ㄩㄣˋ ㄒㄧㄥ	0.009999999999999986	22	動漫	phrase.anime.tsv	923	幸運☆星
幹線公車	ㄍㄢˋ ㄒㄧㄢˋ ㄍㄨㄥ ㄔㄜ	1	10	交通物流	phrase.transport-logistics.tsv	36	
幹道連鎖	ㄍㄢˋ ㄉㄠˋ ㄌㄧㄢˊ ㄙㄨㄛˇ	1	9	交通物流	phrase.transport-logistics.tsv	37	
幻之第六人	ㄏㄨㄢˋ ㄓ ㄉㄧˋ ㄌㄧㄡˋ ㄖㄣˊ	0.009999999999999986	13	動漫	phrase.anime.tsv	925	
幻想殺手	ㄏㄨㄢˋ ㄒㄧㄤˇ ㄕㄚ ㄕㄡˇ	0.009999999999999986	13	動漫	phrase.anime.tsv	926	
幻書	ㄏㄨㄢˋ ㄕㄨ	0.009999999999999986	11	動漫	phrase.anime.tsv	927	
幼女戰記	ㄧㄡˋ ㄋㄩˇ ㄓㄢˋ ㄐㄧˋ	0.009999999999999986	21	動漫	phrase.anime.tsv	929	
幾何光學	ㄐㄧˇ ㄏㄜˊ ㄍㄨㄤ ㄒㄩㄝˊ	1	10	科學	phrase.science.tsv	30	
幾何公差	ㄐㄧˇ ㄏㄜˊ ㄍㄨㄥ ㄔㄞ	1	10	製造機械	phrase.manufacturing.tsv	40	
序批式	ㄒㄩˋ ㄆㄧ ㄕˋ	1	11	環境能源	phrase.energy-environment.tsv	40	
序號管理	ㄒㄩˋ ㄏㄠˋ ㄍㄨㄢˇ ㄌㄧˇ	1	12	交通物流	phrase.transport-logistics.tsv	38	
度量學習	ㄉㄨˋ ㄌㄧㄤˊ ㄒㄩㄝˊ ㄒㄧˊ	1	10	AI資料科學	phrase.ai-data-science.tsv	66	
座敷童子	ㄗㄨㄛˋ ㄈㄨ ㄊㄨㄥˊ ㄗˇ	0.009999999999999986	15	動漫	phrase.anime.tsv	932	
庫克米拉	ㄎㄨˋ ㄎㄜˋ ㄇㄧˇ ㄌㄚ	0.009999999999999986	12	動漫	phrase.anime.tsv	933	
庫存週轉率	ㄎㄨˋ ㄘㄨㄣˊ ㄓㄡ ㄓㄨㄢˇ ㄌㄩˋ	1	10	商業	phrase.business.tsv	96	
庫拉魯斯	ㄎㄨˋ ㄌㄚ ㄌㄨˇ ㄙ	0.009999999999999986	12	動漫	phrase.anime.tsv	934	
庫洛洛	ㄎㄨˋ ㄌㄨㄛˋ ㄌㄨㄛˋ	0.009999999999999986	12	動漫	phrase.anime.tsv	935	
庫洛魔法使	ㄎㄨˋ ㄌㄨㄛˋ ㄇㄛˊ ㄈㄚˇ ㄕˇ	0.009999999999999986	24	動漫	phrase.anime.tsv	936	
庫魯斯	ㄎㄨˋ ㄌㄨˇ ㄙ	0.009999999999999986	11	動漫	phrase.anime.tsv	937	
庸子	ㄩㄥ ㄗ˙	0.009999999999999986	16	動漫	phrase.anime.tsv	938	
廢棄物監測	ㄈㄟˋ ㄑㄧˋ ㄨˋ ㄐㄧㄢ ㄘㄜˋ	1	5	環境能源	phrase.energy-environment.tsv	42	
廢棄物盤查	ㄈㄟˋ ㄑㄧˋ ㄨˋ ㄆㄢˊ ㄔㄚˊ	1	4	環境能源	phrase.energy-environment.tsv	43	
廢棄物稽核	ㄈㄟˋ ㄑㄧˋ ㄨˋ ㄐㄧ ㄏㄜˊ	1	4	環境能源	phrase.energy-environment.tsv	44	
廢棄物管理	ㄈㄟˋ ㄑㄧˋ ㄨˋ ㄍㄨㄢˇ ㄌㄧˇ	1	5	環境能源	phrase.energy-environment.tsv	45	
廢氣洗滌	ㄈㄟˋ ㄑㄧˋ ㄒㄧˇ ㄉㄧˊ	1	9	材料化工	phrase.materials-chemistry.tsv	32	
廢水處理	ㄈㄟˋ ㄕㄨㄟˇ ㄔㄨˇ ㄌㄧˇ	1	10	環境能源	phrase.energy-environment.tsv	46	
廢電子電器	ㄈㄟˋ ㄉㄧㄢˋ ㄗˇ ㄉㄧㄢˋ ㄑㄧˋ	1	4	環境能源	phrase.energy-environment.tsv	47	
廣義相對論	ㄍㄨㄤˇ ㄧˋ ㄒㄧㄤ ㄉㄨㄟˋ ㄌㄨㄣˋ	1	3	科學	phrase.science.tsv	31	
廣角鏡頭	ㄍㄨㄤˇ ㄐㄧㄠˇ ㄐㄧㄥˋ ㄊㄡˊ	1	10	媒體設計	phrase.media-design.tsv	37	
廣韻	ㄍㄨㄤˇ ㄩㄣˋ	1	12	中文	phrase.chinese.tsv	50	
延時曲線	ㄧㄢˊ ㄕˊ ㄑㄩ ㄒㄧㄢˋ	1	11	建築土木	phrase.civil-engineering.tsv	93	
建構反應題	ㄐㄧㄢˋ ㄍㄡˋ ㄈㄢˇ ㄧㄥˋ ㄊㄧˊ	1	4	教育	phrase.education.tsv	46	
建築節能	ㄐㄧㄢˋ ㄓㄨˊ ㄐㄧㄝˊ ㄋㄥˊ	1	12	建築土木	phrase.civil-engineering.tsv	95	
建築聲學	ㄐㄧㄢˋ ㄓㄨˊ ㄕㄥ ㄒㄩㄝˊ	1	12	建築土木	phrase.civil-engineering.tsv	96	
弓原紗季	ㄍㄨㄥ ㄩㄢˊ ㄕㄚ ㄐㄧˋ	0.009999999999999986	14	動漫	phrase.anime.tsv	939	
引導線	ㄧㄣˇ ㄉㄠˇ ㄒㄧㄢˋ	1	11	媒體設計	phrase.media-design.tsv	38	
弗利沙	ㄈㄨˊ ㄌㄧˋ ㄕㄚ	0.009999999999999986	12	動漫	phrase.anime.tsv	940	
弗爾伏朗托	ㄈㄨˊ ㄦˇ ㄈㄨˊ ㄌㄤˇ ㄊㄨㄛ	0.009999999999999986	12	動漫	phrase.anime.tsv	941	
弧次郎	ㄏㄨˊ ㄘˋ ㄌㄤˊ	0.009999999999999986	12	動漫	phrase.anime.tsv	942	
弱電工程	ㄖㄨㄛˋ ㄉㄧㄢˋ ㄍㄨㄥ ㄔㄥˊ	1	12	建築土木	phrase.civil-engineering.tsv	97	
弱點掃描	ㄖㄨㄛˋ ㄉㄧㄢˇ ㄙㄠˇ ㄇㄧㄠˊ	1	14	網路資安	phrase.network-security.tsv	70	
張五飛	ㄓㄤ ㄨˇ ㄈㄟ	0.009999999999999986	11	動漫	phrase.anime.tsv	943	
張力結構	ㄓㄤ ㄌㄧˋ ㄐㄧㄝˊ ㄍㄡˋ	1	10	建築土木	phrase.civil-engineering.tsv	98	
張居正改革	ㄓㄤ ㄐㄩ ㄓㄥˋ ㄍㄞˇ ㄍㄜˊ	1	5	歷史	phrase.history.tsv	70	
強化學習	ㄑㄧㄤˊ ㄏㄨㄚˋ ㄒㄩㄝˊ ㄒㄧˊ	1	12	AI資料科學	phrase.ai-data-science.tsv	67	
強盜罪	ㄑㄧㄤˊ ㄉㄠˋ ㄗㄨㄟˋ	1	10	法律	phrase.law.tsv	75	
強風吹拂	ㄑㄧㄤˊ ㄈㄥ ㄔㄨㄟ ㄈㄨˊ	0.009999999999999986	20	動漫	phrase.anime.tsv	944	
彈性模數	ㄊㄢˊ ㄒㄧㄥˋ ㄇㄛˊ ㄕㄨˋ	1	11	製造機械	phrase.manufacturing.tsv	41	
彈性網路	ㄊㄢˊ ㄒㄧㄥˋ ㄨㄤˇ ㄌㄨˋ	1	11	AI資料科學	phrase.ai-data-science.tsv	68	
彌海砂	ㄇㄧˊ ㄏㄞˇ ㄕㄚ	0.009999999999999986	18	動漫	phrase.anime.tsv	946	
彌漫性	ㄇㄧˊ ㄇㄢˋ ㄒㄧㄥˋ	0.009999999999999986	9	醫學	phrase.medicine.tsv	85	
彎曲應力	ㄨㄢ ㄑㄩ ㄧㄥˋ ㄌㄧˋ	1	10	製造機械	phrase.manufacturing.tsv	42	
彎曲試驗	ㄨㄢ ㄑㄩ ㄕˋ ㄧㄢˋ	1	10	材料化工	phrase.materials-chemistry.tsv	33	
形成性評量	ㄒㄧㄥˊ ㄔㄥˊ ㄒㄧㄥˋ ㄆㄧㄥˊ ㄌㄧㄤˊ	1	14	教育	phrase.education.tsv	48	
形真理	ㄒㄧㄥˊ ㄓㄣ ㄌㄧˇ	0.009999999999999986	12	動漫	phrase.anime.tsv	947	
形訓	ㄒㄧㄥˊ ㄒㄩㄣˋ	0.009999999999999986	12	中文	phrase.chinese.tsv	51	
彩川恒雄	ㄘㄞˇ ㄔㄨㄢ ㄏㄥˊ ㄒㄩㄥˊ	0.009999999999999986	14	動漫	phrase.anime.tsv	948	
彭德佛傑	ㄆㄥˊ ㄉㄜˊ ㄈㄛˊ ㄐㄧㄝˊ	0.009999999999999986	16	動漫	phrase.anime.tsv	949	
影像分割	ㄧㄥˇ ㄒㄧㄤˋ ㄈㄣ ㄍㄜ	1	11	AI資料科學	phrase.ai-data-science.tsv	69	
影像分類	ㄧㄥˇ ㄒㄧㄤˋ ㄈㄣ ㄌㄟˋ	1	11	AI資料科學	phrase.ai-data-science.tsv	70	
影像剪輯	ㄧㄥˇ ㄒㄧㄤˋ ㄐㄧㄢˇ ㄐㄧˊ	1	11	媒體設計	phrase.media-design.tsv	39	
影像檢查	ㄧㄥˇ ㄒㄧㄤˋ ㄐㄧㄢˇ ㄔㄚˊ	1	13	醫學	phrase.medicine.tsv	86	
影像生成	ㄧㄥˇ ㄒㄧㄤˋ ㄕㄥ ㄔㄥˊ	1	11	AI資料科學	phrase.ai-data-science.tsv	71	
影山律	ㄧㄥˇ ㄕㄢ ㄌㄩˋ	0.009999999999999986	17	動漫	phrase.anime.tsv	951	
影山茂夫	ㄧㄥˇ ㄕㄢ ㄇㄠˋ ㄈㄨ	0.009999999999999986	22	動漫	phrase.anime.tsv	952	
影山飛雄	ㄧㄥˇ ㄕㄢ ㄈㄟ ㄒㄩㄥˊ	0.009999999999999986	21	動漫	phrase.anime.tsv	953	
影格率	ㄧㄥˇ ㄍㄜˊ ㄌㄩˋ	1	13	媒體設計	phrase.media-design.tsv	40	
影響者行銷	ㄧㄥˇ ㄒㄧㄤˇ ㄓㄜˇ ㄒㄧㄥˊ ㄒㄧㄠ	1	5	商業	phrase.business.tsv	97	
往返時間	ㄨㄤˇ ㄈㄢˇ ㄕˊ ㄐㄧㄢ	1	11	網路資安	phrase.network-security.tsv	71	
律師權	ㄌㄩˋ ㄕ ㄑㄩㄢˊ	1	11	法律	phrase.law.tsv	76	
後殖民史學	ㄏㄡˋ ㄓˊ ㄇㄧㄣˊ ㄕˇ ㄒㄩㄝˊ	1	6	歷史	phrase.history.tsv	71	
後端服務	ㄏㄡˋ ㄉㄨㄢ ㄈㄨˊ ㄨˋ	1	28	軟體科學	phrase.software.tsv	35	
後藤	ㄏㄡˋ ㄊㄥˊ	0.009999999999999986	12	動漫	phrase.anime.tsv	955	
後藤一里	ㄏㄡˋ ㄊㄥˊ ㄧ ㄌㄧˇ	0.009999999999999986	23	動漫	phrase.anime.tsv	956	
後起字	ㄏㄡˋ ㄑㄧˇ ㄗˋ	1	11	中文	phrase.chinese.tsv	52	
徒然喜歡你	ㄊㄨˊ ㄖㄢˊ ㄒㄧˇ ㄏㄨㄢ ㄋㄧˇ	0.009999999999999986	19	動漫	phrase.anime.tsv	957	
從眾	ㄘㄨㄥˊ ㄓㄨㄥˋ	0.009999999999999986	13	心理社會	phrase.psychology-society.tsv	28	
御坂美琴	ㄩˋ ㄅㄢˇ ㄇㄟˇ ㄑㄧㄣˊ	0.009999999999999986	22	動漫	phrase.anime.tsv	958	
御子柴實琴	ㄩˋ ㄗ˙ ㄔㄞˊ ㄕˊ ㄑㄧㄣˊ	0.009999999999999986	16	動漫	phrase.anime.tsv	959	
御幸一也	ㄩˋ ㄒㄧㄥˋ ㄧ ㄧㄝˇ	0.009999999999999986	14	動漫	phrase.anime.tsv	960	
御影玲王	ㄩˋ ㄧㄥˇ ㄌㄧㄥˊ ㄨㄤˊ	0.009999999999999986	15	動漫	phrase.anime.tsv	961	
御影秋	ㄩˋ ㄧㄥˇ ㄑㄧㄡ	0.009999999999999986	17	動漫	phrase.anime.tsv	962	
復健治療	ㄈㄨˋ ㄐㄧㄢˋ ㄓˋ ㄌㄧㄠˊ	1	13	醫學	phrase.medicine.tsv	87	
循環盤點	ㄒㄩㄣˊ ㄏㄨㄢˊ ㄆㄢˊ ㄉㄧㄢˇ	1	11	交通物流	phrase.transport-logistics.tsv	39	
循環經濟	ㄒㄩㄣˊ ㄏㄨㄢˊ ㄐㄧㄥ ㄐㄧˋ	1	11	環境能源	phrase.energy-environment.tsv	48	
微分控制	ㄨㄟˊ ㄈㄣ ㄎㄨㄥˋ ㄓˋ	1	11	電子電機	phrase.electronics.tsv	82	
微型隧道	ㄨㄟˊ ㄒㄧㄥˊ ㄙㄨㄟˋ ㄉㄠˋ	1	10	建築土木	phrase.civil-engineering.tsv	99	
微影	ㄨㄟˊ ㄧㄥˇ	1	16	晶片半導體	phrase.semiconductor.tsv	43	
微影製程	ㄨㄟˊ ㄧㄥˇ ㄓˋ ㄔㄥˊ	1	9	晶片半導體	phrase.semiconductor.tsv	44	
微服務	ㄨㄟ ㄈㄨˊ ㄨˋ	1	14	一般	phrase.general.tsv	52	
微波電路	ㄨㄟˊ ㄅㄛ ㄉㄧㄢˋ ㄌㄨˋ	1	10	電子電機	phrase.electronics.tsv	83	
微生物限量	ㄨㄟˊ ㄕㄥ ㄨˋ ㄒㄧㄢˋ ㄌㄧㄤˋ	1	3	農業食品	phrase.agriculture-food.tsv	17	
微結構分析	ㄨㄟ ㄐㄧㄝˊ ㄍㄡˋ ㄈㄣ ㄒㄧ	1	16	材料化工	phrase.materials-chemistry.tsv	34	
微觀史	ㄨㄟˊ ㄍㄨㄢ ㄕˇ	1	10	歷史	phrase.history.tsv	72	
微距鏡頭	ㄨㄟ ㄐㄩˋ ㄐㄧㄥˋ ㄊㄡˊ	1	12	媒體設計	phrase.media-design.tsv	41	
德古沙	ㄉㄜˊ ㄍㄨˇ ㄕㄚ	0.009999999999999986	16	動漫	phrase.anime.tsv	964	
德布洛瓦	ㄉㄜˊ ㄅㄨˋ ㄌㄨㄛˋ ㄨㄚˇ	0.009999999999999986	17	動漫	phrase.anime.tsv	965	
德拉	ㄉㄜˊ ㄌㄚ	0.009999999999999986	14	動漫	phrase.anime.tsv	966	
德斯蒙	ㄉㄜˊ ㄙ ㄇㄥˊ	0.009999999999999986	14	動漫	phrase.anime.tsv	967	
心內膜炎	ㄒㄧㄣ ㄋㄟˋ ㄇㄛˊ ㄧㄢˊ	1	10	醫學	phrase.medicine.tsv	88	
心因性休克	ㄒㄧㄣ ㄧㄣ ㄒㄧㄥˋ ㄒㄧㄡ ㄎㄜˋ	1	6	醫學	phrase.medicine.tsv	89	
心導管檢查	ㄒㄧㄣ ㄉㄠˇ ㄍㄨㄢˇ ㄐㄧㄢˇ ㄔㄚˊ	1	7	醫學	phrase.medicine.tsv	90	
心就是你	ㄒㄧㄣ ㄐㄧㄡˋ ㄕˋ ㄋㄧˇ	0.009999999999999986	12	動漫	phrase.anime.tsv	969	
心愛智乃	ㄒㄧㄣ ㄞˋ ㄓˋ ㄋㄞˇ	0.009999999999999986	12	動漫	phrase.anime.tsv	970	
心智負荷	ㄒㄧㄣ ㄓˋ ㄈㄨˋ ㄏㄜˋ	1	10	工業工程	phrase.industrial-engineering.tsv	53	
心理語言學	ㄒㄧㄣ ㄌㄧˇ ㄩˇ ㄧㄢˊ ㄒㄩㄝˊ	1	4	中文	phrase.chinese.tsv	54	
心肌纖維化	ㄒㄧㄣ ㄐㄧ ㄒㄧㄢ ㄨㄟˊ ㄏㄨㄚˋ	1	4	醫學	phrase.medicine.tsv	91	
心臟節律器	ㄒㄧㄣ ㄗㄤˋ ㄐㄧㄝˊ ㄌㄩˋ ㄑㄧˋ	1	4	醫學	phrase.medicine.tsv	94	
心臟超音波	ㄒㄧㄣ ㄗㄤˋ ㄔㄠ ㄧㄣ ㄅㄛ	1	4	醫學	phrase.medicine.tsv	95	
忍野忍	ㄖㄣˇ ㄧㄝˇ ㄖㄣˇ	0.009999999999999986	11	動漫	phrase.anime.tsv	971	
志人	ㄓˋ ㄖㄣˊ	0.009999999999999986	12	中文	phrase.chinese.tsv	55	
志喜屋夢子	ㄓˋ ㄒㄧˇ ㄨ ㄇㄥˋ ㄗ˙	0.009999999999999986	12	動漫	phrase.anime.tsv	972	
志志雄真實	ㄓˋ ㄓˋ ㄒㄩㄥˊ ㄓㄣ ㄕˊ	0.009999999999999986	11	動漫	phrase.anime.tsv	973	
志怪	ㄓˋ ㄍㄨㄞˋ	1	12	中文	phrase.chinese.tsv	56	
志摩凜	ㄓˋ ㄇㄛˊ ㄌㄧㄣˇ	0.009999999999999986	19	動漫	phrase.anime.tsv	974	
志摩聰介	ㄓˋ ㄇㄛˊ ㄘㄨㄥ ㄐㄧㄝˋ	0.009999999999999986	16	動漫	phrase.anime.tsv	975	
志村新八	ㄓˋ ㄘㄨㄣ ㄒㄧㄣ ㄅㄚ	0.009999999999999986	21	動漫	phrase.anime.tsv	976	
忠實表述	ㄓㄨㄥ ㄕˊ ㄅㄧㄠˇ ㄕㄨˋ	1	10	財會金融	phrase.finance.tsv	46	
忠邦	ㄓㄨㄥ ㄅㄤ	0.009999999999999986	20	動漫	phrase.anime.tsv	977	
快取系統	ㄎㄨㄞˋ ㄑㄩˇ ㄒㄧˋ ㄊㄨㄥˇ	1	24	軟體科學	phrase.software.tsv	38	
快篩試劑	ㄎㄨㄞˋ ㄕㄞ ㄕˋ ㄐㄧˋ	1	18	一般	phrase.general.tsv	55	
快速公車	ㄎㄨㄞˋ ㄙㄨˋ ㄍㄨㄥ ㄔㄜ	1	11	交通物流	phrase.transport-logistics.tsv	40	
快速恢復	ㄎㄨㄞˋ ㄙㄨˋ ㄏㄨㄟ ㄈㄨˋ	1	11	網路資安	phrase.network-security.tsv	72	
快速換模	ㄎㄨㄞˋ ㄙㄨˋ ㄏㄨㄢˋ ㄇㄛˊ	1	11	製造機械	phrase.manufacturing.tsv	43	
快速熱退火	ㄎㄨㄞˋ ㄙㄨˋ ㄖㄜˋ ㄊㄨㄟˋ ㄏㄨㄛˇ	1	4	晶片半導體	phrase.semiconductor.tsv	45	
快速重傳	ㄎㄨㄞˋ ㄙㄨˋ ㄓㄨㄥˋ ㄔㄨㄢˊ	1	11	網路資安	phrase.network-security.tsv	73	
快門速度	ㄎㄨㄞˋ ㄇㄣˊ ㄙㄨˋ ㄉㄨˋ	1	10	媒體設計	phrase.media-design.tsv	42	
念能力	ㄋㄧㄢˋ ㄋㄥˊ ㄌㄧˋ	0.009999999999999986	15	動漫	phrase.anime.tsv	978	
思想史	ㄙ ㄒㄧㄤˇ ㄕˇ	1	11	歷史	phrase.history.tsv	73	
急性冠心症	ㄐㄧˊ ㄒㄧㄥˋ ㄍㄨㄢ ㄒㄧㄣ ㄓㄥˋ	1	3	醫學	phrase.medicine.tsv	98	
急性腎損傷	ㄐㄧˊ ㄒㄧㄥˋ ㄕㄣˋ ㄙㄨㄣˇ ㄕㄤ	1	3	醫學	phrase.medicine.tsv	99	
急性骨髓炎	ㄐㄧˊ ㄒㄧㄥˋ ㄍㄨˇ ㄙㄨㄟˇ ㄧㄢˊ	1	3	醫學	phrase.medicine.tsv	100	
性別史	ㄒㄧㄥˋ ㄅㄧㄝˊ ㄕˇ	1	11	歷史	phrase.history.tsv	74	
性能式設計	ㄒㄧㄥˋ ㄋㄥˊ ㄕˋ ㄕㄜˋ ㄐㄧˋ	1	5	建築土木	phrase.civil-engineering.tsv	100	
性費洛蒙	ㄒㄧㄥˋ ㄈㄟˋ ㄌㄨㄛˋ ㄇㄥˊ	1	10	農業食品	phrase.agriculture-food.tsv	18	
怪化貓	ㄍㄨㄞˋ ㄏㄨㄚˋ ㄇㄠ	0.009999999999999986	20	動漫	phrase.anime.tsv	980	
怪同學	ㄍㄨㄞˋ ㄊㄨㄥˊ ㄒㄩㄝˊ	0.009999999999999986	20	動漫	phrase.anime.tsv	981	
怪獸八號	ㄍㄨㄞˋ ㄕㄡˋ ㄅㄚ ㄏㄠˋ	0.009999999999999986	23	動漫	phrase.anime.tsv	983	怪獸8號
怪盜基德	ㄍㄨㄞˋ ㄉㄠˋ ㄐㄧ ㄉㄜˊ	0.009999999999999986	12	動漫	phrase.anime.tsv	985	
怪盜艾克斯	ㄍㄨㄞˋ ㄉㄠˋ ㄞˋ ㄎㄜˋ ㄙ	0.009999999999999986	10	動漫	phrase.anime.tsv	984	怪盜X
恐嚇取財罪	ㄎㄨㄥˇ ㄏㄜˋ ㄑㄩˇ ㄘㄞˊ ㄗㄨㄟˋ	1	3	法律	phrase.law.tsv	77	
恐山安娜	ㄎㄨㄥˇ ㄕㄢ ㄢ ㄋㄚˋ	0.009999999999999986	15	動漫	phrase.anime.tsv	986	
恩滋華斯	ㄣ ㄗ ㄏㄨㄚˊ ㄙ	0.009999999999999986	17	動漫	phrase.anime.tsv	987	
悠遊付	ㄧㄡ ㄧㄡˊ ㄈㄨˋ	1	9	一般	phrase.general.tsv	56	
情事變更	ㄑㄧㄥˊ ㄕˋ ㄅㄧㄢˋ ㄍㄥ	1	10	法律	phrase.law.tsv	78	
情境分析	ㄑㄧㄥˊ ㄐㄧㄥˋ ㄈㄣ ㄒㄧ	1	17	財會金融	phrase.finance.tsv	47	
情境訪查	ㄑㄧㄥˊ ㄐㄧㄥˋ ㄈㄤˇ ㄔㄚˊ	1	11	媒體設計	phrase.media-design.tsv	43	
情感分析	ㄑㄧㄥˊ ㄍㄢˇ ㄈㄣ ㄒㄧ	1	12	AI資料科學	phrase.ai-data-science.tsv	74	
情節記憶	ㄑㄧㄥˊ ㄐㄧㄝˊ ㄐㄧˋ ㄧˋ	1	10	心理社會	phrase.psychology-society.tsv	30	
情色	ㄑㄧㄥˊ ㄙㄜˋ	0.009999999999999986	20	動漫	phrase.anime.tsv	989	
情色漫畫	ㄑㄧㄥˊ ㄙㄜˋ ㄇㄢˋ ㄏㄨㄚˋ	0.009999999999999986	20	動漫	phrase.anime.tsv	990	
惠惠	ㄏㄨㄟˋ ㄏㄨㄟˋ	0.009999999999999986	17	動漫	phrase.anime.tsv	991	
惠飛須澤	ㄏㄨㄟˋ ㄈㄟ ㄒㄩ ㄗㄜˊ	0.009999999999999986	15	動漫	phrase.anime.tsv	992	
惡意巨集	ㄜˋ ㄧˋ ㄐㄩˋ ㄐㄧˊ	1	10	網路資安	phrase.network-security.tsv	75	
惡意軟體	ㄜˋ ㄧˋ ㄖㄨㄢˇ ㄊㄧˇ	1	18	一般	phrase.general.tsv	57	
惡羅王	ㄜˋ ㄌㄨㄛˊ ㄨㄤˊ	0.009999999999999986	12	動漫	phrase.anime.tsv	993	
惡靈	ㄜˋ ㄌㄧㄥˊ	0.009999999999999986	12	動漫	phrase.anime.tsv	994	
惡魔人	ㄜˋ ㄇㄛˊ ㄖㄣˊ	0.009999999999999986	12	動漫	phrase.anime.tsv	995	
惡魔的足跡	ㄜˋ ㄇㄛˊ ㄉㄜ˙ ㄗㄨˊ ㄐㄧ	0.009999999999999986	13	動漫	phrase.anime.tsv	996	
惣流明日香	ㄗㄨㄥˇ ㄌㄧㄡˊ ㄇㄧㄥˊ ㄖˋ ㄒㄧㄤ	0.009999999999999986	17	動漫	phrase.anime.tsv	997	
想像競合	ㄒㄧㄤˇ ㄒㄧㄤˋ ㄐㄧㄥˋ ㄏㄜˊ	1	11	法律	phrase.law.tsv	79	
想要玩	ㄒㄧㄤˇ ㄧㄠˋ ㄨㄢˊ	0.009999999999999986	20	動漫	phrase.anime.tsv	998	
意思表示	ㄧˋ ㄙ ㄅㄧㄠˇ ㄕˋ	1	12	法律	phrase.law.tsv	80	
愚地獨步	ㄩˊ ㄉㄧˋ ㄉㄨˊ ㄅㄨˋ	0.009999999999999986	14	動漫	phrase.anime.tsv	999	
愛因茲貝倫	ㄞˋ ㄧㄣ ㄗ ㄅㄟˋ ㄌㄨㄣˊ	0.009999999999999986	17	動漫	phrase.anime.tsv	1000	
愛城華戀	ㄞˋ ㄔㄥˊ ㄏㄨㄚˊ ㄌㄧㄢˋ	0.009999999999999986	18	動漫	phrase.anime.tsv	1001	
愛姆露	ㄞˋ ㄇㄨˇ ㄌㄨˋ	0.009999999999999986	13	動漫	phrase.anime.tsv	1002	
愛德	ㄞˋ ㄉㄜˊ	0.009999999999999986	13	動漫	phrase.anime.tsv	1003	
愛莉兒	ㄞˋ ㄌㄧˋ ㄦˊ	0.009999999999999986	13	動漫	phrase.anime.tsv	1005	
愛蜜莉雅	ㄞˋ ㄇㄧˋ ㄌㄧˋ ㄧㄚˇ	0.009999999999999986	21	動漫	phrase.anime.tsv	1006	
愛野美奈子	ㄞˋ ㄧㄝˇ ㄇㄟˇ ㄋㄞˋ ㄗˇ	0.009999999999999986	14	動漫	phrase.anime.tsv	1007	
愛麗絲菲爾	ㄞˋ ㄌㄧˋ ㄙ ㄈㄟ ㄦˇ	0.009999999999999986	17	動漫	phrase.anime.tsv	1009	
感嘆句	ㄍㄢˇ ㄊㄢˋ ㄐㄩˋ	1	10	中文	phrase.chinese.tsv	57	
感應式號誌	ㄍㄢˇ ㄧㄥˋ ㄕˋ ㄏㄠˋ ㄓˋ	1	3	交通物流	phrase.transport-logistics.tsv	41	
感應馬達	ㄍㄢˇ ㄧㄥˋ ㄇㄚˇ ㄉㄚˊ	1	10	電子電機	phrase.electronics.tsv	85	
感測器校正	ㄍㄢˇ ㄘㄜˋ ㄑㄧˋ ㄐㄧㄠˋ ㄓㄥˋ	1	2	電子電機	phrase.electronics.tsv	87	
感測器模擬	ㄍㄢˇ ㄘㄜˋ ㄑㄧˋ ㄇㄛˊ ㄋㄧˇ	1	3	電子電機	phrase.electronics.tsv	88	
感測器設計	ㄍㄢˇ ㄘㄜˋ ㄑㄧˋ ㄕㄜˋ ㄐㄧˋ	1	5	電子電機	phrase.electronics.tsv	89	
感測器量測	ㄍㄢˇ ㄘㄜˋ ㄑㄧˋ ㄌㄧㄤˊ ㄘㄜˋ	1	2	電子電機	phrase.electronics.tsv	90	
感測器除錯	ㄍㄢˇ ㄘㄜˋ ㄑㄧˋ ㄔㄨˊ ㄘㄨㄛˋ	1	2	電子電機	phrase.electronics.tsv	91	
感測器驗證	ㄍㄢˇ ㄘㄜˋ ㄑㄧˋ ㄧㄢˋ ㄓㄥˋ	1	2	電子電機	phrase.electronics.tsv	92	
態度形成	ㄊㄞˋ ㄉㄨˋ ㄒㄧㄥˊ ㄔㄥˊ	1	12	心理社會	phrase.psychology-society.tsv	31	
態度改變	ㄊㄞˋ ㄉㄨˋ ㄍㄞˇ ㄅㄧㄢˋ	1	12	心理社會	phrase.psychology-society.tsv	32	
慢性腎臟病	ㄇㄢˋ ㄒㄧㄥˋ ㄕㄣˋ ㄗㄤˋ ㄅㄧㄥˋ	1	4	醫學	phrase.medicine.tsv	103	
慣性矩	ㄍㄨㄢˋ ㄒㄧㄥˋ ㄐㄩˇ	1	10	科學	phrase.science.tsv	32	
憑證填充	ㄆㄧㄥˊ ㄓㄥˋ ㄊㄧㄢˊ ㄔㄨㄥ	1	10	網路資安	phrase.network-security.tsv	77	
憑證撤銷	ㄆㄧㄥˊ ㄓㄥˋ ㄔㄜˋ ㄒㄧㄠ	1	10	網路資安	phrase.network-security.tsv	78	
憑證釘選	ㄆㄧㄥˊ ㄓㄥˋ ㄉㄧㄥ ㄒㄩㄢˇ	1	11	網路資安	phrase.network-security.tsv	79	
憲法基本權	ㄒㄧㄢˋ ㄈㄚˇ ㄐㄧ ㄅㄣˇ ㄑㄩㄢˊ	1	4	法律	phrase.law.tsv	81	
憲法法庭	ㄒㄧㄢˋ ㄈㄚˇ ㄈㄚˇ ㄊㄧㄥˊ	1	11	法律	phrase.law.tsv	82	
憲法訴訟	ㄒㄧㄢˋ ㄈㄚˇ ㄙㄨˋ ㄙㄨㄥˋ	1	11	法律	phrase.law.tsv	83	
應付帳款	ㄧㄥˋ ㄈㄨˋ ㄓㄤˋ ㄎㄨㄢˇ	1	12	財會金融	phrase.finance.tsv	48	
應付票據	ㄧㄥˋ ㄈㄨˋ ㄆㄧㄠˋ ㄐㄩˋ	1	10	財會金融	phrase.finance.tsv	49	
應力集中	ㄧㄥˋ ㄌㄧˋ ㄐㄧˊ ㄓㄨㄥ	1	10	製造機械	phrase.manufacturing.tsv	45	
應力鬆弛	ㄧㄥˋ ㄌㄧˋ ㄙㄨㄥ ㄔˊ	1	9	製造機械	phrase.manufacturing.tsv	46	
應收帳款	ㄧㄥ ㄕㄡ ㄓㄤˋ ㄎㄨㄢˇ	1	15	財會金融	phrase.finance.tsv	50	
應收票據	ㄧㄥ ㄕㄡ ㄆㄧㄠˋ ㄐㄩˋ	1	13	財會金融	phrase.finance.tsv	51	
應用處理器	ㄧㄥˋ ㄩㄥˋ ㄔㄨˇ ㄌㄧˇ ㄑㄧˋ	1	5	晶片半導體	phrase.semiconductor.tsv	47	
應繼分	ㄧㄥ ㄐㄧˋ ㄈㄣ	1	13	法律	phrase.law.tsv	84	
應計基礎	ㄧㄥ ㄐㄧˋ ㄐㄧ ㄔㄨˇ	1	13	財會金融	phrase.finance.tsv	52	
懲罰你	ㄔㄥˊ ㄈㄚˊ ㄋㄧˇ	0.009999999999999986	15	動漫	phrase.anime.tsv	1012	
懸浮固體	ㄒㄩㄢˊ ㄈㄨˊ ㄍㄨˋ ㄊㄧˇ	1	10	環境能源	phrase.energy-environment.tsv	49	
懸索結構	ㄒㄩㄢˊ ㄙㄨㄛˇ ㄐㄧㄝˊ ㄍㄡˋ	1	10	建築土木	phrase.civil-engineering.tsv	101	
戀愛與謊言	ㄌㄧㄢˋ ㄞˋ ㄩˇ ㄏㄨㄤˇ ㄧㄢˊ	0.009999999999999986	18	動漫	phrase.anime.tsv	1014	
成分分析	ㄔㄥˊ ㄈㄣˋ ㄈㄣ ㄒㄧ	1	14	AI資料科學	phrase.ai-data-science.tsv	75	
成名錄	ㄔㄥˊ ㄇㄧㄥˊ ㄌㄨˋ	0.009999999999999986	21	動漫	phrase.anime.tsv	1015	
成本分析	ㄔㄥˊ ㄅㄣˇ ㄈㄣ ㄒㄧ	1	18	工業工程	phrase.industrial-engineering.tsv	54	
成本制	ㄔㄥˊ ㄅㄣˇ ㄓˋ	1	12	財會金融	phrase.finance.tsv	54	
成本控制	ㄔㄥˊ ㄅㄣˇ ㄎㄨㄥˋ ㄓˋ	1	12	建築土木	phrase.civil-engineering.tsv	102	
成本行為	ㄔㄥˊ ㄅㄣˇ ㄒㄧㄥˊ ㄨㄟˊ	1	11	財會金融	phrase.finance.tsv	55	
成本預測	ㄔㄥˊ ㄅㄣˇ ㄩˋ ㄘㄜˋ	1	11	財會金融	phrase.finance.tsv	56	
成果報告	ㄔㄥˊ ㄍㄨㄛˇ ㄅㄠˋ ㄍㄠˋ	1	20	公務員公文	phrase.government.tsv	31	
成瀨翔	ㄔㄥˊ ㄌㄞˋ ㄒㄧㄤˊ	0.009999999999999986	15	動漫	phrase.anime.tsv	1016	
我們這一家	ㄨㄛˇ ㄇㄣˊ ㄓㄜˋ ㄧ ㄐㄧㄚ	0.009999999999999986	26	動漫	phrase.anime.tsv	1018	
我出發了	ㄨㄛˇ ㄔㄨ ㄈㄚ ㄌㄜ˙	0.009999999999999986	15	動漫	phrase.anime.tsv	1019	
我妻善逸	ㄨㄛˇ ㄑㄧ ㄕㄢˋ ㄧˋ	0.009999999999999986	19	動漫	phrase.anime.tsv	1020	
我妻由乃	ㄨㄛˇ ㄑㄧ ㄧㄡˊ ㄋㄞˇ	0.009999999999999986	17	動漫	phrase.anime.tsv	1021	
我很好奇	ㄨㄛˇ ㄏㄣˇ ㄏㄠˇ ㄑㄧˊ	0.009999999999999986	14	動漫	phrase.anime.tsv	1022	
我愛羅	ㄨㄛˇ ㄞˋ ㄌㄨㄛˊ	0.009999999999999986	15	動漫	phrase.anime.tsv	1023	
我是天才	ㄨㄛˇ ㄕˋ ㄊㄧㄢ ㄘㄞˊ	0.009999999999999986	16	動漫	phrase.anime.tsv	1025	
我是鋼彈	ㄨㄛˇ ㄕˋ ㄍㄤ ㄉㄢˋ	0.009999999999999986	13	動漫	phrase.anime.tsv	1026	
我的回合	ㄨㄛˇ ㄉㄜ˙ ㄏㄨㄟˊ ㄏㄜˊ	0.009999999999999986	14	動漫	phrase.anime.tsv	1027	
戰場原黑儀	ㄓㄢˋ ㄔㄤˇ ㄩㄢˊ ㄏㄟ ㄧˊ	0.009999999999999986	18	動漫	phrase.anime.tsv	1029	
戰後臺灣	ㄓㄢˋ ㄏㄡˋ ㄊㄞˊ ㄨㄢ	1	11	歷史	phrase.history.tsv	75	
戰慄的龍卷	ㄓㄢˋ ㄌㄧˋ ㄉㄜ˙ ㄌㄨㄥˊ ㄐㄩㄢˇ	0.009999999999999986	15	動漫	phrase.anime.tsv	1030	
戴克斯特拉	ㄉㄞˋ ㄎㄜˋ ㄙ ㄊㄜˋ ㄌㄚ	1	3	軟體科學	phrase.software.tsv	40	
戴拿賽諾	ㄉㄞˋ ㄋㄚˊ ㄙㄞˋ ㄋㄨㄛˋ	0.009999999999999986	10	動漫	phrase.anime.tsv	1034	
戴潮春事件	ㄉㄞˋ ㄔㄠˊ ㄔㄨㄣ ㄕˋ ㄐㄧㄢˋ	1	4	歷史	phrase.history.tsv	77	
戴維寧等效	ㄉㄞˋ ㄨㄟˊ ㄋㄧㄥˊ ㄉㄥˇ ㄒㄧㄠˋ	1	2	電子電機	phrase.electronics.tsv	93	
戴資穎	ㄉㄞˋ ㄗ ㄧㄥˇ	1	18	人名-當代	phrase.people-contemporary.tsv	12	
戴露塔	ㄉㄞˋ ㄌㄨˋ ㄊㄚˇ	0.009999999999999986	10	動漫	phrase.anime.tsv	1035	
戶塚彩加	ㄏㄨˋ ㄓㄨㄥˇ ㄘㄞˇ ㄐㄧㄚ	0.009999999999999986	12	動漫	phrase.anime.tsv	1036	
戶山香澄	ㄏㄨˋ ㄕㄢ ㄒㄧㄤ ㄔㄥˊ	0.009999999999999986	20	動漫	phrase.anime.tsv	1037	
戶愚呂弟	ㄏㄨˋ ㄩˊ ㄌㄩˇ ㄉㄧˋ	0.009999999999999986	12	動漫	phrase.anime.tsv	1038	
所得稅費用	ㄙㄨㄛˇ ㄉㄜˊ ㄕㄨㄟˋ ㄈㄟˋ ㄩㄥˋ	1	4	財會金融	phrase.finance.tsv	57	
扇入型封裝	ㄕㄢˋ ㄖㄨˋ ㄒㄧㄥˊ ㄈㄥ ㄓㄨㄤ	1	3	晶片半導體	phrase.semiconductor.tsv	48	
扇出型封裝	ㄕㄢˋ ㄔㄨ ㄒㄧㄥˊ ㄈㄥ ㄓㄨㄤ	1	3	晶片半導體	phrase.semiconductor.tsv	49	
手塚國光	ㄕㄡˇ ㄓㄨㄥˇ ㄍㄨㄛˊ ㄍㄨㄤ	0.009999999999999986	18	動漫	phrase.anime.tsv	1039	
手機應用	ㄕㄡˇ ㄐㄧ ㄧㄥˋ ㄩㄥˋ	1	12	一般	phrase.general.tsv	58	
手機條碼	ㄕㄡˇ ㄐㄧ ㄊㄧㄠˊ ㄇㄚˇ	1	10	一般	phrase.general.tsv	59	
托席	ㄊㄨㄛ ㄒㄧˊ	0.009999999999999986	14	動漫	phrase.anime.tsv	1041	
托爾芬	ㄊㄨㄛ ㄦˇ ㄈㄣ	0.009999999999999986	20	動漫	phrase.anime.tsv	1042	
托爾茲	ㄊㄨㄛ ㄦˇ ㄗ	0.009999999999999986	13	動漫	phrase.anime.tsv	1043	
扭力彈簧	ㄋㄧㄡˇ ㄌㄧˋ ㄊㄢˊ ㄏㄨㄤˊ	1	9	製造機械	phrase.manufacturing.tsv	48	
扭轉應力	ㄋㄧㄡˇ ㄓㄨㄢˇ ㄧㄥˋ ㄌㄧˋ	1	10	製造機械	phrase.manufacturing.tsv	49	
扶養比	ㄈㄨˊ ㄧㄤˇ ㄅㄧˇ	1	11	心理社會	phrase.psychology-society.tsv	33	
批校本	ㄆㄧ ㄐㄧㄠˋ ㄅㄣˇ	1	11	中文	phrase.chinese.tsv	58	
批次作業	ㄆㄧ ㄘˋ ㄗㄨㄛˋ ㄧㄝˋ	1	19	軟體科學	phrase.software.tsv	41	
批次反應器	ㄆㄧ ㄘˋ ㄈㄢˇ ㄧㄥˋ ㄑㄧˋ	1	2	材料化工	phrase.materials-chemistry.tsv	37	
批次正規化	ㄆㄧ ㄘˋ ㄓㄥˋ ㄍㄨㄟ ㄏㄨㄚˋ	1	4	AI資料科學	phrase.ai-data-science.tsv	76	
批次處理	ㄆㄧ ㄘˋ ㄔㄨˇ ㄌㄧˇ	1	11	AI資料科學	phrase.ai-data-science.tsv	77	
批號管理	ㄆㄧ ㄏㄠˋ ㄍㄨㄢˇ ㄌㄧˇ	1	12	交通物流	phrase.transport-logistics.tsv	42	
找到你了	ㄓㄠˇ ㄉㄠˋ ㄋㄧˇ ㄌㄜ˙	0.009999999999999986	14	動漫	phrase.anime.tsv	1044	
承接複句	ㄔㄥˊ ㄐㄧㄝ ㄈㄨˋ ㄐㄩˋ	1	10	中文	phrase.chinese.tsv	59	
承攬契約	ㄔㄥˊ ㄌㄢˇ ㄑㄧˋ ㄩㄝ	1	10	法律	phrase.law.tsv	86	
把字句	ㄅㄚˇ ㄗˋ ㄐㄩˋ	1	12	中文	phrase.chinese.tsv	60	
投手丘	ㄊㄡˊ ㄕㄡˇ ㄑㄧㄡ	0.009999999999999986	10	動漫	phrase.anime.tsv	1046	
投資性	ㄊㄡˊ ㄗ ㄒㄧㄥˋ	1	12	財會金融	phrase.finance.tsv	59	
投資現金流	ㄊㄡˊ ㄗ ㄒㄧㄢˋ ㄐㄧㄣ ㄌㄧㄡˊ	1	5	財會金融	phrase.finance.tsv	60	
抖音	ㄉㄡˇ ㄧㄣ	1	30	一般	phrase.general.tsv	61	
抗磷脂	ㄎㄤˋ ㄌㄧㄣˊ ㄓ	1	12	醫學	phrase.medicine.tsv	104	
折原臨也	ㄓㄜˊ ㄩㄢˊ ㄌㄧㄣˊ ㄧㄝˇ	0.009999999999999986	13	動漫	phrase.anime.tsv	1047	
折木奉太郎	ㄓㄜˊ ㄇㄨˋ ㄈㄥˋ ㄊㄞˋ ㄌㄤˊ	0.009999999999999986	22	動漫	phrase.anime.tsv	1048	
折現回收期	ㄓㄜˊ ㄒㄧㄢˋ ㄏㄨㄟˊ ㄕㄡ ㄑㄧ	1	4	財會金融	phrase.finance.tsv	61	
披集朱拉暖	ㄆㄧ ㄐㄧˊ ㄓㄨ ㄌㄚ ㄋㄨㄢˇ	0.009999999999999986	13	動漫	phrase.anime.tsv	1049	
押水菜子	ㄧㄚ ㄕㄨㄟˇ ㄘㄞˋ ㄗˇ	0.009999999999999986	13	動漫	phrase.anime.tsv	1050	
抽樣檢驗	ㄔㄡ ㄧㄤˋ ㄐㄧㄢˇ ㄧㄢˋ	1	11	工業工程	phrase.industrial-engineering.tsv	55	
抽蓄水力	ㄔㄡ ㄒㄩˋ ㄕㄨㄟˇ ㄌㄧˋ	1	11	環境能源	phrase.energy-environment.tsv	50	
拈連	ㄋㄧㄢ ㄌㄧㄢˊ	1	11	中文	phrase.chinese.tsv	61	
拉伸彈簧	ㄌㄚ ㄕㄣ ㄊㄢˊ ㄏㄨㄤˊ	1	9	製造機械	phrase.manufacturing.tsv	51	
拉伸試驗	ㄌㄚ ㄕㄣ ㄕˋ ㄧㄢˋ	1	10	材料化工	phrase.materials-chemistry.tsv	38	
拉克絲	ㄌㄚ ㄎㄜˋ ㄙ	0.009999999999999986	17	動漫	phrase.anime.tsv	1051	
拉克萊科	ㄌㄚ ㄎㄜˋ ㄌㄞˊ ㄎㄜ	0.009999999999999986	13	動漫	phrase.anime.tsv	1052	
拉姆	ㄌㄚ ㄇㄨˇ	0.009999999999999986	17	動漫	phrase.anime.tsv	1053	
拉姆達	ㄌㄚ ㄇㄨˇ ㄉㄚˊ	0.009999999999999986	10	動漫	phrase.anime.tsv	1054	
拉巴伯溫拿	ㄌㄚ ㄅㄚ ㄅㄛˊ ㄨㄣ ㄋㄚˊ	0.009999999999999986	12	動漫	phrase.anime.tsv	1055	
拉德魯索	ㄌㄚ ㄉㄜˊ ㄌㄨˇ ㄙㄨㄛˇ	0.009999999999999986	10	動漫	phrase.anime.tsv	1056	
拉普達	ㄌㄚ ㄆㄨˇ ㄉㄚˊ	0.009999999999999986	15	動漫	phrase.anime.tsv	1059	
拉曼光譜	ㄌㄚ ㄇㄢˋ ㄍㄨㄤ ㄆㄨˇ	1	12	材料化工	phrase.materials-chemistry.tsv	39	
拉格朗日	ㄌㄚ ㄍㄜˊ ㄌㄤˇ ㄖˋ	1	12	科學	phrase.science.tsv	33	
拉歐	ㄌㄚ ㄡ	0.009999999999999986	16	動漫	phrase.anime.tsv	1060	
拉比	ㄌㄚ ㄅㄧˇ	0.009999999999999986	12	動漫	phrase.anime.tsv	1061	
拉芙塔莉雅	ㄌㄚ ㄈㄨˊ ㄊㄚˇ ㄌㄧˋ ㄧㄚˇ	0.009999999999999986	16	動漫	phrase.anime.tsv	1062	
拉雪特	ㄌㄚ ㄒㄩㄝˇ ㄊㄜˋ	0.009999999999999986	11	動漫	phrase.anime.tsv	1063	
拋棄繼承	ㄆㄠ ㄑㄧˋ ㄐㄧˋ ㄔㄥˊ	1	10	法律	phrase.law.tsv	88	
招待不周	ㄓㄠ ㄉㄞˋ ㄅㄨˋ ㄓㄡ	0.009999999999999986	13	動漫	phrase.anime.tsv	1064	
拜占庭帝國	ㄅㄞˋ ㄓㄢˋ ㄊㄧㄥˊ ㄉㄧˋ ㄍㄨㄛˊ	1	2	歷史	phrase.history.tsv	78	
拜登	ㄅㄞˋ ㄉㄥ	1	13	人名-當代	phrase.people-contemporary.tsv	13	
拳四郎	ㄑㄩㄢˊ ㄙˋ ㄌㄤˊ	0.009999999999999986	21	動漫	phrase.anime.tsv	1065	
拳願競技	ㄑㄩㄢˊ ㄩㄢˋ ㄐㄧㄥˋ ㄐㄧˋ	0.009999999999999986	12	動漫	phrase.anime.tsv	1067	
拳願阿修羅	ㄑㄩㄢˊ ㄩㄢˋ ㄚ ㄒㄧㄡ ㄌㄨㄛˊ	0.009999999999999986	20	動漫	phrase.anime.tsv	1068	
拿破崙戰爭	ㄋㄚˊ ㄆㄛˋ ㄌㄨㄣˊ ㄓㄢˋ ㄓㄥ	1	3	歷史	phrase.history.tsv	79	
指令微調	ㄓˇ ㄌㄧㄥˋ ㄨㄟˊ ㄊㄧㄠˊ	1	11	AI資料科學	phrase.ai-data-science.tsv	78	
指數分布	ㄓˇ ㄕㄨˋ ㄈㄣ ㄅㄨˋ	1	11	工業工程	phrase.industrial-engineering.tsv	57	
指數型基金	ㄓˇ ㄕㄨˋ ㄒㄧㄥˊ ㄐㄧ ㄐㄧㄣ	1	4	財會金融	phrase.finance.tsv	62	
指數投資	ㄓˇ ㄕㄨˋ ㄊㄡˊ ㄗ	1	9	一般	phrase.general.tsv	62	
指派問題	ㄓˇ ㄆㄞˋ ㄨㄣˋ ㄊㄧˊ	1	11	工業工程	phrase.industrial-engineering.tsv	58	
捉弄人	ㄓㄨㄛ ㄋㄨㄥˋ ㄖㄣˊ	0.009999999999999986	23	動漫	phrase.anime.tsv	1071	
掃碼支付	ㄙㄠˇ ㄇㄚˇ ㄓ ㄈㄨˋ	1	10	一般	phrase.general.tsv	63	
授權服務	ㄕㄡˋ ㄑㄩㄢˊ ㄈㄨˊ ㄨˋ	1	9	軟體科學	phrase.software.tsv	42	
授權系統	ㄕㄡˋ ㄑㄩㄢˊ ㄒㄧˋ ㄊㄨㄥˇ	1	9	軟體科學	phrase.software.tsv	43	
掌中老虎	ㄓㄤˇ ㄓㄨㄥ ㄌㄠˇ ㄏㄨˇ	0.009999999999999986	14	動漫	phrase.anime.tsv	1072	
排名指標	ㄆㄞˊ ㄇㄧㄥˊ ㄓˇ ㄅㄧㄠ	1	11	AI資料科學	phrase.ai-data-science.tsv	79	
排序模型	ㄆㄞˊ ㄒㄩˋ ㄇㄛˊ ㄒㄧㄥˊ	1	14	AI資料科學	phrase.ai-data-science.tsv	80	
排放交易	ㄆㄞˊ ㄈㄤˋ ㄐㄧㄠ ㄧˋ	1	10	環境能源	phrase.energy-environment.tsv	51	
排放係數	ㄆㄞˊ ㄈㄤˋ ㄒㄧˋ ㄕㄨˋ	1	10	環境能源	phrase.energy-environment.tsv	52	
排煙系統	ㄆㄞˊ ㄧㄢ ㄒㄧˋ ㄊㄨㄥˇ	1	13	建築土木	phrase.civil-engineering.tsv	105	
排程	ㄆㄞˊ ㄔㄥˊ	0.009999999999999986	21	工業工程	phrase.industrial-engineering.tsv	59	
排程最佳化	ㄆㄞˊ ㄔㄥˊ ㄗㄨㄟˋ ㄐㄧㄚ ㄏㄨㄚˋ	1	17	工業工程	phrase.industrial-engineering.tsv	60	
排程服務	ㄆㄞˊ ㄔㄥˊ ㄈㄨˊ ㄨˋ	1	9	軟體科學	phrase.software.tsv	44	
排程系統	ㄆㄞˊ ㄔㄥˊ ㄒㄧˋ ㄊㄨㄥˇ	1	9	軟體科學	phrase.software.tsv	45	
排隊長度	ㄆㄞˊ ㄉㄨㄟˋ ㄔㄤˊ ㄉㄨˋ	1	10	交通物流	phrase.transport-logistics.tsv	45	
採光分析	ㄘㄞˇ ㄍㄨㄤ ㄈㄣ ㄒㄧ	1	11	建築土木	phrase.civil-engineering.tsv	106	
採購案件	ㄘㄞˇ ㄍㄡˋ ㄢˋ ㄐㄧㄢˋ	1	15	公務員公文	phrase.government.tsv	32	
探究式學習	ㄊㄢˋ ㄐㄧㄡˋ ㄕˋ ㄒㄩㄝˊ ㄒㄧˊ	1	3	教育	phrase.education.tsv	51	
探究與實作	ㄊㄢˋ ㄐㄧㄡˋ ㄩˇ ㄕˊ ㄗㄨㄛˋ	1	3	教育	phrase.education.tsv	52	
探針台	ㄊㄢˋ ㄓㄣ ㄊㄞˊ	1	13	晶片半導體	phrase.semiconductor.tsv	51	
探針台保養	ㄊㄢˋ ㄓㄣ ㄊㄞˊ ㄅㄠˇ ㄧㄤˇ	1	4	晶片半導體	phrase.semiconductor.tsv	52	
探針台校正	ㄊㄢˋ ㄓㄣ ㄊㄞˊ ㄐㄧㄠˋ ㄓㄥˋ	1	4	晶片半導體	phrase.semiconductor.tsv	53	
接地平面	ㄐㄧㄝ ㄉㄧˋ ㄆㄧㄥˊ ㄇㄧㄢˋ	1	9	電子電機	phrase.electronics.tsv	95	
接地系統	ㄐㄧㄝ ㄉㄧˋ ㄒㄧˋ ㄊㄨㄥˇ	1	12	電子電機	phrase.electronics.tsv	96	
接案	ㄐㄧㄝ ㄢˋ	1	22	一般	phrase.general.tsv	65	
接班人計畫	ㄐㄧㄝ ㄅㄢ ㄖㄣˊ ㄐㄧˋ ㄏㄨㄚˋ	1	5	商業	phrase.business.tsv	101	
接駁運輸	ㄐㄧㄝ ㄅㄛˊ ㄩㄣˋ ㄕㄨ	1	10	交通物流	phrase.transport-logistics.tsv	46	
控制系統	ㄎㄨㄥˋ ㄓˋ ㄒㄧˋ ㄊㄨㄥˇ	1	13	電子電機	phrase.electronics.tsv	98	
控釋製劑	ㄎㄨㄥˋ ㄕˋ ㄓˋ ㄐㄧˋ	1	12	生技藥學	phrase.biotech-pharma.tsv	44	
推的孩子	ㄊㄨㄟ ㄉㄜ˙ ㄏㄞˊ ㄗ˙	0.009999999999999986	15	動漫	phrase.anime.tsv	1074	
推薦指標	ㄊㄨㄟ ㄐㄧㄢˋ ㄓˇ ㄅㄧㄠ	1	11	AI資料科學	phrase.ai-data-science.tsv	81	
推薦模型	ㄊㄨㄟ ㄐㄧㄢˋ ㄇㄛˊ ㄒㄧㄥˊ	1	15	AI資料科學	phrase.ai-data-science.tsv	82	
推論加速	ㄊㄨㄟ ㄌㄨㄣˋ ㄐㄧㄚ ㄙㄨˋ	1	10	AI資料科學	phrase.ai-data-science.tsv	83	
推論最佳化	ㄊㄨㄟ ㄌㄨㄣˋ ㄗㄨㄟˋ ㄐㄧㄚ ㄏㄨㄚˋ	1	14	AI資料科學	phrase.ai-data-science.tsv	84	
提前停止	ㄊㄧˊ ㄑㄧㄢˊ ㄊㄧㄥˊ ㄓˇ	1	11	AI資料科學	phrase.ai-data-science.tsv	85	
提示工程	ㄊㄧˊ ㄕˋ ㄍㄨㄥ ㄔㄥˊ	1	13	一般	phrase.general.tsv	66	
提示微調	ㄊㄧˊ ㄕˋ ㄨㄟˊ ㄊㄧㄠˊ	1	10	AI資料科學	phrase.ai-data-science.tsv	87	
提示詞	ㄊㄧˊ ㄕˋ ㄘˊ	1	9	一般	phrase.general.tsv	67	
提耶利亞	ㄊㄧˊ ㄧㄝ ㄌㄧˋ ㄧㄚˇ	0.009999999999999986	13	動漫	phrase.anime.tsv	1075	
插畫設計	ㄔㄚ ㄏㄨㄚˋ ㄕㄜˋ ㄐㄧˋ	1	12	媒體設計	phrase.media-design.tsv	44	
換裝娃娃	ㄏㄨㄢˋ ㄓㄨㄤ ㄨㄚˊ ㄨㄚˊ	0.009999999999999986	25	動漫	phrase.anime.tsv	1077	
損失補償	ㄙㄨㄣˇ ㄕ ㄅㄨˇ ㄔㄤˊ	1	11	法律	phrase.law.tsv	90	
損益兩平	ㄙㄨㄣˇ ㄧˋ ㄌㄧㄤˇ ㄆㄧㄥˊ	1	11	財會金融	phrase.finance.tsv	63	
損益相抵	ㄙㄨㄣˇ ㄧˋ ㄒㄧㄤ ㄉㄧˇ	1	10	法律	phrase.law.tsv	91	
搖曳露營	ㄧㄠˊ ㄧˋ ㄌㄨˋ ㄧㄥˊ	0.009999999999999986	24	動漫	phrase.anime.tsv	1078	
搜尋服務	ㄙㄡ ㄒㄩㄣˊ ㄈㄨˊ ㄨˋ	1	8	軟體科學	phrase.software.tsv	49	
摘心	ㄓㄞ ㄒㄧㄣ	1	10	農業食品	phrase.agriculture-food.tsv	19	
摩擦攪拌焊	ㄇㄛˊ ㄘㄚ ㄐㄧㄠˇ ㄅㄢˋ ㄏㄢˋ	1	3	製造機械	phrase.manufacturing.tsv	53	
摩訶亞爾邦	ㄇㄛˊ ㄏㄜ ㄧㄚˇ ㄦˇ ㄅㄤ	0.009999999999999986	17	動漫	phrase.anime.tsv	1079	
撒旦之子	ㄙㄚ ㄉㄢˋ ㄓ ㄗˇ	0.009999999999999986	12	動漫	phrase.anime.tsv	1080	
撤銷權	ㄔㄜˋ ㄒㄧㄠ ㄑㄩㄢˊ	1	11	法律	phrase.law.tsv	92	
撤銷訴訟	ㄔㄜˋ ㄒㄧㄠ ㄙㄨˋ ㄙㄨㄥˋ	1	10	法律	phrase.law.tsv	93	
播磨拳兒	ㄅㄛˋ ㄇㄛˊ ㄑㄩㄢˊ ㄦˊ	0.009999999999999986	15	動漫	phrase.anime.tsv	1081	
擁塞控制	ㄩㄥˇ ㄙㄜˋ ㄎㄨㄥˋ ㄓˋ	1	11	網路資安	phrase.network-security.tsv	86	
擅長逃跑	ㄕㄢˋ ㄔㄤˊ ㄊㄠˊ ㄆㄠˇ	0.009999999999999986	20	動漫	phrase.anime.tsv	1083	
擋土設施	ㄉㄤˇ ㄊㄨˇ ㄕㄜˋ ㄕ	1	14	建築土木	phrase.civil-engineering.tsv	107	
操作制約	ㄘㄠ ㄗㄨㄛˋ ㄓˋ ㄩㄝ	1	11	心理社會	phrase.psychology-society.tsv	34	
擬物	ㄋㄧˇ ㄨˋ	1	11	中文	phrase.chinese.tsv	62	
擬聲詞	ㄋㄧˇ ㄕㄥ ㄘˊ	1	11	中文	phrase.chinese.tsv	63	
擴張症	ㄎㄨㄛˋ ㄓㄤ ㄓㄥˋ	1	10	醫學	phrase.medicine.tsv	109	
擴散模型	ㄎㄨㄛˋ ㄙㄢˋ ㄇㄛˊ ㄒㄧㄥˊ	1	11	AI資料科學	phrase.ai-data-science.tsv	88	
擴散製程	ㄎㄨㄛˋ ㄙㄢˋ ㄓˋ ㄔㄥˊ	1	14	晶片半導體	phrase.semiconductor.tsv	58	
攝影構圖	ㄕㄜˋ ㄧㄥˇ ㄍㄡˋ ㄊㄨˊ	1	12	媒體設計	phrase.media-design.tsv	45	
攤丁入畝	ㄊㄢ ㄉㄧㄥ ㄖㄨˋ ㄇㄨˇ	1	11	歷史	phrase.history.tsv	80	
攪拌槽	ㄐㄧㄠˇ ㄅㄢˋ ㄘㄠˊ	1	10	材料化工	phrase.materials-chemistry.tsv	42	
支付命令	ㄓ ㄈㄨˋ ㄇㄧㄥˋ ㄌㄧㄥˋ	1	11	法律	phrase.law.tsv	94	
支持治療	ㄓ ㄔˊ ㄓˋ ㄌㄧㄠˊ	1	13	醫學	phrase.medicine.tsv	112	
支援向量機	ㄓ ㄩㄢˊ ㄒㄧㄤˋ ㄌㄧㄤˋ ㄐㄧ	1	4	AI資料科學	phrase.ai-data-science.tsv	89	
收入認列	ㄕㄡ ㄖㄨˋ ㄖㄣˋ ㄌㄧㄝˋ	1	11	財會金融	phrase.finance.tsv	65	
收入預測	ㄕㄡ ㄖㄨˋ ㄩˋ ㄘㄜˋ	1	11	財會金融	phrase.finance.tsv	66	
攸關成本	ㄧㄡ ㄍㄨㄢ ㄔㄥˊ ㄅㄣˇ	1	10	財會金融	phrase.finance.tsv	67	
改善措施	ㄍㄞˇ ㄕㄢˋ ㄘㄨㄛˋ ㄕ	1	20	公務員公文	phrase.government.tsv	34	
改善計畫	ㄍㄞˇ ㄕㄢˋ ㄐㄧˋ ㄏㄨㄚˋ	1	14	環境能源	phrase.energy-environment.tsv	54	
放電加工	ㄈㄤˋ ㄉㄧㄢˋ ㄐㄧㄚ ㄍㄨㄥ	1	10	製造機械	phrase.manufacturing.tsv	54	
政府會計	ㄓㄥˋ ㄈㄨˇ ㄎㄨㄞˋ ㄐㄧˋ	1	13	財會金融	phrase.finance.tsv	68	
政府通知	ㄓㄥˋ ㄈㄨˇ ㄊㄨㄥ ㄓ	0.009999999999999986	10	動漫	phrase.anime.tsv	1085	
政治制度	ㄓㄥˋ ㄓˋ ㄓˋ ㄉㄨˋ	1	11	歷史	phrase.history.tsv	81	
故障樹分析	ㄍㄨˋ ㄓㄤˋ ㄕㄨˋ ㄈㄣ ㄒㄧ	1	4	工業工程	phrase.industrial-engineering.tsv	61	
故障診斷	ㄍㄨˋ ㄓㄤˋ ㄓㄣˇ ㄉㄨㄢˋ	1	15	製造機械	phrase.manufacturing.tsv	56	
故障轉移	ㄍㄨˋ ㄓㄤˋ ㄓㄨㄢˇ ㄧˊ	1	18	軟體科學	phrase.software.tsv	51	
效度	ㄒㄧㄠˋ ㄉㄨˋ	1	13	教育	phrase.education.tsv	54	
效應分析	ㄒㄧㄠˋ ㄧㄥˋ ㄈㄣ ㄒㄧ	1	10	工業工程	phrase.industrial-engineering.tsv	62	
效標	ㄒㄧㄠˋ ㄅㄧㄠ	1	12	教育	phrase.education.tsv	55	
效率改善	ㄒㄧㄠˋ ㄌㄩˋ ㄍㄞˇ ㄕㄢˋ	1	17	工業工程	phrase.industrial-engineering.tsv	63	
效能分析	ㄒㄧㄠˋ ㄋㄥˊ ㄈㄣ ㄒㄧ	1	24	軟體科學	phrase.software.tsv	52	
效能調校	ㄒㄧㄠˋ ㄋㄥˊ ㄊㄧㄠˊ ㄐㄧㄠˋ	1	18	軟體科學	phrase.software.tsv	53	
敏感度分析	ㄇㄧㄣˇ ㄍㄢˇ ㄉㄨˋ ㄈㄣ ㄒㄧ	1	17	財會金融	phrase.finance.tsv	69	
敕使	ㄔˋ ㄕˇ	0.009999999999999986	16	動漫	phrase.anime.tsv	1086	
敗北女角	ㄅㄞˋ ㄅㄟˇ ㄋㄩˇ ㄐㄧㄠˇ	0.009999999999999986	23	動漫	phrase.anime.tsv	1087	
敘事學	ㄒㄩˋ ㄕˋ ㄒㄩㄝˊ	1	11	中文	phrase.chinese.tsv	64	
敘事時間	ㄒㄩˋ ㄕˋ ㄕˊ ㄐㄧㄢ	1	11	中文	phrase.chinese.tsv	65	
敘事結構	ㄒㄩˋ ㄕˋ ㄐㄧㄝˊ ㄍㄡˋ	1	10	中文	phrase.chinese.tsv	66	
敘事者	ㄒㄩˋ ㄕˋ ㄓㄜˇ	1	13	中文	phrase.chinese.tsv	67	
敘事視角	ㄒㄩˋ ㄕˋ ㄕˋ ㄐㄧㄠˇ	1	10	中文	phrase.chinese.tsv	68	
教學研究	ㄐㄧㄠ ㄒㄩㄝˊ ㄧㄢˊ ㄐㄧㄡˋ	1	16	教育	phrase.education.tsv	57	
教學研究會	ㄐㄧㄠ ㄒㄩㄝˊ ㄧㄢˊ ㄐㄧㄡˋ ㄏㄨㄟˋ	1	5	教育	phrase.education.tsv	58	
教學策略	ㄐㄧㄠ ㄒㄩㄝˊ ㄘㄜˋ ㄌㄩㄝˋ	1	16	教育	phrase.education.tsv	59	
教學設計	ㄐㄧㄠ ㄒㄩㄝˊ ㄕㄜˋ ㄐㄧˋ	1	14	教育	phrase.education.tsv	60	
教材設計	ㄐㄧㄠˋ ㄘㄞˊ ㄕㄜˋ ㄐㄧˋ	1	17	教育	phrase.education.tsv	62	
教育社會學	ㄐㄧㄠˋ ㄩˋ ㄕㄜˋ ㄏㄨㄟˋ ㄒㄩㄝˊ	1	6	教育	phrase.education.tsv	63	
散射參數	ㄙㄢˋ ㄕㄜˋ ㄘㄢ ㄕㄨˋ	1	9	電子電機	phrase.electronics.tsv	100	
散華禮彌	ㄙㄢˋ ㄏㄨㄚˊ ㄌㄧˇ ㄇㄧˊ	0.009999999999999986	18	動漫	phrase.anime.tsv	1089	
散裝運輸	ㄙㄢˇ ㄓㄨㄤ ㄩㄣˋ ㄕㄨ	1	10	交通物流	phrase.transport-logistics.tsv	49	
整數溢位	ㄓㄥˇ ㄕㄨˋ ㄧˋ ㄨㄟˋ	1	11	網路資安	phrase.network-security.tsv	87	
整流二極體	ㄓㄥˇ ㄌㄧㄡˊ ㄦˋ ㄐㄧˊ ㄊㄧˇ	1	2	電子電機	phrase.electronics.tsv	101	
數位憑證	ㄕㄨˋ ㄨㄟˋ ㄆㄧㄥˊ ㄓㄥˋ	1	11	網路資安	phrase.network-security.tsv	88	
數位校正	ㄕㄨˋ ㄨㄟˋ ㄐㄧㄠˋ ㄓㄥˋ	1	11	電子電機	phrase.electronics.tsv	103	
數位模擬	ㄕㄨˋ ㄨㄟˋ ㄇㄛˊ ㄋㄧˇ	1	11	電子電機	phrase.electronics.tsv	104	
數位熱分析	ㄕㄨˋ ㄨㄟˋ ㄖㄜˋ ㄈㄣ ㄒㄧ	1	5	電子電機	phrase.electronics.tsv	105	
數位簽章	ㄕㄨˋ ㄨㄟˋ ㄑㄧㄢ ㄓㄤ	1	11	網路資安	phrase.network-security.tsv	89	
數位設計	ㄕㄨˋ ㄨㄟˋ ㄕㄜˋ ㄐㄧˋ	1	12	電子電機	phrase.electronics.tsv	106	
數位貨幣	ㄕㄨˋ ㄨㄟˋ ㄏㄨㄛˋ ㄅㄧˋ	1	14	一般	phrase.general.tsv	69	
數位轉型	ㄕㄨˋ ㄨㄟˋ ㄓㄨㄢˇ ㄒㄧㄥˊ	1	16	一般	phrase.general.tsv	70	
數位邏輯	ㄕㄨˋ ㄨㄟˋ ㄌㄨㄛˊ ㄐㄧˊ	1	11	電子電機	phrase.electronics.tsv	107	
數位量測	ㄕㄨˋ ㄨㄟˋ ㄌㄧㄤˊ ㄘㄜˋ	1	11	電子電機	phrase.electronics.tsv	108	
數位鑑識	ㄕㄨˋ ㄨㄟˋ ㄐㄧㄢˋ ㄕˋ	1	11	網路資安	phrase.network-security.tsv	90	
數位除錯	ㄕㄨˋ ㄨㄟˋ ㄔㄨˊ ㄘㄨㄛˋ	1	11	電子電機	phrase.electronics.tsv	109	
數位電路	ㄕㄨˋ ㄨㄟˋ ㄉㄧㄢˋ ㄌㄨˋ	1	11	電子電機	phrase.electronics.tsv	110	
數位驗證	ㄕㄨˋ ㄨㄟˋ ㄧㄢˋ ㄓㄥˋ	1	11	電子電機	phrase.electronics.tsv	111	
數據分析	ㄕㄨˋ ㄐㄩˋ ㄈㄣ ㄒㄧ	1	18	一般	phrase.general.tsv	71	
數碼寶貝	ㄕㄨˋ ㄇㄚˇ ㄅㄠˇ ㄅㄟˋ	0.009999999999999986	25	動漫	phrase.anime.tsv	1090	
數詞	ㄕㄨˋ ㄘˊ	1	12	中文	phrase.chinese.tsv	69	
文化協會	ㄨㄣˊ ㄏㄨㄚˋ ㄒㄧㄝˊ ㄏㄨㄟˋ	1	12	歷史	phrase.history.tsv	82	
文化資本	ㄨㄣˊ ㄏㄨㄚˋ ㄗ ㄅㄣˇ	1	12	心理社會	phrase.psychology-society.tsv	36	
文學少女	ㄨㄣˊ ㄒㄩㄝˊ ㄕㄠˋ ㄋㄩˇ	0.009999999999999986	13	動漫	phrase.anime.tsv	1091	
文學批評	ㄨㄣˊ ㄒㄩㄝˊ ㄆㄧ ㄆㄧㄥˊ	1	12	中文	phrase.chinese.tsv	70	
文學理論	ㄨㄣˊ ㄒㄩㄝˊ ㄌㄧˇ ㄌㄨㄣˋ	1	12	中文	phrase.chinese.tsv	71	
文學風格	ㄨㄣˊ ㄒㄩㄝˊ ㄈㄥ ㄍㄜˊ	1	22	中文	phrase.chinese.tsv	72	
文明起源	ㄨㄣˊ ㄇㄧㄥˊ ㄑㄧˇ ㄩㄢˊ	1	11	歷史	phrase.history.tsv	83	
文本分析	ㄨㄣˊ ㄅㄣˇ ㄈㄣ ㄒㄧ	1	11	中文	phrase.chinese.tsv	73	
文本分類	ㄨㄣˊ ㄅㄣˇ ㄈㄣ ㄌㄟˋ	1	10	AI資料科學	phrase.ai-data-science.tsv	91	
文本嵌入	ㄨㄣˊ ㄅㄣˇ ㄑㄧㄢ ㄖㄨˋ	1	10	AI資料科學	phrase.ai-data-science.tsv	92	
文本摘要	ㄨㄣˊ ㄅㄣˇ ㄓㄞ ㄧㄠˋ	1	10	AI資料科學	phrase.ai-data-science.tsv	93	
文獻學	ㄨㄣˊ ㄒㄧㄢˋ ㄒㄩㄝˊ	1	11	中文	phrase.chinese.tsv	74	
文體學	ㄨㄣˊ ㄊㄧˇ ㄒㄩㄝˊ	1	11	中文	phrase.chinese.tsv	75	
斐迪南	ㄈㄟˇ ㄉㄧˊ ㄋㄢˊ	0.009999999999999986	16	動漫	phrase.anime.tsv	1093	
斜槓	ㄒㄧㄝˊ ㄍㄤˋ	1	18	一般	phrase.general.tsv	72	
斬子	ㄓㄢˇ ㄗ˙	0.009999999999999986	20	動漫	phrase.anime.tsv	1094	
斯克	ㄙ ㄎㄜˋ	0.009999999999999986	13	動漫	phrase.anime.tsv	1095	
斯卡	ㄙ ㄎㄚˇ	0.009999999999999986	12	動漫	phrase.anime.tsv	1096	
斯巴達城邦	ㄙ ㄅㄚ ㄉㄚˊ ㄔㄥˊ ㄅㄤ	1	2	歷史	phrase.history.tsv	84	
斯芬古	ㄙ ㄈㄣ ㄍㄨˇ	0.009999999999999986	11	動漫	phrase.anime.tsv	1097	
斯雷因	ㄙ ㄌㄟˊ ㄧㄣ	0.009999999999999986	15	動漫	phrase.anime.tsv	1098	
斯露	ㄙ ㄌㄨˋ	0.009999999999999986	20	動漫	phrase.anime.tsv	1099	
新冠疫情	ㄒㄧㄣ ㄍㄨㄢˋ ㄧˋ ㄑㄧㄥˊ	1	18	一般	phrase.general.tsv	73	
新創公司	ㄒㄧㄣ ㄔㄨㄤˋ ㄍㄨㄥ ㄙ	1	18	一般	phrase.general.tsv	74	
新垣綾瀨	ㄒㄧㄣ ㄩㄢˊ ㄌㄧㄥˊ ㄌㄞˋ	0.009999999999999986	12	動漫	phrase.anime.tsv	1102	
新奧工法	ㄒㄧㄣ ㄠˋ ㄍㄨㄥ ㄈㄚˇ	1	13	建築土木	phrase.civil-engineering.tsv	111	
新條直輝	ㄒㄧㄣ ㄊㄧㄠˊ ㄓˊ ㄏㄨㄟ	0.009999999999999986	14	動漫	phrase.anime.tsv	1104	
新條茜	ㄒㄧㄣ ㄊㄧㄠˊ ㄑㄧㄢˋ	0.009999999999999986	12	動漫	phrase.anime.tsv	1105	
新機動	ㄒㄧㄣ ㄐㄧ ㄉㄨㄥˋ	0.009999999999999986	20	動漫	phrase.anime.tsv	1106	
新產品開發	ㄒㄧㄣ ㄔㄢˇ ㄆㄧㄣˇ ㄎㄞ ㄈㄚ	1	4	商業	phrase.business.tsv	105	
新聞倫理	ㄒㄧㄣ ㄨㄣˊ ㄌㄨㄣˊ ㄌㄧˇ	1	12	媒體設計	phrase.media-design.tsv	46	
新聞價值	ㄒㄧㄣ ㄨㄣˊ ㄐㄧㄚˋ ㄓˊ	1	12	媒體設計	phrase.media-design.tsv	47	
新聞採訪	ㄒㄧㄣ ㄨㄣˊ ㄘㄞˇ ㄈㄤˇ	1	12	媒體設計	phrase.media-design.tsv	48	
新聞編輯	ㄒㄧㄣ ㄨㄣˊ ㄅㄧㄢ ㄐㄧˊ	1	12	媒體設計	phrase.media-design.tsv	49	
新藥研發	ㄒㄧㄣ ㄧㄠˋ ㄧㄢˊ ㄈㄚ	1	13	生技藥學	phrase.biotech-pharma.tsv	46	
新門紅丸	ㄒㄧㄣ ㄇㄣˊ ㄏㄨㄥˊ ㄨㄢˊ	0.009999999999999986	10	動漫	phrase.anime.tsv	1107	
斷裂力學	ㄉㄨㄢˋ ㄌㄧㄝˋ ㄌㄧˋ ㄒㄩㄝˊ	1	10	製造機械	phrase.manufacturing.tsv	58	
方塊圖	ㄈㄤ ㄎㄨㄞˋ ㄊㄨˊ	1	11	工業工程	phrase.industrial-engineering.tsv	64	
方法學	ㄈㄤ ㄈㄚˇ ㄒㄩㄝˊ	1	10	晶片半導體	phrase.semiconductor.tsv	66	
施工查核	ㄕ ㄍㄨㄥ ㄔㄚˊ ㄏㄜˊ	1	21	建築土木	phrase.civil-engineering.tsv	113	
施工規範	ㄕ ㄍㄨㄥ ㄍㄨㄟ ㄈㄢˋ	1	13	建築土木	phrase.civil-engineering.tsv	114	
施工計畫書	ㄕ ㄍㄨㄥ ㄐㄧˋ ㄏㄨㄚˋ ㄕㄨ	1	4	建築土木	phrase.civil-engineering.tsv	115	
旅次分布	ㄌㄩˇ ㄘˋ ㄈㄣ ㄅㄨˋ	1	12	交通物流	phrase.transport-logistics.tsv	50	
旅次產生	ㄌㄩˇ ㄘˋ ㄔㄢˇ ㄕㄥ	1	12	交通物流	phrase.transport-logistics.tsv	51	
旅行時間	ㄌㄩˇ ㄒㄧㄥˊ ㄕˊ ㄐㄧㄢ	1	12	交通物流	phrase.transport-logistics.tsv	52	
旅運需求	ㄌㄩˇ ㄩㄣˋ ㄒㄩ ㄑㄧㄡˊ	1	12	交通物流	phrase.transport-logistics.tsv	53	
旋轉編碼器	ㄒㄩㄢˊ ㄓㄨㄢˇ ㄅㄧㄢ ㄇㄚˇ ㄑㄧˋ	1	3	電子電機	phrase.electronics.tsv	113	
旋風管家	ㄒㄩㄢˋ ㄈㄥ ㄍㄨㄢˇ ㄐㄧㄚ	0.009999999999999986	22	動漫	phrase.anime.tsv	1109	
旗木卡卡西	ㄑㄧˊ ㄇㄨˋ ㄎㄚˇ ㄎㄚˇ ㄒㄧ	0.009999999999999986	17	動漫	phrase.anime.tsv	1110	
日向冬樹	ㄖˋ ㄒㄧㄤˋ ㄉㄨㄥ ㄕㄨˋ	0.009999999999999986	11	動漫	phrase.anime.tsv	1111	
日向夏美	ㄖˋ ㄒㄧㄤˋ ㄒㄧㄚˋ ㄇㄟˇ	0.009999999999999986	10	動漫	phrase.anime.tsv	1112	
日向秀樹	ㄖˋ ㄒㄧㄤˋ ㄒㄧㄡˋ ㄕㄨˋ	0.009999999999999986	14	動漫	phrase.anime.tsv	1113	
日向翔陽	ㄖˋ ㄒㄧㄤˋ ㄒㄧㄤˊ ㄧㄤˊ	0.009999999999999986	24	動漫	phrase.anime.tsv	1114	
日向雛田	ㄖˋ ㄒㄧㄤˋ ㄔㄨˊ ㄊㄧㄢˊ	0.009999999999999986	12	動漫	phrase.anime.tsv	1115	
日和	ㄖˋ ㄏㄜˊ	0.009999999999999986	21	動漫	phrase.anime.tsv	1116	
日暮永遠	ㄖˋ ㄇㄨˋ ㄩㄥˇ ㄩㄢˇ	0.009999999999999986	18	動漫	phrase.anime.tsv	1118	
日暮籬	ㄖˋ ㄇㄨˋ ㄌㄧˊ	0.009999999999999986	20	動漫	phrase.anime.tsv	1119	
日比野	ㄖˋ ㄅㄧˇ ㄧㄝˇ	0.009999999999999986	21	動漫	phrase.anime.tsv	1120	
日治臺灣	ㄖˋ ㄓˋ ㄊㄞˊ ㄨㄢ	1	13	歷史	phrase.history.tsv	85	
日照分析	ㄖˋ ㄓㄠˋ ㄈㄣ ㄒㄧ	1	11	建築土木	phrase.civil-engineering.tsv	116	
日番谷	ㄖˋ ㄈㄢ ㄍㄨˇ	0.009999999999999986	10	動漫	phrase.anime.tsv	1121	
日誌分析	ㄖˋ ㄓˋ ㄈㄣ ㄒㄧ	1	24	軟體科學	phrase.software.tsv	55	
日誌式	ㄖˋ ㄓˋ ㄕˋ	1	12	軟體科學	phrase.software.tsv	56	
日誌監控	ㄖˋ ㄓˋ ㄐㄧㄢ ㄎㄨㄥˋ	1	13	網路資安	phrase.network-security.tsv	91	
早乙女亂馬	ㄗㄠˇ ㄧˇ ㄋㄩˇ ㄌㄨㄢˋ ㄇㄚˇ	0.009999999999999986	23	動漫	phrase.anime.tsv	1122	
早坂愛	ㄗㄠˇ ㄅㄢˇ ㄞˋ	0.009999999999999986	11	動漫	phrase.anime.tsv	1123	
早坂紫	ㄗㄠˇ ㄅㄢˇ ㄗˇ	0.009999999999999986	17	動漫	phrase.anime.tsv	1124	
早川秋	ㄗㄠˇ ㄔㄨㄢ ㄑㄧㄡ	0.009999999999999986	17	動漫	phrase.anime.tsv	1125	
早期國家	ㄗㄠˇ ㄑㄧˊ ㄍㄨㄛˊ ㄐㄧㄚ	1	11	歷史	phrase.history.tsv	86	
旭日之心	ㄒㄩˋ ㄖˋ ㄓ ㄒㄧㄣ	0.009999999999999986	12	動漫	phrase.anime.tsv	1126	
昆阿圭羅	ㄎㄨㄣ ㄚ ㄍㄨㄟ ㄌㄨㄛˊ	0.009999999999999986	15	動漫	phrase.anime.tsv	1127	
明挖	ㄇㄧㄥˊ ㄨㄚ	1	13	建築土木	phrase.civil-engineering.tsv	117	
明智健悟	ㄇㄧㄥˊ ㄓˋ ㄐㄧㄢˋ ㄨˋ	0.009999999999999986	15	動漫	phrase.anime.tsv	1129	
明清時期	ㄇㄧㄥˊ ㄑㄧㄥ ㄕˊ ㄑㄧˊ	1	10	歷史	phrase.history.tsv	88	
明神彌彥	ㄇㄧㄥˊ ㄕㄣˊ ㄇㄧˊ ㄧㄢˋ	0.009999999999999986	15	動漫	phrase.anime.tsv	1130	
明鄭時期	ㄇㄧㄥˊ ㄓㄥˋ ㄕˊ ㄑㄧˊ	1	13	歷史	phrase.history.tsv	89	
星井美希	ㄒㄧㄥ ㄐㄧㄥˇ ㄇㄟˇ ㄒㄧ	0.009999999999999986	15	動漫	phrase.anime.tsv	1131	
星型綱要	ㄒㄧㄥ ㄒㄧㄥˊ ㄍㄤ ㄧㄠˋ	1	12	AI資料科學	phrase.ai-data-science.tsv	94	
星川莉莉	ㄒㄧㄥ ㄔㄨㄢ ㄌㄧˋ ㄌㄧˋ	0.009999999999999986	10	動漫	phrase.anime.tsv	1133	
星空凜	ㄒㄧㄥ ㄎㄨㄥ ㄌㄧㄣˇ	0.009999999999999986	13	動漫	phrase.anime.tsv	1135	
星野宮子	ㄒㄧㄥ ㄧㄝˇ ㄍㄨㄥ ㄗ˙	0.009999999999999986	17	動漫	phrase.anime.tsv	1136	
星野愛	ㄒㄧㄥ ㄧㄝˇ ㄞˋ	0.009999999999999986	24	動漫	phrase.anime.tsv	1137	
星野日向	ㄒㄧㄥ ㄧㄝˇ ㄖˋ ㄒㄧㄤˋ	0.009999999999999986	13	動漫	phrase.anime.tsv	1138	
星際牛仔	ㄒㄧㄥ ㄐㄧˋ ㄋㄧㄡˊ ㄗㄞˇ	0.009999999999999986	22	動漫	phrase.anime.tsv	1139	
星馳阿魯斯	ㄒㄧㄥ ㄔˊ ㄚ ㄌㄨˇ ㄙ	0.009999999999999986	11	動漫	phrase.anime.tsv	1140	
映像研	ㄧㄥˋ ㄒㄧㄤˋ ㄧㄢˊ	0.009999999999999986	20	動漫	phrase.anime.tsv	1141	
春野櫻	ㄔㄨㄣ ㄧㄝˇ ㄧㄥ	0.009999999999999986	19	動漫	phrase.anime.tsv	1142	
時崎狂三	ㄕˊ ㄑㄧˊ ㄎㄨㄤˊ ㄙㄢ	0.009999999999999986	13	動漫	phrase.anime.tsv	1145	
時延頻寬積	ㄕˊ ㄧㄢˊ ㄆㄧㄣˊ ㄎㄨㄢ ㄐㄧ	1	6	網路資安	phrase.network-security.tsv	92	
時效取得	ㄕˊ ㄒㄧㄠˋ ㄑㄩˇ ㄉㄜˊ	1	10	法律	phrase.law.tsv	97	
時效處理	ㄕˊ ㄒㄧㄠˋ ㄔㄨˇ ㄌㄧˇ	1	11	材料化工	phrase.materials-chemistry.tsv	44	
時脈校正	ㄕˊ ㄇㄞˋ ㄐㄧㄠˋ ㄓㄥˋ	1	9	電子電機	phrase.electronics.tsv	115	
時脈模擬	ㄕˊ ㄇㄞˋ ㄇㄛˊ ㄋㄧˇ	1	10	電子電機	phrase.electronics.tsv	116	
時脈熱分析	ㄕˊ ㄇㄞˋ ㄖㄜˋ ㄈㄣ ㄒㄧ	1	4	電子電機	phrase.electronics.tsv	117	
時脈設計	ㄕˊ ㄇㄞˋ ㄕㄜˋ ㄐㄧˋ	1	12	電子電機	phrase.electronics.tsv	118	
時脈量測	ㄕˊ ㄇㄞˋ ㄌㄧㄤˊ ㄘㄜˋ	1	9	電子電機	phrase.electronics.tsv	119	
時脈除錯	ㄕˊ ㄇㄞˋ ㄔㄨˊ ㄘㄨㄛˋ	1	9	電子電機	phrase.electronics.tsv	120	
時脈驗證	ㄕˊ ㄇㄞˋ ㄧㄢˋ ㄓㄥˋ	1	9	電子電機	phrase.electronics.tsv	121	
時鐘樹合成	ㄕˊ ㄓㄨㄥ ㄕㄨˋ ㄏㄜˊ ㄔㄥˊ	1	3	晶片半導體	phrase.semiconductor.tsv	68	
時間軸	ㄕˊ ㄐㄧㄢ ㄓㄡˊ	1	13	媒體設計	phrase.media-design.tsv	50	
時雄	ㄕˊ ㄒㄩㄥˊ	0.009999999999999986	15	動漫	phrase.anime.tsv	1146	
晨曦公主	ㄔㄣˊ ㄒㄧ ㄍㄨㄥ ㄓㄨˇ	0.009999999999999986	22	動漫	phrase.anime.tsv	1147	
普利謝茨基	ㄆㄨˇ ㄌㄧˋ ㄒㄧㄝˋ ㄘˊ ㄐㄧ	0.009999999999999986	15	動漫	phrase.anime.tsv	1148	
普通公司債	ㄆㄨˇ ㄊㄨㄥ ㄍㄨㄥ ㄙ ㄓㄞˋ	1	4	財會金融	phrase.finance.tsv	70	
普魯托	ㄆㄨˇ ㄌㄨˇ ㄊㄨㄛ	0.009999999999999986	10	動漫	phrase.anime.tsv	1150	
景觀工程	ㄐㄧㄥˇ ㄍㄨㄢ ㄍㄨㄥ ㄔㄥˊ	1	12	建築土木	phrase.civil-engineering.tsv	118	
晶圓級封裝	ㄐㄧㄥ ㄩㄢˊ ㄐㄧˊ ㄈㄥ ㄓㄨㄤ	1	3	晶片半導體	phrase.semiconductor.tsv	70	
晶粒成長	ㄐㄧㄥ ㄌㄧˋ ㄔㄥˊ ㄓㄤˇ	1	10	材料化工	phrase.materials-chemistry.tsv	45	
晶體結構	ㄐㄧㄥ ㄊㄧˇ ㄐㄧㄝˊ ㄍㄡˋ	1	10	材料化工	phrase.materials-chemistry.tsv	46	
智將	ㄓˋ ㄐㄧㄤ	0.009999999999999986	12	動漫	phrase.anime.tsv	1151	
智慧之神	ㄓˋ ㄏㄨㄟˋ ㄓ ㄕㄣˊ	0.009999999999999986	12	動漫	phrase.anime.tsv	1152	
智慧代理	ㄓˋ ㄏㄨㄟˋ ㄉㄞˋ ㄌㄧˇ	1	12	AI資料科學	phrase.ai-data-science.tsv	95	
智慧材料	ㄓˋ ㄏㄨㄟˋ ㄘㄞˊ ㄌㄧㄠˋ	1	12	材料化工	phrase.materials-chemistry.tsv	47	
智慧農業	ㄓˋ ㄏㄨㄟˋ ㄋㄨㄥˊ ㄧㄝˋ	1	15	農業食品	phrase.agriculture-food.tsv	20	
暗殺教室	ㄢˋ ㄕㄚ ㄐㄧㄠˋ ㄕˋ	0.009999999999999986	24	動漫	phrase.anime.tsv	1153	
暗殺時間	ㄢˋ ㄕㄚ ㄕˊ ㄐㄧㄢ	0.009999999999999986	14	動漫	phrase.anime.tsv	1154	
暗殺者	ㄢˋ ㄕㄚ ㄓㄜˇ	0.009999999999999986	17	動漫	phrase.anime.tsv	1155	
暫存器	ㄓㄢˋ ㄘㄨㄣˊ ㄑㄧˋ	1	11	晶片半導體	phrase.semiconductor.tsv	73	
暫存器檔案	ㄓㄢˋ ㄘㄨㄣˊ ㄑㄧˋ ㄉㄤˇ ㄢˋ	1	3	晶片半導體	phrase.semiconductor.tsv	74	
暫態	ㄗㄢˋ ㄊㄞˋ	1	12	電子電機	phrase.electronics.tsv	122	
暫態響應	ㄗㄢˋ ㄊㄞˋ ㄒㄧㄤˇ ㄧㄥˋ	1	11	電子電機	phrase.electronics.tsv	123	
暴力破解	ㄅㄠˋ ㄌㄧˋ ㄆㄛˋ ㄐㄧㄝˇ	1	11	網路資安	phrase.network-security.tsv	93	
曉美焰	ㄒㄧㄠˇ ㄇㄟˇ ㄧㄢˋ	0.009999999999999986	21	動漫	phrase.anime.tsv	1156	
曝光機	ㄆㄨˋ ㄍㄨㄤ ㄐㄧ	1	13	晶片半導體	phrase.semiconductor.tsv	75	
曝光機保養	ㄆㄨˋ ㄍㄨㄤ ㄐㄧ ㄅㄠˇ ㄧㄤˇ	1	4	晶片半導體	phrase.semiconductor.tsv	76	
曝光機校正	ㄆㄨˋ ㄍㄨㄤ ㄐㄧ ㄐㄧㄠˋ ㄓㄥˋ	1	4	晶片半導體	phrase.semiconductor.tsv	77	
曝光補償	ㄆㄨˋ ㄍㄨㄤ ㄅㄨˇ ㄔㄤˊ	1	11	媒體設計	phrase.media-design.tsv	51	
曲線下面積	ㄑㄩ ㄒㄧㄢˋ ㄒㄧㄚˋ ㄇㄧㄢˋ ㄐㄧ	1	3	AI資料科學	phrase.ai-data-science.tsv	96	
更科瑠夏	ㄍㄥˋ ㄎㄜ ㄌㄧㄡˊ ㄒㄧㄚˋ	0.009999999999999986	12	動漫	phrase.anime.tsv	1157	
曼恩	ㄇㄢˋ ㄣ	0.009999999999999986	15	動漫	phrase.anime.tsv	1160	
最小成本流	ㄗㄨㄟˋ ㄒㄧㄠˇ ㄔㄥˊ ㄅㄣˇ ㄌㄧㄡˊ	1	4	工業工程	phrase.industrial-engineering.tsv	68	
最小權限	ㄗㄨㄟˋ ㄒㄧㄠˇ ㄑㄩㄢˊ ㄒㄧㄢˋ	1	10	網路資安	phrase.network-security.tsv	95	
最強	ㄗㄨㄟˋ ㄑㄧㄤˊ	0.009999999999999986	22	動漫	phrase.anime.tsv	1162	
最強的世界	ㄗㄨㄟˋ ㄑㄧㄤˊ ㄉㄜ˙ ㄕˋ ㄐㄧㄝˋ	0.009999999999999986	12	動漫	phrase.anime.tsv	1163	
最後一哩	ㄗㄨㄟˋ ㄏㄡˋ ㄧ ㄌㄧ	1	12	交通物流	phrase.transport-logistics.tsv	55	
最有利標	ㄗㄨㄟˋ ㄧㄡˇ ㄌㄧˋ ㄅㄧㄠ	1	12	公務員公文	phrase.government.tsv	37	
最終處置	ㄗㄨㄟˋ ㄓㄨㄥ ㄔㄨˇ ㄓˋ	1	11	環境能源	phrase.energy-environment.tsv	55	
最近發展區	ㄗㄨㄟˋ ㄐㄧㄣˋ ㄈㄚ ㄓㄢˇ ㄑㄩ	1	5	教育	phrase.education.tsv	66	
最近鄰	ㄗㄨㄟˋ ㄐㄧㄣˋ ㄌㄧㄣˊ	1	12	AI資料科學	phrase.ai-data-science.tsv	98	
會計估計	ㄎㄨㄞˋ ㄐㄧˋ ㄍㄨ ㄐㄧˋ	1	11	財會金融	phrase.finance.tsv	71	
會計循環	ㄎㄨㄞˋ ㄐㄧˋ ㄒㄩㄣˊ ㄏㄨㄢˊ	1	11	財會金融	phrase.finance.tsv	72	
會計政策	ㄎㄨㄞˋ ㄐㄧˋ ㄓㄥˋ ㄘㄜˋ	1	11	財會金融	phrase.finance.tsv	73	
會計錯誤	ㄎㄨㄞˋ ㄐㄧˋ ㄘㄨㄛˋ ㄨˋ	1	11	財會金融	phrase.finance.tsv	74	
會議紀錄	ㄏㄨㄟˋ ㄧˋ ㄐㄧˋ ㄌㄨˋ	0.009999999999999986	20	公務員公文	phrase.government.tsv	38	
會辦	ㄏㄨㄟˋ ㄅㄢˋ	1	23	公務員公文	phrase.government.tsv	39	
會長是	ㄏㄨㄟˋ ㄓㄤˇ ㄕˋ	0.009999999999999986	21	動漫	phrase.anime.tsv	1165	
月光下	ㄩㄝˋ ㄍㄨㄤ ㄒㄧㄚˋ	0.009999999999999986	19	動漫	phrase.anime.tsv	1167	
月城雪兔	ㄩㄝˋ ㄔㄥˊ ㄒㄩㄝˇ ㄊㄨˋ	0.009999999999999986	13	動漫	phrase.anime.tsv	1169	
月宮亞由	ㄩㄝˋ ㄍㄨㄥ ㄧㄚˇ ㄧㄡˊ	0.009999999999999986	15	動漫	phrase.anime.tsv	1170	
月山習	ㄩㄝˋ ㄕㄢ ㄒㄧˊ	0.009999999999999986	16	動漫	phrase.anime.tsv	1171	
月島流星	ㄩㄝˋ ㄉㄠˇ ㄌㄧㄡˊ ㄒㄧㄥ	0.009999999999999986	14	動漫	phrase.anime.tsv	1172	
月島螢	ㄩㄝˋ ㄉㄠˇ ㄧㄥˊ	0.009999999999999986	14	動漫	phrase.anime.tsv	1173	
月色真美	ㄩㄝˋ ㄙㄜˋ ㄓㄣ ㄇㄟˇ	0.009999999999999986	19	動漫	phrase.anime.tsv	1174	
月野兔	ㄩㄝˋ ㄧㄝˇ ㄊㄨˋ	0.009999999999999986	23	動漫	phrase.anime.tsv	1175	
有借有還	ㄧㄡˇ ㄐㄧㄝˋ ㄧㄡˇ ㄏㄞˊ	0.009999999999999986	15	動漫	phrase.anime.tsv	1176	
有功功率	ㄧㄡˇ ㄍㄨㄥ ㄍㄨㄥ ㄌㄩˋ	1	10	電子電機	phrase.electronics.tsv	125	
有害廢棄物	ㄧㄡˇ ㄏㄞˋ ㄈㄟˋ ㄑㄧˋ ㄨˋ	1	3	環境能源	phrase.energy-environment.tsv	57	
有樂亭八雲	ㄧㄡˇ ㄌㄜˋ ㄊㄧㄥˊ ㄅㄚ ㄩㄣˊ	0.009999999999999986	18	動漫	phrase.anime.tsv	1177	
有機農業	ㄧㄡˇ ㄐㄧ ㄋㄨㄥˊ ㄧㄝˋ	1	18	農業食品	phrase.agriculture-food.tsv	21	
有田春雪	ㄧㄡˇ ㄊㄧㄢˊ ㄔㄨㄣ ㄒㄩㄝˇ	0.009999999999999986	18	動漫	phrase.anime.tsv	1178	
有責性	ㄧㄡˇ ㄗㄜˊ ㄒㄧㄥˋ	1	14	法律	phrase.law.tsv	99	
有馬佳奈	ㄧㄡˇ ㄇㄚˇ ㄐㄧㄚ ㄋㄞˋ	0.009999999999999986	16	動漫	phrase.anime.tsv	1179	
有馬公生	ㄧㄡˇ ㄇㄚˇ ㄍㄨㄥ ㄕㄥ	0.009999999999999986	22	動漫	phrase.anime.tsv	1180	
有馬貴將	ㄧㄡˇ ㄇㄚˇ ㄍㄨㄟˋ ㄐㄧㄤ	0.009999999999999986	11	動漫	phrase.anime.tsv	1181	
服務水準	ㄈㄨˊ ㄨˋ ㄕㄨㄟˇ ㄓㄨㄣˇ	1	15	交通物流	phrase.transport-logistics.tsv	56	
服務法	ㄈㄨˊ ㄨˋ ㄈㄚˇ	1	11	公務員公文	phrase.government.tsv	40	
服務流程	ㄈㄨˊ ㄨˋ ㄌㄧㄡˊ ㄔㄥˊ	1	14	工業工程	phrase.industrial-engineering.tsv	69	
服務藍圖	ㄈㄨˊ ㄨˋ ㄌㄢˊ ㄊㄨˊ	1	12	媒體設計	phrase.media-design.tsv	52	
服務設計	ㄈㄨˊ ㄨˋ ㄕㄜˋ ㄐㄧˋ	1	13	媒體設計	phrase.media-design.tsv	53	
服部平次	ㄈㄨˊ ㄅㄨˋ ㄆㄧㄥˊ ㄘˋ	0.009999999999999986	13	動漫	phrase.anime.tsv	1183	
望遠鏡頭	ㄨㄤˋ ㄩㄢˇ ㄐㄧㄥˋ ㄊㄡˊ	1	11	媒體設計	phrase.media-design.tsv	54	
朝倉新	ㄔㄠˊ ㄘㄤ ㄒㄧㄣ	0.009999999999999986	18	動漫	phrase.anime.tsv	1184	
朝比奈	ㄔㄠˊ ㄅㄧˇ ㄋㄞˋ	0.009999999999999986	15	動漫	phrase.anime.tsv	1185	
朝田詩乃	ㄔㄠˊ ㄊㄧㄢˊ ㄕ ㄋㄞˇ	0.009999999999999986	15	動漫	phrase.anime.tsv	1186	
朝貢體系	ㄔㄠˊ ㄍㄨㄥˋ ㄊㄧˇ ㄒㄧˋ	1	10	歷史	phrase.history.tsv	91	
朝野太陽	ㄔㄠˊ ㄧㄝˇ ㄊㄞˋ ㄧㄤˊ	0.009999999999999986	18	動漫	phrase.anime.tsv	1187	
期待可能性	ㄑㄧˊ ㄉㄞˋ ㄎㄜˇ ㄋㄥˊ ㄒㄧㄥˋ	1	4	法律	phrase.law.tsv	100	
期限內	ㄑㄧˊ ㄒㄧㄢˋ ㄋㄟˋ	1	5	公務員公文	phrase.government.tsv	41	
木下秀吉	ㄇㄨˋ ㄒㄧㄚˋ ㄒㄧㄡˋ ㄐㄧˊ	0.009999999999999986	12	動漫	phrase.anime.tsv	1188	
木之下和也	ㄇㄨˋ ㄓ ㄒㄧㄚˋ ㄏㄜˊ ㄧㄝˇ	0.009999999999999986	18	動漫	phrase.anime.tsv	1189	
木之本桃矢	ㄇㄨˋ ㄓ ㄅㄣˇ ㄊㄠˊ ㄕˇ	0.009999999999999986	11	動漫	phrase.anime.tsv	1190	
木之本櫻	ㄇㄨˋ ㄓ ㄅㄣˇ ㄧㄥ	0.009999999999999986	22	動漫	phrase.anime.tsv	1191	
木刀之龍	ㄇㄨˋ ㄉㄠ ㄓ ㄌㄨㄥˊ	0.009999999999999986	12	動漫	phrase.anime.tsv	1192	
木原紡	ㄇㄨˋ ㄩㄢˊ ㄈㄤˇ	0.009999999999999986	11	動漫	phrase.anime.tsv	1193	
木木	ㄇㄨˋ ㄇㄨˋ	0.009999999999999986	12	動漫	phrase.anime.tsv	1194	
木村達也	ㄇㄨˋ ㄘㄨㄣ ㄉㄚˊ ㄧㄝˇ	0.009999999999999986	9	動漫	phrase.anime.tsv	1195	
木野真琴	ㄇㄨˋ ㄧㄝˇ ㄓㄣ ㄑㄧㄣˊ	0.009999999999999986	15	動漫	phrase.anime.tsv	1196	
未來日記	ㄨㄟˋ ㄌㄞˊ ㄖˋ ㄐㄧˋ	0.009999999999999986	22	動漫	phrase.anime.tsv	1197	
未來的信	ㄨㄟˋ ㄌㄞˊ ㄉㄜ˙ ㄒㄧㄣˋ	0.009999999999999986	12	動漫	phrase.anime.tsv	1198	
未聞花名	ㄨㄟˋ ㄨㄣˊ ㄏㄨㄚ ㄇㄧㄥˊ	0.009999999999999986	24	動漫	phrase.anime.tsv	1199	
未遂犯	ㄨㄟˋ ㄙㄨㄟˋ ㄈㄢˋ	1	10	法律	phrase.law.tsv	101	
末端配送	ㄇㄛˋ ㄉㄨㄢ ㄆㄟˋ ㄙㄨㄥˋ	1	10	交通物流	phrase.transport-logistics.tsv	57	
本土語教育	ㄅㄣˇ ㄊㄨˇ ㄩˇ ㄐㄧㄠˋ ㄩˋ	1	4	教育	phrase.education.tsv	67	
本城蓮	ㄅㄣˇ ㄔㄥˊ ㄌㄧㄢˊ	0.009999999999999986	16	動漫	phrase.anime.tsv	1200	
本字	ㄅㄣˇ ㄗˋ	1	13	中文	phrase.chinese.tsv	77	
本田未央	ㄅㄣˇ ㄊㄧㄢˊ ㄨㄟˋ ㄧㄤ	0.009999999999999986	14	動漫	phrase.anime.tsv	1201	
本田透	ㄅㄣˇ ㄊㄧㄢˊ ㄊㄡˋ	0.009999999999999986	22	動漫	phrase.anime.tsv	1202	
本田速人	ㄅㄣˇ ㄊㄧㄢˊ ㄙㄨˋ ㄖㄣˊ	0.009999999999999986	14	動漫	phrase.anime.tsv	1203	
本間芽衣子	ㄅㄣˇ ㄐㄧㄢ ㄧㄚˊ ㄧ ㄗ˙	0.009999999999999986	19	動漫	phrase.anime.tsv	1204	
札克席茲	ㄓㄚˊ ㄎㄜˋ ㄒㄧˊ ㄗ	0.009999999999999986	12	動漫	phrase.anime.tsv	1205	
朱一貴事件	ㄓㄨ ㄧ ㄍㄨㄟˋ ㄕˋ ㄐㄧㄢˋ	1	4	歷史	phrase.history.tsv	92	
朱伊斯	ㄓㄨ ㄧ ㄙ	0.009999999999999986	11	動漫	phrase.anime.tsv	1206	
朱菜	ㄓㄨ ㄘㄞˋ	0.009999999999999986	15	動漫	phrase.anime.tsv	1207	
朴武真	ㄆㄨˊ ㄨˇ ㄓㄣ	0.009999999999999986	11	動漫	phrase.anime.tsv	1208	
朵拉	ㄉㄨㄛˇ ㄌㄚ	0.009999999999999986	15	動漫	phrase.anime.tsv	1209	
朽木白哉	ㄒㄧㄡˇ ㄇㄨˋ ㄅㄞˊ ㄗㄞ	0.009999999999999986	12	動漫	phrase.anime.tsv	1210	
朽木露琪亞	ㄒㄧㄡˇ ㄇㄨˋ ㄌㄨˋ ㄑㄧˊ ㄧㄚˇ	0.009999999999999986	21	動漫	phrase.anime.tsv	1211	
杉下京太郎	ㄕㄢ ㄒㄧㄚˋ ㄐㄧㄥ ㄊㄞˋ ㄌㄤˊ	0.009999999999999986	15	動漫	phrase.anime.tsv	1212	
杉元	ㄕㄢ ㄩㄢˊ	0.009999999999999986	14	動漫	phrase.anime.tsv	1213	
杉元佐一	ㄕㄢ ㄩㄢˊ ㄗㄨㄛˇ ㄧ	0.009999999999999986	21	動漫	phrase.anime.tsv	1214	
杉山高志	ㄕㄢ ㄕㄢ ㄍㄠ ㄓˋ	0.009999999999999986	14	動漫	phrase.anime.tsv	1215	
杉崎鍵	ㄕㄢ ㄑㄧˊ ㄐㄧㄢˋ	0.009999999999999986	18	動漫	phrase.anime.tsv	1216	
李娜莉李	ㄌㄧˇ ㄋㄚˋ ㄌㄧˋ ㄌㄧˇ	0.009999999999999986	14	動漫	phrase.anime.tsv	1217	
李小狼	ㄌㄧˇ ㄒㄧㄠˇ ㄌㄤˊ	0.009999999999999986	17	動漫	phrase.anime.tsv	1218	
李斯特菌	ㄌㄧˇ ㄙ ㄊㄜˋ ㄐㄩㄣ	1	12	農業食品	phrase.agriculture-food.tsv	22	
李月龍	ㄌㄧˇ ㄩㄝˋ ㄌㄨㄥˊ	0.009999999999999986	16	動漫	phrase.anime.tsv	1219	
李牧	ㄌㄧˇ ㄇㄨˋ	0.009999999999999986	11	動漫	phrase.anime.tsv	1220	
材料工程	ㄘㄞˊ ㄌㄧㄠˋ ㄍㄨㄥ ㄔㄥˊ	1	12	材料化工	phrase.materials-chemistry.tsv	48	
材料科學	ㄘㄞˊ ㄌㄧㄠˋ ㄎㄜ ㄒㄩㄝˊ	1	11	材料化工	phrase.materials-chemistry.tsv	49	
材料試驗	ㄘㄞˊ ㄌㄧㄠˋ ㄕˋ ㄧㄢˋ	1	13	建築土木	phrase.civil-engineering.tsv	119	
村坂梓	ㄘㄨㄣ ㄅㄢˇ ㄗˇ	0.009999999999999986	12	動漫	phrase.anime.tsv	1221	
村尾修子	ㄘㄨㄣ ㄨㄟˇ ㄒㄧㄡ ㄗ˙	0.009999999999999986	13	動漫	phrase.anime.tsv	1222	
村重結月	ㄘㄨㄣ ㄓㄨㄥˋ ㄐㄧㄝˊ ㄩㄝˋ	0.009999999999999986	13	動漫	phrase.anime.tsv	1223	
村野里美	ㄘㄨㄣ ㄧㄝˇ ㄌㄧˇ ㄇㄟˇ	0.009999999999999986	16	動漫	phrase.anime.tsv	1224	
杜山詩惠美	ㄉㄨˋ ㄕㄢ ㄕ ㄏㄨㄟˋ ㄇㄟˇ	0.009999999999999986	14	動漫	phrase.anime.tsv	1226	
杜拉瓦利	ㄉㄨˋ ㄌㄚ ㄨㄚˇ ㄌㄧˋ	0.009999999999999986	20	動漫	phrase.anime.tsv	1227	
杜諾爾	ㄉㄨˋ ㄋㄨㄛˋ ㄦˇ	0.009999999999999986	11	動漫	phrase.anime.tsv	1228	
杰哈	ㄐㄧㄝˊ ㄏㄚ	0.009999999999999986	13	動漫	phrase.anime.tsv	1229	
東京卍會	ㄉㄨㄥ ㄐㄧㄥ ㄨㄢˋ ㄏㄨㄟˋ	0.009999999999999986	14	動漫	phrase.anime.tsv	1230	
東京喰種	ㄉㄨㄥ ㄐㄧㄥ ㄘㄢ ㄓㄨㄥˇ	0.009999999999999986	23	動漫	phrase.anime.tsv	1231	
東京復仇者	ㄉㄨㄥ ㄐㄧㄥ ㄈㄨˋ ㄔㄡˊ ㄓㄜˇ	0.009999999999999986	24	動漫	phrase.anime.tsv	1232	
東和馬	ㄉㄨㄥ ㄏㄜˊ ㄇㄚˇ	0.009999999999999986	16	動漫	phrase.anime.tsv	1233	
東堂盡八	ㄉㄨㄥ ㄊㄤˊ ㄐㄧㄣˋ ㄅㄚ	0.009999999999999986	11	動漫	phrase.anime.tsv	1234	
東方仗助	ㄉㄨㄥ ㄈㄤ ㄓㄤˋ ㄓㄨˋ	0.009999999999999986	16	動漫	phrase.anime.tsv	1235	
東條希	ㄉㄨㄥ ㄊㄧㄠˊ ㄒㄧ	0.009999999999999986	10	動漫	phrase.anime.tsv	1236	
東雲名乃	ㄉㄨㄥ ㄩㄣˊ ㄇㄧㄥˊ ㄋㄞˇ	0.009999999999999986	14	動漫	phrase.anime.tsv	1237	
松前緒花	ㄙㄨㄥ ㄑㄧㄢˊ ㄒㄩˋ ㄏㄨㄚ	0.009999999999999986	17	動漫	phrase.anime.tsv	1238	
松岡凜	ㄙㄨㄥ ㄍㄤ ㄌㄧㄣˇ	0.009999999999999986	14	動漫	phrase.anime.tsv	1239	
松浦果南	ㄙㄨㄥ ㄆㄨˇ ㄍㄨㄛˇ ㄋㄢˊ	0.009999999999999986	15	動漫	phrase.anime.tsv	1240	
松野千冬	ㄙㄨㄥ ㄧㄝˇ ㄑㄧㄢ ㄉㄨㄥ	0.009999999999999986	13	動漫	phrase.anime.tsv	1241	
松雪集	ㄙㄨㄥ ㄒㄩㄝˇ ㄐㄧˊ	0.009999999999999986	15	動漫	phrase.anime.tsv	1242	
析出強化	ㄒㄧ ㄔㄨ ㄑㄧㄤˊ ㄏㄨㄚˋ	1	10	材料化工	phrase.materials-chemistry.tsv	50	
析字	ㄒㄧ ㄗˋ	0.009999999999999986	11	中文	phrase.chinese.tsv	81	
林克斯	ㄌㄧㄣˊ ㄎㄜˋ ㄙ	0.009999999999999986	18	動漫	phrase.anime.tsv	1243	
林爽文事件	ㄌㄧㄣˊ ㄕㄨㄤˇ ㄨㄣˊ ㄕˋ ㄐㄧㄢˋ	1	5	歷史	phrase.history.tsv	93	
林田奈奈	ㄌㄧㄣˊ ㄊㄧㄢˊ ㄋㄞˋ ㄋㄞˋ	0.009999999999999986	14	動漫	phrase.anime.tsv	1244	
架印	ㄐㄧㄚˋ ㄧㄣˋ	0.009999999999999986	10	動漫	phrase.anime.tsv	1245	
柊司	ㄓㄨㄥ ㄙ	0.009999999999999986	15	動漫	phrase.anime.tsv	1246	
柊鏡	ㄓㄨㄥ ㄐㄧㄥˋ	0.009999999999999986	17	動漫	phrase.anime.tsv	1247	
柏崎茜	ㄅㄛˊ ㄑㄧˊ ㄑㄧㄢˋ	0.009999999999999986	9	動漫	phrase.anime.tsv	1248	
柏林危機	ㄅㄛˊ ㄌㄧㄣˊ ㄨㄟˊ ㄐㄧ	1	10	歷史	phrase.history.tsv	94	
柔性路面	ㄖㄡˊ ㄒㄧㄥˋ ㄌㄨˋ ㄇㄧㄢˋ	1	9	建築土木	phrase.civil-engineering.tsv	120	
查士丁尼	ㄔㄚˊ ㄕˋ ㄉㄧㄥ ㄋㄧˊ	1	12	歷史	phrase.history.tsv	95	
柯魯特奧	ㄎㄜ ㄌㄨˇ ㄊㄜˋ ㄠˋ	0.009999999999999986	14	動漫	phrase.anime.tsv	1250	
柳之	ㄌㄧㄡˇ ㄓ	0.009999999999999986	15	動漫	phrase.anime.tsv	1251	
柳澤光央	ㄌㄧㄡˇ ㄗㄜˊ ㄍㄨㄤ ㄧㄤ	0.009999999999999986	12	動漫	phrase.anime.tsv	1252	
柿花	ㄕˋ ㄏㄨㄚ	0.009999999999999986	16	動漫	phrase.anime.tsv	1253	
栗原萬里	ㄌㄧˋ ㄩㄢˊ ㄨㄢˋ ㄌㄧˇ	0.009999999999999986	9	動漫	phrase.anime.tsv	1254	
校讎	ㄒㄧㄠˋ ㄔㄡˊ	1	12	中文	phrase.chinese.tsv	83	
核備	ㄏㄜˊ ㄅㄟˋ	1	8	公務員公文	phrase.government.tsv	43	
核子物理	ㄏㄜˊ ㄗˇ ㄨˋ ㄌㄧˇ	1	10	科學	phrase.science.tsv	35	
核心筒構造	ㄏㄜˊ ㄒㄧㄣ ㄊㄨㄥˇ ㄍㄡˋ ㄗㄠˋ	1	4	建築土木	phrase.civil-engineering.tsv	121	
核銷案件	ㄏㄜˊ ㄒㄧㄠ ㄢˋ ㄐㄧㄢˋ	1	15	公務員公文	phrase.government.tsv	47	
根島由佳吏	ㄍㄣ ㄉㄠˇ ㄧㄡˊ ㄐㄧㄚ ㄌㄧˋ	0.009999999999999986	16	動漫	phrase.anime.tsv	1256	
根津讓二	ㄍㄣ ㄐㄧㄣ ㄖㄤˋ ㄦˋ	0.009999999999999986	12	動漫	phrase.anime.tsv	1257	
格蕾	ㄍㄜˊ ㄌㄟˇ	0.009999999999999986	17	動漫	phrase.anime.tsv	1258	
格雷	ㄍㄜˊ ㄌㄟˊ	0.009999999999999986	26	動漫	phrase.anime.tsv	1259	
格雷拉特	ㄍㄜˊ ㄌㄟˊ ㄌㄚ ㄊㄜˋ	0.009999999999999986	22	動漫	phrase.anime.tsv	1260	
桂小太郎	ㄍㄨㄟˋ ㄒㄧㄠˇ ㄊㄞˋ ㄌㄤˊ	0.009999999999999986	12	動漫	phrase.anime.tsv	1261	
桂木彌子	ㄍㄨㄟˋ ㄇㄨˋ ㄇㄧˊ ㄗ˙	0.009999999999999986	15	動漫	phrase.anime.tsv	1262	
桂雛菊	ㄍㄨㄟˋ ㄔㄨˊ ㄐㄩˊ	0.009999999999999986	13	動漫	phrase.anime.tsv	1263	
桃喰綺羅莉	ㄊㄠˊ ㄘㄢ ㄑㄧˇ ㄌㄨㄛˊ ㄌㄧˋ	0.009999999999999986	14	動漫	phrase.anime.tsv	1264	
桃園奈奈生	ㄊㄠˊ ㄩㄢˊ ㄋㄞˋ ㄋㄞˋ ㄕㄥ	0.009999999999999986	20	動漫	phrase.anime.tsv	1265	
桃源暗鬼	ㄊㄠˊ ㄩㄢˊ ㄢˋ ㄍㄨㄟˇ	0.009999999999999986	19	動漫	phrase.anime.tsv	1267	
桃瀨成海	ㄊㄠˊ ㄌㄞˋ ㄔㄥˊ ㄏㄞˇ	0.009999999999999986	20	動漫	phrase.anime.tsv	1268	
框架效應	ㄎㄨㄤ ㄐㄧㄚˋ ㄒㄧㄠˋ ㄧㄥˋ	1	10	心理社會	phrase.psychology-society.tsv	37	
框架理論	ㄎㄨㄤ ㄐㄧㄚˋ ㄌㄧˇ ㄌㄨㄣˋ	1	10	媒體設計	phrase.media-design.tsv	55	
桐人	ㄊㄨㄥˊ ㄖㄣˊ	0.009999999999999986	24	動漫	phrase.anime.tsv	1269	
桐山零	ㄊㄨㄥˊ ㄕㄢ ㄌㄧㄥˊ	0.009999999999999986	20	動漫	phrase.anime.tsv	1270	
桐敷沙子	ㄊㄨㄥˊ ㄈㄨ ㄕㄚ ㄗ˙	0.009999999999999986	12	動漫	phrase.anime.tsv	1271	
桐生剎那	ㄊㄨㄥˊ ㄕㄥ ㄔㄚˋ ㄋㄚˋ	0.009999999999999986	12	動漫	phrase.anime.tsv	1272	
桐谷和人	ㄊㄨㄥˊ ㄍㄨˇ ㄏㄜˊ ㄖㄣˊ	0.009999999999999986	22	動漫	phrase.anime.tsv	1273	
桐谷直葉	ㄊㄨㄥˊ ㄍㄨˇ ㄓˊ ㄧㄝˋ	0.009999999999999986	16	動漫	phrase.anime.tsv	1274	
桐間紗路	ㄊㄨㄥˊ ㄐㄧㄢ ㄕㄚ ㄌㄨˋ	0.009999999999999986	11	動漫	phrase.anime.tsv	1275	
桑原和真	ㄙㄤ ㄩㄢˊ ㄏㄜˊ ㄓㄣ	0.009999999999999986	18	動漫	phrase.anime.tsv	1276	
梁柱修復	ㄌㄧㄤˊ ㄓㄨˋ ㄒㄧㄡ ㄈㄨˋ	1	9	建築土木	phrase.civil-engineering.tsv	123	
梁柱施工	ㄌㄧㄤˊ ㄓㄨˋ ㄕ ㄍㄨㄥ	1	10	建築土木	phrase.civil-engineering.tsv	124	
梁柱檢驗	ㄌㄧㄤˊ ㄓㄨˋ ㄐㄧㄢˇ ㄧㄢˋ	1	11	建築土木	phrase.civil-engineering.tsv	125	
梁柱監測	ㄌㄧㄤˊ ㄓㄨˋ ㄐㄧㄢ ㄘㄜˋ	1	10	建築土木	phrase.civil-engineering.tsv	126	
梁柱補強	ㄌㄧㄤˊ ㄓㄨˋ ㄅㄨˇ ㄑㄧㄤˊ	1	9	建築土木	phrase.civil-engineering.tsv	127	
梁柱設計	ㄌㄧㄤˊ ㄓㄨˋ ㄕㄜˋ ㄐㄧˋ	1	12	建築土木	phrase.civil-engineering.tsv	128	
梅克爾	ㄇㄟˊ ㄎㄜˋ ㄦˇ	1	13	人名-當代	phrase.people-contemporary.tsv	24	
梅宮一	ㄇㄟˊ ㄍㄨㄥ ㄧ	0.009999999999999986	17	動漫	phrase.anime.tsv	1278	
梅茵	ㄇㄟˊ ㄧㄣ	0.009999999999999986	19	動漫	phrase.anime.tsv	1279	
梅菲斯特	ㄇㄟˊ ㄈㄟ ㄙ ㄊㄜˋ	0.009999999999999986	11	動漫	phrase.anime.tsv	1280	
梅迪西斯	ㄇㄟˊ ㄉㄧˊ ㄒㄧ ㄙ	0.009999999999999986	16	動漫	phrase.anime.tsv	1281	
梅里奧達斯	ㄇㄟˊ ㄌㄧˇ ㄠˋ ㄉㄚˊ ㄙ	0.009999999999999986	20	動漫	phrase.anime.tsv	1282	
梅麗莎毛	ㄇㄟˊ ㄌㄧˋ ㄕㄚ ㄇㄠˊ	0.009999999999999986	11	動漫	phrase.anime.tsv	1283	
梓川咲太	ㄗˇ ㄔㄨㄢ ㄒㄧㄠˋ ㄊㄞˋ	0.009999999999999986	20	動漫	phrase.anime.tsv	1284	
梓川月乃	ㄗˇ ㄔㄨㄢ ㄩㄝˋ ㄋㄞˇ	0.009999999999999986	12	動漫	phrase.anime.tsv	1285	
條件與期限	ㄊㄧㄠˊ ㄐㄧㄢˋ ㄩˇ ㄑㄧˊ ㄒㄧㄢˋ	1	5	法律	phrase.law.tsv	102	
條件複句	ㄊㄧㄠˊ ㄐㄧㄢˋ ㄈㄨˋ ㄐㄩˋ	1	12	中文	phrase.chinese.tsv	84	
條形基礎	ㄊㄧㄠˊ ㄒㄧㄥˊ ㄐㄧ ㄔㄨˇ	1	10	建築土木	phrase.civil-engineering.tsv	129	
條碼支付	ㄊㄧㄠˊ ㄇㄚˇ ㄓ ㄈㄨˋ	1	8	一般	phrase.general.tsv	77	
條碼管理	ㄊㄧㄠˊ ㄇㄚˇ ㄍㄨㄢˇ ㄌㄧˇ	1	12	交通物流	phrase.transport-logistics.tsv	58	
條約體系	ㄊㄧㄠˊ ㄩㄝ ㄊㄧˇ ㄒㄧˋ	1	10	歷史	phrase.history.tsv	96	
梨花妃	ㄌㄧˊ ㄏㄨㄚ ㄈㄟ	0.009999999999999986	13	動漫	phrase.anime.tsv	1286	
梯度下降	ㄊㄧ ㄉㄨˋ ㄒㄧㄚˋ ㄐㄧㄤˋ	1	11	AI資料科學	phrase.ai-data-science.tsv	100	
梶秋彥	ㄨㄟˇ ㄑㄧㄡ ㄧㄢˋ	0.009999999999999986	12	動漫	phrase.anime.tsv	1287	
棋靈王	ㄑㄧˊ ㄌㄧㄥˊ ㄨㄤˊ	0.009999999999999986	22	動漫	phrase.anime.tsv	1288	
棒球大聯盟	ㄅㄤˋ ㄑㄧㄡˊ ㄉㄚˋ ㄌㄧㄢˊ ㄇㄥˊ	0.009999999999999986	20	動漫	phrase.anime.tsv	1289	
棗恭介	ㄗㄠˇ ㄍㄨㄥ ㄐㄧㄝˋ	0.009999999999999986	14	動漫	phrase.anime.tsv	1290	
棗鈴	ㄗㄠˇ ㄌㄧㄥˊ	0.009999999999999986	15	動漫	phrase.anime.tsv	1291	
森之宮羊子	ㄙㄣ ㄓ ㄍㄨㄥ ㄧㄤˊ ㄗ˙	0.009999999999999986	10	動漫	phrase.anime.tsv	1292	
森嶋帆高	ㄙㄣ ㄉㄠˇ ㄈㄢˊ ㄍㄠ	0.009999999999999986	23	動漫	phrase.anime.tsv	1293	
森田忍	ㄙㄣ ㄊㄧㄢˊ ㄖㄣˇ	0.009999999999999986	11	動漫	phrase.anime.tsv	1294	
森羅日下部	ㄙㄣ ㄌㄨㄛˊ ㄖˋ ㄒㄧㄚˋ ㄅㄨˋ	0.009999999999999986	20	動漫	phrase.anime.tsv	1295	
植入式	ㄓˊ ㄖㄨˋ ㄕˋ	1	10	醫學	phrase.medicine.tsv	122	
植栽工程	ㄓˊ ㄗㄞ ㄍㄨㄥ ㄔㄥˊ	1	12	建築土木	phrase.civil-engineering.tsv	130	
植野直花	ㄓˊ ㄧㄝˇ ㄓˊ ㄏㄨㄚ	0.009999999999999986	15	動漫	phrase.anime.tsv	1296	
椎名深夏	ㄓㄨㄟ ㄇㄧㄥˊ ㄕㄣ ㄒㄧㄚˋ	0.009999999999999986	12	動漫	phrase.anime.tsv	1297	
椎名真冬	ㄓㄨㄟ ㄇㄧㄥˊ ㄓㄣ ㄉㄨㄥ	0.009999999999999986	11	動漫	phrase.anime.tsv	1298	
椎間盤突出	ㄓㄨㄟ ㄐㄧㄢ ㄆㄢˊ ㄊㄨˊ ㄔㄨ	1	3	醫學	phrase.medicine.tsv	123	
楓子	ㄈㄥ ㄗ˙	0.009999999999999986	11	動漫	phrase.anime.tsv	1299	
楞次定律	ㄌㄥˊ ㄘˋ ㄉㄧㄥˋ ㄌㄩˋ	1	9	科學	phrase.science.tsv	36	
楡井秋彥	ㄩˊ ㄐㄧㄥˇ ㄑㄧㄡ ㄧㄢˋ	0.009999999999999986	12	動漫	phrase.anime.tsv	1300	
業外收支	ㄧㄝˋ ㄨㄞˋ ㄕㄡ ㄓ	1	13	財會金融	phrase.finance.tsv	75	
極紫外光	ㄐㄧˊ ㄗˇ ㄨㄞˋ ㄍㄨㄤ	1	12	晶片半導體	phrase.semiconductor.tsv	81	
榊原恆一	ㄕㄣˊ ㄩㄢˊ ㄏㄥˊ ㄧ	0.009999999999999986	18	動漫	phrase.anime.tsv	1301	
榊逸仁	ㄕㄣˊ ㄧˋ ㄖㄣˊ	0.009999999999999986	12	動漫	phrase.anime.tsv	1302	
構詞學	ㄍㄡˋ ㄘˊ ㄒㄩㄝˊ	1	11	中文	phrase.chinese.tsv	85	
槙島聖護	ㄉㄧㄢ ㄉㄠˇ ㄕㄥˋ ㄏㄨˋ	0.009999999999999986	17	動漫	phrase.anime.tsv	1303	
槙田悠里	ㄉㄧㄢ ㄊㄧㄢˊ ㄧㄡ ㄌㄧˇ	0.009999999999999986	14	動漫	phrase.anime.tsv	1304	
樓板修復	ㄌㄡˊ ㄅㄢˇ ㄒㄧㄡ ㄈㄨˋ	1	9	建築土木	phrase.civil-engineering.tsv	133	
樓板施工	ㄌㄡˊ ㄅㄢˇ ㄕ ㄍㄨㄥ	1	10	建築土木	phrase.civil-engineering.tsv	134	
樓板檢驗	ㄌㄡˊ ㄅㄢˇ ㄐㄧㄢˇ ㄧㄢˋ	1	11	建築土木	phrase.civil-engineering.tsv	135	
樓板監測	ㄌㄡˊ ㄅㄢˇ ㄐㄧㄢ ㄘㄜˋ	1	10	建築土木	phrase.civil-engineering.tsv	136	
樓板補強	ㄌㄡˊ ㄅㄢˇ ㄅㄨˇ ㄑㄧㄤˊ	1	9	建築土木	phrase.civil-engineering.tsv	137	
樓板設計	ㄌㄡˊ ㄅㄢˇ ㄕㄜˋ ㄐㄧˋ	1	12	建築土木	phrase.civil-engineering.tsv	138	
標準元件庫	ㄅㄧㄠ ㄓㄨㄣˇ ㄩㄢˊ ㄐㄧㄢˋ ㄎㄨˋ	1	5	晶片半導體	phrase.semiconductor.tsv	82	
標準工時	ㄅㄧㄠ ㄓㄨㄣˇ ㄍㄨㄥ ㄕˊ	1	12	製造機械	phrase.manufacturing.tsv	60	
標準成本	ㄅㄧㄠ ㄓㄨㄣˇ ㄔㄥˊ ㄅㄣˇ	1	12	財會金融	phrase.finance.tsv	76	
標準鏡頭	ㄅㄧㄠ ㄓㄨㄣˇ ㄐㄧㄥˋ ㄊㄡˊ	1	12	媒體設計	phrase.media-design.tsv	56	
標籤理論	ㄅㄧㄠ ㄑㄧㄢ ㄌㄧˇ ㄌㄨㄣˋ	1	10	心理社會	phrase.psychology-society.tsv	38	
標註	ㄅㄧㄠ ㄓㄨˋ	0.009999999999999986	10	AI資料科學	phrase.ai-data-science.tsv	102	
樞木朱雀	ㄕㄨ ㄇㄨˋ ㄓㄨ ㄑㄩㄝˋ	0.009999999999999986	20	動漫	phrase.anime.tsv	1305	
模具壽命	ㄇㄨˊ ㄐㄩˋ ㄕㄡˋ ㄇㄧㄥˋ	1	10	製造機械	phrase.manufacturing.tsv	61	
模型推論	ㄇㄛˊ ㄒㄧㄥˊ ㄊㄨㄟ ㄌㄨㄣˋ	1	13	一般	phrase.general.tsv	79	
模型服務	ㄇㄛˊ ㄒㄧㄥˊ ㄈㄨˊ ㄨˋ	1	8	軟體科學	phrase.software.tsv	59	
模型訓練	ㄇㄛˊ ㄒㄧㄥˊ ㄒㄩㄣˋ ㄌㄧㄢˋ	1	8	一般	phrase.general.tsv	80	
模型風險	ㄇㄛˊ ㄒㄧㄥˊ ㄈㄥ ㄒㄧㄢˇ	1	11	財會金融	phrase.finance.tsv	78	
模擬分析	ㄇㄛˊ ㄋㄧˇ ㄈㄣ ㄒㄧ	1	18	工業工程	phrase.industrial-engineering.tsv	71	
模板修復	ㄇㄛˊ ㄅㄢˇ ㄒㄧㄡ ㄈㄨˋ	1	9	建築土木	phrase.civil-engineering.tsv	142	
模板工程	ㄇㄛˊ ㄅㄢˇ ㄍㄨㄥ ㄔㄥˊ	1	11	建築土木	phrase.civil-engineering.tsv	143	
模板施工	ㄇㄛˊ ㄅㄢˇ ㄕ ㄍㄨㄥ	1	10	建築土木	phrase.civil-engineering.tsv	144	
模流分析	ㄇㄛˊ ㄌㄧㄡˊ ㄈㄣ ㄒㄧ	1	13	製造機械	phrase.manufacturing.tsv	62	
樣式指南	ㄧㄤˋ ㄕˋ ㄓˇ ㄋㄢˊ	1	10	媒體設計	phrase.media-design.tsv	57	
樣本不平衡	ㄧㄤˋ ㄅㄣˇ ㄅㄨˋ ㄆㄧㄥˊ ㄏㄥˊ	1	3	AI資料科學	phrase.ai-data-science.tsv	104	
樺倉太郎	ㄏㄨㄚˋ ㄘㄤ ㄊㄞˋ ㄌㄤˊ	0.009999999999999986	13	動漫	phrase.anime.tsv	1306	
橋式起重機	ㄑㄧㄠˊ ㄕˋ ㄑㄧˇ ㄓㄨㄥˋ ㄐㄧ	1	4	交通物流	phrase.transport-logistics.tsv	59	
橘真琴	ㄐㄩˊ ㄓㄣ ㄑㄧㄣˊ	0.009999999999999986	16	動漫	phrase.anime.tsv	1308	
機密管理	ㄐㄧ ㄇㄧˋ ㄍㄨㄢˇ ㄌㄧˇ	1	12	網路資安	phrase.network-security.tsv	98	
機械元件	ㄐㄧ ㄒㄧㄝˋ ㄩㄢˊ ㄐㄧㄢˋ	1	11	製造機械	phrase.manufacturing.tsv	63	
機械取栓術	ㄐㄧ ㄒㄧㄝˋ ㄑㄩˇ ㄕㄨㄢ ㄕㄨˋ	1	4	醫學	phrase.medicine.tsv	124	
機械手臂	ㄐㄧ ㄒㄧㄝˋ ㄕㄡˇ ㄅㄟˋ	1	13	製造機械	phrase.manufacturing.tsv	64	
機械製圖	ㄐㄧ ㄒㄧㄝˋ ㄓˋ ㄊㄨˊ	1	11	製造機械	phrase.manufacturing.tsv	65	
機械設計	ㄐㄧ ㄒㄧㄝˋ ㄕㄜˋ ㄐㄧˋ	1	12	製造機械	phrase.manufacturing.tsv	66	
機械軸封	ㄐㄧ ㄒㄧㄝˋ ㄓㄡˊ ㄈㄥ	1	11	製造機械	phrase.manufacturing.tsv	67	
機構設計	ㄐㄧ ㄍㄡˋ ㄕㄜˋ ㄐㄧˋ	1	13	製造機械	phrase.manufacturing.tsv	68	
機能亢進	ㄐㄧ ㄋㄥˊ ㄎㄤˋ ㄐㄧㄣˋ	1	10	醫學	phrase.medicine.tsv	125	
機能低下	ㄐㄧ ㄋㄥˊ ㄉㄧ ㄒㄧㄚˋ	1	10	醫學	phrase.medicine.tsv	126	
橫斷面設計	ㄏㄥˊ ㄉㄨㄢˋ ㄇㄧㄢˋ ㄕㄜˋ ㄐㄧˋ	1	5	建築土木	phrase.civil-engineering.tsv	146	
檔案服務	ㄉㄤˇ ㄢˋ ㄈㄨˊ ㄨˋ	1	8	軟體科學	phrase.software.tsv	61	
檔案系統	ㄉㄤˇ ㄢˋ ㄒㄧˋ ㄊㄨㄥˇ	1	15	軟體科學	phrase.software.tsv	62	
檢測機台	ㄐㄧㄢˇ ㄘㄜˋ ㄐㄧ ㄊㄞˊ	1	13	晶片半導體	phrase.semiconductor.tsv	86	
檢測設備	ㄐㄧㄢˇ ㄘㄜˋ ㄕㄜˋ ㄅㄟˋ	1	13	製造機械	phrase.manufacturing.tsv	69	
檢索模型	ㄐㄧㄢˇ ㄙㄨㄛˇ ㄇㄛˊ ㄒㄧㄥˊ	1	14	AI資料科學	phrase.ai-data-science.tsv	107	
櫛枝實乃梨	ㄐㄧㄝˊ ㄓ ㄕˊ ㄋㄞˇ ㄌㄧˊ	0.009999999999999986	17	動漫	phrase.anime.tsv	1312	
櫻井桃子	ㄧㄥ ㄐㄧㄥˇ ㄊㄠˊ ㄗ˙	0.009999999999999986	13	動漫	phrase.anime.tsv	1313	
櫻井真一	ㄧㄥ ㄐㄧㄥˇ ㄓㄣ ㄧ	0.009999999999999986	15	動漫	phrase.anime.tsv	1314	
櫻內梨子	ㄧㄥ ㄋㄟˋ ㄌㄧˊ ㄗ˙	0.009999999999999986	17	動漫	phrase.anime.tsv	1315	
櫻島麻衣	ㄧㄥ ㄉㄠˇ ㄇㄚˊ ㄧ	0.009999999999999986	17	動漫	phrase.anime.tsv	1316	
櫻川九郎	ㄧㄥ ㄔㄨㄢ ㄐㄧㄡˇ ㄌㄤˊ	0.009999999999999986	16	動漫	phrase.anime.tsv	1317	
櫻木花道	ㄧㄥ ㄇㄨˋ ㄏㄨㄚ ㄉㄠˋ	0.009999999999999986	25	動漫	phrase.anime.tsv	1318	
櫻澤墨	ㄧㄥ ㄗㄜˊ ㄇㄛˋ	0.009999999999999986	11	動漫	phrase.anime.tsv	1319	
櫻田妮妮	ㄧㄥ ㄊㄧㄢˊ ㄋㄧˊ ㄋㄧˊ	0.009999999999999986	13	動漫	phrase.anime.tsv	1320	
櫻田實和子	ㄧㄥ ㄊㄧㄢˊ ㄕˊ ㄏㄜˊ ㄗ˙	0.009999999999999986	13	動漫	phrase.anime.tsv	1321	
櫻蘭	ㄧㄥ ㄌㄢˊ	0.009999999999999986	23	動漫	phrase.anime.tsv	1322	
櫻遙	ㄧㄥ ㄧㄠˊ	0.009999999999999986	20	動漫	phrase.anime.tsv	1323	
櫻野栗夢	ㄧㄥ ㄧㄝˇ ㄌㄧˋ ㄇㄥˋ	0.009999999999999986	15	動漫	phrase.anime.tsv	1324	
權力分立	ㄑㄩㄢˊ ㄌㄧˋ ㄈㄣ ㄌㄧˋ	1	11	法律	phrase.law.tsv	106	
權益乘數	ㄑㄩㄢˊ ㄧˋ ㄔㄥˊ ㄕㄨˋ	1	11	財會金融	phrase.finance.tsv	80	
權益變動表	ㄑㄩㄢˊ ㄧˋ ㄅㄧㄢˋ ㄉㄨㄥˋ ㄅㄧㄠˇ	1	4	財會金融	phrase.finance.tsv	81	
權責發生制	ㄑㄩㄢˊ ㄗㄜˊ ㄈㄚ ㄕㄥ ㄓˋ	1	4	財會金融	phrase.finance.tsv	82	
權限控管	ㄑㄩㄢˊ ㄒㄧㄢˋ ㄎㄨㄥˋ ㄍㄨㄢˇ	1	23	軟體科學	phrase.software.tsv	63	
權限提升	ㄑㄩㄢˊ ㄒㄧㄢˋ ㄊㄧˊ ㄕㄥ	1	10	網路資安	phrase.network-security.tsv	99	
權限檢查	ㄑㄩㄢˊ ㄒㄧㄢˋ ㄐㄧㄢˇ ㄔㄚˊ	1	14	網路資安	phrase.network-security.tsv	100	
次世代定序	ㄘˋ ㄕˋ ㄉㄞˋ ㄉㄧㄥˋ ㄒㄩˋ	1	3	生技藥學	phrase.biotech-pharma.tsv	49	
次清	ㄘˋ ㄑㄧㄥ	0.009999999999999986	13	中文	phrase.chinese.tsv	86	
次濁	ㄘˋ ㄓㄨㄛˊ	1	13	中文	phrase.chinese.tsv	87	
次級市場	ㄘˋ ㄐㄧˊ ㄕˋ ㄔㄤˇ	1	11	財會金融	phrase.finance.tsv	83	
次級社會化	ㄘˋ ㄐㄧˊ ㄕㄜˋ ㄏㄨㄟˋ ㄏㄨㄚˋ	1	3	心理社會	phrase.psychology-society.tsv	39	
次臨界擺幅	ㄘˋ ㄌㄧㄣˊ ㄐㄧㄝˋ ㄅㄞˇ ㄈㄨˊ	1	6	晶片半導體	phrase.semiconductor.tsv	87	
次要終點	ㄘˋ ㄧㄠˋ ㄓㄨㄥ ㄉㄧㄢˇ	1	10	生技藥學	phrase.biotech-pharma.tsv	50	
欣梅爾	ㄒㄧㄣ ㄇㄟˊ ㄦˇ	0.009999999999999986	16	動漫	phrase.anime.tsv	1325	
欺負我	ㄑㄧ ㄈㄨˋ ㄨㄛˇ	0.009999999999999986	20	動漫	phrase.anime.tsv	1326	
歐洲整合	ㄡ ㄓㄡ ㄓㄥˇ ㄏㄜˊ	1	11	歷史	phrase.history.tsv	97	
歐爾麥特	ㄡ ㄦˇ ㄇㄞˋ ㄊㄜˋ	0.009999999999999986	14	動漫	phrase.anime.tsv	1327	
歐畢	ㄡ ㄅㄧˋ	0.009999999999999986	11	動漫	phrase.anime.tsv	1328	
歐索娜	ㄡ ㄙㄨㄛˇ ㄋㄚˋ	0.009999999999999986	15	動漫	phrase.anime.tsv	1329	
正向心理學	ㄓㄥˋ ㄒㄧㄤˋ ㄒㄧㄣ ㄌㄧˇ ㄒㄩㄝˊ	1	3	心理社會	phrase.psychology-society.tsv	40	
正增強	ㄓㄥˋ ㄗㄥ ㄑㄧㄤˊ	1	13	心理社會	phrase.psychology-society.tsv	41	
正式控制	ㄓㄥˋ ㄕˋ ㄎㄨㄥˋ ㄓˋ	1	13	心理社會	phrase.psychology-society.tsv	42	
正懲罰	ㄓㄥˋ ㄔㄥˊ ㄈㄚˊ	1	13	心理社會	phrase.psychology-society.tsv	43	
正當防衛	ㄓㄥˋ ㄉㄤ ㄈㄤˊ ㄨㄟˋ	1	11	法律	phrase.law.tsv	109	
步行環境	ㄅㄨˋ ㄒㄧㄥˊ ㄏㄨㄢˊ ㄐㄧㄥˋ	1	11	交通物流	phrase.transport-logistics.tsv	61	
武之內空	ㄨˇ ㄓ ㄋㄟˋ ㄎㄨㄥ	0.009999999999999986	17	動漫	phrase.anime.tsv	1330	
武內樹	ㄨˇ ㄋㄟˋ ㄕㄨˋ	0.009999999999999986	15	動漫	phrase.anime.tsv	1331	
武漢會戰	ㄨˇ ㄏㄢˋ ㄏㄨㄟˋ ㄓㄢˋ	1	9	歷史	phrase.history.tsv	98	
武田晴海	ㄨˇ ㄊㄧㄢˊ ㄑㄧㄥˊ ㄏㄞˇ	0.009999999999999986	15	動漫	phrase.anime.tsv	1332	
武藤遊戲	ㄨˇ ㄊㄥˊ ㄧㄡˊ ㄒㄧˋ	0.009999999999999986	22	動漫	phrase.anime.tsv	1334	
武裝偵探社	ㄨˇ ㄓㄨㄤ ㄓㄣ ㄊㄢˋ ㄕㄜˋ	0.009999999999999986	14	動漫	phrase.anime.tsv	1335	
歷史敘事	ㄌㄧˋ ㄕˇ ㄒㄩˋ ㄕˋ	1	12	歷史	phrase.history.tsv	99	
歷史解釋	ㄌㄧˋ ㄕˇ ㄐㄧㄝˇ ㄕˋ	1	12	歷史	phrase.history.tsv	100	
歷史語言學	ㄌㄧˋ ㄕˇ ㄩˇ ㄧㄢˊ ㄒㄩㄝˊ	1	5	中文	phrase.chinese.tsv	89	
歸因	ㄍㄨㄟ ㄧㄣ	1	11	心理社會	phrase.psychology-society.tsv	44	
死亡回歸	ㄙˇ ㄨㄤˊ ㄏㄨㄟˊ ㄍㄨㄟ	0.009999999999999986	15	動漫	phrase.anime.tsv	1336	
死亡筆記本	ㄙˇ ㄨㄤˊ ㄅㄧˇ ㄐㄧˋ ㄅㄣˇ	0.009999999999999986	26	動漫	phrase.anime.tsv	1337	
死亡遊戲	ㄙˇ ㄨㄤˊ ㄧㄡˊ ㄒㄧˋ	0.009999999999999986	19	動漫	phrase.anime.tsv	1338	
死區時間	ㄙˇ ㄑㄩ ㄕˊ ㄐㄧㄢ	1	12	電子電機	phrase.electronics.tsv	129	
死後世界	ㄙˇ ㄏㄡˋ ㄕˋ ㄐㄧㄝˋ	0.009999999999999986	13	動漫	phrase.anime.tsv	1339	
死柄木弔	ㄙˇ ㄅㄧㄥˇ ㄇㄨˋ ㄉㄧㄠˋ	0.009999999999999986	11	動漫	phrase.anime.tsv	1340	
死氣之炎	ㄙˇ ㄑㄧˋ ㄓ ㄧㄢˊ	0.009999999999999986	13	動漫	phrase.anime.tsv	1341	
死神之子	ㄙˇ ㄕㄣˊ ㄓ ㄗˇ	0.009999999999999986	10	動漫	phrase.anime.tsv	1343	
死靈術士	ㄙˇ ㄌㄧㄥˊ ㄕㄨˋ ㄕˋ	0.009999999999999986	11	動漫	phrase.anime.tsv	1344	
殖利率曲線	ㄓˊ ㄌㄧˋ ㄌㄩˋ ㄑㄩ ㄒㄧㄢˋ	1	3	財會金融	phrase.finance.tsv	84	
殭屍少女	ㄐㄧㄤ ㄕ ㄕㄠˋ ㄋㄩˇ	0.009999999999999986	10	動漫	phrase.anime.tsv	1345	
殭屍網路	ㄐㄧㄤ ㄕ ㄨㄤˇ ㄌㄨˋ	1	11	網路資安	phrase.network-security.tsv	101	
段距	ㄉㄨㄢˋ ㄐㄩˋ	0.009999999999999986	12	媒體設計	phrase.media-design.tsv	58	
殺手踢細胞	ㄕㄚ ㄕㄡˇ ㄊㄧ ㄒㄧˋ ㄅㄠ	0.009999999999999986	15	動漫	phrase.anime.tsv	1347	殺手T細胞
殺生丸	ㄕㄚ ㄕㄥ ㄨㄢˊ	0.009999999999999986	17	動漫	phrase.anime.tsv	1348	
殺老師	ㄕㄚ ㄌㄠˇ ㄕ	0.009999999999999986	22	動漫	phrase.anime.tsv	1349	
母題	ㄇㄨˇ ㄊㄧˊ	1	12	中文	phrase.chinese.tsv	90	
每股盈餘	ㄇㄟˇ ㄍㄨˇ ㄧㄥˊ ㄩˊ	1	11	財會金融	phrase.finance.tsv	85	
比企谷八幡	ㄅㄧˇ ㄑㄧˋ ㄍㄨˇ ㄅㄚ ㄈㄢ	0.009999999999999986	20	動漫	phrase.anime.tsv	1351	
比例原則	ㄅㄧˇ ㄌㄧˋ ㄩㄢˊ ㄗㄜˊ	1	11	法律	phrase.law.tsv	110	
比例控制	ㄅㄧˇ ㄌㄧˋ ㄎㄨㄥˋ ㄓˋ	1	12	電子電機	phrase.electronics.tsv	130	
比克	ㄅㄧˇ ㄎㄜˋ	0.009999999999999986	15	動漫	phrase.anime.tsv	1352	
比宇宙	ㄅㄧˇ ㄩˇ ㄓㄡˋ	0.009999999999999986	22	動漫	phrase.anime.tsv	1354	
比率分析	ㄅㄧˇ ㄌㄩˋ ㄈㄣ ㄒㄧ	1	17	財會金融	phrase.finance.tsv	86	
比良平千咲	ㄅㄧˇ ㄌㄧㄤˊ ㄆㄧㄥˊ ㄑㄧㄢ ㄒㄧㄠˋ	0.009999999999999986	14	動漫	phrase.anime.tsv	1355	
比良拓海	ㄅㄧˇ ㄌㄧㄤˊ ㄊㄨㄛˋ ㄏㄞˇ	0.009999999999999986	13	動漫	phrase.anime.tsv	1356	
比較史學	ㄅㄧˇ ㄐㄧㄠˇ ㄕˇ ㄒㄩㄝˊ	1	13	歷史	phrase.history.tsv	101	
毛利小五郎	ㄇㄠˊ ㄌㄧˋ ㄒㄧㄠˇ ㄨˇ ㄌㄤˊ	0.009999999999999986	17	動漫	phrase.anime.tsv	1357	
毛利成長率	ㄇㄠˊ ㄌㄧˋ ㄔㄥˊ ㄓㄤˇ ㄌㄩˋ	1	4	商業	phrase.business.tsv	108	
毛利蘭	ㄇㄠˊ ㄌㄧˋ ㄌㄢˊ	0.009999999999999986	19	動漫	phrase.anime.tsv	1358	
毛利達成率	ㄇㄠˊ ㄌㄧˋ ㄉㄚˊ ㄔㄥˊ ㄌㄩˋ	1	4	商業	phrase.business.tsv	109	
毛利預測	ㄇㄠˊ ㄌㄧˋ ㄩˋ ㄘㄜˋ	1	10	財會金融	phrase.finance.tsv	88	
毛細管電泳	ㄇㄠˊ ㄒㄧˋ ㄍㄨㄢˇ ㄉㄧㄢˋ ㄩㄥˇ	1	2	生技藥學	phrase.biotech-pharma.tsv	51	
民主化時期	ㄇㄧㄣˊ ㄓㄨˇ ㄏㄨㄚˋ ㄕˊ ㄑㄧˊ	1	4	歷史	phrase.history.tsv	102	
民法總則	ㄇㄧㄣˊ ㄈㄚˇ ㄗㄨㄥˇ ㄗㄜˊ	1	10	法律	phrase.law.tsv	111	
氣候減緩	ㄑㄧˋ ㄏㄡˋ ㄐㄧㄢˇ ㄏㄨㄢˇ	1	11	環境能源	phrase.energy-environment.tsv	59	
氣候調適	ㄑㄧˋ ㄏㄡˋ ㄊㄧㄠˊ ㄕˋ	1	11	環境能源	phrase.energy-environment.tsv	60	
氣候變遷	ㄑㄧˋ ㄏㄡˋ ㄅㄧㄢˋ ㄑㄧㄢ	1	11	環境能源	phrase.energy-environment.tsv	61	
氣候風險	ㄑㄧˋ ㄏㄡˋ ㄈㄥ ㄒㄧㄢˇ	1	11	環境能源	phrase.energy-environment.tsv	62	
氣液平衡	ㄑㄧˋ ㄧㄝˋ ㄆㄧㄥˊ ㄏㄥˊ	1	12	材料化工	phrase.materials-chemistry.tsv	51	
氣相	ㄑㄧˋ ㄒㄧㄤ	1	12	晶片半導體	phrase.semiconductor.tsv	88	
氣調包裝	ㄑㄧˋ ㄉㄧㄠˋ ㄅㄠ ㄓㄨㄤ	1	10	農業食品	phrase.agriculture-food.tsv	25	
氧化數	ㄧㄤˇ ㄏㄨㄚˋ ㄕㄨˋ	1	11	科學	phrase.science.tsv	37	
氧化還原	ㄧㄤˇ ㄏㄨㄚˋ ㄏㄨㄢˊ ㄩㄢˊ	1	11	材料化工	phrase.materials-chemistry.tsv	52	
氫原子模型	ㄑㄧㄥ ㄩㄢˊ ㄗˇ ㄇㄛˊ ㄒㄧㄥˊ	1	4	科學	phrase.science.tsv	38	
氮化鎵	ㄉㄢˋ ㄏㄨㄚˋ ㄐㄧㄚ	1	10	晶片半導體	phrase.semiconductor.tsv	89	
水上麻衣	ㄕㄨㄟˇ ㄕㄤˋ ㄇㄚˊ ㄧ	0.009999999999999986	16	動漫	phrase.anime.tsv	1359	
水刀加工	ㄕㄨㄟˇ ㄉㄠ ㄐㄧㄚ ㄍㄨㄥ	1	13	製造機械	phrase.manufacturing.tsv	71	
水原千鶴	ㄕㄨㄟˇ ㄩㄢˊ ㄑㄧㄢ ㄏㄜˋ	0.009999999999999986	15	動漫	phrase.anime.tsv	1360	
水圳開發	ㄕㄨㄟˇ ㄓㄣˋ ㄎㄞ ㄈㄚ	1	13	歷史	phrase.history.tsv	103	
水島太太	ㄕㄨㄟˇ ㄉㄠˇ ㄊㄞˋ ㄊㄞˋ	0.009999999999999986	14	動漫	phrase.anime.tsv	1361	
水崎燕	ㄕㄨㄟˇ ㄑㄧˊ ㄧㄢˋ	0.009999999999999986	14	動漫	phrase.anime.tsv	1362	
水平越權	ㄕㄨㄟˇ ㄆㄧㄥˊ ㄩㄝˋ ㄑㄩㄢˊ	1	11	網路資安	phrase.network-security.tsv	102	
水果籃子	ㄕㄨㄟˇ ㄍㄨㄛˇ ㄌㄢˊ ㄗ˙	0.009999999999999986	24	動漫	phrase.anime.tsv	1363	
水瀨伊織	ㄕㄨㄟˇ ㄌㄞˋ ㄧ ㄓ	0.009999999999999986	10	動漫	phrase.anime.tsv	1365	
水瀨名雪	ㄕㄨㄟˇ ㄌㄞˋ ㄇㄧㄥˊ ㄒㄩㄝˇ	0.009999999999999986	13	動漫	phrase.anime.tsv	1366	
水篠颯太	ㄕㄨㄟˇ ㄒㄧㄠˇ ㄙㄚˋ ㄊㄞˋ	0.009999999999999986	18	動漫	phrase.anime.tsv	1367	
水耕栽培	ㄕㄨㄟˇ ㄍㄥ ㄗㄞ ㄆㄟˊ	1	14	農業食品	phrase.agriculture-food.tsv	26	
水谷雫	ㄕㄨㄟˇ ㄍㄨˇ ㄋㄚˇ	0.009999999999999986	18	動漫	phrase.anime.tsv	1368	
水質指標	ㄕㄨㄟˇ ㄓˊ ㄓˇ ㄅㄧㄠ	1	11	環境能源	phrase.energy-environment.tsv	64	
水質監測	ㄕㄨㄟˇ ㄓˊ ㄐㄧㄢ ㄘㄜˋ	1	12	環境能源	phrase.energy-environment.tsv	65	
水質盤查	ㄕㄨㄟˇ ㄓˊ ㄆㄢˊ ㄔㄚˊ	1	11	環境能源	phrase.energy-environment.tsv	66	
水質稽核	ㄕㄨㄟˇ ㄓˊ ㄐㄧ ㄏㄜˊ	1	11	環境能源	phrase.energy-environment.tsv	67	
水野亞美	ㄕㄨㄟˇ ㄧㄝˇ ㄧㄚˇ ㄇㄟˇ	0.009999999999999986	20	動漫	phrase.anime.tsv	1369	
水野愛	ㄕㄨㄟˇ ㄧㄝˇ ㄞˋ	0.009999999999999986	15	動漫	phrase.anime.tsv	1370	
水野茜	ㄕㄨㄟˇ ㄧㄝˇ ㄑㄧㄢˋ	0.009999999999999986	15	動漫	phrase.anime.tsv	1371	
水鏡凍季也	ㄕㄨㄟˇ ㄐㄧㄥˋ ㄉㄨㄥˋ ㄐㄧˋ ㄧㄝˇ	0.009999999999999986	10	動漫	phrase.anime.tsv	1372	
永瀨嵐	ㄩㄥˇ ㄌㄞˋ ㄌㄢˊ	0.009999999999999986	11	動漫	phrase.anime.tsv	1374	
永磁	ㄩㄥˇ ㄘˊ	1	12	電子電機	phrase.electronics.tsv	131	
永續報告書	ㄩㄥˇ ㄒㄩˋ ㄅㄠˋ ㄍㄠˋ ㄕㄨ	1	4	商業	phrase.business.tsv	111	
永續農業	ㄩㄥˇ ㄒㄩˋ ㄋㄨㄥˊ ㄧㄝˋ	1	16	農業食品	phrase.agriculture-food.tsv	27	
江戶川亂步	ㄐㄧㄤ ㄏㄨˋ ㄔㄨㄢ ㄌㄨㄢˋ ㄅㄨˋ	0.009999999999999986	11	動漫	phrase.anime.tsv	1376	
江戶川柯南	ㄐㄧㄤ ㄏㄨˋ ㄔㄨㄢ ㄎㄜ ㄋㄢˊ	0.009999999999999986	25	動漫	phrase.anime.tsv	1377	
江頭美嘉	ㄐㄧㄤ ㄊㄡˊ ㄇㄟˇ ㄐㄧㄚ	0.009999999999999986	14	動漫	phrase.anime.tsv	1378	
池澤佳主馬	ㄔˊ ㄗㄜˊ ㄐㄧㄚ ㄓㄨˇ ㄇㄚˇ	0.009999999999999986	13	動漫	phrase.anime.tsv	1379	
污名化	ㄨ ㄇㄧㄥˊ ㄏㄨㄚˋ	1	11	心理社會	phrase.psychology-society.tsv	45	
污染控制	ㄨ ㄖㄢˇ ㄎㄨㄥˋ ㄓˋ	1	14	環境能源	phrase.energy-environment.tsv	69	
污染防治	ㄨ ㄖㄢˇ ㄈㄤˊ ㄓˋ	1	11	環境能源	phrase.energy-environment.tsv	71	
污水下水道	ㄨ ㄕㄨㄟˇ ㄒㄧㄚˋ ㄕㄨㄟˇ ㄉㄠˋ	1	3	建築土木	phrase.civil-engineering.tsv	148	
汲極	ㄐㄧˊ ㄐㄧˊ	0.009999999999999986	9	晶片半導體	phrase.semiconductor.tsv	91	
沉沒成本	ㄔㄣˊ ㄇㄛˋ ㄔㄥˊ ㄅㄣˇ	1	10	財會金融	phrase.finance.tsv	89	
沉浸式教學	ㄔㄣˊ ㄐㄧㄣˋ ㄕˋ ㄐㄧㄠ ㄒㄩㄝˊ	1	3	教育	phrase.education.tsv	69	
沉降	ㄔㄣˊ ㄐㄧㄤˋ	0.009999999999999986	12	醫學	phrase.medicine.tsv	131	
沉默螺旋	ㄔㄣˊ ㄇㄛˋ ㄌㄨㄛˊ ㄒㄩㄢˊ	1	10	媒體設計	phrase.media-design.tsv	59	
沖壓模具	ㄔㄨㄥ ㄧㄚ ㄇㄨˊ ㄐㄩˋ	1	11	製造機械	phrase.manufacturing.tsv	73	
沖床	ㄔㄨㄥ ㄔㄨㄤˊ	1	14	製造機械	phrase.manufacturing.tsv	74	
沖田總司	ㄔㄨㄥ ㄊㄧㄢˊ ㄗㄨㄥˇ ㄙ	0.009999999999999986	11	動漫	phrase.anime.tsv	1382	
沖田總悟	ㄔㄨㄥ ㄊㄧㄢˊ ㄗㄨㄥˇ ㄨˋ	0.009999999999999986	14	動漫	phrase.anime.tsv	1383	
沙箱分析	ㄕㄚ ㄒㄧㄤ ㄈㄣ ㄒㄧ	1	12	網路資安	phrase.network-security.tsv	103	
沙織巴吉納	ㄕㄚ ㄓ ㄅㄚ ㄐㄧˊ ㄋㄚˋ	0.009999999999999986	13	動漫	phrase.anime.tsv	1384	
河了貂	ㄏㄜˊ ㄌㄜ˙ ㄉㄧㄠ	0.009999999999999986	16	動漫	phrase.anime.tsv	1385	
河內恭介	ㄏㄜˊ ㄋㄟˋ ㄍㄨㄥ ㄐㄧㄝˋ	0.009999999999999986	14	動漫	phrase.anime.tsv	1386	
河原	ㄏㄜˊ ㄩㄢˊ	0.009999999999999986	16	動漫	phrase.anime.tsv	1387	
河螢多朗	ㄏㄜˊ ㄧㄥˊ ㄉㄨㄛ ㄌㄤˇ	0.009999999999999986	18	動漫	phrase.anime.tsv	1388	
油電車	ㄧㄡˊ ㄉㄧㄢˋ ㄔㄜ	1	18	一般	phrase.general.tsv	83	
治療指數	ㄓˋ ㄌㄧㄠˊ ㄓˇ ㄕㄨˋ	1	12	生技藥學	phrase.biotech-pharma.tsv	53	
泉光子郎	ㄑㄩㄢˊ ㄍㄨㄤ ㄗˇ ㄌㄤˊ	0.009999999999999986	15	動漫	phrase.anime.tsv	1389	
泉孝介	ㄑㄩㄢˊ ㄒㄧㄠˋ ㄐㄧㄝˋ	0.009999999999999986	9	動漫	phrase.anime.tsv	1390	
泉新一	ㄑㄩㄢˊ ㄒㄧㄣ ㄧ	0.009999999999999986	21	動漫	phrase.anime.tsv	1391	
泉此方	ㄑㄩㄢˊ ㄘˇ ㄈㄤ	0.009999999999999986	20	動漫	phrase.anime.tsv	1392	
泉鏡花	ㄑㄩㄢˊ ㄐㄧㄥˋ ㄏㄨㄚ	0.009999999999999986	10	動漫	phrase.anime.tsv	1393	
泌尿系統	ㄇㄧˋ ㄋㄧㄠˋ ㄒㄧˋ ㄊㄨㄥˇ	1	12	醫學	phrase.medicine.tsv	133	
法定繼承	ㄈㄚˇ ㄉㄧㄥˋ ㄐㄧˋ ㄔㄥˊ	1	10	法律	phrase.law.tsv	112	
法定財產制	ㄈㄚˇ ㄉㄧㄥˋ ㄘㄞˊ ㄔㄢˇ ㄓˋ	1	4	法律	phrase.law.tsv	113	
法拉第定律	ㄈㄚˇ ㄌㄚ ㄉㄧˋ ㄉㄧㄥˋ ㄌㄩˋ	1	2	科學	phrase.science.tsv	39	
法蘭秀秀	ㄈㄚˇ ㄌㄢˊ ㄒㄧㄡˋ ㄒㄧㄡˋ	0.009999999999999986	13	動漫	phrase.anime.tsv	1395	
法規案件	ㄈㄚˇ ㄍㄨㄟ ㄢˋ ㄐㄧㄢˋ	1	15	公務員公文	phrase.government.tsv	49	
法規符合性	ㄈㄚˇ ㄍㄨㄟ ㄈㄨˊ ㄏㄜˊ ㄒㄧㄥˋ	1	13	環境能源	phrase.energy-environment.tsv	72	
法馬	ㄈㄚˇ ㄇㄚˇ	0.009999999999999986	16	動漫	phrase.anime.tsv	1397	
泛化	ㄈㄢˋ ㄏㄨㄚˋ	0.009999999999999986	11	心理社會	phrase.psychology-society.tsv	47	
泡利	ㄆㄠˋ ㄌㄧˋ	1	11	科學	phrase.science.tsv	40	
波函數	ㄅㄛ ㄏㄢˊ ㄕㄨˋ	1	12	科學	phrase.science.tsv	41	
波動光學	ㄅㄛ ㄉㄨㄥˋ ㄍㄨㄤ ㄒㄩㄝˊ	1	10	科學	phrase.science.tsv	42	
波動方程	ㄅㄛ ㄉㄨㄥˋ ㄈㄤ ㄔㄥˊ	1	10	科學	phrase.science.tsv	43	
波印廷向量	ㄅㄛ ㄧㄣˋ ㄊㄧㄥˊ ㄒㄧㄤˋ ㄌㄧㄤˋ	1	5	科學	phrase.science.tsv	44	
波士頓矩陣	ㄅㄛ ㄕˋ ㄉㄨㄣˋ ㄐㄩˇ ㄓㄣˋ	1	4	商業	phrase.business.tsv	113	
波奇塔	ㄅㄛ ㄑㄧˊ ㄊㄚˇ	0.009999999999999986	12	動漫	phrase.anime.tsv	1398	
波妞	ㄅㄛ ㄋㄧㄡ	0.009999999999999986	25	動漫	phrase.anime.tsv	1399	
波德萊爾	ㄅㄛ ㄉㄜˊ ㄌㄞˊ ㄦˇ	0.009999999999999986	15	動漫	phrase.anime.tsv	1400	
波爾卡	ㄅㄛ ㄦˇ ㄎㄚˇ	0.009999999999999986	17	動漫	phrase.anime.tsv	1401	
注意力機制	ㄓㄨˋ ㄧˋ ㄌㄧˋ ㄐㄧ ㄓˋ	1	4	AI資料科學	phrase.ai-data-science.tsv	109	
泰斯塔羅莎	ㄊㄞˋ ㄙ ㄊㄚˇ ㄌㄨㄛˊ ㄕㄚ	0.009999999999999986	14	動漫	phrase.anime.tsv	1402	
泰莎	ㄊㄞˋ ㄕㄚ	0.009999999999999986	14	動漫	phrase.anime.tsv	1403	
洗錢罪	ㄒㄧˇ ㄑㄧㄢˊ ㄗㄨㄟˋ	1	10	法律	phrase.law.tsv	114	
洛伊德佛傑	ㄌㄨㄛˋ ㄧ ㄉㄜˊ ㄈㄛˊ ㄐㄧㄝˊ	0.009999999999999986	24	動漫	phrase.anime.tsv	1404	
洛克昂	ㄌㄨㄛˋ ㄎㄜˋ ㄤˊ	0.009999999999999986	17	動漫	phrase.anime.tsv	1405	
洛氏硬度	ㄌㄨㄛˋ ㄕˋ ㄧㄥˋ ㄉㄨˋ	1	11	材料化工	phrase.materials-chemistry.tsv	53	
洛琪希	ㄌㄨㄛˋ ㄑㄧˊ ㄒㄧ	0.009999999999999986	19	動漫	phrase.anime.tsv	1408	
洛蒂楊森	ㄌㄨㄛˋ ㄉㄧˋ ㄧㄤˊ ㄙㄣ	0.009999999999999986	16	動漫	phrase.anime.tsv	1409	
津島善子	ㄐㄧㄣ ㄉㄠˇ ㄕㄢˋ ㄗ˙	0.009999999999999986	10	動漫	phrase.anime.tsv	1410	
津田隆利	ㄐㄧㄣ ㄊㄧㄢˊ ㄌㄨㄥˊ ㄌㄧˋ	0.009999999999999986	18	動漫	phrase.anime.tsv	1411	
活字本	ㄏㄨㄛˊ ㄗˋ ㄅㄣˇ	1	11	中文	phrase.chinese.tsv	91	
活性污泥法	ㄏㄨㄛˊ ㄒㄧㄥˋ ㄨ ㄋㄧˊ ㄈㄚˇ	1	4	環境能源	phrase.energy-environment.tsv	73	
活性碳吸附	ㄏㄨㄛˊ ㄒㄧㄥˋ ㄊㄢˋ ㄒㄧ ㄈㄨˋ	1	3	環境能源	phrase.energy-environment.tsv	74	
活酶	ㄏㄨㄛˊ ㄇㄟˊ	1	11	醫學	phrase.medicine.tsv	135	
派生詞	ㄆㄞˋ ㄕㄥ ㄘˊ	1	10	中文	phrase.chinese.tsv	92	
流動性風險	ㄌㄧㄡˊ ㄉㄨㄥˋ ㄒㄧㄥˋ ㄈㄥ ㄒㄧㄢˇ	1	3	財會金融	phrase.finance.tsv	90	
流動負債	ㄌㄧㄡˊ ㄉㄨㄥˋ ㄈㄨˋ ㄓㄞˋ	1	10	財會金融	phrase.finance.tsv	91	
流失率	ㄌㄧㄡˊ ㄕ ㄌㄩˋ	1	16	商業	phrase.business.tsv	114	
流失率分析	ㄌㄧㄡˊ ㄕ ㄌㄩˋ ㄈㄣ ㄒㄧ	1	5	商業	phrase.business.tsv	115	
流失率目標	ㄌㄧㄡˊ ㄕ ㄌㄩˋ ㄇㄨˋ ㄅㄧㄠ	1	4	商業	phrase.business.tsv	116	
流失率趨勢	ㄌㄧㄡˊ ㄕ ㄌㄩˋ ㄑㄩ ㄕˋ	1	4	商業	phrase.business.tsv	117	
流失率預測	ㄌㄧㄡˊ ㄕ ㄌㄩˋ ㄩˋ ㄘㄜˋ	1	4	商業	phrase.business.tsv	118	
流川楓	ㄌㄧㄡˊ ㄔㄨㄢ ㄈㄥ	0.009999999999999986	22	動漫	phrase.anime.tsv	1414	
流式細胞儀	ㄌㄧㄡˊ ㄕˋ ㄒㄧˋ ㄅㄠ ㄧˊ	1	5	生技藥學	phrase.biotech-pharma.tsv	54	
流程型	ㄌㄧㄡˊ ㄔㄥˊ ㄒㄧㄥˊ	1	11	工業工程	phrase.industrial-engineering.tsv	74	
流程改善	ㄌㄧㄡˊ ㄔㄥˊ ㄍㄞˇ ㄕㄢˋ	1	19	商業	phrase.business.tsv	119	
流程最佳化	ㄌㄧㄡˊ ㄔㄥˊ ㄗㄨㄟˋ ㄐㄧㄚ ㄏㄨㄚˋ	1	17	工業工程	phrase.industrial-engineering.tsv	75	
流體化床	ㄌㄧㄡˊ ㄊㄧˇ ㄏㄨㄚˋ ㄔㄨㄤˊ	1	2	材料化工	phrase.materials-chemistry.tsv	55	
流體輸送	ㄌㄧㄡˊ ㄊㄧˇ ㄕㄨ ㄙㄨㄥˋ	1	9	材料化工	phrase.materials-chemistry.tsv	56	
浦飯幽助	ㄆㄨˇ ㄈㄢˋ ㄧㄡ ㄓㄨˋ	0.009999999999999986	21	動漫	phrase.anime.tsv	1415	
海因里	ㄏㄞˇ ㄧㄣ ㄌㄧˇ	0.009999999999999986	15	動漫	phrase.anime.tsv	1416	
海坊主	ㄏㄞˇ ㄈㄤ ㄓㄨˇ	0.009999999999999986	14	動漫	phrase.anime.tsv	1417	
海塔	ㄏㄞˇ ㄊㄚˇ	0.009999999999999986	14	動漫	phrase.anime.tsv	1418	
海村	ㄏㄞˇ ㄘㄨㄣ	0.009999999999999986	12	動漫	phrase.anime.tsv	1419	
海森堡	ㄏㄞˇ ㄙㄣ ㄅㄠˇ	1	11	科學	phrase.science.tsv	45	
海禁政策	ㄏㄞˇ ㄐㄧㄣˋ ㄓㄥˋ ㄘㄜˋ	1	10	歷史	phrase.history.tsv	106	
海藤瞬	ㄏㄞˇ ㄊㄥˊ ㄕㄨㄣˋ	0.009999999999999986	17	動漫	phrase.anime.tsv	1420	
海貓	ㄏㄞˇ ㄇㄠ	0.009999999999999986	19	動漫	phrase.anime.tsv	1421	
海運提單	ㄏㄞˇ ㄩㄣˋ ㄊㄧˊ ㄉㄢ	1	10	交通物流	phrase.transport-logistics.tsv	62	
海運物流	ㄏㄞˇ ㄩㄣˋ ㄨˋ ㄌㄧㄡˊ	1	10	交通物流	phrase.transport-logistics.tsv	63	
海馬瀨人	ㄏㄞˇ ㄇㄚˇ ㄌㄞˋ ㄖㄣˊ	0.009999999999999986	17	動漫	phrase.anime.tsv	1423	
浸潤式微影	ㄐㄧㄣˋ ㄖㄨㄣˋ ㄕˋ ㄨㄟˊ ㄧㄥˇ	1	4	晶片半導體	phrase.semiconductor.tsv	93	
消弱	ㄒㄧㄠ ㄖㄨㄛˋ	0.009999999999999986	12	心理社會	phrase.psychology-society.tsv	48	
消滅時效	ㄒㄧㄠ ㄇㄧㄝˋ ㄕˊ ㄒㄧㄠˋ	1	10	法律	phrase.law.tsv	115	
液液平衡	ㄧㄝˋ ㄧㄝˋ ㄆㄧㄥˊ ㄏㄥˊ	1	11	材料化工	phrase.materials-chemistry.tsv	57	
液滲檢測	ㄧㄝˋ ㄕㄣˋ ㄐㄧㄢˇ ㄘㄜˋ	1	11	製造機械	phrase.manufacturing.tsv	75	
液相層析	ㄧㄝˋ ㄒㄧㄤ ㄘㄥˊ ㄒㄧ	1	12	生技藥學	phrase.biotech-pharma.tsv	55	
涼宮春日	ㄌㄧㄤˊ ㄍㄨㄥ ㄔㄨㄣ ㄖˋ	0.009999999999999986	26	動漫	phrase.anime.tsv	1424	
涼風青葉	ㄌㄧㄤˊ ㄈㄥ ㄑㄧㄥ ㄧㄝˋ	0.009999999999999986	18	動漫	phrase.anime.tsv	1425	
淀治	ㄉㄧㄢˋ ㄓˋ	0.009999999999999986	23	動漫	phrase.anime.tsv	1426	
淞滬會戰	ㄙㄨㄥ ㄏㄨˋ ㄏㄨㄟˋ ㄓㄢˋ	1	9	歷史	phrase.history.tsv	107	
淨利成長率	ㄐㄧㄥˋ ㄌㄧˋ ㄔㄥˊ ㄓㄤˇ ㄌㄩˋ	1	4	商業	phrase.business.tsv	120	
淨利達成率	ㄐㄧㄥˋ ㄌㄧˋ ㄉㄚˊ ㄔㄥˊ ㄌㄩˋ	1	4	商業	phrase.business.tsv	121	
淨零	ㄐㄧㄥˋ ㄌㄧㄥˊ	1	25	一般	phrase.general.tsv	84	
淨零排放	ㄐㄧㄥˋ ㄌㄧㄥˊ ㄆㄞˊ ㄈㄤˋ	1	18	一般	phrase.general.tsv	85	
淨零路徑	ㄐㄧㄥˋ ㄌㄧㄥˊ ㄌㄨˋ ㄐㄧㄥˋ	1	10	環境能源	phrase.energy-environment.tsv	75	
深反應	ㄕㄣ ㄈㄢˇ ㄧㄥˋ	1	12	晶片半導體	phrase.semiconductor.tsv	94	
深度報導	ㄕㄣ ㄉㄨˋ ㄅㄠˋ ㄉㄠˇ	1	11	媒體設計	phrase.media-design.tsv	61	
深澄真	ㄕㄣ ㄔㄥˊ ㄓㄣ	0.009999999999999986	17	動漫	phrase.anime.tsv	1429	
深紫外光	ㄕㄣ ㄗˇ ㄨㄞˋ ㄍㄨㄤ	1	12	晶片半導體	phrase.semiconductor.tsv	95	
深部	ㄕㄣ ㄅㄨˋ	0.009999999999999986	12	醫學	phrase.medicine.tsv	137	
混凝土修復	ㄏㄨㄣˋ ㄋㄧㄥˊ ㄊㄨˇ ㄒㄧㄡ ㄈㄨˋ	1	3	建築土木	phrase.civil-engineering.tsv	153	
混凝土工程	ㄏㄨㄣˋ ㄋㄧㄥˊ ㄊㄨˇ ㄍㄨㄥ ㄔㄥˊ	1	4	建築土木	phrase.civil-engineering.tsv	154	
混凝土施工	ㄏㄨㄣˋ ㄋㄧㄥˊ ㄊㄨˇ ㄕ ㄍㄨㄥ	1	3	建築土木	phrase.civil-engineering.tsv	155	
混凝土構造	ㄏㄨㄣˇ ㄋㄧㄥˊ ㄊㄨˇ ㄍㄡˋ ㄗㄠˋ	1	2	建築土木	phrase.civil-engineering.tsv	156	
混凝土檢驗	ㄏㄨㄣˋ ㄋㄧㄥˊ ㄊㄨˇ ㄐㄧㄢˇ ㄧㄢˋ	1	4	建築土木	phrase.civil-engineering.tsv	157	
混凝土監測	ㄏㄨㄣˋ ㄋㄧㄥˊ ㄊㄨˇ ㄐㄧㄢ ㄘㄜˋ	1	4	建築土木	phrase.civil-engineering.tsv	158	
混凝土補強	ㄏㄨㄣˋ ㄋㄧㄥˊ ㄊㄨˇ ㄅㄨˇ ㄑㄧㄤˊ	1	3	建築土木	phrase.civil-engineering.tsv	159	
混凝土設計	ㄏㄨㄣˋ ㄋㄧㄥˊ ㄊㄨˇ ㄕㄜˋ ㄐㄧˋ	1	5	建築土木	phrase.civil-engineering.tsv	160	
混凝土鋪面	ㄏㄨㄣˋ ㄋㄧㄥˊ ㄊㄨˇ ㄆㄨ ㄇㄧㄢˋ	1	2	建築土木	phrase.civil-engineering.tsv	161	
混合成本	ㄏㄨㄣˋ ㄏㄜˊ ㄔㄥˊ ㄅㄣˇ	1	11	財會金融	phrase.finance.tsv	92	
混合辦公	ㄏㄨㄣˋ ㄏㄜˊ ㄅㄢˋ ㄍㄨㄥ	1	8	一般	phrase.general.tsv	87	
淺右	ㄑㄧㄢˇ ㄧㄡˋ	0.009999999999999986	17	動漫	phrase.anime.tsv	1430	
淺草綠	ㄑㄧㄢˇ ㄘㄠˇ ㄌㄩˋ	0.009999999999999986	18	動漫	phrase.anime.tsv	1431	
清峰葉流火	ㄑㄧㄥ ㄈㄥ ㄧㄝˋ ㄌㄧㄡˊ ㄏㄨㄛˇ	0.009999999999999986	18	動漫	phrase.anime.tsv	1432	
清末新政	ㄑㄧㄥ ㄇㄛˋ ㄒㄧㄣ ㄓㄥˋ	1	12	歷史	phrase.history.tsv	109	
清水惠	ㄑㄧㄥ ㄕㄨㄟˇ ㄏㄨㄟˋ	0.009999999999999986	11	動漫	phrase.anime.tsv	1433	
清水薰	ㄑㄧㄥ ㄕㄨㄟˇ ㄒㄩㄣ	0.009999999999999986	14	動漫	phrase.anime.tsv	1434	
清治臺灣	ㄑㄧㄥ ㄓˋ ㄊㄞˊ ㄨㄢ	1	12	歷史	phrase.history.tsv	110	
清洗機	ㄑㄧㄥ ㄒㄧˇ ㄐㄧ	1	12	晶片半導體	phrase.semiconductor.tsv	98	
清洗機保養	ㄑㄧㄥ ㄒㄧˇ ㄐㄧ ㄅㄠˇ ㄧㄤˇ	1	3	晶片半導體	phrase.semiconductor.tsv	99	
清洗機校正	ㄑㄧㄥ ㄒㄧˇ ㄐㄧ ㄐㄧㄠˋ ㄓㄥˋ	1	3	晶片半導體	phrase.semiconductor.tsv	100	
清洗製程	ㄑㄧㄥ ㄒㄧˇ ㄓˋ ㄔㄥˊ	1	14	晶片半導體	phrase.semiconductor.tsv	101	
清潔生產	ㄑㄧㄥ ㄐㄧㄝˊ ㄕㄥ ㄔㄢˇ	1	11	環境能源	phrase.energy-environment.tsv	76	
清潔確效	ㄑㄧㄥ ㄐㄧㄝˊ ㄑㄩㄝˋ ㄒㄧㄠˋ	1	11	生技藥學	phrase.biotech-pharma.tsv	56	
清瀧桂香	ㄑㄧㄥ ㄌㄨㄥˊ ㄍㄨㄟˋ ㄒㄧㄤ	0.009999999999999986	10	動漫	phrase.anime.tsv	1435	
清瀨灰二	ㄑㄧㄥ ㄌㄞˋ ㄏㄨㄟ ㄦˋ	0.009999999999999986	15	動漫	phrase.anime.tsv	1436	
清理計畫	ㄑㄧㄥ ㄌㄧˇ ㄐㄧˋ ㄏㄨㄚˋ	1	12	環境能源	phrase.energy-environment.tsv	77	
清除率	ㄑㄧㄥ ㄔㄨˊ ㄌㄩˋ	1	10	生技藥學	phrase.biotech-pharma.tsv	57	
渚薰	ㄓㄨˇ ㄒㄩㄣ	0.009999999999999986	14	動漫	phrase.anime.tsv	1437	
減法混色	ㄐㄧㄢˇ ㄈㄚˇ ㄏㄨㄣˋ ㄙㄜˋ	1	11	媒體設計	phrase.media-design.tsv	62	
減量管理	ㄐㄧㄢˇ ㄌㄧㄤˋ ㄍㄨㄢˇ ㄌㄧˇ	1	14	環境能源	phrase.energy-environment.tsv	79	
渡久地東亞	ㄉㄨˋ ㄐㄧㄡˇ ㄉㄧˋ ㄉㄨㄥ ㄧㄚˇ	0.009999999999999986	18	動漫	phrase.anime.tsv	1438	
渡亮太	ㄉㄨˋ ㄌㄧㄤˋ ㄊㄞˋ	0.009999999999999986	15	動漫	phrase.anime.tsv	1439	
渡臺禁令	ㄉㄨˋ ㄊㄞˊ ㄐㄧㄣˋ ㄌㄧㄥˋ	1	11	歷史	phrase.history.tsv	111	
渡邊曜	ㄉㄨˋ ㄅㄧㄢ ㄧㄠˋ	0.009999999999999986	12	動漫	phrase.anime.tsv	1440	
渡邊瑠果	ㄉㄨˋ ㄅㄧㄢ ㄌㄧㄡˊ ㄍㄨㄛˇ	0.009999999999999986	14	動漫	phrase.anime.tsv	1441	
渦流檢測	ㄨㄛ ㄌㄧㄡˊ ㄐㄧㄢˇ ㄘㄜˋ	1	9	製造機械	phrase.manufacturing.tsv	76	
測光	ㄘㄜˋ ㄍㄨㄤ	1	12	媒體設計	phrase.media-design.tsv	63	
測試機	ㄘㄜˋ ㄕˋ ㄐㄧ	1	12	晶片半導體	phrase.semiconductor.tsv	103	
測試製程	ㄘㄜˋ ㄕˋ ㄓˋ ㄔㄥˊ	1	8	晶片半導體	phrase.semiconductor.tsv	104	
湊友希那	ㄘㄡˋ ㄧㄡˇ ㄒㄧ ㄋㄚˋ	0.009999999999999986	10	動漫	phrase.anime.tsv	1443	
湯婆婆	ㄊㄤ ㄆㄛˊ ㄆㄛˊ	0.009999999999999986	19	動漫	phrase.anime.tsv	1444	
源光	ㄩㄢˊ ㄍㄨㄤ	0.009999999999999986	15	動漫	phrase.anime.tsv	1445	
源極	ㄩㄢˊ ㄐㄧˊ	0.009999999999999986	13	電子電機	phrase.electronics.tsv	133	
源極跟隨器	ㄩㄢˊ ㄐㄧˊ ㄍㄣ ㄙㄨㄟˊ ㄑㄧˋ	1	5	電子電機	phrase.electronics.tsv	134	
源櫻	ㄩㄢˊ ㄧㄥ	0.009999999999999986	20	動漫	phrase.anime.tsv	1446	
源輝	ㄩㄢˊ ㄏㄨㄟ	0.009999999999999986	13	動漫	phrase.anime.tsv	1447	
準備程序	ㄓㄨㄣˇ ㄅㄟˋ ㄔㄥˊ ㄒㄩˋ	1	12	法律	phrase.law.tsv	116	
準用	ㄓㄨㄣˇ ㄩㄥˋ	1	12	公務員公文	phrase.government.tsv	50	
溫室栽培	ㄨㄣ ㄕˋ ㄗㄞ ㄆㄟˊ	1	16	農業食品	phrase.agriculture-food.tsv	28	
溫室氣體	ㄨㄣ ㄕˋ ㄑㄧˋ ㄊㄧˇ	1	14	環境能源	phrase.energy-environment.tsv	80	
溫帕雷特	ㄨㄣ ㄆㄚˋ ㄌㄟˊ ㄊㄜˋ	0.009999999999999986	17	動漫	phrase.anime.tsv	1449	
溫水和彥	ㄨㄣ ㄕㄨㄟˇ ㄏㄜˊ ㄧㄢˋ	0.009999999999999986	20	動漫	phrase.anime.tsv	1450	
溫莉	ㄨㄣ ㄌㄧˋ	0.009999999999999986	14	動漫	phrase.anime.tsv	1451	
溫蒂瑪貝爾	ㄨㄣ ㄉㄧˋ ㄇㄚˇ ㄅㄟˋ ㄦˇ	0.009999999999999986	11	動漫	phrase.anime.tsv	1452	
溶劑回收	ㄖㄨㄥˊ ㄐㄧˋ ㄏㄨㄟˊ ㄕㄡ	1	10	材料化工	phrase.materials-chemistry.tsv	58	
溶血性貧血	ㄖㄨㄥˊ ㄒㄧㄝˇ ㄒㄧㄥˋ ㄆㄧㄣˊ ㄒㄧㄝˇ	1	3	醫學	phrase.medicine.tsv	139	
滑動視窗	ㄏㄨㄚˊ ㄉㄨㄥˋ ㄕˋ ㄔㄨㄤ	1	10	網路資安	phrase.network-security.tsv	105	
滑動軸承	ㄏㄨㄚˊ ㄉㄨㄥˋ ㄓㄡˊ ㄔㄥˊ	1	10	製造機械	phrase.manufacturing.tsv	77	
滲透測試	ㄕㄣˋ ㄊㄡˋ ㄘㄜˋ ㄕˋ	1	11	網路資安	phrase.network-security.tsv	106	
滴灌	ㄉㄧ ㄍㄨㄢˋ	1	13	農業食品	phrase.agriculture-food.tsv	29	
滾子軸承	ㄍㄨㄣˇ ㄗˇ ㄓㄡˊ ㄔㄥˊ	1	11	製造機械	phrase.manufacturing.tsv	78	
滾珠螺桿	ㄍㄨㄣˇ ㄓㄨ ㄌㄨㄛˊ ㄍㄢˇ	1	9	製造機械	phrase.manufacturing.tsv	79	
滾珠軸承	ㄍㄨㄣˇ ㄓㄨ ㄓㄡˊ ㄔㄥˊ	1	9	製造機械	phrase.manufacturing.tsv	80	
滿艦飾真子	ㄇㄢˇ ㄐㄧㄢˋ ㄕˋ ㄓㄣ ㄗ˙	0.009999999999999986	15	動漫	phrase.anime.tsv	1453	
漏洞管理	ㄌㄡˋ ㄉㄨㄥˋ ㄍㄨㄢˇ ㄌㄧˇ	1	12	網路資安	phrase.network-security.tsv	107	
漢吉佐耶	ㄏㄢˋ ㄐㄧˊ ㄗㄨㄛˇ ㄧㄝ	0.009999999999999986	13	動漫	phrase.anime.tsv	1454	
漢語方言	ㄏㄢˋ ㄩˇ ㄈㄤ ㄧㄢˊ	1	10	中文	phrase.chinese.tsv	93	
漢語語言學	ㄏㄢˋ ㄩˇ ㄩˇ ㄧㄢˊ ㄒㄩㄝˊ	1	3	中文	phrase.chinese.tsv	94	
漣波電壓	ㄌㄧㄢˊ ㄅㄛ ㄉㄧㄢˋ ㄧㄚ	1	9	電子電機	phrase.electronics.tsv	135	
漩渦鳴人	ㄒㄩㄢˊ ㄨㄛ ㄇㄧㄥˊ ㄖㄣˊ	0.009999999999999986	25	動漫	phrase.anime.tsv	1455	
潔世一	ㄐㄧㄝˊ ㄕˋ ㄧ	0.009999999999999986	23	動漫	phrase.anime.tsv	1457	
潘希魯貢	ㄆㄢ ㄒㄧ ㄌㄨˇ ㄍㄨㄥˋ	0.009999999999999986	17	動漫	phrase.anime.tsv	1458	
潘德拉剛	ㄆㄢ ㄉㄜˊ ㄌㄚ ㄍㄤ	0.009999999999999986	21	動漫	phrase.anime.tsv	1459	
潘朵拉之心	ㄆㄢ ㄉㄨㄛˇ ㄌㄚ ㄓ ㄒㄧㄣ	0.009999999999999986	20	動漫	phrase.anime.tsv	1460	
潮田渚	ㄔㄠˊ ㄊㄧㄢˊ ㄓㄨˇ	0.009999999999999986	19	動漫	phrase.anime.tsv	1461	
潰瘍性	ㄎㄨㄟˋ ㄧㄤˊ ㄒㄧㄥˋ	1	10	醫學	phrase.medicine.tsv	141	
澀谷凜	ㄙㄜˋ ㄍㄨˇ ㄌㄧㄣˇ	0.009999999999999986	15	動漫	phrase.anime.tsv	1462	
澤村大地	ㄗㄜˊ ㄘㄨㄣ ㄉㄚˋ ㄉㄧˋ	0.009999999999999986	18	動漫	phrase.anime.tsv	1463	
澤村榮純	ㄗㄜˊ ㄘㄨㄣ ㄖㄨㄥˊ ㄔㄨㄣˊ	0.009999999999999986	19	動漫	phrase.anime.tsv	1464	
澤渡真琴	ㄗㄜˊ ㄉㄨˋ ㄓㄣ ㄑㄧㄣˊ	0.009999999999999986	11	動漫	phrase.anime.tsv	1465	
澤田綱吉	ㄗㄜˊ ㄊㄧㄢˊ ㄍㄤ ㄐㄧˊ	0.009999999999999986	20	動漫	phrase.anime.tsv	1466	
澤諾	ㄗㄜˊ ㄋㄨㄛˋ	0.009999999999999986	10	動漫	phrase.anime.tsv	1467	
澤近愛理	ㄗㄜˊ ㄐㄧㄣˋ ㄞˋ ㄌㄧˇ	0.009999999999999986	14	動漫	phrase.anime.tsv	1468	
澤部椿	ㄗㄜˊ ㄅㄨˋ ㄔㄨㄣ	0.009999999999999986	17	動漫	phrase.anime.tsv	1469	
濕式洗滌塔	ㄕ ㄕˋ ㄒㄧˇ ㄉㄧˊ ㄊㄚˇ	1	4	環境能源	phrase.energy-environment.tsv	81	
濱岡梓	ㄅㄧㄣ ㄍㄤ ㄗˇ	0.009999999999999986	12	動漫	phrase.anime.tsv	1470	
瀧本日富美	ㄌㄨㄥˊ ㄅㄣˇ ㄖˋ ㄈㄨˋ ㄇㄟˇ	0.009999999999999986	12	動漫	phrase.anime.tsv	1471	
瀨尾結月	ㄌㄞˋ ㄨㄟˇ ㄐㄧㄝˊ ㄩㄝˋ	0.009999999999999986	14	動漫	phrase.anime.tsv	1472	
瀨川音符	ㄌㄞˋ ㄔㄨㄢ ㄧㄣ ㄈㄨˊ	0.009999999999999986	13	動漫	phrase.anime.tsv	1473	
灌漿	ㄍㄨㄢˋ ㄐㄧㄤ	1	10	建築土木	phrase.civil-engineering.tsv	164	
火影	ㄏㄨㄛˇ ㄧㄥˇ	0.009999999999999986	17	動漫	phrase.anime.tsv	1475	
火星騎士	ㄏㄨㄛˇ ㄒㄧㄥ ㄑㄧˊ ㄕˋ	0.009999999999999986	11	動漫	phrase.anime.tsv	1477	
火神大我	ㄏㄨㄛˇ ㄕㄣˊ ㄉㄚˋ ㄨㄛˇ	0.009999999999999986	18	動漫	phrase.anime.tsv	1478	
火野麗	ㄏㄨㄛˇ ㄧㄝˇ ㄌㄧˋ	0.009999999999999986	17	動漫	phrase.anime.tsv	1480	
灰原哀	ㄏㄨㄟ ㄩㄢˊ ㄞ	0.009999999999999986	15	動漫	phrase.anime.tsv	1482	
灰姑娘女孩	ㄏㄨㄟ ㄍㄨ ㄋㄧㄤˊ ㄋㄩˇ ㄏㄞˊ	0.009999999999999986	12	動漫	phrase.anime.tsv	1484	
灼眼的夏娜	ㄓㄨㄛˊ ㄧㄢˇ ㄉㄜ˙ ㄒㄧㄚˋ ㄋㄚˋ	0.009999999999999986	23	動漫	phrase.anime.tsv	1486	
災難復原	ㄗㄞ ㄋㄢˋ ㄈㄨˋ ㄩㄢˊ	1	18	軟體科學	phrase.software.tsv	68	
炎炎消防隊	ㄧㄢˊ ㄧㄢˊ ㄒㄧㄠ ㄈㄤˊ ㄉㄨㄟˋ	0.009999999999999986	22	動漫	phrase.anime.tsv	1488	
烈海王	ㄌㄧㄝˋ ㄏㄞˇ ㄨㄤˊ	0.009999999999999986	13	動漫	phrase.anime.tsv	1490	
烈火之炎	ㄌㄧㄝˋ ㄏㄨㄛˇ ㄓ ㄧㄢˊ	0.009999999999999986	19	動漫	phrase.anime.tsv	1491	
烏斯	ㄨ ㄙ	0.009999999999999986	13	動漫	phrase.anime.tsv	1492	
烏蘭	ㄨ ㄌㄢˊ	0.009999999999999986	15	動漫	phrase.anime.tsv	1493	
烏間惟臣	ㄨ ㄐㄧㄢ ㄨㄟˊ ㄔㄣˊ	0.009999999999999986	13	動漫	phrase.anime.tsv	1494	
烏龍派出所	ㄨ ㄌㄨㄥˊ ㄆㄞˋ ㄔㄨ ㄙㄨㄛˇ	0.009999999999999986	26	動漫	phrase.anime.tsv	1495	
烘焙王	ㄏㄨㄥ ㄅㄟˋ ㄨㄤˊ	0.009999999999999986	18	動漫	phrase.anime.tsv	1497	
焊接機	ㄏㄢˋ ㄐㄧㄝ ㄐㄧ	1	14	製造機械	phrase.manufacturing.tsv	82	
焊接缺陷	ㄏㄢˋ ㄐㄧㄝ ㄑㄩㄝ ㄒㄧㄢˋ	1	9	製造機械	phrase.manufacturing.tsv	83	
焊接變形	ㄏㄢˋ ㄐㄧㄝ ㄅㄧㄢˋ ㄒㄧㄥˊ	1	9	製造機械	phrase.manufacturing.tsv	84	
無人機測量	ㄨˊ ㄖㄣˊ ㄐㄧ ㄘㄜˋ ㄌㄧㄤˊ	1	3	建築土木	phrase.civil-engineering.tsv	167	
無刷	ㄨˊ ㄕㄨㄚ	1	13	電子電機	phrase.electronics.tsv	136	
無功功率	ㄨˊ ㄍㄨㄥ ㄍㄨㄥ ㄌㄩˋ	1	9	電子電機	phrase.electronics.tsv	137	
無因管理	ㄨˊ ㄧㄣ ㄍㄨㄢˇ ㄌㄧˇ	1	14	法律	phrase.law.tsv	117	
無土栽培	ㄨˊ ㄊㄨˇ ㄗㄞ ㄆㄟˊ	1	11	農業食品	phrase.agriculture-food.tsv	30	
無形資產	ㄨˊ ㄒㄧㄥˊ ㄗ ㄔㄢˇ	1	10	財會金融	phrase.finance.tsv	93	
無慘	ㄨˊ ㄘㄢˇ	0.009999999999999986	10	動漫	phrase.anime.tsv	1498	
無效行為	ㄨˊ ㄒㄧㄠˋ ㄒㄧㄥˊ ㄨㄟˊ	1	10	法律	phrase.law.tsv	118	
無權代理	ㄨˊ ㄑㄩㄢˊ ㄉㄞˋ ㄌㄧˇ	1	10	法律	phrase.law.tsv	119	
無熔絲開關	ㄨˊ ㄖㄨㄥˊ ㄙ ㄎㄞ ㄍㄨㄢ	1	6	電子電機	phrase.electronics.tsv	138	
無罪推定	ㄨˊ ㄗㄨㄟˋ ㄊㄨㄟ ㄉㄧㄥˋ	1	10	法律	phrase.law.tsv	120	
無職轉生	ㄨˊ ㄓˊ ㄓㄨㄢˇ ㄕㄥ	0.009999999999999986	24	動漫	phrase.anime.tsv	1499	
無臉男	ㄨˊ ㄌㄧㄢˇ ㄋㄢˊ	0.009999999999999986	15	動漫	phrase.anime.tsv	1500	
無菌充填	ㄨˊ ㄐㄩㄣˋ ㄔㄨㄥ ㄊㄧㄢˊ	1	9	生技藥學	phrase.biotech-pharma.tsv	59	
無菌製程	ㄨˊ ㄐㄩㄣˋ ㄓˋ ㄔㄥˊ	1	10	生技藥學	phrase.biotech-pharma.tsv	60	
無陀野無人	ㄨˊ ㄊㄨㄛˊ ㄧㄝˇ ㄨˊ ㄖㄣˊ	0.009999999999999986	15	動漫	phrase.anime.tsv	1501	
無障礙學習	ㄨˊ ㄓㄤˋ ㄞˋ ㄒㄩㄝˊ ㄒㄧˊ	1	6	教育	phrase.education.tsv	72	
無障礙設計	ㄨˊ ㄓㄤˋ ㄞˋ ㄕㄜˋ ㄐㄧˋ	1	7	建築土木	phrase.civil-engineering.tsv	168	
無頭	ㄨˊ ㄊㄡˊ	0.009999999999999986	22	動漫	phrase.anime.tsv	1502	
無類別	ㄨˊ ㄌㄟˋ ㄅㄧㄝˊ	1	13	網路資安	phrase.network-security.tsv	108	
無風險利率	ㄨˊ ㄈㄥ ㄒㄧㄢˇ ㄌㄧˋ ㄌㄩˋ	1	3	財會金融	phrase.finance.tsv	94	
焦慮依附	ㄐㄧㄠ ㄌㄩˋ ㄧ ㄈㄨˋ	1	10	心理社會	phrase.psychology-society.tsv	49	
焦段	ㄐㄧㄠ ㄉㄨㄢˋ	1	11	媒體設計	phrase.media-design.tsv	64	
焦點團體	ㄐㄧㄠ ㄉㄧㄢˇ ㄊㄨㄢˊ ㄊㄧˇ	1	11	媒體設計	phrase.media-design.tsv	65	
煉獄杏壽郎	ㄌㄧㄢˋ ㄩˋ ㄒㄧㄥˋ ㄕㄡˋ ㄌㄤˊ	0.009999999999999986	12	動漫	phrase.anime.tsv	1503	
煌大和	ㄏㄨㄤˊ ㄉㄚˋ ㄏㄜˊ	0.009999999999999986	22	動漫	phrase.anime.tsv	1504	
照橋心美	ㄓㄠˋ ㄑㄧㄠˊ ㄒㄧㄣ ㄇㄟˇ	0.009999999999999986	15	動漫	phrase.anime.tsv	1505	
熱交換器	ㄖㄜˋ ㄐㄧㄠ ㄏㄨㄢˋ ㄑㄧˋ	1	12	材料化工	phrase.materials-chemistry.tsv	60	
熱傳導	ㄖㄜˋ ㄔㄨㄢˊ ㄉㄠˇ	1	12	科學	phrase.science.tsv	46	
熱分析	ㄖㄜˋ ㄈㄣ ㄒㄧ	1	16	電子電機	phrase.electronics.tsv	139	
熱動	ㄖㄜˋ ㄉㄨㄥˋ	1	12	電子電機	phrase.electronics.tsv	140	
熱固性塑膠	ㄖㄜˋ ㄍㄨˋ ㄒㄧㄥˋ ㄙㄨˋ ㄐㄧㄠ	1	5	材料化工	phrase.materials-chemistry.tsv	61	
熱塑性塑膠	ㄖㄜˋ ㄙㄨˋ ㄒㄧㄥˋ ㄙㄨˋ ㄐㄧㄠ	1	5	材料化工	phrase.materials-chemistry.tsv	62	
熱容量	ㄖㄜˋ ㄖㄨㄥˊ ㄌㄧㄤˋ	1	12	科學	phrase.science.tsv	47	
熱對流	ㄖㄜˋ ㄉㄨㄟˋ ㄌㄧㄡˊ	1	12	科學	phrase.science.tsv	48	
熱性質	ㄖㄜˋ ㄒㄧㄥˋ ㄓˋ	1	14	材料化工	phrase.materials-chemistry.tsv	63	
熱泵	ㄖㄜˋ ㄅㄥˋ	1	12	科學	phrase.science.tsv	49	
熱重分析	ㄖㄜˋ ㄓㄨㄥˋ ㄈㄣ ㄒㄧ	1	13	材料化工	phrase.materials-chemistry.tsv	65	
熱量傳遞	ㄖㄜˋ ㄌㄧㄤˋ ㄔㄨㄢˊ ㄉㄧˋ	1	10	材料化工	phrase.materials-chemistry.tsv	66	
熱電材料	ㄖㄜˋ ㄉㄧㄢˋ ㄘㄞˊ ㄌㄧㄠˋ	1	10	材料化工	phrase.materials-chemistry.tsv	67	
燃堂力	ㄖㄢˊ ㄊㄤˊ ㄌㄧˋ	0.009999999999999986	19	動漫	phrase.anime.tsv	1506	
燃料電池	ㄖㄢˊ ㄌㄧㄠˋ ㄉㄧㄢˋ ㄔˊ	1	10	環境能源	phrase.energy-environment.tsv	82	
燃燒救火隊	ㄖㄢˊ ㄕㄠ ㄐㄧㄡˋ ㄏㄨㄛˇ ㄉㄨㄟˋ	0.009999999999999986	11	動漫	phrase.anime.tsv	1507	
燃燒的眼睛	ㄖㄢˊ ㄕㄠ ㄉㄜ˙ ㄧㄢˇ ㄐㄧㄥ	0.009999999999999986	13	動漫	phrase.anime.tsv	1508	
燒結	ㄕㄠ ㄐㄧㄝˊ	1	11	製造機械	phrase.manufacturing.tsv	86	
燒鹽檸檬	ㄕㄠ ㄧㄢˊ ㄋㄧㄥˊ ㄇㄥˊ	0.009999999999999986	15	動漫	phrase.anime.tsv	1509	
營收成長率	ㄧㄥˊ ㄕㄡ ㄔㄥˊ ㄓㄤˇ ㄌㄩˋ	1	4	商業	phrase.business.tsv	122	
營收達成率	ㄧㄥˊ ㄕㄡ ㄉㄚˊ ㄔㄥˊ ㄌㄩˋ	1	4	商業	phrase.business.tsv	123	
營業利益	ㄧㄥˊ ㄧㄝˋ ㄌㄧˋ ㄧˋ	1	10	商業	phrase.business.tsv	124	
營業利益率	ㄧㄥˊ ㄧㄝˋ ㄌㄧˋ ㄧˋ ㄌㄩˋ	1	4	財會金融	phrase.finance.tsv	96	
營業收入	ㄧㄥˊ ㄧㄝˋ ㄕㄡ ㄖㄨˋ	1	11	財會金融	phrase.finance.tsv	97	
營業槓桿	ㄧㄥˊ ㄧㄝˋ ㄍㄤˋ ㄍㄢˇ	1	11	財會金融	phrase.finance.tsv	98	
營運現金流	ㄧㄥˊ ㄩㄣˋ ㄒㄧㄢˋ ㄐㄧㄣ ㄌㄧㄡˊ	1	4	財會金融	phrase.finance.tsv	99	
營運管理	ㄧㄥˊ ㄩㄣˋ ㄍㄨㄢˇ ㄌㄧˇ	1	14	交通物流	phrase.transport-logistics.tsv	66	
營運資金	ㄧㄥˊ ㄩㄣˋ ㄗ ㄐㄧㄣ	1	11	財會金融	phrase.finance.tsv	100	
燻製	ㄒㄩㄣ ㄓˋ	1	11	農業食品	phrase.agriculture-food.tsv	31	
爆裂魔法	ㄅㄠˋ ㄌㄧㄝˋ ㄇㄛˊ ㄈㄚˇ	0.009999999999999986	15	動漫	phrase.anime.tsv	1510	
爆豪勝己	ㄅㄠˋ ㄏㄠˊ ㄕㄥˋ ㄐㄧˇ	0.009999999999999986	21	動漫	phrase.anime.tsv	1511	
爽子	ㄕㄨㄤˇ ㄗ˙	0.009999999999999986	13	動漫	phrase.anime.tsv	1512	
爾梅	ㄦˇ ㄇㄟˊ	0.009999999999999986	20	動漫	phrase.anime.tsv	1513	
爾薩特	ㄦˇ ㄙㄚˋ ㄊㄜˋ	0.009999999999999986	13	動漫	phrase.anime.tsv	1514	
片居誠	ㄆㄧㄢˋ ㄐㄩ ㄔㄥˊ	0.009999999999999986	12	動漫	phrase.anime.tsv	1515	
版本控制	ㄅㄢˇ ㄅㄣˇ ㄎㄨㄥˋ ㄓˋ	1	9	一般	phrase.general.tsv	88	
版本控管	ㄅㄢˇ ㄅㄣˇ ㄎㄨㄥˋ ㄍㄨㄢˇ	1	23	軟體科學	phrase.software.tsv	70	
版面設計	ㄅㄢˇ ㄇㄧㄢˋ ㄕㄜˋ ㄐㄧˋ	1	12	媒體設計	phrase.media-design.tsv	66	
牛込里美	ㄋㄧㄡˊ ㄖㄨˋ ㄌㄧˇ ㄇㄟˇ	0.009999999999999986	15	動漫	phrase.anime.tsv	1516	
牛頓力學	ㄋㄧㄡˊ ㄉㄨㄣˋ ㄌㄧˋ ㄒㄩㄝˊ	1	10	科學	phrase.science.tsv	50	
牧之原翔子	ㄇㄨˋ ㄓ ㄩㄢˊ ㄒㄧㄤˊ ㄗ˙	0.009999999999999986	10	動漫	phrase.anime.tsv	1517	
牧村美樹	ㄇㄨˋ ㄘㄨㄣ ㄇㄟˇ ㄕㄨˋ	0.009999999999999986	14	動漫	phrase.anime.tsv	1518	
牧村美樹男	ㄇㄨˋ ㄘㄨㄣ ㄇㄟˇ ㄕㄨˋ ㄋㄢˊ	0.009999999999999986	12	動漫	phrase.anime.tsv	1519	
牧真人	ㄇㄨˋ ㄓㄣ ㄖㄣˊ	0.009999999999999986	20	動漫	phrase.anime.tsv	1520	
牧野神奈	ㄇㄨˋ ㄧㄝˇ ㄕㄣˊ ㄋㄞˋ	0.009999999999999986	12	動漫	phrase.anime.tsv	1521	
物件儲存	ㄨˋ ㄐㄧㄢˋ ㄔㄨˊ ㄘㄨㄣˊ	1	8	軟體科學	phrase.software.tsv	71	
物權行為	ㄨˋ ㄑㄩㄢˊ ㄒㄧㄥˊ ㄨㄟˊ	1	13	法律	phrase.law.tsv	121	
物權請求權	ㄨˋ ㄑㄩㄢˊ ㄑㄧㄥˇ ㄑㄧㄡˊ ㄑㄩㄢˊ	1	6	法律	phrase.law.tsv	122	
物流中心	ㄨˋ ㄌㄧㄡˊ ㄓㄨㄥ ㄒㄧㄣ	1	13	交通物流	phrase.transport-logistics.tsv	68	
物流管理	ㄨˋ ㄌㄧㄡˊ ㄍㄨㄢˇ ㄌㄧˇ	1	12	交通物流	phrase.transport-logistics.tsv	69	
物種形成	ㄨˋ ㄓㄨㄥˇ ㄒㄧㄥˊ ㄔㄥˊ	1	11	科學	phrase.science.tsv	51	
物語系列	ㄨˋ ㄩˇ ㄒㄧˋ ㄌㄧㄝˋ	0.009999999999999986	23	動漫	phrase.anime.tsv	1522	
特南克斯	ㄊㄜˋ ㄋㄢˊ ㄎㄜˋ ㄙ	0.009999999999999986	10	動漫	phrase.anime.tsv	1523	
特殊相對論	ㄊㄜˋ ㄕㄨ ㄒㄧㄤ ㄉㄨㄟˋ ㄌㄨㄣˋ	1	4	科學	phrase.science.tsv	52	
特洛瓦巴頓	ㄊㄜˋ ㄌㄨㄛˋ ㄨㄚˇ ㄅㄚ ㄉㄨㄣˋ	0.009999999999999986	14	動漫	phrase.anime.tsv	1524	
特洛耶特	ㄊㄜˋ ㄌㄨㄛˋ ㄧㄝ ㄊㄜˋ	0.009999999999999986	15	動漫	phrase.anime.tsv	1525	
特留分	ㄊㄜˋ ㄌㄧㄡˊ ㄈㄣ	1	12	法律	phrase.law.tsv	123	
特發性	ㄊㄜˋ ㄈㄚ ㄒㄧㄥˋ	1	12	醫學	phrase.medicine.tsv	142	
特級廚師	ㄊㄜˋ ㄐㄧˊ ㄔㄨˊ ㄕ	0.009999999999999986	13	動漫	phrase.anime.tsv	1526	
特萊希	ㄊㄜˋ ㄌㄞˊ ㄒㄧ	0.009999999999999986	14	動漫	phrase.anime.tsv	1527	
犬夜叉	ㄑㄩㄢˇ ㄧㄝˋ ㄔㄚ	0.009999999999999986	25	動漫	phrase.anime.tsv	1528	
犬山葵	ㄑㄩㄢˇ ㄕㄢ ㄎㄨㄟˊ	0.009999999999999986	15	動漫	phrase.anime.tsv	1529	
犯罪係數	ㄈㄢˋ ㄗㄨㄟˋ ㄒㄧˋ ㄕㄨˋ	0.009999999999999986	14	動漫	phrase.anime.tsv	1530	
犯罪卿	ㄈㄢˋ ㄗㄨㄟˋ ㄑㄧㄥ	0.009999999999999986	13	動漫	phrase.anime.tsv	1531	
狀態回授	ㄓㄨㄤˋ ㄊㄞˋ ㄏㄨㄟˊ ㄕㄡˋ	1	11	電子電機	phrase.electronics.tsv	141	
狀態空間	ㄓㄨㄤˋ ㄊㄞˋ ㄎㄨㄥ ㄐㄧㄢ	1	11	電子電機	phrase.electronics.tsv	142	
狀語	ㄓㄨㄤˋ ㄩˇ	0.009999999999999986	12	中文	phrase.chinese.tsv	95	
狂賭之淵	ㄎㄨㄤˊ ㄉㄨˇ ㄓ ㄩㄢ	0.009999999999999986	23	動漫	phrase.anime.tsv	1532	
狡嚙慎也	ㄐㄧㄠˇ ㄋㄧㄝˋ ㄕㄣˋ ㄧㄝˇ	0.009999999999999986	19	動漫	phrase.anime.tsv	1533	
狩房淡幽	ㄕㄡˋ ㄈㄤˊ ㄉㄢˋ ㄧㄡ	0.009999999999999986	15	動漫	phrase.anime.tsv	1534	
狼少女	ㄌㄤˊ ㄕㄠˋ ㄋㄩˇ	0.009999999999999986	19	動漫	phrase.anime.tsv	1535	
狼的孩子	ㄌㄤˊ ㄉㄜ˙ ㄏㄞˊ ㄗ˙	0.009999999999999986	12	動漫	phrase.anime.tsv	1536	
狼與辛香料	ㄌㄤˊ ㄩˇ ㄒㄧㄣ ㄒㄧㄤ ㄌㄧㄠˋ	0.009999999999999986	23	動漫	phrase.anime.tsv	1537	
狼谷隼	ㄌㄤˊ ㄍㄨˇ ㄓㄨㄣˇ	0.009999999999999986	13	動漫	phrase.anime.tsv	1538	
狼谷鷹	ㄌㄤˊ ㄍㄨˇ ㄧㄥ	0.009999999999999986	11	動漫	phrase.anime.tsv	1539	
獄寺隼人	ㄩˋ ㄙˋ ㄓㄨㄣˇ ㄖㄣˊ	0.009999999999999986	15	動漫	phrase.anime.tsv	1540	
獅堂光	ㄕ ㄊㄤˊ ㄍㄨㄤ	0.009999999999999986	17	動漫	phrase.anime.tsv	1541	
獅子王司	ㄕ ㄗ˙ ㄨㄤˊ ㄙ	0.009999999999999986	11	動漫	phrase.anime.tsv	1542	
獨語	ㄉㄨˊ ㄩˇ	0.009999999999999986	24	動漫	phrase.anime.tsv	1543	
獲利指數	ㄏㄨㄛˋ ㄌㄧˋ ㄓˇ ㄕㄨˋ	1	11	財會金融	phrase.finance.tsv	101	
獻出心臟	ㄒㄧㄢˋ ㄔㄨ ㄒㄧㄣ ㄗㄤˋ	0.009999999999999986	16	動漫	phrase.anime.tsv	1546	
玉子市場	ㄩˋ ㄗ˙ ㄕˋ ㄔㄤˇ	0.009999999999999986	20	動漫	phrase.anime.tsv	1547	
玉木真理	ㄩˋ ㄇㄨˋ ㄓㄣ ㄌㄧˇ	0.009999999999999986	20	動漫	phrase.anime.tsv	1548	
玉葉妃	ㄩˋ ㄧㄝˋ ㄈㄟ	0.009999999999999986	15	動漫	phrase.anime.tsv	1549	
玉藻京介	ㄩˋ ㄗㄠˇ ㄐㄧㄥ ㄐㄧㄝˋ	0.009999999999999986	11	動漫	phrase.anime.tsv	1550	
王安石變法	ㄨㄤˊ ㄢ ㄕˊ ㄅㄧㄢˋ ㄈㄚˇ	1	2	歷史	phrase.history.tsv	113	
王宮藥劑師	ㄨㄤˊ ㄍㄨㄥ ㄧㄠˋ ㄐㄧˋ ㄕ	0.009999999999999986	12	動漫	phrase.anime.tsv	1551	
王權者	ㄨㄤˊ ㄑㄩㄢˊ ㄓㄜˇ	0.009999999999999986	11	動漫	phrase.anime.tsv	1552	
王者天下	ㄨㄤˊ ㄓㄜˇ ㄊㄧㄢ ㄒㄧㄚˋ	0.009999999999999986	23	動漫	phrase.anime.tsv	1554	
王騎	ㄨㄤˊ ㄑㄧˊ	0.009999999999999986	12	動漫	phrase.anime.tsv	1555	
玖蘭樞	ㄐㄧㄡˇ ㄌㄢˊ ㄕㄨ	0.009999999999999986	14	動漫	phrase.anime.tsv	1556	
玻璃熱性質	ㄅㄛ ㄌㄧˊ ㄖㄜˋ ㄒㄧㄥˋ ㄓˋ	1	4	材料化工	phrase.materials-chemistry.tsv	70	
玻璃熱處理	ㄅㄛ ㄌㄧˊ ㄖㄜˋ ㄔㄨˇ ㄌㄧˇ	1	4	材料化工	phrase.materials-chemistry.tsv	71	
珊璞	ㄕㄢ ㄆㄨˊ	0.009999999999999986	15	動漫	phrase.anime.tsv	1558	
珞緹	ㄌㄨㄛˋ ㄊㄧˊ	0.009999999999999986	12	動漫	phrase.anime.tsv	1559	
班諾	ㄅㄢ ㄋㄨㄛˋ	0.009999999999999986	11	動漫	phrase.anime.tsv	1560	
現代漢語	ㄒㄧㄢˋ ㄉㄞˋ ㄏㄢˋ ㄩˇ	1	12	中文	phrase.chinese.tsv	96	
現地	ㄒㄧㄢˋ ㄉㄜ˙	0.009999999999999986	13	建築土木	phrase.civil-engineering.tsv	169	
現金基礎	ㄒㄧㄢˋ ㄐㄧㄣ ㄐㄧ ㄔㄨˇ	1	11	財會金融	phrase.finance.tsv	103	
現金比率	ㄒㄧㄢˋ ㄐㄧㄣ ㄅㄧˇ ㄌㄩˋ	1	11	財會金融	phrase.finance.tsv	104	
現金流	ㄒㄧㄢˋ ㄐㄧㄣ ㄌㄧㄡˊ	1	16	商業	phrase.business.tsv	126	
現金流分析	ㄒㄧㄢˋ ㄐㄧㄣ ㄌㄧㄡˊ ㄈㄣ ㄒㄧ	1	5	商業	phrase.business.tsv	127	
現金流目標	ㄒㄧㄢˋ ㄐㄧㄣ ㄌㄧㄡˊ ㄇㄨˋ ㄅㄧㄠ	1	4	商業	phrase.business.tsv	128	
現金流趨勢	ㄒㄧㄢˋ ㄐㄧㄣ ㄌㄧㄡˊ ㄑㄩ ㄕˋ	1	4	商業	phrase.business.tsv	129	
現金流量表	ㄒㄧㄢˋ ㄐㄧㄣ ㄌㄧㄡˊ ㄌㄧㄤˊ ㄅㄧㄠˇ	1	4	財會金融	phrase.finance.tsv	106	
現金流預測	ㄒㄧㄢˋ ㄐㄧㄣ ㄌㄧㄡˊ ㄩˋ ㄘㄜˋ	1	4	商業	phrase.business.tsv	130	
理番政策	ㄌㄧˇ ㄈㄢ ㄓㄥˋ ㄘㄜˋ	1	13	歷史	phrase.history.tsv	114	
理莎	ㄌㄧˇ ㄕㄚ	0.009999999999999986	17	動漫	phrase.anime.tsv	1561	
理蕃政策	ㄌㄧˇ ㄅㄛ ㄓㄥˋ ㄘㄜˋ	1	13	歷史	phrase.history.tsv	115	
琉璃昂	ㄌㄧㄡˊ ㄌㄧˊ ㄤˊ	0.009999999999999986	12	動漫	phrase.anime.tsv	1562	
琦薇	ㄑㄧˊ ㄨㄟˊ	0.009999999999999986	13	動漫	phrase.anime.tsv	1564	
琪歌露	ㄑㄧˊ ㄍㄜ ㄌㄨˋ	0.009999999999999986	14	動漫	phrase.anime.tsv	1565	
琪琪	ㄑㄧˊ ㄑㄧˊ	0.009999999999999986	23	動漫	phrase.anime.tsv	1566	
琴吹紬	ㄑㄧㄣˊ ㄔㄨㄟ ㄔㄡˊ	0.009999999999999986	15	動漫	phrase.anime.tsv	1567	
瑞希	ㄖㄨㄟˋ ㄒㄧ	0.009999999999999986	15	動漫	phrase.anime.tsv	1568	
瑟琳塔	ㄙㄜˋ ㄌㄧㄣˊ ㄊㄚˇ	0.009999999999999986	10	動漫	phrase.anime.tsv	1569	
瑪修	ㄇㄚˇ ㄒㄧㄡ	0.009999999999999986	20	動漫	phrase.anime.tsv	1570	
瑪琳	ㄇㄚˇ ㄌㄧㄣˊ	0.009999999999999986	9	動漫	phrase.anime.tsv	1572	
瑪茵	ㄇㄚˇ ㄧㄣ	0.009999999999999986	14	動漫	phrase.anime.tsv	1573	
瑪荷	ㄇㄚˇ ㄏㄜˊ	0.009999999999999986	10	動漫	phrase.anime.tsv	1574	
瑪莉亞	ㄇㄚˇ ㄌㄧˋ ㄧㄚˇ	0.009999999999999986	15	動漫	phrase.anime.tsv	1575	
瑪莉妲	ㄇㄚˇ ㄌㄧˋ ㄉㄚˊ	0.009999999999999986	11	動漫	phrase.anime.tsv	1576	
瑪贊塔	ㄇㄚˇ ㄗㄢˋ ㄊㄚˇ	0.009999999999999986	15	動漫	phrase.anime.tsv	1577	
環古達	ㄏㄨㄢˊ ㄍㄨˇ ㄉㄚˊ	0.009999999999999986	12	動漫	phrase.anime.tsv	1578	
環境史	ㄏㄨㄢˊ ㄐㄧㄥˋ ㄕˇ	1	12	歷史	phrase.history.tsv	116	
環境噪音	ㄏㄨㄢˊ ㄐㄧㄥˋ ㄗㄠˋ ㄧㄣ	1	15	環境能源	phrase.energy-environment.tsv	84	
環境工程	ㄏㄨㄢˊ ㄐㄧㄥˋ ㄍㄨㄥ ㄔㄥˊ	1	13	環境能源	phrase.energy-environment.tsv	85	
環境監測	ㄏㄨㄢˊ ㄐㄧㄥˋ ㄐㄧㄢ ㄘㄜˋ	1	13	環境能源	phrase.energy-environment.tsv	86	
環境管理	ㄏㄨㄢˊ ㄐㄧㄥˋ ㄍㄨㄢˇ ㄌㄧˇ	1	13	環境能源	phrase.energy-environment.tsv	87	
瓣膜性	ㄅㄢˋ ㄇㄛˊ ㄒㄧㄥˋ	1	10	醫學	phrase.medicine.tsv	146	
瓶頸分析	ㄆㄧㄥˊ ㄐㄧㄥˇ ㄈㄣ ㄒㄧ	1	18	工業工程	phrase.industrial-engineering.tsv	78	
甘佐	ㄍㄢ ㄗㄨㄛˇ	0.009999999999999986	11	動漫	phrase.anime.tsv	1580	
甜味劑	ㄊㄧㄢˊ ㄨㄟˋ ㄐㄧˋ	1	13	農業食品	phrase.agriculture-food.tsv	32	
生命週期	ㄕㄥ ㄇㄧㄥˋ ㄓㄡ ㄑㄧˊ	1	13	商業	phrase.business.tsv	132	
生存權	ㄕㄥ ㄘㄨㄣˊ ㄑㄩㄢˊ	1	11	法律	phrase.law.tsv	126	
生志摩妄	ㄕㄥ ㄓˋ ㄇㄛˊ ㄨㄤˋ	0.009999999999999986	12	動漫	phrase.anime.tsv	1581	
生成式	ㄕㄥ ㄔㄥˊ ㄕˋ	1	27	一般	phrase.general.tsv	90	
生成模型	ㄕㄥ ㄔㄥˊ ㄇㄛˊ ㄒㄧㄥˊ	1	14	AI資料科學	phrase.ai-data-science.tsv	116	
生成樹協定	ㄕㄥ ㄔㄥˊ ㄕㄨˋ ㄒㄧㄝˊ ㄉㄧㄥˋ	1	3	網路資安	phrase.network-security.tsv	110	
生殖系統	ㄕㄥ ㄓˊ ㄒㄧˋ ㄊㄨㄥˇ	1	12	醫學	phrase.medicine.tsv	147	
生活圈規劃	ㄕㄥ ㄏㄨㄛˊ ㄑㄩㄢ ㄍㄨㄟ ㄏㄨㄚˋ	1	4	建築土木	phrase.civil-engineering.tsv	170	
生物膜法	ㄕㄥ ㄨˋ ㄇㄛˋ ㄈㄚˇ	1	12	環境能源	phrase.energy-environment.tsv	89	
生理心理學	ㄕㄥ ㄌㄧˇ ㄒㄧㄣ ㄌㄧˇ ㄒㄩㄝˊ	1	4	心理社會	phrase.psychology-society.tsv	50	
生產力指標	ㄕㄥ ㄔㄢˇ ㄌㄧˋ ㄓˇ ㄅㄧㄠ	1	4	商業	phrase.business.tsv	133	
生產排程	ㄕㄥ ㄔㄢˇ ㄆㄞˊ ㄔㄥˊ	1	12	製造機械	phrase.manufacturing.tsv	89	
生產管理	ㄕㄥ ㄔㄢˇ ㄍㄨㄢˇ ㄌㄧˇ	1	13	製造機械	phrase.manufacturing.tsv	91	
生醫材料	ㄕㄥ ㄧ ㄘㄞˊ ㄌㄧㄠˋ	1	13	材料化工	phrase.materials-chemistry.tsv	72	
生體可用率	ㄕㄥ ㄊㄧˇ ㄎㄜˇ ㄩㄥˋ ㄌㄩˋ	1	6	生技藥學	phrase.biotech-pharma.tsv	61	
產品碳足跡	ㄔㄢˇ ㄆㄧㄣˇ ㄊㄢˋ ㄗㄨˊ ㄐㄧ	1	5	環境能源	phrase.energy-environment.tsv	90	
產品設計	ㄔㄢˇ ㄆㄧㄣˇ ㄕㄜˋ ㄐㄧˋ	1	13	媒體設計	phrase.media-design.tsv	67	
產品追蹤	ㄔㄢˇ ㄆㄧㄣˇ ㄓㄨㄟ ㄗㄨㄥ	1	10	農業食品	phrase.agriculture-food.tsv	33	
產業集中度	ㄔㄢˇ ㄧㄝˋ ㄐㄧˊ ㄓㄨㄥ ㄉㄨˋ	1	5	商業	phrase.business.tsv	136	
產能分析	ㄔㄢˇ ㄋㄥˊ ㄈㄣ ㄒㄧ	1	18	工業工程	phrase.industrial-engineering.tsv	81	
產能利用率	ㄔㄢˇ ㄋㄥˊ ㄌㄧˋ ㄩㄥˋ ㄌㄩˋ	1	3	工業工程	phrase.industrial-engineering.tsv	82	
用典	ㄩㄥˋ ㄉㄧㄢˇ	1	13	中文	phrase.chinese.tsv	97	
田中吉竹	ㄊㄧㄢˊ ㄓㄨㄥ ㄐㄧˊ ㄓㄨˊ	0.009999999999999986	15	動漫	phrase.anime.tsv	1583	
田井中律	ㄊㄧㄢˊ ㄐㄧㄥˇ ㄓㄨㄥ ㄌㄩˋ	0.009999999999999986	17	動漫	phrase.anime.tsv	1584	
田宮良子	ㄊㄧㄢˊ ㄍㄨㄥ ㄌㄧㄤˊ ㄗ˙	0.009999999999999986	14	動漫	phrase.anime.tsv	1585	
田島悠一郎	ㄊㄧㄢˊ ㄉㄠˇ ㄧㄡ ㄧ ㄌㄤˊ	0.009999999999999986	11	動漫	phrase.anime.tsv	1586	
田所惠	ㄊㄧㄢˊ ㄙㄨㄛˇ ㄏㄨㄟˋ	0.009999999999999986	16	動漫	phrase.anime.tsv	1587	
田沼要	ㄊㄧㄢˊ ㄓㄠˇ ㄧㄠˋ	0.009999999999999986	15	動漫	phrase.anime.tsv	1588	
田畑秀則	ㄊㄧㄢˊ ㄊㄧㄢˊ ㄒㄧㄡˋ ㄗㄜˊ	0.009999999999999986	17	動漫	phrase.anime.tsv	1589	
由比濱結衣	ㄧㄡˊ ㄅㄧˇ ㄅㄧㄣ ㄐㄧㄝˊ ㄧ	0.009999999999999986	15	動漫	phrase.anime.tsv	1590	
甲狀腺結節	ㄐㄧㄚˇ ㄓㄨㄤˋ ㄒㄧㄢˋ ㄐㄧㄝˊ ㄐㄧㄝˊ	1	3	醫學	phrase.medicine.tsv	151	
申請案件	ㄕㄣ ㄑㄧㄥˇ ㄢˋ ㄐㄧㄢˋ	1	16	公務員公文	phrase.government.tsv	51	
男公關部	ㄋㄢˊ ㄍㄨㄥ ㄍㄨㄢ ㄅㄨˋ	0.009999999999999986	24	動漫	phrase.anime.tsv	1591	
男子高中生	ㄋㄢˊ ㄗˇ ㄍㄠ ㄓㄨㄥ ㄕㄥ	0.009999999999999986	13	動漫	phrase.anime.tsv	1593	
界塚伊奈帆	ㄐㄧㄝˋ ㄓㄨㄥˇ ㄧ ㄋㄞˋ ㄈㄢˊ	0.009999999999999986	17	動漫	phrase.anime.tsv	1594	
留存率	ㄌㄧㄡˊ ㄘㄨㄣˊ ㄌㄩˋ	1	16	商業	phrase.business.tsv	137	
留存率分析	ㄌㄧㄡˊ ㄘㄨㄣˊ ㄌㄩˋ ㄈㄣ ㄒㄧ	1	5	商業	phrase.business.tsv	138	
留存率目標	ㄌㄧㄡˊ ㄘㄨㄣˊ ㄌㄩˋ ㄇㄨˋ ㄅㄧㄠ	1	4	商業	phrase.business.tsv	139	
留存率趨勢	ㄌㄧㄡˊ ㄘㄨㄣˊ ㄌㄩˋ ㄑㄩ ㄕˋ	1	4	商業	phrase.business.tsv	140	
留存率預測	ㄌㄧㄡˊ ㄘㄨㄣˊ ㄌㄩˋ ㄩˋ ㄘㄜˋ	1	4	商業	phrase.business.tsv	141	
畫眉丸	ㄏㄨㄚˋ ㄇㄟˊ ㄨㄢˊ	0.009999999999999986	19	動漫	phrase.anime.tsv	1595	
異世界	ㄧˋ ㄕˋ ㄐㄧㄝˋ	0.009999999999999986	23	動漫	phrase.anime.tsv	1596	
異世界之旅	ㄧˋ ㄕˋ ㄐㄧㄝˋ ㄓ ㄌㄩˇ	0.009999999999999986	11	動漫	phrase.anime.tsv	1597	
異世界藥局	ㄧˋ ㄕˋ ㄐㄧㄝˋ ㄧㄠˋ ㄐㄩˊ	0.009999999999999986	18	動漫	phrase.anime.tsv	1598	
異世界食堂	ㄧˋ ㄕˋ ㄐㄧㄝˋ ㄕˊ ㄊㄤˊ	0.009999999999999986	18	動漫	phrase.anime.tsv	1599	
異位性	ㄧˋ ㄨㄟˋ ㄒㄧㄥˋ	1	10	醫學	phrase.medicine.tsv	152	
異位症	ㄧˋ ㄨㄟˋ ㄓㄥˋ	1	10	醫學	phrase.medicine.tsv	153	
異修羅	ㄧˋ ㄒㄧㄡ ㄌㄨㄛˊ	0.009999999999999986	16	動漫	phrase.anime.tsv	1600	
異常分析	ㄧˋ ㄔㄤˊ ㄈㄣ ㄒㄧ	1	21	晶片半導體	phrase.semiconductor.tsv	110	
異聞錄	ㄧˋ ㄨㄣˊ ㄌㄨˋ	0.009999999999999986	22	動漫	phrase.anime.tsv	1601	
當事人適格	ㄉㄤ ㄕˋ ㄖㄣˊ ㄕˋ ㄍㄜˊ	1	4	法律	phrase.law.tsv	127	
疊加態	ㄉㄧㄝˊ ㄐㄧㄚ ㄊㄞˋ	1	11	科學	phrase.science.tsv	53	
疊韻詞	ㄉㄧㄝˊ ㄩㄣˋ ㄘˊ	1	10	中文	phrase.chinese.tsv	98	
疏果	ㄕㄨ ㄍㄨㄛˇ	0.009999999999999986	10	農業食品	phrase.agriculture-food.tsv	34	
疏花	ㄕㄨ ㄏㄨㄚ	1	8	農業食品	phrase.agriculture-food.tsv	35	
疲勞測試	ㄆㄧˊ ㄌㄠˊ ㄘㄜˋ ㄕˋ	1	16	材料化工	phrase.materials-chemistry.tsv	73	
疲勞裂紋	ㄆㄧˊ ㄌㄠˊ ㄌㄧㄝˋ ㄨㄣˊ	1	10	製造機械	phrase.manufacturing.tsv	93	
疲勞試驗	ㄆㄧˊ ㄌㄠˊ ㄕˋ ㄧㄢˋ	1	10	材料化工	phrase.materials-chemistry.tsv	74	
疾病篩檢	ㄐㄧˊ ㄅㄧㄥˋ ㄕㄞ ㄐㄧㄢˇ	1	12	醫學	phrase.medicine.tsv	156	
病毒載體	ㄅㄧㄥˋ ㄉㄨˊ ㄗㄞˇ ㄊㄧˇ	1	11	生技藥學	phrase.biotech-pharma.tsv	62	
登入系統	ㄉㄥ ㄖㄨˋ ㄒㄧˋ ㄊㄨㄥˇ	1	14	軟體科學	phrase.software.tsv	72	
登塔	ㄉㄥ ㄊㄚˇ	0.009999999999999986	13	動漫	phrase.anime.tsv	1604	
白井黑子	ㄅㄞˊ ㄐㄧㄥˇ ㄏㄟ ㄗˇ	0.009999999999999986	19	動漫	phrase.anime.tsv	1605	
白咲花	ㄅㄞˊ ㄒㄧㄠˋ ㄏㄨㄚ	0.009999999999999986	15	動漫	phrase.anime.tsv	1606	
白崎香織	ㄅㄞˊ ㄑㄧˊ ㄒㄧㄤ ㄓ	0.009999999999999986	11	動漫	phrase.anime.tsv	1607	
白川	ㄅㄞˊ ㄔㄨㄢ	0.009999999999999986	18	動漫	phrase.anime.tsv	1608	
白澤	ㄅㄞˊ ㄗㄜˊ	0.009999999999999986	14	動漫	phrase.anime.tsv	1609	
白石由竹	ㄅㄞˊ ㄕˊ ㄧㄡˊ ㄓㄨˊ	0.009999999999999986	16	動漫	phrase.anime.tsv	1610	
白石純太	ㄅㄞˊ ㄕˊ ㄔㄨㄣˊ ㄊㄞˋ	0.009999999999999986	17	動漫	phrase.anime.tsv	1611	
白石結月	ㄅㄞˊ ㄕˊ ㄐㄧㄝˊ ㄩㄝˋ	0.009999999999999986	13	動漫	phrase.anime.tsv	1612	
白石誠太	ㄅㄞˊ ㄕˊ ㄔㄥˊ ㄊㄞˋ	0.009999999999999986	11	動漫	phrase.anime.tsv	1613	
白箱	ㄅㄞˊ ㄒㄧㄤ	0.009999999999999986	21	動漫	phrase.anime.tsv	1614	
白蓮教起義	ㄅㄞˊ ㄌㄧㄢˊ ㄐㄧㄠˋ ㄑㄧˇ ㄧˋ	1	2	歷史	phrase.history.tsv	117	
白蛋白數值	ㄅㄞˊ ㄉㄢˋ ㄅㄞˊ ㄕㄨˋ ㄓˊ	1	3	醫學	phrase.medicine.tsv	162	
白蛋白檢驗	ㄅㄞˊ ㄉㄢˋ ㄅㄞˊ ㄐㄧㄢˇ ㄧㄢˋ	1	4	醫學	phrase.medicine.tsv	163	
白銀御行	ㄅㄞˊ ㄧㄣˊ ㄩˋ ㄒㄧㄥˊ	0.009999999999999986	18	動漫	phrase.anime.tsv	1616	
白鳥愛羅	ㄅㄞˊ ㄋㄧㄠˇ ㄞˋ ㄌㄨㄛˊ	0.009999999999999986	14	動漫	phrase.anime.tsv	1618	
白龍	ㄅㄞˊ ㄌㄨㄥˊ	0.009999999999999986	22	動漫	phrase.anime.tsv	1619	
百鬼夜行抄	ㄅㄞˇ ㄍㄨㄟˇ ㄧㄝˋ ㄒㄧㄥˊ ㄔㄠ	0.009999999999999986	19	動漫	phrase.anime.tsv	1622	
皇后崎迅	ㄏㄨㄤˊ ㄏㄡˋ ㄑㄧˊ ㄒㄩㄣˋ	0.009999999999999986	13	動漫	phrase.anime.tsv	1623	
皇民化運動	ㄏㄨㄤˊ ㄇㄧㄣˊ ㄏㄨㄚˋ ㄩㄣˋ ㄉㄨㄥˋ	1	3	歷史	phrase.history.tsv	118	
皮克敏	ㄆㄧˊ ㄎㄜˋ ㄇㄧㄣˇ	1	12	一般	phrase.general.tsv	93	
監獄學園	ㄐㄧㄢ ㄩˋ ㄒㄩㄝˊ ㄩㄢˊ	0.009999999999999986	20	動漫	phrase.anime.tsv	1625	
監督式	ㄐㄧㄢ ㄉㄨ ㄕˋ	1	14	AI資料科學	phrase.ai-data-science.tsv	118	
監督式學習	ㄐㄧㄢ ㄉㄨ ㄕˋ ㄒㄩㄝˊ ㄒㄧˊ	1	4	AI資料科學	phrase.ai-data-science.tsv	119	
監督式微調	ㄐㄧㄢ ㄉㄨ ㄕˋ ㄨㄟˊ ㄉㄧㄠˋ	1	4	AI資料科學	phrase.ai-data-science.tsv	120	
盧各圖哈德	ㄌㄨˊ ㄍㄜˋ ㄊㄨˊ ㄏㄚ ㄉㄜˊ	0.009999999999999986	15	動漫	phrase.anime.tsv	1626	
目的複句	ㄇㄨˋ ㄉㄧˋ ㄈㄨˋ ㄐㄩˋ	1	12	中文	phrase.chinese.tsv	100	
直井文人	ㄓˊ ㄐㄧㄥˇ ㄨㄣˊ ㄖㄣˊ	0.009999999999999986	12	動漫	phrase.anime.tsv	1628	
直哉	ㄓˊ ㄗㄞ	0.009999999999999986	12	動漫	phrase.anime.tsv	1629	
直接人工	ㄓˊ ㄐㄧㄝ ㄖㄣˊ ㄍㄨㄥ	1	12	財會金融	phrase.finance.tsv	108	
直接成本	ㄓˊ ㄐㄧㄝ ㄔㄥˊ ㄅㄣˇ	1	12	財會金融	phrase.finance.tsv	109	
直接材料	ㄓˊ ㄐㄧㄝ ㄘㄞˊ ㄌㄧㄠˋ	1	12	財會金融	phrase.finance.tsv	110	
直接膽紅素	ㄓˊ ㄐㄧㄝ ㄉㄢˇ ㄏㄨㄥˊ ㄙㄨˋ	1	8	醫學	phrase.medicine.tsv	166	
直枝理樹	ㄓˊ ㄓ ㄌㄧˇ ㄕㄨˋ	0.009999999999999986	18	動漫	phrase.anime.tsv	1630	
直樹美紀	ㄓˊ ㄕㄨˋ ㄇㄟˇ ㄐㄧˋ	0.009999999999999986	12	動漫	phrase.anime.tsv	1631	
直死之魔眼	ㄓˊ ㄙˇ ㄓ ㄇㄛˊ ㄧㄢˇ	0.009999999999999986	13	動漫	phrase.anime.tsv	1632	
直流轉換器	ㄓˊ ㄌㄧㄡˊ ㄓㄨㄢˇ ㄏㄨㄢˋ ㄑㄧˋ	1	3	電子電機	phrase.electronics.tsv	145	
直流馬達	ㄓˊ ㄌㄧㄡˊ ㄇㄚˇ ㄉㄚˊ	1	14	電子電機	phrase.electronics.tsv	146	
直繼	ㄓˊ ㄐㄧˋ	0.009999999999999986	15	動漫	phrase.anime.tsv	1633	
相位裕度	ㄒㄧㄤˋ ㄨㄟˋ ㄩˋ ㄉㄨˋ	1	11	電子電機	phrase.electronics.tsv	147	
相位設計	ㄒㄧㄤˋ ㄨㄟˋ ㄕㄜˋ ㄐㄧˋ	1	12	交通物流	phrase.transport-logistics.tsv	70	
相位鍵移	ㄒㄧㄤˋ ㄨㄟˋ ㄐㄧㄢˋ ㄧˊ	1	10	電子電機	phrase.electronics.tsv	148	
相位雜訊	ㄒㄧㄤˋ ㄨㄟˋ ㄗㄚˊ ㄒㄩㄣˋ	1	9	電子電機	phrase.electronics.tsv	149	
相信你	ㄒㄧㄤ ㄒㄧㄣˋ ㄋㄧˇ	0.009999999999999986	13	動漫	phrase.anime.tsv	1635	
相樂左之助	ㄒㄧㄤ ㄌㄜˋ ㄗㄨㄛˇ ㄓ ㄓㄨˋ	0.009999999999999986	17	動漫	phrase.anime.tsv	1636	
相澤千鶴	ㄒㄧㄤ ㄗㄜˊ ㄑㄧㄢ ㄏㄜˋ	0.009999999999999986	14	動漫	phrase.anime.tsv	1637	
相澤榮子	ㄒㄧㄤ ㄗㄜˊ ㄖㄨㄥˊ ㄗ˙	0.009999999999999986	15	動漫	phrase.anime.tsv	1638	
相澤消太	ㄒㄧㄤ ㄗㄜˊ ㄒㄧㄠ ㄊㄞˋ	0.009999999999999986	12	動漫	phrase.anime.tsv	1639	
相澤祐一	ㄒㄧㄤ ㄗㄜˊ ㄧㄡˋ ㄧ	0.009999999999999986	17	動漫	phrase.anime.tsv	1640	
相澤雅	ㄒㄧㄤ ㄗㄜˊ ㄧㄚˇ	0.009999999999999986	12	動漫	phrase.anime.tsv	1641	
相生祐子	ㄒㄧㄤ ㄕㄥ ㄧㄡˋ ㄗ˙	0.009999999999999986	21	動漫	phrase.anime.tsv	1642	
相聚一刻	ㄒㄧㄤ ㄐㄩˋ ㄧ ㄎㄜˋ	0.009999999999999986	20	動漫	phrase.anime.tsv	1643	
相良宗介	ㄒㄧㄤ ㄌㄧㄤˊ ㄗㄨㄥ ㄐㄧㄝˋ	0.009999999999999986	19	動漫	phrase.anime.tsv	1644	
相鄰關係	ㄒㄧㄤ ㄌㄧㄣˊ ㄍㄨㄢ ㄒㄧˋ	1	11	法律	phrase.law.tsv	128	
盾之勇者	ㄉㄨㄣˋ ㄓ ㄩㄥˇ ㄓㄜˇ	0.009999999999999986	22	動漫	phrase.anime.tsv	1645	
眉村健	ㄇㄟˊ ㄘㄨㄣ ㄐㄧㄢˋ	0.009999999999999986	11	動漫	phrase.anime.tsv	1646	
看板拉動	ㄎㄢ ㄅㄢˇ ㄌㄚ ㄉㄨㄥˋ	1	10	製造機械	phrase.manufacturing.tsv	94	
真宮櫻	ㄓㄣ ㄍㄨㄥ ㄧㄥ	0.009999999999999986	15	動漫	phrase.anime.tsv	1647	
真山巧	ㄓㄣ ㄕㄢ ㄑㄧㄠˇ	0.009999999999999986	14	動漫	phrase.anime.tsv	1648	
真島	ㄓㄣ ㄉㄠˇ	0.009999999999999986	11	動漫	phrase.anime.tsv	1649	
真島太一	ㄓㄣ ㄉㄠˇ ㄊㄞˋ ㄧ	0.009999999999999986	14	動漫	phrase.anime.tsv	1650	
真崎杏子	ㄓㄣ ㄑㄧˊ ㄒㄧㄥˋ ㄗˇ	0.009999999999999986	13	動漫	phrase.anime.tsv	1651	
真打津輕	ㄓㄣ ㄉㄚˇ ㄐㄧㄣ ㄑㄧㄥ	0.009999999999999986	15	動漫	phrase.anime.tsv	1652	
真正的戰士	ㄓㄣ ㄓㄥˋ ㄉㄜ˙ ㄓㄢˋ ㄕˋ	0.009999999999999986	13	動漫	phrase.anime.tsv	1653	
真波山岳	ㄓㄣ ㄅㄛ ㄕㄢ ㄩㄝˋ	0.009999999999999986	9	動漫	phrase.anime.tsv	1654	
真田莉莉奈	ㄓㄣ ㄊㄧㄢˊ ㄌㄧˋ ㄌㄧˋ ㄋㄞˋ	0.009999999999999986	12	動漫	phrase.anime.tsv	1655	
真田龍	ㄓㄣ ㄊㄧㄢˊ ㄌㄨㄥˊ	0.009999999999999986	12	動漫	phrase.anime.tsv	1656	
真神圭護	ㄓㄣ ㄕㄣˊ ㄍㄨㄟ ㄏㄨˋ	0.009999999999999986	12	動漫	phrase.anime.tsv	1658	
真空包裝	ㄓㄣ ㄎㄨㄥ ㄅㄠ ㄓㄨㄤ	1	15	農業食品	phrase.agriculture-food.tsv	37	
真空斷路器	ㄓㄣ ㄎㄨㄥ ㄉㄨㄢˋ ㄌㄨˋ ㄑㄧˋ	1	3	電子電機	phrase.electronics.tsv	150	
真空系統	ㄓㄣ ㄎㄨㄥ ㄒㄧˋ ㄊㄨㄥˇ	1	12	晶片半導體	phrase.semiconductor.tsv	112	
真紀真	ㄓㄣ ㄐㄧˋ ㄓㄣ	0.009999999999999986	15	動漫	phrase.anime.tsv	1659	
真菌毒素	ㄓㄣ ㄐㄩㄣˋ ㄉㄨˊ ㄙㄨˋ	1	12	農業食品	phrase.agriculture-food.tsv	38	
真野	ㄓㄣ ㄧㄝˇ	0.009999999999999986	16	動漫	phrase.anime.tsv	1660	
真麻煩	ㄓㄣ ㄇㄚˊ ㄈㄢˊ	0.009999999999999986	14	動漫	phrase.anime.tsv	1662	
眷族	ㄐㄩㄢˋ ㄗㄨˊ	0.009999999999999986	13	動漫	phrase.anime.tsv	1663	
矢澤妮可	ㄕˇ ㄗㄜˊ ㄋㄧˊ ㄎㄜˇ	0.009999999999999986	8	動漫	phrase.anime.tsv	1664	
矢野綾音	ㄕˇ ㄧㄝˇ ㄌㄧㄥˊ ㄧㄣ	0.009999999999999986	15	動漫	phrase.anime.tsv	1665	
矢颪碇	ㄕˇ ㄍㄨㄚ ㄉㄧㄥˋ	0.009999999999999986	10	動漫	phrase.anime.tsv	1666	矢颪碇
短影片	ㄉㄨㄢˇ ㄧㄥˇ ㄆㄧㄢˋ	1	28	一般	phrase.general.tsv	95	
石上優	ㄕˊ ㄕㄤˋ ㄧㄡ	0.009999999999999986	14	動漫	phrase.anime.tsv	1667	
石島土門	ㄕˊ ㄉㄠˇ ㄊㄨˇ ㄇㄣˊ	0.009999999999999986	11	動漫	phrase.anime.tsv	1668	
石川透	ㄕˊ ㄔㄨㄢ ㄊㄡˋ	0.009999999999999986	15	動漫	phrase.anime.tsv	1670	
石田大和	ㄕˊ ㄊㄧㄢˊ ㄉㄚˋ ㄏㄜˊ	0.009999999999999986	19	動漫	phrase.anime.tsv	1671	
石田將也	ㄕˊ ㄊㄧㄢˊ ㄐㄧㄤ ㄧㄝˇ	0.009999999999999986	22	動漫	phrase.anime.tsv	1672	
石田雨龍	ㄕˊ ㄊㄧㄢˊ ㄩˇ ㄌㄨㄥˊ	0.009999999999999986	16	動漫	phrase.anime.tsv	1673	
石神千空	ㄕˊ ㄕㄣˊ ㄑㄧㄢ ㄎㄨㄥ	0.009999999999999986	22	動漫	phrase.anime.tsv	1674	
砂川愛	ㄕㄚ ㄔㄨㄢ ㄞˋ	0.009999999999999986	12	動漫	phrase.anime.tsv	1675	
砂川誠	ㄕㄚ ㄔㄨㄢ ㄔㄥˊ	0.009999999999999986	14	動漫	phrase.anime.tsv	1676	
研磨機	ㄧㄢˊ ㄇㄛˊ ㄐㄧ	1	11	晶片半導體	phrase.semiconductor.tsv	114	
破壞韌性	ㄆㄛˋ ㄏㄨㄞˋ ㄖㄣˋ ㄒㄧㄥˋ	1	11	製造機械	phrase.manufacturing.tsv	95	
硫氧化物	ㄌㄧㄡˊ ㄧㄤˇ ㄏㄨㄚˋ ㄨˋ	1	10	環境能源	phrase.energy-environment.tsv	95	
硬度試驗	ㄧㄥˋ ㄉㄨˋ ㄕˋ ㄧㄢˋ	1	10	材料化工	phrase.materials-chemistry.tsv	76	
硬腦膜下	ㄧㄥˋ ㄋㄠˇ ㄇㄛˊ ㄒㄧㄚˋ	1	11	醫學	phrase.medicine.tsv	169	
碇源堂	ㄉㄧㄥˋ ㄩㄢˊ ㄊㄤˊ	0.009999999999999986	12	動漫	phrase.anime.tsv	1677	
碇真嗣	ㄉㄧㄥˋ ㄓㄣ ㄙˋ	0.009999999999999986	23	動漫	phrase.anime.tsv	1678	
碎石樁工法	ㄙㄨㄟˋ ㄕˊ ㄓㄨㄤ ㄍㄨㄥ ㄈㄚˇ	1	4	建築土木	phrase.civil-engineering.tsv	174	
碓冰拓海	ㄉㄨㄟˋ ㄅㄧㄥ ㄊㄨㄛˋ ㄏㄞˇ	0.009999999999999986	16	動漫	phrase.anime.tsv	1679	
碧翠絲	ㄅㄧˋ ㄘㄨㄟˋ ㄙ	0.009999999999999986	14	動漫	phrase.anime.tsv	1680	
碧藍之海	ㄅㄧˋ ㄌㄢˊ ㄓ ㄏㄞˇ	0.009999999999999986	22	動漫	phrase.anime.tsv	1681	
碳中和	ㄊㄢˋ ㄓㄨㄥ ㄏㄜˊ	1	18	一般	phrase.general.tsv	97	
碳化矽	ㄊㄢˋ ㄏㄨㄚˋ ㄒㄧˋ	1	10	晶片半導體	phrase.semiconductor.tsv	115	
碳排放	ㄊㄢˋ ㄆㄞˊ ㄈㄤˋ	1	14	環境能源	phrase.energy-environment.tsv	96	
碳排放監測	ㄊㄢˋ ㄆㄞˊ ㄈㄤˋ ㄐㄧㄢ ㄘㄜˋ	1	4	環境能源	phrase.energy-environment.tsv	97	
碳排放盤查	ㄊㄢˋ ㄆㄞˊ ㄈㄤˋ ㄆㄢˊ ㄔㄚˊ	1	3	環境能源	phrase.energy-environment.tsv	98	
碳排放稽核	ㄊㄢˋ ㄆㄞˊ ㄈㄤˋ ㄐㄧ ㄏㄜˊ	1	3	環境能源	phrase.energy-environment.tsv	99	
碳權	ㄊㄢˋ ㄑㄩㄢˊ	1	14	一般	phrase.general.tsv	98	
碳費	ㄊㄢˋ ㄈㄟˋ	1	10	一般	phrase.general.tsv	99	
確效	ㄑㄩㄝˋ ㄒㄧㄠˋ	1	14	生技藥學	phrase.biotech-pharma.tsv	65	
確認偏誤	ㄑㄩㄝˋ ㄖㄣˋ ㄆㄧㄢ ㄨˋ	1	11	心理社會	phrase.psychology-society.tsv	51	
確認訴訟	ㄑㄩㄝˋ ㄖㄣˋ ㄙㄨˋ ㄙㄨㄥˋ	1	11	法律	phrase.law.tsv	129	
磁振	ㄘˊ ㄓㄣˋ	1	15	醫學	phrase.medicine.tsv	170	
磁碟鑑識	ㄘˊ ㄉㄧㄝˊ ㄐㄧㄢˋ ㄕˋ	1	10	網路資安	phrase.network-security.tsv	112	
磁粒檢測	ㄘˊ ㄌㄧˋ ㄐㄧㄢˇ ㄘㄜˋ	1	11	製造機械	phrase.manufacturing.tsv	96	
磁通量	ㄘˊ ㄊㄨㄥ ㄌㄧㄤˋ	1	11	科學	phrase.science.tsv	54	
磁阻式	ㄘˊ ㄗㄨˇ ㄕˋ	1	11	晶片半導體	phrase.semiconductor.tsv	116	
磨床	ㄇㄛˊ ㄔㄨㄤˊ	1	14	製造機械	phrase.manufacturing.tsv	97	
磨玻璃結節	ㄇㄛˊ ㄅㄛ ㄌㄧˊ ㄐㄧㄝˊ ㄐㄧㄝˊ	1	3	醫學	phrase.medicine.tsv	171	
礦人道士	ㄎㄨㄤˋ ㄖㄣˊ ㄉㄠˋ ㄕˋ	0.009999999999999986	11	動漫	phrase.anime.tsv	1682	
示現	ㄕˋ ㄒㄧㄢˋ	0.009999999999999986	12	中文	phrase.chinese.tsv	101	
社交工程	ㄕㄜˋ ㄐㄧㄠ ㄍㄨㄥ ㄔㄥˊ	1	11	網路資安	phrase.network-security.tsv	113	
社會分層	ㄕㄜˋ ㄏㄨㄟˋ ㄈㄣ ㄘㄥˊ	1	13	心理社會	phrase.psychology-society.tsv	52	
社會助長	ㄕㄜˋ ㄏㄨㄟˋ ㄓㄨˋ ㄓㄤˇ	1	13	心理社會	phrase.psychology-society.tsv	53	
社會史	ㄕㄜˋ ㄏㄨㄟˋ ㄕˇ	1	13	歷史	phrase.history.tsv	119	
社會學習	ㄕㄜˋ ㄏㄨㄟˋ ㄒㄩㄝˊ ㄒㄧˊ	1	11	心理社會	phrase.psychology-society.tsv	54	
社會建構論	ㄕㄜˋ ㄏㄨㄟˋ ㄐㄧㄢˋ ㄍㄡˋ ㄌㄨㄣˋ	1	6	心理社會	phrase.psychology-society.tsv	55	
社會懈怠	ㄕㄜˋ ㄏㄨㄟˋ ㄒㄧㄝˋ ㄉㄞˋ	1	13	心理社會	phrase.psychology-society.tsv	56	
社會控制	ㄕㄜˋ ㄏㄨㄟˋ ㄎㄨㄥˋ ㄓˋ	1	14	心理社會	phrase.psychology-society.tsv	57	
社會政策	ㄕㄜˋ ㄏㄨㄟˋ ㄓㄥˋ ㄘㄜˋ	1	13	心理社會	phrase.psychology-society.tsv	58	
社會救助	ㄕㄜˋ ㄏㄨㄟˋ ㄐㄧㄡˋ ㄓㄨˋ	1	13	心理社會	phrase.psychology-society.tsv	59	
社會流動	ㄕㄜˋ ㄏㄨㄟˋ ㄌㄧㄡˊ ㄉㄨㄥˋ	1	13	心理社會	phrase.psychology-society.tsv	60	
社會結構	ㄕㄜˋ ㄏㄨㄟˋ ㄐㄧㄝˊ ㄍㄡˋ	1	11	歷史	phrase.history.tsv	120	
社會語言學	ㄕㄜˋ ㄏㄨㄟˋ ㄩˇ ㄧㄢˊ ㄒㄩㄝˊ	1	6	中文	phrase.chinese.tsv	102	
社會運動	ㄕㄜˋ ㄏㄨㄟˋ ㄩㄣˋ ㄉㄨㄥˋ	1	13	心理社會	phrase.psychology-society.tsv	62	
社群平台	ㄕㄜˋ ㄑㄩㄣˊ ㄆㄧㄥˊ ㄊㄞˊ	1	35	一般	phrase.general.tsv	101	
神之一手	ㄕㄣˊ ㄓ ㄧ ㄕㄡˇ	0.009999999999999986	13	動漫	phrase.anime.tsv	1683	
神之塔	ㄕㄣˊ ㄓ ㄊㄚˇ	0.009999999999999986	22	動漫	phrase.anime.tsv	1684	
神仙鄉	ㄕㄣˊ ㄒㄧㄢ ㄒㄧㄤ	0.009999999999999986	12	動漫	phrase.anime.tsv	1685	
神代愛依	ㄕㄣˊ ㄉㄞˋ ㄞˋ ㄧ	0.009999999999999986	12	動漫	phrase.anime.tsv	1686	
神劍闖江湖	ㄕㄣˊ ㄐㄧㄢˋ ㄔㄨㄤˇ ㄐㄧㄤ ㄏㄨˊ	0.009999999999999986	24	動漫	phrase.anime.tsv	1687	
神官長	ㄕㄣˊ ㄍㄨㄢ ㄓㄤˇ	0.009999999999999986	10	動漫	phrase.anime.tsv	1688	
神尾觀鈴	ㄕㄣˊ ㄨㄟˇ ㄍㄨㄢ ㄌㄧㄥˊ	0.009999999999999986	15	動漫	phrase.anime.tsv	1689	
神崎蘭子	ㄕㄣˊ ㄑㄧˊ ㄌㄢˊ ㄗ˙	0.009999999999999986	12	動漫	phrase.anime.tsv	1690	
神崎麗美	ㄕㄣˊ ㄑㄧˊ ㄌㄧˋ ㄇㄟˇ	0.009999999999999986	13	動漫	phrase.anime.tsv	1691	
神樂	ㄕㄣˊ ㄌㄜˋ	0.009999999999999986	18	動漫	phrase.anime.tsv	1692	
神樂光	ㄕㄣˊ ㄌㄜˋ ㄍㄨㄤ	0.009999999999999986	15	動漫	phrase.anime.tsv	1693	
神田優	ㄕㄣˊ ㄊㄧㄢˊ ㄧㄡ	0.009999999999999986	15	動漫	phrase.anime.tsv	1694	
神田沙希	ㄕㄣˊ ㄊㄧㄢˊ ㄕㄚ ㄒㄧ	0.009999999999999986	15	動漫	phrase.anime.tsv	1695	
神眉	ㄕㄣˊ ㄇㄟˊ	0.009999999999999986	21	動漫	phrase.anime.tsv	1696	
神神迴	ㄕㄣˊ ㄕㄣˊ ㄏㄨㄟˊ	0.009999999999999986	12	動漫	phrase.anime.tsv	1697	
神經科學	ㄕㄣˊ ㄐㄧㄥ ㄎㄜ ㄒㄩㄝˊ	1	10	科學	phrase.science.tsv	55	
神經網路	ㄕㄣˊ ㄐㄧㄥ ㄨㄤˇ ㄌㄨˋ	1	13	AI資料科學	phrase.ai-data-science.tsv	122	
神裂火織	ㄕㄣˊ ㄌㄧㄝˋ ㄏㄨㄛˇ ㄓ	0.009999999999999986	12	動漫	phrase.anime.tsv	1698	
神谷望	ㄕㄣˊ ㄍㄨˇ ㄨㄤˋ	0.009999999999999986	11	動漫	phrase.anime.tsv	1699	
神谷薰	ㄕㄣˊ ㄍㄨˇ ㄒㄩㄣ	0.009999999999999986	19	動漫	phrase.anime.tsv	1700	
神野惠	ㄕㄣˊ ㄧㄝˇ ㄏㄨㄟˋ	0.009999999999999986	11	動漫	phrase.anime.tsv	1701	
神隱少女	ㄕㄣˊ ㄧㄣˇ ㄕㄠˋ ㄋㄩˇ	0.009999999999999986	28	動漫	phrase.anime.tsv	1702	
福星小子	ㄈㄨˊ ㄒㄧㄥ ㄒㄧㄠˇ ㄗ˙	0.009999999999999986	22	動漫	phrase.anime.tsv	1704	
福羅倫斯	ㄈㄨˊ ㄌㄨㄛˊ ㄌㄨㄣˊ ㄙ	0.009999999999999986	21	動漫	phrase.anime.tsv	1707	
福部里志	ㄈㄨˊ ㄅㄨˋ ㄌㄧˇ ㄓˋ	0.009999999999999986	17	動漫	phrase.anime.tsv	1708	
禮樂制度	ㄌㄧˇ ㄩㄝˋ ㄓˋ ㄉㄨˋ	1	10	歷史	phrase.history.tsv	121	
私募基金	ㄙ ㄇㄨˋ ㄐㄧ ㄐㄧㄣ	1	12	財會金融	phrase.finance.tsv	111	
私募股權	ㄙ ㄇㄨˋ ㄍㄨˇ ㄑㄩㄢˊ	1	12	財會金融	phrase.finance.tsv	112	
秋名山	ㄑㄧㄡ ㄇㄧㄥˊ ㄕㄢ	0.009999999999999986	14	動漫	phrase.anime.tsv	1710	
秋山澪	ㄑㄧㄡ ㄕㄢ ㄌㄧㄥˊ	0.009999999999999986	19	動漫	phrase.anime.tsv	1711	
秋本麗子	ㄑㄧㄡ ㄅㄣˇ ㄌㄧˋ ㄗ˙	0.009999999999999986	18	動漫	phrase.anime.tsv	1712	
秋樽櫻備	ㄑㄧㄡ ㄗㄨㄣ ㄧㄥ ㄅㄟˋ	0.009999999999999986	15	動漫	phrase.anime.tsv	1713	
秋瀨或	ㄑㄧㄡ ㄌㄞˋ ㄏㄨㄛˋ	0.009999999999999986	13	動漫	phrase.anime.tsv	1714	
科塞特斯	ㄎㄜ ㄙㄜˋ ㄊㄜˋ ㄙ	0.009999999999999986	13	動漫	phrase.anime.tsv	1715	
科學革命	ㄎㄜ ㄒㄩㄝˊ ㄍㄜˊ ㄇㄧㄥˋ	1	12	歷史	phrase.history.tsv	122	
秘銀	ㄇㄧˋ ㄧㄣˊ	0.009999999999999986	12	動漫	phrase.anime.tsv	1717	
租借女友	ㄗㄨ ㄐㄧㄝˋ ㄋㄩˇ ㄧㄡˇ	0.009999999999999986	20	動漫	phrase.anime.tsv	1718	
租庸調制	ㄗㄨ ㄩㄥ ㄉㄧㄠˋ ㄓˋ	1	11	歷史	phrase.history.tsv	123	
租賃負債	ㄗㄨ ㄌㄧㄣˋ ㄈㄨˋ ㄓㄞˋ	1	10	財會金融	phrase.finance.tsv	113	
秦漢時期	ㄑㄧㄣˊ ㄏㄢˋ ㄕˊ ㄑㄧˊ	1	10	歷史	phrase.history.tsv	125	
移動城堡	ㄧˊ ㄉㄨㄥˋ ㄔㄥˊ ㄅㄠˇ	0.009999999999999986	27	動漫	phrase.anime.tsv	1719	
移動污染源	ㄧˊ ㄉㄨㄥˋ ㄨ ㄖㄢˇ ㄩㄢˊ	1	4	環境能源	phrase.energy-environment.tsv	101	
移民實邊	ㄧˊ ㄇㄧㄣˊ ㄕˊ ㄅㄧㄢ	1	11	歷史	phrase.history.tsv	126	
移覺	ㄧˊ ㄐㄩㄝˊ	1	12	中文	phrase.chinese.tsv	103	
稀咲鐵太	ㄒㄧ ㄒㄧㄠˋ ㄊㄧㄝˇ ㄊㄞˋ	0.009999999999999986	11	動漫	phrase.anime.tsv	1720	
稅前淨利	ㄕㄨㄟˋ ㄑㄧㄢˊ ㄐㄧㄥˋ ㄌㄧˋ	1	12	財會金融	phrase.finance.tsv	115	
稅務會計	ㄕㄨㄟˋ ㄨˋ ㄎㄨㄞˋ ㄐㄧˋ	1	10	財會金融	phrase.finance.tsv	116	
程序記憶	ㄔㄥˊ ㄒㄩˋ ㄐㄧˋ ㄧˋ	1	11	心理社會	phrase.psychology-society.tsv	63	
種子學	ㄓㄨㄥˇ ㄗˇ ㄒㄩㄝˊ	1	9	農業食品	phrase.agriculture-food.tsv	40	
種村小依	ㄓㄨㄥˇ ㄘㄨㄣ ㄒㄧㄠˇ ㄧ	0.009999999999999986	10	動漫	phrase.anime.tsv	1721	
稻田多摩子	ㄉㄠˋ ㄊㄧㄢˊ ㄉㄨㄛ ㄇㄛˊ ㄗ˙	0.009999999999999986	12	動漫	phrase.anime.tsv	1722	
稻葉鄉子	ㄉㄠˋ ㄧㄝˋ ㄒㄧㄤ ㄗ˙	0.009999999999999986	14	動漫	phrase.anime.tsv	1723	
稼動率分析	ㄐㄧㄚˋ ㄉㄨㄥˋ ㄌㄩˋ ㄈㄣ ㄒㄧ	1	16	製造機械	phrase.manufacturing.tsv	98	
稽催	ㄐㄧ ㄘㄨㄟ	1	22	公務員公文	phrase.government.tsv	53	
稽核案件	ㄐㄧ ㄏㄜˊ ㄢˋ ㄐㄧㄢˋ	1	15	公務員公文	phrase.government.tsv	54	
穆拉福拉卡	ㄇㄨˋ ㄌㄚ ㄈㄨˊ ㄌㄚ ㄎㄚˇ	0.009999999999999986	11	動漫	phrase.anime.tsv	1724	
穆斯卡	ㄇㄨˋ ㄙ ㄎㄚˇ	0.009999999999999986	17	動漫	phrase.anime.tsv	1725	
積分控制	ㄐㄧ ㄈㄣ ㄎㄨㄥˋ ㄓˋ	1	11	電子電機	phrase.electronics.tsv	151	
積層製造	ㄐㄧ ㄘㄥˊ ㄓˋ ㄗㄠˋ	1	12	製造機械	phrase.manufacturing.tsv	99	
穩壓器	ㄨㄣˇ ㄧㄚ ㄑㄧˋ	1	11	電子電機	phrase.electronics.tsv	152	
穩定分析	ㄨㄣˇ ㄉㄧㄥˋ ㄈㄣ ㄒㄧ	1	13	建築土木	phrase.civil-engineering.tsv	175	
穩態濃度	ㄨㄣˇ ㄊㄞˋ ㄋㄨㄥˊ ㄉㄨˋ	1	11	生技藥學	phrase.biotech-pharma.tsv	66	
穩態響應	ㄨㄣˇ ㄊㄞˋ ㄒㄧㄤˇ ㄧㄥˋ	1	11	電子電機	phrase.electronics.tsv	153	
空之境界	ㄎㄨㄥ ㄓ ㄐㄧㄥˋ ㄐㄧㄝˋ	0.009999999999999986	22	動漫	phrase.anime.tsv	1726	
空條徐倫	ㄎㄨㄥ ㄊㄧㄠˊ ㄒㄩˊ ㄌㄨㄣˊ	0.009999999999999986	12	動漫	phrase.anime.tsv	1727	
空條承太郎	ㄎㄨㄥ ㄊㄧㄠˊ ㄔㄥˊ ㄊㄞˋ ㄌㄤˊ	0.009999999999999986	18	動漫	phrase.anime.tsv	1728	
空氣斷路器	ㄎㄨㄥ ㄑㄧˋ ㄉㄨㄢˋ ㄌㄨˋ ㄑㄧˋ	1	4	電子電機	phrase.electronics.tsv	154	
空污	ㄎㄨㄥ ㄨ	0.009999999999999986	12	環境能源	phrase.energy-environment.tsv	106	
空運提單	ㄎㄨㄥ ㄩㄣˋ ㄊㄧˊ ㄉㄢ	1	10	交通物流	phrase.transport-logistics.tsv	73	
空運物流	ㄎㄨㄥ ㄩㄣˋ ㄨˋ ㄌㄧㄡˊ	1	10	交通物流	phrase.transport-logistics.tsv	74	
空銀子	ㄎㄨㄥ ㄧㄣˊ ㄗ˙	0.009999999999999986	13	動漫	phrase.anime.tsv	1729	
空間設計	ㄎㄨㄥ ㄐㄧㄢ ㄕㄜˋ ㄐㄧˋ	1	13	媒體設計	phrase.media-design.tsv	68	
空間轉錄體	ㄎㄨㄥ ㄐㄧㄢ ㄓㄨㄢˇ ㄌㄨˋ ㄊㄧˇ	1	5	生技藥學	phrase.biotech-pharma.tsv	67	
穿透式	ㄔㄨㄢ ㄊㄡˋ ㄕˋ	1	9	材料化工	phrase.materials-chemistry.tsv	77	
窪谷須亞蓮	ㄨㄚ ㄍㄨˇ ㄒㄩ ㄧㄚˇ ㄌㄧㄢˊ	0.009999999999999986	11	動漫	phrase.anime.tsv	1731	
竈門炭治郎	ㄗㄠˋ ㄇㄣˊ ㄊㄢˋ ㄓˋ ㄌㄤˊ	0.009999999999999986	25	動漫	phrase.anime.tsv	1732	
竈門禰豆子	ㄗㄠˋ ㄇㄣˊ ㄇㄧˊ ㄉㄡˋ ㄗˇ	0.009999999999999986	22	動漫	phrase.anime.tsv	1733	
立花瀧	ㄌㄧˋ ㄏㄨㄚ ㄌㄨㄥˊ	0.009999999999999986	25	動漫	phrase.anime.tsv	1734	
立華奏	ㄌㄧˋ ㄏㄨㄚˊ ㄗㄡˋ	0.009999999999999986	16	動漫	phrase.anime.tsv	1735	
立野廣	ㄌㄧˋ ㄧㄝˇ ㄍㄨㄤˇ	0.009999999999999986	16	動漫	phrase.anime.tsv	1736	
端請求偽造	ㄉㄨㄢ ㄑㄧㄥˇ ㄑㄧㄡˊ ㄨㄟˋ ㄗㄠˋ	1	2	網路資安	phrase.network-security.tsv	118	
端點稽核	ㄉㄨㄢ ㄉㄧㄢˇ ㄐㄧ ㄏㄜˊ	1	10	網路資安	phrase.network-security.tsv	120	
競技歌牌	ㄐㄧㄥˋ ㄐㄧˋ ㄍㄜ ㄆㄞˊ	0.009999999999999986	12	動漫	phrase.anime.tsv	1737	
競爭條件	ㄐㄧㄥˋ ㄓㄥ ㄊㄧㄠˊ ㄐㄧㄢˋ	1	12	網路資安	phrase.network-security.tsv	121	
竹本祐太	ㄓㄨˊ ㄅㄣˇ ㄧㄡˋ ㄊㄞˋ	0.009999999999999986	18	動漫	phrase.anime.tsv	1738	
笑面男	ㄒㄧㄠˋ ㄇㄧㄢˋ ㄋㄢˊ	0.009999999999999986	12	動漫	phrase.anime.tsv	1739	
笠原匡	ㄌㄧˋ ㄩㄢˊ ㄎㄨㄤ	0.009999999999999986	13	動漫	phrase.anime.tsv	1740	
符號互動論	ㄈㄨˊ ㄏㄠˋ ㄏㄨˋ ㄉㄨㄥˋ ㄌㄨㄣˋ	1	4	心理社會	phrase.psychology-society.tsv	64	
第一期	ㄉㄧˋ ㄧ ㄑㄧ	1	13	生技藥學	phrase.biotech-pharma.tsv	68	
第一神拳	ㄉㄧˋ ㄧ ㄕㄣˊ ㄑㄩㄢˊ	0.009999999999999986	20	動漫	phrase.anime.tsv	1742	
第三人	ㄉㄧˋ ㄙㄢ ㄖㄣˊ	1	4	法律	phrase.law.tsv	131	
第三審	ㄉㄧˋ ㄙㄢ ㄕㄣˇ	1	12	法律	phrase.law.tsv	132	
第二十五夜	ㄉㄧˋ ㄦˋ ㄕˊ ㄨˇ ㄧㄝˋ	0.009999999999999986	20	動漫	phrase.anime.tsv	1743	
第二期	ㄉㄧˋ ㄦˋ ㄑㄧ	1	12	生技藥學	phrase.biotech-pharma.tsv	70	
第四期	ㄉㄧˋ ㄙˋ ㄑㄧ	1	11	生技藥學	phrase.biotech-pharma.tsv	71	
笹塚衛士	ㄕˋ ㄓㄨㄥˇ ㄨㄟˋ ㄕˋ	0.009999999999999986	13	動漫	phrase.anime.tsv	1744	
等價交換	ㄉㄥˇ ㄐㄧㄚˋ ㄐㄧㄠ ㄏㄨㄢˋ	0.009999999999999986	15	動漫	phrase.anime.tsv	1745	
等壓過程	ㄉㄥˇ ㄧㄚ ㄍㄨㄛˋ ㄔㄥˊ	1	10	科學	phrase.science.tsv	56	
等容過程	ㄉㄥˇ ㄖㄨㄥˊ ㄍㄨㄛˋ ㄔㄥˊ	1	13	科學	phrase.science.tsv	57	
等溫過程	ㄉㄥˇ ㄨㄣ ㄍㄨㄛˋ ㄔㄥˊ	1	10	科學	phrase.science.tsv	58	
等電位連接	ㄉㄥˇ ㄉㄧㄢˋ ㄨㄟˋ ㄌㄧㄢˊ ㄐㄧㄝ	1	6	電子電機	phrase.electronics.tsv	155	
等韻	ㄉㄥˇ ㄩㄣˋ	1	13	中文	phrase.chinese.tsv	104	
策略性採購	ㄘㄜˋ ㄌㄩㄝˋ ㄒㄧㄥˋ ㄘㄞˇ ㄍㄡˋ	1	4	商業	phrase.business.tsv	146	
管式反應器	ㄍㄨㄢˇ ㄕˋ ㄈㄢˇ ㄧㄥˋ ㄑㄧˋ	1	5	材料化工	phrase.materials-chemistry.tsv	78	
管理會計	ㄍㄨㄢˇ ㄌㄧˇ ㄎㄨㄞˋ ㄐㄧˋ	1	12	財會金融	phrase.finance.tsv	117	
箱根驛傳	ㄒㄧㄤ ㄍㄣ ㄧˋ ㄔㄨㄢˊ	0.009999999999999986	12	動漫	phrase.anime.tsv	1748	
節拍時間	ㄐㄧㄝˊ ㄆㄞ ㄕˊ ㄐㄧㄢ	1	11	製造機械	phrase.manufacturing.tsv	100	
節能診斷	ㄐㄧㄝˊ ㄋㄥˊ ㄓㄣˇ ㄉㄨㄢˋ	1	12	環境能源	phrase.energy-environment.tsv	107	
範疇一排放	ㄈㄢˋ ㄔㄡˊ ㄧ ㄆㄞˊ ㄈㄤˋ	1	3	環境能源	phrase.energy-environment.tsv	108	
範疇三排放	ㄈㄢˋ ㄔㄡˊ ㄙㄢ ㄆㄞˊ ㄈㄤˋ	1	3	環境能源	phrase.energy-environment.tsv	109	
範疇二排放	ㄈㄢˋ ㄔㄡˊ ㄦˋ ㄆㄞˊ ㄈㄤˋ	1	3	環境能源	phrase.energy-environment.tsv	110	
範馬刃牙	ㄈㄢˋ ㄇㄚˇ ㄖㄣˋ ㄧㄚˊ	0.009999999999999986	19	動漫	phrase.anime.tsv	1749	
範馬勇次郎	ㄈㄢˋ ㄇㄚˇ ㄩㄥˇ ㄘˋ ㄌㄤˊ	0.009999999999999986	16	動漫	phrase.anime.tsv	1750	
築城院真鍳	ㄓㄨˊ ㄔㄥˊ ㄩㄢˋ ㄓㄣ ㄐㄧㄢ	0.009999999999999986	11	動漫	phrase.anime.tsv	1751	
篠原夏希	ㄒㄧㄠˇ ㄩㄢˊ ㄒㄧㄚˋ ㄒㄧ	0.009999999999999986	17	動漫	phrase.anime.tsv	1752	
篠原繪里香	ㄒㄧㄠˇ ㄩㄢˊ ㄏㄨㄟˋ ㄌㄧˇ ㄒㄧㄤ	0.009999999999999986	17	動漫	phrase.anime.tsv	1753	
篠田初	ㄒㄧㄠˇ ㄊㄧㄢˊ ㄔㄨ	0.009999999999999986	11	動漫	phrase.anime.tsv	1754	
簡帛文字	ㄐㄧㄢˇ ㄅㄛˊ ㄨㄣˊ ㄗˋ	1	12	中文	phrase.chinese.tsv	105	
簡易判決	ㄐㄧㄢˇ ㄧˋ ㄆㄢˋ ㄐㄩㄝˊ	1	10	法律	phrase.law.tsv	133	
簡諧振子	ㄐㄧㄢˇ ㄒㄧㄝˊ ㄓㄣˋ ㄗˇ	1	11	科學	phrase.science.tsv	59	
簽核	ㄑㄧㄢ ㄏㄜˊ	0.009999999999999986	10	公務員公文	phrase.government.tsv	55	
簽辦	ㄑㄧㄢ ㄅㄢˋ	0.009999999999999986	14	公務員公文	phrase.government.tsv	56	
米利傑	ㄇㄧˇ ㄌㄧˋ ㄐㄧㄝˊ	0.009999999999999986	17	動漫	phrase.anime.tsv	1756	
米卡	ㄇㄧˇ ㄎㄚˇ	0.009999999999999986	24	動漫	phrase.anime.tsv	1757	
米卡莎	ㄇㄧˇ ㄎㄚˇ ㄕㄚ	0.009999999999999986	22	動漫	phrase.anime.tsv	1758	
米哈伊	ㄇㄧˇ ㄏㄚ ㄧ	0.009999999999999986	16	動漫	phrase.anime.tsv	1759	
米多	ㄇㄧˇ ㄉㄨㄛ	0.009999999999999986	17	動漫	phrase.anime.tsv	1760	
米格路迪亞	ㄇㄧˇ ㄍㄜˊ ㄌㄨˋ ㄉㄧˊ ㄧㄚˇ	0.009999999999999986	19	動漫	phrase.anime.tsv	1762	
米特奧拉	ㄇㄧˇ ㄊㄜˋ ㄠˋ ㄌㄚ	0.009999999999999986	14	動漫	phrase.anime.tsv	1763	
米莉亞	ㄇㄧˇ ㄌㄧˋ ㄧㄚˇ	0.009999999999999986	15	動漫	phrase.anime.tsv	1764	
米蒂	ㄇㄧˇ ㄉㄧˋ	0.009999999999999986	13	動漫	phrase.anime.tsv	1765	
粉床	ㄈㄣˇ ㄔㄨㄤˊ	1	10	製造機械	phrase.manufacturing.tsv	101	
粒子物理	ㄌㄧˋ ㄗˇ ㄨˋ ㄌㄧˇ	1	10	科學	phrase.science.tsv	60	
粕壁隼	ㄆㄛˋ ㄅㄧˋ ㄓㄨㄣˇ	0.009999999999999986	18	動漫	phrase.anime.tsv	1766	
精實生產	ㄐㄧㄥ ㄕˊ ㄕㄥ ㄔㄢˇ	1	10	製造機械	phrase.manufacturing.tsv	102	
精度校正	ㄐㄧㄥ ㄉㄨˋ ㄐㄧㄠˋ ㄓㄥˋ	1	15	製造機械	phrase.manufacturing.tsv	103	
精準農業	ㄐㄧㄥ ㄓㄨㄣˇ ㄋㄨㄥˊ ㄧㄝˋ	1	15	農業食品	phrase.agriculture-food.tsv	42	
精索	ㄐㄧㄥ ㄙㄨㄛˇ	1	12	醫學	phrase.medicine.tsv	177	
糞作獵人	ㄈㄣˋ ㄗㄨㄛˋ ㄌㄧㄝˋ ㄖㄣˊ	0.009999999999999986	13	動漫	phrase.anime.tsv	1769	
糟糕念頭	ㄗㄠ ㄍㄠ ㄋㄧㄢˋ ㄊㄡˊ	0.009999999999999986	23	動漫	phrase.anime.tsv	1770	
糸師冴	ㄇㄧˋ ㄕ ㄏㄨˋ	0.009999999999999986	12	動漫	phrase.anime.tsv	1771	
糸師凜	ㄇㄧˋ ㄕ ㄌㄧㄣˇ	0.009999999999999986	14	動漫	phrase.anime.tsv	1772	
系統風險	ㄒㄧˋ ㄊㄨㄥˇ ㄈㄥ ㄒㄧㄢˇ	1	12	財會金融	phrase.finance.tsv	118	
糾纏態	ㄐㄧㄡ ㄔㄢˊ ㄊㄞˋ	1	11	科學	phrase.science.tsv	61	
紀田正臣	ㄐㄧˋ ㄊㄧㄢˊ ㄓㄥˋ ㄔㄣˊ	0.009999999999999986	17	動漫	phrase.anime.tsv	1773	
約兒佛傑	ㄩㄝ ㄦˊ ㄈㄛˊ ㄐㄧㄝˊ	0.009999999999999986	21	動漫	phrase.anime.tsv	1774	
約會大作戰	ㄩㄝ ㄏㄨㄟˋ ㄉㄚˋ ㄗㄨㄛˋ ㄓㄢˋ	0.009999999999999986	24	動漫	phrase.anime.tsv	1776	
約當現金	ㄩㄝ ㄉㄤ ㄒㄧㄢˋ ㄐㄧㄣ	1	11	財會金融	phrase.finance.tsv	119	
約翰李貝特	ㄩㄝ ㄏㄢˋ ㄌㄧˇ ㄅㄟˋ ㄊㄜˋ	0.009999999999999986	19	動漫	phrase.anime.tsv	1777	
約翰華生	ㄩㄝ ㄏㄢˋ ㄏㄨㄚˊ ㄕㄥ	0.009999999999999986	12	動漫	phrase.anime.tsv	1778	
約蘭達	ㄩㄝ ㄌㄢˊ ㄉㄚˊ	0.009999999999999986	11	動漫	phrase.anime.tsv	1779	
紅丸	ㄏㄨㄥˊ ㄨㄢˊ	0.009999999999999986	17	動漫	phrase.anime.tsv	1780	
紅外光譜	ㄏㄨㄥˊ ㄨㄞˋ ㄍㄨㄤ ㄆㄨˇ	1	8	材料化工	phrase.materials-chemistry.tsv	79	
紅葉知弦	ㄏㄨㄥˊ ㄧㄝˋ ㄓ ㄒㄧㄢˊ	0.009999999999999986	14	動漫	phrase.anime.tsv	1781	
紅蓮	ㄏㄨㄥˊ ㄌㄧㄢˊ	0.009999999999999986	23	動漫	phrase.anime.tsv	1782	
紅隊演練	ㄏㄨㄥˊ ㄉㄨㄟˋ ㄧㄢˇ ㄌㄧㄢˋ	1	12	網路資安	phrase.network-security.tsv	124	
紅麗	ㄏㄨㄥˊ ㄌㄧˋ	0.009999999999999986	9	動漫	phrase.anime.tsv	1784	
納九条	ㄋㄚˋ ㄐㄧㄡˇ ㄊㄧㄠˊ	0.009999999999999986	17	動漫	phrase.anime.tsv	1785	
納茲	ㄋㄚˋ ㄗ	0.009999999999999986	22	動漫	phrase.anime.tsv	1786	
純網銀	ㄔㄨㄣˊ ㄨㄤˇ ㄧㄣˊ	1	14	一般	phrase.general.tsv	104	
級配粒料	ㄐㄧˊ ㄆㄟˋ ㄌㄧˋ ㄌㄧㄠˋ	1	9	建築土木	phrase.civil-engineering.tsv	179	
素養評量	ㄙㄨˋ ㄧㄤˇ ㄆㄧㄥˊ ㄌㄧㄤˊ	1	16	教育	phrase.education.tsv	80	
素養題	ㄙㄨˋ ㄧㄤˇ ㄊㄧˊ	1	16	一般	phrase.general.tsv	105	
索尼	ㄙㄨㄛˇ ㄋㄧˊ	0.009999999999999986	18	動漫	phrase.anime.tsv	1787	
紫原敦	ㄗˇ ㄩㄢˊ ㄉㄨㄣ	0.009999999999999986	11	動漫	phrase.anime.tsv	1788	
紫外線消毒	ㄗˇ ㄨㄞˋ ㄒㄧㄢˋ ㄒㄧㄠ ㄉㄨˊ	1	3	環境能源	phrase.energy-environment.tsv	111	
紫苑	ㄗˇ ㄩㄢˋ	0.009999999999999986	14	動漫	phrase.anime.tsv	1790	
紫隊演練	ㄗˇ ㄉㄨㄟˋ ㄧㄢˇ ㄌㄧㄢˋ	1	11	網路資安	phrase.network-security.tsv	125	
細呂木	ㄒㄧˋ ㄌㄩˇ ㄇㄨˋ	0.009999999999999986	10	動漫	phrase.anime.tsv	1791	
細川美樹	ㄒㄧˋ ㄔㄨㄢ ㄇㄟˇ ㄕㄨˋ	0.009999999999999986	13	動漫	phrase.anime.tsv	1792	
細懸浮微粒	ㄒㄧˋ ㄒㄩㄢˊ ㄈㄨˊ ㄨㄟˊ ㄌㄧˋ	1	5	環境能源	phrase.energy-environment.tsv	112	
細晶強化	ㄒㄧˋ ㄐㄧㄥ ㄑㄧㄤˊ ㄏㄨㄚˋ	1	12	材料化工	phrase.materials-chemistry.tsv	80	
細胞分化	ㄒㄧˋ ㄅㄠ ㄈㄣ ㄏㄨㄚˋ	1	11	生技藥學	phrase.biotech-pharma.tsv	72	
細胞培養	ㄒㄧˋ ㄅㄠ ㄆㄟˊ ㄧㄤˇ	1	11	生技藥學	phrase.biotech-pharma.tsv	73	
細胞工程	ㄒㄧˋ ㄅㄠ ㄍㄨㄥ ㄔㄥˊ	1	12	生技藥學	phrase.biotech-pharma.tsv	74	
細胞生物學	ㄒㄧˋ ㄅㄠ ㄕㄥ ㄨˋ ㄒㄩㄝˊ	1	4	科學	phrase.science.tsv	62	
細胞轉染	ㄒㄧˋ ㄅㄠ ㄓㄨㄢˇ ㄖㄢˇ	1	11	生技藥學	phrase.biotech-pharma.tsv	75	
細胞骨架	ㄒㄧˋ ㄅㄠ ㄍㄨˇ ㄐㄧㄚˋ	1	11	科學	phrase.science.tsv	63	
紹安	ㄕㄠˋ ㄢ	0.009999999999999986	10	動漫	phrase.anime.tsv	1794	
紺野純子	ㄍㄢˋ ㄧㄝˇ ㄔㄨㄣˊ ㄗ˙	0.009999999999999986	13	動漫	phrase.anime.tsv	1795	
終末	ㄓㄨㄥ ㄇㄛˋ	0.009999999999999986	23	動漫	phrase.anime.tsv	1796	
組合管理	ㄗㄨˇ ㄏㄜˊ ㄍㄨㄢˇ ㄌㄧˇ	1	12	商業	phrase.business.tsv	149	
組態檢查	ㄗㄨˇ ㄊㄞˋ ㄐㄧㄢˇ ㄔㄚˊ	1	14	網路資安	phrase.network-security.tsv	126	
組態稽核	ㄗㄨˇ ㄊㄞˋ ㄐㄧ ㄏㄜˊ	1	12	網路資安	phrase.network-security.tsv	127	
組織工程	ㄗㄨˇ ㄓ ㄍㄨㄥ ㄔㄥˊ	1	13	生技藥學	phrase.biotech-pharma.tsv	77	
組織炎	ㄗㄨˇ ㄓ ㄧㄢˊ	1	10	醫學	phrase.medicine.tsv	185	
組織犯罪	ㄗㄨˇ ㄓ ㄈㄢˋ ㄗㄨㄟˋ	1	12	法律	phrase.law.tsv	134	
組織碳盤查	ㄗㄨˇ ㄓ ㄊㄢˋ ㄆㄢˊ ㄔㄚˊ	1	5	環境能源	phrase.energy-environment.tsv	113	
結城夏野	ㄐㄧㄝˊ ㄔㄥˊ ㄒㄧㄚˋ ㄧㄝˇ	0.009999999999999986	18	動漫	phrase.anime.tsv	1797	
結城明日奈	ㄐㄧㄝˊ ㄔㄥˊ ㄇㄧㄥˊ ㄖˋ ㄋㄞˋ	0.009999999999999986	20	動漫	phrase.anime.tsv	1798	
結婚要件	ㄐㄧㄝˊ ㄏㄨㄣ ㄧㄠˋ ㄐㄧㄢˋ	1	11	法律	phrase.law.tsv	135	
結帳分錄	ㄐㄧㄝˊ ㄓㄤˋ ㄈㄣ ㄌㄨˋ	1	10	財會金融	phrase.finance.tsv	120	
結束樂團	ㄐㄧㄝˊ ㄕㄨˋ ㄩㄝˋ ㄊㄨㄢˊ	0.009999999999999986	15	動漫	phrase.anime.tsv	1799	
結構功能論	ㄐㄧㄝˊ ㄍㄡˋ ㄍㄨㄥ ㄋㄥˊ ㄌㄨㄣˋ	1	5	心理社會	phrase.psychology-society.tsv	66	
結構化資料	ㄐㄧㄝˊ ㄍㄡˋ ㄏㄨㄚˋ ㄗ ㄌㄧㄠˋ	1	5	AI資料科學	phrase.ai-data-science.tsv	124	
結構型商品	ㄐㄧㄝˊ ㄍㄡˋ ㄒㄧㄥˊ ㄕㄤ ㄆㄧㄣˇ	1	5	財會金融	phrase.finance.tsv	121	
結構材料	ㄐㄧㄝˊ ㄍㄡˋ ㄘㄞˊ ㄌㄧㄠˋ	1	12	材料化工	phrase.materials-chemistry.tsv	81	
結構鋼	ㄐㄧㄝˊ ㄍㄡˋ ㄍㄤ	1	9	建築土木	phrase.civil-engineering.tsv	180	
結社自由	ㄐㄧㄝˊ ㄕㄜˋ ㄗˋ ㄧㄡˊ	1	11	法律	phrase.law.tsv	136	
結腸炎	ㄐㄧㄝˊ ㄔㄤˊ ㄧㄢˊ	1	10	醫學	phrase.medicine.tsv	186	
絕對王權	ㄐㄩㄝˊ ㄉㄨㄟˋ ㄨㄤˊ ㄑㄩㄢˊ	1	12	歷史	phrase.history.tsv	130	
絕緣閘	ㄐㄩㄝˊ ㄩㄢˊ ㄓㄚˊ	1	9	晶片半導體	phrase.semiconductor.tsv	123	
絢瀨繪里	ㄒㄩㄢˋ ㄌㄞˋ ㄏㄨㄟˋ ㄌㄧˇ	0.009999999999999986	19	動漫	phrase.anime.tsv	1801	
給付不能	ㄐㄧˇ ㄈㄨˋ ㄅㄨˋ ㄋㄥˊ	1	11	法律	phrase.law.tsv	138	
給付遲延	ㄐㄧˇ ㄈㄨˋ ㄔˊ ㄧㄢˊ	1	11	法律	phrase.law.tsv	139	
給排水工程	ㄐㄧˇ ㄆㄞˊ ㄕㄨㄟˇ ㄍㄨㄥ ㄔㄥˊ	1	6	建築土木	phrase.civil-engineering.tsv	181	
統計力學	ㄊㄨㄥˇ ㄐㄧˋ ㄌㄧˋ ㄒㄩㄝˊ	1	11	科學	phrase.science.tsv	64	
絲琪	ㄙ ㄑㄧˊ	0.009999999999999986	13	動漫	phrase.anime.tsv	1802	
絲菲爾	ㄙ ㄈㄟ ㄦˇ	0.009999999999999986	19	動漫	phrase.anime.tsv	1803	
經尿道	ㄐㄧㄥ ㄋㄧㄠˋ ㄉㄠˋ	1	12	醫學	phrase.medicine.tsv	187	
經濟大恐慌	ㄐㄧㄥ ㄐㄧˋ ㄉㄚˋ ㄎㄨㄥˇ ㄏㄨㄤ	1	5	歷史	phrase.history.tsv	132	
經濟訂購量	ㄐㄧㄥ ㄐㄧˋ ㄉㄧㄥˋ ㄍㄡˋ ㄌㄧㄤˋ	1	5	商業	phrase.business.tsv	151	
經皮	ㄐㄧㄥ ㄆㄧˊ	0.009999999999999986	12	醫學	phrase.medicine.tsv	188	
經緯儀測量	ㄐㄧㄥ ㄨㄟˇ ㄧˊ ㄘㄜˋ ㄌㄧㄤˊ	1	2	建築土木	phrase.civil-engineering.tsv	182	
綜合損益	ㄗㄨㄥˋ ㄏㄜˊ ㄙㄨㄣˇ ㄧˋ	1	11	財會金融	phrase.finance.tsv	122	
綠幕去背	ㄌㄩˋ ㄇㄨˋ ㄑㄩˋ ㄅㄟˋ	1	11	媒體設計	phrase.media-design.tsv	69	
綠燈時間	ㄌㄩˋ ㄉㄥ ㄕˊ ㄐㄧㄢ	1	11	交通物流	phrase.transport-logistics.tsv	77	
綠能	ㄌㄩˋ ㄋㄥˊ	1	35	一般	phrase.general.tsv	107	
綠色化學	ㄌㄩˋ ㄙㄜˋ ㄏㄨㄚˋ ㄒㄩㄝˊ	1	11	環境能源	phrase.energy-environment.tsv	114	
綠谷出久	ㄌㄩˋ ㄍㄨˇ ㄔㄨ ㄐㄧㄡˇ	0.009999999999999986	24	動漫	phrase.anime.tsv	1804	
綠間真太郎	ㄌㄩˋ ㄐㄧㄢ ㄓㄣ ㄊㄞˋ ㄌㄤˊ	0.009999999999999986	14	動漫	phrase.anime.tsv	1805	
維也納會議	ㄨㄟˊ ㄧㄝˇ ㄋㄚˋ ㄏㄨㄟˋ ㄧˋ	1	4	歷史	phrase.history.tsv	133	
維克托	ㄨㄟˊ ㄎㄜˋ ㄊㄨㄛ	0.009999999999999986	17	動漫	phrase.anime.tsv	1806	
維夏	ㄨㄟˊ ㄒㄧㄚˋ	0.009999999999999986	16	動漫	phrase.anime.tsv	1807	
維多利加	ㄨㄟˊ ㄉㄨㄛ ㄌㄧˋ ㄐㄧㄚ	0.009999999999999986	16	動漫	phrase.anime.tsv	1808	
維拉爾	ㄨㄟˊ ㄌㄚ ㄦˇ	0.009999999999999986	12	動漫	phrase.anime.tsv	1809	
維氏硬度	ㄨㄟˊ ㄕˋ ㄧㄥˋ ㄉㄨˋ	1	12	材料化工	phrase.materials-chemistry.tsv	82	
維爾德拉	ㄨㄟˊ ㄦˇ ㄉㄜˊ ㄌㄚ	0.009999999999999986	20	動漫	phrase.anime.tsv	1810	
維爾維特	ㄨㄟˊ ㄦˇ ㄨㄟˊ ㄊㄜˋ	0.009999999999999986	11	動漫	phrase.anime.tsv	1811	
維茲	ㄨㄟˊ ㄗ	0.009999999999999986	14	動漫	phrase.anime.tsv	1812	
維護管理	ㄨㄟˊ ㄏㄨˋ ㄍㄨㄢˇ ㄌㄧˇ	1	22	建築土木	phrase.civil-engineering.tsv	183	
維運	ㄨㄟˊ ㄩㄣˋ	1	11	軟體科學	phrase.software.tsv	77	
網代慎平	ㄨㄤˇ ㄉㄞˋ ㄕㄣˋ ㄆㄧㄥˊ	0.009999999999999986	22	動漫	phrase.anime.tsv	1813	
網室栽培	ㄨㄤˇ ㄕˋ ㄗㄞ ㄆㄟˊ	1	10	農業食品	phrase.agriculture-food.tsv	44	
網格系統	ㄨㄤˇ ㄍㄜˊ ㄒㄧˋ ㄊㄨㄥˇ	1	12	媒體設計	phrase.media-design.tsv	70	
網球王子	ㄨㄤˇ ㄑㄧㄡˊ ㄨㄤˊ ㄗˇ	0.009999999999999986	23	動漫	phrase.anime.tsv	1814	
網站服務	ㄨㄤˇ ㄓㄢˋ ㄈㄨˊ ㄨˋ	1	14	網路資安	phrase.network-security.tsv	129	
網絡分析	ㄨㄤˇ ㄌㄨㄛˋ ㄈㄣ ㄒㄧ	1	11	心理社會	phrase.psychology-society.tsv	67	
網購	ㄨㄤˇ ㄍㄡˋ	1	55	一般	phrase.general.tsv	109	
網路分層	ㄨㄤˇ ㄌㄨˋ ㄈㄣ ㄘㄥˊ	1	12	網路資安	phrase.network-security.tsv	131	
網路延遲	ㄨㄤˇ ㄌㄨˋ ㄧㄢˊ ㄔˊ	1	12	網路資安	phrase.network-security.tsv	132	
網路攻擊	ㄨㄤˇ ㄌㄨˋ ㄍㄨㄥ ㄐㄧˊ	1	18	一般	phrase.general.tsv	110	
網路最佳化	ㄨㄤˇ ㄌㄨˋ ㄗㄨㄟˋ ㄐㄧㄚ ㄏㄨㄚˋ	1	5	工業工程	phrase.industrial-engineering.tsv	88	
網路設備	ㄨㄤˇ ㄌㄨˋ ㄕㄜˋ ㄅㄟˋ	1	14	網路資安	phrase.network-security.tsv	133	
網路釣魚	ㄨㄤˇ ㄌㄨˋ ㄉㄧㄠˋ ㄩˊ	1	12	網路資安	phrase.network-security.tsv	134	
網路鑑識	ㄨㄤˇ ㄌㄨˋ ㄐㄧㄢˋ ㄕˋ	1	12	網路資安	phrase.network-security.tsv	135	
綾崎颯	ㄌㄧㄥˊ ㄑㄧˊ ㄙㄚˋ	0.009999999999999986	20	動漫	phrase.anime.tsv	1815	
綾波零	ㄌㄧㄥˊ ㄅㄛ ㄌㄧㄥˊ	0.009999999999999986	20	動漫	phrase.anime.tsv	1816	
綾瀨千早	ㄌㄧㄥˊ ㄌㄞˋ ㄑㄧㄢ ㄗㄠˇ	0.009999999999999986	18	動漫	phrase.anime.tsv	1817	
綾瀨桃	ㄌㄧㄥˊ ㄌㄞˋ ㄊㄠˊ	0.009999999999999986	21	動漫	phrase.anime.tsv	1818	
綿谷新	ㄇㄧㄢˊ ㄍㄨˇ ㄒㄧㄣ	0.009999999999999986	15	動漫	phrase.anime.tsv	1819	
緊急避難	ㄐㄧㄣˇ ㄐㄧˊ ㄅㄧˋ ㄋㄢˋ	1	11	法律	phrase.law.tsv	140	
緋村劍心	ㄈㄟ ㄘㄨㄣ ㄐㄧㄢˋ ㄒㄧㄣ	0.009999999999999986	22	動漫	phrase.anime.tsv	1820	
線上學習	ㄒㄧㄢˋ ㄕㄤˋ ㄒㄩㄝˊ ㄒㄧˊ	1	20	一般	phrase.general.tsv	112	
線上客服	ㄒㄧㄢˋ ㄕㄤˋ ㄎㄜˋ ㄈㄨˊ	1	18	一般	phrase.general.tsv	113	
線切割加工	ㄒㄧㄢˋ ㄑㄧㄝ ㄍㄜ ㄐㄧㄚ ㄍㄨㄥ	1	5	製造機械	phrase.manufacturing.tsv	107	
線性滑軌	ㄒㄧㄢˋ ㄒㄧㄥˋ ㄏㄨㄚˊ ㄍㄨㄟˇ	1	10	製造機械	phrase.manufacturing.tsv	108	
線性穩壓器	ㄒㄧㄢˋ ㄒㄧㄥˋ ㄨㄣˇ ㄧㄚ ㄑㄧˋ	1	3	電子電機	phrase.electronics.tsv	156	
線框圖	ㄒㄧㄢˋ ㄎㄨㄤ ㄊㄨˊ	1	12	媒體設計	phrase.media-design.tsv	71	
緣結神	ㄩㄢˊ ㄐㄧㄝˊ ㄕㄣˊ	0.009999999999999986	22	動漫	phrase.anime.tsv	1821	
編碼器	ㄅㄧㄢ ㄇㄚˇ ㄑㄧˋ	1	11	AI資料科學	phrase.ai-data-science.tsv	129	
編碼格式	ㄅㄧㄢ ㄇㄚˇ ㄍㄜˊ ㄕˋ	1	10	媒體設計	phrase.media-design.tsv	72	
編輯設計	ㄅㄧㄢ ㄐㄧˊ ㄕㄜˋ ㄐㄧˋ	1	12	媒體設計	phrase.media-design.tsv	73	
緩衝區溢位	ㄏㄨㄢˇ ㄔㄨㄥ ㄑㄩ ㄧˋ ㄨㄟˋ	1	4	網路資安	phrase.network-security.tsv	137	
緩釋製劑	ㄏㄨㄢˇ ㄕˋ ㄓˋ ㄐㄧˋ	1	11	生技藥學	phrase.biotech-pharma.tsv	78	
緹奧	ㄊㄧˊ ㄠˋ	0.009999999999999986	12	動漫	phrase.anime.tsv	1822	
緹諾薛德	ㄊㄧˊ ㄋㄨㄛˋ ㄒㄩㄝ ㄉㄜˊ	0.009999999999999986	14	動漫	phrase.anime.tsv	1823	
縮合聚合	ㄙㄨㄛ ㄏㄜˊ ㄐㄩˋ ㄏㄜˊ	1	11	材料化工	phrase.materials-chemistry.tsv	83	
縱斷面線形	ㄗㄨㄥ ㄉㄨㄢˋ ㄇㄧㄢˋ ㄒㄧㄢˋ ㄒㄧㄥˊ	1	4	建築土木	phrase.civil-engineering.tsv	184	
總有機碳	ㄗㄨㄥˇ ㄧㄡˇ ㄐㄧ ㄊㄢˋ	1	10	環境能源	phrase.energy-environment.tsv	115	
總生育率	ㄗㄨㄥˇ ㄕㄥ ㄩˋ ㄌㄩˋ	1	12	心理社會	phrase.psychology-society.tsv	68	
總結性評量	ㄗㄨㄥˇ ㄐㄧㄝˊ ㄒㄧㄥˋ ㄆㄧㄥˊ ㄌㄧㄤˊ	1	3	教育	phrase.education.tsv	81	
總膽紅素	ㄗㄨㄥˇ ㄉㄢˇ ㄏㄨㄥˊ ㄙㄨˋ	1	8	醫學	phrase.medicine.tsv	190	
總諧波失真	ㄗㄨㄥˇ ㄒㄧㄝˊ ㄅㄛ ㄕ ㄓㄣ	1	5	電子電機	phrase.electronics.tsv	157	
績效分析	ㄐㄧ ㄒㄧㄠˋ ㄈㄣ ㄒㄧ	1	14	交通物流	phrase.transport-logistics.tsv	78	
績效指標	ㄐㄧ ㄒㄧㄠˋ ㄓˇ ㄅㄧㄠ	1	13	環境能源	phrase.energy-environment.tsv	116	
績效評估	ㄐㄧ ㄒㄧㄠˋ ㄆㄧㄥˊ ㄍㄨ	1	20	商業	phrase.business.tsv	152	
繁簡字	ㄈㄢˊ ㄐㄧㄢˇ ㄗˋ	1	11	中文	phrase.chinese.tsv	106	
繰屋匠	ㄗㄠˇ ㄨ ㄐㄧㄤˋ	0.009999999999999986	11	動漫	phrase.anime.tsv	1824	
纏流子	ㄔㄢˊ ㄌㄧㄡˊ ㄗ˙	0.009999999999999986	20	動漫	phrase.anime.tsv	1825	
纖維化	ㄒㄧㄢ ㄨㄟˊ ㄏㄨㄚˋ	1	12	醫學	phrase.medicine.tsv	191	
缺失值處理	ㄑㄩㄝ ㄕ ㄓˊ ㄔㄨˇ ㄌㄧˇ	1	4	AI資料科學	phrase.ai-data-science.tsv	131	
缺陷分析	ㄑㄩㄝ ㄒㄧㄢˋ ㄈㄣ ㄒㄧ	1	16	晶片半導體	phrase.semiconductor.tsv	125	
缺陷追蹤	ㄑㄩㄝ ㄒㄧㄢˋ ㄓㄨㄟ ㄗㄨㄥ	1	20	晶片半導體	phrase.semiconductor.tsv	126	
羅伊	ㄌㄨㄛˊ ㄧ	0.009999999999999986	18	動漫	phrase.anime.tsv	1826	
羅曼尼	ㄌㄨㄛˊ ㄇㄢˋ ㄋㄧˊ	0.009999999999999986	17	動漫	phrase.anime.tsv	1827	
羅羅亞索隆	ㄌㄨㄛˊ ㄌㄨㄛˊ ㄧㄚˇ ㄙㄨㄛˇ ㄌㄨㄥˊ	0.009999999999999986	22	動漫	phrase.anime.tsv	1828	
羅茲瓦爾	ㄌㄨㄛˊ ㄗ ㄨㄚˇ ㄦˇ	0.009999999999999986	12	動漫	phrase.anime.tsv	1829	
羅諾	ㄌㄨㄛˊ ㄋㄨㄛˋ	0.009999999999999986	12	動漫	phrase.anime.tsv	1830	
羅阿	ㄌㄨㄛˊ ㄚ	0.009999999999999986	15	動漫	phrase.anime.tsv	1831	
羅馬共和	ㄌㄨㄛˊ ㄇㄚˇ ㄍㄨㄥˋ ㄏㄜˊ	1	10	歷史	phrase.history.tsv	134	
羅馬法	ㄌㄨㄛˊ ㄇㄚˇ ㄈㄚˇ	1	11	歷史	phrase.history.tsv	135	
羈縻政策	ㄐㄧ ㄇㄧˊ ㄓㄥˋ ㄘㄜˋ	1	10	歷史	phrase.history.tsv	136	
羌瘣	ㄑㄧㄤ ㄌㄟˇ	0.009999999999999986	14	動漫	phrase.anime.tsv	1832	
美代吉	ㄇㄟˇ ㄉㄞˋ ㄐㄧˊ	0.009999999999999986	11	動漫	phrase.anime.tsv	1833	
美國革命	ㄇㄟˇ ㄍㄨㄛˊ ㄍㄜˊ ㄇㄧㄥˋ	1	13	歷史	phrase.history.tsv	137	
美奈	ㄇㄟˇ ㄋㄞˋ	0.009999999999999986	12	動漫	phrase.anime.tsv	1834	
美少女戰士	ㄇㄟˇ ㄕㄠˋ ㄋㄩˇ ㄓㄢˋ ㄕˋ	0.009999999999999986	25	動漫	phrase.anime.tsv	1835	
美樹沙耶香	ㄇㄟˇ ㄕㄨˋ ㄕㄚ ㄧㄝ ㄒㄧㄤ	0.009999999999999986	16	動漫	phrase.anime.tsv	1836	
美美姬	ㄇㄟˇ ㄇㄟˇ ㄐㄧ	0.009999999999999986	13	動漫	phrase.anime.tsv	1837	
美遊	ㄇㄟˇ ㄧㄡˊ	0.009999999999999986	15	動漫	phrase.anime.tsv	1838	
義和團運動	ㄧˋ ㄏㄜˊ ㄊㄨㄢˊ ㄩㄣˋ ㄉㄨㄥˋ	1	3	歷史	phrase.history.tsv	138	
義符	ㄧˋ ㄈㄨˊ	0.009999999999999986	12	中文	phrase.chinese.tsv	107	
義訓	ㄧˋ ㄒㄩㄣˋ	1	12	中文	phrase.chinese.tsv	108	
羽川翼	ㄩˇ ㄔㄨㄢ ㄧˋ	0.009999999999999986	14	動漫	phrase.anime.tsv	1839	
羽衣狐	ㄩˇ ㄧ ㄏㄨˊ	0.009999999999999986	9	動漫	phrase.anime.tsv	1840	
羽鳥智世	ㄩˇ ㄋㄧㄠˇ ㄓˋ ㄕˋ	0.009999999999999986	20	動漫	phrase.anime.tsv	1841	
老化指數	ㄌㄠˇ ㄏㄨㄚˋ ㄓˇ ㄕㄨˋ	1	10	心理社會	phrase.psychology-society.tsv	69	
耐受試驗	ㄋㄞˋ ㄕㄡˋ ㄕˋ ㄧㄢˋ	1	9	醫學	phrase.medicine.tsv	194	
耐震評估	ㄋㄞˋ ㄓㄣˋ ㄆㄧㄥˊ ㄍㄨ	1	22	建築土木	phrase.civil-engineering.tsv	186	
耕一	ㄍㄥ ㄧ	0.009999999999999986	15	動漫	phrase.anime.tsv	1843	
耶拉比琪	ㄧㄝ ㄌㄚ ㄅㄧˇ ㄑㄧˊ	0.009999999999999986	11	動漫	phrase.anime.tsv	1844	
聖杯戰爭	ㄕㄥˋ ㄅㄟ ㄓㄢˋ ㄓㄥ	0.009999999999999986	15	動漫	phrase.anime.tsv	1845	
聚碳酸酯	ㄐㄩˋ ㄊㄢˋ ㄙㄨㄢ ㄓˇ	1	11	材料化工	phrase.materials-chemistry.tsv	84	
聯合國成立	ㄌㄧㄢˊ ㄏㄜˊ ㄍㄨㄛˊ ㄔㄥˊ ㄌㄧˋ	1	4	歷史	phrase.history.tsv	139	
聯合成本	ㄌㄧㄢˊ ㄏㄜˊ ㄔㄥˊ ㄅㄣˇ	1	12	財會金融	phrase.finance.tsv	124	
聯合複句	ㄌㄧㄢˊ ㄏㄜˊ ㄈㄨˋ ㄐㄩˋ	1	12	中文	phrase.chinese.tsv	109	
聯合複詞	ㄌㄧㄢˊ ㄏㄜˊ ㄈㄨˋ ㄘˊ	1	12	中文	phrase.chinese.tsv	110	
聯綿詞	ㄌㄧㄢˊ ㄇㄧㄢˊ ㄘˊ	1	12	中文	phrase.chinese.tsv	111	
聲之形	ㄕㄥ ㄓ ㄒㄧㄥˊ	0.009999999999999986	24	動漫	phrase.anime.tsv	1846	
聲訓	ㄕㄥ ㄒㄩㄣˋ	0.009999999999999986	12	中文	phrase.chinese.tsv	112	
聲音混音	ㄕㄥ ㄧㄣ ㄏㄨㄣˋ ㄧㄣ	1	12	媒體設計	phrase.media-design.tsv	74	
職階卡	ㄓˊ ㄐㄧㄝ ㄎㄚˇ	0.009999999999999986	11	動漫	phrase.anime.tsv	1848	
聽證	ㄊㄧㄥ ㄓㄥˋ	0.009999999999999986	12	法律	phrase.law.tsv	142	
肌萎縮性	ㄐㄧ ㄨㄟˇ ㄙㄨㄛ ㄒㄧㄥˋ	1	10	醫學	phrase.medicine.tsv	197	
肌酸激酶	ㄐㄧ ㄙㄨㄢ ㄐㄧ ㄇㄟˊ	1	14	醫學	phrase.medicine.tsv	198	
肌酸酐比	ㄐㄧ ㄙㄨㄢ ㄏㄤˇ ㄅㄧˇ	1	11	醫學	phrase.medicine.tsv	199	
肌鈣蛋白	ㄐㄧ ㄍㄞˋ ㄉㄢˋ ㄅㄞˊ	1	8	醫學	phrase.medicine.tsv	200	
肖特基	ㄒㄧㄠˋ ㄊㄜˋ ㄐㄧ	1	10	電子電機	phrase.electronics.tsv	159	
股利政策	ㄍㄨˇ ㄌㄧˋ ㄓㄥˋ ㄘㄜˋ	1	10	財會金融	phrase.finance.tsv	125	
肥料學	ㄈㄟˊ ㄌㄧㄠˋ ㄒㄩㄝˊ	1	10	農業食品	phrase.agriculture-food.tsv	45	
肩旋轉肌	ㄐㄧㄢ ㄒㄩㄢˊ ㄓㄨㄢˇ ㄐㄧ	1	11	醫學	phrase.medicine.tsv	202	
肺纖維化	ㄈㄟˋ ㄒㄧㄢ ㄨㄟˊ ㄏㄨㄚˋ	1	12	醫學	phrase.medicine.tsv	204	
胃食道	ㄨㄟˋ ㄕˊ ㄉㄠˋ	1	11	醫學	phrase.medicine.tsv	206	
背信罪	ㄅㄟˋ ㄒㄧㄣˋ ㄗㄨㄟˋ	1	10	法律	phrase.law.tsv	143	
胖虎	ㄆㄤˋ ㄏㄨˇ	0.009999999999999986	17	動漫	phrase.anime.tsv	1849	
胚胎幹細胞	ㄆㄟ ㄊㄞ ㄍㄢˋ ㄒㄧˋ ㄅㄠ	1	3	生技藥學	phrase.biotech-pharma.tsv	80	
胡蝶忍	ㄏㄨˊ ㄉㄧㄝˊ ㄖㄣˇ	0.009999999999999986	13	動漫	phrase.anime.tsv	1851	
能源使用	ㄋㄥˊ ㄩㄢˊ ㄕˇ ㄩㄥˋ	1	14	環境能源	phrase.energy-environment.tsv	117	
能源效率	ㄋㄥˊ ㄩㄢˊ ㄒㄧㄠˋ ㄌㄩˋ	1	11	環境能源	phrase.energy-environment.tsv	118	
能源查核	ㄋㄥˊ ㄩㄢˊ ㄔㄚˊ ㄏㄜˊ	1	11	環境能源	phrase.energy-environment.tsv	119	
能源管理	ㄋㄥˊ ㄩㄢˊ ㄍㄨㄢˇ ㄌㄧˇ	1	12	環境能源	phrase.energy-environment.tsv	120	
能願動詞	ㄋㄥˊ ㄩㄢˋ ㄉㄨㄥˋ ㄘˊ	1	13	中文	phrase.chinese.tsv	114	
脂漏性	ㄓ ㄌㄡˋ ㄒㄧㄥˋ	1	10	醫學	phrase.medicine.tsv	208	
脫文	ㄊㄨㄛ ㄨㄣˊ	1	11	中文	phrase.chinese.tsv	115	
腎絲球	ㄕㄣˋ ㄙ ㄑㄧㄡˊ	1	10	醫學	phrase.medicine.tsv	210	
腐蝕測試	ㄈㄨˇ ㄕˊ ㄘㄜˋ ㄕˋ	1	16	材料化工	phrase.materials-chemistry.tsv	86	
腐蝕防護	ㄈㄨˇ ㄕˊ ㄈㄤˊ ㄏㄨˋ	1	10	材料化工	phrase.materials-chemistry.tsv	87	
腦嚙涅羅	ㄋㄠˇ ㄋㄧㄝˋ ㄋㄧㄝˋ ㄌㄨㄛˊ	0.009999999999999986	20	動漫	phrase.anime.tsv	1852	
腦缺血	ㄋㄠˇ ㄑㄩㄝ ㄒㄩㄝˋ	1	10	醫學	phrase.medicine.tsv	213	
腸溶錠	ㄔㄤˊ ㄖㄨㄥˊ ㄉㄧㄥˋ	1	11	生技藥學	phrase.biotech-pharma.tsv	81	
腸道	ㄔㄤˊ ㄉㄠˋ	0.009999999999999986	10	醫學	phrase.medicine.tsv	214	
膜生物	ㄇㄛˊ ㄕㄥ ㄨˋ	1	11	環境能源	phrase.energy-environment.tsv	121	
膠體化學	ㄐㄧㄠ ㄊㄧˇ ㄏㄨㄚˋ ㄒㄩㄝˊ	1	10	科學	phrase.science.tsv	65	
膨鬆劑	ㄆㄥˊ ㄙㄨㄥ ㄐㄧˋ	1	11	農業食品	phrase.agriculture-food.tsv	46	
臉書	ㄌㄧㄢˇ ㄕㄨ	1	35	一般	phrase.general.tsv	116	
臨床心理學	ㄌㄧㄣˊ ㄔㄨㄤˊ ㄒㄧㄣ ㄌㄧˇ ㄒㄩㄝˊ	1	4	心理社會	phrase.psychology-society.tsv	70	
臨床試驗	ㄌㄧㄣˊ ㄔㄨㄤˊ ㄕˋ ㄧㄢˋ	1	17	生技藥學	phrase.biotech-pharma.tsv	82	
自主保養	ㄗˋ ㄓㄨˇ ㄅㄠˇ ㄧㄤˇ	1	11	製造機械	phrase.manufacturing.tsv	111	
自來也	ㄗˋ ㄌㄞˊ ㄧㄝˇ	0.009999999999999986	10	動漫	phrase.anime.tsv	1854	
自動人偶	ㄗˋ ㄉㄨㄥˋ ㄖㄣˊ ㄡˇ	0.009999999999999986	11	動漫	phrase.anime.tsv	1856	
自動倉儲	ㄗˋ ㄉㄨㄥˋ ㄘㄤ ㄔㄨˊ	1	11	交通物流	phrase.transport-logistics.tsv	81	
自動分揀	ㄗˋ ㄉㄨㄥˋ ㄈㄣ ㄐㄧㄢˇ	1	11	交通物流	phrase.transport-logistics.tsv	82	
自動列車	ㄗˋ ㄉㄨㄥˋ ㄌㄧㄝˋ ㄔㄜ	1	13	交通物流	phrase.transport-logistics.tsv	83	
自動化產線	ㄗˋ ㄉㄨㄥˋ ㄏㄨㄚˋ ㄔㄢˇ ㄒㄧㄢˋ	1	13	製造機械	phrase.manufacturing.tsv	112	
自動導引車	ㄗˋ ㄉㄨㄥˋ ㄉㄠˇ ㄧㄣˇ ㄔㄜ	1	4	交通物流	phrase.transport-logistics.tsv	84	
自媒體	ㄗˋ ㄇㄟˊ ㄊㄧˇ	1	22	一般	phrase.general.tsv	117	
自我實現	ㄗˋ ㄨㄛˇ ㄕˊ ㄒㄧㄢˋ	1	12	心理社會	phrase.psychology-society.tsv	71	
自我效能	ㄗˋ ㄨㄛˇ ㄒㄧㄠˋ ㄋㄥˊ	1	12	心理社會	phrase.psychology-society.tsv	72	
自我概念	ㄗˋ ㄨㄛˇ ㄍㄞˋ ㄋㄧㄢˋ	1	12	心理社會	phrase.psychology-society.tsv	73	
自旋	ㄗˋ ㄒㄩㄢˊ	1	13	科學	phrase.science.tsv	66	
自然語言	ㄗˋ ㄖㄢˊ ㄩˇ ㄧㄢˊ	1	5	AI資料科學	phrase.ai-data-science.tsv	133	
自由基聚合	ㄗˋ ㄧㄡˊ ㄐㄧ ㄐㄩˋ ㄏㄜˊ	1	3	材料化工	phrase.materials-chemistry.tsv	88	
自由工作者	ㄗˋ ㄧㄡˊ ㄍㄨㄥ ㄗㄨㄛˋ ㄓㄜˇ	1	10	一般	phrase.general.tsv	120	
自由現金流	ㄗˋ ㄧㄡˊ ㄒㄧㄢˋ ㄐㄧㄣ ㄌㄧㄡˊ	1	5	財會金融	phrase.finance.tsv	127	
自由能	ㄗˋ ㄧㄡˊ ㄋㄥˊ	1	13	科學	phrase.science.tsv	67	
自由詞素	ㄗˋ ㄧㄡˊ ㄘˊ ㄙㄨˋ	1	12	中文	phrase.chinese.tsv	116	
自白法則	ㄗˋ ㄅㄛˊ ㄈㄚˇ ㄗㄜˊ	1	10	法律	phrase.law.tsv	145	
自監督學習	ㄗˋ ㄐㄧㄢ ㄉㄨ ㄒㄩㄝˊ ㄒㄧˊ	1	6	AI資料科學	phrase.ai-data-science.tsv	134	
自私鬼	ㄗˋ ㄙ ㄍㄨㄟˇ	0.009999999999999986	15	動漫	phrase.anime.tsv	1858	
自編碼器	ㄗˋ ㄅㄧㄢ ㄇㄚˇ ㄑㄧˋ	1	12	AI資料科學	phrase.ai-data-science.tsv	135	
自行車運輸	ㄗˋ ㄒㄧㄥˊ ㄔㄜ ㄩㄣˋ ㄕㄨ	1	4	交通物流	phrase.transport-logistics.tsv	86	
自駕車	ㄗˋ ㄐㄧㄚˋ ㄔㄜ	1	15	一般	phrase.general.tsv	121	
臭氧消毒	ㄔㄡˋ ㄧㄤˇ ㄒㄧㄠ ㄉㄨˊ	1	10	環境能源	phrase.energy-environment.tsv	122	
臺灣史	ㄊㄞˊ ㄨㄢ ㄕˇ	0.009999999999999986	10	歷史	phrase.history.tsv	140	
臺灣民主國	ㄊㄞˊ ㄨㄢ ㄇㄧㄣˊ ㄓㄨˇ ㄍㄨㄛˊ	1	2	歷史	phrase.history.tsv	141	
臺灣民眾黨	ㄊㄞˊ ㄨㄢ ㄇㄧㄣˊ ㄓㄨㄥˋ ㄉㄤˇ	1	4	歷史	phrase.history.tsv	142	
臺灣總督府	ㄊㄞˊ ㄨㄢ ㄗㄨㄥˇ ㄉㄨ ㄈㄨˇ	1	2	歷史	phrase.history.tsv	143	
與太郎	ㄩˇ ㄊㄞˋ ㄌㄤˊ	0.009999999999999986	12	動漫	phrase.anime.tsv	1859	
與營運規劃	ㄩˇ ㄧㄥˊ ㄩㄣˋ ㄍㄨㄟ ㄏㄨㄚˋ	1	5	商業	phrase.business.tsv	154	
舉證責任	ㄐㄩˇ ㄓㄥˋ ㄗㄜˊ ㄖㄣˋ	1	10	法律	phrase.law.tsv	146	
航空保安	ㄏㄤˊ ㄎㄨㄥ ㄅㄠˇ ㄢ	1	11	交通物流	phrase.transport-logistics.tsv	87	
航空貨運	ㄏㄤˊ ㄎㄨㄥ ㄏㄨㄛˋ ㄩㄣˋ	1	11	交通物流	phrase.transport-logistics.tsv	88	
船井讓次	ㄔㄨㄢˊ ㄐㄧㄥˇ ㄖㄤˋ ㄘˋ	0.009999999999999986	13	動漫	phrase.anime.tsv	1861	
良率分析	ㄌㄧㄤˊ ㄌㄩˋ ㄈㄣ ㄒㄧ	1	16	晶片半導體	phrase.semiconductor.tsv	131	
色彩分級	ㄙㄜˋ ㄘㄞˇ ㄈㄣ ㄐㄧˊ	1	11	媒體設計	phrase.media-design.tsv	75	
色彩理論	ㄙㄜˋ ㄘㄞˇ ㄌㄧˇ ㄌㄨㄣˋ	1	11	媒體設計	phrase.media-design.tsv	76	
色彩空間	ㄙㄜˋ ㄘㄞˇ ㄎㄨㄥ ㄐㄧㄢ	1	11	媒體設計	phrase.media-design.tsv	77	
色溫	ㄙㄜˋ ㄨㄣ	1	12	媒體設計	phrase.media-design.tsv	78	
艾冉	ㄞˋ ㄖㄢˇ	0.009999999999999986	12	動漫	phrase.anime.tsv	1862	
艾利亞斯	ㄞˋ ㄌㄧˋ ㄧㄚˇ ㄙ	0.009999999999999986	17	動漫	phrase.anime.tsv	1863	
艾利斯	ㄞˋ ㄌㄧˋ ㄙ	0.009999999999999986	19	動漫	phrase.anime.tsv	1864	
艾力克	ㄞˋ ㄌㄧˋ ㄎㄜˋ	0.009999999999999986	24	動漫	phrase.anime.tsv	1865	
艾因	ㄞˋ ㄧㄣ	0.009999999999999986	12	動漫	phrase.anime.tsv	1866	
艾基爾	ㄞˋ ㄐㄧ ㄦˇ	0.009999999999999986	11	動漫	phrase.anime.tsv	1867	
艾妮絲菲亞	ㄞˋ ㄋㄧˊ ㄙ ㄈㄟ ㄧㄚˇ	0.009999999999999986	17	動漫	phrase.anime.tsv	1868	
艾姬多娜	ㄞˋ ㄐㄧ ㄉㄨㄛ ㄋㄚˋ	0.009999999999999986	11	動漫	phrase.anime.tsv	1869	
艾娜	ㄞˋ ㄋㄚˋ	0.009999999999999986	11	動漫	phrase.anime.tsv	1870	
艾恩葛朗特	ㄞˋ ㄣ ㄍㄜˊ ㄌㄤˇ ㄊㄜˋ	0.009999999999999986	14	動漫	phrase.anime.tsv	1871	
艾斯	ㄞˋ ㄙ	0.009999999999999986	16	動漫	phrase.anime.tsv	1872	
艾斯卡諾	ㄞˋ ㄙ ㄎㄚˇ ㄋㄨㄛˋ	0.009999999999999986	8	動漫	phrase.anime.tsv	1873	
艾斯德斯	ㄞˋ ㄙ ㄉㄜˊ ㄙ	0.009999999999999986	11	動漫	phrase.anime.tsv	1874	
艾普斯隆	ㄞˋ ㄆㄨˇ ㄙ ㄌㄨㄥˊ	0.009999999999999986	12	動漫	phrase.anime.tsv	1875	
艾普羅	ㄞˋ ㄆㄨˇ ㄌㄨㄛˊ	0.009999999999999986	14	動漫	phrase.anime.tsv	1876	
艾波納	ㄞˋ ㄅㄛ ㄋㄚˋ	0.009999999999999986	9	動漫	phrase.anime.tsv	1877	
艾爾文	ㄞˋ ㄦˇ ㄨㄣˊ	0.009999999999999986	15	動漫	phrase.anime.tsv	1878	
艾爾莎	ㄞˋ ㄦˇ ㄕㄚ	0.009999999999999986	15	動漫	phrase.anime.tsv	1879	
艾瑟依拉姆	ㄞˋ ㄙㄜˋ ㄧ ㄌㄚ ㄇㄨˇ	0.009999999999999986	13	動漫	phrase.anime.tsv	1880	
艾米娜卡	ㄞˋ ㄇㄧˇ ㄋㄚˋ ㄎㄚˇ	0.009999999999999986	12	動漫	phrase.anime.tsv	1882	
艾納爾	ㄞˋ ㄋㄚˋ ㄦˇ	0.009999999999999986	12	動漫	phrase.anime.tsv	1883	
艾絲	ㄞˋ ㄙ	0.009999999999999986	16	動漫	phrase.anime.tsv	1884	
艾美諾公主	ㄞˋ ㄇㄟˇ ㄋㄨㄛˋ ㄍㄨㄥ ㄓㄨˇ	0.009999999999999986	10	動漫	phrase.anime.tsv	1885	
艾莉	ㄞˋ ㄌㄧˋ	0.009999999999999986	21	動漫	phrase.anime.tsv	1886	
艾莉同學	ㄞˋ ㄌㄧˋ ㄊㄨㄥˊ ㄒㄩㄝˊ	0.009999999999999986	22	動漫	phrase.anime.tsv	1887	
艾莉歐斯亞	ㄞˋ ㄌㄧˋ ㄡ ㄙ ㄧㄚˇ	0.009999999999999986	13	動漫	phrase.anime.tsv	1888	
艾莉絲	ㄞˋ ㄌㄧˋ ㄙ	0.009999999999999986	16	動漫	phrase.anime.tsv	1889	
艾莉緹	ㄞˋ ㄌㄧˋ ㄊㄧˊ	0.009999999999999986	22	動漫	phrase.anime.tsv	1890	
艾蒂菲爾特	ㄞˋ ㄉㄧˋ ㄈㄟ ㄦˇ ㄊㄜˋ	0.009999999999999986	15	動漫	phrase.anime.tsv	1891	
艾蕾卡	ㄞˋ ㄌㄟˇ ㄎㄚˇ	0.009999999999999986	14	動漫	phrase.anime.tsv	1892	
艾薇兒布	ㄞˋ ㄨㄟˊ ㄦˊ ㄅㄨˋ	0.009999999999999986	13	動漫	phrase.anime.tsv	1893	
艾薩克迪安	ㄞˋ ㄙㄚˋ ㄎㄜˋ ㄉㄧˊ ㄢ	0.009999999999999986	17	動漫	phrase.anime.tsv	1894	
艾蘭諾	ㄞˋ ㄌㄢˊ ㄋㄨㄛˋ	0.009999999999999986	14	動漫	phrase.anime.tsv	1895	
艾連葉卡	ㄞˋ ㄌㄧㄢˊ ㄧㄝˋ ㄎㄚˇ	0.009999999999999986	25	動漫	phrase.anime.tsv	1896	
芙拉蒂蕾娜	ㄈㄨˊ ㄌㄚ ㄉㄧˋ ㄌㄟˇ ㄋㄚˋ	0.009999999999999986	17	動漫	phrase.anime.tsv	1897	
芙莉蓮	ㄈㄨˊ ㄌㄧˋ ㄌㄧㄢˊ	0.009999999999999986	27	動漫	phrase.anime.tsv	1898	
芙蕾阿斯達	ㄈㄨˊ ㄌㄟˇ ㄚ ㄙ ㄉㄚˊ	0.009999999999999986	13	動漫	phrase.anime.tsv	1899	
芥川龍之介	ㄐㄧㄝˋ ㄔㄨㄢ ㄌㄨㄥˊ ㄓ ㄐㄧㄝˋ	0.009999999999999986	15	動漫	phrase.anime.tsv	1901	
花井梓	ㄏㄨㄚ ㄐㄧㄥˇ ㄗˇ	0.009999999999999986	12	動漫	phrase.anime.tsv	1903	
花園多惠	ㄏㄨㄚ ㄩㄢˊ ㄉㄨㄛ ㄏㄨㄟˋ	0.009999999999999986	17	動漫	phrase.anime.tsv	1905	
花園櫻	ㄏㄨㄚ ㄩㄢˊ ㄧㄥ	0.009999999999999986	14	動漫	phrase.anime.tsv	1906	
花垣武道	ㄏㄨㄚ ㄩㄢˊ ㄨˇ ㄉㄠˋ	0.009999999999999986	22	動漫	phrase.anime.tsv	1907	
花媽	ㄏㄨㄚ ㄇㄚ	0.009999999999999986	24	動漫	phrase.anime.tsv	1908	
花子君	ㄏㄨㄚ ㄗˇ ㄐㄩㄣ	0.009999999999999986	23	動漫	phrase.anime.tsv	1909	
花山薰	ㄏㄨㄚ ㄕㄢ ㄒㄩㄣ	0.009999999999999986	11	動漫	phrase.anime.tsv	1910	
花式滑冰	ㄏㄨㄚ ㄕˋ ㄏㄨㄚˊ ㄅㄧㄥ	0.009999999999999986	13	動漫	phrase.anime.tsv	1911	
花本葉久美	ㄏㄨㄚ ㄅㄣˇ ㄧㄝˋ ㄐㄧㄡˇ ㄇㄟˇ	0.009999999999999986	15	動漫	phrase.anime.tsv	1912	
花枝娘	ㄏㄨㄚ ㄓ ㄋㄧㄤˊ	0.009999999999999986	21	動漫	phrase.anime.tsv	1913	
花澤輝氣	ㄏㄨㄚ ㄗㄜˊ ㄏㄨㄟ ㄑㄧˋ	0.009999999999999986	15	動漫	phrase.anime.tsv	1914	
花爸	ㄏㄨㄚ ㄅㄚˋ	0.009999999999999986	16	動漫	phrase.anime.tsv	1915	
花牌情緣	ㄏㄨㄚ ㄆㄞˊ ㄑㄧㄥˊ ㄩㄢˊ	0.009999999999999986	20	動漫	phrase.anime.tsv	1916	
花菱烈火	ㄏㄨㄚ ㄌㄧㄥˊ ㄌㄧㄝˋ ㄏㄨㄛˇ	0.009999999999999986	17	動漫	phrase.anime.tsv	1918	
花開物語	ㄏㄨㄚ ㄎㄞ ㄨˋ ㄩˇ	0.009999999999999986	19	動漫	phrase.anime.tsv	1919	
芳村	ㄈㄤ ㄘㄨㄣ	0.009999999999999986	14	動漫	phrase.anime.tsv	1920	
芹澤朋也	ㄑㄧㄣˊ ㄗㄜˊ ㄆㄥˊ ㄧㄝˇ	0.009999999999999986	14	動漫	phrase.anime.tsv	1922	
芹澤蕾拉	ㄑㄧㄣˊ ㄗㄜˊ ㄌㄟˇ ㄌㄚ	0.009999999999999986	11	動漫	phrase.anime.tsv	1923	
芽亞里	ㄧㄚˊ ㄧㄚˇ ㄌㄧˇ	0.009999999999999986	18	動漫	phrase.anime.tsv	1924	
若月妮可	ㄖㄨㄛˋ ㄩㄝˋ ㄋㄧˊ ㄎㄜˇ	0.009999999999999986	15	動漫	phrase.anime.tsv	1925	
若本真吾	ㄖㄨㄛˋ ㄅㄣˇ ㄓㄣ ㄨˊ	0.009999999999999986	14	動漫	phrase.anime.tsv	1926	
若狹悠里	ㄖㄨㄛˋ ㄒㄧㄚˊ ㄧㄡ ㄌㄧˇ	0.009999999999999986	14	動漫	phrase.anime.tsv	1927	
若葉姬色	ㄖㄨㄛˋ ㄧㄝˋ ㄐㄧ ㄙㄜˋ	0.009999999999999986	15	動漫	phrase.anime.tsv	1928	
英偉達	ㄧㄥ ㄨㄟˇ ㄉㄚˊ	1	8	一般	phrase.general.tsv	123	
英國革命	ㄧㄥ ㄍㄨㄛˊ ㄍㄜˊ ㄇㄧㄥˋ	1	12	歷史	phrase.history.tsv	144	
英雄學院	ㄧㄥ ㄒㄩㄥˊ ㄒㄩㄝˊ ㄩㄢˋ	0.009999999999999986	26	動漫	phrase.anime.tsv	1929	
茂木夏樹	ㄇㄠˋ ㄇㄨˋ ㄒㄧㄚˋ ㄕㄨˋ	0.009999999999999986	13	動漫	phrase.anime.tsv	1930	
茂野吾郎	ㄇㄠˋ ㄧㄝˇ ㄨˊ ㄌㄤˊ	0.009999999999999986	18	動漫	phrase.anime.tsv	1931	
茂野英毅	ㄇㄠˋ ㄧㄝˇ ㄧㄥ ㄧˋ	0.009999999999999986	12	動漫	phrase.anime.tsv	1932	
范格	ㄈㄢˋ ㄍㄜˊ	0.009999999999999986	12	動漫	phrase.anime.tsv	1933	
茅場晶彥	ㄇㄠˊ ㄔㄤˇ ㄐㄧㄥ ㄧㄢˋ	0.009999999999999986	14	動漫	phrase.anime.tsv	1934	
茅野楓	ㄇㄠˊ ㄧㄝˇ ㄈㄥ	0.009999999999999986	15	動漫	phrase.anime.tsv	1935	
茅野貴子	ㄇㄠˊ ㄧㄝˇ ㄍㄨㄟˋ ㄗˇ	0.009999999999999986	11	動漫	phrase.anime.tsv	1936	
茉希尾瀨	ㄇㄛˋ ㄒㄧ ㄨㄟˇ ㄌㄞˋ	0.009999999999999986	13	動漫	phrase.anime.tsv	1937	
茵蒂克絲	ㄧㄣ ㄉㄧˋ ㄎㄜˋ ㄙ	0.009999999999999986	18	動漫	phrase.anime.tsv	1939	
草壁梅	ㄘㄠˇ ㄅㄧˋ ㄇㄟˊ	0.009999999999999986	22	動漫	phrase.anime.tsv	1940	
草壁皋月	ㄘㄠˇ ㄅㄧˋ ㄍㄠ ㄩㄝˋ	0.009999999999999986	25	動漫	phrase.anime.tsv	1941	
草摩夾	ㄘㄠˇ ㄇㄛˊ ㄐㄧㄚˊ	0.009999999999999986	17	動漫	phrase.anime.tsv	1942	
草摩慊人	ㄘㄠˇ ㄇㄛˊ ㄑㄧㄢˋ ㄖㄣˊ	0.009999999999999986	11	動漫	phrase.anime.tsv	1943	
草摩由希	ㄘㄠˇ ㄇㄛˊ ㄧㄡˊ ㄒㄧ	0.009999999999999986	19	動漫	phrase.anime.tsv	1944	
草摩紅葉	ㄘㄠˇ ㄇㄛˊ ㄏㄨㄥˊ ㄧㄝˋ	0.009999999999999986	13	動漫	phrase.anime.tsv	1945	
草摩紫吳	ㄘㄠˇ ㄇㄛˊ ㄗˇ ㄨˊ	0.009999999999999986	15	動漫	phrase.anime.tsv	1946	
草薙素子	ㄘㄠˇ ㄊㄧˋ ㄙㄨˋ ㄗ˙	0.009999999999999986	21	動漫	phrase.anime.tsv	1947	
荊棘魔法使	ㄐㄧㄥ ㄐㄧˊ ㄇㄛˊ ㄈㄚˇ ㄕˇ	0.009999999999999986	13	動漫	phrase.anime.tsv	1948	
荒卷大輔	ㄏㄨㄤ ㄐㄩㄢˇ ㄉㄚˋ ㄈㄨˇ	0.009999999999999986	14	動漫	phrase.anime.tsv	1949	
荒川河畔	ㄏㄨㄤ ㄔㄨㄢ ㄏㄜˊ ㄆㄢˋ	0.009999999999999986	12	動漫	phrase.anime.tsv	1950	
荒川爆笑團	ㄏㄨㄤ ㄔㄨㄢ ㄅㄠˋ ㄒㄧㄠˋ ㄊㄨㄢˊ	0.009999999999999986	20	動漫	phrase.anime.tsv	1951	
荒耶宗蓮	ㄏㄨㄤ ㄧㄝ ㄗㄨㄥ ㄌㄧㄢˊ	0.009999999999999986	12	動漫	phrase.anime.tsv	1952	
荒野女巫	ㄏㄨㄤ ㄧㄝˇ ㄋㄩˇ ㄨˊ	0.009999999999999986	16	動漫	phrase.anime.tsv	1953	
荷治時期	ㄏㄜˊ ㄓˋ ㄕˊ ㄑㄧˊ	1	11	歷史	phrase.history.tsv	145	
荷米莉	ㄏㄜˊ ㄇㄧˇ ㄌㄧˋ	0.009999999999999986	14	動漫	phrase.anime.tsv	1954	
荻野千尋	ㄉㄧˊ ㄧㄝˇ ㄑㄧㄢ ㄒㄩㄣˊ	0.009999999999999986	25	動漫	phrase.anime.tsv	1955	
莉可	ㄌㄧˋ ㄎㄜˇ	0.009999999999999986	20	動漫	phrase.anime.tsv	1956	
莉可麗絲	ㄌㄧˋ ㄎㄜˇ ㄌㄧˋ ㄙ	0.009999999999999986	24	動漫	phrase.anime.tsv	1957	
莉法	ㄌㄧˋ ㄈㄚˇ	0.009999999999999986	18	動漫	phrase.anime.tsv	1958	
莉茲史瑪特	ㄌㄧˋ ㄗ ㄕˇ ㄇㄚˇ ㄊㄜˋ	0.009999999999999986	12	動漫	phrase.anime.tsv	1959	
莉茲湯普森	ㄌㄧˋ ㄗ ㄊㄤ ㄆㄨˇ ㄙㄣ	0.009999999999999986	9	動漫	phrase.anime.tsv	1960	
莉茲貝特	ㄌㄧˋ ㄗ ㄅㄟˋ ㄊㄜˋ	0.009999999999999986	12	動漫	phrase.anime.tsv	1961	
莉莉娜	ㄌㄧˋ ㄌㄧˋ ㄋㄚˋ	0.009999999999999986	9	動漫	phrase.anime.tsv	1962	
莉莉露卡	ㄌㄧˋ ㄌㄧˋ ㄌㄨˋ ㄎㄚˇ	0.009999999999999986	14	動漫	phrase.anime.tsv	1963	
莉莎霍克愛	ㄌㄧˋ ㄕㄚ ㄏㄨㄛˋ ㄎㄜˋ ㄞˋ	0.009999999999999986	16	動漫	phrase.anime.tsv	1964	
莊園制度	ㄓㄨㄤ ㄩㄢˊ ㄓˋ ㄉㄨˋ	1	10	歷史	phrase.history.tsv	146	
莎米哈伊	ㄕㄚ ㄇㄧˇ ㄏㄚ ㄧ	0.009999999999999986	16	動漫	phrase.anime.tsv	1966	
莫奇馬茲	ㄇㄛˋ ㄑㄧˊ ㄇㄚˇ ㄗ	0.009999999999999986	11	動漫	phrase.anime.tsv	1967	
莫娜	ㄇㄛˋ ㄋㄚˋ	0.009999999999999986	15	動漫	phrase.anime.tsv	1968	
莫耳濃度	ㄇㄛˋ ㄦˇ ㄋㄨㄥˊ ㄉㄨˋ	1	12	科學	phrase.science.tsv	68	
莫里亞蒂	ㄇㄛˋ ㄌㄧˇ ㄧㄚˇ ㄉㄧˋ	0.009999999999999986	25	動漫	phrase.anime.tsv	1969	
菅原卓郎	ㄐㄧㄢ ㄩㄢˊ ㄓㄨㄛˊ ㄌㄤˊ	0.009999999999999986	13	動漫	phrase.anime.tsv	1970	
菅原孝支	ㄐㄧㄢ ㄩㄢˊ ㄒㄧㄠˋ ㄓ	0.009999999999999986	16	動漫	phrase.anime.tsv	1971	
菅生明日香	ㄐㄧㄢ ㄕㄥ ㄇㄧㄥˊ ㄖˋ ㄒㄧㄤ	0.009999999999999986	16	動漫	phrase.anime.tsv	1972	
菊丸英二	ㄐㄩˊ ㄨㄢˊ ㄧㄥ ㄦˋ	0.009999999999999986	14	動漫	phrase.anime.tsv	1973	
菊地善人	ㄐㄩˊ ㄉㄧˋ ㄕㄢˋ ㄖㄣˊ	0.009999999999999986	15	動漫	phrase.anime.tsv	1974	
菊地真	ㄐㄩˊ ㄉㄧˋ ㄓㄣ	0.009999999999999986	9	動漫	phrase.anime.tsv	1975	
菜月昴	ㄘㄞˋ ㄩㄝˋ ㄇㄠˇ	0.009999999999999986	24	動漫	phrase.anime.tsv	1976	
華倫斯坦	ㄏㄨㄚˊ ㄌㄨㄣˊ ㄙ ㄊㄢˇ	0.009999999999999986	16	動漫	phrase.anime.tsv	1977	
華斯	ㄏㄨㄚˊ ㄙ	0.009999999999999986	12	動漫	phrase.anime.tsv	1978	
菱形窗	ㄌㄧㄥˊ ㄒㄧㄥˊ ㄔㄨㄤ	0.009999999999999986	13	動漫	phrase.anime.tsv	1979	
菲洛	ㄈㄟ ㄌㄨㄛˋ	0.009999999999999986	14	動漫	phrase.anime.tsv	1980	
菲特泰斯	ㄈㄟ ㄊㄜˋ ㄊㄞˋ ㄙ	0.009999999999999986	16	動漫	phrase.anime.tsv	1981	
菲瓦倫坦	ㄈㄟ ㄨㄚˇ ㄌㄨㄣˊ ㄊㄢˇ	0.009999999999999986	15	動漫	phrase.anime.tsv	1982	
萊德利	ㄌㄞˊ ㄉㄜˊ ㄌㄧˋ	0.009999999999999986	13	動漫	phrase.anime.tsv	1983	
萊涅絲艾	ㄌㄞˊ ㄋㄧㄝˋ ㄙ ㄞˋ	0.009999999999999986	14	動漫	phrase.anime.tsv	1984	
萊登修迦	ㄌㄞˊ ㄉㄥ ㄒㄧㄡ ㄐㄧㄚ	0.009999999999999986	15	動漫	phrase.anime.tsv	1985	
萊艾	ㄌㄞˊ ㄞˋ	0.009999999999999986	11	動漫	phrase.anime.tsv	1986	
萩原雪步	ㄑㄧㄡ ㄩㄢˊ ㄒㄩㄝˇ ㄅㄨˋ	0.009999999999999986	13	動漫	phrase.anime.tsv	1987	
萩村鈴	ㄑㄧㄡ ㄘㄨㄣ ㄌㄧㄥˊ	0.009999999999999986	12	動漫	phrase.anime.tsv	1988	
落語	ㄌㄨㄛˋ ㄩˇ	0.009999999999999986	21	動漫	phrase.anime.tsv	1989	
葉月渚	ㄧㄝˋ ㄩㄝˋ ㄓㄨˇ	0.009999999999999986	13	動漫	phrase.anime.tsv	1990	
葉王	ㄧㄝˋ ㄨㄤˊ	0.009999999999999986	9	動漫	phrase.anime.tsv	1991	
葉面施肥	ㄧㄝˋ ㄇㄧㄢˋ ㄕ ㄈㄟˊ	1	10	農業食品	phrase.agriculture-food.tsv	48	
葛城美里	ㄍㄜˇ ㄔㄥˊ ㄇㄟˇ ㄌㄧˇ	0.009999999999999986	15	動漫	phrase.anime.tsv	1992	
葛拉漢艾卡	ㄍㄜˇ ㄌㄚ ㄏㄢˋ ㄞˋ ㄎㄚˇ	0.009999999999999986	12	動漫	phrase.anime.tsv	1993	
董事會治理	ㄉㄨㄥˇ ㄕˋ ㄏㄨㄟˋ ㄓˋ ㄌㄧˇ	1	4	商業	phrase.business.tsv	155	
蒂雅	ㄉㄧˋ ㄧㄚˇ	0.009999999999999986	13	動漫	phrase.anime.tsv	1996	
蒙其迪魯夫	ㄇㄥˊ ㄑㄧˊ ㄉㄧˊ ㄌㄨˇ ㄈㄨ	0.009999999999999986	25	動漫	phrase.anime.tsv	1997	蒙其D魯夫
蒲生真紀	ㄆㄨˊ ㄕㄥ ㄓㄣ ㄐㄧˋ	0.009999999999999986	14	動漫	phrase.anime.tsv	1998	
蒼井茜	ㄘㄤ ㄐㄧㄥˇ ㄑㄧㄢˋ	0.009999999999999986	10	動漫	phrase.anime.tsv	1999	
蒼崎橙子	ㄘㄤ ㄑㄧˊ ㄔㄥˊ ㄗ˙	0.009999999999999986	15	動漫	phrase.anime.tsv	2000	
蒼鷺與少年	ㄘㄤ ㄌㄨˋ ㄩˇ ㄕㄠˋ ㄋㄧㄢˊ	0.009999999999999986	22	動漫	phrase.anime.tsv	2002	
蓋吉特	ㄍㄞˋ ㄐㄧˊ ㄊㄜˋ	0.009999999999999986	20	動漫	phrase.anime.tsv	2003	
蕾亞	ㄌㄟˇ ㄧㄚˇ	0.009999999999999986	10	動漫	phrase.anime.tsv	2005	
蕾哈爾	ㄌㄟˇ ㄏㄚ ㄦˇ	0.009999999999999986	17	動漫	phrase.anime.tsv	2006	
蕾潔	ㄌㄟˇ ㄐㄧㄝˊ	0.009999999999999986	14	動漫	phrase.anime.tsv	2007	
蕾貝卡	ㄌㄟˇ ㄅㄟˋ ㄎㄚˇ	0.009999999999999986	17	動漫	phrase.anime.tsv	2008	
薄刃新	ㄅㄛˊ ㄖㄣˋ ㄒㄧㄣ	0.009999999999999986	11	動漫	phrase.anime.tsv	2009	
薄膜材料	ㄅㄛˊ ㄇㄛˊ ㄘㄞˊ ㄌㄧㄠˋ	1	12	材料化工	phrase.materials-chemistry.tsv	89	
薄膜製程	ㄅㄛˊ ㄇㄛˊ ㄓˋ ㄔㄥˊ	1	14	晶片半導體	phrase.semiconductor.tsv	133	
薄膜設備	ㄅㄛˊ ㄇㄛˊ ㄕㄜˋ ㄅㄟˋ	1	13	晶片半導體	phrase.semiconductor.tsv	134	
薇塔	ㄨㄟˊ ㄊㄚˇ	0.009999999999999986	11	動漫	phrase.anime.tsv	2010	
薇爾莉特	ㄨㄟˊ ㄦˇ ㄌㄧˋ ㄊㄜˋ	0.009999999999999986	23	動漫	phrase.anime.tsv	2011	
薇瑟	ㄨㄟˊ ㄙㄜˋ	0.009999999999999986	13	動漫	phrase.anime.tsv	2012	
薙切繪里奈	ㄊㄧˋ ㄑㄧㄝˋ ㄏㄨㄟˋ ㄌㄧˇ ㄋㄞˋ	0.009999999999999986	18	動漫	phrase.anime.tsv	2013	
薛丁格方程	ㄒㄩㄝ ㄉㄧㄥ ㄍㄜˊ ㄈㄤ ㄔㄥˊ	1	3	科學	phrase.science.tsv	69	
薩流士	ㄙㄚˋ ㄌㄧㄡˊ ㄕˋ	0.009999999999999986	18	動漫	phrase.anime.tsv	2014	
薩爾達	ㄙㄚˋ ㄦˇ ㄉㄚˊ	1	15	一般	phrase.general.tsv	124	
薩爾達傳說	ㄙㄚˋ ㄦˇ ㄉㄚˊ ㄔㄨㄢˊ ㄕㄨㄛ	1	7	一般	phrase.general.tsv	125	
薪酬委員會	ㄒㄧㄣ ㄔㄡˊ ㄨㄟˇ ㄩㄢˊ ㄏㄨㄟˋ	1	4	商業	phrase.business.tsv	156	
藍堂英	ㄌㄢˊ ㄊㄤˊ ㄧㄥ	0.009999999999999986	11	動漫	phrase.anime.tsv	2015	
藍染惣右介	ㄌㄢˊ ㄖㄢˇ ㄗㄨㄥˇ ㄧㄡˋ ㄐㄧㄝˋ	0.009999999999999986	11	動漫	phrase.anime.tsv	2016	
藍色監獄	ㄌㄢˊ ㄙㄜˋ ㄐㄧㄢ ㄩˋ	0.009999999999999986	25	動漫	phrase.anime.tsv	2017	
藍隊防禦	ㄌㄢˊ ㄉㄨㄟˋ ㄈㄤˊ ㄩˋ	1	11	網路資安	phrase.network-security.tsv	139	
藏原走	ㄗㄤˋ ㄩㄢˊ ㄗㄡˇ	0.009999999999999986	18	動漫	phrase.anime.tsv	2018	
藏詞	ㄘㄤˊ ㄘˊ	1	11	中文	phrase.chinese.tsv	117	
藏馬	ㄗㄤˋ ㄇㄚˇ	0.009999999999999986	16	動漫	phrase.anime.tsv	2019	
藤丸立香	ㄊㄥˊ ㄨㄢˊ ㄌㄧˋ ㄒㄧㄤ	0.009999999999999986	23	動漫	phrase.anime.tsv	2020	
藤原佐為	ㄊㄥˊ ㄩㄢˊ ㄗㄨㄛˇ ㄨㄟˊ	0.009999999999999986	17	動漫	phrase.anime.tsv	2021	
藤原千花	ㄊㄥˊ ㄩㄢˊ ㄑㄧㄢ ㄏㄨㄚ	0.009999999999999986	16	動漫	phrase.anime.tsv	2022	
藤原拓海	ㄊㄥˊ ㄩㄢˊ ㄊㄨㄛˋ ㄏㄞˇ	0.009999999999999986	22	動漫	phrase.anime.tsv	2023	
藤原羽月	ㄊㄥˊ ㄩㄢˊ ㄩˇ ㄩㄝˋ	0.009999999999999986	17	動漫	phrase.anime.tsv	2024	
藤堂美沙	ㄊㄥˊ ㄊㄤˊ ㄇㄟˇ ㄕㄚ	0.009999999999999986	13	動漫	phrase.anime.tsv	2025	
藤堂葵	ㄊㄥˊ ㄊㄤˊ ㄎㄨㄟˊ	0.009999999999999986	14	動漫	phrase.anime.tsv	2026	
藤岡	ㄊㄥˊ ㄍㄤ	0.009999999999999986	10	動漫	phrase.anime.tsv	2027	
藤岡春緋	ㄊㄥˊ ㄍㄤ ㄔㄨㄣ ㄈㄟ	0.009999999999999986	21	動漫	phrase.anime.tsv	2028	
藤本	ㄊㄥˊ ㄅㄣˇ	0.009999999999999986	13	動漫	phrase.anime.tsv	2029	
藤林杏	ㄊㄥˊ ㄌㄧㄣˊ ㄒㄧㄥˋ	0.009999999999999986	17	動漫	phrase.anime.tsv	2030	
藤野	ㄊㄥˊ ㄧㄝˇ	0.009999999999999986	12	動漫	phrase.anime.tsv	2031	
藤野清志	ㄊㄥˊ ㄧㄝˇ ㄑㄧㄥ ㄓˋ	0.009999999999999986	18	動漫	phrase.anime.tsv	2032	
藥品製造	ㄧㄠˋ ㄆㄧㄣˇ ㄓˋ ㄗㄠˋ	1	11	生技藥學	phrase.biotech-pharma.tsv	84	
藥師少女	ㄧㄠˋ ㄕ ㄕㄠˋ ㄋㄩˇ	0.009999999999999986	24	動漫	phrase.anime.tsv	2034	
藥物動力學	ㄧㄠˋ ㄨˋ ㄉㄨㄥˋ ㄌㄧˋ ㄒㄩㄝˊ	1	4	生技藥學	phrase.biotech-pharma.tsv	86	
藥物效力學	ㄧㄠˋ ㄨˋ ㄒㄧㄠˋ ㄌㄧˋ ㄒㄩㄝˊ	1	4	生技藥學	phrase.biotech-pharma.tsv	87	
藥物最佳化	ㄧㄠˋ ㄨˋ ㄗㄨㄟˋ ㄐㄧㄚ ㄏㄨㄚˋ	1	4	生技藥學	phrase.biotech-pharma.tsv	88	
藥物篩選	ㄧㄠˋ ㄨˋ ㄕㄞ ㄒㄩㄢˇ	1	11	生技藥學	phrase.biotech-pharma.tsv	89	
藥物過敏	ㄧㄠˋ ㄨˋ ㄍㄨㄛˋ ㄇㄧㄣˇ	1	11	生技藥學	phrase.biotech-pharma.tsv	90	
藥物開發	ㄧㄠˋ ㄨˋ ㄎㄞ ㄈㄚ	1	11	生技藥學	phrase.biotech-pharma.tsv	91	
蘇枋隼飛	ㄙㄨ ㄈㄤ ㄓㄨㄣˇ ㄈㄟ	0.009999999999999986	13	動漫	phrase.anime.tsv	2035	
蘇聯解體	ㄙㄨ ㄌㄧㄢˊ ㄐㄧㄝˇ ㄊㄧˇ	1	11	歷史	phrase.history.tsv	148	
蘇芳	ㄙㄨ ㄈㄤ	0.009999999999999986	9	動漫	phrase.anime.tsv	2036	
蘇菲	ㄙㄨ ㄈㄟ	0.009999999999999986	24	動漫	phrase.anime.tsv	2037	
蘇西曼	ㄙㄨ ㄒㄧ ㄇㄢˋ	0.009999999999999986	14	動漫	phrase.anime.tsv	2039	
蘭佩洛基	ㄌㄢˊ ㄆㄟˋ ㄌㄨㄛˋ ㄐㄧ	0.009999999999999986	23	動漫	phrase.anime.tsv	2040	
蘭頓薩斯頓	ㄌㄢˊ ㄉㄨㄣˋ ㄙㄚˋ ㄙ ㄉㄨㄣˋ	0.009999999999999986	16	動漫	phrase.anime.tsv	2041	
虎杖悠仁	ㄏㄨˇ ㄓㄤˋ ㄧㄡ ㄖㄣˊ	0.009999999999999986	25	動漫	phrase.anime.tsv	2042	
虛擬實況主	ㄒㄩ ㄋㄧˇ ㄕˊ ㄎㄨㄤˋ ㄓㄨˇ	1	6	一般	phrase.general.tsv	127	
虛擬電廠	ㄒㄩ ㄋㄧˇ ㄉㄧㄢˋ ㄔㄤˇ	1	11	環境能源	phrase.energy-environment.tsv	123	
虛構推理	ㄒㄩ ㄍㄡˋ ㄊㄨㄟ ㄌㄧˇ	0.009999999999999986	21	動漫	phrase.anime.tsv	2044	
蛇喰夢子	ㄕㄜˊ ㄘㄢ ㄇㄥˋ ㄗ˙	0.009999999999999986	21	動漫	phrase.anime.tsv	2045	
蛋白質工程	ㄉㄢˋ ㄅㄞˊ ㄓˊ ㄍㄨㄥ ㄔㄥˊ	1	5	生技藥學	phrase.biotech-pharma.tsv	92	
蛋白質轉譯	ㄉㄢˋ ㄅㄞˊ ㄓˊ ㄓㄨㄢˇ ㄧˋ	1	4	科學	phrase.science.tsv	70	
蛋白質體學	ㄉㄢˋ ㄅㄞˊ ㄓˊ ㄊㄧˇ ㄒㄩㄝˊ	1	4	生技藥學	phrase.biotech-pharma.tsv	93	
蜂樂迴	ㄈㄥ ㄌㄜˋ ㄏㄨㄟˊ	0.009999999999999986	20	動漫	phrase.anime.tsv	2046	
蜂窩性	ㄈㄥ ㄨㄛ ㄒㄧㄥˋ	1	10	醫學	phrase.medicine.tsv	220	
蜂蜜幸運草	ㄈㄥ ㄇㄧˋ ㄒㄧㄥˋ ㄩㄣˋ ㄘㄠˇ	0.009999999999999986	20	動漫	phrase.anime.tsv	2047	
蜘蛛子	ㄓ ㄓㄨ ㄗ˙	0.009999999999999986	17	動漫	phrase.anime.tsv	2049	
蜘蛛膜下腔	ㄓ ㄓㄨ ㄇㄛˊ ㄒㄧㄚˋ ㄑㄧㄤ	1	3	醫學	phrase.medicine.tsv	221	
蜜莉姆	ㄇㄧˋ ㄌㄧˋ ㄇㄨˇ	0.009999999999999986	12	動漫	phrase.anime.tsv	2050	
蜥蜴僧侶	ㄒㄧ ㄧˋ ㄙㄥ ㄌㄩˇ	0.009999999999999986	13	動漫	phrase.anime.tsv	2051	
蝕刻機	ㄕˊ ㄎㄜ ㄐㄧ	1	11	晶片半導體	phrase.semiconductor.tsv	137	
蝕刻製程	ㄕˊ ㄎㄜ ㄓˋ ㄔㄥˊ	1	14	晶片半導體	phrase.semiconductor.tsv	138	
蝦夷農	ㄒㄧㄚ ㄧˊ ㄋㄨㄥˊ	0.009999999999999986	13	動漫	phrase.anime.tsv	2053	
蝦皮	ㄒㄧㄚ ㄆㄧˊ	1	35	一般	phrase.general.tsv	129	
蝶野雛	ㄉㄧㄝˊ ㄧㄝˇ ㄔㄨˊ	0.009999999999999986	15	動漫	phrase.anime.tsv	2054	
蝸輪蝸桿	ㄨㄛ ㄌㄨㄣˊ ㄨㄛ ㄍㄢˇ	1	10	製造機械	phrase.manufacturing.tsv	113	
融資現金流	ㄖㄨㄥˊ ㄗ ㄒㄧㄢˋ ㄐㄧㄣ ㄌㄧㄡˊ	1	4	財會金融	phrase.finance.tsv	128	
螺巖	ㄌㄨㄛˊ ㄧㄢˊ	0.009999999999999986	23	動漫	phrase.anime.tsv	2055	
螺旋王	ㄌㄨㄛˊ ㄒㄩㄢˊ ㄨㄤˊ	0.009999999999999986	11	動漫	phrase.anime.tsv	2056	
蟲師	ㄔㄨㄥˊ ㄕ	0.009999999999999986	22	動漫	phrase.anime.tsv	2057	
蟻王	ㄧˇ ㄨㄤˊ	0.009999999999999986	10	動漫	phrase.anime.tsv	2058	
蠕變試驗	ㄖㄨˊ ㄅㄧㄢˋ ㄕˋ ㄧㄢˋ	1	10	材料化工	phrase.materials-chemistry.tsv	90	
蠟筆小新	ㄌㄚˋ ㄅㄧˇ ㄒㄧㄠˇ ㄒㄧㄣ	0.009999999999999986	28	動漫	phrase.anime.tsv	2059	
血中	ㄒㄩㄝˋ ㄓㄨㄥ	1	12	生技藥學	phrase.biotech-pharma.tsv	94	
血液系統	ㄒㄧㄝˇ ㄧˋ ㄒㄧˋ ㄊㄨㄥˇ	1	13	醫學	phrase.medicine.tsv	224	
血盟騎士團	ㄒㄧㄝˇ ㄇㄥˊ ㄑㄧˊ ㄕˋ ㄊㄨㄢˊ	0.009999999999999986	11	動漫	phrase.anime.tsv	2061	
血管內	ㄒㄧㄝˇ ㄍㄨㄢˇ ㄋㄟˋ	1	9	醫學	phrase.medicine.tsv	225	
行動應用	ㄒㄧㄥˊ ㄉㄨㄥˋ ㄧㄥˋ ㄩㄥˋ	1	10	一般	phrase.general.tsv	131	
行動服務	ㄒㄧㄥˊ ㄉㄨㄥˋ ㄈㄨˊ ㄨˋ	1	9	軟體科學	phrase.software.tsv	80	
行動銀行	ㄒㄧㄥˊ ㄉㄨㄥˋ ㄧㄣˊ ㄏㄤˊ	1	22	一般	phrase.general.tsv	133	
行政作用	ㄒㄧㄥˊ ㄓㄥˋ ㄗㄨㄛˋ ㄩㄥˋ	1	12	法律	phrase.law.tsv	147	
行政執行	ㄒㄧㄥˊ ㄓㄥˋ ㄓˊ ㄒㄧㄥˊ	1	12	法律	phrase.law.tsv	148	
行政契約	ㄒㄧㄥˊ ㄓㄥˋ ㄑㄧˋ ㄩㄝ	1	12	法律	phrase.law.tsv	149	
行政指導	ㄒㄧㄥˊ ㄓㄥˋ ㄓˇ ㄉㄠˇ	1	12	法律	phrase.law.tsv	150	
行政程序	ㄒㄧㄥˊ ㄓㄥˋ ㄔㄥˊ ㄒㄩˋ	1	12	法律	phrase.law.tsv	151	
行政組織	ㄒㄧㄥˊ ㄓㄥˋ ㄗㄨˇ ㄓ	1	12	法律	phrase.law.tsv	152	
行政罰	ㄒㄧㄥˊ ㄓㄥˋ ㄈㄚˊ	1	12	法律	phrase.law.tsv	153	
行政調查	ㄒㄧㄥˊ ㄓㄥˋ ㄉㄧㄠˋ ㄔㄚˊ	1	12	法律	phrase.law.tsv	155	
行星齒輪	ㄒㄧㄥˊ ㄒㄧㄥ ㄔˇ ㄌㄨㄣˊ	1	10	製造機械	phrase.manufacturing.tsv	114	
行會制度	ㄏㄤˊ ㄏㄨㄟˋ ㄓˋ ㄉㄨˋ	1	10	歷史	phrase.history.tsv	149	
行省制度	ㄒㄧㄥˊ ㄕㄥˇ ㄓˋ ㄉㄨˋ	1	10	歷史	phrase.history.tsv	150	
行紀契約	ㄒㄧㄥˊ ㄐㄧˋ ㄑㄧˋ ㄩㄝ	1	13	法律	phrase.law.tsv	156	
行車紀錄器	ㄒㄧㄥˊ ㄔㄜ ㄐㄧˋ ㄌㄨˋ ㄑㄧˋ	0.009999999999999986	16	一般	phrase.general.tsv	134	
行銷自動化	ㄒㄧㄥˊ ㄒㄧㄠ ㄗˋ ㄉㄨㄥˋ ㄏㄨㄚˋ	1	4	商業	phrase.business.tsv	158	
衍文	ㄧㄢˇ ㄨㄣˊ	1	11	中文	phrase.chinese.tsv	119	
衍生性	ㄧㄢˇ ㄕㄥ ㄒㄧㄥˋ	1	11	財會金融	phrase.finance.tsv	129	
術後照護	ㄕㄨˋ ㄏㄡˋ ㄓㄠˋ ㄏㄨˋ	1	12	醫學	phrase.medicine.tsv	227	
街口支付	ㄐㄧㄝ ㄎㄡˇ ㄓ ㄈㄨˋ	1	10	一般	phrase.general.tsv	135	
衛宮切嗣	ㄨㄟˋ ㄍㄨㄥ ㄑㄧㄝˋ ㄙˋ	0.009999999999999986	22	動漫	phrase.anime.tsv	2062	
衛宮士郎	ㄨㄟˋ ㄍㄨㄥ ㄕˋ ㄌㄤˊ	0.009999999999999986	23	動漫	phrase.anime.tsv	2063	
衛所制度	ㄨㄟˋ ㄙㄨㄛˇ ㄓˋ ㄉㄨˋ	1	10	歷史	phrase.history.tsv	151	
衛生規範	ㄨㄟˋ ㄕㄥ ㄍㄨㄟ ㄈㄢˋ	1	16	農業食品	phrase.agriculture-food.tsv	50	
衛門	ㄨㄟˋ ㄇㄣˊ	0.009999999999999986	17	動漫	phrase.anime.tsv	2064	
衝擊試驗	ㄔㄨㄥ ㄐㄧˊ ㄕˋ ㄧㄢˋ	1	11	材料化工	phrase.materials-chemistry.tsv	91	
衝突理論	ㄔㄨㄥ ㄊㄨˊ ㄌㄧˇ ㄌㄨㄣˋ	1	11	心理社會	phrase.psychology-society.tsv	74	
表見代理	ㄅㄧㄠˇ ㄐㄧㄢˋ ㄉㄞˋ ㄌㄧˇ	1	13	法律	phrase.law.tsv	157	
表觀遺傳學	ㄅㄧㄠˇ ㄍㄨㄢ ㄧˊ ㄔㄨㄢˊ ㄒㄩㄝˊ	1	6	生技藥學	phrase.biotech-pharma.tsv	95	
表面化學	ㄅㄧㄠˇ ㄇㄧㄢˋ ㄏㄨㄚˋ ㄒㄩㄝˊ	1	10	科學	phrase.science.tsv	71	
表面粗糙度	ㄅㄧㄠˇ ㄇㄧㄢˋ ㄘㄨ ㄘㄠ ㄉㄨˋ	1	4	製造機械	phrase.manufacturing.tsv	115	
表面處理	ㄅㄧㄠˇ ㄇㄧㄢˋ ㄔㄨˇ ㄌㄧˇ	1	15	材料化工	phrase.materials-chemistry.tsv	92	
袋式集塵器	ㄉㄞˋ ㄕˋ ㄐㄧˊ ㄔㄣˊ ㄑㄧˋ	1	4	環境能源	phrase.energy-environment.tsv	124	
被動投資	ㄅㄟˋ ㄉㄨㄥˋ ㄊㄡˊ ㄗ	1	10	一般	phrase.general.tsv	136	
被字句	ㄅㄟˋ ㄗˋ ㄐㄩˋ	1	13	中文	phrase.chinese.tsv	120	
裁量	ㄘㄞˊ ㄌㄧㄤˋ	1	11	法律	phrase.law.tsv	158	
補充複詞	ㄅㄨˇ ㄔㄨㄥ ㄈㄨˋ ㄘˊ	1	11	中文	phrase.chinese.tsv	121	
補助計畫	ㄅㄨˇ ㄓㄨˋ ㄐㄧˋ ㄏㄨㄚˋ	1	16	公務員公文	phrase.government.tsv	63	
補救教學	ㄅㄨˇ ㄐㄧㄡˋ ㄐㄧㄠ ㄒㄩㄝˊ	1	24	教育	phrase.education.tsv	88	
製程改善	ㄓˋ ㄔㄥˊ ㄍㄞˇ ㄕㄢˋ	1	15	製造機械	phrase.manufacturing.tsv	117	
製程檢驗	ㄓˋ ㄔㄥˊ ㄐㄧㄢˇ ㄧㄢˋ	1	11	製造機械	phrase.manufacturing.tsv	118	
製程確效	ㄓˋ ㄔㄥˊ ㄑㄩㄝˋ ㄒㄧㄠˋ	1	10	生技藥學	phrase.biotech-pharma.tsv	96	
製程腔體	ㄓˋ ㄔㄥˊ ㄑㄧㄤ ㄊㄧˇ	1	12	晶片半導體	phrase.semiconductor.tsv	140	
製程路線	ㄓˋ ㄔㄥˊ ㄌㄨˋ ㄒㄧㄢˋ	1	10	製造機械	phrase.manufacturing.tsv	119	
製藥工程	ㄓˋ ㄧㄠˋ ㄍㄨㄥ ㄔㄥˊ	1	11	生技藥學	phrase.biotech-pharma.tsv	97	
製造成本	ㄓˋ ㄗㄠˋ ㄔㄥˊ ㄅㄣˇ	1	10	財會金融	phrase.finance.tsv	130	
製造規範	ㄓˋ ㄗㄠˋ ㄍㄨㄟ ㄈㄢˋ	1	15	農業食品	phrase.agriculture-food.tsv	51	
西吉	ㄒㄧ ㄐㄧˊ	0.009999999999999986	12	動漫	phrase.anime.tsv	2065	
西安事變	ㄒㄧ ㄢ ㄕˋ ㄅㄧㄢˋ	1	10	歷史	phrase.history.tsv	152	
西宮硝子	ㄒㄧ ㄍㄨㄥ ㄒㄧㄠ ㄗ˙	0.009999999999999986	19	動漫	phrase.anime.tsv	2066	
西宮結絃	ㄒㄧ ㄍㄨㄥ ㄐㄧㄝˊ ㄒㄧㄢˊ	0.009999999999999986	17	動漫	phrase.anime.tsv	2067	
西尾千夏	ㄒㄧ ㄨㄟˇ ㄑㄧㄢ ㄒㄧㄚˋ	0.009999999999999986	11	動漫	phrase.anime.tsv	2068	
西方墨點法	ㄒㄧ ㄈㄤ ㄇㄛˋ ㄉㄧㄢˇ ㄈㄚˇ	1	4	生技藥學	phrase.biotech-pharma.tsv	99	
西木野真姬	ㄒㄧ ㄇㄨˋ ㄧㄝˇ ㄓㄣ ㄐㄧ	0.009999999999999986	11	動漫	phrase.anime.tsv	2069	
西朵莉	ㄒㄧ ㄉㄨㄛˇ ㄌㄧˋ	0.009999999999999986	11	動漫	phrase.anime.tsv	2070	
西格蒙特	ㄒㄧ ㄍㄜˊ ㄇㄥˊ ㄊㄜˋ	0.009999999999999986	11	動漫	phrase.anime.tsv	2071	
西條	ㄒㄧ ㄊㄧㄠˊ	0.009999999999999986	12	動漫	phrase.anime.tsv	2072	
西治時期	ㄒㄧ ㄓˋ ㄕˊ ㄑㄧˊ	1	12	歷史	phrase.history.tsv	153	
西田優征	ㄒㄧ ㄊㄧㄢˊ ㄧㄡ ㄓㄥ	0.009999999999999986	11	動漫	phrase.anime.tsv	2074	
西索	ㄒㄧ ㄙㄨㄛˇ	0.009999999999999986	14	動漫	phrase.anime.tsv	2075	
西莉卡	ㄒㄧ ㄌㄧˋ ㄎㄚˇ	0.009999999999999986	12	動漫	phrase.anime.tsv	2076	
西谷夕	ㄒㄧ ㄍㄨˇ ㄒㄧˋ	0.009999999999999986	12	動漫	phrase.anime.tsv	2078	
要圭	ㄧㄠˋ ㄍㄨㄟ	0.009999999999999986	15	動漫	phrase.anime.tsv	2079	
要死	ㄧㄠˋ ㄙˇ	0.009999999999999986	13	動漫	phrase.anime.tsv	2080	
見崎鳴	ㄐㄧㄢˋ ㄑㄧˊ ㄇㄧㄥˊ	0.009999999999999986	15	動漫	phrase.anime.tsv	2081	
視覺層級	ㄕˋ ㄐㄩㄝˊ ㄘㄥˊ ㄐㄧˊ	1	11	媒體設計	phrase.media-design.tsv	80	
視覺模型	ㄕˋ ㄐㄩㄝˊ ㄇㄛˊ ㄒㄧㄥˊ	1	15	AI資料科學	phrase.ai-data-science.tsv	138	
視覺特效	ㄕˋ ㄐㄩㄝˊ ㄊㄜˋ ㄒㄧㄠˋ	1	11	媒體設計	phrase.media-design.tsv	81	
視訊看診	ㄕˋ ㄒㄩㄣˋ ㄎㄢˋ ㄓㄣˇ	1	13	一般	phrase.general.tsv	137	
親權	ㄑㄧㄣ ㄑㄩㄢˊ	0.009999999999999986	12	法律	phrase.law.tsv	160	
觀察學習	ㄍㄨㄢ ㄔㄚˊ ㄒㄩㄝˊ ㄒㄧˊ	1	12	心理社會	phrase.psychology-society.tsv	75	
角色型	ㄐㄩㄝˊ ㄙㄜˋ ㄒㄧㄥˊ	1	13	網路資安	phrase.network-security.tsv	141	
角色緊張	ㄐㄩㄝˊ ㄙㄜˋ ㄐㄧㄣˇ ㄓㄤ	1	12	心理社會	phrase.psychology-society.tsv	76	
角色衝突	ㄐㄩㄝˊ ㄙㄜˋ ㄔㄨㄥ ㄊㄨˊ	1	12	心理社會	phrase.psychology-society.tsv	77	
角落生物	ㄐㄧㄠˇ ㄌㄨㄛˋ ㄕㄥ ㄨˋ	1	13	一般	phrase.general.tsv	138	
解列	ㄐㄧㄝˇ ㄌㄧㄝˋ	1	8	公務員公文	phrase.government.tsv	64	
解魯	ㄐㄧㄝˇ ㄌㄨˇ	0.009999999999999986	13	動漫	phrase.anime.tsv	2082	
觸發器	ㄔㄨˋ ㄈㄚ ㄑㄧˋ	1	10	電子電機	phrase.electronics.tsv	160	
言峰綺禮	ㄧㄢˊ ㄈㄥ ㄑㄧˇ ㄌㄧˇ	0.009999999999999986	15	動漫	phrase.anime.tsv	2083	
訂單量	ㄉㄧㄥˋ ㄉㄢ ㄌㄧㄤˋ	1	16	商業	phrase.business.tsv	159	
訂單量分析	ㄉㄧㄥˋ ㄉㄢ ㄌㄧㄤˋ ㄈㄣ ㄒㄧ	1	5	商業	phrase.business.tsv	160	
訂單量目標	ㄉㄧㄥˋ ㄉㄢ ㄌㄧㄤˋ ㄇㄨˋ ㄅㄧㄠ	1	4	商業	phrase.business.tsv	161	
訂單量趨勢	ㄉㄧㄥˋ ㄉㄢ ㄌㄧㄤˋ ㄑㄩ ㄕˋ	1	4	商業	phrase.business.tsv	162	
訂單量預測	ㄉㄧㄥˋ ㄉㄢ ㄌㄧㄤˋ ㄩˋ ㄘㄜˋ	1	4	商業	phrase.business.tsv	163	
訂閱制	ㄉㄧㄥˋ ㄩㄝˋ ㄓˋ	1	20	一般	phrase.general.tsv	139	
計算語言學	ㄐㄧˋ ㄙㄨㄢˋ ㄩˇ ㄧㄢˊ ㄒㄩㄝˊ	1	4	中文	phrase.chinese.tsv	122	
訊息佇列	ㄒㄩㄣˋ ㄒㄧˊ ㄓㄨˋ ㄌㄧㄝˋ	1	9	軟體科學	phrase.software.tsv	81	
訊息系統	ㄒㄩㄣˋ ㄒㄧˊ ㄒㄧˋ ㄊㄨㄥˇ	1	9	軟體科學	phrase.software.tsv	82	
訊息鑑別碼	ㄒㄩㄣˋ ㄒㄧˊ ㄐㄧㄢˋ ㄅㄧㄝˊ ㄇㄚˇ	1	5	網路資安	phrase.network-security.tsv	144	
訊號熱分析	ㄒㄩㄣˋ ㄏㄠˋ ㄖㄜˋ ㄈㄣ ㄒㄧ	1	5	電子電機	phrase.electronics.tsv	162	
訊號與系統	ㄒㄩㄣˋ ㄏㄠˋ ㄩˇ ㄒㄧˋ ㄊㄨㄥˇ	1	5	電子電機	phrase.electronics.tsv	163	
訊號雜訊比	ㄒㄩㄣˋ ㄏㄠˋ ㄗㄚˊ ㄒㄩㄣˋ ㄅㄧˇ	1	4	電子電機	phrase.electronics.tsv	164	
記憶體鑑識	ㄐㄧˋ ㄧˋ ㄊㄧˇ ㄐㄧㄢˋ ㄕˋ	1	4	網路資安	phrase.network-security.tsv	145	
訛文	ㄜˊ ㄨㄣˊ	0.009999999999999986	11	中文	phrase.chinese.tsv	123	
設備保養	ㄕㄜˋ ㄅㄟˋ ㄅㄠˇ ㄧㄤˇ	1	15	製造機械	phrase.manufacturing.tsv	123	
設備匹配	ㄕㄜˋ ㄅㄟˋ ㄆㄧˇ ㄆㄟˋ	1	20	晶片半導體	phrase.semiconductor.tsv	146	
設備配方	ㄕㄜˋ ㄅㄟˋ ㄆㄟˋ ㄈㄤ	1	13	晶片半導體	phrase.semiconductor.tsv	147	
設問	ㄕㄜˋ ㄨㄣˋ	1	12	中文	phrase.chinese.tsv	124	
設定服務	ㄕㄜˋ ㄉㄧㄥˋ ㄈㄨˊ ㄨˋ	1	8	軟體科學	phrase.software.tsv	83	
設施農業	ㄕㄜˋ ㄕ ㄋㄨㄥˊ ㄧㄝˋ	1	13	農業食品	phrase.agriculture-food.tsv	52	
設計思考	ㄕㄜˋ ㄐㄧˋ ㄙ ㄎㄠˇ	1	12	媒體設計	phrase.media-design.tsv	83	
設計系統	ㄕㄜˋ ㄐㄧˋ ㄒㄧˋ ㄊㄨㄥˇ	1	13	媒體設計	phrase.media-design.tsv	84	
訴之利益	ㄙㄨˋ ㄓ ㄌㄧˋ ㄧˋ	1	12	法律	phrase.law.tsv	161	
訴訟標的	ㄙㄨˋ ㄙㄨㄥˋ ㄅㄧㄠ ㄉㄧˋ	1	11	法律	phrase.law.tsv	163	
訴訟權	ㄙㄨˋ ㄙㄨㄥˋ ㄑㄩㄢˊ	1	11	法律	phrase.law.tsv	164	
訴願案件	ㄙㄨˋ ㄩㄢˋ ㄢˋ ㄐㄧㄢˋ	1	15	公務員公文	phrase.government.tsv	66	
診斷性評量	ㄓㄣˇ ㄉㄨㄢˋ ㄒㄧㄥˋ ㄆㄧㄥˊ ㄌㄧㄤˊ	1	3	教育	phrase.education.tsv	91	
評分者信度	ㄆㄧㄥˊ ㄈㄣ ㄓㄜˇ ㄒㄧㄣˋ ㄉㄨˋ	1	4	教育	phrase.education.tsv	92	
評量設計	ㄆㄧㄥˊ ㄌㄧㄤˊ ㄕㄜˋ ㄐㄧˋ	1	17	教育	phrase.education.tsv	94	
詞法學	ㄘˊ ㄈㄚˇ ㄒㄩㄝˊ	1	12	中文	phrase.chinese.tsv	125	
詞祈艾	ㄘˊ ㄑㄧˊ ㄞˋ	0.009999999999999986	10	動漫	phrase.anime.tsv	2086	
詩乃	ㄕ ㄋㄞˇ	0.009999999999999986	16	動漫	phrase.anime.tsv	2087	
認知偏誤	ㄖㄣˋ ㄓ ㄆㄧㄢ ㄨˋ	1	11	心理社會	phrase.psychology-society.tsv	78	
認知失調	ㄖㄣˋ ㄓ ㄕ ㄊㄧㄠˊ	1	11	心理社會	phrase.psychology-society.tsv	79	
認知心理學	ㄖㄣˋ ㄓ ㄒㄧㄣ ㄌㄧˇ ㄒㄩㄝˊ	1	4	心理社會	phrase.psychology-society.tsv	80	
誘導性	ㄧㄡˋ ㄉㄠˇ ㄒㄧㄥˋ	1	9	生技藥學	phrase.biotech-pharma.tsv	101	
語意學	ㄩˇ ㄧˋ ㄒㄩㄝˊ	1	11	中文	phrase.chinese.tsv	126	
語意記憶	ㄩˇ ㄧˋ ㄐㄧˋ ㄧˋ	1	10	心理社會	phrase.psychology-society.tsv	81	
語料庫	ㄩˇ ㄌㄧㄠˋ ㄎㄨˋ	1	10	中文	phrase.chinese.tsv	127	
語用學	ㄩˇ ㄩㄥˋ ㄒㄩㄝˊ	1	12	中文	phrase.chinese.tsv	128	
語言模型	ㄩˇ ㄧㄢˊ ㄇㄛˊ ㄒㄧㄥˊ	1	14	AI資料科學	phrase.ai-data-science.tsv	146	
語音模型	ㄩˇ ㄧㄣ ㄇㄛˊ ㄒㄧㄥˊ	1	14	AI資料科學	phrase.ai-data-science.tsv	147	
誠信原則	ㄔㄥˊ ㄒㄧㄣˋ ㄩㄢˊ ㄗㄜˊ	1	10	法律	phrase.law.tsv	165	
課予	ㄎㄜˋ ㄩˇ	0.009999999999999986	12	法律	phrase.law.tsv	166	
課程設計	ㄎㄜˋ ㄔㄥˊ ㄕㄜˋ ㄐㄧˋ	1	17	教育	phrase.education.tsv	98	
課綱	ㄎㄜˋ ㄍㄤ	0.009999999999999986	45	一般	phrase.general.tsv	142	
調整分錄	ㄊㄧㄠˊ ㄓㄥˇ ㄈㄣ ㄌㄨˋ	1	11	財會金融	phrase.finance.tsv	132	
調查報導	ㄉㄧㄠˋ ㄔㄚˊ ㄅㄠˋ ㄉㄠˇ	1	12	媒體設計	phrase.media-design.tsv	85	
調變	ㄉㄧㄠˋ ㄅㄧㄢˋ	1	11	電子電機	phrase.electronics.tsv	166	
諏訪原戒	ㄗㄡ ㄈㄤˇ ㄩㄢˊ ㄐㄧㄝˋ	0.009999999999999986	11	動漫	phrase.anime.tsv	2090	
諏訪賴重	ㄗㄡ ㄈㄤˇ ㄌㄞˋ ㄓㄨㄥˋ	0.009999999999999986	15	動漫	phrase.anime.tsv	2091	
諧振轉換器	ㄒㄧㄝˊ ㄓㄣˋ ㄓㄨㄢˇ ㄏㄨㄢˋ ㄑㄧˋ	1	3	電子電機	phrase.electronics.tsv	167	
諮商心理學	ㄗ ㄕㄤ ㄒㄧㄣ ㄌㄧˇ ㄒㄩㄝˊ	1	3	心理社會	phrase.psychology-society.tsv	82	
諸星當	ㄓㄨ ㄒㄧㄥ ㄉㄤ	0.009999999999999986	20	動漫	phrase.anime.tsv	2092	
諸神黃昏	ㄓㄨ ㄕㄣˊ ㄏㄨㄤˊ ㄏㄨㄣ	0.009999999999999986	13	動漫	phrase.anime.tsv	2093	
諸葉	ㄓㄨ ㄧㄝˋ	0.009999999999999986	14	動漫	phrase.anime.tsv	2094	
諸葛岳人	ㄓㄨ ㄍㄜˊ ㄩㄝˋ ㄖㄣˊ	0.009999999999999986	15	動漫	phrase.anime.tsv	2095	
諸葛澤	ㄓㄨ ㄍㄜˊ ㄗㄜˊ	0.009999999999999986	10	動漫	phrase.anime.tsv	2096	
諾兒菈艾倫	ㄋㄨㄛˋ ㄦˊ ㄌㄚ ㄞˋ ㄌㄨㄣˊ	0.009999999999999986	16	動漫	phrase.anime.tsv	2097	
諾瓦克	ㄋㄨㄛˋ ㄨㄚˇ ㄎㄜˋ	0.009999999999999986	16	動漫	phrase.anime.tsv	2099	
諾羅病毒	ㄋㄨㄛˋ ㄌㄨㄛˊ ㄅㄧㄥˋ ㄉㄨˊ	1	15	農業食品	phrase.agriculture-food.tsv	53	
諾艾兒	ㄋㄨㄛˋ ㄞˋ ㄦˊ	0.009999999999999986	16	動漫	phrase.anime.tsv	2100	
謀殺鬧劇	ㄇㄡˊ ㄕㄚ ㄋㄠˋ ㄐㄩˋ	0.009999999999999986	20	動漫	phrase.anime.tsv	2101	
謂語	ㄨㄟˋ ㄩˇ	0.009999999999999986	12	中文	phrase.chinese.tsv	130	
謝爾凡	ㄒㄧㄝˋ ㄦˇ ㄈㄢˊ	0.009999999999999986	22	動漫	phrase.anime.tsv	2103	
謝絲妲	ㄒㄧㄝˋ ㄙ ㄉㄚˊ	0.009999999999999986	15	動漫	phrase.anime.tsv	2104	
證據保全	ㄓㄥˋ ㄐㄩˋ ㄅㄠˇ ㄑㄩㄢˊ	1	11	法律	phrase.law.tsv	168	
證據能力	ㄓㄥˋ ㄐㄩˋ ㄋㄥˊ ㄌㄧˋ	1	11	法律	phrase.law.tsv	169	
證明力	ㄓㄥˋ ㄇㄧㄥˊ ㄌㄧˋ	1	11	法律	phrase.law.tsv	170	
譚雅	ㄊㄢˊ ㄧㄚˇ	0.009999999999999986	20	動漫	phrase.anime.tsv	2105	
議題設定	ㄧˋ ㄊㄧˊ ㄕㄜˋ ㄉㄧㄥˋ	1	12	媒體設計	phrase.media-design.tsv	86	
譴責小說	ㄑㄧㄢˇ ㄗㄜˊ ㄒㄧㄠˇ ㄕㄨㄛ	1	10	中文	phrase.chinese.tsv	131	
護法運動	ㄏㄨˋ ㄈㄚˇ ㄩㄣˋ ㄉㄨㄥˋ	1	10	歷史	phrase.history.tsv	157	
變分	ㄅㄧㄢˋ ㄈㄣ	1	12	AI資料科學	phrase.ai-data-science.tsv	149	
變動成本	ㄅㄧㄢˋ ㄉㄨㄥˋ ㄔㄥˊ ㄅㄣˇ	1	11	財會金融	phrase.finance.tsv	133	
變異數分析	ㄅㄧㄢˋ ㄧˋ ㄕㄨˋ ㄈㄣ ㄒㄧ	1	4	工業工程	phrase.industrial-engineering.tsv	96	
豐濱和香	ㄈㄥ ㄅㄧㄣ ㄏㄜˊ ㄒㄧㄤ	0.009999999999999986	12	動漫	phrase.anime.tsv	2108	
豪瑟	ㄏㄠˊ ㄙㄜˋ	0.009999999999999986	13	動漫	phrase.anime.tsv	2109	
豬熊陽子	ㄓㄨ ㄒㄩㄥˊ ㄧㄤˊ ㄗ˙	0.009999999999999986	11	動漫	phrase.anime.tsv	2110	
豬股大喜	ㄓㄨ ㄍㄨˇ ㄉㄚˋ ㄒㄧˇ	0.009999999999999986	20	動漫	phrase.anime.tsv	2111	
貓咪老師	ㄇㄠ ㄇㄧ ㄌㄠˇ ㄕ	0.009999999999999986	20	動漫	phrase.anime.tsv	2113	
貓咪西餐廳	ㄇㄠ ㄇㄧ ㄒㄧ ㄘㄢ ㄊㄧㄥ	0.009999999999999986	10	動漫	phrase.anime.tsv	2114	
貓巴士	ㄇㄠ ㄅㄚ ㄕˋ	0.009999999999999986	17	動漫	phrase.anime.tsv	2115	
貓貓	ㄇㄠ ㄇㄠ	0.009999999999999986	22	動漫	phrase.anime.tsv	2116	
貝他係數	ㄅㄟˋ ㄊㄚ ㄒㄧˋ ㄕㄨˋ	1	10	財會金融	phrase.finance.tsv	134	
貝兒翠絲	ㄅㄟˋ ㄦˊ ㄘㄨㄟˋ ㄙ	0.009999999999999986	13	動漫	phrase.anime.tsv	2117	
貝內迪克特	ㄅㄟˋ ㄋㄟˋ ㄉㄧˊ ㄎㄜˋ ㄊㄜˋ	0.009999999999999986	14	動漫	phrase.anime.tsv	2118	
貝卡斯	ㄅㄟˋ ㄎㄚˇ ㄙ	0.009999999999999986	11	動漫	phrase.anime.tsv	2119	
貝吉塔	ㄅㄟˋ ㄐㄧˊ ㄊㄚˇ	0.009999999999999986	22	動漫	phrase.anime.tsv	2120	
貝爾克朗尼	ㄅㄟˋ ㄦˇ ㄎㄜˋ ㄌㄤˇ ㄋㄧˊ	0.009999999999999986	21	動漫	phrase.anime.tsv	2121	
貝爾曼	ㄅㄟˋ ㄦˇ ㄇㄢˋ	1	10	軟體科學	phrase.software.tsv	86	
貝琪	ㄅㄟˋ ㄑㄧˊ	0.009999999999999986	12	動漫	phrase.anime.tsv	2122	
貝阿朵莉切	ㄅㄟˋ ㄚ ㄉㄨㄛˇ ㄌㄧˋ ㄑㄧㄝˋ	0.009999999999999986	15	動漫	phrase.anime.tsv	2123	
貞子	ㄓㄣ ㄗ˙	0.009999999999999986	11	動漫	phrase.anime.tsv	2124	
負偏壓	ㄈㄨˋ ㄆㄧㄢ ㄧㄚ	1	11	晶片半導體	phrase.semiconductor.tsv	151	
負債比率	ㄈㄨˋ ㄓㄞˋ ㄅㄧˇ ㄌㄩˋ	1	10	財會金融	phrase.finance.tsv	136	
負債準備	ㄈㄨˋ ㄓㄞˋ ㄓㄨㄣˇ ㄅㄟˋ	1	10	財會金融	phrase.finance.tsv	137	
負債預測	ㄈㄨˋ ㄓㄞˋ ㄩˋ ㄘㄜˋ	1	10	財會金融	phrase.finance.tsv	138	
負增強	ㄈㄨˋ ㄗㄥ ㄑㄧㄤˊ	1	12	心理社會	phrase.psychology-society.tsv	83	
負懲罰	ㄈㄨˋ ㄔㄥˊ ㄈㄚˊ	1	12	心理社會	phrase.psychology-society.tsv	84	
財務會計	ㄘㄞˊ ㄨˋ ㄎㄨㄞˋ ㄐㄧˋ	1	11	財會金融	phrase.finance.tsv	140	
財務槓桿	ㄘㄞˊ ㄨˋ ㄍㄤˋ ㄍㄢˇ	1	11	財會金融	phrase.finance.tsv	141	
財務比率	ㄘㄞˊ ㄨˋ ㄅㄧˇ ㄌㄩˋ	1	11	財會金融	phrase.finance.tsv	142	
財政制度	ㄘㄞˊ ㄓㄥˋ ㄓˋ ㄉㄨˋ	1	11	歷史	phrase.history.tsv	158	
貨幣市場	ㄏㄨㄛˋ ㄅㄧˋ ㄕˋ ㄔㄤˇ	1	11	財會金融	phrase.finance.tsv	143	
貫入	ㄍㄨㄢˋ ㄖㄨˋ	0.009999999999999986	13	建築土木	phrase.civil-engineering.tsv	198	
責任能力	ㄗㄜˊ ㄖㄣˋ ㄋㄥˊ ㄌㄧˋ	1	12	法律	phrase.law.tsv	172	
買賣契約	ㄇㄞˇ ㄇㄞˋ ㄑㄧˋ ㄩㄝ	1	11	法律	phrase.law.tsv	173	
費倫	ㄈㄟˋ ㄌㄨㄣˊ	0.009999999999999986	21	動漫	phrase.anime.tsv	2126	
費拉特厄	ㄈㄟˋ ㄌㄚ ㄊㄜˋ ㄜˋ	0.009999999999999986	12	動漫	phrase.anime.tsv	2127	
費用認列	ㄈㄟˋ ㄩㄥˋ ㄖㄣˋ ㄌㄧㄝˋ	1	11	財會金融	phrase.finance.tsv	145	
費用預測	ㄈㄟˋ ㄩㄥˋ ㄩˋ ㄘㄜˋ	1	11	財會金融	phrase.finance.tsv	146	
費雷斯	ㄈㄟˋ ㄌㄟˊ ㄙ	0.009999999999999986	11	動漫	phrase.anime.tsv	2128	
貼文	ㄊㄧㄝ ㄨㄣˊ	1	45	一般	phrase.general.tsv	143	
資安事件	ㄗ ㄢ ㄕˋ ㄐㄧㄢˋ	1	10	網路資安	phrase.network-security.tsv	149	
資安通報	ㄗ ㄢ ㄊㄨㄥ ㄅㄠˋ	1	10	網路資安	phrase.network-security.tsv	150	
資料分析	ㄗ ㄌㄧㄠˋ ㄈㄣ ㄒㄧ	1	20	商業	phrase.business.tsv	166	
資料報	ㄗ ㄌㄧㄠˋ ㄅㄠˋ	1	11	網路資安	phrase.network-security.tsv	152	
資料外洩	ㄗ ㄌㄧㄠˋ ㄨㄞˋ ㄒㄧㄝˋ	1	16	一般	phrase.general.tsv	144	
資料庫稽核	ㄗ ㄌㄧㄠˋ ㄎㄨˋ ㄐㄧ ㄏㄜˊ	1	4	網路資安	phrase.network-security.tsv	154	
資料準備	ㄗ ㄌㄧㄠˋ ㄓㄨㄣˇ ㄅㄟˋ	1	14	AI資料科學	phrase.ai-data-science.tsv	154	
資料科學	ㄗ ㄌㄧㄠˋ ㄎㄜ ㄒㄩㄝˊ	1	12	一般	phrase.general.tsv	145	
資料管線	ㄗ ㄌㄧㄠˋ ㄍㄨㄢˇ ㄒㄧㄢˋ	1	9	軟體科學	phrase.software.tsv	88	
資料鏈結層	ㄗ ㄌㄧㄠˋ ㄌㄧㄢˋ ㄐㄧㄝˊ ㄘㄥˊ	1	5	網路資安	phrase.network-security.tsv	155	
資本公積	ㄗ ㄅㄣˇ ㄍㄨㄥ ㄐㄧ	1	11	財會金融	phrase.finance.tsv	148	
資本市場	ㄗ ㄅㄣˇ ㄕˋ ㄔㄤˇ	1	11	財會金融	phrase.finance.tsv	149	
資本支出	ㄗ ㄅㄣˇ ㄓ ㄔㄨ	1	11	財會金融	phrase.finance.tsv	150	
資本結構	ㄗ ㄅㄣˇ ㄐㄧㄝˊ ㄍㄡˋ	1	11	財會金融	phrase.finance.tsv	151	
資本預算	ㄗ ㄅㄣˇ ㄩˋ ㄙㄨㄢˋ	1	11	財會金融	phrase.finance.tsv	152	
資源垃圾	ㄗ ㄩㄢˊ ㄌㄜˋ ㄙㄜˋ	1	12	環境能源	phrase.energy-environment.tsv	128	
資源循環	ㄗ ㄩㄢˊ ㄒㄩㄣˊ ㄏㄨㄢˊ	1	12	環境能源	phrase.energy-environment.tsv	129	
資源規劃	ㄗ ㄩㄢˊ ㄍㄨㄟ ㄏㄨㄚˋ	1	12	商業	phrase.business.tsv	167	
資產盤點	ㄗ ㄔㄢˇ ㄆㄢˊ ㄉㄧㄢˇ	1	11	網路資安	phrase.network-security.tsv	156	
資產預測	ㄗ ㄔㄢˇ ㄩˋ ㄘㄜˋ	1	11	財會金融	phrase.finance.tsv	154	
資訊安全	ㄗ ㄒㄩㄣˋ ㄢ ㄑㄩㄢˊ	1	40	一般	phrase.general.tsv	146	
資訊架構	ㄗ ㄒㄩㄣˋ ㄐㄧㄚˋ ㄍㄡˋ	1	12	媒體設計	phrase.media-design.tsv	87	
資訊科技	ㄗ ㄒㄩㄣˋ ㄎㄜ ㄐㄧˋ	1	8	教育	phrase.education.tsv	101	
資訊自決權	ㄗ ㄒㄩㄣˋ ㄗˋ ㄐㄩㄝˊ ㄑㄩㄢˊ	1	5	法律	phrase.law.tsv	174	
資訊設計	ㄗ ㄒㄩㄣˋ ㄕㄜˋ ㄐㄧˋ	1	13	媒體設計	phrase.media-design.tsv	88	
賢狼赫蘿	ㄒㄧㄢˊ ㄌㄤˊ ㄏㄜˋ ㄌㄨㄛˊ	0.009999999999999986	13	動漫	phrase.anime.tsv	2129	
賣藥郎	ㄇㄞˋ ㄧㄠˋ ㄌㄤˊ	0.009999999999999986	18	動漫	phrase.anime.tsv	2130	
賦稅制度	ㄈㄨˋ ㄕㄨㄟˋ ㄓˋ ㄉㄨˋ	1	11	歷史	phrase.history.tsv	159	
質權	ㄓˋ ㄑㄩㄢˊ	0.009999999999999986	12	法律	phrase.law.tsv	175	
質譜分析	ㄓˋ ㄆㄨˇ ㄈㄣ ㄒㄧ	1	13	生技藥學	phrase.biotech-pharma.tsv	102	
質量傳遞	ㄓˊ ㄌㄧㄤˋ ㄔㄨㄢˊ ㄉㄧˋ	1	10	材料化工	phrase.materials-chemistry.tsv	96	
質點缺陷	ㄓˊ ㄉㄧㄢˇ ㄑㄩㄝ ㄒㄧㄢˋ	1	9	材料化工	phrase.materials-chemistry.tsv	97	
賭博默示錄	ㄉㄨˇ ㄅㄛˊ ㄇㄛˋ ㄕˋ ㄌㄨˋ	0.009999999999999986	22	動漫	phrase.anime.tsv	2132	
賽卡零	ㄙㄞˋ ㄎㄚˇ ㄌㄧㄥˊ	0.009999999999999986	12	動漫	phrase.anime.tsv	2133	
賽巴斯欽	ㄙㄞˋ ㄅㄚ ㄙ ㄑㄧㄣ	0.009999999999999986	19	動漫	phrase.anime.tsv	2134	
賽蕾嘉	ㄙㄞˋ ㄌㄟˇ ㄐㄧㄚ	0.009999999999999986	15	動漫	phrase.anime.tsv	2135	
贓物罪	ㄗㄤ ㄨˋ ㄗㄨㄟˋ	1	10	法律	phrase.law.tsv	176	
赤井秀一	ㄔˋ ㄐㄧㄥˇ ㄒㄧㄡˋ ㄧ	0.009999999999999986	9	動漫	phrase.anime.tsv	2136	
赤司征十郎	ㄔˋ ㄙ ㄓㄥ ㄕˊ ㄌㄤˊ	0.009999999999999986	10	動漫	phrase.anime.tsv	2137	
赤木剛憲	ㄔˋ ㄇㄨˋ ㄍㄤ ㄒㄧㄢˋ	0.009999999999999986	19	動漫	phrase.anime.tsv	2138	
赤根葵	ㄔˋ ㄍㄣ ㄎㄨㄟˊ	0.009999999999999986	12	動漫	phrase.anime.tsv	2139	
赤澤泉美	ㄔˋ ㄗㄜˊ ㄑㄩㄢˊ ㄇㄟˇ	0.009999999999999986	14	動漫	phrase.anime.tsv	2140	
赤瞳	ㄔˋ ㄊㄨㄥˊ	0.009999999999999986	18	動漫	phrase.anime.tsv	2141	
赤紅之瞳	ㄔˋ ㄏㄨㄥˊ ㄓ ㄊㄨㄥˊ	0.009999999999999986	20	動漫	phrase.anime.tsv	2142	
赤羽業	ㄔˋ ㄩˇ ㄧㄝˋ	0.009999999999999986	17	動漫	phrase.anime.tsv	2143	
赤羽雷真	ㄔˋ ㄩˇ ㄌㄟˊ ㄓㄣ	0.009999999999999986	17	動漫	phrase.anime.tsv	2144	
赤髮白雪姬	ㄔˋ ㄈㄚˇ ㄅㄞˊ ㄒㄩㄝˇ ㄐㄧ	0.009999999999999986	20	動漫	phrase.anime.tsv	2145	
赫斯緹雅	ㄏㄜˋ ㄙ ㄊㄧˊ ㄧㄚˇ	0.009999999999999986	18	動漫	phrase.anime.tsv	2146	
赫蘿	ㄏㄜˋ ㄌㄨㄛˊ	0.009999999999999986	18	動漫	phrase.anime.tsv	2147	
超商取貨	ㄔㄠ ㄕㄤ ㄑㄩˇ ㄏㄨㄛˋ	1	25	一般	phrase.general.tsv	147	
超導材料	ㄔㄠ ㄉㄠˇ ㄘㄞˊ ㄌㄧㄠˋ	1	10	材料化工	phrase.materials-chemistry.tsv	98	
超電磁砲	ㄔㄠ ㄉㄧㄢˋ ㄘˊ ㄆㄠˋ	0.009999999999999986	25	動漫	phrase.anime.tsv	2148	
超音波加工	ㄔㄠ ㄧㄣ ㄅㄛ ㄐㄧㄚ ㄍㄨㄥ	1	3	製造機械	phrase.manufacturing.tsv	126	
超音波檢查	ㄔㄠ ㄧㄣ ㄅㄛ ㄐㄧㄢˇ ㄔㄚˊ	1	16	醫學	phrase.medicine.tsv	231	
超音波檢測	ㄔㄠ ㄧㄣ ㄅㄛ ㄐㄧㄢˇ ㄘㄜˋ	1	3	製造機械	phrase.manufacturing.tsv	127	
超高效	ㄔㄠ ㄍㄠ ㄒㄧㄠˋ	1	10	生技藥學	phrase.biotech-pharma.tsv	103	
越前龍馬	ㄩㄝˋ ㄑㄧㄢˊ ㄌㄨㄥˊ ㄇㄚˇ	0.009999999999999986	21	動漫	phrase.anime.tsv	2149	
越谷夏海	ㄩㄝˋ ㄍㄨˇ ㄒㄧㄚˋ ㄏㄞˇ	0.009999999999999986	14	動漫	phrase.anime.tsv	2150	
越谷小鞠	ㄩㄝˋ ㄍㄨˇ ㄒㄧㄠˇ ㄐㄩˊ	0.009999999999999986	13	動漫	phrase.anime.tsv	2151	
趨勢分析	ㄑㄩ ㄕˋ ㄈㄣ ㄒㄧ	1	17	財會金融	phrase.finance.tsv	156	
趨向動詞	ㄑㄩ ㄒㄧㄤˋ ㄉㄨㄥˋ ㄘˊ	1	10	中文	phrase.chinese.tsv	132	
跡部景吾	ㄐㄧ ㄅㄨˋ ㄐㄧㄥˇ ㄨˊ	0.009999999999999986	12	動漫	phrase.anime.tsv	2153	
跨站	ㄎㄨㄚˋ ㄓㄢˋ	1	11	網路資安	phrase.network-security.tsv	159	
跨領域	ㄎㄨㄚˋ ㄌㄧㄥˇ ㄩˋ	1	14	教育	phrase.education.tsv	102	
跨領域課程	ㄎㄨㄚˋ ㄌㄧㄥˇ ㄩˋ ㄎㄜˋ ㄔㄥˊ	1	4	教育	phrase.education.tsv	103	
路人超能	ㄌㄨˋ ㄖㄣˊ ㄔㄠ ㄋㄥˊ	0.009999999999999986	24	動漫	phrase.anime.tsv	2154	
路克賽科爾	ㄌㄨˋ ㄎㄜˋ ㄙㄞˋ ㄎㄜ ㄦˇ	0.009999999999999986	9	動漫	phrase.anime.tsv	2156	
路易士酸鹼	ㄌㄨˋ ㄧˋ ㄕˋ ㄙㄨㄢ ㄐㄧㄢˇ	1	2	科學	phrase.science.tsv	72	
路線規劃	ㄌㄨˋ ㄒㄧㄢˋ ㄍㄨㄟ ㄏㄨㄚˋ	1	14	交通物流	phrase.transport-logistics.tsv	94	
路茲	ㄌㄨˋ ㄗ	0.009999999999999986	15	動漫	phrase.anime.tsv	2158	
躍動青春	ㄩㄝˋ ㄉㄨㄥˋ ㄑㄧㄥ ㄔㄨㄣ	0.009999999999999986	21	動漫	phrase.anime.tsv	2159	
身分服務	ㄕㄣ ㄈㄣˋ ㄈㄨˊ ㄨˋ	1	8	軟體科學	phrase.software.tsv	89	
身分系統	ㄕㄣ ㄈㄣˋ ㄒㄧˋ ㄊㄨㄥˇ	1	13	網路資安	phrase.network-security.tsv	161	
身分認同	ㄕㄣ ㄈㄣˋ ㄖㄣˋ ㄊㄨㄥˊ	1	11	心理社會	phrase.psychology-society.tsv	85	
車田鐵一	ㄔㄜ ㄊㄧㄢˊ ㄊㄧㄝˇ ㄧ	0.009999999999999986	11	動漫	phrase.anime.tsv	2161	
軟性電路板	ㄖㄨㄢˇ ㄒㄧㄥˋ ㄉㄧㄢˋ ㄌㄨˋ ㄅㄢˇ	1	3	電子電機	phrase.electronics.tsv	168	
軟硬複合板	ㄖㄨㄢˇ ㄧㄥˋ ㄈㄨˋ ㄏㄜˊ ㄅㄢˇ	1	3	電子電機	phrase.electronics.tsv	169	
載體構築	ㄗㄞˇ ㄊㄧˇ ㄍㄡˋ ㄓㄨˊ	1	9	生技藥學	phrase.biotech-pharma.tsv	104	
輔助服務	ㄈㄨˇ ㄓㄨˋ ㄈㄨˊ ㄨˋ	1	11	環境能源	phrase.energy-environment.tsv	130	
輔助踢細胞	ㄈㄨˇ ㄓㄨˋ ㄊㄧ ㄒㄧˋ ㄅㄠ	0.009999999999999986	11	動漫	phrase.anime.tsv	2162	輔助T細胞
輔助駕駛	ㄈㄨˇ ㄓㄨˋ ㄐㄧㄚˋ ㄕˇ	1	18	一般	phrase.general.tsv	148	
輕音部	ㄑㄧㄥ ㄧㄣ ㄅㄨˋ	0.009999999999999986	14	動漫	phrase.anime.tsv	2164	
輝夜姬	ㄏㄨㄟ ㄧㄝˋ ㄐㄧ	0.009999999999999986	23	動漫	phrase.anime.tsv	2165	
輪入道	ㄌㄨㄣˊ ㄖㄨˋ ㄉㄠˋ	0.009999999999999986	13	動漫	phrase.anime.tsv	2166	
輪堂鴉夜	ㄌㄨㄣˊ ㄊㄤˊ ㄧㄚ ㄧㄝˋ	0.009999999999999986	18	動漫	phrase.anime.tsv	2167	
輯佚	ㄐㄧˊ ㄧˋ	0.009999999999999986	11	中文	phrase.chinese.tsv	133	
輸送系統	ㄕㄨ ㄙㄨㄥˋ ㄒㄧˋ ㄊㄨㄥˇ	1	13	製造機械	phrase.manufacturing.tsv	129	
輸電線路	ㄕㄨ ㄉㄧㄢˋ ㄒㄧㄢˋ ㄌㄨˋ	1	10	環境能源	phrase.energy-environment.tsv	131	
轉品	ㄓㄨㄢˇ ㄆㄧㄣˇ	1	12	中文	phrase.chinese.tsv	134	
轉型風險	ㄓㄨㄢˇ ㄒㄧㄥˊ ㄈㄥ ㄒㄧㄢˇ	1	11	環境能源	phrase.energy-environment.tsv	132	
轉場	ㄓㄨㄢˇ ㄔㄤˇ	1	12	媒體設計	phrase.media-design.tsv	89	
轉折複句	ㄓㄨㄢˇ ㄓㄜˊ ㄈㄨˋ ㄐㄩˋ	1	10	中文	phrase.chinese.tsv	135	
轉換率	ㄓㄨㄢˇ ㄏㄨㄢˋ ㄌㄩˋ	1	16	商業	phrase.business.tsv	169	
轉換率分析	ㄓㄨㄢˇ ㄏㄨㄢˋ ㄌㄩˋ ㄈㄣ ㄒㄧ	1	5	商業	phrase.business.tsv	170	
轉換率目標	ㄓㄨㄢˇ ㄏㄨㄢˋ ㄌㄩˋ ㄇㄨˋ ㄅㄧㄠ	1	4	商業	phrase.business.tsv	171	
轉換率趨勢	ㄓㄨㄢˇ ㄏㄨㄢˋ ㄌㄩˋ ㄑㄩ ㄕˋ	1	4	商業	phrase.business.tsv	172	
轉換率預測	ㄓㄨㄢˇ ㄏㄨㄢˋ ㄌㄩˋ ㄩˋ ㄘㄜˋ	1	4	商業	phrase.business.tsv	173	
轉生成	ㄓㄨㄢˇ ㄕㄥ ㄔㄥˊ	0.009999999999999986	19	動漫	phrase.anime.tsv	2169	
轉生王女	ㄓㄨㄢˇ ㄕㄥ ㄨㄤˊ ㄋㄩˇ	0.009999999999999986	19	動漫	phrase.anime.tsv	2170	
轉矩	ㄓㄨㄢˇ ㄐㄩˇ	1	13	電子電機	phrase.electronics.tsv	171	
轉移溫度	ㄓㄨㄢˇ ㄧˊ ㄨㄣ ㄉㄨˋ	1	11	材料化工	phrase.materials-chemistry.tsv	100	
轉胺酶	ㄓㄨㄢˇ ㄢˋ ㄇㄟˊ	1	13	醫學	phrase.medicine.tsv	232	
轉錄體學	ㄓㄨㄢˇ ㄌㄨˋ ㄊㄧˇ ㄒㄩㄝˊ	1	11	生技藥學	phrase.biotech-pharma.tsv	105	
轟焦凍	ㄏㄨㄥ ㄐㄧㄠ ㄉㄨㄥˋ	0.009999999999999986	16	動漫	phrase.anime.tsv	2171	
轟隆轟隆	ㄏㄨㄥ ㄌㄨㄥˊ ㄏㄨㄥ ㄌㄨㄥˊ	0.009999999999999986	11	動漫	phrase.anime.tsv	2172	
辛佐	ㄒㄧㄣ ㄗㄨㄛˇ	0.009999999999999986	13	動漫	phrase.anime.tsv	2173	
辛水龍	ㄒㄧㄣ ㄕㄨㄟˇ ㄌㄨㄥˊ	0.009999999999999986	14	動漫	phrase.anime.tsv	2174	
辛耶諾贊	ㄒㄧㄣ ㄧㄝ ㄋㄨㄛˋ ㄗㄢˋ	0.009999999999999986	20	動漫	phrase.anime.tsv	2175	
辨偽	ㄅㄧㄢˋ ㄨㄟˇ	1	11	中文	phrase.chinese.tsv	137	
辰石幸次	ㄔㄣˊ ㄕˊ ㄒㄧㄥˋ ㄘˋ	0.009999999999999986	13	動漫	phrase.anime.tsv	2176	
農業科學	ㄋㄨㄥˊ ㄧㄝˋ ㄎㄜ ㄒㄩㄝˊ	1	14	農業食品	phrase.agriculture-food.tsv	54	
農業革命	ㄋㄨㄥˊ ㄧㄝˋ ㄍㄜˊ ㄇㄧㄥˋ	1	11	歷史	phrase.history.tsv	160	
農民組合	ㄋㄨㄥˊ ㄇㄧㄣˊ ㄗㄨˇ ㄏㄜˊ	1	11	歷史	phrase.history.tsv	161	
農育權	ㄋㄨㄥˊ ㄩˋ ㄑㄩㄢˊ	1	12	法律	phrase.law.tsv	177	
農藝學	ㄋㄨㄥˊ ㄧˋ ㄒㄩㄝˊ	1	12	農業食品	phrase.agriculture-food.tsv	55	
農藥殘留	ㄋㄨㄥˊ ㄧㄠˋ ㄘㄢˊ ㄌㄧㄡˊ	1	18	農業食品	phrase.agriculture-food.tsv	56	
近代音	ㄐㄧㄣˋ ㄉㄞˋ ㄧㄣ	1	11	中文	phrase.chinese.tsv	138	
近藤勇	ㄐㄧㄣˋ ㄊㄥˊ ㄩㄥˇ	0.009999999999999986	9	動漫	phrase.anime.tsv	2177	
返馳式	ㄈㄢˇ ㄔˊ ㄕˋ	1	11	電子電機	phrase.electronics.tsv	173	
迦勒底	ㄐㄧㄚ ㄌㄜˋ ㄉㄧˇ	0.009999999999999986	15	動漫	phrase.anime.tsv	2178	
迪亞布羅	ㄉㄧˊ ㄧㄚˇ ㄅㄨˋ ㄌㄨㄛˊ	0.009999999999999986	11	動漫	phrase.anime.tsv	2179	
迪奧布蘭度	ㄉㄧˊ ㄠˋ ㄅㄨˋ ㄌㄢˊ ㄉㄨˋ	0.009999999999999986	11	動漫	phrase.anime.tsv	2180	
迪斯迪斯	ㄉㄧˊ ㄙ ㄉㄧˊ ㄙ	0.009999999999999986	17	動漫	phrase.anime.tsv	2181	
迪歐	ㄉㄧˊ ㄡ	0.009999999999999986	15	動漫	phrase.anime.tsv	2182	
迪特	ㄉㄧˊ ㄊㄜˋ	0.009999999999999986	13	動漫	phrase.anime.tsv	2183	
迪米烏哥斯	ㄉㄧˊ ㄇㄧˇ ㄨ ㄍㄜ ㄙ	0.009999999999999986	15	動漫	phrase.anime.tsv	2184	
迴歸模型	ㄏㄨㄟˊ ㄍㄨㄟ ㄇㄛˊ ㄒㄧㄥˊ	1	14	AI資料科學	phrase.ai-data-science.tsv	156	
退火製程	ㄊㄨㄟˋ ㄏㄨㄛˇ ㄓˋ ㄔㄥˊ	1	14	晶片半導體	phrase.semiconductor.tsv	154	
逃出農園	ㄊㄠˊ ㄔㄨ ㄋㄨㄥˊ ㄩㄢˊ	0.009999999999999986	14	動漫	phrase.anime.tsv	2186	
逃若黨	ㄊㄠˊ ㄖㄨㄛˋ ㄉㄤˇ	0.009999999999999986	12	動漫	phrase.anime.tsv	2187	
逃避依附	ㄊㄠˊ ㄅㄧˋ ㄧ ㄈㄨˋ	1	10	心理社會	phrase.psychology-society.tsv	86	
逆流症	ㄋㄧˋ ㄌㄧㄡˊ ㄓㄥˋ	1	11	醫學	phrase.medicine.tsv	234	
逆變器	ㄋㄧˋ ㄅㄧㄢˋ ㄑㄧˋ	1	16	電子電機	phrase.electronics.tsv	174	
逆變器校正	ㄋㄧˋ ㄅㄧㄢˋ ㄑㄧˋ ㄐㄧㄠˋ ㄓㄥˋ	1	3	電子電機	phrase.electronics.tsv	175	
逆變器模擬	ㄋㄧˋ ㄅㄧㄢˋ ㄑㄧˋ ㄇㄛˊ ㄋㄧˇ	1	3	電子電機	phrase.electronics.tsv	176	
逆變器設計	ㄋㄧˋ ㄅㄧㄢˋ ㄑㄧˋ ㄕㄜˋ ㄐㄧˋ	1	5	電子電機	phrase.electronics.tsv	177	
逆變器量測	ㄋㄧˋ ㄅㄧㄢˋ ㄑㄧˋ ㄌㄧㄤˊ ㄘㄜˋ	1	3	電子電機	phrase.electronics.tsv	178	
逆變器除錯	ㄋㄧˋ ㄅㄧㄢˋ ㄑㄧˋ ㄔㄨˊ ㄘㄨㄛˋ	1	3	電子電機	phrase.electronics.tsv	179	
逆變器驗證	ㄋㄧˋ ㄅㄧㄢˋ ㄑㄧˋ ㄧㄢˋ ㄓㄥˋ	1	3	電子電機	phrase.electronics.tsv	180	
逆轉錄	ㄋㄧˋ ㄓㄨㄢˇ ㄌㄨˋ	1	9	生技藥學	phrase.biotech-pharma.tsv	106	
通假字	ㄊㄨㄥ ㄐㄧㄚˇ ㄗˋ	1	13	中文	phrase.chinese.tsv	139	
通知服務	ㄊㄨㄥ ㄓ ㄈㄨˊ ㄨˋ	1	8	軟體科學	phrase.software.tsv	90	
通知系統	ㄊㄨㄥ ㄓ ㄒㄧˋ ㄊㄨㄥˇ	1	8	軟體科學	phrase.software.tsv	91	
通訊鏈路	ㄊㄨㄥ ㄒㄩㄣˋ ㄌㄧㄢˋ ㄌㄨˋ	1	14	電子電機	phrase.electronics.tsv	181	
通靈王	ㄊㄨㄥ ㄌㄧㄥˊ ㄨㄤˊ	0.009999999999999986	20	動漫	phrase.anime.tsv	2189	
速動比率	ㄙㄨˋ ㄉㄨㄥˋ ㄅㄧˇ ㄌㄩˋ	1	12	財會金融	phrase.finance.tsv	158	
速率常數	ㄙㄨˋ ㄌㄩˋ ㄔㄤˊ ㄕㄨˋ	1	10	材料化工	phrase.materials-chemistry.tsv	101	
造影	ㄗㄠˋ ㄧㄥˇ	1	15	醫學	phrase.medicine.tsv	236	
逢坂壯五	ㄈㄥˊ ㄅㄢˇ ㄓㄨㄤˋ ㄨˇ	0.009999999999999986	9	動漫	phrase.anime.tsv	2191	
逢坂大河	ㄈㄥˊ ㄅㄢˇ ㄉㄚˋ ㄏㄜˊ	0.009999999999999986	19	動漫	phrase.anime.tsv	2192	
連動句	ㄌㄧㄢˊ ㄉㄨㄥˋ ㄐㄩˋ	1	10	中文	phrase.chinese.tsv	140	
連帶債務	ㄌㄧㄢˊ ㄉㄞˋ ㄓㄞˋ ㄨˋ	1	10	法律	phrase.law.tsv	178	
連接埠轉換	ㄌㄧㄢˊ ㄐㄧㄝ ㄅㄨˋ ㄓㄨㄢˇ ㄏㄨㄢˋ	1	4	網路資安	phrase.network-security.tsv	163	
連續對焦	ㄌㄧㄢˊ ㄒㄩˋ ㄉㄨㄟˋ ㄐㄧㄠ	1	11	媒體設計	phrase.media-design.tsv	90	
週期時間	ㄓㄡ ㄑㄧˊ ㄕˊ ㄐㄧㄢ	1	11	製造機械	phrase.manufacturing.tsv	130	
進料檢驗	ㄐㄧㄣˋ ㄌㄧㄠˋ ㄐㄧㄢˇ ㄧㄢˋ	1	11	製造機械	phrase.manufacturing.tsv	131	
進藤光	ㄐㄧㄣˋ ㄊㄥˊ ㄍㄨㄤ	0.009999999999999986	20	動漫	phrase.anime.tsv	2194	
逸散污染源	ㄧˋ ㄙㄢˋ ㄨ ㄖㄢˇ ㄩㄢˊ	1	3	環境能源	phrase.energy-environment.tsv	134	
遊戲王	ㄧㄡˊ ㄒㄧˋ ㄨㄤˊ	0.009999999999999986	24	動漫	phrase.anime.tsv	2196	
運算放大器	ㄩㄣˋ ㄙㄨㄢˋ ㄈㄤˋ ㄉㄚˋ ㄑㄧˋ	1	3	電子電機	phrase.electronics.tsv	182	
過動症	ㄍㄨㄛˋ ㄉㄨㄥˋ ㄓㄥˋ	1	10	教育	phrase.education.tsv	106	
過失相抵	ㄍㄨㄛˋ ㄕ ㄒㄧㄤ ㄉㄧˇ	1	10	法律	phrase.law.tsv	179	
過渡態	ㄍㄨㄛˋ ㄉㄨˋ ㄊㄞˋ	1	11	科學	phrase.science.tsv	73	
過濾率	ㄍㄨㄛˋ ㄌㄩˋ ㄌㄩˋ	1	10	醫學	phrase.medicine.tsv	238	
過載	ㄍㄨㄛˋ ㄗㄞˋ	1	12	電子電機	phrase.electronics.tsv	183	
道蓮	ㄉㄠˋ ㄌㄧㄢˊ	0.009999999999999986	14	動漫	phrase.anime.tsv	2198	
達克妮絲	ㄉㄚˊ ㄎㄜˋ ㄋㄧˊ ㄙ	0.009999999999999986	15	動漫	phrase.anime.tsv	2200	
達成率	ㄉㄚˊ ㄔㄥˊ ㄌㄩˋ	1	14	商業	phrase.business.tsv	175	
達米安	ㄉㄚˊ ㄇㄧˇ ㄢ	0.009999999999999986	14	動漫	phrase.anime.tsv	2202	
違憲審查	ㄨㄟˊ ㄒㄧㄢˋ ㄕㄣˇ ㄔㄚˊ	1	10	法律	phrase.law.tsv	180	
違法性	ㄨㄟˊ ㄈㄚˇ ㄒㄧㄥˋ	1	11	法律	phrase.law.tsv	182	
遞延所得稅	ㄉㄧˋ ㄧㄢˊ ㄙㄨㄛˇ ㄉㄜˊ ㄕㄨㄟˋ	1	3	財會金融	phrase.finance.tsv	161	
遞進複句	ㄉㄧˋ ㄐㄧㄣˋ ㄈㄨˋ ㄐㄩˋ	1	9	中文	phrase.chinese.tsv	141	
遠坂凜	ㄩㄢˇ ㄅㄢˇ ㄌㄧㄣˇ	0.009999999999999986	17	動漫	phrase.anime.tsv	2203	
遠山倫	ㄩㄢˇ ㄕㄢ ㄌㄨㄣˊ	0.009999999999999986	14	動漫	phrase.anime.tsv	2204	
遠藤健兒	ㄩㄢˇ ㄊㄥˊ ㄐㄧㄢˋ ㄦˊ	0.009999999999999986	20	動漫	phrase.anime.tsv	2206	
遠藤神乃	ㄩㄢˇ ㄊㄥˊ ㄕㄣˊ ㄋㄞˇ	0.009999999999999986	17	動漫	phrase.anime.tsv	2207	
遠距醫療	ㄩㄢˇ ㄐㄩˋ ㄧ ㄌㄧㄠˊ	1	10	一般	phrase.general.tsv	152	
遠野美凪	ㄩㄢˇ ㄧㄝˇ ㄇㄟˇ ㄓˇ	0.009999999999999986	11	動漫	phrase.anime.tsv	2208	
適性	ㄕˋ ㄒㄧㄥˋ	0.009999999999999986	10	教育	phrase.education.tsv	107	
選官制度	ㄒㄩㄢˇ ㄍㄨㄢ ㄓˋ ㄉㄨˋ	1	11	歷史	phrase.history.tsv	163	
選擇定則	ㄒㄩㄢˇ ㄗㄜˊ ㄉㄧㄥˋ ㄗㄜˊ	1	12	科學	phrase.science.tsv	74	
選擇性注意	ㄒㄩㄢˇ ㄗㄜˊ ㄒㄧㄥˋ ㄓㄨˋ ㄧˋ	1	3	心理社會	phrase.psychology-society.tsv	87	
選擇複句	ㄒㄩㄢˇ ㄗㄜˊ ㄈㄨˋ ㄐㄩˋ	1	12	中文	phrase.chinese.tsv	142	
遺傳漂變	ㄧˊ ㄔㄨㄢˊ ㄆㄧㄠˋ ㄅㄧㄢˋ	1	11	科學	phrase.science.tsv	75	
遺產分割	ㄧˊ ㄔㄢˇ ㄈㄣ ㄍㄜ	1	10	法律	phrase.law.tsv	184	
遺產管理人	ㄧˊ ㄔㄢˇ ㄍㄨㄢˇ ㄌㄧˇ ㄖㄣˊ	1	3	法律	phrase.law.tsv	185	
還差得遠呢	ㄏㄞˊ ㄔㄚ ㄉㄜ˙ ㄩㄢˇ ㄋㄜ˙	0.009999999999999986	13	動漫	phrase.anime.tsv	2211	
邊坡	ㄅㄧㄢ ㄆㄛ	1	10	建築土木	phrase.civil-engineering.tsv	202	
邊疆治理	ㄅㄧㄢ ㄐㄧㄤ ㄓˋ ㄌㄧˇ	1	9	歷史	phrase.history.tsv	164	
邊緣運算	ㄅㄧㄢ ㄩㄢˊ ㄩㄣˋ ㄙㄨㄢˋ	1	8	一般	phrase.general.tsv	153	
邪王真眼	ㄒㄧㄝˊ ㄨㄤˊ ㄓㄣ ㄧㄢˇ	0.009999999999999986	13	動漫	phrase.anime.tsv	2212	
郁永河事件	ㄩˋ ㄩㄥˇ ㄏㄜˊ ㄕˋ ㄐㄧㄢˋ	1	3	歷史	phrase.history.tsv	165	
郊區化	ㄐㄧㄠ ㄑㄩ ㄏㄨㄚˋ	1	11	心理社會	phrase.psychology-society.tsv	88	
郡國並行	ㄐㄩㄣˋ ㄍㄨㄛˊ ㄅㄧㄥˋ ㄒㄧㄥˊ	1	10	歷史	phrase.history.tsv	166	
郵件系統	ㄧㄡˊ ㄐㄧㄢˋ ㄒㄧˋ ㄊㄨㄥˇ	1	13	網路資安	phrase.network-security.tsv	165	
都卜勒效應	ㄉㄨ ㄅㄨˇ ㄌㄜˋ ㄒㄧㄠˋ ㄧㄥˋ	1	3	科學	phrase.science.tsv	76	
鄉下女孩	ㄒㄧㄤ ㄒㄧㄚˋ ㄋㄩˇ ㄏㄞˊ	0.009999999999999986	12	動漫	phrase.anime.tsv	2213	
鄰座	ㄌㄧㄣˊ ㄗㄨㄛˋ	0.009999999999999986	23	動漫	phrase.anime.tsv	2214	
配位化學	ㄆㄟˋ ㄨㄟˋ ㄏㄨㄚˋ ㄒㄩㄝˊ	1	12	科學	phrase.science.tsv	77	
配位聚合	ㄆㄟˋ ㄨㄟˋ ㄐㄩˋ ㄏㄜˊ	1	12	材料化工	phrase.materials-chemistry.tsv	103	
配送車隊	ㄆㄟˋ ㄙㄨㄥˋ ㄔㄜ ㄉㄨㄟˋ	1	14	交通物流	phrase.transport-logistics.tsv	99	
配電饋線	ㄆㄟˋ ㄉㄧㄢˋ ㄎㄨㄟˋ ㄒㄧㄢˋ	1	11	環境能源	phrase.energy-environment.tsv	137	
酮酸	ㄊㄨㄥˊ ㄙㄨㄢ	1	11	醫學	phrase.medicine.tsv	240	
酷拉皮卡	ㄎㄨˋ ㄌㄚ ㄆㄧˊ ㄎㄚˇ	0.009999999999999986	18	動漫	phrase.anime.tsv	2215	
酷澎	ㄎㄨˋ ㄆㄥˊ	1	12	一般	phrase.general.tsv	154	
酸鹼平衡	ㄙㄨㄢ ㄐㄧㄢˇ ㄆㄧㄥˊ ㄏㄥˊ	1	10	材料化工	phrase.materials-chemistry.tsv	104	
酸鹼滴定	ㄙㄨㄢ ㄐㄧㄢˇ ㄉㄧ ㄉㄧㄥˋ	1	9	材料化工	phrase.materials-chemistry.tsv	105	
酸鹼理論	ㄙㄨㄢ ㄐㄧㄢˇ ㄌㄧˇ ㄌㄨㄣˋ	1	10	科學	phrase.science.tsv	79	
醛固酮	ㄑㄩㄢˊ ㄍㄨˋ ㄊㄨㄥˊ	1	9	醫學	phrase.medicine.tsv	241	
醫療口罩	ㄧ ㄌㄧㄠˊ ㄎㄡˇ ㄓㄠˋ	1	18	一般	phrase.general.tsv	155	
里包恩	ㄌㄧˇ ㄅㄠ ㄣ	0.009999999999999986	17	動漫	phrase.anime.tsv	2217	
里歐弗提亞	ㄌㄧˇ ㄡ ㄈㄨˊ ㄊㄧˊ ㄧㄚˇ	0.009999999999999986	15	動漫	phrase.anime.tsv	2219	
里甲制度	ㄌㄧˇ ㄐㄧㄚˇ ㄓˋ ㄉㄨˋ	1	12	歷史	phrase.history.tsv	167	
里維阿卡曼	ㄌㄧˇ ㄨㄟˊ ㄚ ㄎㄚˇ ㄇㄢˋ	0.009999999999999986	17	動漫	phrase.anime.tsv	2220	
里見菜穗子	ㄌㄧˇ ㄐㄧㄢˋ ㄘㄞˋ ㄙㄨㄟˋ ㄗ˙	0.009999999999999986	15	動漫	phrase.anime.tsv	2221	
重大性分析	ㄓㄨㄥˋ ㄉㄚˋ ㄒㄧㄥˋ ㄈㄣ ㄒㄧ	1	5	商業	phrase.business.tsv	176	
重大性原則	ㄓㄨㄥˋ ㄉㄚˋ ㄒㄧㄥˋ ㄩㄢˊ ㄗㄜˊ	1	4	財會金融	phrase.finance.tsv	162	
重構	ㄓㄨㄥˋ ㄍㄡˋ	1	9	軟體科學	phrase.software.tsv	94	
重疊詞	ㄔㄨㄥˊ ㄉㄧㄝˊ ㄘˊ	1	11	中文	phrase.chinese.tsv	143	
重積	ㄓㄨㄥˋ ㄐㄧ	0.009999999999999986	10	醫學	phrase.medicine.tsv	242	
重要管制點	ㄓㄨㄥˋ ㄧㄠˋ ㄍㄨㄢˇ ㄓˋ ㄉㄧㄢˇ	1	5	農業食品	phrase.agriculture-food.tsv	57	
重金屬污染	ㄓㄨㄥˋ ㄐㄧㄣ ㄕㄨˇ ㄨ ㄖㄢˇ	1	3	農業食品	phrase.agriculture-food.tsv	58	
野原廣志	ㄧㄝˇ ㄩㄢˊ ㄍㄨㄤˇ ㄓˋ	0.009999999999999986	19	動漫	phrase.anime.tsv	2222	
野原新之助	ㄧㄝˇ ㄩㄢˊ ㄒㄧㄣ ㄓ ㄓㄨˋ	0.009999999999999986	25	動漫	phrase.anime.tsv	2223	
野原美冴	ㄧㄝˇ ㄩㄢˊ ㄇㄟˇ ㄏㄨˋ	0.009999999999999986	22	動漫	phrase.anime.tsv	2224	
野原葵	ㄧㄝˇ ㄩㄢˊ ㄎㄨㄟˊ	0.009999999999999986	17	動漫	phrase.anime.tsv	2225	
野崎	ㄧㄝˇ ㄑㄧˊ	0.009999999999999986	24	動漫	phrase.anime.tsv	2226	
野崎梅太郎	ㄧㄝˇ ㄑㄧˊ ㄇㄟˊ ㄊㄞˋ ㄌㄤˊ	0.009999999999999986	21	動漫	phrase.anime.tsv	2227	
野田妹	ㄧㄝˇ ㄊㄧㄢˊ ㄇㄟˋ	0.009999999999999986	13	動漫	phrase.anime.tsv	2228	
野田惠	ㄧㄝˇ ㄊㄧㄢˊ ㄏㄨㄟˋ	0.009999999999999986	21	動漫	phrase.anime.tsv	2229	
量具	ㄌㄧㄤˋ ㄐㄩˋ	1	12	工業工程	phrase.industrial-engineering.tsv	99	
量子化	ㄌㄧㄤˋ ㄗˇ ㄏㄨㄚˋ	1	11	科學	phrase.science.tsv	82	
量子運算	ㄌㄧㄤˋ ㄗˇ ㄩㄣˋ ㄙㄨㄢˋ	1	14	一般	phrase.general.tsv	156	
量測機台	ㄌㄧㄤˊ ㄘㄜˋ ㄐㄧ ㄊㄞˊ	1	12	晶片半導體	phrase.semiconductor.tsv	159	
量熱法	ㄌㄧㄤˋ ㄖㄜˋ ㄈㄚˇ	1	12	材料化工	phrase.materials-chemistry.tsv	106	
金屬化	ㄐㄧㄣ ㄕㄨˇ ㄏㄨㄚˋ	1	14	晶片半導體	phrase.semiconductor.tsv	160	
金屬化製程	ㄐㄧㄣ ㄕㄨˇ ㄏㄨㄚˋ ㄓˋ ㄔㄥˊ	1	8	晶片半導體	phrase.semiconductor.tsv	161	
金屬間	ㄐㄧㄣ ㄕㄨˇ ㄐㄧㄢ	1	11	材料化工	phrase.materials-chemistry.tsv	107	
金恩	ㄐㄧㄣ ㄣ	0.009999999999999986	13	動漫	phrase.anime.tsv	2230	
金木研	ㄐㄧㄣ ㄇㄨˋ ㄧㄢˊ	0.009999999999999986	21	動漫	phrase.anime.tsv	2231	
金森沙耶加	ㄐㄧㄣ ㄙㄣ ㄕㄚ ㄧㄝ ㄐㄧㄚ	0.009999999999999986	15	動漫	phrase.anime.tsv	2232	
金氧半	ㄐㄧㄣ ㄧㄤˇ ㄅㄢˋ	1	12	晶片半導體	phrase.semiconductor.tsv	162	
金田一	ㄐㄧㄣ ㄊㄧㄢˊ ㄧ	0.009999999999999986	25	動漫	phrase.anime.tsv	2233	
金田一一	ㄐㄧㄣ ㄊㄧㄢˊ ㄧ ㄧ	0.009999999999999986	22	動漫	phrase.anime.tsv	2234	
金相分析	ㄐㄧㄣ ㄒㄧㄤˋ ㄈㄣ ㄒㄧ	1	11	材料化工	phrase.materials-chemistry.tsv	108	
金融科技	ㄐㄧㄣ ㄖㄨㄥˊ ㄎㄜ ㄐㄧˋ	1	12	一般	phrase.general.tsv	157	
釘崎野薔薇	ㄉㄧㄥ ㄑㄧˊ ㄧㄝˇ ㄑㄧㄤˊ ㄨㄟˊ	0.009999999999999986	19	動漫	phrase.anime.tsv	2236	
針目縫	ㄓㄣ ㄇㄨˋ ㄈㄥˊ	0.009999999999999986	12	動漫	phrase.anime.tsv	2237	
釣魚簡訊	ㄉㄧㄠˋ ㄩˊ ㄐㄧㄢˇ ㄒㄩㄣˋ	1	12	一般	phrase.general.tsv	158	
釣魚郵件	ㄉㄧㄠˋ ㄩˊ ㄧㄡˊ ㄐㄧㄢˋ	1	10	一般	phrase.general.tsv	159	
鈑金加工	ㄅㄢˇ ㄐㄧㄣ ㄐㄧㄚ ㄍㄨㄥ	1	9	製造機械	phrase.manufacturing.tsv	134	
鈴井涼太	ㄌㄧㄥˊ ㄐㄧㄥˇ ㄌㄧㄤˊ ㄊㄞˋ	0.009999999999999986	16	動漫	phrase.anime.tsv	2238	
鈴屋什造	ㄌㄧㄥˊ ㄨ ㄕㄜˊ ㄗㄠˋ	0.009999999999999986	12	動漫	phrase.anime.tsv	2239	
鈴芽之旅	ㄌㄧㄥˊ ㄧㄚˊ ㄓ ㄌㄩˇ	0.009999999999999986	25	動漫	phrase.anime.tsv	2240	
銀之匙	ㄧㄣˊ ㄓ ㄔˊ	0.009999999999999986	22	動漫	phrase.anime.tsv	2242	
銀古	ㄧㄣˊ ㄍㄨˇ	0.009999999999999986	20	動漫	phrase.anime.tsv	2243	
銀魂	ㄧㄣˊ ㄏㄨㄣˊ	0.009999999999999986	26	動漫	phrase.anime.tsv	2244	
銅合金	ㄊㄨㄥˊ ㄏㄜˊ ㄐㄧㄣ	1	14	材料化工	phrase.materials-chemistry.tsv	110	
銛之塚崇	ㄒㄧㄢ ㄓ ㄓㄨㄥˇ ㄔㄨㄥˊ	0.009999999999999986	10	動漫	phrase.anime.tsv	2245	
鋪面平坦度	ㄆㄨ ㄇㄧㄢˋ ㄆㄧㄥˊ ㄊㄢˇ ㄉㄨˋ	1	4	建築土木	phrase.civil-engineering.tsv	204	
鋼之	ㄍㄤ ㄓ	0.009999999999999986	26	動漫	phrase.anime.tsv	2246	
鋼材熱性質	ㄍㄤ ㄘㄞˊ ㄖㄜˋ ㄒㄧㄥˋ ㄓˋ	1	3	材料化工	phrase.materials-chemistry.tsv	113	
鋼材熱處理	ㄍㄤ ㄘㄞˊ ㄖㄜˋ ㄔㄨˇ ㄌㄧˇ	1	2	材料化工	phrase.materials-chemistry.tsv	114	
鋼構	ㄍㄤ ㄍㄡˋ	1	8	建築土木	phrase.civil-engineering.tsv	205	
鋼纖維	ㄍㄤ ㄒㄧㄢ ㄨㄟˊ	1	4	建築土木	phrase.civil-engineering.tsv	207	
錐生零	ㄓㄨㄟ ㄕㄥ ㄌㄧㄥˊ	0.009999999999999986	15	動漫	phrase.anime.tsv	2248	
錢婆婆	ㄑㄧㄢˊ ㄆㄛˊ ㄆㄛˊ	0.009999999999999986	17	動漫	phrase.anime.tsv	2249	
錦木千束	ㄐㄧㄣˇ ㄇㄨˋ ㄑㄧㄢ ㄕㄨˋ	0.009999999999999986	22	動漫	phrase.anime.tsv	2250	
錯亂坊	ㄘㄨㄛˋ ㄌㄨㄢˋ ㄈㄤ	0.009999999999999986	12	動漫	phrase.anime.tsv	2251	
錯誤分析	ㄘㄨㄛˋ ㄨˋ ㄈㄣ ㄒㄧ	1	15	AI資料科學	phrase.ai-data-science.tsv	159	
鍊金術師	ㄌㄧㄢˋ ㄐㄧㄣ ㄕㄨˋ ㄕ	0.009999999999999986	26	動漫	phrase.anime.tsv	2252	
鍛造模具	ㄉㄨㄢˋ ㄗㄠˋ ㄇㄨˊ ㄐㄩˋ	1	10	製造機械	phrase.manufacturing.tsv	136	
鎳基合金	ㄋㄧㄝˋ ㄐㄧ ㄏㄜˊ ㄐㄧㄣ	1	12	材料化工	phrase.materials-chemistry.tsv	115	
鏈鋸人	ㄌㄧㄢˋ ㄐㄩˋ ㄖㄣˊ	0.009999999999999986	25	動漫	phrase.anime.tsv	2253	
鑑別診斷	ㄐㄧㄢˋ ㄅㄧㄝˊ ㄓㄣˇ ㄉㄨㄢˋ	1	12	醫學	phrase.medicine.tsv	244	
鑽石王牌	ㄗㄨㄢˋ ㄕˊ ㄨㄤˊ ㄆㄞˊ	0.009999999999999986	21	動漫	phrase.anime.tsv	2254	
長名馴染	ㄔㄤˊ ㄇㄧㄥˊ ㄒㄩㄣˊ ㄖㄢˇ	0.009999999999999986	16	動漫	phrase.anime.tsv	2255	
長新冠	ㄓㄤˇ ㄒㄧㄣ ㄍㄨㄢˋ	1	8	一般	phrase.general.tsv	160	
長月早苗	ㄔㄤˊ ㄩㄝˋ ㄗㄠˇ ㄇㄧㄠˊ	0.009999999999999986	12	動漫	phrase.anime.tsv	2256	
長期記憶	ㄔㄤˊ ㄑㄧˊ ㄐㄧˋ ㄧˋ	1	12	心理社會	phrase.psychology-society.tsv	89	
長期追蹤	ㄔㄤˊ ㄑㄧˊ ㄓㄨㄟ ㄗㄨㄥ	1	12	醫學	phrase.medicine.tsv	245	
長沙會戰	ㄔㄤˊ ㄕㄚ ㄏㄨㄟˋ ㄓㄢˋ	1	9	歷史	phrase.history.tsv	168	
長瀞同學	ㄔㄤˊ ㄐㄧㄥˋ ㄊㄨㄥˊ ㄒㄩㄝˊ	0.009999999999999986	20	動漫	phrase.anime.tsv	2257	
長瀞早瀨	ㄔㄤˊ ㄐㄧㄥˋ ㄗㄠˇ ㄌㄞˋ	0.009999999999999986	18	動漫	phrase.anime.tsv	2258	
長照服務	ㄔㄤˊ ㄓㄠˋ ㄈㄨˊ ㄨˋ	1	18	一般	phrase.general.tsv	162	
長短期	ㄔㄤˊ ㄉㄨㄢˇ ㄑㄧˊ	1	11	AI資料科學	phrase.ai-data-science.tsv	160	
長讀長定序	ㄓㄤˇ ㄉㄨˊ ㄓㄤˇ ㄉㄧㄥˋ ㄒㄩˋ	1	6	生技藥學	phrase.biotech-pharma.tsv	110	
長野原美緒	ㄔㄤˊ ㄧㄝˇ ㄩㄢˊ ㄇㄟˇ ㄒㄩˋ	0.009999999999999986	18	動漫	phrase.anime.tsv	2259	
長門有希	ㄔㄤˊ ㄇㄣˊ ㄧㄡˇ ㄒㄧ	0.009999999999999986	17	動漫	phrase.anime.tsv	2260	
門式起重機	ㄇㄣˊ ㄕˋ ㄑㄧˇ ㄓㄨㄥˋ ㄐㄧ	1	5	交通物流	phrase.transport-logistics.tsv	101	
門控	ㄇㄣˊ ㄎㄨㄥˋ	1	12	AI資料科學	phrase.ai-data-science.tsv	161	
閂鎖	ㄕㄨㄢ ㄙㄨㄛˇ	1	11	晶片半導體	phrase.semiconductor.tsv	163	
閃電霹靂車	ㄕㄢˇ ㄉㄧㄢˋ ㄆㄧ ㄌㄧˋ ㄔㄜ	0.009999999999999986	21	動漫	phrase.anime.tsv	2261	
閉迴路控制	ㄅㄧˋ ㄏㄨㄟˊ ㄌㄨˋ ㄎㄨㄥˋ ㄓˋ	1	5	電子電機	phrase.electronics.tsv	185	
開口呼	ㄎㄞ ㄎㄡˇ ㄏㄨ	1	11	中文	phrase.chinese.tsv	144	
開墾拓殖	ㄎㄞ ㄎㄣˇ ㄊㄨㄛˋ ㄓˊ	1	10	歷史	phrase.history.tsv	169	
開山撫番	ㄎㄞ ㄕㄢ ㄈㄨˇ ㄈㄢ	1	10	歷史	phrase.history.tsv	170	
開拓異境	ㄎㄞ ㄊㄨㄛˋ ㄧˋ ㄐㄧㄥˋ	0.009999999999999986	22	動漫	phrase.anime.tsv	2262	
開挖面穩定	ㄎㄞ ㄨㄚ ㄇㄧㄢˋ ㄨㄣˇ ㄉㄧㄥˋ	1	3	建築土木	phrase.civil-engineering.tsv	209	
開放式題目	ㄎㄞ ㄈㄤˋ ㄕˋ ㄊㄧˊ ㄇㄨˋ	1	4	教育	phrase.education.tsv	108	
開港通商	ㄎㄞ ㄍㄤˇ ㄊㄨㄥ ㄕㄤ	1	9	歷史	phrase.history.tsv	171	
開源模型	ㄎㄞ ㄩㄢˊ ㄇㄛˊ ㄒㄧㄥˊ	1	14	一般	phrase.general.tsv	163	
開源軟體	ㄎㄞ ㄩㄢˊ ㄖㄨㄢˇ ㄊㄧˇ	1	18	一般	phrase.general.tsv	164	
開迴路控制	ㄎㄞ ㄏㄨㄟˊ ㄌㄨˋ ㄎㄨㄥˋ ㄓˋ	1	7	電子電機	phrase.electronics.tsv	186	
間作	ㄐㄧㄢ ㄗㄨㄛˋ	0.009999999999999986	9	農業食品	phrase.agriculture-food.tsv	60	
間桐櫻	ㄐㄧㄢ ㄊㄨㄥˊ ㄧㄥ	0.009999999999999986	15	動漫	phrase.anime.tsv	2263	
間質幹細胞	ㄐㄧㄢ ㄓˊ ㄍㄢˋ ㄒㄧˋ ㄅㄠ	1	3	生技藥學	phrase.biotech-pharma.tsv	111	
間隙原子	ㄐㄧㄢˋ ㄒㄧˋ ㄩㄢˊ ㄗˇ	1	9	材料化工	phrase.materials-chemistry.tsv	116	
閘極	ㄓㄚˊ ㄐㄧˊ	1	10	晶片半導體	phrase.semiconductor.tsv	164	
閘道服務	ㄓㄚˊ ㄉㄠˋ ㄈㄨˊ ㄨˋ	1	8	軟體科學	phrase.software.tsv	95	
閻魔大王	ㄧㄢˊ ㄇㄛˊ ㄉㄚˋ ㄨㄤˊ	0.009999999999999986	16	動漫	phrase.anime.tsv	2264	
閻魔愛	ㄧㄢˊ ㄇㄛˊ ㄞˋ	0.009999999999999986	20	動漫	phrase.anime.tsv	2265	
闇遊戲	ㄢˋ ㄧㄡˊ ㄒㄧˋ	0.009999999999999986	19	動漫	phrase.anime.tsv	2266	
關根萌子	ㄍㄨㄢ ㄍㄣ ㄇㄥˊ ㄗ˙	0.009999999999999986	13	動漫	phrase.anime.tsv	2268	
關漢卿	ㄍㄨㄢ ㄏㄢˋ ㄑㄧㄥ	1	8	中文	phrase.chinese.tsv	145	
關稅自主	ㄍㄨㄢ ㄕㄨㄟˋ ㄗˋ ㄓㄨˇ	1	11	歷史	phrase.history.tsv	172	
關鍵影格	ㄍㄨㄢ ㄐㄧㄢˋ ㄧㄥˇ ㄍㄜˊ	1	11	媒體設計	phrase.media-design.tsv	91	
阪本	ㄅㄢˇ ㄅㄣˇ	0.009999999999999986	11	動漫	phrase.anime.tsv	2269	
防水層	ㄈㄤˊ ㄕㄨㄟˇ ㄘㄥˊ	1	16	建築土木	phrase.civil-engineering.tsv	210	
防水層修復	ㄈㄤˊ ㄕㄨㄟˇ ㄘㄥˊ ㄒㄧㄡ ㄈㄨˋ	1	3	建築土木	phrase.civil-engineering.tsv	211	
防水層施工	ㄈㄤˊ ㄕㄨㄟˇ ㄘㄥˊ ㄕ ㄍㄨㄥ	1	3	建築土木	phrase.civil-engineering.tsv	212	
防水層檢驗	ㄈㄤˊ ㄕㄨㄟˇ ㄘㄥˊ ㄐㄧㄢˇ ㄧㄢˋ	1	4	建築土木	phrase.civil-engineering.tsv	213	
防水層監測	ㄈㄤˊ ㄕㄨㄟˇ ㄘㄥˊ ㄐㄧㄢ ㄘㄜˋ	1	4	建築土木	phrase.civil-engineering.tsv	214	
防水層補強	ㄈㄤˊ ㄕㄨㄟˇ ㄘㄥˊ ㄅㄨˇ ㄑㄧㄤˊ	1	3	建築土木	phrase.civil-engineering.tsv	215	
防水層設計	ㄈㄤˊ ㄕㄨㄟˇ ㄘㄥˊ ㄕㄜˋ ㄐㄧˋ	1	5	建築土木	phrase.civil-engineering.tsv	216	
防衛機轉	ㄈㄤˊ ㄨㄟˋ ㄐㄧ ㄓㄨㄢˇ	1	11	心理社會	phrase.psychology-society.tsv	90	
防風鈴	ㄈㄤˊ ㄈㄥ ㄌㄧㄥˊ	0.009999999999999986	13	動漫	phrase.anime.tsv	2270	
阻塞性	ㄗㄨˇ ㄙㄜˋ ㄒㄧㄥˋ	1	11	醫學	phrase.medicine.tsv	247	
阻尼振動	ㄗㄨˇ ㄋㄧˊ ㄓㄣˋ ㄉㄨㄥˋ	1	9	科學	phrase.science.tsv	83	
阻變式	ㄗㄨˇ ㄅㄧㄢˋ ㄕˋ	1	11	晶片半導體	phrase.semiconductor.tsv	165	
阿克	ㄚ ㄎㄜˋ	0.009999999999999986	16	動漫	phrase.anime.tsv	2271	
阿克婭	ㄚ ㄎㄜˋ ㄧㄚˋ	0.009999999999999986	20	動漫	phrase.anime.tsv	2272	
阿區	ㄚ ㄑㄩ	0.009999999999999986	15	動漫	phrase.anime.tsv	2273	
阿卡曼	ㄚ ㄎㄚˇ ㄇㄢˋ	0.009999999999999986	22	動漫	phrase.anime.tsv	2274	
阿基曼	ㄚ ㄐㄧ ㄇㄢˋ	0.009999999999999986	17	動漫	phrase.anime.tsv	2276	
阿奎亞	ㄚ ㄎㄨㄟˊ ㄧㄚˇ	0.009999999999999986	21	動漫	phrase.anime.tsv	2277	
阿妮莫奈	ㄚ ㄋㄧˊ ㄇㄛˋ ㄋㄞˋ	0.009999999999999986	9	動漫	phrase.anime.tsv	2278	
阿席莉帕	ㄚ ㄒㄧˊ ㄌㄧˋ ㄆㄚˋ	0.009999999999999986	18	動漫	phrase.anime.tsv	2279	
阿席達卡	ㄚ ㄒㄧˊ ㄉㄚˊ ㄎㄚˇ	0.009999999999999986	23	動漫	phrase.anime.tsv	2280	
阿拉伯帝國	ㄚ ㄌㄚ ㄅㄛˊ ㄉㄧˋ ㄍㄨㄛˊ	1	4	歷史	phrase.history.tsv	173	
阿散井戀次	ㄚ ㄙㄢˋ ㄐㄧㄥˇ ㄌㄧㄢˋ ㄘˋ	0.009999999999999986	14	動漫	phrase.anime.tsv	2281	
阿斯哈	ㄚ ㄙ ㄏㄚ	0.009999999999999986	15	動漫	phrase.anime.tsv	2282	
阿斯拉	ㄚ ㄙ ㄌㄚ	0.009999999999999986	12	動漫	phrase.anime.tsv	2283	
阿斯蘭薩拉	ㄚ ㄙ ㄌㄢˊ ㄙㄚˋ ㄌㄚ	0.009999999999999986	19	動漫	phrase.anime.tsv	2284	
阿梅爾	ㄚ ㄇㄟˊ ㄦˇ	0.009999999999999986	13	動漫	phrase.anime.tsv	2285	
阿比斯	ㄚ ㄅㄧˇ ㄙ	0.009999999999999986	12	動漫	phrase.anime.tsv	2286	
阿波連	ㄚ ㄅㄛ ㄌㄧㄢˊ	0.009999999999999986	20	動漫	phrase.anime.tsv	2287	
阿波連玲奈	ㄚ ㄅㄛ ㄌㄧㄢˊ ㄌㄧㄥˊ ㄋㄞˋ	0.009999999999999986	17	動漫	phrase.anime.tsv	2288	
阿烏拉	ㄚ ㄨ ㄌㄚ	0.009999999999999986	11	動漫	phrase.anime.tsv	2289	
阿爾德比特	ㄚ ㄦˇ ㄉㄜˊ ㄅㄧˇ ㄊㄜˋ	0.009999999999999986	11	動漫	phrase.anime.tsv	2290	
阿爾托莉雅	ㄚ ㄦˇ ㄊㄨㄛ ㄌㄧˋ ㄧㄚˇ	0.009999999999999986	20	動漫	phrase.anime.tsv	2291	
阿爾敏	ㄚ ㄦˇ ㄇㄧㄣˇ	0.009999999999999986	19	動漫	phrase.anime.tsv	2292	
阿爾泰爾	ㄚ ㄦˇ ㄊㄞˋ ㄦˇ	0.009999999999999986	12	動漫	phrase.anime.tsv	2293	
阿爾馮斯	ㄚ ㄦˇ ㄈㄥˊ ㄙ	0.009999999999999986	21	動漫	phrase.anime.tsv	2294	
阿瑞尼士	ㄚ ㄖㄨㄟˋ ㄋㄧˊ ㄕˋ	1	12	材料化工	phrase.materials-chemistry.tsv	117	
阿維里歐	ㄚ ㄨㄟˊ ㄌㄧˇ ㄡ	0.009999999999999986	18	動漫	phrase.anime.tsv	2295	
阿良良木曆	ㄚ ㄌㄧㄤˊ ㄌㄧㄤˊ ㄇㄨˋ ㄌㄧˋ	0.009999999999999986	21	動漫	phrase.anime.tsv	2296	
阿蕾塔	ㄚ ㄌㄟˇ ㄊㄚˇ	0.009999999999999986	14	動漫	phrase.anime.tsv	2297	
阿虛	ㄚ ㄒㄩ	0.009999999999999986	20	動漫	phrase.anime.tsv	2298	
阿謝拉特	ㄚ ㄒㄧㄝˋ ㄌㄚ ㄊㄜˋ	0.009999999999999986	17	動漫	phrase.anime.tsv	2299	
阿部隆也	ㄚ ㄅㄨˋ ㄌㄨㄥˊ ㄧㄝˇ	0.009999999999999986	14	動漫	phrase.anime.tsv	2300	
阿雷路亞	ㄚ ㄌㄟˊ ㄌㄨˋ ㄧㄚˇ	0.009999999999999986	15	動漫	phrase.anime.tsv	2302	
阿黛爾海德	ㄚ ㄉㄞˋ ㄦˇ ㄏㄞˇ ㄉㄜˊ	0.009999999999999986	9	動漫	phrase.anime.tsv	2303	
陌生化	ㄇㄛˋ ㄕㄥ ㄏㄨㄚˋ	1	11	中文	phrase.chinese.tsv	146	
降伏強度	ㄒㄧㄤˊ ㄈㄨˊ ㄑㄧㄤˊ ㄉㄨˋ	1	9	製造機械	phrase.manufacturing.tsv	138	
降壓轉換器	ㄐㄧㄤˋ ㄧㄚ ㄓㄨㄢˇ ㄏㄨㄢˋ ㄑㄧˋ	1	2	電子電機	phrase.electronics.tsv	188	
降谷千紘	ㄐㄧㄤˋ ㄍㄨˇ ㄑㄧㄢ ㄏㄨㄥˊ	0.009999999999999986	14	動漫	phrase.anime.tsv	2305	
降谷曉	ㄐㄧㄤˋ ㄍㄨˇ ㄒㄧㄠˇ	0.009999999999999986	16	動漫	phrase.anime.tsv	2306	
降谷萌路	ㄐㄧㄤˋ ㄍㄨˇ ㄇㄥˊ ㄌㄨˋ	0.009999999999999986	11	動漫	phrase.anime.tsv	2307	
限定猜拳	ㄒㄧㄢˋ ㄉㄧㄥˋ ㄘㄞ ㄑㄩㄢˊ	0.009999999999999986	13	動漫	phrase.anime.tsv	2308	
限定繼承	ㄒㄧㄢˋ ㄉㄧㄥˋ ㄐㄧˋ ㄔㄥˊ	1	10	法律	phrase.law.tsv	186	
陣內侘助	ㄓㄣˋ ㄋㄟˋ ㄔㄚˋ ㄓㄨˋ	0.009999999999999986	15	動漫	phrase.anime.tsv	2309	
陣內榮	ㄓㄣˋ ㄋㄟˋ ㄖㄨㄥˊ	0.009999999999999986	12	動漫	phrase.anime.tsv	2310	
除斥期間	ㄔㄨˊ ㄔˋ ㄑㄧˊ ㄐㄧㄢ	1	12	法律	phrase.law.tsv	187	
陰上	ㄧㄣ ㄕㄤˋ	1	11	中文	phrase.chinese.tsv	147	
陰入	ㄧㄣ ㄖㄨˋ	1	11	中文	phrase.chinese.tsv	148	
陰去	ㄧㄣ ㄑㄩˋ	1	11	中文	phrase.chinese.tsv	149	
陰極防蝕	ㄧㄣ ㄐㄧˊ ㄈㄤˊ ㄕˊ	1	9	材料化工	phrase.materials-chemistry.tsv	118	
陳情案件	ㄔㄣˊ ㄑㄧㄥˊ ㄢˋ ㄐㄧㄢˋ	1	15	公務員公文	phrase.government.tsv	75	
陳核	ㄔㄣˊ ㄏㄜˊ	1	22	公務員公文	phrase.government.tsv	76	
陳毛利	ㄔㄣˊ ㄇㄠˊ ㄌㄧˋ	0.009999999999999986	17	動漫	phrase.anime.tsv	2311	
陳述意見	ㄔㄣˊ ㄕㄨˋ ㄧˋ ㄐㄧㄢˋ	1	10	法律	phrase.law.tsv	188	
陶瓷材料	ㄊㄠˊ ㄘˊ ㄘㄞˊ ㄌㄧㄠˋ	1	10	材料化工	phrase.materials-chemistry.tsv	120	
陶瓷熱性質	ㄊㄠˊ ㄘˊ ㄖㄜˋ ㄒㄧㄥˋ ㄓˋ	1	3	材料化工	phrase.materials-chemistry.tsv	121	
陶瓷熱處理	ㄊㄠˊ ㄘˊ ㄖㄜˋ ㄔㄨˇ ㄌㄧˇ	1	3	材料化工	phrase.materials-chemistry.tsv	122	
陷波濾波器	ㄒㄧㄢˋ ㄅㄛ ㄌㄩˋ ㄅㄛ ㄑㄧˋ	1	4	電子電機	phrase.electronics.tsv	190	
陸域風電	ㄌㄨˋ ㄩˋ ㄈㄥ ㄉㄧㄢˋ	1	12	環境能源	phrase.energy-environment.tsv	139	
陸少糖	ㄌㄨˋ ㄕㄠˇ ㄊㄤˊ	0.009999999999999986	16	動漫	phrase.anime.tsv	2312	
陽上	ㄧㄤˊ ㄕㄤˋ	1	12	中文	phrase.chinese.tsv	151	
陽入	ㄧㄤˊ ㄖㄨˋ	1	12	中文	phrase.chinese.tsv	152	
陽務樂郎	ㄧㄤˊ ㄨˋ ㄌㄜˋ ㄌㄤˊ	0.009999999999999986	20	動漫	phrase.anime.tsv	2313	
陽去	ㄧㄤˊ ㄑㄩˋ	1	12	中文	phrase.chinese.tsv	153	
陽極保護	ㄧㄤˊ ㄐㄧˊ ㄅㄠˇ ㄏㄨˋ	1	10	材料化工	phrase.materials-chemistry.tsv	123	
隋唐時期	ㄙㄨㄟˊ ㄊㄤˊ ㄕˊ ㄑㄧˊ	1	10	歷史	phrase.history.tsv	175	
階層式分群	ㄐㄧㄝ ㄘㄥˊ ㄕˋ ㄈㄣ ㄑㄩㄣˊ	1	4	AI資料科學	phrase.ai-data-science.tsv	162	
隨機分派	ㄙㄨㄟˊ ㄐㄧ ㄈㄣ ㄆㄞˋ	1	10	生技藥學	phrase.biotech-pharma.tsv	112	
隸變	ㄌㄧˋ ㄅㄧㄢˋ	0.009999999999999986	11	中文	phrase.chinese.tsv	154	
雀斑公主	ㄑㄩㄝˋ ㄅㄢ ㄍㄨㄥ ㄓㄨˇ	0.009999999999999986	21	動漫	phrase.anime.tsv	2315	
雅兒貝德	ㄧㄚˇ ㄦˊ ㄅㄟˋ ㄉㄜˊ	0.009999999999999986	19	動漫	phrase.anime.tsv	2316	
雅典民主	ㄧㄚˇ ㄉㄧㄢˇ ㄇㄧㄣˊ ㄓㄨˇ	1	10	歷史	phrase.history.tsv	176	
集水區分析	ㄐㄧˊ ㄕㄨㄟˇ ㄑㄩ ㄈㄣ ㄒㄧ	1	4	建築土木	phrase.civil-engineering.tsv	218	
集韻	ㄐㄧˊ ㄩㄣˋ	1	12	中文	phrase.chinese.tsv	155	
集體記憶	ㄐㄧˊ ㄊㄧˇ ㄐㄧˋ ㄧˋ	1	11	歷史	phrase.history.tsv	177	
雙極	ㄕㄨㄤ ㄐㄧˊ	0.009999999999999986	10	晶片半導體	phrase.semiconductor.tsv	168	
雙極性	ㄕㄨㄤ ㄐㄧˊ ㄒㄧㄥˋ	1	12	電子電機	phrase.electronics.tsv	191	
雙盲試驗	ㄕㄨㄤ ㄇㄤˊ ㄕˋ ㄧㄢˋ	1	12	生技藥學	phrase.biotech-pharma.tsv	113	
雙聲詞	ㄕㄨㄤ ㄕㄥ ㄘˊ	1	10	中文	phrase.chinese.tsv	156	
雙葉杏	ㄕㄨㄤ ㄧㄝˋ ㄒㄧㄥˋ	0.009999999999999986	9	動漫	phrase.anime.tsv	2317	
雙葉理央	ㄕㄨㄤ ㄧㄝˋ ㄌㄧˇ ㄧㄤ	0.009999999999999986	13	動漫	phrase.anime.tsv	2318	
雙語	ㄕㄨㄤ ㄩˇ	1	15	教育	phrase.education.tsv	112	
雙重重大性	ㄕㄨㄤ ㄔㄨㄥˊ ㄓㄨㄥˋ ㄉㄚˋ ㄒㄧㄥˋ	1	4	商業	phrase.business.tsv	179	
雛鶴愛	ㄔㄨˊ ㄏㄜˋ ㄞˋ	0.009999999999999986	15	動漫	phrase.anime.tsv	2319	
雜訊分析	ㄗㄚˊ ㄒㄩㄣˋ ㄈㄣ ㄒㄧ	1	19	電子電機	phrase.electronics.tsv	192	
離子交換	ㄌㄧˊ ㄗˇ ㄐㄧㄠ ㄏㄨㄢˋ	1	10	材料化工	phrase.materials-chemistry.tsv	124	
離子佈植	ㄌㄧˊ ㄗˇ ㄅㄨˋ ㄓˊ	1	10	晶片半導體	phrase.semiconductor.tsv	171	
離子佈植機	ㄌㄧˊ ㄗˇ ㄅㄨˋ ㄓˊ ㄐㄧ	1	12	晶片半導體	phrase.semiconductor.tsv	172	
離岸風電	ㄌㄧˊ ㄢˋ ㄈㄥ ㄉㄧㄢˋ	1	11	環境能源	phrase.energy-environment.tsv	140	
離峰負載	ㄌㄧˊ ㄈㄥ ㄈㄨˋ ㄗㄞˇ	1	12	環境能源	phrase.energy-environment.tsv	141	
離群值處理	ㄌㄧˊ ㄑㄩㄣˊ ㄓˊ ㄔㄨˇ ㄌㄧˇ	1	4	AI資料科學	phrase.ai-data-science.tsv	164	
雨和雪	ㄩˇ ㄏㄜˊ ㄒㄩㄝˇ	0.009999999999999986	21	動漫	phrase.anime.tsv	2320	
雨水下水道	ㄩˇ ㄕㄨㄟˇ ㄒㄧㄚˋ ㄕㄨㄟˇ ㄉㄠˋ	1	3	建築土木	phrase.civil-engineering.tsv	219	
雨流美彌音	ㄩˇ ㄌㄧㄡˊ ㄇㄟˇ ㄇㄧˊ ㄧㄣ	0.009999999999999986	15	動漫	phrase.anime.tsv	2321	
雪之下雪乃	ㄒㄩㄝˇ ㄓ ㄒㄧㄚˋ ㄒㄩㄝˇ ㄋㄞˇ	0.009999999999999986	17	動漫	phrase.anime.tsv	2322	
雪女冰麗	ㄒㄩㄝˇ ㄋㄩˇ ㄅㄧㄥ ㄌㄧˋ	0.009999999999999986	15	動漫	phrase.anime.tsv	2323	
雪姬	ㄒㄩㄝˇ ㄐㄧ	0.009999999999999986	21	動漫	phrase.anime.tsv	2324	
雪崩二極體	ㄒㄩㄝˇ ㄅㄥ ㄦˋ ㄐㄧˊ ㄊㄧˇ	1	2	電子電機	phrase.electronics.tsv	193	
雪次	ㄒㄩㄝˇ ㄘˋ	0.009999999999999986	13	動漫	phrase.anime.tsv	2325	
雲端服務	ㄩㄣˊ ㄉㄨㄢ ㄈㄨˊ ㄨˋ	1	20	一般	phrase.general.tsv	168	
雲端環境	ㄩㄣˊ ㄉㄨㄢ ㄏㄨㄢˊ ㄐㄧㄥˋ	1	12	網路資安	phrase.network-security.tsv	170	
雲雀恭彌	ㄩㄣˊ ㄑㄩㄝˋ ㄍㄨㄥ ㄇㄧˊ	0.009999999999999986	12	動漫	phrase.anime.tsv	2326	
零之使魔	ㄌㄧㄥˊ ㄓ ㄕˇ ㄇㄛˊ	0.009999999999999986	22	動漫	phrase.anime.tsv	2327	
零信任	ㄌㄧㄥˊ ㄒㄧㄣˋ ㄖㄣˋ	1	13	一般	phrase.general.tsv	171	
零信任架構	ㄌㄧㄥˊ ㄒㄧㄣˋ ㄖㄣˋ ㄐㄧㄚˋ ㄍㄡˋ	1	3	網路資安	phrase.network-security.tsv	171	
雷伊	ㄌㄟˊ ㄧ	0.009999999999999986	12	動漫	phrase.anime.tsv	2328	
雷姆	ㄌㄟˊ ㄇㄨˇ	0.009999999999999986	18	動漫	phrase.anime.tsv	2329	
雷射加工	ㄌㄟˊ ㄕㄜˋ ㄐㄧㄚ ㄍㄨㄥ	1	10	製造機械	phrase.manufacturing.tsv	140	
雷恩	ㄌㄟˊ ㄣ	0.009999999999999986	12	動漫	phrase.anime.tsv	2330	
雷斯	ㄌㄟˊ ㄙ	0.009999999999999986	14	動漫	phrase.anime.tsv	2331	
雷查夫	ㄌㄟˊ ㄔㄚˊ ㄈㄨ	0.009999999999999986	19	動漫	phrase.anime.tsv	2332	
雷格	ㄌㄟˊ ㄍㄜˊ	0.009999999999999986	17	動漫	phrase.anime.tsv	2333	
雷歐力	ㄌㄟˊ ㄡ ㄌㄧˋ	0.009999999999999986	16	動漫	phrase.anime.tsv	2334	
雷歐奈	ㄌㄟˊ ㄡ ㄋㄞˋ	0.009999999999999986	12	動漫	phrase.anime.tsv	2335	
雷阿斯	ㄌㄟˊ ㄚ ㄙ	0.009999999999999986	19	動漫	phrase.anime.tsv	2336	
雷魯根	ㄌㄟˊ ㄌㄨˇ ㄍㄣ	0.009999999999999986	14	動漫	phrase.anime.tsv	2337	
電力市場	ㄉㄧㄢˋ ㄌㄧˋ ㄕˋ ㄔㄤˇ	1	11	環境能源	phrase.energy-environment.tsv	142	
電勢能	ㄉㄧㄢˋ ㄕˋ ㄋㄥˊ	1	13	科學	phrase.science.tsv	84	
電壓調整	ㄉㄧㄢˋ ㄧㄚ ㄊㄧㄠˊ ㄓㄥˇ	1	10	環境能源	phrase.energy-environment.tsv	143	
電子束焊	ㄉㄧㄢˋ ㄗˇ ㄕㄨˋ ㄏㄢˋ	1	9	製造機械	phrase.manufacturing.tsv	141	
電子遷移率	ㄉㄧㄢˋ ㄗˇ ㄑㄧㄢ ㄧˊ ㄌㄩˋ	1	5	晶片半導體	phrase.semiconductor.tsv	173	
電性分析	ㄉㄧㄢˋ ㄒㄧㄥˋ ㄈㄣ ㄒㄧ	1	16	材料化工	phrase.materials-chemistry.tsv	126	
電池儲能	ㄉㄧㄢˋ ㄔˊ ㄔㄨˇ ㄋㄥˊ	1	11	環境能源	phrase.energy-environment.tsv	144	
電池材料	ㄉㄧㄢˋ ㄔˊ ㄘㄞˊ ㄌㄧㄠˋ	1	13	材料化工	phrase.materials-chemistry.tsv	127	
電池熱分析	ㄉㄧㄢˋ ㄔˊ ㄖㄜˋ ㄈㄣ ㄒㄧ	1	5	電子電機	phrase.electronics.tsv	197	
電源熱分析	ㄉㄧㄢˋ ㄩㄢˊ ㄖㄜˋ ㄈㄣ ㄒㄧ	1	4	電子電機	phrase.electronics.tsv	199	
電漿物理	ㄉㄧㄢˋ ㄐㄧㄤ ㄨˋ ㄌㄧˇ	1	13	科學	phrase.science.tsv	85	
電生理檢查	ㄉㄧㄢˋ ㄕㄥ ㄌㄧˇ ㄐㄧㄢˇ ㄔㄚˊ	1	5	醫學	phrase.medicine.tsv	249	
電磁接觸器	ㄉㄧㄢˋ ㄘˊ ㄐㄧㄝ ㄔㄨˋ ㄑㄧˋ	1	3	電子電機	phrase.electronics.tsv	200	
電腦斷層	ㄉㄧㄢˋ ㄋㄠˇ ㄉㄨㄢˋ ㄘㄥˊ	1	15	醫學	phrase.medicine.tsv	251	
電腦視覺	ㄉㄧㄢˋ ㄋㄠˇ ㄕˋ ㄐㄩㄝˊ	1	10	一般	phrase.general.tsv	175	
電路板校正	ㄉㄧㄢˋ ㄌㄨˋ ㄅㄢˇ ㄐㄧㄠˋ ㄓㄥˋ	1	2	電子電機	phrase.electronics.tsv	203	
電路板模擬	ㄉㄧㄢˋ ㄌㄨˋ ㄅㄢˇ ㄇㄛˊ ㄋㄧˇ	1	3	電子電機	phrase.electronics.tsv	204	
電路板設計	ㄉㄧㄢˋ ㄌㄨˋ ㄅㄢˇ ㄕㄜˋ ㄐㄧˋ	1	5	電子電機	phrase.electronics.tsv	205	
電路板量測	ㄉㄧㄢˋ ㄌㄨˋ ㄅㄢˇ ㄌㄧㄤˊ ㄘㄜˋ	1	2	電子電機	phrase.electronics.tsv	206	
電路板除錯	ㄉㄧㄢˋ ㄌㄨˋ ㄅㄢˇ ㄔㄨˊ ㄘㄨㄛˋ	1	2	電子電機	phrase.electronics.tsv	207	
電路板驗證	ㄉㄧㄢˋ ㄌㄨˋ ㄅㄢˇ ㄧㄢˋ ㄓㄥˋ	1	2	電子電機	phrase.electronics.tsv	208	
電路比對	ㄉㄧㄢˋ ㄌㄨˋ ㄅㄧˇ ㄉㄨㄟˋ	1	10	晶片半導體	phrase.semiconductor.tsv	176	
電阻率	ㄉㄧㄢˋ ㄗㄨˇ ㄌㄩˋ	1	10	科學	phrase.science.tsv	86	
需求反應	ㄒㄩ ㄑㄧㄡˊ ㄈㄢˇ ㄧㄥˋ	1	12	環境能源	phrase.energy-environment.tsv	145	
需求預測	ㄒㄩ ㄑㄧㄡˊ ㄩˋ ㄘㄜˋ	1	13	交通物流	phrase.transport-logistics.tsv	104	
霍爾感測器	ㄏㄨㄛˋ ㄦˇ ㄍㄢˇ ㄘㄜˋ ㄑㄧˋ	1	2	電子電機	phrase.electronics.tsv	209	
霍蘭德	ㄏㄨㄛˋ ㄌㄢˊ ㄉㄜˊ	0.009999999999999986	12	動漫	phrase.anime.tsv	2339	
霍金	ㄏㄨㄛˋ ㄐㄧㄣ	1	11	人名-歷史	phrase.people-history.tsv	156	
霍金斯	ㄏㄨㄛˋ ㄐㄧㄣ ㄙ	0.009999999999999986	17	動漫	phrase.anime.tsv	2340	
霧子	ㄨˋ ㄗ˙	0.009999999999999986	13	動漫	phrase.anime.tsv	2341	
霧島佳乃	ㄨˋ ㄉㄠˇ ㄐㄧㄚ ㄋㄞˇ	0.009999999999999986	13	動漫	phrase.anime.tsv	2342	
霧島翔子	ㄨˋ ㄉㄠˇ ㄒㄧㄤˊ ㄗ˙	0.009999999999999986	10	動漫	phrase.anime.tsv	2343	
霧嶋董香	ㄨˋ ㄉㄠˇ ㄉㄨㄥˇ ㄒㄧㄤ	0.009999999999999986	18	動漫	phrase.anime.tsv	2344	
霧澤風子	ㄨˋ ㄗㄜˊ ㄈㄥ ㄗ˙	0.009999999999999986	13	動漫	phrase.anime.tsv	2345	
霧社事件	ㄨˋ ㄕㄜˋ ㄕˋ ㄐㄧㄢˋ	1	10	歷史	phrase.history.tsv	178	
露崎真晝	ㄌㄨˋ ㄑㄧˊ ㄓㄣ ㄓㄡˋ	0.009999999999999986	11	動漫	phrase.anime.tsv	2346	
露易絲	ㄌㄨˋ ㄧˋ ㄙ	0.009999999999999986	20	動漫	phrase.anime.tsv	2347	
露比	ㄌㄨˋ ㄅㄧˇ	0.009999999999999986	18	動漫	phrase.anime.tsv	2348	
露維亞	ㄌㄨˋ ㄨㄟˊ ㄧㄚˇ	0.009999999999999986	10	動漫	phrase.anime.tsv	2350	
露西	ㄌㄨˋ ㄒㄧ	0.009999999999999986	20	動漫	phrase.anime.tsv	2351	
霹靂卡	ㄆㄧ ㄌㄧˋ ㄎㄚˇ	0.009999999999999986	13	動漫	phrase.anime.tsv	2353	
靈丸	ㄌㄧㄥˊ ㄨㄢˊ	0.009999999999999986	13	動漫	phrase.anime.tsv	2354	
靈幻新隆	ㄌㄧㄥˊ ㄏㄨㄢˋ ㄒㄧㄣ ㄌㄨㄥˊ	0.009999999999999986	19	動漫	phrase.anime.tsv	2355	
靈魂共鳴	ㄌㄧㄥˊ ㄏㄨㄣˊ ㄍㄨㄥˋ ㄇㄧㄥˊ	0.009999999999999986	11	動漫	phrase.anime.tsv	2357	
青之壬生浪	ㄑㄧㄥ ㄓ ㄖㄣˊ ㄕㄥ ㄌㄤˋ	0.009999999999999986	18	動漫	phrase.anime.tsv	2358	
青之箱	ㄑㄧㄥ ㄓ ㄒㄧㄤ	0.009999999999999986	22	動漫	phrase.anime.tsv	2359	
青之驅魔師	ㄑㄧㄥ ㄓ ㄑㄩ ㄇㄛˊ ㄕ	0.009999999999999986	20	動漫	phrase.anime.tsv	2360	
青峰大輝	ㄑㄧㄥ ㄈㄥ ㄉㄚˋ ㄏㄨㄟ	0.009999999999999986	12	動漫	phrase.anime.tsv	2361	
青嵐	ㄑㄧㄥ ㄌㄢˊ	0.009999999999999986	13	動漫	phrase.anime.tsv	2362	
青春之旅	ㄑㄧㄥ ㄔㄨㄣ ㄓ ㄌㄩˇ	0.009999999999999986	21	動漫	phrase.anime.tsv	2364	
青春紀行	ㄑㄧㄥ ㄔㄨㄣ ㄐㄧˋ ㄒㄧㄥˊ	0.009999999999999986	20	動漫	phrase.anime.tsv	2366	
青木勝	ㄑㄧㄥ ㄇㄨˋ ㄕㄥˋ	0.009999999999999986	11	動漫	phrase.anime.tsv	2367	
青田坊	ㄑㄧㄥ ㄊㄧㄢˊ ㄈㄤ	0.009999999999999986	14	動漫	phrase.anime.tsv	2368	
靜電集塵器	ㄐㄧㄥˋ ㄉㄧㄢˋ ㄐㄧˊ ㄔㄣˊ ㄑㄧˋ	1	3	環境能源	phrase.energy-environment.tsv	146	
靜香	ㄐㄧㄥˋ ㄒㄧㄤ	0.009999999999999986	19	動漫	phrase.anime.tsv	2369	
非主謂句	ㄈㄟ ㄓㄨˇ ㄨㄟˋ ㄐㄩˋ	1	12	中文	phrase.chinese.tsv	157	
非侵入性	ㄈㄟ ㄑㄧㄣ ㄖㄨˋ ㄒㄧㄥˋ	1	11	醫學	phrase.medicine.tsv	254	
非保守力	ㄈㄟ ㄅㄠˇ ㄕㄡˇ ㄌㄧˋ	1	12	科學	phrase.science.tsv	87	
非劣性試驗	ㄈㄟ ㄌㄧㄝˋ ㄒㄧㄥˋ ㄕˋ ㄧㄢˋ	1	5	生技藥學	phrase.biotech-pharma.tsv	114	
非對稱	ㄈㄟ ㄉㄨㄟˋ ㄔㄣˋ	1	12	媒體設計	phrase.media-design.tsv	92	
非對稱式	ㄈㄟ ㄉㄨㄟˋ ㄔㄣˋ ㄕˋ	1	12	網路資安	phrase.network-security.tsv	173	
非揮發性	ㄈㄟ ㄏㄨㄟ ㄈㄚ ㄒㄧㄥˋ	1	12	晶片半導體	phrase.semiconductor.tsv	179	
非正式控制	ㄈㄟ ㄓㄥˋ ㄕˋ ㄎㄨㄥˋ ㄓˋ	1	4	心理社會	phrase.psychology-society.tsv	91	
非流動負債	ㄈㄟ ㄌㄧㄡˊ ㄉㄨㄥˋ ㄈㄨˋ ㄓㄞˋ	1	5	財會金融	phrase.finance.tsv	165	
非流動資產	ㄈㄟ ㄌㄧㄡˊ ㄉㄨㄥˋ ㄗ ㄔㄢˇ	1	5	財會金融	phrase.finance.tsv	166	
非營利會計	ㄈㄟ ㄧㄥˊ ㄌㄧˋ ㄎㄨㄞˋ ㄐㄧˋ	1	5	財會金融	phrase.finance.tsv	167	
非監督式	ㄈㄟ ㄐㄧㄢ ㄉㄨ ㄕˋ	1	12	AI資料科學	phrase.ai-data-science.tsv	165	
非破壞檢測	ㄈㄟ ㄆㄛˋ ㄏㄨㄞˋ ㄐㄧㄢˇ ㄘㄜˋ	1	5	製造機械	phrase.manufacturing.tsv	143	
非系統風險	ㄈㄟ ㄒㄧˋ ㄊㄨㄥˇ ㄈㄥ ㄒㄧㄢˇ	1	5	財會金融	phrase.finance.tsv	168	
非結構化	ㄈㄟ ㄐㄧㄝˊ ㄍㄡˋ ㄏㄨㄚˋ	1	13	AI資料科學	phrase.ai-data-science.tsv	166	
非線性剪輯	ㄈㄟ ㄒㄧㄢˋ ㄒㄧㄥˋ ㄐㄧㄢˇ ㄐㄧˊ	1	5	媒體設計	phrase.media-design.tsv	93	
非線性規劃	ㄈㄟ ㄒㄧㄢˋ ㄒㄧㄥˋ ㄍㄨㄟ ㄏㄨㄚˋ	1	6	工業工程	phrase.industrial-engineering.tsv	102	
非選擇性	ㄈㄟ ㄒㄩㄢˇ ㄗㄜˊ ㄒㄧㄥˋ	1	11	環境能源	phrase.energy-environment.tsv	147	
非預期損失	ㄈㄟ ㄩˋ ㄑㄧˊ ㄙㄨㄣˇ ㄕ	1	5	財會金融	phrase.finance.tsv	169	
面堂終太郎	ㄇㄧㄢˋ ㄊㄤˊ ㄓㄨㄥ ㄊㄞˋ ㄌㄤˊ	0.009999999999999986	15	動漫	phrase.anime.tsv	2370	
韓國瑜	ㄏㄢˊ ㄍㄨㄛˊ ㄩˊ	1	13	人名-當代	phrase.people-contemporary.tsv	52	
韓大偉	ㄏㄢˊ ㄉㄚˋ ㄨㄟˇ	0.009999999999999986	15	動漫	phrase.anime.tsv	2373	
音無結弦	ㄧㄣ ㄨˊ ㄐㄧㄝˊ ㄒㄧㄢˊ	0.009999999999999986	21	動漫	phrase.anime.tsv	2374	
音無響子	ㄧㄣ ㄨˊ ㄒㄧㄤˇ ㄗ˙	0.009999999999999986	18	動漫	phrase.anime.tsv	2375	
音系學	ㄧㄣ ㄒㄧˋ ㄒㄩㄝˊ	1	12	中文	phrase.chinese.tsv	159	
音訊降噪	ㄧㄣ ㄒㄩㄣˋ ㄐㄧㄤˋ ㄗㄠˋ	1	10	媒體設計	phrase.media-design.tsv	94	
音速索尼克	ㄧㄣ ㄙㄨˋ ㄙㄨㄛˇ ㄋㄧˊ ㄎㄜˋ	0.009999999999999986	17	動漫	phrase.anime.tsv	2376	
韻圖	ㄩㄣˋ ㄊㄨˊ	1	11	中文	phrase.chinese.tsv	160	
響良牙	ㄒㄧㄤˇ ㄌㄧㄤˊ ㄧㄚˊ	0.009999999999999986	17	動漫	phrase.anime.tsv	2377	
響裕太	ㄒㄧㄤˇ ㄩˋ ㄊㄞˋ	0.009999999999999986	18	動漫	phrase.anime.tsv	2378	
頂真	ㄉㄧㄥˇ ㄓㄣ	0.009999999999999986	11	中文	phrase.chinese.tsv	161	
順向式	ㄕㄨㄣˋ ㄒㄧㄤˋ ㄕˋ	1	12	電子電機	phrase.electronics.tsv	210	
須之宮	ㄒㄩ ㄓ ㄍㄨㄥ	0.009999999999999986	11	動漫	phrase.anime.tsv	2379	
須和弘人	ㄒㄩ ㄏㄜˊ ㄏㄨㄥˊ ㄖㄣˊ	0.009999999999999986	14	動漫	phrase.anime.tsv	2380	
須王環	ㄒㄩ ㄨㄤˊ ㄏㄨㄢˊ	0.009999999999999986	18	動漫	phrase.anime.tsv	2381	
須賀圭介	ㄒㄩ ㄏㄜˋ ㄍㄨㄟ ㄐㄧㄝˋ	0.009999999999999986	15	動漫	phrase.anime.tsv	2382	
須鄉伸之	ㄒㄩ ㄒㄧㄤ ㄕㄣ ㄓ	0.009999999999999986	10	動漫	phrase.anime.tsv	2383	
預備犯	ㄩˋ ㄅㄟˋ ㄈㄢˋ	1	10	法律	phrase.law.tsv	189	
預力	ㄩˋ ㄌㄧˋ	0.009999999999999986	12	建築土木	phrase.civil-engineering.tsv	220	
預壓	ㄩˋ ㄧㄚ	1	12	建築土木	phrase.civil-engineering.tsv	221	
預測模型	ㄩˋ ㄘㄜˋ ㄇㄛˊ ㄒㄧㄥˊ	1	15	AI資料科學	phrase.ai-data-science.tsv	167	
預知保養	ㄩˋ ㄓ ㄅㄠˇ ㄧㄤˇ	1	10	製造機械	phrase.manufacturing.tsv	144	
預算案件	ㄩˋ ㄙㄨㄢˋ ㄢˋ ㄐㄧㄢˋ	1	8	公務員公文	phrase.government.tsv	79	
預算管理	ㄩˋ ㄙㄨㄢˋ ㄍㄨㄢˇ ㄌㄧˇ	1	17	財會金融	phrase.finance.tsv	171	
預防保養	ㄩˋ ㄈㄤˊ ㄅㄠˇ ㄧㄤˇ	1	16	製造機械	phrase.manufacturing.tsv	145	
領域展開	ㄌㄧㄥˇ ㄩˋ ㄓㄢˇ ㄎㄞ	0.009999999999999986	16	動漫	phrase.anime.tsv	2384	
頭文字迪	ㄊㄡˊ ㄨㄣˊ ㄗˋ ㄉㄧˊ	0.009999999999999986	24	動漫	phrase.anime.tsv	2385	頭文字D
類似色	ㄌㄟˋ ㄙˋ ㄙㄜˋ	1	12	媒體設計	phrase.media-design.tsv	95	
類比熱分析	ㄌㄟˋ ㄅㄧˇ ㄖㄜˋ ㄈㄣ ㄒㄧ	1	4	電子電機	phrase.electronics.tsv	212	
類群	ㄌㄟˋ ㄑㄩㄣˊ	1	10	教育	phrase.education.tsv	114	
類風濕性	ㄌㄟˋ ㄈㄥ ㄕ ㄒㄧㄥˋ	0.009999999999999986	12	醫學	phrase.medicine.tsv	257	
顧客接觸點	ㄍㄨˋ ㄎㄜˋ ㄐㄧㄝ ㄔㄨˋ ㄉㄧㄢˇ	1	4	商業	phrase.business.tsv	182	
顧客滿意度	ㄍㄨˋ ㄎㄜˋ ㄇㄢˇ ㄧˋ ㄉㄨˋ	1	4	商業	phrase.business.tsv	183	
風之傷	ㄈㄥ ㄓ ㄕㄤ	0.009999999999999986	15	動漫	phrase.anime.tsv	2386	
風早翔太	ㄈㄥ ㄗㄠˇ ㄒㄧㄤˊ ㄊㄞˋ	0.009999999999999986	17	動漫	phrase.anime.tsv	2388	
風祭監志	ㄈㄥ ㄐㄧˋ ㄐㄧㄢ ㄓˋ	0.009999999999999986	14	動漫	phrase.anime.tsv	2389	
風見隼人	ㄈㄥ ㄐㄧㄢˋ ㄓㄨㄣˇ ㄖㄣˊ	0.009999999999999986	19	動漫	phrase.anime.tsv	2390	
風起	ㄈㄥ ㄑㄧˇ	0.009999999999999986	20	動漫	phrase.anime.tsv	2391	
風間徹	ㄈㄥ ㄐㄧㄢ ㄔㄜˋ	0.009999999999999986	15	動漫	phrase.anime.tsv	2392	
風間蒼太	ㄈㄥ ㄐㄧㄢ ㄘㄤ ㄊㄞˋ	0.009999999999999986	11	動漫	phrase.anime.tsv	2393	
風險管理	ㄈㄥ ㄒㄧㄢˇ ㄍㄨㄢˇ ㄌㄧˇ	1	14	交通物流	phrase.transport-logistics.tsv	105	
風險評估	ㄈㄥ ㄒㄧㄢˇ ㄆㄧㄥˊ ㄍㄨ	1	20	商業	phrase.business.tsv	185	
飆速宅男	ㄅㄧㄠ ㄙㄨˋ ㄓㄞˊ ㄋㄢˊ	0.009999999999999986	20	動漫	phrase.anime.tsv	2394	
飛吧	ㄈㄟ ㄅㄚ˙	0.009999999999999986	15	動漫	phrase.anime.tsv	2395	
飛天御劍流	ㄈㄟ ㄊㄧㄢ ㄩˋ ㄐㄧㄢˋ ㄌㄧㄡˊ	0.009999999999999986	14	動漫	phrase.anime.tsv	2396	
飛影	ㄈㄟ ㄧㄥˇ	0.009999999999999986	14	動漫	phrase.anime.tsv	2397	
飛白	ㄈㄟ ㄅㄞˊ	1	12	中文	phrase.chinese.tsv	162	
飛航情報區	ㄈㄟ ㄏㄤˊ ㄑㄧㄥˊ ㄅㄠˋ ㄑㄩ	1	4	交通物流	phrase.transport-logistics.tsv	106	
飛鳥了	ㄈㄟ ㄋㄧㄠˇ ㄌㄜ˙	0.009999999999999986	15	動漫	phrase.anime.tsv	2398	
飛鳥川千瀨	ㄈㄟ ㄋㄧㄠˇ ㄔㄨㄢ ㄑㄧㄢ ㄌㄞˋ	0.009999999999999986	11	動漫	phrase.anime.tsv	2399	
飛鳥桃子	ㄈㄟ ㄋㄧㄠˇ ㄊㄠˊ ㄗ˙	0.009999999999999986	12	動漫	phrase.anime.tsv	2400	
食品中毒	ㄕˊ ㄆㄧㄣˇ ㄓㄨㄥˋ ㄉㄨˊ	1	17	農業食品	phrase.agriculture-food.tsv	62	
食品保存	ㄕˊ ㄆㄧㄣˇ ㄅㄠˇ ㄘㄨㄣˊ	1	16	農業食品	phrase.agriculture-food.tsv	63	
食品加工	ㄕˊ ㄆㄧㄣˇ ㄐㄧㄚ ㄍㄨㄥ	1	20	農業食品	phrase.agriculture-food.tsv	64	
食品包裝	ㄕˊ ㄆㄧㄣˇ ㄅㄠ ㄓㄨㄤ	1	15	農業食品	phrase.agriculture-food.tsv	65	
食品化學	ㄕˊ ㄆㄧㄣˇ ㄏㄨㄚˋ ㄒㄩㄝˊ	1	14	農業食品	phrase.agriculture-food.tsv	66	
食品召回	ㄕˊ ㄆㄧㄣˇ ㄓㄠˋ ㄏㄨㄟˊ	1	11	農業食品	phrase.agriculture-food.tsv	67	
食品工程	ㄕˊ ㄆㄧㄣˇ ㄍㄨㄥ ㄔㄥˊ	1	13	農業食品	phrase.agriculture-food.tsv	68	
食品微生物	ㄕˊ ㄆㄧㄣˇ ㄨㄟˊ ㄕㄥ ㄨˋ	1	4	農業食品	phrase.agriculture-food.tsv	69	
食品科學	ㄕˊ ㄆㄧㄣˇ ㄎㄜ ㄒㄩㄝˊ	1	18	農業食品	phrase.agriculture-food.tsv	70	
食品追溯	ㄕˊ ㄆㄧㄣˇ ㄓㄨㄟ ㄙㄨˋ	1	12	農業食品	phrase.agriculture-food.tsv	71	
食品過敏原	ㄕˊ ㄆㄧㄣˇ ㄍㄨㄛˋ ㄇㄧㄣˇ ㄩㄢˊ	1	4	農業食品	phrase.agriculture-food.tsv	72	
食戟之靈	ㄕˊ ㄐㄧˇ ㄓ ㄌㄧㄥˊ	0.009999999999999986	23	動漫	phrase.anime.tsv	2401	
食蜂操祈	ㄕˊ ㄈㄥ ㄘㄠ ㄑㄧˊ	0.009999999999999986	13	動漫	phrase.anime.tsv	2402	
飯嶋司	ㄈㄢˋ ㄉㄠˇ ㄙ	0.009999999999999986	15	動漫	phrase.anime.tsv	2403	
飯嶋律	ㄈㄢˋ ㄉㄠˇ ㄌㄩˋ	0.009999999999999986	17	動漫	phrase.anime.tsv	2404	
飯嶋蝸牛	ㄈㄢˋ ㄉㄠˇ ㄍㄨㄚ ㄋㄧㄡˊ	0.009999999999999986	11	動漫	phrase.anime.tsv	2405	
養液栽培	ㄧㄤˇ ㄧㄝˋ ㄗㄞ ㄆㄟˊ	1	9	農業食品	phrase.agriculture-food.tsv	73	
餓狼	ㄜˋ ㄌㄤˊ	0.009999999999999986	12	動漫	phrase.anime.tsv	2406	
首件檢查	ㄕㄡˇ ㄐㄧㄢˋ ㄐㄧㄢˇ ㄔㄚˊ	1	13	製造機械	phrase.manufacturing.tsv	146	
首渡效應	ㄕㄡˇ ㄉㄨˋ ㄒㄧㄠˋ ㄧㄥˋ	1	12	生技藥學	phrase.biotech-pharma.tsv	115	
首無	ㄕㄡˇ ㄨˊ	0.009999999999999986	12	動漫	phrase.anime.tsv	2407	
香風智乃	ㄒㄧㄤ ㄈㄥ ㄓˋ ㄋㄞˇ	0.009999999999999986	16	動漫	phrase.anime.tsv	2410	
馬丁尼茲	ㄇㄚˇ ㄉㄧㄥ ㄋㄧˊ ㄗ	0.009999999999999986	22	動漫	phrase.anime.tsv	2411	
馬克士威	ㄇㄚˇ ㄎㄜˋ ㄕˋ ㄨㄟ	1	10	科學	phrase.science.tsv	88	
馬克思史學	ㄇㄚˇ ㄎㄜˋ ㄙ ㄕˇ ㄒㄩㄝˊ	1	3	歷史	phrase.history.tsv	180	
馬可夫	ㄇㄚˇ ㄎㄜˇ ㄈㄨ	1	10	工業工程	phrase.industrial-engineering.tsv	105	
馬斯克	ㄇㄚˇ ㄙ ㄎㄜˋ	1	41	人名-當代	phrase.people-contemporary.tsv	54	
馬斯坦古	ㄇㄚˇ ㄙ ㄊㄢˇ ㄍㄨˇ	0.009999999999999986	18	動漫	phrase.anime.tsv	2412	
馬歇爾計畫	ㄇㄚˇ ㄒㄧㄝ ㄦˇ ㄐㄧˋ ㄏㄨㄚˋ	1	6	歷史	phrase.history.tsv	181	
馬淵洸	ㄇㄚˇ ㄩㄢ ㄏㄨㄤˇ	0.009999999999999986	16	動漫	phrase.anime.tsv	2413	
馬狼照英	ㄇㄚˇ ㄌㄤˊ ㄓㄠˋ ㄧㄥ	0.009999999999999986	11	動漫	phrase.anime.tsv	2414	
馬瑟納斯	ㄇㄚˇ ㄙㄜˋ ㄋㄚˋ ㄙ	0.009999999999999986	14	動漫	phrase.anime.tsv	2415	
馬達熱分析	ㄇㄚˇ ㄉㄚˊ ㄖㄜˋ ㄈㄣ ㄒㄧ	1	4	電子電機	phrase.electronics.tsv	214	
馬達編碼器	ㄇㄚˇ ㄉㄚˊ ㄅㄧㄢ ㄇㄚˇ ㄑㄧˋ	1	3	電子電機	phrase.electronics.tsv	215	
馬達驅動器	ㄇㄚˇ ㄉㄚˊ ㄑㄩ ㄉㄨㄥˋ ㄑㄧˋ	1	3	電子電機	phrase.electronics.tsv	216	
馬魯克	ㄇㄚˇ ㄌㄨˇ ㄎㄜˋ	0.009999999999999986	14	動漫	phrase.anime.tsv	2416	
馮提古	ㄈㄥˊ ㄊㄧˊ ㄍㄨˇ	0.009999999999999986	19	動漫	phrase.anime.tsv	2417	
馮紐曼	ㄈㄥˊ ㄋㄧㄡˇ ㄇㄢˋ	1	11	人名-歷史	phrase.people-history.tsv	165	
馳井靜句	ㄔˊ ㄐㄧㄥˇ ㄐㄧㄥˋ ㄐㄩˋ	0.009999999999999986	14	動漫	phrase.anime.tsv	2418	
駐波	ㄓㄨˋ ㄅㄛ	1	11	科學	phrase.science.tsv	89	
駒場一郎	ㄐㄩ ㄔㄤˇ ㄧ ㄌㄤˊ	0.009999999999999986	15	動漫	phrase.anime.tsv	2419	
騎士制度	ㄑㄧˊ ㄕˋ ㄓˋ ㄉㄨˋ	1	10	歷史	phrase.history.tsv	182	
騙人布	ㄆㄧㄢˋ ㄖㄣˊ ㄅㄨˋ	0.009999999999999986	17	動漫	phrase.anime.tsv	2421	
驅魔少年	ㄑㄩ ㄇㄛˊ ㄕㄠˋ ㄋㄧㄢˊ	0.009999999999999986	20	動漫	phrase.anime.tsv	2422	
驅魔師	ㄑㄩ ㄇㄛˊ ㄕ	0.009999999999999986	21	動漫	phrase.anime.tsv	2423	
驚爆危機	ㄐㄧㄥ ㄅㄠˋ ㄨㄟˊ ㄐㄧ	0.009999999999999986	21	動漫	phrase.anime.tsv	2424	
骨女	ㄍㄨˇ ㄋㄩˇ	0.009999999999999986	15	動漫	phrase.anime.tsv	2425	
骨髓瘤	ㄍㄨˇ ㄙㄨㄟˇ ㄌㄧㄡˊ	1	10	醫學	phrase.medicine.tsv	264	
高介電	ㄍㄠ ㄐㄧㄝˋ ㄉㄧㄢˋ	1	13	晶片半導體	phrase.semiconductor.tsv	185	
高倉健	ㄍㄠ ㄘㄤ ㄐㄧㄢˋ	0.009999999999999986	18	動漫	phrase.anime.tsv	2427	
高光	ㄍㄠ ㄍㄨㄤ	1	13	媒體設計	phrase.media-design.tsv	97	
高分子材料	ㄍㄠ ㄈㄣ ㄗˇ ㄘㄞˊ ㄌㄧㄠˋ	1	3	材料化工	phrase.materials-chemistry.tsv	130	
高分子聚合	ㄍㄠ ㄈㄣ ㄗˇ ㄐㄩˋ ㄏㄜˊ	1	2	材料化工	phrase.materials-chemistry.tsv	131	
高加速	ㄍㄠ ㄐㄧㄚ ㄙㄨˋ	1	14	晶片半導體	phrase.semiconductor.tsv	186	
高坂京介	ㄍㄠ ㄅㄢˇ ㄐㄧㄥ ㄐㄧㄝˋ	0.009999999999999986	20	動漫	phrase.anime.tsv	2428	
高坂桐乃	ㄍㄠ ㄅㄢˇ ㄊㄨㄥˊ ㄋㄞˇ	0.009999999999999986	17	動漫	phrase.anime.tsv	2429	
高坂穗乃果	ㄍㄠ ㄅㄢˇ ㄙㄨㄟˋ ㄋㄞˇ ㄍㄨㄛˇ	0.009999999999999986	22	動漫	phrase.anime.tsv	2430	
高基氏體	ㄍㄠ ㄐㄧ ㄕˋ ㄊㄧˇ	1	13	科學	phrase.science.tsv	90	
高宮菜穗	ㄍㄠ ㄍㄨㄥ ㄘㄞˋ ㄙㄨㄟˋ	0.009999999999999986	18	動漫	phrase.anime.tsv	2431	
高崎美咲	ㄍㄠ ㄑㄧˊ ㄇㄟˇ ㄒㄧㄠˋ	0.009999999999999986	14	動漫	phrase.anime.tsv	2432	
高揮	ㄍㄠ ㄏㄨㄟ	0.009999999999999986	18	動漫	phrase.anime.tsv	2433	
高擬真原型	ㄍㄠ ㄋㄧˇ ㄓㄣ ㄩㄢˊ ㄒㄧㄥˊ	1	6	媒體設計	phrase.media-design.tsv	98	
高敏感度	ㄍㄠ ㄇㄧㄣˇ ㄍㄢˇ ㄉㄨˋ	1	8	醫學	phrase.medicine.tsv	266	
高斯定律	ㄍㄠ ㄙ ㄉㄧㄥˋ ㄌㄩˋ	1	9	科學	phrase.science.tsv	91	
高木	ㄍㄠ ㄇㄨˋ	0.009999999999999986	21	動漫	phrase.anime.tsv	2434	
高木同學	ㄍㄠ ㄇㄨˋ ㄊㄨㄥˊ ㄒㄩㄝˊ	0.009999999999999986	23	動漫	phrase.anime.tsv	2435	
高木泰士	ㄍㄠ ㄇㄨˋ ㄊㄞˋ ㄕˋ	0.009999999999999986	12	動漫	phrase.anime.tsv	2436	
高杉晉助	ㄍㄠ ㄕㄢ ㄐㄧㄣˋ ㄓㄨˋ	0.009999999999999986	11	動漫	phrase.anime.tsv	2437	
高校之神	ㄍㄠ ㄒㄧㄠˋ ㄓ ㄕㄣˊ	0.009999999999999986	19	動漫	phrase.anime.tsv	2439	
高槻彌生	ㄍㄠ ㄍㄨㄟ ㄇㄧˊ ㄕㄥ	0.009999999999999986	12	動漫	phrase.anime.tsv	2440	
高橋啟介	ㄍㄠ ㄑㄧㄠˊ ㄑㄧˇ ㄐㄧㄝˋ	0.009999999999999986	17	動漫	phrase.anime.tsv	2441	
高橋涼介	ㄍㄠ ㄑㄧㄠˊ ㄌㄧㄤˊ ㄐㄧㄝˋ	0.009999999999999986	19	動漫	phrase.anime.tsv	2442	
高流量	ㄍㄠ ㄌㄧㄡˊ ㄌㄧㄤˋ	1	6	醫學	phrase.medicine.tsv	267	
高海千歌	ㄍㄠ ㄏㄞˇ ㄑㄧㄢ ㄍㄜ	0.009999999999999986	20	動漫	phrase.anime.tsv	2443	
高瀨春彥	ㄍㄠ ㄌㄞˋ ㄔㄨㄣ ㄧㄢˋ	0.009999999999999986	17	動漫	phrase.anime.tsv	2444	
高瑟	ㄍㄠ ㄙㄜˋ	0.009999999999999986	10	動漫	phrase.anime.tsv	2445	
高町奈葉	ㄍㄠ ㄊㄧㄥˇ ㄋㄞˋ ㄧㄝˋ	0.009999999999999986	19	動漫	phrase.anime.tsv	2446	
高石武	ㄍㄠ ㄕˊ ㄨˇ	0.009999999999999986	10	動漫	phrase.anime.tsv	2447	
高良美幸	ㄍㄠ ㄌㄧㄤˊ ㄇㄟˇ ㄒㄧㄥˋ	0.009999999999999986	13	動漫	phrase.anime.tsv	2448	
高通濾波器	ㄍㄠ ㄊㄨㄥ ㄌㄩˋ ㄅㄛ ㄑㄧˋ	1	6	電子電機	phrase.electronics.tsv	218	
高通量篩選	ㄍㄠ ㄊㄨㄥ ㄌㄧㄤˋ ㄕㄞ ㄒㄩㄢˇ	1	6	生技藥學	phrase.biotech-pharma.tsv	117	
高速介面	ㄍㄠ ㄙㄨˋ ㄐㄧㄝˋ ㄇㄧㄢˋ	1	14	電子電機	phrase.electronics.tsv	219	
高速加工	ㄍㄠ ㄙㄨˋ ㄐㄧㄚ ㄍㄨㄥ	1	11	製造機械	phrase.manufacturing.tsv	147	
高速婆婆	ㄍㄠ ㄙㄨˋ ㄆㄛˊ ㄆㄛˊ	0.009999999999999986	11	動漫	phrase.anime.tsv	2449	
高遠遙一	ㄍㄠ ㄩㄢˇ ㄧㄠˊ ㄧ	0.009999999999999986	13	動漫	phrase.anime.tsv	2450	
高野千鶴	ㄍㄠ ㄧㄝˇ ㄑㄧㄢ ㄏㄜˋ	0.009999999999999986	11	動漫	phrase.anime.tsv	2451	
高野晶	ㄍㄠ ㄧㄝˇ ㄐㄧㄥ	0.009999999999999986	11	動漫	phrase.anime.tsv	2452	
高順	ㄍㄠ ㄕㄨㄣˋ	0.009999999999999986	17	動漫	phrase.anime.tsv	2453	
高須龍兒	ㄍㄠ ㄒㄩ ㄌㄨㄥˊ ㄦˊ	0.009999999999999986	22	動漫	phrase.anime.tsv	2454	
高頻寬	ㄍㄠ ㄆㄧㄣˊ ㄎㄨㄢ	1	10	晶片半導體	phrase.semiconductor.tsv	189	
高齡化	ㄍㄠ ㄌㄧㄥˊ ㄏㄨㄚˋ	1	30	一般	phrase.general.tsv	176	
鬼之手	ㄍㄨㄟˇ ㄓ ㄕㄡˇ	0.009999999999999986	12	動漫	phrase.anime.tsv	2456	
鬼之血	ㄍㄨㄟˇ ㄓ ㄒㄩㄝˇ	0.009999999999999986	11	動漫	phrase.anime.tsv	2457	
鬼塚英吉	ㄍㄨㄟˇ ㄓㄨㄥˇ ㄧㄥ ㄐㄧˊ	0.009999999999999986	20	動漫	phrase.anime.tsv	2458	
鬼燈	ㄍㄨㄟˇ ㄉㄥ	0.009999999999999986	22	動漫	phrase.anime.tsv	2460	
鬼燈的冷徹	ㄍㄨㄟˇ ㄉㄥ ㄉㄜ˙ ㄌㄥˇ ㄔㄜˋ	0.009999999999999986	21	動漫	phrase.anime.tsv	2461	
鬼龍院皐月	ㄍㄨㄟˇ ㄌㄨㄥˊ ㄩㄢˋ ㄍㄠ ㄩㄝˋ	0.009999999999999986	17	動漫	phrase.anime.tsv	2462	
魅上照	ㄇㄟˋ ㄕㄤˋ ㄓㄠˋ	0.009999999999999986	12	動漫	phrase.anime.tsv	2463	
魏晉	ㄨㄟˋ ㄐㄧㄣˋ	0.009999999999999986	11	歷史	phrase.history.tsv	183	
魔女宅急便	ㄇㄛˊ ㄋㄩˇ ㄓㄞˊ ㄐㄧˊ ㄅㄧㄢˋ	0.009999999999999986	25	動漫	phrase.anime.tsv	2465	
魔女守護者	ㄇㄛˊ ㄋㄩˇ ㄕㄡˇ ㄏㄨˋ ㄓㄜˇ	0.009999999999999986	12	動漫	phrase.anime.tsv	2466	
魔法使	ㄇㄛˊ ㄈㄚˇ ㄕˇ	0.009999999999999986	26	動漫	phrase.anime.tsv	2468	
魔法公主	ㄇㄛˊ ㄈㄚˇ ㄍㄨㄥ ㄓㄨˇ	0.009999999999999986	25	動漫	phrase.anime.tsv	2469	
魔法少女	ㄇㄛˊ ㄈㄚˇ ㄕㄠˋ ㄋㄩˇ	0.009999999999999986	26	動漫	phrase.anime.tsv	2470	
魔法帝	ㄇㄛˊ ㄈㄚˇ ㄉㄧˋ	0.009999999999999986	13	動漫	phrase.anime.tsv	2471	
魔法革命	ㄇㄛˊ ㄈㄚˇ ㄍㄜˊ ㄇㄧㄥˋ	0.009999999999999986	20	動漫	phrase.anime.tsv	2472	
魔法騎士	ㄇㄛˊ ㄈㄚˇ ㄑㄧˊ ㄕˋ	0.009999999999999986	20	動漫	phrase.anime.tsv	2473	
魔術協會	ㄇㄛˊ ㄕㄨˋ ㄒㄧㄝˊ ㄏㄨㄟˋ	0.009999999999999986	12	動漫	phrase.anime.tsv	2474	
魚叉式	ㄩˊ ㄔㄚ ㄕˋ	1	10	網路資安	phrase.network-security.tsv	175	
魯蛇	ㄌㄨˇ ㄕㄜˊ	0.009999999999999986	23	動漫	phrase.anime.tsv	2475	
魯路修	ㄌㄨˇ ㄌㄨˋ ㄒㄧㄡ	0.009999999999999986	23	動漫	phrase.anime.tsv	2476	
魯迪格爾	ㄌㄨˇ ㄉㄧˊ ㄍㄜˊ ㄦˇ	0.009999999999999986	11	動漫	phrase.anime.tsv	2477	
魯迪烏斯	ㄌㄨˇ ㄉㄧˊ ㄨ ㄙ	0.009999999999999986	22	動漫	phrase.anime.tsv	2478	
鮎澤美咲	ㄋㄧㄢˊ ㄗㄜˊ ㄇㄟˇ ㄒㄧㄠˋ	0.009999999999999986	19	動漫	phrase.anime.tsv	2479	
鰭式	ㄑㄧˊ ㄕˋ	0.009999999999999986	10	晶片半導體	phrase.semiconductor.tsv	190	
鳥束零太	ㄋㄧㄠˇ ㄕㄨˋ ㄌㄧㄥˊ ㄊㄞˋ	0.009999999999999986	13	動漫	phrase.anime.tsv	2481	
鳥籠使者	ㄋㄧㄠˇ ㄌㄨㄥˊ ㄕˇ ㄓㄜˇ	0.009999999999999986	12	動漫	phrase.anime.tsv	2482	
鳳凰寺紅葉	ㄈㄥˋ ㄏㄨㄤˊ ㄙˋ ㄏㄨㄥˊ ㄧㄝˋ	0.009999999999999986	15	動漫	phrase.anime.tsv	2483	
鳳凰寺風	ㄈㄥˋ ㄏㄨㄤˊ ㄙˋ ㄈㄥ	0.009999999999999986	13	動漫	phrase.anime.tsv	2484	
鳳鏡夜	ㄈㄥˋ ㄐㄧㄥˋ ㄧㄝˋ	0.009999999999999986	16	動漫	phrase.anime.tsv	2485	
鳴子章吉	ㄇㄧㄥˊ ㄗ˙ ㄓㄤ ㄐㄧˊ	0.009999999999999986	14	動漫	phrase.anime.tsv	2486	
鳴泣之時	ㄇㄧㄥˊ ㄑㄧˋ ㄓ ㄕˊ	0.009999999999999986	19	動漫	phrase.anime.tsv	2487	
鳶一折紙	ㄩㄢ ㄧ ㄓㄜˊ ㄓˇ	0.009999999999999986	17	動漫	phrase.anime.tsv	2488	
鵺野鳴介	ㄧㄝˋ ㄧㄝˇ ㄇㄧㄥˊ ㄐㄧㄝˋ	0.009999999999999986	19	動漫	phrase.anime.tsv	2489	
鶴來民子	ㄏㄜˋ ㄌㄞˊ ㄇㄧㄣˊ ㄗ˙	0.009999999999999986	15	動漫	phrase.anime.tsv	2490	
鶴河秋水	ㄏㄜˋ ㄏㄜˊ ㄑㄧㄡ ㄕㄨㄟˇ	0.009999999999999986	12	動漫	phrase.anime.tsv	2491	
鶴見中尉	ㄏㄜˋ ㄐㄧㄢˋ ㄓㄨㄥ ㄨㄟˋ	0.009999999999999986	14	動漫	phrase.anime.tsv	2492	
鶴見知利子	ㄏㄜˋ ㄐㄧㄢˋ ㄓ ㄌㄧˋ ㄗ˙	0.009999999999999986	13	動漫	phrase.anime.tsv	2493	
鷹村守	ㄧㄥ ㄘㄨㄣ ㄕㄡˇ	0.009999999999999986	15	動漫	phrase.anime.tsv	2494	
鷺之宮伊澄	ㄌㄨˋ ㄓ ㄍㄨㄥ ㄧ ㄔㄥˊ	0.009999999999999986	12	動漫	phrase.anime.tsv	2495	
鹼性磷酸酶	ㄐㄧㄢˇ ㄒㄧㄥˋ ㄌㄧㄣˊ ㄙㄨㄢ ㄇㄟˊ	1	6	醫學	phrase.medicine.tsv	270	
鹿島虎太郎	ㄌㄨˋ ㄉㄠˇ ㄏㄨˇ ㄊㄞˋ ㄌㄤˊ	0.009999999999999986	15	動漫	phrase.anime.tsv	2496	
鹿島遊	ㄌㄨˋ ㄉㄠˇ ㄧㄡˊ	0.009999999999999986	12	動漫	phrase.anime.tsv	2497	
鹿島龍一	ㄌㄨˋ ㄉㄠˇ ㄌㄨㄥˊ ㄧ	0.009999999999999986	17	動漫	phrase.anime.tsv	2498	
鹿目圓	ㄌㄨˋ ㄇㄨˋ ㄩㄢˊ	0.009999999999999986	24	動漫	phrase.anime.tsv	2499	
鹿野千夏	ㄌㄨˋ ㄧㄝˇ ㄑㄧㄢ ㄒㄧㄚˋ	0.009999999999999986	17	動漫	phrase.anime.tsv	2500	
麗日御茶子	ㄌㄧˋ ㄖˋ ㄩˋ ㄔㄚˊ ㄗ˙	0.009999999999999986	18	動漫	phrase.anime.tsv	2501	
麥斯威爾	ㄇㄞˋ ㄙ ㄨㄟ ㄦˇ	0.009999999999999986	15	動漫	phrase.anime.tsv	2502	
麻中蓬	ㄇㄚˊ ㄓㄨㄥ ㄆㄥˊ	0.009999999999999986	16	動漫	phrase.anime.tsv	2503	
麻倉葉	ㄇㄚˊ ㄘㄤ ㄧㄝˋ	0.009999999999999986	18	動漫	phrase.anime.tsv	2504	
黃仁勳	ㄏㄨㄤˊ ㄖㄣˊ ㄒㄩㄣ	1	43	人名-當代	phrase.people-contemporary.tsv	57	
黃瀨涼太	ㄏㄨㄤˊ ㄌㄞˋ ㄌㄧㄤˊ ㄊㄞˋ	0.009999999999999986	16	動漫	phrase.anime.tsv	2506	
黃金分割	ㄏㄨㄤˊ ㄐㄧㄣ ㄈㄣ ㄍㄜ	1	11	媒體設計	phrase.media-design.tsv	99	
黃金拼圖	ㄏㄨㄤˊ ㄐㄧㄣ ㄆㄧㄣ ㄊㄨˊ	0.009999999999999986	19	動漫	phrase.anime.tsv	2507	
黃金神威	ㄏㄨㄤˊ ㄐㄧㄣ ㄕㄣˊ ㄨㄟ	0.009999999999999986	23	動漫	phrase.anime.tsv	2508	
黃金魔女	ㄏㄨㄤˊ ㄐㄧㄣ ㄇㄛˊ ㄋㄩˇ	0.009999999999999986	11	動漫	phrase.anime.tsv	2509	
黎明卿	ㄌㄧˊ ㄇㄧㄥˊ ㄑㄧㄥ	0.009999999999999986	10	動漫	phrase.anime.tsv	2510	
黏膜下	ㄋㄧㄢˊ ㄇㄛˊ ㄒㄧㄚˋ	1	10	醫學	phrase.medicine.tsv	272	
黏著詞素	ㄋㄧㄢˊ ㄓㄨㄛˊ ㄘˊ ㄙㄨˋ	1	9	中文	phrase.chinese.tsv	164	
黑主優姬	ㄏㄟ ㄓㄨˇ ㄧㄡ ㄐㄧ	0.009999999999999986	18	動漫	phrase.anime.tsv	2511	
黑執事	ㄏㄟ ㄓˊ ㄕˋ	0.009999999999999986	24	動漫	phrase.anime.tsv	2512	
黑子哲也	ㄏㄟ ㄗˇ ㄓㄜˊ ㄧㄝˇ	0.009999999999999986	21	動漫	phrase.anime.tsv	2513	
黑子的籃球	ㄏㄟ ㄗˇ ㄉㄜ˙ ㄌㄢˊ ㄑㄧㄡˊ	0.009999999999999986	23	動漫	phrase.anime.tsv	2514	
黑崎一護	ㄏㄟ ㄑㄧˊ ㄧ ㄏㄨˋ	0.009999999999999986	24	動漫	phrase.anime.tsv	2515	
黑川茜	ㄏㄟ ㄔㄨㄢ ㄑㄧㄢˋ	0.009999999999999986	14	動漫	phrase.anime.tsv	2516	
黑帽大人	ㄏㄟ ㄇㄠˋ ㄉㄚˋ ㄖㄣˊ	0.009999999999999986	17	動漫	phrase.anime.tsv	2517	
黑德	ㄏㄟ ㄉㄜˊ	0.009999999999999986	12	動漫	phrase.anime.tsv	2518	
黑暗集會	ㄏㄟ ㄢˋ ㄐㄧˊ ㄏㄨㄟˋ	0.009999999999999986	20	動漫	phrase.anime.tsv	2519	
黑柳亮	ㄏㄟ ㄌㄧㄡˇ ㄌㄧㄤˋ	0.009999999999999986	9	動漫	phrase.anime.tsv	2520	
黑桐幹也	ㄏㄟ ㄊㄨㄥˊ ㄍㄢˋ ㄧㄝˇ	0.009999999999999986	17	動漫	phrase.anime.tsv	2521	
黑桐鮮花	ㄏㄟ ㄊㄨㄥˊ ㄒㄧㄢ ㄏㄨㄚ	0.009999999999999986	13	動漫	phrase.anime.tsv	2522	
黑沼爽子	ㄏㄟ ㄓㄠˇ ㄕㄨㄤˇ ㄗ˙	0.009999999999999986	20	動漫	phrase.anime.tsv	2523	
黑澤露比	ㄏㄟ ㄗㄜˊ ㄌㄨˋ ㄅㄧˇ	0.009999999999999986	14	動漫	phrase.anime.tsv	2524	
黑澤黛雅	ㄏㄟ ㄗㄜˊ ㄉㄞˋ ㄧㄚˇ	0.009999999999999986	13	動漫	phrase.anime.tsv	2525	
黑王子	ㄏㄟ ㄨㄤˊ ㄗˇ	0.009999999999999986	20	動漫	phrase.anime.tsv	2526	
黑色五葉草	ㄏㄟ ㄙㄜˋ ㄨˇ ㄧㄝˋ ㄘㄠˇ	0.009999999999999986	23	動漫	phrase.anime.tsv	2527	
黑部夏美	ㄏㄟ ㄅㄨˋ ㄒㄧㄚˋ ㄇㄟˇ	0.009999999999999986	10	動漫	phrase.anime.tsv	2529	
黑雪公主	ㄏㄟ ㄒㄩㄝˇ ㄍㄨㄥ ㄓㄨˇ	0.009999999999999986	15	動漫	phrase.anime.tsv	2530	
黛拓武	ㄉㄞˋ ㄊㄨㄛˋ ㄨˇ	0.009999999999999986	12	動漫	phrase.anime.tsv	2532	
點校本	ㄉㄧㄢˇ ㄐㄧㄠˋ ㄅㄣˇ	1	13	中文	phrase.chinese.tsv	165	
鼻導管	ㄅㄧˊ ㄉㄠˇ ㄍㄨㄢˇ	1	6	醫學	phrase.medicine.tsv	273	
齊木楠雄	ㄑㄧˊ ㄇㄨˋ ㄋㄢˊ ㄒㄩㄥˊ	0.009999999999999986	25	動漫	phrase.anime.tsv	2533	
齊納二極體	ㄑㄧˊ ㄋㄚˋ ㄦˋ ㄐㄧˊ ㄊㄧˇ	1	4	電子電機	phrase.electronics.tsv	220	
齊藤惠那	ㄑㄧˊ ㄊㄥˊ ㄏㄨㄟˋ ㄋㄚˋ	0.009999999999999986	13	動漫	phrase.anime.tsv	2534	
齊齒呼	ㄑㄧˊ ㄔˇ ㄏㄨ	1	11	中文	phrase.chinese.tsv	166	
齋森美世	ㄓㄞ ㄙㄣ ㄇㄟˇ ㄕˋ	0.009999999999999986	19	動漫	phrase.anime.tsv	2535	
齋森香耶	ㄓㄞ ㄙㄣ ㄒㄧㄤ ㄧㄝ	0.009999999999999986	14	動漫	phrase.anime.tsv	2536	
齋藤一	ㄓㄞ ㄊㄥˊ ㄧ	0.009999999999999986	14	動漫	phrase.anime.tsv	2537	
龍之峰帝人	ㄌㄨㄥˊ ㄓ ㄈㄥ ㄉㄧˋ ㄖㄣˊ	0.009999999999999986	20	動漫	phrase.anime.tsv	2538	
龍咲海	ㄌㄨㄥˊ ㄒㄧㄠˋ ㄏㄞˇ	0.009999999999999986	15	動漫	phrase.anime.tsv	2539	
龍宮寺堅	ㄌㄨㄥˊ ㄍㄨㄥ ㄙˋ ㄐㄧㄢ	0.009999999999999986	17	動漫	phrase.anime.tsv	2540	
龍宮禮奈	ㄌㄨㄥˊ ㄍㄨㄥ ㄌㄧˇ ㄋㄞˋ	0.009999999999999986	17	動漫	phrase.anime.tsv	2541	
龍崎怜	ㄌㄨㄥˊ ㄑㄧˊ ㄌㄧㄥˊ	0.009999999999999986	11	動漫	phrase.anime.tsv	2542	
龍崎憲一朗	ㄌㄨㄥˊ ㄑㄧˊ ㄒㄧㄢˋ ㄧ ㄌㄤˇ	0.009999999999999986	15	動漫	phrase.anime.tsv	2543	
龍與虎	ㄌㄨㄥˊ ㄩˇ ㄏㄨˇ	0.009999999999999986	24	動漫	phrase.anime.tsv	2545	
龜派氣功	ㄍㄨㄟ ㄆㄞˋ ㄑㄧˋ ㄍㄨㄥ	0.009999999999999986	16	動漫	phrase.anime.tsv	2547	
