prompt_id	base_bundle	role	word	sources	group_kind	group_name
tw-typing-v4-001	97	required	評價	mcbopomofo	單詞	評價
tw-typing-v4-001	97	optional	一條	mcbopomofo	單詞	一條
tw-typing-v4-001	97	required	莫名	mcbopomofo	單詞	莫名
tw-typing-v4-001	97	optional	選民	mcbopomofo	單詞	選民
tw-typing-v4-001	97	required	全家	mcbopomofo	單詞	全家
tw-typing-v4-001	97	optional	包容	mcbopomofo	單詞	包容
tw-typing-v4-001	97	required	個性	mcbopomofo	單詞	個性
tw-typing-v4-001	97	required	水泥	mcbopomofo	單詞	水泥
tw-typing-v4-001	97	optional	負面	mcbopomofo	單詞	負面
tw-typing-v4-001	97	optional	比較	mcbopomofo	概念詞族	日常生活:比較
tw-typing-v4-001	97	optional	常態	mcbopomofo	概念詞族	日常生活:常態
tw-typing-v4-001	97	required	路上	mcbopomofo	單詞	路上
tw-typing-v4-001	97	optional	輝煌	mcbopomofo	單詞	輝煌
tw-typing-v4-001	97	required	給予	mcbopomofo	單詞	給予
tw-typing-v4-001	97	required	創造	mcbopomofo	單詞	創造
tw-typing-v4-001	97	required	優秀	mcbopomofo	單詞	優秀
tw-typing-v4-001	97	optional	借用	mcbopomofo	單詞	借用
tw-typing-v4-001	97	required	習慣	mcbopomofo	單詞	習慣
tw-typing-v4-001	97	optional	年齡	mcbopomofo	單詞	年齡
tw-typing-v4-001	97	optional	妥協	mcbopomofo	單詞	妥協
tw-typing-v4-001	97	optional	敘述	mcbopomofo	單詞	敘述
tw-typing-v4-001	97	required	有效	mcbopomofo	單詞	有效
tw-typing-v4-001	97	optional	搖搖	mcbopomofo	單詞	搖搖
tw-typing-v4-001	97	required	記憶	ai-data-science,mcbopomofo	概念詞族	數位科技:記憶
tw-typing-v4-001	97	required	綠能	general	單詞	綠能
tw-typing-v4-001	97	required	各自	mcbopomofo	單詞	各自
tw-typing-v4-001	97	required	動用	mcbopomofo	單詞	動用
tw-typing-v4-001	97	optional	使得	mcbopomofo	單詞	使得
tw-typing-v4-001	97	optional	唱歌	mcbopomofo	單詞	唱歌
tw-typing-v4-001	97	optional	成為	mcbopomofo	單詞	成為
tw-typing-v4-002	38	optional	公務	government,mcbopomofo	概念詞族	政府法律:公務
tw-typing-v4-002	38	optional	行政罰	law	概念詞族	政府法律:行政
tw-typing-v4-002	38	required	行紀契約	law	概念詞族	政府法律:契約
tw-typing-v4-002	38	optional	公務員	government,mcbopomofo	概念詞族	政府法律:公務
tw-typing-v4-002	38	optional	行政契約	law	概念詞族	政府法律:行政
tw-typing-v4-002	38	optional	訴訟	law,mcbopomofo	概念詞族	政府法律:訴訟
tw-typing-v4-002	38	required	工程案件	government	概念詞族	政府法律:案件
tw-typing-v4-002	38	required	寄託契約	law	概念詞族	政府法律:契約
tw-typing-v4-002	38	optional	妨害秘密罪	law	概念詞族	政府法律:妨害
tw-typing-v4-002	38	required	訴願案件	government	概念詞族	政府法律:案件
tw-typing-v4-002	38	required	契約終止	law	概念詞族	政府法律:契約
tw-typing-v4-002	38	required	承攬契約	law	概念詞族	政府法律:契約
tw-typing-v4-002	38	optional	給付不能	law	概念詞族	政府法律:給付
tw-typing-v4-002	38	optional	妨害公務罪	law	概念詞族	政府法律:公務
tw-typing-v4-002	38	required	稽核案件	government	概念詞族	政府法律:案件
tw-typing-v4-002	38	required	委辦案件	government	概念詞族	政府法律:案件
tw-typing-v4-002	38	required	合夥契約	law	概念詞族	政府法律:契約
tw-typing-v4-002	38	required	陳情案件	government	概念詞族	政府法律:案件
tw-typing-v4-002	38	required	買賣契約	law	概念詞族	政府法律:契約
tw-typing-v4-002	38	required	期限內	government	概念詞族	政府法律:期限
tw-typing-v4-002	38	required	委任契約	law	概念詞族	政府法律:契約
tw-typing-v4-002	38	optional	訴訟權	law	概念詞族	政府法律:訴訟
tw-typing-v4-002	38	optional	行政指導	law	概念詞族	政府法律:行政
tw-typing-v4-002	38	optional	妨害自由罪	law	概念詞族	政府法律:妨害
tw-typing-v4-002	38	required	條件與期限	law	概念詞族	政府法律:期限
tw-typing-v4-002	38	optional	給付遲延	law	概念詞族	政府法律:給付
tw-typing-v4-002	38	optional	給付	law,mcbopomofo	概念詞族	政府法律:給付
tw-typing-v4-002	38	optional	訴訟標的	law	概念詞族	政府法律:訴訟
tw-typing-v4-002	38	optional	妨害名譽罪	law	概念詞族	政府法律:妨害
tw-typing-v4-002	38	required	居間契約	law	概念詞族	政府法律:契約
tw-typing-v4-003	78	required	接著	mcbopomofo	單詞	接著
tw-typing-v4-003	78	optional	那樣	mcbopomofo	單詞	那樣
tw-typing-v4-003	78	required	轎車	mcbopomofo	單詞	轎車
tw-typing-v4-003	78	optional	演奏	mcbopomofo	單詞	演奏
tw-typing-v4-003	78	required	玩笑	mcbopomofo	單詞	玩笑
tw-typing-v4-003	78	optional	上午	mcbopomofo	單詞	上午
tw-typing-v4-003	78	required	上傳	mcbopomofo	單詞	上傳
tw-typing-v4-003	78	required	想看	mcbopomofo	單詞	想看
tw-typing-v4-003	78	required	有個	mcbopomofo	單詞	有個
tw-typing-v4-003	78	required	為期	mcbopomofo	單詞	為期
tw-typing-v4-003	78	optional	行政	mcbopomofo	概念詞族	日常生活:行政
tw-typing-v4-003	78	required	研判	mcbopomofo	單詞	研判
tw-typing-v4-003	78	optional	收費	mcbopomofo	單詞	收費
tw-typing-v4-003	78	optional	然後	mcbopomofo	單詞	然後
tw-typing-v4-003	78	optional	學年度	mcbopomofo	概念詞族	日常生活:年度
tw-typing-v4-003	78	required	那些	mcbopomofo	單詞	那些
tw-typing-v4-003	78	required	看得	mcbopomofo	單詞	看得
tw-typing-v4-003	78	optional	演習	mcbopomofo	單詞	演習
tw-typing-v4-003	78	optional	調查	mcbopomofo	同義近義	調查查證
tw-typing-v4-003	78	required	碳費	general	單詞	碳費
tw-typing-v4-003	78	required	先把	mcbopomofo	單詞	先把
tw-typing-v4-003	78	required	電機	mcbopomofo	單詞	電機
tw-typing-v4-003	78	required	罰款	mcbopomofo	單詞	罰款
tw-typing-v4-003	78	optional	違反	mcbopomofo	單詞	違反
tw-typing-v4-003	78	optional	也在	mcbopomofo	單詞	也在
tw-typing-v4-003	78	optional	全球	mcbopomofo	概念詞族	日常生活:全球
tw-typing-v4-003	78	optional	飲用	mcbopomofo	單詞	飲用
tw-typing-v4-003	78	optional	都會	mcbopomofo	單詞	都會
tw-typing-v4-003	78	optional	在乎	mcbopomofo	單詞	在乎
tw-typing-v4-003	78	required	從事	mcbopomofo	單詞	從事
tw-typing-v4-004	112	required	就是	mcbopomofo	概念詞族	日常生活:就是
tw-typing-v4-004	112	optional	全世界	mcbopomofo	概念詞族	日常生活:世界
tw-typing-v4-004	112	required	貨幣	mcbopomofo	概念詞族	日常生活:貨幣
tw-typing-v4-004	112	optional	二十一	mcbopomofo	概念詞族	日常生活:十一
tw-typing-v4-004	112	optional	一些	mcbopomofo	概念詞族	日常生活:一些
tw-typing-v4-004	112	optional	有看到	mcbopomofo	概念詞族	日常生活:看到
tw-typing-v4-004	112	optional	這一些	mcbopomofo	概念詞族	日常生活:一些
tw-typing-v4-004	112	optional	看到	mcbopomofo	概念詞族	日常生活:看到
tw-typing-v4-004	112	optional	世界	mcbopomofo	概念詞族	日常生活:世界
tw-typing-v4-004	112	required	三十	mcbopomofo	概念詞族	日常生活:三十
tw-typing-v4-004	112	required	定期定額	general	概念詞族	日常生活:定期
tw-typing-v4-004	112	optional	第十一	mcbopomofo	概念詞族	日常生活:十一
tw-typing-v4-004	112	optional	越來	mcbopomofo	概念詞族	日常生活:越來
tw-typing-v4-004	112	required	的確	mcbopomofo	概念詞族	日常生活:的確
tw-typing-v4-004	112	optional	國人	mcbopomofo	概念詞族	日常生活:國人
tw-typing-v4-004	112	optional	攻擊	mcbopomofo	概念詞族	日常生活:攻擊
tw-typing-v4-004	112	required	也就是	mcbopomofo	概念詞族	日常生活:就是
tw-typing-v4-004	112	optional	外國人	mcbopomofo	概念詞族	日常生活:國人
tw-typing-v4-004	112	optional	三十五	mcbopomofo	概念詞族	日常生活:三十
tw-typing-v4-004	112	required	數位貨幣	general	概念詞族	日常生活:貨幣
tw-typing-v4-004	112	required	定期	mcbopomofo	概念詞族	日常生活:定期
tw-typing-v4-004	112	required	淨零排放	general	概念詞族	日常生活:淨零
tw-typing-v4-004	112	required	在一起	mcbopomofo	概念詞族	日常生活:一起
tw-typing-v4-004	112	required	一起	mcbopomofo	概念詞族	日常生活:一起
tw-typing-v4-004	112	required	事情	mcbopomofo	概念詞族	日常生活:事情
tw-typing-v4-004	112	required	的事情	mcbopomofo	概念詞族	日常生活:事情
tw-typing-v4-004	112	optional	網路攻擊	general	概念詞族	日常生活:攻擊
tw-typing-v4-004	112	optional	越來越	mcbopomofo	概念詞族	日常生活:越來
tw-typing-v4-004	112	required	的確是	mcbopomofo	概念詞族	日常生活:的確
tw-typing-v4-004	112	required	淨零	general	概念詞族	日常生活:淨零
tw-typing-v4-005	12	optional	庫存	business,industrial-engineering,mcbopomofo	同義近義	存貨庫存
tw-typing-v4-005	12	required	結帳分錄	finance	概念詞族	商業管理:分錄
tw-typing-v4-005	12	required	調整分錄	finance	概念詞族	商業管理:分錄
tw-typing-v4-005	12	required	營業收入	finance	概念詞族	商業管理:收入
tw-typing-v4-005	12	optional	資料分析	business,energy-environment	同義衍生	資料資訊數據:{同義詞}分析
tw-typing-v4-005	12	required	費用預測	finance	同義衍生	成本費用支出:{同義詞}預測
tw-typing-v4-005	12	required	毛利達成率	business	概念詞族	商業管理:利達
tw-typing-v4-005	12	optional	存貨	finance,mcbopomofo	同義近義	存貨庫存
tw-typing-v4-005	12	optional	採購	business,mcbopomofo	概念詞族	商業管理:採購
tw-typing-v4-005	12	optional	策略性採購	business	概念詞族	商業管理:採購
tw-typing-v4-005	12	optional	毛利	finance,mcbopomofo	概念詞族	商業管理:毛利
tw-typing-v4-005	12	required	淨利達成率	business	概念詞族	商業管理:利達
tw-typing-v4-005	12	required	定價預測	business	概念詞族	商業管理:價預
tw-typing-v4-005	12	optional	股利政策	finance	概念詞族	商業管理:政策
tw-typing-v4-005	12	optional	庫存週轉率	business	同義衍生	存貨庫存:{同義詞}週轉率
tw-typing-v4-005	12	optional	數據分析	general	同義衍生	資料資訊數據:{同義詞}分析
tw-typing-v4-005	12	optional	毛利預測	finance	概念詞族	商業管理:毛利
tw-typing-v4-005	12	optional	存貨週轉率	finance	同義衍生	存貨庫存:{同義詞}週轉率
tw-typing-v4-005	12	optional	財務會計	finance	概念詞族	商業管理:務會
tw-typing-v4-005	12	required	收入預測	finance	概念詞族	商業管理:收入
tw-typing-v4-005	12	required	客單價預測	business	概念詞族	商業管理:價預
tw-typing-v4-005	12	required	企業	business,manufacturing,mcbopomofo	概念詞族	商業管理:企業
tw-typing-v4-005	12	optional	客戶流失率	business	概念詞族	商業管理:失率
tw-typing-v4-005	12	required	所得稅費用	finance	概念詞族	商業管理:所得
tw-typing-v4-005	12	required	成本預測	finance	同義衍生	成本費用支出:{同義詞}預測
tw-typing-v4-005	12	required	遞延所得稅	finance	概念詞族	商業管理:所得
tw-typing-v4-005	12	required	稅務會計	finance	概念詞族	商業管理:務會
tw-typing-v4-005	12	required	企業治理	business	概念詞族	商業管理:企業
tw-typing-v4-005	12	optional	流失率	business	概念詞族	商業管理:失率
tw-typing-v4-005	12	optional	會計政策	finance	概念詞族	商業管理:政策
tw-typing-v4-006	53	optional	安全基線	network-security	概念詞族	數位科技:全基
tw-typing-v4-006	53	optional	故障轉移	software	概念詞族	數位科技:轉移
tw-typing-v4-006	53	required	連接埠轉換	network-security	概念詞族	數位科技:連接
tw-typing-v4-006	53	required	機密管理	network-security	單詞	機密管理
tw-typing-v4-006	53	required	蒸餾	ai-data-science,mcbopomofo	單詞	蒸餾
tw-typing-v4-006	53	optional	模組	mcbopomofo,network-security	單詞	模組
tw-typing-v4-006	53	optional	最佳化	ai-data-science,business,mcbopomofo	概念詞族	數位科技:最佳
tw-typing-v4-006	53	required	資安通報	network-security	概念詞族	數位科技:資安
tw-typing-v4-006	53	optional	魚叉式	network-security	單詞	魚叉式
tw-typing-v4-006	53	optional	事件調查	network-security	概念詞族	數位科技:調查
tw-typing-v4-006	53	required	彈性網路	ai-data-science	概念詞族	數位科技:彈性
tw-typing-v4-006	53	required	神經網路	ai-data-science,general,semiconductor	概念詞族	數位科技:神經
tw-typing-v4-006	53	required	網路設備	network-security	概念詞族	數位科技:設備
tw-typing-v4-006	53	optional	滴灌	agriculture-food	單詞	滴灌
tw-typing-v4-006	53	required	訊息鑑別碼	network-security	概念詞族	數位科技:鑑別
tw-typing-v4-006	53	optional	容器平台	software	概念詞族	數位科技:容器
tw-typing-v4-006	53	optional	零信任架構	network-security	概念詞族	數位科技:零信
tw-typing-v4-006	53	optional	排名指標	ai-data-science	概念詞族	數位科技:排名
tw-typing-v4-006	53	optional	循環	ai-data-science,mcbopomofo	概念詞族	數位科技:循環
tw-typing-v4-006	53	required	增強	ai-data-science,mcbopomofo	概念詞族	數位科技:增強
tw-typing-v4-006	53	optional	變異	ai-data-science,mcbopomofo	概念詞族	數位科技:變異
tw-typing-v4-006	53	optional	真空包裝	agriculture-food	概念詞族	農業食品:真空
tw-typing-v4-006	53	required	完整性驗證	network-security	概念詞族	數位科技:完整
tw-typing-v4-006	53	required	滑動視窗	network-security	概念詞族	數位科技:視窗
tw-typing-v4-006	53	required	依賴	mcbopomofo,software	單詞	依賴
tw-typing-v4-006	53	required	清單	mcbopomofo,software	單詞	清單
tw-typing-v4-006	53	required	災難復原	software	單詞	災難復原
tw-typing-v4-006	53	required	競爭條件	network-security	概念詞族	數位科技:競爭
tw-typing-v4-006	53	optional	效能分析	software	概念詞族	數位科技:能分
tw-typing-v4-006	53	optional	設定服務	software	概念詞族	數位科技:設定
tw-typing-v4-007	143	optional	臺灣民眾黨	history	概念詞族	歷史人物:民眾
tw-typing-v4-007	143	required	文化協會	history	概念詞族	歷史人物:協會
tw-typing-v4-007	143	required	伊斯蘭興起	history	單詞	伊斯蘭興起
tw-typing-v4-007	143	required	國民政府	history,mcbopomofo	概念詞族	歷史人物:政府
tw-typing-v4-007	143	required	希特勒	mcbopomofo,people-history	單詞	希特勒
tw-typing-v4-007	143	required	李遠哲	mcbopomofo,people-oldnews	單詞	李遠哲
tw-typing-v4-007	143	optional	渡臺禁令	history	單詞	渡臺禁令
tw-typing-v4-007	143	required	國家形成	history	概念詞族	歷史人物:國家
tw-typing-v4-007	143	required	郭婉容	mcbopomofo,people-oldnews	單詞	郭婉容
tw-typing-v4-007	143	optional	胡錦濤	mcbopomofo,people-oldnews	單詞	胡錦濤
tw-typing-v4-007	143	optional	鄭芝龍	mcbopomofo,people-history	單詞	鄭芝龍
tw-typing-v4-007	143	required	甘地	mcbopomofo,people-history	單詞	甘地
tw-typing-v4-007	143	required	陳菊	mcbopomofo,people-contemporary	單詞	陳菊
tw-typing-v4-007	143	optional	宋楚瑜	mcbopomofo,people-oldnews	單詞	宋楚瑜
tw-typing-v4-007	143	required	史料批判	history	概念詞族	歷史人物:批判
tw-typing-v4-007	143	optional	曾子	mcbopomofo,people-history	單詞	曾子
tw-typing-v4-007	143	optional	葉石濤	mcbopomofo,people-oldnews	單詞	葉石濤
tw-typing-v4-007	143	required	蔡元培	mcbopomofo,people-history	單詞	蔡元培
tw-typing-v4-007	143	optional	原住民族史	history	概念詞族	歷史人物:原住
tw-typing-v4-007	143	optional	范振宗	mcbopomofo,people-oldnews	單詞	范振宗
tw-typing-v4-007	143	optional	十二表法	history	概念詞族	歷史人物:十二
tw-typing-v4-007	143	optional	洪秀柱	mcbopomofo,people-contemporary	單詞	洪秀柱
tw-typing-v4-007	143	required	塞尚	mcbopomofo,people-history	單詞	塞尚
tw-typing-v4-007	143	optional	吳念真	mcbopomofo,people-oldnews	單詞	吳念真
tw-typing-v4-007	143	optional	畢卡索	mcbopomofo,people-history	單詞	畢卡索
tw-typing-v4-007	143	required	明代	history,mcbopomofo	單詞	明代
tw-typing-v4-007	143	required	王定宇	mcbopomofo,people-contemporary	單詞	王定宇
tw-typing-v4-007	143	required	彭明敏	mcbopomofo,people-oldnews	單詞	彭明敏
tw-typing-v4-007	143	optional	西安事變	history	概念詞族	歷史人物:事變
tw-typing-v4-007	143	optional	松下幸之助	mcbopomofo,people-oldnews	單詞	松下幸之助
tw-typing-v4-008	194	optional	阻變式	semiconductor	單詞	阻變式
tw-typing-v4-008	194	required	向量控制	electronics	概念詞族	電子半導體:向量
tw-typing-v4-008	194	optional	圖形處理器	semiconductor	概念詞族	電子半導體:圖形
tw-typing-v4-008	194	optional	血小板	mcbopomofo,medicine	單詞	血小板
tw-typing-v4-008	194	required	軟硬複合板	electronics	概念詞族	電子半導體:複合
tw-typing-v4-008	194	optional	成長率	business,mcbopomofo	概念詞族	商業管理:長率
tw-typing-v4-008	194	optional	天線增益	electronics	概念詞族	電子半導體:增益
tw-typing-v4-008	194	optional	標準元件庫	semiconductor	概念詞族	電子半導體:件庫
tw-typing-v4-008	194	optional	正交	electronics,mcbopomofo	單詞	正交
tw-typing-v4-008	194	required	高通濾波器	electronics	概念詞族	電子半導體:高通
tw-typing-v4-008	194	optional	保養	mcbopomofo,semiconductor	概念詞族	電子半導體:保養
tw-typing-v4-008	194	required	高頻寬	semiconductor	概念詞族	電子半導體:頻寬
tw-typing-v4-008	194	required	食品化學	agriculture-food	概念詞族	農業食品:化學
tw-typing-v4-008	194	required	肺病	mcbopomofo,medicine	單詞	肺病
tw-typing-v4-008	194	required	互動設計	media-design	概念詞族	媒體設計:互動
tw-typing-v4-008	194	required	規則	mcbopomofo,semiconductor,transport-logistics	單詞	規則
tw-typing-v4-008	194	optional	版圖	mcbopomofo,semiconductor	單詞	版圖
tw-typing-v4-008	194	required	小晶片架構	semiconductor	概念詞族	電子半導體:晶片
tw-typing-v4-008	194	optional	約束	mcbopomofo,semiconductor	單詞	約束
tw-typing-v4-008	194	required	良率分析	semiconductor	概念詞族	電子半導體:率分
tw-typing-v4-008	194	required	鑑別診斷	medicine	概念詞族	醫療生技:鑑別
tw-typing-v4-008	194	required	電氣	electronics,mcbopomofo	單詞	電氣
tw-typing-v4-008	194	optional	共射極	electronics	單詞	共射極
tw-typing-v4-008	194	optional	內固定術	medicine	概念詞族	醫療生技:固定
tw-typing-v4-008	194	optional	漣波電壓	electronics	概念詞族	電子半導體:電壓
tw-typing-v4-008	194	optional	伺服馬達	electronics	概念詞族	電子半導體:伺服
tw-typing-v4-008	194	required	狀態空間	electronics	概念詞族	電子半導體:狀態
tw-typing-v4-008	194	required	健康	mcbopomofo,semiconductor	概念詞族	電子半導體:健康
tw-typing-v4-008	194	required	快門速度	media-design	概念詞族	媒體設計:速度
tw-typing-v4-008	194	optional	探針台校正	semiconductor	概念詞族	電子半導體:針台
tw-typing-v4-009	9	optional	供應鏈策略	business	概念詞族	商業管理:策略
tw-typing-v4-009	9	required	品牌規劃	business	概念詞族	商業管理:品牌
tw-typing-v4-009	9	optional	人力預測	business	概念詞族	商業管理:人力
tw-typing-v4-009	9	required	供應鏈	business,industrial-engineering,network-security	概念詞族	商業管理:應鏈
tw-typing-v4-009	9	required	市占率預測	business	概念詞族	商業管理:率預
tw-typing-v4-009	9	optional	客戶優化	business	概念詞族	商業管理:優化
tw-typing-v4-009	9	required	流失率預測	business	概念詞族	商業管理:率預
tw-typing-v4-009	9	optional	品牌優化	business	概念詞族	商業管理:優化
tw-typing-v4-009	9	required	轉換率預測	business	概念詞族	商業管理:率預
tw-typing-v4-009	9	optional	人力優化	business	概念詞族	商業管理:優化
tw-typing-v4-009	9	required	供應鏈規劃	business	概念詞族	商業管理:應鏈
tw-typing-v4-009	9	required	品牌	business,mcbopomofo	概念詞族	商業管理:品牌
tw-typing-v4-009	9	optional	人力	business,mcbopomofo	概念詞族	商業管理:人力
tw-typing-v4-009	9	optional	人力成本	business	概念詞族	商業管理:人力
tw-typing-v4-009	9	optional	供應鏈優化	business	概念詞族	商業管理:優化
tw-typing-v4-009	9	required	留存率預測	business	概念詞族	商業管理:率預
tw-typing-v4-009	9	optional	品牌策略	business	概念詞族	商業管理:策略
tw-typing-v4-009	9	required	品牌分析	business	概念詞族	商業管理:品牌
tw-typing-v4-009	9	optional	人力策略	business	概念詞族	商業管理:策略
tw-typing-v4-009	9	optional	廠房	finance,mcbopomofo	單詞	廠房
tw-typing-v4-009	9	required	品牌管理	business	概念詞族	商業管理:品牌
tw-typing-v4-009	9	optional	人力規劃	business	概念詞族	商業管理:人力
tw-typing-v4-009	9	required	供應鏈管理	business	概念詞族	商業管理:應鏈
tw-typing-v4-009	9	optional	人力管理	business	概念詞族	商業管理:人力
tw-typing-v4-009	9	required	品牌延伸	business	概念詞族	商業管理:品牌
tw-typing-v4-009	9	required	供應鏈預測	business	概念詞族	商業管理:應鏈
tw-typing-v4-009	9	optional	定價優化	business	概念詞族	商業管理:優化
tw-typing-v4-009	9	optional	客戶策略	business	概念詞族	商業管理:策略
tw-typing-v4-009	9	required	品牌預測	business	概念詞族	商業管理:品牌
tw-typing-v4-009	9	required	供應鏈風險	business	概念詞族	商業管理:應鏈
tw-typing-v4-010	43	required	情緒	education,mcbopomofo	單詞	情緒
tw-typing-v4-010	43	optional	食品保存	agriculture-food	概念詞族	農業食品:保存
tw-typing-v4-010	43	optional	生活科技	education,mcbopomofo	概念詞族	教育社會:生活
tw-typing-v4-010	43	optional	關聯	education,mcbopomofo	單詞	關聯
tw-typing-v4-010	43	required	社會流動	psychology-society	概念詞族	教育社會:流動
tw-typing-v4-010	43	optional	污名化	psychology-society	單詞	污名化
tw-typing-v4-010	43	required	資訊科技	education	概念詞族	教育社會:科技
tw-typing-v4-010	43	required	老化指數	psychology-society	概念詞族	教育社會:指數
tw-typing-v4-010	43	required	有機農業	agriculture-food	概念詞族	農業食品:有機
tw-typing-v4-010	43	required	委員會	education,mcbopomofo	概念詞族	教育社會:員會
tw-typing-v4-010	43	required	多重障礙	education	概念詞族	教育社會:多重
tw-typing-v4-010	43	required	語意記憶	psychology-society	概念詞族	教育社會:語意
tw-typing-v4-010	43	optional	人口轉型	psychology-society	概念詞族	教育社會:轉型
tw-typing-v4-010	43	required	十二年國教	education	概念詞族	教育社會:十二
tw-typing-v4-010	43	required	合作學習	education	概念詞族	教育社會:合作
tw-typing-v4-010	43	required	導向學習	education	概念詞族	教育社會:導向
tw-typing-v4-010	43	optional	古典	education,mcbopomofo	概念詞族	教育社會:古典
tw-typing-v4-010	43	required	區辨	psychology-society	單詞	區辨
tw-typing-v4-010	43	required	團體迷思	psychology-society	概念詞族	教育社會:迷思
tw-typing-v4-010	43	required	適性	education	單詞	適性
tw-typing-v4-010	43	optional	最近發展區	education	概念詞族	教育社會:最近
tw-typing-v4-010	43	optional	試題	education,mcbopomofo	單詞	試題
tw-typing-v4-010	43	optional	反向形成	psychology-society	概念詞族	教育社會:反向
tw-typing-v4-010	43	optional	常模	education	單詞	常模
tw-typing-v4-010	43	optional	工業	mcbopomofo,psychology-society	概念詞族	教育社會:工業
tw-typing-v4-010	43	optional	支持	education,mcbopomofo	同義近義	支持支援
tw-typing-v4-010	43	optional	電腦化	education,mcbopomofo	概念詞族	教育社會:電腦
tw-typing-v4-010	43	optional	框架效應	psychology-society	概念詞族	教育社會:框架
tw-typing-v4-010	43	required	郊區化	psychology-society	概念詞族	教育社會:郊區
tw-typing-v4-010	43	optional	通用	education,mcbopomofo,semiconductor	單詞	通用
tw-typing-v4-011	54	optional	封包遺失	network-security	單詞	封包遺失
tw-typing-v4-011	54	optional	容量規劃	software	概念詞族	數位科技:容量
tw-typing-v4-011	54	required	最近鄰	ai-data-science	概念詞族	數位科技:最近
tw-typing-v4-011	54	optional	沙箱分析	network-security	單詞	沙箱分析
tw-typing-v4-011	54	optional	注意力機制	ai-data-science	概念詞族	數位科技:機制
tw-typing-v4-011	54	required	線框圖	media-design	單詞	線框圖
tw-typing-v4-011	54	required	層正規化	ai-data-science	概念詞族	數位科技:正規
tw-typing-v4-011	54	required	技術	mcbopomofo,network-security,semiconductor	單詞	技術
tw-typing-v4-011	54	optional	結腸炎	medicine	單詞	結腸炎
tw-typing-v4-011	54	optional	網域	mcbopomofo,network-security	單詞	網域
tw-typing-v4-011	54	required	散射參數	electronics	概念詞族	電子半導體:參數
tw-typing-v4-011	54	optional	貝爾曼	software	概念詞族	數位科技:貝爾
tw-typing-v4-011	54	required	帳號	mcbopomofo,network-security	單詞	帳號
tw-typing-v4-011	54	required	無類別	network-security	單詞	無類別
tw-typing-v4-011	54	optional	使用後釋放	network-security	概念詞族	數位科技:使用
tw-typing-v4-011	54	required	排隊長度	transport-logistics	概念詞族	交通物流:排隊
tw-typing-v4-011	54	required	非對稱	media-design	概念詞族	媒體設計:非對
tw-typing-v4-011	54	required	命名	ai-data-science,mcbopomofo	單詞	命名
tw-typing-v4-011	54	optional	提前停止	ai-data-science	概念詞族	數位科技:停止
tw-typing-v4-011	54	required	位置編碼	ai-data-science	概念詞族	數位科技:位置
tw-typing-v4-011	54	required	無刷	electronics	單詞	無刷
tw-typing-v4-011	54	optional	克魯斯克爾	software	概念詞族	數位科技:克爾
tw-typing-v4-011	54	optional	潰瘍性	medicine	單詞	潰瘍性
tw-typing-v4-011	54	optional	其他權益	finance	概念詞族	商業管理:其他
tw-typing-v4-011	54	required	串流處理	ai-data-science	概念詞族	數位科技:串流
tw-typing-v4-011	54	optional	無關	mcbopomofo,software	單詞	無關
tw-typing-v4-011	54	required	演算法	ai-data-science,mcbopomofo,software	概念詞族	數位科技:算法
tw-typing-v4-011	54	optional	供應鏈攻擊	network-security	概念詞族	數位科技:攻擊
tw-typing-v4-011	54	optional	偏差	ai-data-science,mcbopomofo	概念詞族	數位科技:偏差
tw-typing-v4-011	54	required	福特	mcbopomofo,software	單詞	福特
tw-typing-v4-012	74	optional	標題	mcbopomofo	單詞	標題
tw-typing-v4-012	74	required	多加	mcbopomofo	單詞	多加
tw-typing-v4-012	74	required	看完	mcbopomofo	單詞	看完
tw-typing-v4-012	74	required	鬼滅之刃	general	單詞	鬼滅之刃
tw-typing-v4-012	74	required	賣掉	mcbopomofo	單詞	賣掉
tw-typing-v4-012	74	required	幾乎	mcbopomofo	單詞	幾乎
tw-typing-v4-012	74	optional	接近	mcbopomofo	單詞	接近
tw-typing-v4-012	74	optional	女兒	mcbopomofo	單詞	女兒
tw-typing-v4-012	74	optional	名詞	mcbopomofo	單詞	名詞
tw-typing-v4-012	74	required	南北	mcbopomofo	單詞	南北
tw-typing-v4-012	74	required	東方	mcbopomofo	單詞	東方
tw-typing-v4-012	74	required	開闢	mcbopomofo	單詞	開闢
tw-typing-v4-012	74	required	任務	mcbopomofo	概念詞族	日常生活:任務
tw-typing-v4-012	74	optional	木柵	mcbopomofo	單詞	木柵
tw-typing-v4-012	74	optional	房地	mcbopomofo	單詞	房地
tw-typing-v4-012	74	optional	妻子	mcbopomofo	單詞	妻子
tw-typing-v4-012	74	optional	全國	mcbopomofo	單詞	全國
tw-typing-v4-012	74	required	失業率	mcbopomofo	單詞	失業率
tw-typing-v4-012	74	optional	生死	mcbopomofo	單詞	生死
tw-typing-v4-012	74	optional	意志	mcbopomofo	單詞	意志
tw-typing-v4-012	74	required	有關	mcbopomofo	單詞	有關
tw-typing-v4-012	74	optional	這種	mcbopomofo	單詞	這種
tw-typing-v4-012	74	required	人事	mcbopomofo	概念詞族	日常生活:人事
tw-typing-v4-012	74	optional	聚會	mcbopomofo	單詞	聚會
tw-typing-v4-012	74	optional	實驗	mcbopomofo	概念詞族	日常生活:實驗
tw-typing-v4-012	74	optional	走去	mcbopomofo	單詞	走去
tw-typing-v4-012	74	optional	皮膚	mcbopomofo	概念詞族	日常生活:皮膚
tw-typing-v4-012	74	required	佔領	mcbopomofo	單詞	佔領
tw-typing-v4-012	74	required	手法	mcbopomofo	概念詞族	日常生活:手法
tw-typing-v4-012	74	required	看好	mcbopomofo	單詞	看好
tw-typing-v4-013	21	required	工廠	industrial-engineering,mcbopomofo	同義近義	工廠工場
tw-typing-v4-013	21	required	產能利用率	industrial-engineering	概念詞族	工程製造:用率
tw-typing-v4-013	21	required	建築節能	civil-engineering	概念詞族	工程製造:節能
tw-typing-v4-013	21	required	幾何公差	manufacturing	概念詞族	工程製造:幾何
tw-typing-v4-013	21	optional	材料試驗	civil-engineering	概念詞族	工程製造:試驗
tw-typing-v4-013	21	optional	取樣試驗	civil-engineering	概念詞族	工程製造:試驗
tw-typing-v4-013	21	required	帷幕牆檢驗	civil-engineering	概念詞族	工程製造:牆檢
tw-typing-v4-013	21	optional	生產	industrial-engineering,manufacturing,mcbopomofo	同義近義	生產製造
tw-typing-v4-013	21	required	外殼節能	civil-engineering	概念詞族	工程製造:節能
tw-typing-v4-013	21	optional	施工	civil-engineering,mcbopomofo	概念詞族	工程製造:施工
tw-typing-v4-013	21	required	耐震評估	civil-engineering	概念詞族	工程製造:耐震
tw-typing-v4-013	21	optional	混凝土修復	civil-engineering	概念詞族	工程製造:修復
tw-typing-v4-013	21	required	方塊圖	industrial-engineering	單詞	方塊圖
tw-typing-v4-013	21	optional	平面磨削	manufacturing	概念詞族	工程製造:磨削
tw-typing-v4-013	21	optional	工作型	industrial-engineering	概念詞族	工程製造:工作
tw-typing-v4-013	21	required	剪力牆施工	civil-engineering	概念詞族	工程製造:牆施
tw-typing-v4-013	21	required	景觀工程	civil-engineering	單詞	景觀工程
tw-typing-v4-013	21	optional	製造	manufacturing,mcbopomofo	同義近義	生產製造
tw-typing-v4-013	21	optional	填土	civil-engineering,mcbopomofo	單詞	填土
tw-typing-v4-013	21	optional	自動警報	civil-engineering,mcbopomofo	概念詞族	工程製造:警報
tw-typing-v4-013	21	optional	基礎修復	civil-engineering	概念詞族	工程製造:修復
tw-typing-v4-013	21	optional	帷幕牆監測	civil-engineering	概念詞族	工程製造:牆監
tw-typing-v4-013	21	optional	剪力牆監測	civil-engineering	概念詞族	工程製造:牆監
tw-typing-v4-013	21	required	金屬	manufacturing,mcbopomofo	概念詞族	工程製造:金屬
tw-typing-v4-013	21	optional	生活圈規劃	civil-engineering	概念詞族	工程製造:生活
tw-typing-v4-013	21	optional	統計	industrial-engineering,manufacturing,mcbopomofo,semiconductor	概念詞族	工程製造:統計
tw-typing-v4-013	21	required	帷幕牆施工	civil-engineering	概念詞族	工程製造:牆施
tw-typing-v4-013	21	required	集水區分析	civil-engineering	概念詞族	工程製造:區分
tw-typing-v4-013	21	required	剪力牆檢驗	civil-engineering	概念詞族	工程製造:牆檢
tw-typing-v4-013	21	required	耐震	civil-engineering,mcbopomofo	概念詞族	工程製造:耐震
tw-typing-v4-014	18	required	協同學習	education	概念詞族	教育社會:同學
tw-typing-v4-014	18	optional	橫斷面設計	civil-engineering	概念詞族	工程製造:面設
tw-typing-v4-014	18	required	行星齒輪	manufacturing	單詞	行星齒輪
tw-typing-v4-014	18	required	能力	industrial-engineering,manufacturing,mcbopomofo,semiconductor	概念詞族	工程製造:能力
tw-typing-v4-014	18	required	模擬分析	industrial-engineering	概念詞族	工程製造:模擬
tw-typing-v4-014	18	required	空氣品質	civil-engineering,energy-environment	概念詞族	工程製造:空氣
tw-typing-v4-014	18	optional	消防	civil-engineering,mcbopomofo	單詞	消防
tw-typing-v4-014	18	optional	瀝青	civil-engineering,mcbopomofo	單詞	瀝青
tw-typing-v4-014	18	optional	二氧化碳焊	manufacturing	概念詞族	工程製造:化碳
tw-typing-v4-014	18	required	尺寸公差	manufacturing	概念詞族	工程製造:尺寸
tw-typing-v4-014	18	optional	定位	civil-engineering,mcbopomofo	概念詞族	工程製造:定位
tw-typing-v4-014	18	optional	焊接缺陷	manufacturing	概念詞族	工程製造:缺陷
tw-typing-v4-014	18	optional	制震設計	civil-engineering	單詞	制震設計
tw-typing-v4-014	18	optional	動作研究	industrial-engineering	概念詞族	工程製造:作研
tw-typing-v4-014	18	required	岩盤	civil-engineering,mcbopomofo	單詞	岩盤
tw-typing-v4-014	18	required	卜瓦松分布	industrial-engineering	概念詞族	工程製造:分布
tw-typing-v4-014	18	optional	電子束焊	manufacturing	概念詞族	工程製造:電子
tw-typing-v4-014	18	required	室內	civil-engineering,mcbopomofo	單詞	室內
tw-typing-v4-014	18	optional	預壓	civil-engineering	單詞	預壓
tw-typing-v4-014	18	required	高壓	civil-engineering,mcbopomofo	單詞	高壓
tw-typing-v4-014	18	optional	離散	industrial-engineering,mcbopomofo	單詞	離散
tw-typing-v4-014	18	optional	需求	manufacturing,mcbopomofo,transport-logistics	概念詞族	工程製造:需求
tw-typing-v4-014	18	required	發展	civil-engineering,education,mcbopomofo	概念詞族	工程製造:發展
tw-typing-v4-014	18	required	鋼構	civil-engineering	單詞	鋼構
tw-typing-v4-014	18	optional	使用	civil-engineering,mcbopomofo	概念詞族	工程製造:使用
tw-typing-v4-014	18	required	沉積	manufacturing,mcbopomofo,semiconductor	概念詞族	工程製造:沉積
tw-typing-v4-014	18	optional	衛星	civil-engineering,mcbopomofo	單詞	衛星
tw-typing-v4-014	18	required	危害辨識	industrial-engineering	概念詞族	工程製造:危害
tw-typing-v4-014	18	required	生理心理學	psychology-society	概念詞族	教育社會:生理
tw-typing-v4-014	18	optional	排煙系統	civil-engineering	單詞	排煙系統
tw-typing-v4-015	102	required	適合	mcbopomofo	單詞	適合
tw-typing-v4-015	102	optional	堪稱	mcbopomofo	單詞	堪稱
tw-typing-v4-015	102	required	彩虹	mcbopomofo	單詞	彩虹
tw-typing-v4-015	102	optional	兩天	mcbopomofo	單詞	兩天
tw-typing-v4-015	102	required	惡意軟體	general	概念詞族	日常生活:惡意
tw-typing-v4-015	102	optional	直升	mcbopomofo	單詞	直升
tw-typing-v4-015	102	optional	其中	mcbopomofo	單詞	其中
tw-typing-v4-015	102	required	工具	mcbopomofo	概念詞族	日常生活:工具
tw-typing-v4-015	102	required	山地	mcbopomofo	單詞	山地
tw-typing-v4-015	102	optional	申請	mcbopomofo	同義近義	申請申辦
tw-typing-v4-015	102	required	特性	mcbopomofo	單詞	特性
tw-typing-v4-015	102	optional	主管機關	mcbopomofo	概念詞族	日常生活:主管
tw-typing-v4-015	102	optional	切入	mcbopomofo	單詞	切入
tw-typing-v4-015	102	required	機制	mcbopomofo	概念詞族	日常生活:機制
tw-typing-v4-015	102	required	學歷	mcbopomofo	單詞	學歷
tw-typing-v4-015	102	required	流氓	mcbopomofo	單詞	流氓
tw-typing-v4-015	102	required	一件事	mcbopomofo	單詞	一件事
tw-typing-v4-015	102	optional	地利	mcbopomofo	單詞	地利
tw-typing-v4-015	102	optional	主角	mcbopomofo	單詞	主角
tw-typing-v4-015	102	optional	就會	mcbopomofo	單詞	就會
tw-typing-v4-015	102	optional	姑娘	mcbopomofo	單詞	姑娘
tw-typing-v4-015	102	optional	走路	mcbopomofo	單詞	走路
tw-typing-v4-015	102	optional	資料科學	general	概念詞族	日常生活:料科
tw-typing-v4-015	102	required	志工	mcbopomofo	單詞	志工
tw-typing-v4-015	102	required	傳出	mcbopomofo	單詞	傳出
tw-typing-v4-015	102	required	本身	mcbopomofo	單詞	本身
tw-typing-v4-015	102	required	不久	mcbopomofo	單詞	不久
tw-typing-v4-015	102	optional	參選	mcbopomofo	單詞	參選
tw-typing-v4-015	102	optional	有無	mcbopomofo	單詞	有無
tw-typing-v4-015	102	required	正式	mcbopomofo	概念詞族	日常生活:正式
tw-typing-v4-016	99	required	阿拉伯	mcbopomofo	概念詞族	日常生活:拉伯
tw-typing-v4-016	99	optional	馬上	mcbopomofo	單詞	馬上
tw-typing-v4-016	99	optional	抗癌	mcbopomofo	單詞	抗癌
tw-typing-v4-016	99	optional	假如	mcbopomofo	單詞	假如
tw-typing-v4-016	99	optional	效果	mcbopomofo	單詞	效果
tw-typing-v4-016	99	required	昆蟲	mcbopomofo	概念詞族	日常生活:昆蟲
tw-typing-v4-016	99	required	將軍	mcbopomofo	單詞	將軍
tw-typing-v4-016	99	optional	地方	mcbopomofo	概念詞族	日常生活:地方
tw-typing-v4-016	99	required	他說	mcbopomofo	單詞	他說
tw-typing-v4-016	99	required	理事長	mcbopomofo	單詞	理事長
tw-typing-v4-016	99	required	百分	mcbopomofo	概念詞族	日常生活:百分
tw-typing-v4-016	99	optional	假設	mcbopomofo	概念詞族	日常生活:假設
tw-typing-v4-016	99	optional	類似	mcbopomofo	概念詞族	日常生活:類似
tw-typing-v4-016	99	optional	根本	mcbopomofo	單詞	根本
tw-typing-v4-016	99	required	忙碌	mcbopomofo	單詞	忙碌
tw-typing-v4-016	99	optional	大量	mcbopomofo	單詞	大量
tw-typing-v4-016	99	optional	動了	mcbopomofo	單詞	動了
tw-typing-v4-016	99	required	人道	mcbopomofo	單詞	人道
tw-typing-v4-016	99	required	將於	mcbopomofo	單詞	將於
tw-typing-v4-016	99	optional	一塊	mcbopomofo	單詞	一塊
tw-typing-v4-016	99	optional	專屬	mcbopomofo	概念詞族	日常生活:專屬
tw-typing-v4-016	99	required	徒刑	mcbopomofo	單詞	徒刑
tw-typing-v4-016	99	required	候選人	mcbopomofo	單詞	候選人
tw-typing-v4-016	99	optional	連接	mcbopomofo	概念詞族	日常生活:連接
tw-typing-v4-016	99	required	到了	mcbopomofo	單詞	到了
tw-typing-v4-016	99	optional	午餐	mcbopomofo	單詞	午餐
tw-typing-v4-016	99	required	象鼻	mcbopomofo	單詞	象鼻
tw-typing-v4-016	99	optional	此一	mcbopomofo	單詞	此一
tw-typing-v4-016	99	required	具體	mcbopomofo	單詞	具體
tw-typing-v4-016	99	required	面對	mcbopomofo	單詞	面對
tw-typing-v4-017	22	optional	雷射	manufacturing,mcbopomofo	概念詞族	工程製造:雷射
tw-typing-v4-017	22	optional	生產線	industrial-engineering,mcbopomofo	概念詞族	工程製造:產線
tw-typing-v4-017	22	optional	工作研究	industrial-engineering	同義衍生	工作職務作業:{同義詞}研究
tw-typing-v4-017	22	required	帷幕牆設計	civil-engineering	概念詞族	工程製造:牆設
tw-typing-v4-017	22	required	隧道	civil-engineering,mcbopomofo	概念詞族	工程製造:隧道
tw-typing-v4-017	22	optional	工地放樣	civil-engineering	概念詞族	工程製造:工地
tw-typing-v4-017	22	required	工單	industrial-engineering	概念詞族	工程製造:工單
tw-typing-v4-017	22	required	微型隧道	civil-engineering	概念詞族	工程製造:隧道
tw-typing-v4-017	22	required	土石流防治	civil-engineering	概念詞族	工程製造:防治
tw-typing-v4-017	22	optional	雷射加工	manufacturing	概念詞族	工程製造:雷射
tw-typing-v4-017	22	required	多軸加工	manufacturing	概念詞族	工程製造:軸加
tw-typing-v4-017	22	required	流程最佳化	industrial-engineering	概念詞族	工程製造:程最
tw-typing-v4-017	22	optional	五軸加工	manufacturing	概念詞族	工程製造:軸加
tw-typing-v4-017	22	optional	自動化產線	manufacturing	概念詞族	工程製造:產線
tw-typing-v4-017	22	required	土地徵收	civil-engineering	概念詞族	工程製造:徵收
tw-typing-v4-017	22	required	工單管理	manufacturing	概念詞族	工程製造:工單
tw-typing-v4-017	22	optional	工地	civil-engineering,mcbopomofo	概念詞族	工程製造:工地
tw-typing-v4-017	22	required	區段徵收	civil-engineering	概念詞族	工程製造:徵收
tw-typing-v4-017	22	optional	鋪面平坦度	civil-engineering	概念詞族	工程製造:鋪面
tw-typing-v4-017	22	required	剪力牆設計	civil-engineering	概念詞族	工程製造:牆設
tw-typing-v4-017	22	optional	成形	manufacturing,mcbopomofo	概念詞族	工程製造:成形
tw-typing-v4-017	22	optional	混凝土鋪面	civil-engineering	概念詞族	工程製造:鋪面
tw-typing-v4-017	22	optional	射出成形	manufacturing	概念詞族	工程製造:成形
tw-typing-v4-017	22	required	排程最佳化	industrial-engineering,transport-logistics	概念詞族	工程製造:程最
tw-typing-v4-017	22	required	外圓磨削	manufacturing	概念詞族	工程製造:圓磨
tw-typing-v4-017	22	optional	作業研究	industrial-engineering	同義衍生	工作職務作業:{同義詞}研究
tw-typing-v4-017	22	optional	樓板施工	civil-engineering	概念詞族	工程製造:板施
tw-typing-v4-017	22	optional	模板施工	civil-engineering	概念詞族	工程製造:板施
tw-typing-v4-017	22	required	山崩防治	civil-engineering	概念詞族	工程製造:防治
tw-typing-v4-017	22	required	內圓磨削	manufacturing	概念詞族	工程製造:圓磨
tw-typing-v4-018	33	optional	申請案件	government	概念詞族	政府法律:申請
tw-typing-v4-018	33	optional	推論加速	ai-data-science	概念詞族	數位科技:加速
tw-typing-v4-018	33	optional	合意管轄	law	概念詞族	政府法律:管轄
tw-typing-v4-018	33	required	法定財產制	law	概念詞族	政府法律:法定
tw-typing-v4-018	33	optional	最有利標	government	單詞	最有利標
tw-typing-v4-018	33	required	善意取得	law	概念詞族	政府法律:取得
tw-typing-v4-018	33	optional	不起訴	law	概念詞族	政府法律:起訴
tw-typing-v4-018	33	required	聽證	law	單詞	聽證
tw-typing-v4-018	33	required	速率	mcbopomofo,medicine	概念詞族	醫療生技:速率
tw-typing-v4-018	33	optional	正當防衛	law	概念詞族	政府法律:防衛
tw-typing-v4-018	33	optional	公務人員	government,mcbopomofo	概念詞族	政府法律:人員
tw-typing-v4-018	33	required	會辦	government	單詞	會辦
tw-typing-v4-018	33	optional	大廈	law,mcbopomofo	單詞	大廈
tw-typing-v4-018	33	required	物流管理	transport-logistics	概念詞族	交通物流:物流
tw-typing-v4-018	33	required	意思表示	law	概念詞族	政府法律:意思
tw-typing-v4-018	33	optional	過動症	education	單詞	過動症
tw-typing-v4-018	33	optional	手塚治虫	mcbopomofo,people-history	單詞	手塚治虫
tw-typing-v4-018	33	optional	類風濕性	medicine	單詞	類風濕性
tw-typing-v4-018	33	required	課予	law	單詞	課予
tw-typing-v4-018	33	optional	達成率	business	概念詞族	商業管理:成率
tw-typing-v4-018	33	required	清除率	biotech-pharma	單詞	清除率
tw-typing-v4-018	33	required	準備程序	law	概念詞族	政府法律:準備
tw-typing-v4-018	33	required	資本預算	finance	概念詞族	商業管理:本預
tw-typing-v4-018	33	required	反應	biotech-pharma,education,industrial-engineering,mcbopomofo	概念詞族	醫療生技:反應
tw-typing-v4-018	33	optional	加密	mcbopomofo,network-security	概念詞族	數位科技:加密
tw-typing-v4-018	33	optional	無罪推定	law	單詞	無罪推定
tw-typing-v4-018	33	optional	觀察學習	psychology-society	概念詞族	教育社會:學習
tw-typing-v4-018	33	required	連帶債務	law	概念詞族	政府法律:債務
tw-typing-v4-018	33	required	數位設計	electronics	概念詞族	電子半導體:位設
tw-typing-v4-018	33	required	當事人適格	law	單詞	當事人適格
tw-typing-v4-019	182	required	復健治療	medicine	概念詞族	醫療生技:治療
tw-typing-v4-019	182	required	副甲狀腺	medicine	概念詞族	醫療生技:狀腺
tw-typing-v4-019	182	required	組織炎	medicine	概念詞族	醫療生技:組織
tw-typing-v4-019	182	required	甲狀腺	mcbopomofo,medicine	概念詞族	醫療生技:狀腺
tw-typing-v4-019	182	optional	特發性	medicine	概念詞族	醫療生技:發性
tw-typing-v4-019	182	optional	轉錄體學	biotech-pharma	概念詞族	醫療生技:錄體
tw-typing-v4-019	182	required	間質幹細胞	biotech-pharma	概念詞族	醫療生技:幹細
tw-typing-v4-019	182	optional	上消化道	medicine	概念詞族	醫療生技:化道
tw-typing-v4-019	182	required	急性冠心症	medicine	概念詞族	醫療生技:急性
tw-typing-v4-019	182	required	組織工程	biotech-pharma	概念詞族	醫療生技:組織
tw-typing-v4-019	182	optional	無菌製程	biotech-pharma	概念詞族	醫療生技:無菌
tw-typing-v4-019	182	optional	多發性	mcbopomofo,medicine	概念詞族	醫療生技:發性
tw-typing-v4-019	182	required	治療指數	biotech-pharma	概念詞族	醫療生技:治療
tw-typing-v4-019	182	optional	無菌充填	biotech-pharma	概念詞族	醫療生技:無菌
tw-typing-v4-019	182	required	治療	biotech-pharma,mcbopomofo,medicine	概念詞族	醫療生技:治療
tw-typing-v4-019	182	required	幹細胞	biotech-pharma,mcbopomofo	概念詞族	醫療生技:幹細
tw-typing-v4-019	182	optional	原發性	mcbopomofo,medicine	概念詞族	醫療生技:發性
tw-typing-v4-019	182	optional	異位症	medicine	概念詞族	醫療生技:異位
tw-typing-v4-019	182	required	蜘蛛膜下腔	medicine	概念詞族	醫療生技:膜下
tw-typing-v4-019	182	required	胚胎幹細胞	biotech-pharma	概念詞族	醫療生技:幹細
tw-typing-v4-019	182	optional	高血糖	mcbopomofo,medicine	概念詞族	醫療生技:血糖
tw-typing-v4-019	182	optional	腦缺血	medicine	概念詞族	醫療生技:缺血
tw-typing-v4-019	182	optional	異位性	medicine	概念詞族	醫療生技:異位
tw-typing-v4-019	182	required	氣喘	mcbopomofo,medicine	單詞	氣喘
tw-typing-v4-019	182	optional	空間轉錄體	biotech-pharma	概念詞族	醫療生技:錄體
tw-typing-v4-019	182	optional	血糖	mcbopomofo,medicine	概念詞族	醫療生技:血糖
tw-typing-v4-019	182	optional	缺血性	mcbopomofo,medicine	概念詞族	醫療生技:缺血
tw-typing-v4-019	182	optional	下消化道	medicine	概念詞族	醫療生技:化道
tw-typing-v4-019	182	required	硬腦膜下	medicine	概念詞族	醫療生技:膜下
tw-typing-v4-019	182	required	急性	mcbopomofo,medicine	概念詞族	醫療生技:急性
tw-typing-v4-020	32	required	最小成本流	industrial-engineering	概念詞族	工程製造:最小
tw-typing-v4-020	32	required	自主保養	manufacturing	概念詞族	工程製造:自主
tw-typing-v4-020	32	required	全面	industrial-engineering,mcbopomofo	單詞	全面
tw-typing-v4-020	32	optional	滾子軸承	manufacturing	概念詞族	工程製造:軸承
tw-typing-v4-020	32	required	地滑監測	civil-engineering	概念詞族	工程製造:監測
tw-typing-v4-020	32	required	市地重劃	civil-engineering	單詞	市地重劃
tw-typing-v4-020	32	optional	日照分析	civil-engineering	單詞	日照分析
tw-typing-v4-020	32	required	間隔	manufacturing,mcbopomofo	單詞	間隔
tw-typing-v4-020	32	optional	肥料學	agriculture-food	單詞	肥料學
tw-typing-v4-020	32	optional	成本分析	industrial-engineering	概念詞族	工程製造:本分
tw-typing-v4-020	32	optional	馬可夫	industrial-engineering	單詞	馬可夫
tw-typing-v4-020	32	required	指派問題	industrial-engineering	概念詞族	工程製造:問題
tw-typing-v4-020	32	optional	過程	industrial-engineering,mcbopomofo	概念詞族	工程製造:過程
tw-typing-v4-020	32	required	機械元件	manufacturing	概念詞族	工程製造:元件
tw-typing-v4-020	32	required	鋼骨	civil-engineering,mcbopomofo	單詞	鋼骨
tw-typing-v4-020	32	required	基層	civil-engineering,mcbopomofo	單詞	基層
tw-typing-v4-020	32	optional	再現性	industrial-engineering	單詞	再現性
tw-typing-v4-020	32	required	疲勞裂紋	manufacturing	概念詞族	工程製造:裂紋
tw-typing-v4-020	32	required	載重	civil-engineering,mcbopomofo	單詞	載重
tw-typing-v4-020	32	optional	高速加工	manufacturing	概念詞族	工程製造:高速
tw-typing-v4-020	32	optional	動作	industrial-engineering,mcbopomofo	概念詞族	工程製造:動作
tw-typing-v4-020	32	optional	灑水	civil-engineering,mcbopomofo	單詞	灑水
tw-typing-v4-020	32	required	物流	industrial-engineering,mcbopomofo	概念詞族	工程製造:物流
tw-typing-v4-020	32	optional	貫入	civil-engineering	單詞	貫入
tw-typing-v4-020	32	required	常態分布	industrial-engineering	概念詞族	工程製造:態分
tw-typing-v4-020	32	optional	模流分析	manufacturing	概念詞族	工程製造:流分
tw-typing-v4-020	32	optional	超音波檢測	manufacturing	概念詞族	工程製造:波檢
tw-typing-v4-020	32	optional	邊坡	civil-engineering	單詞	邊坡
tw-typing-v4-020	32	optional	洪水	civil-engineering,mcbopomofo	單詞	洪水
tw-typing-v4-020	32	required	蝸輪蝸桿	manufacturing	單詞	蝸輪蝸桿
tw-typing-v4-021	197	required	天線工程	electronics	概念詞族	電子半導體:天線
tw-typing-v4-021	197	required	天線設計	electronics	概念詞族	電子半導體:天線
tw-typing-v4-021	197	optional	射頻	electronics,mcbopomofo,semiconductor,transport-logistics	概念詞族	電子半導體:射頻
tw-typing-v4-021	197	required	時脈熱分析	electronics	概念詞族	電子半導體:時脈
tw-typing-v4-021	197	optional	電路板量測	electronics	概念詞族	電子半導體:路板
tw-typing-v4-021	197	required	時脈	electronics,mcbopomofo	概念詞族	電子半導體:時脈
tw-typing-v4-021	197	required	時脈校正	electronics	概念詞族	電子半導體:時脈
tw-typing-v4-021	197	optional	射頻電路	electronics	概念詞族	電子半導體:射頻
tw-typing-v4-021	197	required	升壓轉換器	electronics	概念詞族	電子半導體:壓轉
tw-typing-v4-021	197	optional	軟性電路板	electronics	概念詞族	電子半導體:路板
tw-typing-v4-021	197	optional	電路板校正	electronics	概念詞族	電子半導體:路板
tw-typing-v4-021	197	required	時脈模擬	electronics	概念詞族	電子半導體:時脈
tw-typing-v4-021	197	optional	射頻量測	electronics	概念詞族	電子半導體:射頻
tw-typing-v4-021	197	required	時脈設計	electronics	概念詞族	電子半導體:時脈
tw-typing-v4-021	197	optional	電路板模擬	electronics	概念詞族	電子半導體:路板
tw-typing-v4-021	197	required	時脈量測	electronics	概念詞族	電子半導體:時脈
tw-typing-v4-021	197	required	天線	electronics,mcbopomofo	概念詞族	電子半導體:天線
tw-typing-v4-021	197	optional	射頻熱分析	electronics	概念詞族	電子半導體:射頻
tw-typing-v4-021	197	required	天線校正	electronics	概念詞族	電子半導體:天線
tw-typing-v4-021	197	required	時脈驗證	electronics	概念詞族	電子半導體:時脈
tw-typing-v4-021	197	optional	射頻校正	electronics	概念詞族	電子半導體:射頻
tw-typing-v4-021	197	required	時脈除錯	electronics	概念詞族	電子半導體:時脈
tw-typing-v4-021	197	optional	射頻設計	electronics	概念詞族	電子半導體:射頻
tw-typing-v4-021	197	required	天線驗證	electronics	概念詞族	電子半導體:天線
tw-typing-v4-021	197	optional	射頻驗證	electronics	概念詞族	電子半導體:射頻
tw-typing-v4-021	197	optional	電路板	electronics,mcbopomofo	概念詞族	電子半導體:路板
tw-typing-v4-021	197	required	降壓轉換器	electronics	概念詞族	電子半導體:壓轉
tw-typing-v4-021	197	optional	射頻模擬	electronics	概念詞族	電子半導體:射頻
tw-typing-v4-021	197	optional	電路板除錯	electronics	概念詞族	電子半導體:路板
tw-typing-v4-021	197	optional	電路板驗證	electronics	概念詞族	電子半導體:路板
tw-typing-v4-022	196	required	電晶體	electronics,mcbopomofo,semiconductor	概念詞族	電子半導體:電晶
tw-typing-v4-022	196	optional	回授控制	electronics	概念詞族	電子半導體:回授
tw-typing-v4-022	196	optional	半橋轉換器	electronics	概念詞族	電子半導體:橋轉
tw-typing-v4-022	196	optional	奈米片	semiconductor	概念詞族	電子半導體:奈米
tw-typing-v4-022	196	optional	全橋轉換器	electronics	概念詞族	電子半導體:橋轉
tw-typing-v4-022	196	optional	帶通濾波器	electronics	概念詞族	電子半導體:通濾
tw-typing-v4-022	196	optional	放大器	electronics,mcbopomofo	概念詞族	電子半導體:放大
tw-typing-v4-022	196	required	反向	mcbopomofo,semiconductor	概念詞族	電子半導體:反向
tw-typing-v4-022	196	optional	低通濾波器	electronics	概念詞族	電子半導體:通濾
tw-typing-v4-022	196	required	不穩定性	semiconductor	概念詞族	電子半導體:定性
tw-typing-v4-022	196	required	三相三線	electronics	概念詞族	電子半導體:三相
tw-typing-v4-022	196	optional	清洗機校正	semiconductor	概念詞族	電子半導體:機校
tw-typing-v4-022	196	required	穩態響應	electronics	概念詞族	電子半導體:穩態
tw-typing-v4-022	196	optional	奈米線	semiconductor	概念詞族	電子半導體:奈米
tw-typing-v4-022	196	required	傳輸層	semiconductor	概念詞族	電子半導體:傳輸
tw-typing-v4-022	196	required	研磨	mcbopomofo,semiconductor	概念詞族	電子半導體:研磨
tw-typing-v4-022	196	required	研磨機	semiconductor	概念詞族	電子半導體:研磨
tw-typing-v4-022	196	optional	無功功率	electronics	概念詞族	電子半導體:功功
tw-typing-v4-022	196	required	非揮發性	semiconductor	概念詞族	電子半導體:揮發
tw-typing-v4-022	196	required	微影製程	semiconductor	概念詞族	電子半導體:微影
tw-typing-v4-022	196	optional	曝光機校正	semiconductor	概念詞族	電子半導體:機校
tw-typing-v4-022	196	optional	差動放大器	electronics	概念詞族	電子半導體:放大
tw-typing-v4-022	196	optional	清洗機	semiconductor	概念詞族	電子半導體:洗機
tw-typing-v4-022	196	required	增益裕度	electronics	概念詞族	電子半導體:裕度
tw-typing-v4-022	196	required	相位裕度	electronics	概念詞族	電子半導體:裕度
tw-typing-v4-022	196	required	微影	semiconductor	概念詞族	電子半導體:微影
tw-typing-v4-022	196	required	三相四線	electronics	概念詞族	電子半導體:三相
tw-typing-v4-022	196	required	場效電晶體	electronics,semiconductor	概念詞族	電子半導體:電晶
tw-typing-v4-022	196	optional	狀態回授	electronics	概念詞族	電子半導體:回授
tw-typing-v4-022	196	optional	有功功率	electronics	概念詞族	電子半導體:功功
tw-typing-v4-023	15	optional	包裝設計	media-design	概念詞族	媒體設計:裝設
tw-typing-v4-023	15	optional	空間設計	media-design	概念詞族	媒體設計:空間
tw-typing-v4-023	15	required	甜味劑	agriculture-food	單詞	甜味劑
tw-typing-v4-023	15	required	插畫設計	media-design	單詞	插畫設計
tw-typing-v4-023	15	optional	文化資本	psychology-society	概念詞族	教育社會:化資
tw-typing-v4-023	15	required	轉場	media-design	單詞	轉場
tw-typing-v4-023	15	required	位元率	media-design	單詞	位元率
tw-typing-v4-023	15	optional	連續對焦	media-design	概念詞族	媒體設計:連續
tw-typing-v4-023	15	required	字級	media-design	單詞	字級
tw-typing-v4-023	15	optional	展示設計	media-design	概念詞族	媒體設計:展示
tw-typing-v4-023	15	required	高光	media-design	單詞	高光
tw-typing-v4-023	15	optional	體驗	mcbopomofo,media-design	概念詞族	媒體設計:體驗
tw-typing-v4-023	15	required	沉默螺旋	media-design	單詞	沉默螺旋
tw-typing-v4-023	15	required	分裂互補	media-design	單詞	分裂互補
tw-typing-v4-023	15	optional	產品設計	media-design	概念詞族	媒體設計:產品
tw-typing-v4-023	15	required	類似色	media-design	概念詞族	媒體設計:類似
tw-typing-v4-023	15	optional	匿名	mcbopomofo,media-design	單詞	匿名
tw-typing-v4-023	15	optional	消息來源	mcbopomofo,media-design	單詞	消息來源
tw-typing-v4-023	15	optional	焦段	media-design	單詞	焦段
tw-typing-v4-023	15	required	音訊降噪	media-design	單詞	音訊降噪
tw-typing-v4-023	15	required	字距	media-design	單詞	字距
tw-typing-v4-023	15	optional	事實查核	media-design	概念詞族	媒體設計:事實
tw-typing-v4-023	15	optional	情境訪查	media-design	概念詞族	媒體設計:情境
tw-typing-v4-023	15	optional	傳達	mcbopomofo,media-design	單詞	傳達
tw-typing-v4-023	15	required	字重	media-design	單詞	字重
tw-typing-v4-023	15	required	品牌設計	media-design	概念詞族	媒體設計:品牌
tw-typing-v4-023	15	required	啟發式評估	media-design	概念詞族	媒體設計:評估
tw-typing-v4-023	15	optional	影格率	media-design	概念詞族	媒體設計:影格
tw-typing-v4-023	15	required	介面	mcbopomofo,media-design,software	概念詞族	媒體設計:介面
tw-typing-v4-023	15	optional	框架理論	media-design	概念詞族	媒體設計:框架
tw-typing-v4-024	58	required	伺服器稽核	network-security	概念詞族	數位科技:服器
tw-typing-v4-024	58	optional	端點	mcbopomofo,network-security	概念詞族	數位科技:端點
tw-typing-v4-024	58	required	快速恢復	network-security	概念詞族	數位科技:快速
tw-typing-v4-024	58	required	人臉辨識	ai-data-science	概念詞族	數位科技:辨識
tw-typing-v4-024	58	required	主成分分析	ai-data-science	概念詞族	數位科技:分分
tw-typing-v4-024	58	optional	郵件系統	network-security	概念詞族	數位科技:郵件
tw-typing-v4-024	58	required	辨識	ai-data-science,mcbopomofo	概念詞族	數位科技:辨識
tw-typing-v4-024	58	optional	偏好最佳化	ai-data-science	概念詞族	數位科技:偏好
tw-typing-v4-024	58	required	叢集	mcbopomofo,software	概念詞族	數位科技:叢集
tw-typing-v4-024	58	optional	角色型	network-security	概念詞族	數位科技:角色
tw-typing-v4-024	58	optional	資料庫稽核	network-security	概念詞族	數位科技:料庫
tw-typing-v4-024	58	optional	偏好	ai-data-science,mcbopomofo	概念詞族	數位科技:偏好
tw-typing-v4-024	58	required	梯度下降	ai-data-science	概念詞族	數位科技:梯度
tw-typing-v4-024	58	required	梯度	ai-data-science,mcbopomofo	概念詞族	數位科技:梯度
tw-typing-v4-024	58	required	伺服器	mcbopomofo,network-security	概念詞族	數位科技:服器
tw-typing-v4-024	58	optional	檔案服務	software	概念詞族	數位科技:檔案
tw-typing-v4-024	58	required	叢集系統	software	概念詞族	數位科技:叢集
tw-typing-v4-024	58	optional	資料庫	mcbopomofo,network-security,software	概念詞族	數位科技:料庫
tw-typing-v4-024	58	required	容錯設計	software	概念詞族	數位科技:容錯
tw-typing-v4-024	58	required	容錯	software	概念詞族	數位科技:容錯
tw-typing-v4-024	58	optional	端點稽核	network-security	概念詞族	數位科技:端點
tw-typing-v4-024	58	required	檔案系統	software	概念詞族	數位科技:檔案
tw-typing-v4-024	58	optional	角色	ai-data-science,mcbopomofo	概念詞族	數位科技:角色
tw-typing-v4-024	58	optional	推薦指標	ai-data-science	概念詞族	數位科技:推薦
tw-typing-v4-024	58	optional	垂直越權	network-security	概念詞族	數位科技:越權
tw-typing-v4-024	58	required	快速重傳	network-security	概念詞族	數位科技:快速
tw-typing-v4-024	58	required	成分分析	ai-data-science,materials-chemistry	概念詞族	數位科技:分分
tw-typing-v4-024	58	optional	電子郵件	mcbopomofo,network-security	概念詞族	數位科技:郵件
tw-typing-v4-024	58	optional	推薦模型	ai-data-science	概念詞族	數位科技:推薦
tw-typing-v4-024	58	optional	水平越權	network-security	概念詞族	數位科技:越權
tw-typing-v4-025	45	required	社會學習	psychology-society	概念詞族	教育社會:會學
tw-typing-v4-025	45	optional	健康與體育	education	概念詞族	教育社會:健康
tw-typing-v4-025	45	optional	情節記憶	psychology-society	概念詞族	教育社會:記憶
tw-typing-v4-025	45	optional	教學研究會	education	概念詞族	教育社會:學研
tw-typing-v4-025	45	optional	跨領域	education	概念詞族	教育社會:跨領
tw-typing-v4-025	45	required	調整	education,government,mcbopomofo	同義近義	修改修正更改調整
tw-typing-v4-025	45	required	全球素養	education	概念詞族	教育社會:全球
tw-typing-v4-025	45	optional	效度	education	概念詞族	教育社會:效度
tw-typing-v4-025	45	optional	程序記憶	psychology-society	概念詞族	教育社會:程序
tw-typing-v4-025	45	required	負增強	psychology-society	概念詞族	教育社會:增強
tw-typing-v4-025	45	required	教育社會學	education	概念詞族	教育社會:會學
tw-typing-v4-025	45	required	實作	education,mcbopomofo,software	概念詞族	教育社會:實作
tw-typing-v4-025	45	optional	跨領域課程	education	概念詞族	教育社會:跨領
tw-typing-v4-025	45	optional	教學研究	education	概念詞族	教育社會:學研
tw-typing-v4-025	45	required	修正	finance,mcbopomofo,semiconductor	同義近義	修改修正更改調整
tw-typing-v4-025	45	required	問題	education,mcbopomofo	概念詞族	教育社會:問題
tw-typing-v4-025	45	optional	初級社會化	psychology-society	概念詞族	教育社會:會化
tw-typing-v4-025	45	required	正增強	psychology-society	概念詞族	教育社會:增強
tw-typing-v4-025	45	optional	內容效度	education	概念詞族	教育社會:效度
tw-typing-v4-025	45	optional	健康心理學	psychology-society	概念詞族	教育社會:健康
tw-typing-v4-025	45	required	正向心理學	psychology-society	概念詞族	教育社會:理學
tw-typing-v4-025	45	required	藝術	education,mcbopomofo	單詞	藝術
tw-typing-v4-025	45	required	閱讀	education,mcbopomofo	單詞	閱讀
tw-typing-v4-025	45	required	探究式學習	education	概念詞族	教育社會:式學
tw-typing-v4-025	45	optional	自我實現	psychology-society	概念詞族	教育社會:自我
tw-typing-v4-025	45	optional	工作記憶	psychology-society	概念詞族	教育社會:記憶
tw-typing-v4-025	45	required	探究與實作	education	概念詞族	教育社會:實作
tw-typing-v4-025	45	required	扶養比	psychology-society	單詞	扶養比
tw-typing-v4-025	45	optional	自我	education,mcbopomofo,semiconductor	概念詞族	教育社會:自我
tw-typing-v4-025	45	optional	次級社會化	psychology-society	概念詞族	教育社會:會化
tw-typing-v4-026	161	required	粒子物理	science	概念詞族	科學環境:子物
tw-typing-v4-026	161	required	儲能	energy-environment,general	概念詞族	科學環境:儲能
tw-typing-v4-026	161	optional	卡諾循環	science	概念詞族	科學環境:循環
tw-typing-v4-026	161	required	力學	mcbopomofo,science	概念詞族	科學環境:力學
tw-typing-v4-026	161	optional	洛氏硬度	materials-chemistry	概念詞族	科學環境:氏硬
tw-typing-v4-026	161	optional	維氏硬度	materials-chemistry	概念詞族	科學環境:氏硬
tw-typing-v4-026	161	optional	滴定	materials-chemistry,mcbopomofo	概念詞族	科學環境:滴定
tw-typing-v4-026	161	optional	布氏硬度	materials-chemistry	概念詞族	科學環境:氏硬
tw-typing-v4-026	161	optional	固定污染源	energy-environment	概念詞族	科學環境:染源
tw-typing-v4-026	161	required	儲能系統	energy-environment	概念詞族	科學環境:儲能
tw-typing-v4-026	161	optional	範疇一排放	energy-environment	概念詞族	科學環境:範疇
tw-typing-v4-026	161	required	剛體力學	science	概念詞族	科學環境:力學
tw-typing-v4-026	161	optional	循環經濟	energy-environment	概念詞族	科學環境:循環
tw-typing-v4-026	161	required	反應器	energy-environment,materials-chemistry,mcbopomofo	概念詞族	科學環境:應器
tw-typing-v4-026	161	required	廢棄物管理	energy-environment	概念詞族	科學環境:廢棄
tw-typing-v4-026	161	optional	逸散污染源	energy-environment	概念詞族	科學環境:染源
tw-typing-v4-026	161	required	廢棄物監測	energy-environment	概念詞族	科學環境:廢棄
tw-typing-v4-026	161	required	化工熱力學	materials-chemistry	概念詞族	科學環境:力學
tw-typing-v4-026	161	optional	安培定律	science	概念詞族	科學環境:定律
tw-typing-v4-026	161	required	批次反應器	materials-chemistry	概念詞族	科學環境:應器
tw-typing-v4-026	161	required	管式反應器	materials-chemistry	概念詞族	科學環境:應器
tw-typing-v4-026	161	optional	範疇二排放	energy-environment	概念詞族	科學環境:範疇
tw-typing-v4-026	161	optional	楞次定律	science	概念詞族	科學環境:定律
tw-typing-v4-026	161	optional	範疇三排放	energy-environment	概念詞族	科學環境:範疇
tw-typing-v4-026	161	optional	法拉第定律	science	概念詞族	科學環境:定律
tw-typing-v4-026	161	required	核子物理	science	概念詞族	科學環境:子物
tw-typing-v4-026	161	optional	酸鹼滴定	materials-chemistry	概念詞族	科學環境:滴定
tw-typing-v4-026	161	required	原子物理	science	概念詞族	科學環境:子物
tw-typing-v4-026	161	required	事業廢棄物	energy-environment	概念詞族	科學環境:廢棄
tw-typing-v4-026	161	required	電池儲能	energy-environment	概念詞族	科學環境:儲能
tw-typing-v4-027	157	required	質量傳遞	materials-chemistry	概念詞族	科學環境:量傳
tw-typing-v4-027	157	optional	等壓過程	science	概念詞族	科學環境:過程
tw-typing-v4-027	157	optional	廢棄物盤查	energy-environment	概念詞族	科學環境:盤查
tw-typing-v4-027	157	optional	等溫過程	science	概念詞族	科學環境:過程
tw-typing-v4-027	157	required	氣候減緩	energy-environment	概念詞族	科學環境:氣候
tw-typing-v4-027	157	required	動量傳遞	materials-chemistry	概念詞族	科學環境:量傳
tw-typing-v4-027	157	required	氣候風險	energy-environment	概念詞族	科學環境:氣候
tw-typing-v4-027	157	required	反應級數	materials-chemistry	概念詞族	科學環境:反應
tw-typing-v4-027	157	optional	銅合金	materials-chemistry	概念詞族	科學環境:合金
tw-typing-v4-027	157	required	加成聚合	materials-chemistry	概念詞族	科學環境:聚合
tw-typing-v4-027	157	optional	鋁合金	materials-chemistry,mcbopomofo	概念詞族	科學環境:合金
tw-typing-v4-027	157	optional	牛頓力學	science	概念詞族	科學環境:頓力
tw-typing-v4-027	157	optional	地下水盤查	energy-environment	概念詞族	科學環境:盤查
tw-typing-v4-027	157	required	高分子材料	materials-chemistry	概念詞族	科學環境:高分
tw-typing-v4-027	157	optional	等容過程	science	概念詞族	科學環境:過程
tw-typing-v4-027	157	required	反應槽	energy-environment	概念詞族	科學環境:反應
tw-typing-v4-027	157	required	高分子聚合	materials-chemistry	概念詞族	科學環境:高分
tw-typing-v4-027	157	optional	鈦合金	materials-chemistry,mcbopomofo	概念詞族	科學環境:合金
tw-typing-v4-027	157	required	熱量傳遞	materials-chemistry	概念詞族	科學環境:量傳
tw-typing-v4-027	157	optional	哈密頓力學	science	概念詞族	科學環境:頓力
tw-typing-v4-027	157	required	氣候調適	energy-environment	概念詞族	科學環境:氣候
tw-typing-v4-027	157	required	高分子	materials-chemistry,mcbopomofo	概念詞族	科學環境:高分
tw-typing-v4-027	157	required	縮合聚合	materials-chemistry	概念詞族	科學環境:聚合
tw-typing-v4-027	157	optional	盤查	energy-environment,mcbopomofo	概念詞族	科學環境:盤查
tw-typing-v4-027	157	optional	污染控制	energy-environment,semiconductor	概念詞族	科學環境:污染
tw-typing-v4-027	157	optional	污染物	energy-environment,mcbopomofo	概念詞族	科學環境:污染
tw-typing-v4-027	157	required	反應工程	materials-chemistry	概念詞族	科學環境:反應
tw-typing-v4-027	157	optional	污染	energy-environment,mcbopomofo	概念詞族	科學環境:污染
tw-typing-v4-027	157	optional	鎳基合金	materials-chemistry	概念詞族	科學環境:合金
tw-typing-v4-027	157	required	自由基聚合	materials-chemistry	概念詞族	科學環境:聚合
tw-typing-v4-028	171	required	拈連	chinese	單詞	拈連
tw-typing-v4-028	171	optional	志人	chinese	單詞	志人
tw-typing-v4-028	171	required	陌生化	chinese	概念詞族	語文人文:陌生
tw-typing-v4-028	171	required	簡帛文字	chinese	概念詞族	語文人文:文字
tw-typing-v4-028	171	optional	飛白	chinese	單詞	飛白
tw-typing-v4-028	171	required	層遞	chinese	單詞	層遞
tw-typing-v4-028	171	optional	創作特色	chinese	概念詞族	語文人文:特色
tw-typing-v4-028	171	optional	繁簡字	chinese	單詞	繁簡字
tw-typing-v4-028	171	optional	韻圖	chinese	單詞	韻圖
tw-typing-v4-028	171	required	胡適	chinese,mcbopomofo,people-history	單詞	胡適
tw-typing-v4-028	171	required	歷史語言學	chinese	概念詞族	語文人文:歷史
tw-typing-v4-028	171	required	韓愈	chinese,mcbopomofo,people-history	單詞	韓愈
tw-typing-v4-028	171	optional	計算語言學	chinese	概念詞族	語文人文:計算
tw-typing-v4-028	171	required	呼告	chinese	單詞	呼告
tw-typing-v4-028	171	optional	主謂複詞	chinese	概念詞族	語文人文:主謂
tw-typing-v4-028	171	required	傳奇劇本	chinese	概念詞族	語文人文:傳奇
tw-typing-v4-028	171	optional	派生詞	chinese	單詞	派生詞
tw-typing-v4-028	171	optional	句法學	chinese	概念詞族	語文人文:句法
tw-typing-v4-028	171	required	陰入	chinese	單詞	陰入
tw-typing-v4-028	171	required	陽去	chinese	單詞	陽去
tw-typing-v4-028	171	optional	李白	chinese,mcbopomofo,people-history	單詞	李白
tw-typing-v4-028	171	required	狀語	chinese	單詞	狀語
tw-typing-v4-028	171	optional	擬物	chinese	單詞	擬物
tw-typing-v4-028	171	optional	八聲	chinese	單詞	八聲
tw-typing-v4-028	171	optional	魯迅	chinese,mcbopomofo,people-history	單詞	魯迅
tw-typing-v4-028	171	required	辛棄疾	chinese,mcbopomofo	單詞	辛棄疾
tw-typing-v4-028	171	optional	余光中	chinese,mcbopomofo,people-oldnews	單詞	余光中
tw-typing-v4-028	171	optional	選擇複句	chinese	概念詞族	語文人文:選擇
tw-typing-v4-028	171	required	示現	chinese	單詞	示現
tw-typing-v4-028	171	required	借代	chinese	單詞	借代
tw-typing-v4-029	91	required	沒想	mcbopomofo	單詞	沒想
tw-typing-v4-029	91	optional	斜槓	general	單詞	斜槓
tw-typing-v4-029	91	required	徹底	mcbopomofo	單詞	徹底
tw-typing-v4-029	91	optional	想過	mcbopomofo	單詞	想過
tw-typing-v4-029	91	required	盡可	mcbopomofo	單詞	盡可
tw-typing-v4-029	91	required	每當	mcbopomofo	單詞	每當
tw-typing-v4-029	91	required	天公	mcbopomofo	單詞	天公
tw-typing-v4-029	91	optional	展現	mcbopomofo	單詞	展現
tw-typing-v4-029	91	required	照相	mcbopomofo	單詞	照相
tw-typing-v4-029	91	optional	多久	mcbopomofo	單詞	多久
tw-typing-v4-029	91	optional	啟示	mcbopomofo	單詞	啟示
tw-typing-v4-029	91	required	狀況	mcbopomofo	單詞	狀況
tw-typing-v4-029	91	required	三個	mcbopomofo	單詞	三個
tw-typing-v4-029	91	optional	抽象	mcbopomofo	單詞	抽象
tw-typing-v4-029	91	required	國是	mcbopomofo	單詞	國是
tw-typing-v4-029	91	optional	晚上	mcbopomofo	單詞	晚上
tw-typing-v4-029	91	optional	堆積	mcbopomofo	單詞	堆積
tw-typing-v4-029	91	optional	婚禮	mcbopomofo	單詞	婚禮
tw-typing-v4-029	91	required	這方	mcbopomofo	單詞	這方
tw-typing-v4-029	91	required	特色	mcbopomofo	概念詞族	日常生活:特色
tw-typing-v4-029	91	optional	第三	mcbopomofo	概念詞族	日常生活:第三
tw-typing-v4-029	91	optional	一位	mcbopomofo	單詞	一位
tw-typing-v4-029	91	optional	延長	mcbopomofo	單詞	延長
tw-typing-v4-029	91	required	總是	mcbopomofo	單詞	總是
tw-typing-v4-029	91	required	辭職	mcbopomofo	單詞	辭職
tw-typing-v4-029	91	optional	物聯網	general	單詞	物聯網
tw-typing-v4-029	91	optional	分布	mcbopomofo	概念詞族	日常生活:分布
tw-typing-v4-029	91	optional	笑容	mcbopomofo	單詞	笑容
tw-typing-v4-029	91	required	前者	mcbopomofo	單詞	前者
tw-typing-v4-029	91	required	文藝	mcbopomofo	單詞	文藝
tw-typing-v4-030	80	required	額外	mcbopomofo	單詞	額外
tw-typing-v4-030	80	optional	資源	mcbopomofo	概念詞族	日常生活:資源
tw-typing-v4-030	80	required	難以	mcbopomofo	單詞	難以
tw-typing-v4-030	80	required	貨物	mcbopomofo	單詞	貨物
tw-typing-v4-030	80	optional	行列	mcbopomofo	單詞	行列
tw-typing-v4-030	80	required	聲音	mcbopomofo	概念詞族	日常生活:聲音
tw-typing-v4-030	80	optional	廣義	mcbopomofo	概念詞族	日常生活:廣義
tw-typing-v4-030	80	required	現有	mcbopomofo	單詞	現有
tw-typing-v4-030	80	optional	推廣	mcbopomofo	單詞	推廣
tw-typing-v4-030	80	required	福建	mcbopomofo	單詞	福建
tw-typing-v4-030	80	required	政黨	mcbopomofo	單詞	政黨
tw-typing-v4-030	80	optional	道上	mcbopomofo	單詞	道上
tw-typing-v4-030	80	optional	高雄	mcbopomofo	單詞	高雄
tw-typing-v4-030	80	optional	唯一	mcbopomofo	單詞	唯一
tw-typing-v4-030	80	optional	象徵	mcbopomofo	單詞	象徵
tw-typing-v4-030	80	optional	愛心	mcbopomofo	單詞	愛心
tw-typing-v4-030	80	required	努力	mcbopomofo	單詞	努力
tw-typing-v4-030	80	optional	古人	mcbopomofo	單詞	古人
tw-typing-v4-030	80	optional	第六	mcbopomofo	單詞	第六
tw-typing-v4-030	80	optional	進入	mcbopomofo	單詞	進入
tw-typing-v4-030	80	required	籃球	mcbopomofo	單詞	籃球
tw-typing-v4-030	80	optional	得上	mcbopomofo	單詞	得上
tw-typing-v4-030	80	required	果在	mcbopomofo	單詞	果在
tw-typing-v4-030	80	required	原本	mcbopomofo	單詞	原本
tw-typing-v4-030	80	required	前述	mcbopomofo	單詞	前述
tw-typing-v4-030	80	optional	麵包	mcbopomofo	單詞	麵包
tw-typing-v4-030	80	required	碳中和	general	單詞	碳中和
tw-typing-v4-030	80	optional	算法	mcbopomofo	概念詞族	日常生活:算法
tw-typing-v4-030	80	required	構築	mcbopomofo	概念詞族	日常生活:構築
tw-typing-v4-030	80	required	手中	mcbopomofo	單詞	手中
tw-typing-v4-031	17	required	標準鏡頭	media-design	概念詞族	媒體設計:鏡頭
tw-typing-v4-031	17	optional	深度報導	media-design	概念詞族	媒體設計:報導
tw-typing-v4-031	17	required	字體排印	media-design	概念詞族	媒體設計:字體
tw-typing-v4-031	17	optional	服務藍圖	media-design	概念詞族	媒體設計:服務
tw-typing-v4-031	17	optional	高擬真原型	media-design	概念詞族	媒體設計:真原
tw-typing-v4-031	17	optional	使用者訪談	media-design	概念詞族	媒體設計:用者
tw-typing-v4-031	17	optional	使用者	mcbopomofo,media-design,network-security	概念詞族	媒體設計:用者
tw-typing-v4-031	17	optional	使用者研究	media-design	概念詞族	媒體設計:用者
tw-typing-v4-031	17	optional	調查報導	media-design	概念詞族	媒體設計:報導
tw-typing-v4-031	17	required	色彩分級	media-design	概念詞族	媒體設計:色彩
tw-typing-v4-031	17	optional	樣式指南	media-design	概念詞族	媒體設計:指南
tw-typing-v4-031	17	optional	視覺特效	media-design	概念詞族	媒體設計:視覺
tw-typing-v4-031	17	required	新聞倫理	media-design	概念詞族	媒體設計:新聞
tw-typing-v4-031	17	required	微距鏡頭	media-design	概念詞族	媒體設計:鏡頭
tw-typing-v4-031	17	optional	視覺層級	media-design	概念詞族	媒體設計:視覺
tw-typing-v4-031	17	required	色彩空間	media-design	概念詞族	媒體設計:色彩
tw-typing-v4-031	17	required	減法混色	media-design	概念詞族	媒體設計:混色
tw-typing-v4-031	17	optional	使用者旅程	media-design	概念詞族	媒體設計:用者
tw-typing-v4-031	17	required	字體設計	media-design	概念詞族	媒體設計:字體
tw-typing-v4-031	17	optional	服務設計	media-design	概念詞族	媒體設計:服務
tw-typing-v4-031	17	optional	單次對焦	media-design	概念詞族	媒體設計:對焦
tw-typing-v4-031	17	required	編輯設計	media-design	概念詞族	媒體設計:編輯
tw-typing-v4-031	17	optional	對焦模式	media-design	概念詞族	媒體設計:對焦
tw-typing-v4-031	17	required	新聞採訪	media-design	概念詞族	媒體設計:新聞
tw-typing-v4-031	17	required	廣角鏡頭	media-design	概念詞族	媒體設計:鏡頭
tw-typing-v4-031	17	required	色彩理論	media-design	概念詞族	媒體設計:色彩
tw-typing-v4-031	17	required	新聞編輯	media-design	概念詞族	媒體設計:編輯
tw-typing-v4-031	17	required	望遠鏡頭	media-design	概念詞族	媒體設計:鏡頭
tw-typing-v4-031	17	optional	低擬真原型	media-design	概念詞族	媒體設計:真原
tw-typing-v4-031	17	required	加法混色	media-design	概念詞族	媒體設計:混色
tw-typing-v4-032	108	required	不到	mcbopomofo	單詞	不到
tw-typing-v4-032	108	optional	激發	mcbopomofo	單詞	激發
tw-typing-v4-032	108	required	外交部	mcbopomofo	單詞	外交部
tw-typing-v4-032	108	required	老闆	mcbopomofo	單詞	老闆
tw-typing-v4-032	108	required	市立	mcbopomofo	單詞	市立
tw-typing-v4-032	108	optional	竟是	mcbopomofo	單詞	竟是
tw-typing-v4-032	108	optional	水量	mcbopomofo	單詞	水量
tw-typing-v4-032	108	required	林立	mcbopomofo	單詞	林立
tw-typing-v4-032	108	optional	相容	mcbopomofo	概念詞族	日常生活:相容
tw-typing-v4-032	108	optional	豐富	mcbopomofo	單詞	豐富
tw-typing-v4-032	108	required	中部	mcbopomofo	單詞	中部
tw-typing-v4-032	108	optional	渾身	mcbopomofo	單詞	渾身
tw-typing-v4-032	108	optional	鬥爭	mcbopomofo	單詞	鬥爭
tw-typing-v4-032	108	required	香蕉	mcbopomofo	單詞	香蕉
tw-typing-v4-032	108	optional	遵守	mcbopomofo	單詞	遵守
tw-typing-v4-032	108	required	行人	mcbopomofo	單詞	行人
tw-typing-v4-032	108	required	簡單	mcbopomofo	單詞	簡單
tw-typing-v4-032	108	required	差不多	mcbopomofo	單詞	差不多
tw-typing-v4-032	108	required	來說	mcbopomofo	單詞	來說
tw-typing-v4-032	108	optional	否則	mcbopomofo	單詞	否則
tw-typing-v4-032	108	optional	免稅	mcbopomofo	單詞	免稅
tw-typing-v4-032	108	optional	爵士	mcbopomofo	單詞	爵士
tw-typing-v4-032	108	required	百年	mcbopomofo	單詞	百年
tw-typing-v4-032	108	optional	野外	mcbopomofo	單詞	野外
tw-typing-v4-032	108	required	若要	mcbopomofo	單詞	若要
tw-typing-v4-032	108	required	劉泰英	mcbopomofo	單詞	劉泰英
tw-typing-v4-032	108	required	質疑	mcbopomofo	單詞	質疑
tw-typing-v4-032	108	optional	屬於	mcbopomofo	單詞	屬於
tw-typing-v4-032	108	optional	三位	mcbopomofo	單詞	三位
tw-typing-v4-032	108	optional	再次	mcbopomofo	單詞	再次
tw-typing-v4-033	163	required	細胞生物學	science	概念詞族	科學環境:物學
tw-typing-v4-033	163	optional	缺點	mcbopomofo	單詞	缺點
tw-typing-v4-033	163	optional	輸電線路	energy-environment	單詞	輸電線路
tw-typing-v4-033	163	required	抽蓄水力	energy-environment	單詞	抽蓄水力
tw-typing-v4-033	163	optional	虛擬電廠	energy-environment	概念詞族	科學環境:虛擬
tw-typing-v4-033	163	optional	移動污染源	energy-environment	概念詞族	科學環境:移動
tw-typing-v4-033	163	optional	財權	mcbopomofo	單詞	財權
tw-typing-v4-033	163	required	速率常數	materials-chemistry	概念詞族	科學環境:常數
tw-typing-v4-033	163	optional	破裂	mcbopomofo	單詞	破裂
tw-typing-v4-033	163	required	不相容	mcbopomofo,science	概念詞族	科學環境:相容
tw-typing-v4-033	163	optional	過渡態	science	單詞	過渡態
tw-typing-v4-033	163	required	複合材料	materials-chemistry,mcbopomofo	概念詞族	科學環境:複合
tw-typing-v4-033	163	required	雲端環境	network-security	概念詞族	數位科技:雲端
tw-typing-v4-033	163	optional	金屬間	materials-chemistry	概念詞族	科學環境:金屬
tw-typing-v4-033	163	optional	文學	mcbopomofo	概念詞族	日常生活:文學
tw-typing-v4-033	163	required	卡片分類	media-design	概念詞族	媒體設計:卡片
tw-typing-v4-033	163	required	整個	mcbopomofo	單詞	整個
tw-typing-v4-033	163	optional	腐蝕防護	materials-chemistry	概念詞族	科學環境:防護
tw-typing-v4-033	163	required	不法	mcbopomofo	單詞	不法
tw-typing-v4-033	163	required	動人	mcbopomofo	單詞	動人
tw-typing-v4-033	163	required	一次性密碼	network-security	概念詞族	數位科技:一次
tw-typing-v4-033	163	optional	單元操作	materials-chemistry	概念詞族	科學環境:單元
tw-typing-v4-033	163	optional	改善計畫	energy-environment	概念詞族	科學環境:改善
tw-typing-v4-033	163	optional	失效分析	materials-chemistry	概念詞族	科學環境:失效
tw-typing-v4-033	163	optional	政治	mcbopomofo	概念詞族	日常生活:政治
tw-typing-v4-033	163	required	攤丁入畝	history	單詞	攤丁入畝
tw-typing-v4-033	163	required	地熱發電	energy-environment	概念詞族	科學環境:發電
tw-typing-v4-033	163	optional	排放係數	energy-environment	概念詞族	科學環境:係數
tw-typing-v4-033	163	required	流體輸送	materials-chemistry	概念詞族	科學環境:輸送
tw-typing-v4-033	163	required	原理	mcbopomofo,science	單詞	原理
tw-typing-v4-034	129	required	主導	mcbopomofo	單詞	主導
tw-typing-v4-034	129	required	正常	mcbopomofo	單詞	正常
tw-typing-v4-034	129	required	死掉	mcbopomofo	單詞	死掉
tw-typing-v4-034	129	optional	尊重	mcbopomofo	單詞	尊重
tw-typing-v4-034	129	required	我看	mcbopomofo	單詞	我看
tw-typing-v4-034	129	optional	清水	mcbopomofo	單詞	清水
tw-typing-v4-034	129	optional	才是	mcbopomofo	單詞	才是
tw-typing-v4-034	129	required	婚姻	mcbopomofo	概念詞族	日常生活:婚姻
tw-typing-v4-034	129	required	經驗	mcbopomofo	單詞	經驗
tw-typing-v4-034	129	required	交流	mcbopomofo	單詞	交流
tw-typing-v4-034	129	required	現在	mcbopomofo	單詞	現在
tw-typing-v4-034	129	optional	弱勢	mcbopomofo	單詞	弱勢
tw-typing-v4-034	129	optional	綁架	mcbopomofo	單詞	綁架
tw-typing-v4-034	129	optional	強化	mcbopomofo	概念詞族	日常生活:強化
tw-typing-v4-034	129	required	拜訪	mcbopomofo	單詞	拜訪
tw-typing-v4-034	129	optional	儘量	mcbopomofo	單詞	儘量
tw-typing-v4-034	129	optional	審理	mcbopomofo	單詞	審理
tw-typing-v4-034	129	required	回歸	mcbopomofo	單詞	回歸
tw-typing-v4-034	129	required	深夜	mcbopomofo	單詞	深夜
tw-typing-v4-034	129	required	同學	mcbopomofo	概念詞族	日常生活:同學
tw-typing-v4-034	129	required	剛剛	mcbopomofo	單詞	剛剛
tw-typing-v4-034	129	optional	投機	mcbopomofo	單詞	投機
tw-typing-v4-034	129	optional	思維	mcbopomofo	單詞	思維
tw-typing-v4-034	129	optional	一人	mcbopomofo	單詞	一人
tw-typing-v4-034	129	optional	阿里	mcbopomofo	單詞	阿里
tw-typing-v4-034	129	required	羽毛	mcbopomofo	單詞	羽毛
tw-typing-v4-034	129	optional	聽說	mcbopomofo	單詞	聽說
tw-typing-v4-034	129	optional	地圖	mcbopomofo	單詞	地圖
tw-typing-v4-034	129	optional	繼續	mcbopomofo	單詞	繼續
tw-typing-v4-034	129	required	環保	mcbopomofo	單詞	環保
tw-typing-v4-035	200	optional	總諧波失真	electronics	單詞	總諧波失真
tw-typing-v4-035	200	required	共集極	electronics	單詞	共集極
tw-typing-v4-035	200	required	死區時間	electronics	概念詞族	電子半導體:時間
tw-typing-v4-035	200	required	檢測機台	semiconductor	概念詞族	電子半導體:測機
tw-typing-v4-035	200	required	奈奎斯特圖	electronics	概念詞族	電子半導體:斯特
tw-typing-v4-035	200	optional	順向式	electronics	單詞	順向式
tw-typing-v4-035	200	required	傳遞函數	electronics	概念詞族	電子半導體:函數
tw-typing-v4-035	200	optional	存取	mcbopomofo,semiconductor	概念詞族	電子半導體:存取
tw-typing-v4-035	200	optional	放電	mcbopomofo,semiconductor	概念詞族	電子半導體:放電
tw-typing-v4-035	200	required	靜電	mcbopomofo,semiconductor	概念詞族	電子半導體:靜電
tw-typing-v4-035	200	optional	永磁	electronics	單詞	永磁
tw-typing-v4-035	200	required	反應式	mcbopomofo,semiconductor,transport-logistics	概念詞族	電子半導體:應式
tw-typing-v4-035	200	required	卡爾曼濾波	electronics	概念詞族	電子半導體:爾曼
tw-typing-v4-035	200	optional	缺陷分析	semiconductor	概念詞族	電子半導體:缺陷
tw-typing-v4-035	200	optional	低壓差	electronics	單詞	低壓差
tw-typing-v4-035	200	optional	電磁接觸器	electronics	概念詞族	電子半導體:接觸
tw-typing-v4-035	200	optional	觸發器	electronics	單詞	觸發器
tw-typing-v4-035	200	required	調變	electronics	單詞	調變
tw-typing-v4-035	200	required	微波電路	electronics	概念詞族	電子半導體:波電
tw-typing-v4-035	200	optional	條件	mcbopomofo,semiconductor	概念詞族	電子半導體:條件
tw-typing-v4-035	200	required	寄生	mcbopomofo,semiconductor	單詞	寄生
tw-typing-v4-035	200	optional	靜態	mcbopomofo,semiconductor	單詞	靜態
tw-typing-v4-035	200	required	光耦合器	electronics	單詞	光耦合器
tw-typing-v4-035	200	required	比例控制	electronics	概念詞族	電子半導體:比例
tw-typing-v4-035	200	optional	肖特基	electronics	單詞	肖特基
tw-typing-v4-035	200	optional	多重圖案化	semiconductor	概念詞族	電子半導體:多重
tw-typing-v4-035	200	optional	逆變器	electronics,energy-environment	概念詞族	電子半導體:變器
tw-typing-v4-035	200	optional	缺陷追蹤	semiconductor	概念詞族	電子半導體:追蹤
tw-typing-v4-035	200	required	位障	semiconductor	單詞	位障
tw-typing-v4-035	200	required	施密特	electronics,mcbopomofo	概念詞族	電子半導體:密特
tw-typing-v4-036	144	required	希臘化時代	history	概念詞族	歷史人物:時代
tw-typing-v4-036	144	optional	吳起變法	history	概念詞族	歷史人物:變法
tw-typing-v4-036	144	required	歷史敘事	history	概念詞族	歷史人物:歷史
tw-typing-v4-036	144	optional	農業革命	history	概念詞族	歷史人物:革命
tw-typing-v4-036	144	optional	曼德拉	mcbopomofo,people-oldnews	概念詞族	歷史人物:德拉
tw-typing-v4-036	144	optional	柏林危機	history	概念詞族	歷史人物:危機
tw-typing-v4-036	144	required	雅典民主	history	概念詞族	歷史人物:民主
tw-typing-v4-036	144	required	大航海時代	history	概念詞族	歷史人物:時代
tw-typing-v4-036	144	required	去殖民化	history	概念詞族	歷史人物:民化
tw-typing-v4-036	144	optional	國共合作	history	概念詞族	歷史人物:國共
tw-typing-v4-036	144	required	日治臺灣	history	概念詞族	歷史人物:治臺
tw-typing-v4-036	144	required	大正民主	history	概念詞族	歷史人物:民主
tw-typing-v4-036	144	optional	王安石	mcbopomofo,people-history	概念詞族	歷史人物:王安
tw-typing-v4-036	144	optional	德拉克洛瓦	mcbopomofo,people-history	概念詞族	歷史人物:德拉
tw-typing-v4-036	144	optional	國共內戰	history	概念詞族	歷史人物:國共
tw-typing-v4-036	144	optional	土地制度	history	概念詞族	歷史人物:土地
tw-typing-v4-036	144	optional	土地拓墾	history	概念詞族	歷史人物:土地
tw-typing-v4-036	144	required	公約	history,mcbopomofo	概念詞族	歷史人物:公約
tw-typing-v4-036	144	optional	一手史料	history	概念詞族	歷史人物:手史
tw-typing-v4-036	144	optional	商鞅變法	history	概念詞族	歷史人物:變法
tw-typing-v4-036	144	optional	科學革命	history	概念詞族	歷史人物:革命
tw-typing-v4-036	144	required	口述歷史	history	概念詞族	歷史人物:歷史
tw-typing-v4-036	144	required	王安石變法	history	概念詞族	歷史人物:王安
tw-typing-v4-036	144	required	華沙公約	history,mcbopomofo	概念詞族	歷史人物:公約
tw-typing-v4-036	144	required	設定	mcbopomofo,network-security	同義近義	設定設置
tw-typing-v4-036	144	required	設置	history,mcbopomofo	同義近義	設定設置
tw-typing-v4-036	144	required	皇民化運動	history	概念詞族	歷史人物:民化
tw-typing-v4-036	144	optional	危機	history,mcbopomofo	概念詞族	歷史人物:危機
tw-typing-v4-036	144	required	清治臺灣	history	概念詞族	歷史人物:治臺
tw-typing-v4-036	144	optional	二手史料	history	概念詞族	歷史人物:手史
tw-typing-v4-037	188	optional	劑型	biotech-pharma	單詞	劑型
tw-typing-v4-037	188	required	多重	mcbopomofo,medicine	概念詞族	醫療生技:多重
tw-typing-v4-037	188	required	暫時性	mcbopomofo,medicine	概念詞族	醫療生技:暫時
tw-typing-v4-037	188	optional	病毒載體	biotech-pharma	概念詞族	醫療生技:載體
tw-typing-v4-037	188	required	腸溶錠	biotech-pharma	單詞	腸溶錠
tw-typing-v4-037	188	optional	狀態	mcbopomofo,medicine	概念詞族	醫療生技:狀態
tw-typing-v4-037	188	optional	刺激素	medicine	概念詞族	醫療生技:刺激
tw-typing-v4-037	188	required	抗藥性	mcbopomofo,medicine	單詞	抗藥性
tw-typing-v4-037	188	optional	造影	medicine	單詞	造影
tw-typing-v4-037	188	optional	狼瘡	mcbopomofo,medicine	單詞	狼瘡
tw-typing-v4-037	188	optional	韌帶	mcbopomofo,medicine	單詞	韌帶
tw-typing-v4-037	188	required	攝影	mcbopomofo,medicine	概念詞族	醫療生技:攝影
tw-typing-v4-037	188	optional	葡萄糖	mcbopomofo,medicine	概念詞族	醫療生技:葡萄
tw-typing-v4-037	188	required	非侵入性	medicine	單詞	非侵入性
tw-typing-v4-037	188	required	高流量	medicine	概念詞族	醫療生技:流量
tw-typing-v4-037	188	required	甲狀腺素	mcbopomofo,medicine	概念詞族	醫療生技:甲狀
tw-typing-v4-037	188	optional	英文	education,mcbopomofo	概念詞族	教育社會:英文
tw-typing-v4-037	188	optional	逆轉錄	biotech-pharma	概念詞族	醫療生技:轉錄
tw-typing-v4-037	188	required	活化	mcbopomofo,medicine	單詞	活化
tw-typing-v4-037	188	optional	優良	biotech-pharma,mcbopomofo	單詞	優良
tw-typing-v4-037	188	optional	關係人	business,mcbopomofo	概念詞族	商業管理:關係
tw-typing-v4-037	188	required	載體構築	biotech-pharma	概念詞族	醫療生技:構築
tw-typing-v4-037	188	required	血栓	mcbopomofo,medicine	單詞	血栓
tw-typing-v4-037	188	optional	尿素氮數值	medicine	概念詞族	醫療生技:尿素
tw-typing-v4-037	188	required	疾病	mcbopomofo,medicine	同義近義	疾病病症
tw-typing-v4-037	188	required	心臟病	mcbopomofo,medicine	概念詞族	醫療生技:臟病
tw-typing-v4-037	188	optional	抗磷脂	medicine	單詞	抗磷脂
tw-typing-v4-037	188	optional	肌肉	mcbopomofo,medicine	單詞	肌肉
tw-typing-v4-037	188	required	支氣管鏡	mcbopomofo,medicine	概念詞族	醫療生技:支氣
tw-typing-v4-037	188	required	細胞培養	biotech-pharma	概念詞族	醫療生技:培養
tw-typing-v4-038	98	required	協助	mcbopomofo	同義近義	幫助協助
tw-typing-v4-038	98	required	幫助	mcbopomofo	同義近義	幫助協助
tw-typing-v4-038	98	optional	開發案	mcbopomofo	概念詞族	日常生活:開發
tw-typing-v4-038	98	required	地區	mcbopomofo	概念詞族	日常生活:地區
tw-typing-v4-038	98	optional	台灣高鐵	general	概念詞族	日常生活:高鐵
tw-typing-v4-038	98	required	十分鐘	mcbopomofo	概念詞族	日常生活:分鐘
tw-typing-v4-038	98	optional	蝦皮	general	概念詞族	日常生活:蝦皮
tw-typing-v4-038	98	optional	充滿	mcbopomofo	概念詞族	日常生活:充滿
tw-typing-v4-038	98	required	四十五	mcbopomofo	概念詞族	日常生活:四十
tw-typing-v4-038	98	optional	行政院	mcbopomofo	概念詞族	日常生活:政院
tw-typing-v4-038	98	required	實際上	mcbopomofo	概念詞族	日常生活:實際
tw-typing-v4-038	98	required	實際	mcbopomofo	概念詞族	日常生活:實際
tw-typing-v4-038	98	optional	高鐵	mcbopomofo	概念詞族	日常生活:高鐵
tw-typing-v4-038	98	required	長照服務	general	概念詞族	日常生活:長照
tw-typing-v4-038	98	optional	蝦皮購物	general	概念詞族	日常生活:蝦皮
tw-typing-v4-038	98	optional	生成式	general	概念詞族	日常生活:成式
tw-typing-v4-038	98	required	分鐘	mcbopomofo	概念詞族	日常生活:分鐘
tw-typing-v4-038	98	required	一步	mcbopomofo	概念詞族	日常生活:一步
tw-typing-v4-038	98	required	四十	mcbopomofo	概念詞族	日常生活:四十
tw-typing-v4-038	98	required	長照	general	概念詞族	日常生活:長照
tw-typing-v4-038	98	required	台灣地區	mcbopomofo	概念詞族	日常生活:地區
tw-typing-v4-038	98	optional	契約	government,mcbopomofo,software	同義近義	合約契約
tw-typing-v4-038	98	optional	行政院長	mcbopomofo	概念詞族	日常生活:政院
tw-typing-v4-038	98	optional	合約	mcbopomofo	同義近義	合約契約
tw-typing-v4-038	98	required	生成式AI	general	概念詞族	日常生活:成式
tw-typing-v4-038	98	optional	充滿了	mcbopomofo	概念詞族	日常生活:充滿
tw-typing-v4-038	98	optional	所謂	mcbopomofo	概念詞族	日常生活:所謂
tw-typing-v4-038	98	required	進一步	mcbopomofo	概念詞族	日常生活:一步
tw-typing-v4-038	98	optional	所謂的	mcbopomofo	概念詞族	日常生活:所謂
tw-typing-v4-038	98	optional	開發	mcbopomofo	概念詞族	日常生活:開發
tw-typing-v4-039	177	required	血液系統	medicine	單詞	血液系統
tw-typing-v4-039	177	required	高滲透壓	mcbopomofo,medicine	概念詞族	醫療生技:滲透
tw-typing-v4-039	177	required	監視	biotech-pharma,mcbopomofo	單詞	監視
tw-typing-v4-039	177	required	口服	mcbopomofo,medicine	單詞	口服
tw-typing-v4-039	177	optional	急性骨髓炎	medicine	概念詞族	醫療生技:性骨
tw-typing-v4-039	177	optional	腎臟	mcbopomofo,medicine	概念詞族	醫療生技:腎臟
tw-typing-v4-039	177	optional	合成生物學	biotech-pharma	概念詞族	醫療生技:物學
tw-typing-v4-039	177	required	尿素氮異常	medicine	概念詞族	醫療生技:異常
tw-typing-v4-039	177	optional	中毒	mcbopomofo,medicine	概念詞族	醫療生技:中毒
tw-typing-v4-039	177	optional	膀胱	mcbopomofo,medicine	單詞	膀胱
tw-typing-v4-039	177	required	經尿道	medicine	單詞	經尿道
tw-typing-v4-039	177	optional	活酶	medicine	單詞	活酶
tw-typing-v4-039	177	required	藥物開發	biotech-pharma	概念詞族	醫療生技:開發
tw-typing-v4-039	177	optional	蜂窩性	medicine	單詞	蜂窩性
tw-typing-v4-039	177	required	化膿性	mcbopomofo,medicine	單詞	化膿性
tw-typing-v4-039	177	required	十字	mcbopomofo,medicine	單詞	十字
tw-typing-v4-039	177	required	置換	mcbopomofo,medicine	單詞	置換
tw-typing-v4-039	177	optional	影像檢查	medicine	概念詞族	醫療生技:影像
tw-typing-v4-039	177	required	超高效	biotech-pharma	概念詞族	醫療生技:高效
tw-typing-v4-039	177	required	先導化合物	biotech-pharma	概念詞族	醫療生技:化合
tw-typing-v4-039	177	optional	吸附	biotech-pharma,mcbopomofo	概念詞族	醫療生技:吸附
tw-typing-v4-039	177	optional	睡眠	mcbopomofo,medicine	單詞	睡眠
tw-typing-v4-039	177	required	即時	biotech-pharma,mcbopomofo	概念詞族	醫療生技:即時
tw-typing-v4-039	177	optional	消化系統	mcbopomofo,medicine	概念詞族	醫療生技:消化
tw-typing-v4-039	177	optional	多囊性	medicine	單詞	多囊性
tw-typing-v4-039	177	required	呼吸器脫離	medicine	概念詞族	醫療生技:脫離
tw-typing-v4-039	177	optional	骨骼	mcbopomofo,medicine	單詞	骨骼
tw-typing-v4-039	177	required	藥物效力學	biotech-pharma	概念詞族	醫療生技:效力
tw-typing-v4-039	177	optional	西方墨點法	biotech-pharma	概念詞族	醫療生技:西方
tw-typing-v4-039	177	optional	右心室肥厚	medicine	概念詞族	醫療生技:肥厚
tw-typing-v4-040	153	required	舒曼	mcbopomofo,people-history	單詞	舒曼
tw-typing-v4-040	153	required	圖靈	people-history	單詞	圖靈
tw-typing-v4-040	153	required	秦始皇	mcbopomofo,people-history	單詞	秦始皇
tw-typing-v4-040	153	required	張俊雄	mcbopomofo,people-oldnews	單詞	張俊雄
tw-typing-v4-040	153	required	卡夫卡	mcbopomofo,people-history	單詞	卡夫卡
tw-typing-v4-040	153	optional	羅馬法	history	概念詞族	歷史人物:羅馬
tw-typing-v4-040	153	optional	南丁格爾	mcbopomofo,people-history	概念詞族	歷史人物:丁格
tw-typing-v4-040	153	optional	租庸調制	history	單詞	租庸調制
tw-typing-v4-040	153	optional	墨子	mcbopomofo,people-history	單詞	墨子
tw-typing-v4-040	153	required	馬歇爾計畫	history	概念詞族	歷史人物:計畫
tw-typing-v4-040	153	required	全球史	history	概念詞族	歷史人物:全球
tw-typing-v4-040	153	required	霍金	people-history	單詞	霍金
tw-typing-v4-040	153	required	梅蘭芳	mcbopomofo,people-history	單詞	梅蘭芳
tw-typing-v4-040	153	required	巴赫	mcbopomofo,people-history	單詞	巴赫
tw-typing-v4-040	153	optional	曹操	mcbopomofo,people-history	單詞	曹操
tw-typing-v4-040	153	optional	郭台銘	mcbopomofo,people-contemporary	單詞	郭台銘
tw-typing-v4-040	153	optional	分類械鬥	history	概念詞族	歷史人物:分類
tw-typing-v4-040	153	required	姜子牙	mcbopomofo,people-history	單詞	姜子牙
tw-typing-v4-040	153	optional	第一次	history,mcbopomofo	概念詞族	歷史人物:第一
tw-typing-v4-040	153	optional	移民實邊	history	概念詞族	歷史人物:移民
tw-typing-v4-040	153	required	柯文哲	mcbopomofo,people-contemporary	單詞	柯文哲
tw-typing-v4-040	153	optional	姚嘉文	mcbopomofo,people-oldnews	單詞	姚嘉文
tw-typing-v4-040	153	optional	社會史	history	概念詞族	歷史人物:社會
tw-typing-v4-040	153	required	裘海正	mcbopomofo,people-oldnews	單詞	裘海正
tw-typing-v4-040	153	optional	查士丁尼	history	單詞	查士丁尼
tw-typing-v4-040	153	optional	梵谷	mcbopomofo,people-history	單詞	梵谷
tw-typing-v4-040	153	optional	田中角榮	mcbopomofo,people-history	單詞	田中角榮
tw-typing-v4-040	153	optional	錢復	mcbopomofo,people-oldnews	單詞	錢復
tw-typing-v4-040	153	required	安室奈美惠	mcbopomofo,people-oldnews	單詞	安室奈美惠
tw-typing-v4-040	153	required	第二次	history,mcbopomofo	概念詞族	歷史人物:第二
tw-typing-v4-041	107	optional	下跌	mcbopomofo	單詞	下跌
tw-typing-v4-041	107	optional	就醫	mcbopomofo	單詞	就醫
tw-typing-v4-041	107	required	一味	mcbopomofo	單詞	一味
tw-typing-v4-041	107	required	理賠	mcbopomofo	單詞	理賠
tw-typing-v4-041	107	required	門市	mcbopomofo	單詞	門市
tw-typing-v4-041	107	optional	提名	mcbopomofo	單詞	提名
tw-typing-v4-041	107	optional	迷宮	mcbopomofo	單詞	迷宮
tw-typing-v4-041	107	required	希望	mcbopomofo	單詞	希望
tw-typing-v4-041	107	optional	陌生	mcbopomofo	概念詞族	日常生活:陌生
tw-typing-v4-041	107	required	符合	mcbopomofo	概念詞族	日常生活:符合
tw-typing-v4-041	107	required	脫離	mcbopomofo	概念詞族	日常生活:脫離
tw-typing-v4-041	107	required	自駕車	general	單詞	自駕車
tw-typing-v4-041	107	required	升到	mcbopomofo	單詞	升到
tw-typing-v4-041	107	required	份子	mcbopomofo	單詞	份子
tw-typing-v4-041	107	optional	連鎖	mcbopomofo	概念詞族	日常生活:連鎖
tw-typing-v4-041	107	required	也是	mcbopomofo	單詞	也是
tw-typing-v4-041	107	required	葉片	mcbopomofo	單詞	葉片
tw-typing-v4-041	107	optional	組長	mcbopomofo	單詞	組長
tw-typing-v4-041	107	optional	對付	mcbopomofo	單詞	對付
tw-typing-v4-041	107	optional	樹木	mcbopomofo	單詞	樹木
tw-typing-v4-041	107	required	辭典	mcbopomofo	單詞	辭典
tw-typing-v4-041	107	optional	影展	mcbopomofo	單詞	影展
tw-typing-v4-041	107	required	要到	mcbopomofo	單詞	要到
tw-typing-v4-041	107	optional	秒鐘	mcbopomofo	單詞	秒鐘
tw-typing-v4-041	107	required	走過	mcbopomofo	單詞	走過
tw-typing-v4-041	107	optional	進擊的巨人	general	單詞	進擊的巨人
tw-typing-v4-041	107	optional	捕捉	mcbopomofo	單詞	捕捉
tw-typing-v4-041	107	required	以來	mcbopomofo	單詞	以來
tw-typing-v4-041	107	optional	一片	mcbopomofo	單詞	一片
tw-typing-v4-041	107	optional	原是	mcbopomofo	單詞	原是
tw-typing-v4-042	133	optional	地球	mcbopomofo	單詞	地球
tw-typing-v4-042	133	optional	明治	mcbopomofo	單詞	明治
tw-typing-v4-042	133	optional	警察	mcbopomofo	單詞	警察
tw-typing-v4-042	133	required	遭受	mcbopomofo	單詞	遭受
tw-typing-v4-042	133	optional	軌道	mcbopomofo	單詞	軌道
tw-typing-v4-042	133	optional	簡易	mcbopomofo	概念詞族	日常生活:簡易
tw-typing-v4-042	133	optional	和解	mcbopomofo	單詞	和解
tw-typing-v4-042	133	required	風氣	mcbopomofo	單詞	風氣
tw-typing-v4-042	133	required	型態	mcbopomofo	單詞	型態
tw-typing-v4-042	133	optional	這場	mcbopomofo	單詞	這場
tw-typing-v4-042	133	required	興建	mcbopomofo	單詞	興建
tw-typing-v4-042	133	optional	學習歷程	general	概念詞族	日常生活:學習
tw-typing-v4-042	133	required	因為	mcbopomofo	單詞	因為
tw-typing-v4-042	133	optional	促使	mcbopomofo	單詞	促使
tw-typing-v4-042	133	optional	行事	mcbopomofo	單詞	行事
tw-typing-v4-042	133	required	發布	mcbopomofo	單詞	發布
tw-typing-v4-042	133	required	有意	mcbopomofo	單詞	有意
tw-typing-v4-042	133	required	服用	mcbopomofo	單詞	服用
tw-typing-v4-042	133	optional	圓形	mcbopomofo	單詞	圓形
tw-typing-v4-042	133	optional	面上	mcbopomofo	單詞	面上
tw-typing-v4-042	133	required	瓦解	mcbopomofo	單詞	瓦解
tw-typing-v4-042	133	required	考試院	mcbopomofo	單詞	考試院
tw-typing-v4-042	133	required	你在	mcbopomofo	單詞	你在
tw-typing-v4-042	133	optional	繁星推薦	general	概念詞族	日常生活:推薦
tw-typing-v4-042	133	optional	四個	mcbopomofo	單詞	四個
tw-typing-v4-042	133	required	布條	mcbopomofo	單詞	布條
tw-typing-v4-042	133	required	日本	mcbopomofo	單詞	日本
tw-typing-v4-042	133	required	性別	mcbopomofo	概念詞族	日常生活:性別
tw-typing-v4-042	133	optional	漢學	mcbopomofo	單詞	漢學
tw-typing-v4-042	133	required	國公	mcbopomofo	單詞	國公
tw-typing-v4-043	23	required	無障礙設計	civil-engineering	概念詞族	工程製造:無障
tw-typing-v4-043	23	optional	效應分析	industrial-engineering	概念詞族	工程製造:效應
tw-typing-v4-043	23	required	燒結	manufacturing	單詞	燒結
tw-typing-v4-043	23	required	固定	industrial-engineering,mcbopomofo	概念詞族	工程製造:固定
tw-typing-v4-043	23	optional	公差配合	manufacturing	概念詞族	工程製造:配合
tw-typing-v4-043	23	optional	地盤改良	civil-engineering	概念詞族	工程製造:改良
tw-typing-v4-043	23	optional	頻率	civil-engineering,mcbopomofo	單詞	頻率
tw-typing-v4-043	23	required	滑動軸承	manufacturing	概念詞族	工程製造:滑動
tw-typing-v4-043	23	required	道路	civil-engineering,mcbopomofo,transport-logistics	單詞	道路
tw-typing-v4-043	23	required	採光分析	civil-engineering	單詞	採光分析
tw-typing-v4-043	23	optional	車床	manufacturing,mcbopomofo	單詞	車床
tw-typing-v4-043	23	optional	備品管理	manufacturing	單詞	備品管理
tw-typing-v4-043	23	required	計算	civil-engineering,mcbopomofo	概念詞族	工程製造:計算
tw-typing-v4-043	23	optional	精度校正	manufacturing	概念詞族	工程製造:校正
tw-typing-v4-043	23	optional	系統	civil-engineering,industrial-engineering,manufacturing,mcbopomofo,medicine,network-security,software	單詞	系統
tw-typing-v4-043	23	optional	伸縮裝置	civil-engineering	單詞	伸縮裝置
tw-typing-v4-043	23	required	低衝擊開發	civil-engineering	概念詞族	工程製造:衝擊
tw-typing-v4-043	23	optional	平面線形	civil-engineering	概念詞族	工程製造:面線
tw-typing-v4-043	23	required	超音波加工	manufacturing	概念詞族	工程製造:音波
tw-typing-v4-043	23	required	前置	industrial-engineering	單詞	前置
tw-typing-v4-043	23	required	圓錐	civil-engineering,mcbopomofo	單詞	圓錐
tw-typing-v4-043	23	required	看板拉動	manufacturing	單詞	看板拉動
tw-typing-v4-043	23	optional	切屑控制	manufacturing	概念詞族	工程製造:控制
tw-typing-v4-043	23	optional	量具	industrial-engineering	單詞	量具
tw-typing-v4-043	23	optional	設計	civil-engineering,education,electronics,industrial-engineering,mcbopomofo,media-design,semiconductor,software	單詞	設計
tw-typing-v4-043	23	required	分區	civil-engineering,mcbopomofo	單詞	分區
tw-typing-v4-043	23	optional	施工規範	civil-engineering	概念詞族	工程製造:規範
tw-typing-v4-043	23	required	成本控制	civil-engineering	概念詞族	工程製造:本控
tw-typing-v4-043	23	optional	施工查核	civil-engineering	概念詞族	工程製造:查核
tw-typing-v4-043	23	required	少量	industrial-engineering,mcbopomofo	單詞	少量
tw-typing-v4-044	39	optional	無效行為	law	概念詞族	政府法律:無效
tw-typing-v4-044	39	required	物權行為	law	概念詞族	政府法律:物權
tw-typing-v4-044	39	optional	債務不履行	law	概念詞族	政府法律:履行
tw-typing-v4-044	39	optional	未遂犯	law	概念詞族	政府法律:未遂
tw-typing-v4-044	39	optional	原則	law,mcbopomofo,software	概念詞族	政府法律:原則
tw-typing-v4-044	39	required	核定	government,mcbopomofo	概念詞族	政府法律:核定
tw-typing-v4-044	39	optional	組織犯罪	law	概念詞族	政府法律:犯罪
tw-typing-v4-044	39	optional	宣告監護	law	概念詞族	政府法律:宣告
tw-typing-v4-044	39	required	客觀	law,mcbopomofo	概念詞族	政府法律:客觀
tw-typing-v4-044	39	required	想像競合	law	概念詞族	政府法律:競合
tw-typing-v4-044	39	optional	犯罪	law,mcbopomofo	概念詞族	政府法律:犯罪
tw-typing-v4-044	39	optional	國家賠償	law	概念詞族	政府法律:國家
tw-typing-v4-044	39	required	年度計畫	government	概念詞族	政府法律:年度
tw-typing-v4-044	39	required	俟核定後	government	概念詞族	政府法律:核定
tw-typing-v4-044	39	required	實質競合	law	概念詞族	政府法律:競合
tw-typing-v4-044	39	optional	不能未遂	law	概念詞族	政府法律:未遂
tw-typing-v4-044	39	optional	處理	general,mcbopomofo	同義近義	處理辦理
tw-typing-v4-044	39	optional	辦理	government,mcbopomofo	同義近義	處理辦理
tw-typing-v4-044	39	required	物權請求權	law	概念詞族	政府法律:物權
tw-typing-v4-044	39	required	撤銷權	law	概念詞族	政府法律:撤銷
tw-typing-v4-044	39	required	核銷案件	government	概念詞族	政府法律:核銷
tw-typing-v4-044	39	required	履行	law,mcbopomofo	概念詞族	政府法律:履行
tw-typing-v4-044	39	optional	誠信原則	law	概念詞族	政府法律:原則
tw-typing-v4-044	39	optional	國家	law,mcbopomofo	概念詞族	政府法律:國家
tw-typing-v4-044	39	optional	宣告輔助	law	概念詞族	政府法律:宣告
tw-typing-v4-044	39	required	客觀歸責	law	概念詞族	政府法律:客觀
tw-typing-v4-044	39	optional	婚姻無效	law	概念詞族	政府法律:無效
tw-typing-v4-044	39	required	撤銷訴訟	law	概念詞族	政府法律:撤銷
tw-typing-v4-044	39	required	年度	government,mcbopomofo	概念詞族	政府法律:年度
tw-typing-v4-044	39	required	核銷	government,mcbopomofo	概念詞族	政府法律:核銷
tw-typing-v4-045	26	optional	重複	industrial-engineering,mcbopomofo	單詞	重複
tw-typing-v4-045	26	required	總合	manufacturing,mcbopomofo	單詞	總合
tw-typing-v4-045	26	required	地下	civil-engineering,mcbopomofo	概念詞族	工程製造:地下
tw-typing-v4-045	26	optional	巡檢	civil-engineering,mcbopomofo	單詞	巡檢
tw-typing-v4-045	26	optional	七大手法	manufacturing	概念詞族	工程製造:手法
tw-typing-v4-045	26	required	延時曲線	civil-engineering	概念詞族	工程製造:曲線
tw-typing-v4-045	26	optional	地下連續壁	civil-engineering	概念詞族	工程製造:連續
tw-typing-v4-045	26	optional	指數	industrial-engineering,manufacturing,mcbopomofo	概念詞族	工程製造:指數
tw-typing-v4-045	26	required	系統分析	industrial-engineering,mcbopomofo	單詞	系統分析
tw-typing-v4-045	26	optional	製程	industrial-engineering,manufacturing,mcbopomofo,semiconductor	概念詞族	工程製造:製程
tw-typing-v4-045	26	required	參數最佳化	manufacturing,semiconductor	概念詞族	工程製造:參數
tw-typing-v4-045	26	optional	危老重建	civil-engineering	單詞	危老重建
tw-typing-v4-045	26	required	倉儲規劃	industrial-engineering	概念詞族	工程製造:倉儲
tw-typing-v4-045	26	required	帷幕牆	civil-engineering	概念詞族	工程製造:帷幕
tw-typing-v4-045	26	optional	數量	civil-engineering,mcbopomofo	單詞	數量
tw-typing-v4-045	26	optional	降伏強度	manufacturing	單詞	降伏強度
tw-typing-v4-045	26	required	火警	civil-engineering,mcbopomofo	單詞	火警
tw-typing-v4-045	26	required	導向	civil-engineering,education,mcbopomofo	概念詞族	工程製造:導向
tw-typing-v4-045	26	optional	假設檢定	industrial-engineering	概念詞族	工程製造:假設
tw-typing-v4-045	26	optional	現地	civil-engineering	單詞	現地
tw-typing-v4-045	26	required	明挖	civil-engineering	單詞	明挖
tw-typing-v4-045	26	optional	平板	civil-engineering,mcbopomofo	單詞	平板
tw-typing-v4-045	26	optional	物料	industrial-engineering,manufacturing,mcbopomofo	單詞	物料
tw-typing-v4-045	26	required	品質工程	industrial-engineering	概念詞族	工程製造:質工
tw-typing-v4-045	26	required	變更	civil-engineering,mcbopomofo	概念詞族	工程製造:變更
tw-typing-v4-045	26	required	土地	civil-engineering,mcbopomofo	概念詞族	工程製造:土地
tw-typing-v4-045	26	required	拉伸彈簧	manufacturing	概念詞族	工程製造:拉伸
tw-typing-v4-045	26	optional	彎曲應力	manufacturing	概念詞族	工程製造:彎曲
tw-typing-v4-045	26	required	都市計畫	civil-engineering,mcbopomofo	概念詞族	工程製造:都市
tw-typing-v4-045	26	optional	單元式製造	industrial-engineering	概念詞族	工程製造:單元
tw-typing-v4-046	185	required	主動脈剝離	medicine	概念詞族	醫療生技:剝離
tw-typing-v4-046	185	optional	髖關節	mcbopomofo,medicine	概念詞族	醫療生技:關節
tw-typing-v4-046	185	required	靜脈	mcbopomofo,medicine	概念詞族	醫療生技:靜脈
tw-typing-v4-046	185	optional	關節炎	mcbopomofo,medicine	概念詞族	醫療生技:關節
tw-typing-v4-046	185	required	肺纖維化	medicine	概念詞族	醫療生技:維化
tw-typing-v4-046	185	required	試驗	biotech-pharma,civil-engineering,materials-chemistry,mcbopomofo,medicine,semiconductor	同義近義	測試試驗檢測
tw-typing-v4-046	185	required	頸動脈	mcbopomofo,medicine	概念詞族	醫療生技:動脈
tw-typing-v4-046	185	required	心肌纖維化	medicine	概念詞族	醫療生技:維化
tw-typing-v4-046	185	optional	原代細胞	biotech-pharma	概念詞族	醫療生技:細胞
tw-typing-v4-046	185	optional	細胞工程	biotech-pharma	概念詞族	醫療生技:細胞
tw-typing-v4-046	185	required	下肢靜脈	medicine	概念詞族	醫療生技:靜脈
tw-typing-v4-046	185	required	剝離術	medicine	概念詞族	醫療生技:剝離
tw-typing-v4-046	185	optional	稽核	energy-environment,mcbopomofo,network-security	同義近義	檢查查核稽核
tw-typing-v4-046	185	required	動脈	mcbopomofo,medicine	概念詞族	醫療生技:動脈
tw-typing-v4-046	185	optional	表觀遺傳學	biotech-pharma	概念詞族	醫療生技:遺傳
tw-typing-v4-046	185	required	冠狀動脈	mcbopomofo,medicine	概念詞族	醫療生技:動脈
tw-typing-v4-046	185	required	靜脈曲張	mcbopomofo,medicine	概念詞族	醫療生技:靜脈
tw-typing-v4-046	185	optional	細胞轉染	biotech-pharma	概念詞族	醫療生技:細胞
tw-typing-v4-046	185	optional	檢查	mcbopomofo,medicine,semiconductor	同義近義	檢查查核稽核
tw-typing-v4-046	185	optional	定序	biotech-pharma	概念詞族	醫療生技:定序
tw-typing-v4-046	185	required	檢測	mcbopomofo,medicine,semiconductor	同義近義	測試試驗檢測
tw-typing-v4-046	185	required	測試	mcbopomofo,semiconductor,software	同義近義	測試試驗檢測
tw-typing-v4-046	185	optional	查核	mcbopomofo	同義近義	檢查查核稽核
tw-typing-v4-046	185	optional	流式細胞儀	biotech-pharma	概念詞族	醫療生技:細胞
tw-typing-v4-046	185	optional	長讀長定序	biotech-pharma	概念詞族	醫療生技:定序
tw-typing-v4-046	185	required	剝離	mcbopomofo,medicine	概念詞族	醫療生技:剝離
tw-typing-v4-046	185	optional	膝關節	mcbopomofo,medicine	概念詞族	醫療生技:關節
tw-typing-v4-046	185	required	纖維化	medicine	概念詞族	醫療生技:維化
tw-typing-v4-046	185	optional	基因定序	biotech-pharma	概念詞族	醫療生技:定序
tw-typing-v4-046	185	optional	外顯子定序	biotech-pharma	概念詞族	醫療生技:定序
tw-typing-v4-047	35	required	基本權	law	概念詞族	政府法律:本權
tw-typing-v4-047	35	required	正當	law,mcbopomofo	概念詞族	政府法律:正當
tw-typing-v4-047	35	required	證據保全	law	概念詞族	政府法律:保全
tw-typing-v4-047	35	optional	利益	government,mcbopomofo	概念詞族	政府法律:利益
tw-typing-v4-047	35	required	保全程序	law	概念詞族	政府法律:保全
tw-typing-v4-047	35	required	憲法基本權	law	概念詞族	政府法律:本權
tw-typing-v4-047	35	optional	表見代理	law	概念詞族	政府法律:代理
tw-typing-v4-047	35	optional	契約自由	law	概念詞族	政府法律:自由
tw-typing-v4-047	35	required	債權行為	law	概念詞族	政府法律:債權
tw-typing-v4-047	35	required	第三人	law	概念詞族	政府法律:第三
tw-typing-v4-047	35	optional	結社自由	law	概念詞族	政府法律:自由
tw-typing-v4-047	35	required	抗辯	law,mcbopomofo	概念詞族	政府法律:抗辯
tw-typing-v4-047	35	optional	代理制度	law	概念詞族	政府法律:代理
tw-typing-v4-047	35	optional	程序	law,mcbopomofo,network-security	概念詞族	政府法律:程序
tw-typing-v4-047	35	required	遺產管理人	law	概念詞族	政府法律:遺產
tw-typing-v4-047	35	required	查照	government,mcbopomofo	單詞	查照
tw-typing-v4-047	35	required	不安抗辯	law	概念詞族	政府法律:抗辯
tw-typing-v4-047	35	optional	自白法則	law	概念詞族	政府法律:法則
tw-typing-v4-047	35	optional	審判程序	law	概念詞族	政府法律:程序
tw-typing-v4-047	35	required	遺產分割	law	概念詞族	政府法律:遺產
tw-typing-v4-047	35	required	第三審	law	概念詞族	政府法律:第三
tw-typing-v4-047	35	optional	列管	government,mcbopomofo	概念詞族	政府法律:列管
tw-typing-v4-047	35	optional	列管案件	government	概念詞族	政府法律:列管
tw-typing-v4-047	35	optional	訴之利益	law	概念詞族	政府法律:利益
tw-typing-v4-047	35	optional	傳聞法則	law	概念詞族	政府法律:法則
tw-typing-v4-047	35	optional	自由	law,mcbopomofo	概念詞族	政府法律:自由
tw-typing-v4-047	35	required	債權讓與	law	概念詞族	政府法律:債權
tw-typing-v4-047	35	optional	無權代理	law	概念詞族	政府法律:代理
tw-typing-v4-047	35	optional	行政程序	law	概念詞族	政府法律:程序
tw-typing-v4-047	35	required	正當行為	law,mcbopomofo	概念詞族	政府法律:正當
tw-typing-v4-048	106	required	正在	mcbopomofo	單詞	正在
tw-typing-v4-048	106	required	專輯	mcbopomofo	單詞	專輯
tw-typing-v4-048	106	optional	居家辦公	general	概念詞族	日常生活:居家
tw-typing-v4-048	106	optional	考上	mcbopomofo	單詞	考上
tw-typing-v4-048	106	required	共計	mcbopomofo	單詞	共計
tw-typing-v4-048	106	required	男人	mcbopomofo	單詞	男人
tw-typing-v4-048	106	required	許可	mcbopomofo	單詞	許可
tw-typing-v4-048	106	optional	在台	mcbopomofo	單詞	在台
tw-typing-v4-048	106	optional	一家人	mcbopomofo	單詞	一家人
tw-typing-v4-048	106	required	視為	mcbopomofo	單詞	視為
tw-typing-v4-048	106	optional	宏碁	mcbopomofo	單詞	宏碁
tw-typing-v4-048	106	optional	機會	mcbopomofo	單詞	機會
tw-typing-v4-048	106	optional	則是	mcbopomofo	單詞	則是
tw-typing-v4-048	106	required	高爾夫	mcbopomofo	單詞	高爾夫
tw-typing-v4-048	106	optional	就去	mcbopomofo	單詞	就去
tw-typing-v4-048	106	optional	二十	mcbopomofo	概念詞族	日常生活:二十
tw-typing-v4-048	106	required	左邊	mcbopomofo	單詞	左邊
tw-typing-v4-048	106	required	表現	mcbopomofo	概念詞族	日常生活:表現
tw-typing-v4-048	106	optional	結婚	mcbopomofo	概念詞族	日常生活:結婚
tw-typing-v4-048	106	required	在內	mcbopomofo	單詞	在內
tw-typing-v4-048	106	required	也要	mcbopomofo	單詞	也要
tw-typing-v4-048	106	required	相當	mcbopomofo	單詞	相當
tw-typing-v4-048	106	optional	一間	mcbopomofo	單詞	一間
tw-typing-v4-048	106	optional	不必	mcbopomofo	單詞	不必
tw-typing-v4-048	106	optional	兩個人	mcbopomofo	概念詞族	日常生活:個人
tw-typing-v4-048	106	required	享受	mcbopomofo	單詞	享受
tw-typing-v4-048	106	required	招生	mcbopomofo	單詞	招生
tw-typing-v4-048	106	optional	權威	mcbopomofo	單詞	權威
tw-typing-v4-048	106	required	外面	mcbopomofo	單詞	外面
tw-typing-v4-048	106	optional	男生	mcbopomofo	單詞	男生
tw-typing-v4-049	16	required	影像剪輯	media-design	概念詞族	媒體設計:剪輯
tw-typing-v4-049	16	optional	版面設計	media-design	概念詞族	媒體設計:面設
tw-typing-v4-049	16	optional	守門理論	media-design	概念詞族	媒體設計:理論
tw-typing-v4-049	16	required	議題設定	media-design	概念詞族	媒體設計:議題
tw-typing-v4-049	16	required	網格系統	media-design	單詞	網格系統
tw-typing-v4-049	16	required	色溫	media-design	單詞	色溫
tw-typing-v4-049	16	optional	資訊架構	media-design	概念詞族	媒體設計:架構
tw-typing-v4-049	16	optional	容器格式	media-design	概念詞族	媒體設計:格式
tw-typing-v4-049	16	optional	非線性剪輯	media-design	概念詞族	媒體設計:非線
tw-typing-v4-049	16	optional	原型設計	media-design	概念詞族	媒體設計:型設
tw-typing-v4-049	16	required	圖像設計	media-design	概念詞族	媒體設計:圖像
tw-typing-v4-049	16	required	設計系統	media-design	單詞	設計系統
tw-typing-v4-049	16	optional	時間軸	media-design	概念詞族	媒體設計:時間
tw-typing-v4-049	16	optional	動態範圍	media-design	概念詞族	媒體設計:動態
tw-typing-v4-049	16	required	可用性測試	media-design	概念詞族	媒體設計:可用
tw-typing-v4-049	16	optional	動態設計	media-design	概念詞族	媒體設計:動態
tw-typing-v4-049	16	optional	動態圖形	media-design	概念詞族	媒體設計:圖形
tw-typing-v4-049	16	optional	字型設計	media-design	概念詞族	媒體設計:型設
tw-typing-v4-049	16	required	關鍵影格	media-design	概念詞族	媒體設計:關鍵
tw-typing-v4-049	16	optional	黃金分割	media-design	概念詞族	媒體設計:分割
tw-typing-v4-049	16	required	元件庫	media-design	概念詞族	媒體設計:件庫
tw-typing-v4-049	16	optional	編碼格式	media-design	概念詞族	媒體設計:格式
tw-typing-v4-049	16	required	曝光補償	media-design	概念詞族	媒體設計:補償
tw-typing-v4-049	16	required	焦點團體	media-design	概念詞族	媒體設計:團體
tw-typing-v4-049	16	optional	設計思考	media-design	概念詞族	媒體設計:思考
tw-typing-v4-049	16	required	引導線	media-design	單詞	引導線
tw-typing-v4-049	16	required	聲音混音	media-design	概念詞族	媒體設計:聲音
tw-typing-v4-049	16	required	新聞價值	media-design	概念詞族	媒體設計:價值
tw-typing-v4-049	16	required	測光	media-design	單詞	測光
tw-typing-v4-049	16	optional	攝影構圖	media-design	概念詞族	媒體設計:攝影
tw-typing-v4-050	31	optional	鈑金加工	manufacturing	概念詞族	工程製造:加工
tw-typing-v4-050	31	optional	扭力彈簧	manufacturing	概念詞族	工程製造:彈簧
tw-typing-v4-050	31	required	檢測設備	manufacturing	概念詞族	工程製造:設備
tw-typing-v4-050	31	required	設備	energy-environment,finance,industrial-engineering,manufacturing,mcbopomofo,semiconductor	概念詞族	工程製造:設備
tw-typing-v4-050	31	required	效率改善	industrial-engineering	概念詞族	工程製造:效率
tw-typing-v4-050	31	optional	壓鑄模具	manufacturing	概念詞族	工程製造:壓鑄
tw-typing-v4-050	31	required	積層製造	manufacturing	概念詞族	工程製造:製造
tw-typing-v4-050	31	optional	可靠度工程	manufacturing	概念詞族	工程製造:靠度
tw-typing-v4-050	31	optional	資料	ai-data-science,government,mcbopomofo,network-security	同義近義	資料資訊數據
tw-typing-v4-050	31	required	性能式設計	civil-engineering	概念詞族	工程製造:性能
tw-typing-v4-050	31	required	帷幕牆補強	civil-engineering	概念詞族	工程製造:牆補
tw-typing-v4-050	31	required	建築聲學	civil-engineering	概念詞族	工程製造:建築
tw-typing-v4-050	31	required	抽樣檢驗	industrial-engineering,manufacturing	概念詞族	工程製造:抽樣
tw-typing-v4-050	31	required	穩定分析	civil-engineering	概念詞族	工程製造:穩定
tw-typing-v4-050	31	optional	壓縮彈簧	manufacturing	概念詞族	工程製造:彈簧
tw-typing-v4-050	31	required	吸音性能	civil-engineering	概念詞族	工程製造:性能
tw-typing-v4-050	31	required	建築	civil-engineering,mcbopomofo	概念詞族	工程製造:建築
tw-typing-v4-050	31	optional	噴射混凝土	civil-engineering	概念詞族	工程製造:噴射
tw-typing-v4-050	31	required	剪力牆補強	civil-engineering	概念詞族	工程製造:牆補
tw-typing-v4-050	31	optional	水刀加工	manufacturing	概念詞族	工程製造:加工
tw-typing-v4-050	31	optional	壓鑄機	manufacturing	概念詞族	工程製造:壓鑄
tw-typing-v4-050	31	optional	資訊	civil-engineering,education,government,mcbopomofo,network-security	同義近義	資料資訊數據
tw-typing-v4-050	31	optional	效率	manufacturing,mcbopomofo	概念詞族	工程製造:效率
tw-typing-v4-050	31	required	工作抽樣	industrial-engineering	概念詞族	工程製造:抽樣
tw-typing-v4-050	31	required	開挖面穩定	civil-engineering	概念詞族	工程製造:穩定
tw-typing-v4-050	31	optional	樓板修復	civil-engineering	概念詞族	工程製造:板修
tw-typing-v4-050	31	optional	可靠度	industrial-engineering,transport-logistics	概念詞族	工程製造:靠度
tw-typing-v4-050	31	required	增材製造	manufacturing	概念詞族	工程製造:製造
tw-typing-v4-050	31	optional	噴射	civil-engineering,mcbopomofo	概念詞族	工程製造:噴射
tw-typing-v4-050	31	optional	模板修復	civil-engineering	概念詞族	工程製造:板修
tw-typing-v4-051	21	optional	帷幕牆檢驗	civil-engineering	概念詞族	工程製造:牆檢
tw-typing-v4-051	21	required	填土	civil-engineering,mcbopomofo	單詞	填土
tw-typing-v4-051	21	optional	帷幕牆施工	civil-engineering	概念詞族	工程製造:牆施
tw-typing-v4-051	21	optional	建築節能	civil-engineering	概念詞族	工程製造:節能
tw-typing-v4-051	21	optional	剪力牆施工	civil-engineering	概念詞族	工程製造:牆施
tw-typing-v4-051	21	required	剪力牆監測	civil-engineering	概念詞族	工程製造:牆監
tw-typing-v4-051	21	required	基礎修復	civil-engineering	概念詞族	工程製造:修復
tw-typing-v4-051	21	required	帷幕牆監測	civil-engineering	概念詞族	工程製造:牆監
tw-typing-v4-051	21	optional	景觀工程	civil-engineering	單詞	景觀工程
tw-typing-v4-051	21	required	材料試驗	civil-engineering	概念詞族	工程製造:試驗
tw-typing-v4-051	21	required	生活圈規劃	civil-engineering	概念詞族	工程製造:生活
tw-typing-v4-051	21	required	工作型	industrial-engineering	概念詞族	工程製造:工作
tw-typing-v4-051	21	required	混凝土修復	civil-engineering	概念詞族	工程製造:修復
tw-typing-v4-051	21	required	統計	industrial-engineering,manufacturing,mcbopomofo,semiconductor	概念詞族	工程製造:統計
tw-typing-v4-051	21	optional	集水區分析	civil-engineering	概念詞族	工程製造:區分
tw-typing-v4-051	21	optional	外殼節能	civil-engineering	概念詞族	工程製造:節能
tw-typing-v4-051	21	optional	耐震評估	civil-engineering	概念詞族	工程製造:耐震
tw-typing-v4-051	21	optional	剪力牆檢驗	civil-engineering	概念詞族	工程製造:牆檢
tw-typing-v4-051	21	required	施工	civil-engineering,mcbopomofo	概念詞族	工程製造:施工
tw-typing-v4-051	21	required	生產	industrial-engineering,manufacturing,mcbopomofo	同義近義	生產製造
tw-typing-v4-051	21	optional	方塊圖	industrial-engineering	單詞	方塊圖
tw-typing-v4-051	21	optional	耐震	civil-engineering,mcbopomofo	概念詞族	工程製造:耐震
tw-typing-v4-051	21	optional	金屬	manufacturing,mcbopomofo	概念詞族	工程製造:金屬
tw-typing-v4-051	21	optional	幾何公差	manufacturing	概念詞族	工程製造:幾何
tw-typing-v4-051	21	required	製造	manufacturing,mcbopomofo	同義近義	生產製造
tw-typing-v4-051	21	optional	工廠	industrial-engineering,mcbopomofo	同義近義	工廠工場
tw-typing-v4-051	21	required	自動警報	civil-engineering,mcbopomofo	概念詞族	工程製造:警報
tw-typing-v4-051	21	required	取樣試驗	civil-engineering	概念詞族	工程製造:試驗
tw-typing-v4-051	21	required	平面磨削	manufacturing	概念詞族	工程製造:磨削
tw-typing-v4-051	21	optional	產能利用率	industrial-engineering	概念詞族	工程製造:用率
tw-typing-v4-052	49	optional	閘道服務	software	概念詞族	數位科技:服務
tw-typing-v4-052	49	optional	命令	mcbopomofo,software	概念詞族	數位科技:命令
tw-typing-v4-052	49	optional	程式碼	mcbopomofo,network-security,software	概念詞族	數位科技:程式
tw-typing-v4-052	49	optional	命令注入	network-security	概念詞族	數位科技:命令
tw-typing-v4-052	49	optional	上下文	mcbopomofo,software	概念詞族	數位科技:上下
tw-typing-v4-052	49	required	生成樹協定	network-security	概念詞族	數位科技:協定
tw-typing-v4-052	49	required	協定	mcbopomofo,network-security	概念詞族	數位科技:協定
tw-typing-v4-052	49	required	分類	ai-data-science,mcbopomofo,semiconductor	概念詞族	數位科技:分類
tw-typing-v4-052	49	required	監控	ai-data-science,mcbopomofo,semiconductor,software	同義近義	監控監測
tw-typing-v4-052	49	optional	平均	ai-data-science,finance,manufacturing,mcbopomofo	概念詞族	數位科技:平均
tw-typing-v4-052	49	required	權限提升	network-security	概念詞族	數位科技:提升
tw-typing-v4-052	49	optional	通知服務	software	概念詞族	數位科技:通知
tw-typing-v4-052	49	required	威脅偵測	network-security	概念詞族	數位科技:偵測
tw-typing-v4-052	49	optional	通知系統	software	概念詞族	數位科技:通知
tw-typing-v4-052	49	optional	應用程式	mcbopomofo,network-security,software	概念詞族	數位科技:程式
tw-typing-v4-052	49	required	檢索	ai-data-science,mcbopomofo	概念詞族	數位科技:檢索
tw-typing-v4-052	49	optional	快取	mcbopomofo,software	概念詞族	數位科技:快取
tw-typing-v4-052	49	optional	解析	mcbopomofo,network-security	同義近義	分析解析
tw-typing-v4-052	49	optional	上下文視窗	ai-data-science	概念詞族	數位科技:上下
tw-typing-v4-052	49	required	分類模型	ai-data-science	概念詞族	數位科技:分類
tw-typing-v4-052	49	required	監測	biotech-pharma,civil-engineering,energy-environment,mcbopomofo,medicine	同義近義	監控監測
tw-typing-v4-052	49	required	提升	ai-data-science,mcbopomofo	概念詞族	數位科技:提升
tw-typing-v4-052	49	required	視覺	ai-data-science,mcbopomofo,media-design	概念詞族	數位科技:視覺
tw-typing-v4-052	49	optional	快取系統	software	概念詞族	數位科技:快取
tw-typing-v4-052	49	required	視覺模型	ai-data-science	概念詞族	數位科技:視覺
tw-typing-v4-052	49	required	偵測	mcbopomofo,network-security	概念詞族	數位科技:偵測
tw-typing-v4-052	49	required	服務	mcbopomofo,network-security	概念詞族	數位科技:服務
tw-typing-v4-052	49	required	檢索模型	ai-data-science	概念詞族	數位科技:檢索
tw-typing-v4-052	49	optional	分析	agriculture-food,ai-data-science,biotech-pharma,business,civil-engineering,industrial-engineering,mcbopomofo,network-security,semiconductor	同義近義	分析解析
tw-typing-v4-052	49	optional	平均精確率	ai-data-science	概念詞族	數位科技:平均
tw-typing-v4-053	158	required	袋式集塵器	energy-environment	概念詞族	科學環境:塵器
tw-typing-v4-053	158	required	玻璃熱處理	materials-chemistry	概念詞族	科學環境:璃熱
tw-typing-v4-053	158	optional	紅外光譜	materials-chemistry	概念詞族	科學環境:光譜
tw-typing-v4-053	158	required	析出強化	materials-chemistry	概念詞族	科學環境:強化
tw-typing-v4-053	158	optional	臭氧消毒	energy-environment	概念詞族	科學環境:消毒
tw-typing-v4-053	158	optional	細晶強化	materials-chemistry	概念詞族	科學環境:強化
tw-typing-v4-053	158	required	奈米材料	materials-chemistry,mcbopomofo	概念詞族	科學環境:奈米
tw-typing-v4-053	158	optional	掃描	materials-chemistry,mcbopomofo,medicine	概念詞族	科學環境:掃描
tw-typing-v4-053	158	optional	化學計量	science	概念詞族	科學環境:化學
tw-typing-v4-053	158	required	併網保護	energy-environment	概念詞族	科學環境:保護
tw-typing-v4-053	158	required	天體物理	science	概念詞族	科學環境:物理
tw-typing-v4-053	158	required	厭氧消化	energy-environment	概念詞族	科學環境:氧消
tw-typing-v4-053	158	optional	活性碳吸附	energy-environment,materials-chemistry	概念詞族	科學環境:活性
tw-typing-v4-053	158	optional	鋼材熱性質	materials-chemistry	概念詞族	科學環境:材熱
tw-typing-v4-053	158	required	電漿物理	science	概念詞族	科學環境:物理
tw-typing-v4-053	158	optional	鋼材熱處理	materials-chemistry	概念詞族	科學環境:材熱
tw-typing-v4-053	158	required	膠體化學	science	概念詞族	科學環境:體化
tw-typing-v4-053	158	required	奈米壓痕	materials-chemistry	概念詞族	科學環境:奈米
tw-typing-v4-053	158	optional	掃描式	materials-chemistry,mcbopomofo	概念詞族	科學環境:掃描
tw-typing-v4-053	158	optional	紫外線消毒	energy-environment	概念詞族	科學環境:消毒
tw-typing-v4-053	158	required	靜電集塵器	energy-environment	概念詞族	科學環境:塵器
tw-typing-v4-053	158	optional	拉曼光譜	materials-chemistry	概念詞族	科學環境:光譜
tw-typing-v4-053	158	required	陽極保護	materials-chemistry	概念詞族	科學環境:保護
tw-typing-v4-053	158	optional	波動光學	science	概念詞族	科學環境:波動
tw-typing-v4-053	158	required	好氧消化	energy-environment	概念詞族	科學環境:氧消
tw-typing-v4-053	158	required	玻璃熱性質	materials-chemistry	概念詞族	科學環境:璃熱
tw-typing-v4-053	158	optional	活性污泥法	energy-environment	概念詞族	科學環境:活性
tw-typing-v4-053	158	optional	波動方程	science	概念詞族	科學環境:波動
tw-typing-v4-053	158	required	流體化床	materials-chemistry	概念詞族	科學環境:體化
tw-typing-v4-053	158	optional	綠色化學	energy-environment	概念詞族	科學環境:化學
tw-typing-v4-054	60	optional	人類	ai-data-science,mcbopomofo	單詞	人類
tw-typing-v4-054	60	required	變動	ai-data-science,mcbopomofo	概念詞族	數位科技:變動
tw-typing-v4-054	60	required	維運	software	單詞	維運
tw-typing-v4-054	60	optional	階層式分群	ai-data-science	概念詞族	數位科技:分群
tw-typing-v4-054	60	optional	句法剖析	ai-data-science	概念詞族	數位科技:句法
tw-typing-v4-054	60	required	三向交握	network-security	單詞	三向交握
tw-typing-v4-054	60	optional	實體	ai-data-science,mcbopomofo	概念詞族	數位科技:實體
tw-typing-v4-054	60	required	戴克斯特拉	software	概念詞族	數位科技:斯特
tw-typing-v4-054	60	optional	動態	mcbopomofo,network-security,semiconductor	概念詞族	數位科技:動態
tw-typing-v4-054	60	required	文法	mcbopomofo,software	單詞	文法
tw-typing-v4-054	60	optional	滲透測試	network-security	概念詞族	數位科技:滲透
tw-typing-v4-054	60	optional	網路釣魚	network-security	概念詞族	數位科技:釣魚
tw-typing-v4-054	60	optional	學習	ai-data-science,education,mcbopomofo	概念詞族	數位科技:學習
tw-typing-v4-054	60	required	區域網路	mcbopomofo,network-security	概念詞族	數位科技:區域
tw-typing-v4-054	60	required	工具使用	ai-data-science	概念詞族	數位科技:工具
tw-typing-v4-054	60	optional	監督式學習	ai-data-science	概念詞族	數位科技:式學
tw-typing-v4-054	60	required	監督式微調	ai-data-science	概念詞族	數位科技:式微
tw-typing-v4-054	60	optional	請求	mcbopomofo,network-security	概念詞族	數位科技:請求
tw-typing-v4-054	60	required	卷積	ai-data-science	單詞	卷積
tw-typing-v4-054	60	required	星型綱要	ai-data-science	單詞	星型綱要
tw-typing-v4-054	60	required	語言模型	ai-data-science,general	概念詞族	數位科技:言模
tw-typing-v4-054	60	required	主動學習	ai-data-science	概念詞族	數位科技:主動
tw-typing-v4-054	60	optional	語言	ai-data-science,education,general,mcbopomofo	概念詞族	數位科技:語言
tw-typing-v4-054	60	required	門控	ai-data-science	單詞	門控
tw-typing-v4-054	60	required	可觀測性	ai-data-science	單詞	可觀測性
tw-typing-v4-054	60	optional	權限檢查	network-security	概念詞族	數位科技:權限
tw-typing-v4-054	60	optional	反轉	mcbopomofo,software	單詞	反轉
tw-typing-v4-054	60	optional	資料準備	ai-data-science,semiconductor	概念詞族	數位科技:準備
tw-typing-v4-054	60	required	樸素	ai-data-science,mcbopomofo	單詞	樸素
tw-typing-v4-054	60	optional	基礎設施	software	概念詞族	數位科技:礎設
tw-typing-v4-055	168	required	防制	energy-environment,mcbopomofo	單詞	防制
tw-typing-v4-055	168	required	簡諧振子	science	概念詞族	科學環境:諧振
tw-typing-v4-055	168	optional	古典力學	science	概念詞族	科學環境:古典
tw-typing-v4-055	168	required	亥姆霍茲	science	單詞	亥姆霍茲
tw-typing-v4-055	168	required	蛋白質轉譯	science	概念詞族	科學環境:白質
tw-typing-v4-055	168	optional	攪拌槽	materials-chemistry	概念詞族	科學環境:攪拌
tw-typing-v4-055	168	required	熱泵	science	單詞	熱泵
tw-typing-v4-055	168	required	細胞骨架	science	概念詞族	科學環境:細胞
tw-typing-v4-055	168	optional	溶劑回收	materials-chemistry	概念詞族	科學環境:回收
tw-typing-v4-055	168	required	傅立葉	materials-chemistry,mcbopomofo	單詞	傅立葉
tw-typing-v4-055	168	required	不可逆過程	science	概念詞族	科學環境:逆過
tw-typing-v4-055	168	required	法規符合性	energy-environment	概念詞族	科學環境:符合
tw-typing-v4-055	168	required	裂紋	materials-chemistry,mcbopomofo	概念詞族	科學環境:裂紋
tw-typing-v4-055	168	optional	固態物理	science	概念詞族	科學環境:固態
tw-typing-v4-055	168	optional	轉移溫度	materials-chemistry	概念詞族	科學環境:溫度
tw-typing-v4-055	168	optional	蠕變試驗	materials-chemistry	概念詞族	科學環境:試驗
tw-typing-v4-055	168	optional	陰極防蝕	materials-chemistry	單詞	陰極防蝕
tw-typing-v4-055	168	optional	離峰負載	energy-environment	概念詞族	科學環境:負載
tw-typing-v4-055	168	required	力學性質	materials-chemistry	概念詞族	科學環境:性質
tw-typing-v4-055	168	optional	需求反應	energy-environment	概念詞族	科學環境:需求
tw-typing-v4-055	168	optional	可逆過程	science	概念詞族	科學環境:可逆
tw-typing-v4-055	168	required	統計力學	science	概念詞族	科學環境:統計
tw-typing-v4-055	168	required	不確定	science	概念詞族	科學環境:確定
tw-typing-v4-055	168	optional	波印廷向量	science	概念詞族	科學環境:向量
tw-typing-v4-055	168	optional	輔助服務	energy-environment	概念詞族	科學環境:輔助
tw-typing-v4-055	168	optional	遺傳漂變	science	概念詞族	科學環境:遺傳
tw-typing-v4-055	168	optional	熱傳導	science	概念詞族	科學環境:傳導
tw-typing-v4-055	168	required	吉布斯	science	概念詞族	科學環境:布斯
tw-typing-v4-055	168	optional	配電饋線	energy-environment	單詞	配電饋線
tw-typing-v4-055	168	required	連續	materials-chemistry,mcbopomofo,medicine	概念詞族	科學環境:連續
tw-typing-v4-056	6	optional	留存率	business	概念詞族	商業管理:留存
tw-typing-v4-056	6	optional	人力分析	business	概念詞族	商業管理:力分
tw-typing-v4-056	6	required	標準成本	finance	概念詞族	商業管理:標準
tw-typing-v4-056	6	optional	商業模式	business	概念詞族	商業管理:商業
tw-typing-v4-056	6	required	銷售	business,mcbopomofo	單詞	銷售
tw-typing-v4-056	6	optional	聯合成本	finance	概念詞族	商業管理:合成
tw-typing-v4-056	6	optional	初級市場	finance	概念詞族	商業管理:級市
tw-typing-v4-056	6	optional	員工敬業度	business	概念詞族	商業管理:員工
tw-typing-v4-056	6	optional	交換契約	finance	概念詞族	商業管理:交換
tw-typing-v4-056	6	optional	直接人工	finance	概念詞族	商業管理:人工
tw-typing-v4-056	6	required	永續報告書	business	概念詞族	商業管理:永續
tw-typing-v4-056	6	required	週轉率	finance,mcbopomofo	概念詞族	商業管理:週轉
tw-typing-v4-056	6	required	雙重重大性	business	概念詞族	商業管理:雙重
tw-typing-v4-056	6	required	綜合損益	finance	概念詞族	商業管理:綜合
tw-typing-v4-056	6	required	分解	business,mcbopomofo	單詞	分解
tw-typing-v4-056	6	optional	存續期間	finance	概念詞族	商業管理:期間
tw-typing-v4-056	6	required	金融	finance,mcbopomofo	概念詞族	商業管理:金融
tw-typing-v4-056	6	optional	普通公司債	finance	概念詞族	商業管理:公司
tw-typing-v4-056	6	required	促銷活動	business	概念詞族	商業管理:活動
tw-typing-v4-056	6	optional	取得	business,mcbopomofo	概念詞族	商業管理:取得
tw-typing-v4-056	6	required	非預期損失	finance	概念詞族	商業管理:預期
tw-typing-v4-056	6	optional	流動性風險	finance	概念詞族	商業管理:流動
tw-typing-v4-056	6	required	人力盤點	business	概念詞族	商業管理:盤點
tw-typing-v4-056	6	optional	顧客滿意度	business	概念詞族	商業管理:顧客
tw-typing-v4-056	6	required	專案	business,mcbopomofo	單詞	專案
tw-typing-v4-056	6	optional	生命週期	business	概念詞族	商業管理:生命
tw-typing-v4-056	6	required	衍生性	finance	概念詞族	商業管理:衍生
tw-typing-v4-056	6	optional	搜尋引擎	business,mcbopomofo,software	概念詞族	商業管理:搜尋
tw-typing-v4-056	6	required	投資現金流	finance	概念詞族	商業管理:資現
tw-typing-v4-056	6	required	融資現金流	finance	概念詞族	商業管理:融資
tw-typing-v4-057	172	required	乙正	chinese	單詞	乙正
tw-typing-v4-057	172	required	本字	chinese	單詞	本字
tw-typing-v4-057	172	required	陰上	chinese	單詞	陰上
tw-typing-v4-057	172	optional	次清	chinese	單詞	次清
tw-typing-v4-057	172	required	活字本	chinese	單詞	活字本
tw-typing-v4-057	172	required	作品研究	chinese	概念詞族	語文人文:作品
tw-typing-v4-057	172	required	互文性	chinese	單詞	互文性
tw-typing-v4-057	172	optional	形訓	chinese	單詞	形訓
tw-typing-v4-057	172	optional	漢語語言學	chinese	概念詞族	語文人文:漢語
tw-typing-v4-057	172	required	等韻	chinese	單詞	等韻
tw-typing-v4-057	172	required	後起字	chinese	單詞	後起字
tw-typing-v4-057	172	optional	訛文	chinese	單詞	訛文
tw-typing-v4-057	172	required	關漢卿	chinese	單詞	關漢卿
tw-typing-v4-057	172	optional	曹雪芹	chinese,mcbopomofo,people-history	單詞	曹雪芹
tw-typing-v4-057	172	optional	條件複句	chinese	概念詞族	語文人文:條件
tw-typing-v4-057	172	optional	疊韻詞	chinese	單詞	疊韻詞
tw-typing-v4-057	172	optional	聯綿詞	chinese	單詞	聯綿詞
tw-typing-v4-057	172	optional	文體學	chinese	概念詞族	語文人文:體學
tw-typing-v4-057	172	optional	次濁	chinese	單詞	次濁
tw-typing-v4-057	172	optional	中心語	chinese	概念詞族	語文人文:中心
tw-typing-v4-057	172	required	偏正複句	chinese	概念詞族	語文人文:偏正
tw-typing-v4-057	172	required	母題	chinese	單詞	母題
tw-typing-v4-057	172	required	歐陽修	chinese,mcbopomofo,people-history	單詞	歐陽修
tw-typing-v4-057	172	optional	假設複句	chinese	概念詞族	語文人文:假設
tw-typing-v4-057	172	required	頂真	chinese	單詞	頂真
tw-typing-v4-057	172	optional	集韻	chinese	單詞	集韻
tw-typing-v4-057	172	optional	志怪	chinese	單詞	志怪
tw-typing-v4-057	172	required	兼語句	chinese	單詞	兼語句
tw-typing-v4-057	172	required	不可靠	chinese	概念詞族	語文人文:可靠
tw-typing-v4-057	172	optional	義符	chinese	單詞	義符
tw-typing-v4-058	200	required	存取	mcbopomofo,semiconductor	概念詞族	電子半導體:存取
tw-typing-v4-058	200	required	順向式	electronics	單詞	順向式
tw-typing-v4-058	200	optional	比例控制	electronics	概念詞族	電子半導體:比例
tw-typing-v4-058	200	required	總諧波失真	electronics	單詞	總諧波失真
tw-typing-v4-058	200	required	靜態	mcbopomofo,semiconductor	單詞	靜態
tw-typing-v4-058	200	required	電磁接觸器	electronics	概念詞族	電子半導體:接觸
tw-typing-v4-058	200	required	條件	mcbopomofo,semiconductor	概念詞族	電子半導體:條件
tw-typing-v4-058	200	optional	奈奎斯特圖	electronics	概念詞族	電子半導體:斯特
tw-typing-v4-058	200	required	逆變器	electronics,energy-environment	概念詞族	電子半導體:變器
tw-typing-v4-058	200	required	缺陷分析	semiconductor	概念詞族	電子半導體:缺陷
tw-typing-v4-058	200	optional	死區時間	electronics	概念詞族	電子半導體:時間
tw-typing-v4-058	200	required	低壓差	electronics	單詞	低壓差
tw-typing-v4-058	200	required	放電	mcbopomofo,semiconductor	概念詞族	電子半導體:放電
tw-typing-v4-058	200	required	多重圖案化	semiconductor	概念詞族	電子半導體:多重
tw-typing-v4-058	200	optional	寄生	mcbopomofo,semiconductor	單詞	寄生
tw-typing-v4-058	200	optional	光耦合器	electronics	單詞	光耦合器
tw-typing-v4-058	200	optional	靜電	mcbopomofo,semiconductor	概念詞族	電子半導體:靜電
tw-typing-v4-058	200	required	肖特基	electronics	單詞	肖特基
tw-typing-v4-058	200	optional	檢測機台	semiconductor	概念詞族	電子半導體:測機
tw-typing-v4-058	200	required	永磁	electronics	單詞	永磁
tw-typing-v4-058	200	optional	位障	semiconductor	單詞	位障
tw-typing-v4-058	200	optional	卡爾曼濾波	electronics	概念詞族	電子半導體:爾曼
tw-typing-v4-058	200	optional	施密特	electronics,mcbopomofo	概念詞族	電子半導體:密特
tw-typing-v4-058	200	required	缺陷追蹤	semiconductor	概念詞族	電子半導體:追蹤
tw-typing-v4-058	200	required	觸發器	electronics	單詞	觸發器
tw-typing-v4-058	200	optional	微波電路	electronics	概念詞族	電子半導體:波電
tw-typing-v4-058	200	optional	反應式	mcbopomofo,semiconductor,transport-logistics	概念詞族	電子半導體:應式
tw-typing-v4-058	200	optional	調變	electronics	單詞	調變
tw-typing-v4-058	200	optional	傳遞函數	electronics	概念詞族	電子半導體:函數
tw-typing-v4-058	200	optional	共集極	electronics	單詞	共集極
tw-typing-v4-059	183	optional	代謝體學	biotech-pharma	概念詞族	醫療生技:代謝
tw-typing-v4-059	183	required	半月板撕裂	medicine	概念詞族	醫療生技:撕裂
tw-typing-v4-059	183	optional	代謝工程	biotech-pharma	概念詞族	醫療生技:代謝
tw-typing-v4-059	183	optional	撕裂	mcbopomofo,medicine	概念詞族	醫療生技:撕裂
tw-typing-v4-059	183	optional	不良	biotech-pharma,mcbopomofo,medicine	概念詞族	醫療生技:不良
tw-typing-v4-059	183	optional	胃食道	medicine	概念詞族	醫療生技:食道
tw-typing-v4-059	183	required	機能低下	medicine	概念詞族	醫療生技:低下
tw-typing-v4-059	183	optional	心內膜炎	medicine	概念詞族	醫療生技:內膜
tw-typing-v4-059	183	required	溶血性貧血	medicine	概念詞族	醫療生技:性貧
tw-typing-v4-059	183	required	耐受試驗	medicine	概念詞族	醫療生技:試驗
tw-typing-v4-059	183	required	黏膜	mcbopomofo,medicine	概念詞族	醫療生技:黏膜
tw-typing-v4-059	183	optional	內膜	mcbopomofo,medicine	概念詞族	醫療生技:內膜
tw-typing-v4-059	183	optional	尿蛋白	medicine	概念詞族	醫療生技:蛋白
tw-typing-v4-059	183	required	低下症	medicine	概念詞族	醫療生技:低下
tw-typing-v4-059	183	optional	子宮	mcbopomofo,medicine	概念詞族	醫療生技:子宮
tw-typing-v4-059	183	required	黏膜下	medicine	概念詞族	醫療生技:黏膜
tw-typing-v4-059	183	required	雙盲試驗	biotech-pharma	概念詞族	醫療生技:試驗
tw-typing-v4-059	183	required	控釋製劑	biotech-pharma	概念詞族	醫療生技:釋製
tw-typing-v4-059	183	optional	不良性	medicine	概念詞族	醫療生技:不良
tw-typing-v4-059	183	required	心臟	mcbopomofo,medicine	概念詞族	醫療生技:心臟
tw-typing-v4-059	183	optional	急性腎損傷	medicine	概念詞族	醫療生技:性腎
tw-typing-v4-059	183	optional	食道	mcbopomofo,medicine	概念詞族	醫療生技:食道
tw-typing-v4-059	183	required	緩釋製劑	biotech-pharma	概念詞族	醫療生技:釋製
tw-typing-v4-059	183	optional	子宮腺肌症	medicine	概念詞族	醫療生技:子宮
tw-typing-v4-059	183	required	安定性	biotech-pharma,mcbopomofo	概念詞族	醫療生技:安定
tw-typing-v4-059	183	required	安定性試驗	biotech-pharma	概念詞族	醫療生技:安定
tw-typing-v4-059	183	required	心臟節律器	medicine	概念詞族	醫療生技:心臟
tw-typing-v4-059	183	optional	肌鈣蛋白	medicine	概念詞族	醫療生技:蛋白
tw-typing-v4-059	183	optional	慢性腎臟病	medicine	概念詞族	醫療生技:性腎
tw-typing-v4-059	183	required	巨球性貧血	medicine	概念詞族	醫療生技:性貧
tw-typing-v4-060	186	required	電生理檢查	medicine	概念詞族	醫療生技:生理
tw-typing-v4-060	186	optional	椎間盤突出	medicine	單詞	椎間盤突出
tw-typing-v4-060	186	required	內視鏡	mcbopomofo,medicine	概念詞族	醫療生技:視鏡
tw-typing-v4-060	186	optional	抗菌	mcbopomofo,medicine	單詞	抗菌
tw-typing-v4-060	186	required	安慰劑對照	biotech-pharma	單詞	安慰劑對照
tw-typing-v4-060	186	optional	第一期	biotech-pharma	概念詞族	醫療生技:第一
tw-typing-v4-060	186	optional	攝護腺	mcbopomofo,medicine	單詞	攝護腺
tw-typing-v4-060	186	required	心臟超音波	medicine	概念詞族	醫療生技:音波
tw-typing-v4-060	186	required	終點	biotech-pharma,mcbopomofo	概念詞族	醫療生技:終點
tw-typing-v4-060	186	optional	脂漏性	medicine	單詞	脂漏性
tw-typing-v4-060	186	optional	曲線	biotech-pharma,mcbopomofo	概念詞族	醫療生技:曲線
tw-typing-v4-060	186	optional	數值	mcbopomofo,medicine	概念詞族	醫療生技:數值
tw-typing-v4-060	186	required	介入術	medicine	概念詞族	醫療生技:介入
tw-typing-v4-060	186	required	症候群	mcbopomofo,medicine	單詞	症候群
tw-typing-v4-060	186	optional	清潔確效	biotech-pharma	概念詞族	醫療生技:清潔
tw-typing-v4-060	186	required	側索	medicine	單詞	側索
tw-typing-v4-060	186	optional	聚合酶	biotech-pharma,mcbopomofo	概念詞族	醫療生技:聚合
tw-typing-v4-060	186	required	電腦	mcbopomofo,medicine	概念詞族	醫療生技:電腦
tw-typing-v4-060	186	required	尿流速檢查	medicine	概念詞族	醫療生技:檢查
tw-typing-v4-060	186	optional	藥物篩選	biotech-pharma	概念詞族	醫療生技:篩選
tw-typing-v4-060	186	optional	蛋白質體學	biotech-pharma	概念詞族	醫療生技:白質
tw-typing-v4-060	186	optional	彌漫性	medicine	單詞	彌漫性
tw-typing-v4-060	186	optional	中止症	medicine	概念詞族	醫療生技:中止
tw-typing-v4-060	186	required	去顫器	medicine	單詞	去顫器
tw-typing-v4-060	186	optional	紅血球	mcbopomofo,medicine	概念詞族	醫療生技:血球
tw-typing-v4-060	186	required	人工	mcbopomofo,medicine	概念詞族	醫療生技:人工
tw-typing-v4-060	186	required	三尖瓣逆流	medicine	概念詞族	醫療生技:瓣逆
tw-typing-v4-060	186	required	內視鏡止血	medicine	概念詞族	醫療生技:內視
tw-typing-v4-060	186	required	長期追蹤	medicine	概念詞族	醫療生技:長期
tw-typing-v4-060	186	optional	貧血	mcbopomofo,medicine	概念詞族	醫療生技:貧血
tw-typing-v4-061	38	optional	承攬契約	law	概念詞族	政府法律:契約
tw-typing-v4-061	38	required	給付遲延	law	概念詞族	政府法律:給付
tw-typing-v4-061	38	required	妨害公務罪	law	概念詞族	政府法律:公務
tw-typing-v4-061	38	required	訴訟	law,mcbopomofo	概念詞族	政府法律:訴訟
tw-typing-v4-061	38	optional	委辦案件	government	概念詞族	政府法律:案件
tw-typing-v4-061	38	required	給付	law,mcbopomofo	概念詞族	政府法律:給付
tw-typing-v4-061	38	optional	條件與期限	law	概念詞族	政府法律:期限
tw-typing-v4-061	38	required	訴訟標的	law	概念詞族	政府法律:訴訟
tw-typing-v4-061	38	required	公務	government,mcbopomofo	概念詞族	政府法律:公務
tw-typing-v4-061	38	optional	稽核案件	government	概念詞族	政府法律:案件
tw-typing-v4-061	38	required	妨害秘密罪	law	概念詞族	政府法律:妨害
tw-typing-v4-061	38	optional	買賣契約	law	概念詞族	政府法律:契約
tw-typing-v4-061	38	optional	合夥契約	law	概念詞族	政府法律:契約
tw-typing-v4-061	38	optional	委任契約	law	概念詞族	政府法律:契約
tw-typing-v4-061	38	required	行政契約	law	概念詞族	政府法律:行政
tw-typing-v4-061	38	required	訴訟權	law	概念詞族	政府法律:訴訟
tw-typing-v4-061	38	optional	訴願案件	government	概念詞族	政府法律:案件
tw-typing-v4-061	38	optional	行紀契約	law	概念詞族	政府法律:契約
tw-typing-v4-061	38	required	公務員	government,mcbopomofo	概念詞族	政府法律:公務
tw-typing-v4-061	38	required	妨害名譽罪	law	概念詞族	政府法律:妨害
tw-typing-v4-061	38	optional	寄託契約	law	概念詞族	政府法律:契約
tw-typing-v4-061	38	required	行政指導	law	概念詞族	政府法律:行政
tw-typing-v4-061	38	optional	期限內	government	概念詞族	政府法律:期限
tw-typing-v4-061	38	optional	契約終止	law	概念詞族	政府法律:契約
tw-typing-v4-061	38	required	妨害自由罪	law	概念詞族	政府法律:妨害
tw-typing-v4-061	38	optional	居間契約	law	概念詞族	政府法律:契約
tw-typing-v4-061	38	optional	陳情案件	government	概念詞族	政府法律:案件
tw-typing-v4-061	38	optional	工程案件	government	概念詞族	政府法律:案件
tw-typing-v4-061	38	required	給付不能	law	概念詞族	政府法律:給付
tw-typing-v4-061	38	required	行政罰	law	概念詞族	政府法律:行政
tw-typing-v4-062	140	optional	採取	mcbopomofo	單詞	採取
tw-typing-v4-062	140	required	核能	mcbopomofo	單詞	核能
tw-typing-v4-062	140	optional	融資	mcbopomofo	概念詞族	日常生活:融資
tw-typing-v4-062	140	required	提案	mcbopomofo	單詞	提案
tw-typing-v4-062	140	optional	知識	mcbopomofo	單詞	知識
tw-typing-v4-062	140	optional	財經	mcbopomofo	單詞	財經
tw-typing-v4-062	140	required	歡呼	mcbopomofo	單詞	歡呼
tw-typing-v4-062	140	required	現場	mcbopomofo	單詞	現場
tw-typing-v4-062	140	optional	螢光	mcbopomofo	單詞	螢光
tw-typing-v4-062	140	optional	責人	mcbopomofo	單詞	責人
tw-typing-v4-062	140	optional	革命	mcbopomofo	概念詞族	日常生活:革命
tw-typing-v4-062	140	required	讀書	mcbopomofo	單詞	讀書
tw-typing-v4-062	140	optional	本人	mcbopomofo	單詞	本人
tw-typing-v4-062	140	optional	索尼	general	單詞	索尼
tw-typing-v4-062	140	required	開打	mcbopomofo	單詞	開打
tw-typing-v4-062	140	optional	一輩	mcbopomofo	單詞	一輩
tw-typing-v4-062	140	required	執行長	mcbopomofo	概念詞族	日常生活:執行
tw-typing-v4-062	140	required	出現	mcbopomofo	單詞	出現
tw-typing-v4-062	140	required	製作	mcbopomofo	單詞	製作
tw-typing-v4-062	140	optional	衍生	mcbopomofo	概念詞族	日常生活:衍生
tw-typing-v4-062	140	optional	腳步	mcbopomofo	單詞	腳步
tw-typing-v4-062	140	required	第一	mcbopomofo	概念詞族	日常生活:第一
tw-typing-v4-062	140	required	在教	mcbopomofo	單詞	在教
tw-typing-v4-062	140	required	有機	mcbopomofo	概念詞族	日常生活:有機
tw-typing-v4-062	140	optional	上任	mcbopomofo	單詞	上任
tw-typing-v4-062	140	optional	在野	mcbopomofo	單詞	在野
tw-typing-v4-062	140	optional	來得	mcbopomofo	單詞	來得
tw-typing-v4-062	140	required	做出	mcbopomofo	單詞	做出
tw-typing-v4-062	140	required	央行	mcbopomofo	單詞	央行
tw-typing-v4-062	140	required	停留	mcbopomofo	單詞	停留
tw-typing-v4-063	149	required	兩極體系	history	概念詞族	歷史人物:體系
tw-typing-v4-063	149	required	土司制度	history	概念詞族	歷史人物:制度
tw-typing-v4-063	149	optional	北洋時期	history	概念詞族	歷史人物:時期
tw-typing-v4-063	149	optional	朱一貴事件	history	概念詞族	歷史人物:事件
tw-typing-v4-063	149	optional	霧社事件	history	概念詞族	歷史人物:事件
tw-typing-v4-063	149	required	選官制度	history	概念詞族	歷史人物:制度
tw-typing-v4-063	149	optional	隋唐時期	history	概念詞族	歷史人物:時期
tw-typing-v4-063	149	required	朝貢體系	history	概念詞族	歷史人物:體系
tw-typing-v4-063	149	required	禮樂制度	history	概念詞族	歷史人物:制度
tw-typing-v4-063	149	required	兵役制度	history	概念詞族	歷史人物:制度
tw-typing-v4-063	149	optional	林爽文事件	history	概念詞族	歷史人物:事件
tw-typing-v4-063	149	required	行省制度	history	概念詞族	歷史人物:制度
tw-typing-v4-063	149	optional	時期	history,mcbopomofo	概念詞族	歷史人物:時期
tw-typing-v4-063	149	optional	秦漢時期	history	概念詞族	歷史人物:時期
tw-typing-v4-063	149	optional	戴潮春事件	history	概念詞族	歷史人物:事件
tw-typing-v4-063	149	optional	明清時期	history	概念詞族	歷史人物:時期
tw-typing-v4-063	149	optional	郁永河事件	history	概念詞族	歷史人物:事件
tw-typing-v4-063	149	optional	羈縻政策	history	概念詞族	歷史人物:政策
tw-typing-v4-063	149	required	行會制度	history	概念詞族	歷史人物:制度
tw-typing-v4-063	149	required	分封制度	history	概念詞族	歷史人物:制度
tw-typing-v4-063	149	optional	理蕃政策	history	概念詞族	歷史人物:政策
tw-typing-v4-063	149	required	賦稅制度	history	概念詞族	歷史人物:制度
tw-typing-v4-063	149	required	內閣制度	history	概念詞族	歷史人物:制度
tw-typing-v4-063	149	optional	海禁政策	history	概念詞族	歷史人物:政策
tw-typing-v4-063	149	required	條約體系	history	概念詞族	歷史人物:體系
tw-typing-v4-063	149	optional	理番政策	history	概念詞族	歷史人物:政策
tw-typing-v4-063	149	optional	明鄭時期	history	概念詞族	歷史人物:時期
tw-typing-v4-063	149	required	察舉制度	history	概念詞族	歷史人物:制度
tw-typing-v4-063	149	required	凡爾賽體系	history	概念詞族	歷史人物:體系
tw-typing-v4-063	149	required	衛所制度	history	概念詞族	歷史人物:制度
tw-typing-v4-064	119	optional	居多	mcbopomofo	單詞	居多
tw-typing-v4-064	119	optional	小小	mcbopomofo	單詞	小小
tw-typing-v4-064	119	required	同一	mcbopomofo	單詞	同一
tw-typing-v4-064	119	optional	月底	mcbopomofo	單詞	月底
tw-typing-v4-064	119	required	放置	mcbopomofo	單詞	放置
tw-typing-v4-064	119	optional	矚目	mcbopomofo	單詞	矚目
tw-typing-v4-064	119	optional	有過	mcbopomofo	單詞	有過
tw-typing-v4-064	119	optional	侵略	mcbopomofo	單詞	侵略
tw-typing-v4-064	119	optional	比特幣	general	單詞	比特幣
tw-typing-v4-064	119	required	高興	mcbopomofo	同義近義	開心高興快樂
tw-typing-v4-064	119	required	九十	mcbopomofo	單詞	九十
tw-typing-v4-064	119	optional	以往	mcbopomofo	單詞	以往
tw-typing-v4-064	119	required	這時	mcbopomofo	單詞	這時
tw-typing-v4-064	119	optional	願意	mcbopomofo	單詞	願意
tw-typing-v4-064	119	required	司法	mcbopomofo	概念詞族	日常生活:司法
tw-typing-v4-064	119	required	千年	mcbopomofo	單詞	千年
tw-typing-v4-064	119	required	寫實	mcbopomofo	單詞	寫實
tw-typing-v4-064	119	required	光芒	mcbopomofo	單詞	光芒
tw-typing-v4-064	119	optional	平常	mcbopomofo	單詞	平常
tw-typing-v4-064	119	optional	任職	mcbopomofo	單詞	任職
tw-typing-v4-064	119	required	得到	mcbopomofo	單詞	得到
tw-typing-v4-064	119	optional	單車	mcbopomofo	同義近義	自行車腳踏車單車
tw-typing-v4-064	119	required	預期	mcbopomofo	概念詞族	日常生活:預期
tw-typing-v4-064	119	required	公報	mcbopomofo	單詞	公報
tw-typing-v4-064	119	optional	主席	mcbopomofo	單詞	主席
tw-typing-v4-064	119	optional	遊客	mcbopomofo	單詞	遊客
tw-typing-v4-064	119	required	基隆	mcbopomofo	單詞	基隆
tw-typing-v4-064	119	required	從前	mcbopomofo	單詞	從前
tw-typing-v4-064	119	optional	觀念	mcbopomofo	單詞	觀念
tw-typing-v4-064	119	required	隨著	mcbopomofo	單詞	隨著
tw-typing-v4-065	127	required	台北市	mcbopomofo	概念詞族	日常生活:北市
tw-typing-v4-065	127	optional	以上	mcbopomofo	概念詞族	日常生活:以上
tw-typing-v4-065	127	required	美國	mcbopomofo	概念詞族	日常生活:美國
tw-typing-v4-065	127	optional	食品	agriculture-food,mcbopomofo	同義近義	食品食物
tw-typing-v4-065	127	optional	三十四	mcbopomofo	概念詞族	日常生活:十四
tw-typing-v4-065	127	optional	收入	finance,mcbopomofo	同義近義	收益營收收入
tw-typing-v4-065	127	required	已經	mcbopomofo	概念詞族	日常生活:已經
tw-typing-v4-065	127	required	一個	mcbopomofo	概念詞族	日常生活:一個
tw-typing-v4-065	127	optional	父母	mcbopomofo	概念詞族	日常生活:父母
tw-typing-v4-065	127	required	已經有	mcbopomofo	概念詞族	日常生活:已經
tw-typing-v4-065	127	optional	二十四	mcbopomofo	概念詞族	日常生活:十四
tw-typing-v4-065	127	optional	特別	mcbopomofo	概念詞族	日常生活:特別
tw-typing-v4-065	127	optional	父母親	mcbopomofo	概念詞族	日常生活:父母
tw-typing-v4-065	127	optional	以上的	mcbopomofo	概念詞族	日常生活:以上
tw-typing-v4-065	127	required	三十三	mcbopomofo	概念詞族	日常生活:十三
tw-typing-v4-065	127	required	第二十	mcbopomofo	概念詞族	日常生活:第二
tw-typing-v4-065	127	required	美國人	mcbopomofo	概念詞族	日常生活:美國
tw-typing-v4-065	127	required	北市	mcbopomofo	概念詞族	日常生活:北市
tw-typing-v4-065	127	required	第二	mcbopomofo	概念詞族	日常生活:第二
tw-typing-v4-065	127	optional	食物	mcbopomofo	同義近義	食品食物
tw-typing-v4-065	127	optional	現出	mcbopomofo	概念詞族	日常生活:現出
tw-typing-v4-065	127	required	十三	mcbopomofo	概念詞族	日常生活:十三
tw-typing-v4-065	127	required	十九年	mcbopomofo	概念詞族	日常生活:九年
tw-typing-v4-065	127	required	科學家	mcbopomofo	概念詞族	日常生活:學家
tw-typing-v4-065	127	optional	營收	mcbopomofo	同義近義	收益營收收入
tw-typing-v4-065	127	required	九年	mcbopomofo	概念詞族	日常生活:九年
tw-typing-v4-065	127	optional	學家	mcbopomofo	概念詞族	日常生活:學家
tw-typing-v4-065	127	optional	表現出	mcbopomofo	概念詞族	日常生活:現出
tw-typing-v4-065	127	required	每一個	mcbopomofo	概念詞族	日常生活:一個
tw-typing-v4-065	127	optional	特別是	mcbopomofo	概念詞族	日常生活:特別
tw-typing-v4-066	125	required	中美	mcbopomofo	單詞	中美
tw-typing-v4-066	125	optional	上課	mcbopomofo	單詞	上課
tw-typing-v4-066	125	optional	在要	mcbopomofo	單詞	在要
tw-typing-v4-066	125	required	上映	mcbopomofo	單詞	上映
tw-typing-v4-066	125	optional	下學	mcbopomofo	單詞	下學
tw-typing-v4-066	125	required	兩者	mcbopomofo	單詞	兩者
tw-typing-v4-066	125	optional	北國	mcbopomofo	單詞	北國
tw-typing-v4-066	125	optional	國防	mcbopomofo	單詞	國防
tw-typing-v4-066	125	optional	白宮	mcbopomofo	單詞	白宮
tw-typing-v4-066	125	required	義工	mcbopomofo	單詞	義工
tw-typing-v4-066	125	required	不過	mcbopomofo	單詞	不過
tw-typing-v4-066	125	required	方面	mcbopomofo	概念詞族	日常生活:方面
tw-typing-v4-066	125	required	提出	mcbopomofo	單詞	提出
tw-typing-v4-066	125	optional	稽查	mcbopomofo	單詞	稽查
tw-typing-v4-066	125	required	徵求	mcbopomofo	單詞	徵求
tw-typing-v4-066	125	required	精靈	mcbopomofo	單詞	精靈
tw-typing-v4-066	125	required	天氣	mcbopomofo	單詞	天氣
tw-typing-v4-066	125	required	一系列	mcbopomofo	單詞	一系列
tw-typing-v4-066	125	required	疑問	mcbopomofo	單詞	疑問
tw-typing-v4-066	125	required	航線	mcbopomofo	單詞	航線
tw-typing-v4-066	125	optional	邪惡	mcbopomofo	單詞	邪惡
tw-typing-v4-066	125	optional	廣泛	mcbopomofo	單詞	廣泛
tw-typing-v4-066	125	optional	加了	mcbopomofo	單詞	加了
tw-typing-v4-066	125	optional	進度	mcbopomofo	概念詞族	日常生活:進度
tw-typing-v4-066	125	required	政策	mcbopomofo	概念詞族	日常生活:政策
tw-typing-v4-066	125	required	文教	mcbopomofo	單詞	文教
tw-typing-v4-066	125	optional	高於	mcbopomofo	單詞	高於
tw-typing-v4-066	125	optional	說是	mcbopomofo	單詞	說是
tw-typing-v4-066	125	optional	感受	mcbopomofo	單詞	感受
tw-typing-v4-066	125	optional	解答	mcbopomofo	單詞	解答
tw-typing-v4-067	174	optional	敘事學	chinese	概念詞族	語文人文:敘事
tw-typing-v4-067	174	required	趨向動詞	chinese	概念詞族	語文人文:動詞
tw-typing-v4-067	174	optional	合口呼	chinese	概念詞族	語文人文:口呼
tw-typing-v4-067	174	required	雙聲詞	chinese	概念詞族	語文人文:聲詞
tw-typing-v4-067	174	required	承接複句	chinese	概念詞族	語文人文:複句
tw-typing-v4-067	174	optional	敘事視角	chinese	概念詞族	語文人文:敘事
tw-typing-v4-067	174	optional	敘事時間	chinese	概念詞族	語文人文:敘事
tw-typing-v4-067	174	required	語言學	chinese,mcbopomofo	概念詞族	語文人文:言學
tw-typing-v4-067	174	required	目的複句	chinese	概念詞族	語文人文:複句
tw-typing-v4-067	174	optional	非主謂句	chinese	概念詞族	語文人文:謂句
tw-typing-v4-067	174	optional	開口呼	chinese	概念詞族	語文人文:口呼
tw-typing-v4-067	174	required	動賓複詞	chinese	概念詞族	語文人文:複詞
tw-typing-v4-067	174	required	能願動詞	chinese	概念詞族	語文人文:動詞
tw-typing-v4-067	174	optional	俠義小說	chinese	概念詞族	語文人文:小說
tw-typing-v4-067	174	optional	自由詞素	chinese	概念詞族	語文人文:詞素
tw-typing-v4-067	174	required	擬聲詞	chinese	概念詞族	語文人文:聲詞
tw-typing-v4-067	174	required	社會語言學	chinese	概念詞族	語文人文:言學
tw-typing-v4-067	174	optional	公案小說	chinese	概念詞族	語文人文:小說
tw-typing-v4-067	174	required	遞進複句	chinese	概念詞族	語文人文:複句
tw-typing-v4-067	174	required	補充複詞	chinese	概念詞族	語文人文:複詞
tw-typing-v4-067	174	optional	敘事結構	chinese	概念詞族	語文人文:敘事
tw-typing-v4-067	174	required	心理語言學	chinese	概念詞族	語文人文:言學
tw-typing-v4-067	174	required	轉折複句	chinese	概念詞族	語文人文:複句
tw-typing-v4-067	174	required	並列複句	chinese	概念詞族	語文人文:複句
tw-typing-v4-067	174	optional	主謂句	chinese	概念詞族	語文人文:謂句
tw-typing-v4-067	174	required	偏義複詞	chinese	概念詞族	語文人文:複詞
tw-typing-v4-067	174	optional	黏著詞素	chinese	概念詞族	語文人文:詞素
tw-typing-v4-067	174	optional	敘事者	chinese	概念詞族	語文人文:敘事
tw-typing-v4-067	174	optional	譴責小說	chinese	概念詞族	語文人文:小說
tw-typing-v4-067	174	optional	世情小說	chinese	概念詞族	語文人文:小說
tw-typing-v4-068	34	optional	準用	government	單詞	準用
tw-typing-v4-068	34	required	公開	government,mcbopomofo	概念詞族	政府法律:公開
tw-typing-v4-068	34	required	函復	government	單詞	函復
tw-typing-v4-068	34	required	不完全給付	law	概念詞族	政府法律:完全
tw-typing-v4-068	34	required	刑法總則	law	概念詞族	政府法律:總則
tw-typing-v4-068	34	optional	簽辦	government	單詞	簽辦
tw-typing-v4-068	34	required	協商程序	law	概念詞族	政府法律:協商
tw-typing-v4-068	34	optional	不自證己罪	law	概念詞族	政府法律:不自
tw-typing-v4-068	34	optional	區分	law,mcbopomofo	概念詞族	政府法律:區分
tw-typing-v4-068	34	required	考績	government,mcbopomofo	單詞	考績
tw-typing-v4-068	34	optional	司法審查	law	概念詞族	政府法律:司法
tw-typing-v4-068	34	required	期待可能性	law	概念詞族	政府法律:能性
tw-typing-v4-068	34	optional	質權	law	單詞	質權
tw-typing-v4-068	34	optional	瑕疵	law,mcbopomofo	單詞	瑕疵
tw-typing-v4-068	34	required	親權	law	單詞	親權
tw-typing-v4-068	34	required	線上	government,mcbopomofo	概念詞族	政府法律:線上
tw-typing-v4-068	34	required	遷徙	law,mcbopomofo	單詞	遷徙
tw-typing-v4-068	34	optional	無因管理	law	單詞	無因管理
tw-typing-v4-068	34	required	預備犯	law	單詞	預備犯
tw-typing-v4-068	34	required	公文	government,mcbopomofo	單詞	公文
tw-typing-v4-068	34	optional	再審之訴	law	單詞	再審之訴
tw-typing-v4-068	34	optional	簽核	government	單詞	簽核
tw-typing-v4-068	34	optional	專屬管轄	law	概念詞族	政府法律:專屬
tw-typing-v4-068	34	optional	排除	law,mcbopomofo	單詞	排除
tw-typing-v4-068	34	optional	支付命令	law	概念詞族	政府法律:命令
tw-typing-v4-068	34	required	陳核	government	單詞	陳核
tw-typing-v4-068	34	optional	農育權	law	單詞	農育權
tw-typing-v4-068	34	optional	保留	law,mcbopomofo	概念詞族	政府法律:保留
tw-typing-v4-068	34	required	業務	law,mcbopomofo	單詞	業務
tw-typing-v4-068	34	required	價金	government	單詞	價金
tw-typing-v4-069	179	optional	葡萄球菌	agriculture-food,mcbopomofo	概念詞族	農業食品:葡萄
tw-typing-v4-069	179	optional	游離	mcbopomofo,medicine	單詞	游離
tw-typing-v4-069	179	required	病變	mcbopomofo,medicine	單詞	病變
tw-typing-v4-069	179	required	心因性休克	medicine	單詞	心因性休克
tw-typing-v4-069	179	optional	窘迫	mcbopomofo,medicine	單詞	窘迫
tw-typing-v4-069	179	required	基因克隆	biotech-pharma	概念詞族	醫療生技:基因
tw-typing-v4-069	179	optional	鹼性磷酸酶	medicine	單詞	鹼性磷酸酶
tw-typing-v4-069	179	optional	前列腺肥大	medicine	單詞	前列腺肥大
tw-typing-v4-069	179	required	內分泌系統	mcbopomofo,medicine	單詞	內分泌系統
tw-typing-v4-069	179	optional	基因編輯	biotech-pharma	概念詞族	醫療生技:編輯
tw-typing-v4-069	179	required	隨機分派	biotech-pharma	概念詞族	醫療生技:隨機
tw-typing-v4-069	179	optional	增多症	medicine	單詞	增多症
tw-typing-v4-069	179	optional	連結	biotech-pharma,mcbopomofo	單詞	連結
tw-typing-v4-069	179	required	誘導性	biotech-pharma	單詞	誘導性
tw-typing-v4-069	179	required	部分	mcbopomofo,medicine	概念詞族	醫療生技:部分
tw-typing-v4-069	179	required	實驗室檢查	medicine	概念詞族	醫療生技:驗室
tw-typing-v4-069	179	optional	經皮	medicine	單詞	經皮
tw-typing-v4-069	179	required	生體可用率	biotech-pharma	概念詞族	醫療生技:用率
tw-typing-v4-069	179	required	肺部	mcbopomofo,medicine	單詞	肺部
tw-typing-v4-069	179	required	周邊	mcbopomofo,medicine	單詞	周邊
tw-typing-v4-069	179	required	系統性	mcbopomofo,medicine	單詞	系統性
tw-typing-v4-069	179	optional	敏感性	mcbopomofo,medicine	概念詞族	醫療生技:敏感
tw-typing-v4-069	179	optional	喉嚨異物感	medicine	單詞	喉嚨異物感
tw-typing-v4-069	179	optional	壞死性	medicine	單詞	壞死性
tw-typing-v4-069	179	optional	超音波檢查	medicine	概念詞族	醫療生技:波檢
tw-typing-v4-069	179	optional	鈣化	mcbopomofo,medicine	單詞	鈣化
tw-typing-v4-069	179	required	液相層析	biotech-pharma	單詞	液相層析
tw-typing-v4-069	179	required	腎絲球	medicine	單詞	腎絲球
tw-typing-v4-069	179	optional	皮膚炎	mcbopomofo,medicine	概念詞族	醫療生技:皮膚
tw-typing-v4-069	179	required	藥物過敏	biotech-pharma	概念詞族	醫療生技:過敏
tw-typing-v4-070	122	optional	裡面	mcbopomofo	概念詞族	日常生活:裡面
tw-typing-v4-070	122	required	是不是	mcbopomofo	概念詞族	日常生活:是不
tw-typing-v4-070	122	required	什麼時候	mcbopomofo	概念詞族	日常生活:時候
tw-typing-v4-070	122	optional	條碼支付	general	概念詞族	日常生活:碼支
tw-typing-v4-070	122	required	這樣	mcbopomofo	概念詞族	日常生活:這樣
tw-typing-v4-070	122	optional	十七	mcbopomofo	概念詞族	日常生活:十七
tw-typing-v4-070	122	optional	十二	mcbopomofo	概念詞族	日常生活:十二
tw-typing-v4-070	122	optional	掃碼支付	general	概念詞族	日常生活:碼支
tw-typing-v4-070	122	optional	關係	mcbopomofo	概念詞族	日常生活:關係
tw-typing-v4-070	122	optional	的關係	mcbopomofo	概念詞族	日常生活:關係
tw-typing-v4-070	122	required	是不	mcbopomofo	概念詞族	日常生活:是不
tw-typing-v4-070	122	optional	並不是	mcbopomofo	概念詞族	日常生活:不是
tw-typing-v4-070	122	optional	十二日	mcbopomofo	概念詞族	日常生活:十二
tw-typing-v4-070	122	required	先進製程	general,semiconductor	概念詞族	日常生活:先進
tw-typing-v4-070	122	optional	旅行	mcbopomofo	同義近義	旅行旅遊
tw-typing-v4-070	122	optional	旅遊	mcbopomofo	同義近義	旅行旅遊
tw-typing-v4-070	122	required	這樣的	mcbopomofo	概念詞族	日常生活:這樣
tw-typing-v4-070	122	required	角落生物	general	概念詞族	日常生活:角落
tw-typing-v4-070	122	optional	四十七	mcbopomofo	概念詞族	日常生活:十七
tw-typing-v4-070	122	required	世紀	mcbopomofo	概念詞族	日常生活:世紀
tw-typing-v4-070	122	required	先進	mcbopomofo	概念詞族	日常生活:先進
tw-typing-v4-070	122	optional	也沒	mcbopomofo	概念詞族	日常生活:也沒
tw-typing-v4-070	122	required	十九世紀	mcbopomofo	概念詞族	日常生活:世紀
tw-typing-v4-070	122	required	也沒有	mcbopomofo	概念詞族	日常生活:也沒
tw-typing-v4-070	122	required	時候	mcbopomofo	概念詞族	日常生活:時候
tw-typing-v4-070	122	required	一方面	mcbopomofo	概念詞族	日常生活:一方
tw-typing-v4-070	122	optional	裡面的	mcbopomofo	概念詞族	日常生活:裡面
tw-typing-v4-070	122	optional	不是	mcbopomofo	概念詞族	日常生活:不是
tw-typing-v4-070	122	required	另一方面	mcbopomofo	概念詞族	日常生活:一方
tw-typing-v4-070	122	required	角落	mcbopomofo	概念詞族	日常生活:角落
tw-typing-v4-071	45	required	情節記憶	psychology-society	概念詞族	教育社會:記憶
tw-typing-v4-071	45	optional	教育社會學	education	概念詞族	教育社會:會學
tw-typing-v4-071	45	optional	扶養比	psychology-society	單詞	扶養比
tw-typing-v4-071	45	optional	正增強	psychology-society	概念詞族	教育社會:增強
tw-typing-v4-071	45	optional	問題	education,mcbopomofo	概念詞族	教育社會:問題
tw-typing-v4-071	45	optional	實作	education,mcbopomofo,software	概念詞族	教育社會:實作
tw-typing-v4-071	45	optional	藝術	education,mcbopomofo	單詞	藝術
tw-typing-v4-071	45	optional	社會學習	psychology-society	概念詞族	教育社會:會學
tw-typing-v4-071	45	optional	閱讀	education,mcbopomofo	單詞	閱讀
tw-typing-v4-071	45	optional	調整	education,government,mcbopomofo	同義近義	修改修正更改調整
tw-typing-v4-071	45	required	跨領域課程	education	概念詞族	教育社會:跨領
tw-typing-v4-071	45	required	教學研究會	education	概念詞族	教育社會:學研
tw-typing-v4-071	45	required	內容效度	education	概念詞族	教育社會:效度
tw-typing-v4-071	45	required	自我實現	psychology-society	概念詞族	教育社會:自我
tw-typing-v4-071	45	required	健康心理學	psychology-society	概念詞族	教育社會:健康
tw-typing-v4-071	45	required	程序記憶	psychology-society	概念詞族	教育社會:程序
tw-typing-v4-071	45	required	效度	education	概念詞族	教育社會:效度
tw-typing-v4-071	45	required	次級社會化	psychology-society	概念詞族	教育社會:會化
tw-typing-v4-071	45	required	工作記憶	psychology-society	概念詞族	教育社會:記憶
tw-typing-v4-071	45	required	跨領域	education	概念詞族	教育社會:跨領
tw-typing-v4-071	45	optional	探究式學習	education	概念詞族	教育社會:式學
tw-typing-v4-071	45	optional	全球素養	education	概念詞族	教育社會:全球
tw-typing-v4-071	45	required	初級社會化	psychology-society	概念詞族	教育社會:會化
tw-typing-v4-071	45	optional	負增強	psychology-society	概念詞族	教育社會:增強
tw-typing-v4-071	45	required	健康與體育	education	概念詞族	教育社會:健康
tw-typing-v4-071	45	optional	探究與實作	education	概念詞族	教育社會:實作
tw-typing-v4-071	45	optional	正向心理學	psychology-society	概念詞族	教育社會:理學
tw-typing-v4-071	45	optional	修正	finance,mcbopomofo,semiconductor	同義近義	修改修正更改調整
tw-typing-v4-071	45	required	自我	education,mcbopomofo,semiconductor	概念詞族	教育社會:自我
tw-typing-v4-071	45	required	教學研究	education	概念詞族	教育社會:學研
tw-typing-v4-072	90	optional	一線	mcbopomofo	單詞	一線
tw-typing-v4-072	90	optional	國家級警報	general	概念詞族	日常生活:警報
tw-typing-v4-072	90	required	贊成	mcbopomofo	單詞	贊成
tw-typing-v4-072	90	required	維基	mcbopomofo	單詞	維基
tw-typing-v4-072	90	required	這裡	mcbopomofo	單詞	這裡
tw-typing-v4-072	90	optional	宣傳	mcbopomofo	單詞	宣傳
tw-typing-v4-072	90	required	曾經	mcbopomofo	單詞	曾經
tw-typing-v4-072	90	optional	關心	mcbopomofo	單詞	關心
tw-typing-v4-072	90	required	長達	mcbopomofo	單詞	長達
tw-typing-v4-072	90	optional	表演	mcbopomofo	單詞	表演
tw-typing-v4-072	90	optional	進軍	mcbopomofo	單詞	進軍
tw-typing-v4-072	90	optional	選票	mcbopomofo	單詞	選票
tw-typing-v4-072	90	required	地位	mcbopomofo	單詞	地位
tw-typing-v4-072	90	required	重整	mcbopomofo	單詞	重整
tw-typing-v4-072	90	optional	南美	mcbopomofo	單詞	南美
tw-typing-v4-072	90	required	外籍	mcbopomofo	單詞	外籍
tw-typing-v4-072	90	required	配上	mcbopomofo	單詞	配上
tw-typing-v4-072	90	optional	調降	mcbopomofo	單詞	調降
tw-typing-v4-072	90	required	同樣	mcbopomofo	單詞	同樣
tw-typing-v4-072	90	required	終於	mcbopomofo	單詞	終於
tw-typing-v4-072	90	optional	球員	mcbopomofo	單詞	球員
tw-typing-v4-072	90	optional	籌備處	mcbopomofo	單詞	籌備處
tw-typing-v4-072	90	optional	德國	mcbopomofo	單詞	德國
tw-typing-v4-072	90	required	模型訓練	general	概念詞族	日常生活:訓練
tw-typing-v4-072	90	required	概念	mcbopomofo	概念詞族	日常生活:概念
tw-typing-v4-072	90	required	面目	mcbopomofo	單詞	面目
tw-typing-v4-072	90	required	現象	mcbopomofo	概念詞族	日常生活:現象
tw-typing-v4-072	90	optional	業主	mcbopomofo	單詞	業主
tw-typing-v4-072	90	optional	出售	mcbopomofo	單詞	出售
tw-typing-v4-072	90	optional	一首	mcbopomofo	單詞	一首
tw-typing-v4-073	26	optional	地下	civil-engineering,mcbopomofo	概念詞族	工程製造:地下
tw-typing-v4-073	26	optional	火警	civil-engineering,mcbopomofo	單詞	火警
tw-typing-v4-073	26	optional	拉伸彈簧	manufacturing	概念詞族	工程製造:拉伸
tw-typing-v4-073	26	required	現地	civil-engineering	單詞	現地
tw-typing-v4-073	26	optional	總合	manufacturing,mcbopomofo	單詞	總合
tw-typing-v4-073	26	required	平板	civil-engineering,mcbopomofo	單詞	平板
tw-typing-v4-073	26	required	巡檢	civil-engineering,mcbopomofo	單詞	巡檢
tw-typing-v4-073	26	optional	倉儲規劃	industrial-engineering	概念詞族	工程製造:倉儲
tw-typing-v4-073	26	required	彎曲應力	manufacturing	概念詞族	工程製造:彎曲
tw-typing-v4-073	26	optional	變更	civil-engineering,mcbopomofo	概念詞族	工程製造:變更
tw-typing-v4-073	26	optional	都市計畫	civil-engineering,mcbopomofo	概念詞族	工程製造:都市
tw-typing-v4-073	26	optional	系統分析	industrial-engineering,mcbopomofo	單詞	系統分析
tw-typing-v4-073	26	optional	導向	civil-engineering,education,mcbopomofo	概念詞族	工程製造:導向
tw-typing-v4-073	26	required	假設檢定	industrial-engineering	概念詞族	工程製造:假設
tw-typing-v4-073	26	optional	參數最佳化	manufacturing,semiconductor	概念詞族	工程製造:參數
tw-typing-v4-073	26	required	數量	civil-engineering,mcbopomofo	單詞	數量
tw-typing-v4-073	26	optional	帷幕牆	civil-engineering	概念詞族	工程製造:帷幕
tw-typing-v4-073	26	required	指數	industrial-engineering,manufacturing,mcbopomofo	概念詞族	工程製造:指數
tw-typing-v4-073	26	required	重複	industrial-engineering,mcbopomofo	單詞	重複
tw-typing-v4-073	26	required	物料	industrial-engineering,manufacturing,mcbopomofo	單詞	物料
tw-typing-v4-073	26	optional	品質工程	industrial-engineering	概念詞族	工程製造:質工
tw-typing-v4-073	26	required	危老重建	civil-engineering	單詞	危老重建
tw-typing-v4-073	26	optional	土地	civil-engineering,mcbopomofo	概念詞族	工程製造:土地
tw-typing-v4-073	26	required	單元式製造	industrial-engineering	概念詞族	工程製造:單元
tw-typing-v4-073	26	required	降伏強度	manufacturing	單詞	降伏強度
tw-typing-v4-073	26	optional	延時曲線	civil-engineering	概念詞族	工程製造:曲線
tw-typing-v4-073	26	required	地下連續壁	civil-engineering	概念詞族	工程製造:連續
tw-typing-v4-073	26	required	七大手法	manufacturing	概念詞族	工程製造:手法
tw-typing-v4-073	26	optional	明挖	civil-engineering	單詞	明挖
tw-typing-v4-073	26	required	製程	industrial-engineering,manufacturing,mcbopomofo,semiconductor	概念詞族	工程製造:製程
tw-typing-v4-074	191	required	多輸入	electronics	概念詞族	電子半導體:多輸
tw-typing-v4-074	191	required	晶圓	mcbopomofo,semiconductor	概念詞族	電子半導體:晶圓
tw-typing-v4-074	191	required	封裝製程	semiconductor	概念詞族	電子半導體:封裝
tw-typing-v4-074	191	required	帶阻濾波器	electronics	概念詞族	電子半導體:波器
tw-typing-v4-074	191	optional	馬達驅動器	electronics	概念詞族	電子半導體:驅動
tw-typing-v4-074	191	required	清洗機保養	semiconductor	概念詞族	電子半導體:機保
tw-typing-v4-074	191	required	霍爾感測器	electronics	概念詞族	電子半導體:感測
tw-typing-v4-074	191	optional	臨界	mcbopomofo,semiconductor	概念詞族	電子半導體:臨界
tw-typing-v4-074	191	optional	儀表放大器	electronics	概念詞族	電子半導體:大器
tw-typing-v4-074	191	optional	數位邏輯	electronics	概念詞族	電子半導體:邏輯
tw-typing-v4-074	191	required	空氣斷路器	electronics	概念詞族	電子半導體:路器
tw-typing-v4-074	191	optional	共閘極	electronics	概念詞族	電子半導體:閘極
tw-typing-v4-074	191	optional	運算放大器	electronics	概念詞族	電子半導體:大器
tw-typing-v4-074	191	required	真空斷路器	electronics	概念詞族	電子半導體:路器
tw-typing-v4-074	191	required	多輸出	electronics	概念詞族	電子半導體:多輸
tw-typing-v4-074	191	optional	功率因數	electronics	概念詞族	電子半導體:功率
tw-typing-v4-074	191	optional	封裝	semiconductor	概念詞族	電子半導體:封裝
tw-typing-v4-074	191	optional	閘極	semiconductor	概念詞族	電子半導體:閘極
tw-typing-v4-074	191	optional	閉迴路控制	electronics	概念詞族	電子半導體:迴路
tw-typing-v4-074	191	optional	功率	electronics,mcbopomofo	概念詞族	電子半導體:功率
tw-typing-v4-074	191	required	暫存器檔案	semiconductor	概念詞族	電子半導體:存器
tw-typing-v4-074	191	optional	驅動	mcbopomofo,semiconductor,software	概念詞族	電子半導體:驅動
tw-typing-v4-074	191	optional	邏輯	mcbopomofo,semiconductor	概念詞族	電子半導體:邏輯
tw-typing-v4-074	191	required	暫存器	semiconductor	概念詞族	電子半導體:存器
tw-typing-v4-074	191	optional	次臨界擺幅	semiconductor	概念詞族	電子半導體:臨界
tw-typing-v4-074	191	required	曝光機保養	semiconductor	概念詞族	電子半導體:機保
tw-typing-v4-074	191	required	陷波濾波器	electronics	概念詞族	電子半導體:波器
tw-typing-v4-074	191	required	晶圓級封裝	semiconductor	概念詞族	電子半導體:晶圓
tw-typing-v4-074	191	required	感測器	electronics,mcbopomofo	概念詞族	電子半導體:感測
tw-typing-v4-074	191	optional	開迴路控制	electronics	概念詞族	電子半導體:迴路
tw-typing-v4-075	65	optional	建構	mcbopomofo	概念詞族	日常生活:建構
tw-typing-v4-075	65	optional	從小	mcbopomofo	單詞	從小
tw-typing-v4-075	65	required	流行	mcbopomofo	單詞	流行
tw-typing-v4-075	65	required	是日	mcbopomofo	單詞	是日
tw-typing-v4-075	65	optional	一心	mcbopomofo	單詞	一心
tw-typing-v4-075	65	required	學會	mcbopomofo	單詞	學會
tw-typing-v4-075	65	required	發行	mcbopomofo	單詞	發行
tw-typing-v4-075	65	optional	當年	mcbopomofo	單詞	當年
tw-typing-v4-075	65	optional	圖文	mcbopomofo	單詞	圖文
tw-typing-v4-075	65	optional	開門	mcbopomofo	單詞	開門
tw-typing-v4-075	65	required	球場	mcbopomofo	單詞	球場
tw-typing-v4-075	65	required	寧靜	mcbopomofo	單詞	寧靜
tw-typing-v4-075	65	optional	卡片	mcbopomofo	概念詞族	日常生活:卡片
tw-typing-v4-075	65	required	微服務	general,software	概念詞族	日常生活:服務
tw-typing-v4-075	65	optional	寶可夢	general	單詞	寶可夢
tw-typing-v4-075	65	optional	應對	mcbopomofo	單詞	應對
tw-typing-v4-075	65	required	方言	mcbopomofo	概念詞族	日常生活:方言
tw-typing-v4-075	65	required	留給	mcbopomofo	單詞	留給
tw-typing-v4-075	65	optional	小組	mcbopomofo	單詞	小組
tw-typing-v4-075	65	optional	片子	mcbopomofo	單詞	片子
tw-typing-v4-075	65	required	受傷	mcbopomofo	單詞	受傷
tw-typing-v4-075	65	optional	討論	mcbopomofo	單詞	討論
tw-typing-v4-075	65	required	大夥	mcbopomofo	單詞	大夥
tw-typing-v4-075	65	required	機器	mcbopomofo	概念詞族	日常生活:機器
tw-typing-v4-075	65	optional	心得	mcbopomofo	單詞	心得
tw-typing-v4-075	65	required	不清	mcbopomofo	單詞	不清
tw-typing-v4-075	65	optional	房屋	mcbopomofo	同義近義	房屋住宅住家
tw-typing-v4-075	65	required	可否	mcbopomofo	概念詞族	日常生活:可否
tw-typing-v4-075	65	required	紀念堂	mcbopomofo	單詞	紀念堂
tw-typing-v4-075	65	optional	缺乏	mcbopomofo	單詞	缺乏
tw-typing-v4-076	79	optional	進行	mcbopomofo	單詞	進行
tw-typing-v4-076	79	optional	移轉	mcbopomofo	概念詞族	日常生活:移轉
tw-typing-v4-076	79	required	九七	mcbopomofo	單詞	九七
tw-typing-v4-076	79	required	倒是	mcbopomofo	單詞	倒是
tw-typing-v4-076	79	required	向來	mcbopomofo	單詞	向來
tw-typing-v4-076	79	required	這邊的	mcbopomofo	單詞	這邊的
tw-typing-v4-076	79	required	最為	mcbopomofo	單詞	最為
tw-typing-v4-076	79	optional	能不	mcbopomofo	單詞	能不
tw-typing-v4-076	79	required	八世	mcbopomofo	單詞	八世
tw-typing-v4-076	79	optional	十幾年	mcbopomofo	單詞	十幾年
tw-typing-v4-076	79	optional	答覆	mcbopomofo	單詞	答覆
tw-typing-v4-076	79	optional	到處	mcbopomofo	單詞	到處
tw-typing-v4-076	79	required	八千	mcbopomofo	單詞	八千
tw-typing-v4-076	79	required	後者	mcbopomofo	單詞	後者
tw-typing-v4-076	79	required	影子	mcbopomofo	單詞	影子
tw-typing-v4-076	79	optional	色彩	mcbopomofo	概念詞族	日常生活:色彩
tw-typing-v4-076	79	required	恐怖	mcbopomofo	單詞	恐怖
tw-typing-v4-076	79	optional	用法	mcbopomofo	單詞	用法
tw-typing-v4-076	79	required	潛在	mcbopomofo	單詞	潛在
tw-typing-v4-076	79	required	增加	mcbopomofo	單詞	增加
tw-typing-v4-076	79	required	本土	mcbopomofo	概念詞族	日常生活:本土
tw-typing-v4-076	79	optional	訂閱制	general	單詞	訂閱制
tw-typing-v4-076	79	optional	讚美	mcbopomofo	單詞	讚美
tw-typing-v4-076	79	required	穿上	mcbopomofo	單詞	穿上
tw-typing-v4-076	79	required	石油	mcbopomofo	單詞	石油
tw-typing-v4-076	79	optional	星期	mcbopomofo	單詞	星期
tw-typing-v4-076	79	optional	在於	mcbopomofo	單詞	在於
tw-typing-v4-076	79	optional	亞種	mcbopomofo	單詞	亞種
tw-typing-v4-076	79	optional	天天	mcbopomofo	單詞	天天
tw-typing-v4-076	79	optional	更不	mcbopomofo	單詞	更不
tw-typing-v4-077	159	required	半導體材料	materials-chemistry	概念詞族	科學環境:材料
tw-typing-v4-077	159	required	酸鹼理論	science	概念詞族	科學環境:酸鹼
tw-typing-v4-077	159	required	碳排放	energy-environment	概念詞族	科學環境:碳排
tw-typing-v4-077	159	optional	土壤監測	energy-environment	概念詞族	科學環境:土壤
tw-typing-v4-077	159	optional	土壤盤查	energy-environment	概念詞族	科學環境:土壤
tw-typing-v4-077	159	required	水質指標	energy-environment	概念詞族	科學環境:水質
tw-typing-v4-077	159	required	生醫材料	materials-chemistry	概念詞族	科學環境:材料
tw-typing-v4-077	159	required	路易士酸鹼	science	概念詞族	科學環境:酸鹼
tw-typing-v4-077	159	required	酸鹼	mcbopomofo,science	概念詞族	科學環境:酸鹼
tw-typing-v4-077	159	optional	地下水污染	energy-environment	概念詞族	科學環境:地下
tw-typing-v4-077	159	optional	水質盤查	energy-environment	概念詞族	科學環境:水質
tw-typing-v4-077	159	optional	環境工程	energy-environment	概念詞族	科學環境:環境
tw-typing-v4-077	159	optional	土壤	energy-environment,mcbopomofo	概念詞族	科學環境:土壤
tw-typing-v4-077	159	optional	地下水監測	energy-environment	概念詞族	科學環境:地下
tw-typing-v4-077	159	required	水質稽核	energy-environment	概念詞族	科學環境:水質
tw-typing-v4-077	159	optional	土壤污染	energy-environment	概念詞族	科學環境:土壤
tw-typing-v4-077	159	required	水質	energy-environment,mcbopomofo	概念詞族	科學環境:水質
tw-typing-v4-077	159	optional	環境監測	energy-environment	概念詞族	科學環境:環境
tw-typing-v4-077	159	required	酸鹼平衡	materials-chemistry	概念詞族	科學環境:酸鹼
tw-typing-v4-077	159	required	碳排放監測	energy-environment	概念詞族	科學環境:碳排
tw-typing-v4-077	159	optional	地下水稽核	energy-environment	概念詞族	科學環境:地下
tw-typing-v4-077	159	optional	環境管理	energy-environment	概念詞族	科學環境:環境
tw-typing-v4-077	159	optional	生態環境	energy-environment,mcbopomofo	概念詞族	科學環境:環境
tw-typing-v4-077	159	required	材料工程	materials-chemistry	概念詞族	科學環境:材料
tw-typing-v4-077	159	required	碳排放稽核	energy-environment	概念詞族	科學環境:碳排
tw-typing-v4-077	159	required	碳排放盤查	energy-environment	概念詞族	科學環境:碳排
tw-typing-v4-077	159	optional	土壤稽核	energy-environment	概念詞族	科學環境:土壤
tw-typing-v4-077	159	optional	地下水	energy-environment,mcbopomofo	概念詞族	科學環境:地下
tw-typing-v4-077	159	optional	水質監測	energy-environment	概念詞族	科學環境:水質
tw-typing-v4-077	159	required	超導材料	materials-chemistry	概念詞族	科學環境:材料
tw-typing-v4-078	58	optional	辨識	ai-data-science,mcbopomofo	概念詞族	數位科技:辨識
tw-typing-v4-078	58	optional	成分分析	ai-data-science,materials-chemistry	概念詞族	數位科技:分分
tw-typing-v4-078	58	required	電子郵件	mcbopomofo,network-security	概念詞族	數位科技:郵件
tw-typing-v4-078	58	optional	快速恢復	network-security	概念詞族	數位科技:快速
tw-typing-v4-078	58	optional	主成分分析	ai-data-science	概念詞族	數位科技:分分
tw-typing-v4-078	58	optional	叢集系統	software	概念詞族	數位科技:叢集
tw-typing-v4-078	58	required	資料庫稽核	network-security	概念詞族	數位科技:料庫
tw-typing-v4-078	58	required	郵件系統	network-security	概念詞族	數位科技:郵件
tw-typing-v4-078	58	optional	伺服器稽核	network-security	概念詞族	數位科技:服器
tw-typing-v4-078	58	required	推薦模型	ai-data-science	概念詞族	數位科技:推薦
tw-typing-v4-078	58	required	角色型	network-security	概念詞族	數位科技:角色
tw-typing-v4-078	58	required	端點稽核	network-security	概念詞族	數位科技:端點
tw-typing-v4-078	58	optional	伺服器	mcbopomofo,network-security	概念詞族	數位科技:服器
tw-typing-v4-078	58	required	偏好最佳化	ai-data-science	概念詞族	數位科技:偏好
tw-typing-v4-078	58	required	檔案服務	software	概念詞族	數位科技:檔案
tw-typing-v4-078	58	required	推薦指標	ai-data-science	概念詞族	數位科技:推薦
tw-typing-v4-078	58	optional	梯度	ai-data-science,mcbopomofo	概念詞族	數位科技:梯度
tw-typing-v4-078	58	required	垂直越權	network-security	概念詞族	數位科技:越權
tw-typing-v4-078	58	required	水平越權	network-security	概念詞族	數位科技:越權
tw-typing-v4-078	58	optional	人臉辨識	ai-data-science	概念詞族	數位科技:辨識
tw-typing-v4-078	58	optional	容錯設計	software	概念詞族	數位科技:容錯
tw-typing-v4-078	58	optional	快速重傳	network-security	概念詞族	數位科技:快速
tw-typing-v4-078	58	required	角色	ai-data-science,mcbopomofo	概念詞族	數位科技:角色
tw-typing-v4-078	58	optional	檔案系統	software	概念詞族	數位科技:檔案
tw-typing-v4-078	58	required	偏好	ai-data-science,mcbopomofo	概念詞族	數位科技:偏好
tw-typing-v4-078	58	optional	容錯	software	概念詞族	數位科技:容錯
tw-typing-v4-078	58	optional	梯度下降	ai-data-science	概念詞族	數位科技:梯度
tw-typing-v4-078	58	optional	叢集	mcbopomofo,software	概念詞族	數位科技:叢集
tw-typing-v4-078	58	required	端點	mcbopomofo,network-security	概念詞族	數位科技:端點
tw-typing-v4-078	58	required	資料庫	mcbopomofo,network-security,software	概念詞族	數位科技:料庫
tw-typing-v4-079	164	required	資源垃圾	energy-environment	概念詞族	科學環境:垃圾
tw-typing-v4-079	164	required	空污	energy-environment	單詞	空污
tw-typing-v4-079	164	optional	功能材料	materials-chemistry	概念詞族	科學環境:功能
tw-typing-v4-079	164	optional	當量	energy-environment,mcbopomofo	單詞	當量
tw-typing-v4-079	164	required	熱處理	materials-chemistry,mcbopomofo	概念詞族	科學環境:熱處
tw-typing-v4-079	164	required	材料科學	materials-chemistry	概念詞族	科學環境:料科
tw-typing-v4-079	164	optional	電勢能	science	單詞	電勢能
tw-typing-v4-079	164	optional	奈米過濾	materials-chemistry	概念詞族	科學環境:過濾
tw-typing-v4-079	164	optional	幾何光學	science	概念詞族	科學環境:幾何
tw-typing-v4-079	164	required	電阻率	science	單詞	電阻率
tw-typing-v4-079	164	required	資源循環	energy-environment	概念詞族	科學環境:資源
tw-typing-v4-079	164	required	光電材料	materials-chemistry	概念詞族	科學環境:光電
tw-typing-v4-079	164	optional	太陽熱能	energy-environment	概念詞族	科學環境:太陽
tw-typing-v4-079	164	optional	清理計畫	energy-environment	概念詞族	科學環境:計畫
tw-typing-v4-079	164	optional	實體風險	energy-environment	概念詞族	科學環境:實體
tw-typing-v4-079	164	optional	金相分析	materials-chemistry	單詞	金相分析
tw-typing-v4-079	164	required	揮發性	energy-environment,mcbopomofo	概念詞族	科學環境:揮發
tw-typing-v4-079	164	required	差示	materials-chemistry	單詞	差示
tw-typing-v4-079	164	optional	薄膜材料	materials-chemistry	概念詞族	科學環境:薄膜
tw-typing-v4-079	164	required	內質網	science	單詞	內質網
tw-typing-v4-079	164	optional	莫耳濃度	science	概念詞族	科學環境:濃度
tw-typing-v4-079	164	optional	自旋	science	單詞	自旋
tw-typing-v4-079	164	optional	觸媒	energy-environment,mcbopomofo	單詞	觸媒
tw-typing-v4-079	164	required	晶體結構	materials-chemistry	概念詞族	科學環境:晶體
tw-typing-v4-079	164	required	智慧材料	materials-chemistry	概念詞族	科學環境:智慧
tw-typing-v4-079	164	required	燃料電池	energy-environment,materials-chemistry	概念詞族	科學環境:燃料
tw-typing-v4-079	164	optional	績效指標	energy-environment,government	概念詞族	科學環境:績效
tw-typing-v4-079	164	required	組織碳盤查	energy-environment	概念詞族	科學環境:組織
tw-typing-v4-079	164	required	量熱法	materials-chemistry	單詞	量熱法
tw-typing-v4-079	164	optional	波函數	science	概念詞族	科學環境:函數
tw-typing-v4-080	42	optional	補救教學	education	概念詞族	教育社會:教學
tw-typing-v4-080	42	required	形成性評量	education	概念詞族	教育社會:性評
tw-typing-v4-080	42	required	古典制約	psychology-society	概念詞族	教育社會:制約
tw-typing-v4-080	42	required	代表性捷思	psychology-society	概念詞族	教育社會:性捷
tw-typing-v4-080	42	required	評量	education,mcbopomofo	概念詞族	教育社會:評量
tw-typing-v4-080	42	optional	社會控制	psychology-society	概念詞族	教育社會:社會
tw-typing-v4-080	42	optional	依附理論	psychology-society	概念詞族	教育社會:依附
tw-typing-v4-080	42	required	總結性評量	education	概念詞族	教育社會:性評
tw-typing-v4-080	42	required	全英語教學	education	概念詞族	教育社會:語教
tw-typing-v4-080	42	required	診斷性評量	education	概念詞族	教育社會:性評
tw-typing-v4-080	42	optional	沉浸式教學	education	概念詞族	教育社會:教學
tw-typing-v4-080	42	optional	社會助長	psychology-society	概念詞族	教育社會:社會
tw-typing-v4-080	42	optional	社會救助	psychology-society	概念詞族	教育社會:社會
tw-typing-v4-080	42	optional	安全依附	psychology-society	概念詞族	教育社會:依附
tw-typing-v4-080	42	optional	教學設計	education	概念詞族	教育社會:教學
tw-typing-v4-080	42	required	可得性捷思	psychology-society	概念詞族	教育社會:性捷
tw-typing-v4-080	42	required	認知偏誤	psychology-society	概念詞族	教育社會:認知
tw-typing-v4-080	42	required	評量設計	education	概念詞族	教育社會:評量
tw-typing-v4-080	42	required	操作制約	psychology-society	概念詞族	教育社會:制約
tw-typing-v4-080	42	optional	焦慮依附	psychology-society	概念詞族	教育社會:依附
tw-typing-v4-080	42	required	認知失調	psychology-society	概念詞族	教育社會:認知
tw-typing-v4-080	42	required	同儕評量	education	概念詞族	教育社會:評量
tw-typing-v4-080	42	required	認知心理學	psychology-society	概念詞族	教育社會:認知
tw-typing-v4-080	42	required	本土語教育	education	概念詞族	教育社會:語教
tw-typing-v4-080	42	optional	人格心理學	psychology-society	概念詞族	教育社會:人格
tw-typing-v4-080	42	optional	社會懈怠	psychology-society	概念詞族	教育社會:社會
tw-typing-v4-080	42	optional	逃避依附	psychology-society	概念詞族	教育社會:依附
tw-typing-v4-080	42	optional	教學	education,mcbopomofo	概念詞族	教育社會:教學
tw-typing-v4-080	42	optional	人格特質	psychology-society	概念詞族	教育社會:人格
tw-typing-v4-080	42	optional	五大人格	psychology-society	概念詞族	教育社會:人格
tw-typing-v4-081	36	optional	歸檔	government,mcbopomofo	單詞	歸檔
tw-typing-v4-081	36	required	情事變更	law	概念詞族	政府法律:變更
tw-typing-v4-081	36	required	證據能力	law	概念詞族	政府法律:能力
tw-typing-v4-081	36	required	憲法訴訟	law	概念詞族	政府法律:憲法
tw-typing-v4-081	36	optional	義務	law,mcbopomofo	單詞	義務
tw-typing-v4-081	36	optional	財產	law,mcbopomofo	概念詞族	政府法律:財產
tw-typing-v4-081	36	optional	損益相抵	law	概念詞族	政府法律:相抵
tw-typing-v4-081	36	required	損失補償	law	概念詞族	政府法律:補償
tw-typing-v4-081	36	optional	說明	government,mcbopomofo	同義近義	說明解釋
tw-typing-v4-081	36	optional	解釋	mcbopomofo	同義近義	說明解釋
tw-typing-v4-081	36	optional	審查	government,mcbopomofo	概念詞族	政府法律:審查
tw-typing-v4-081	36	required	侵權行為	law	概念詞族	政府法律:權行
tw-typing-v4-081	36	optional	消滅時效	law	概念詞族	政府法律:時效
tw-typing-v4-081	36	optional	時效取得	law	概念詞族	政府法律:時效
tw-typing-v4-081	36	required	責任能力	law	概念詞族	政府法律:能力
tw-typing-v4-081	36	optional	過失相抵	law	概念詞族	政府法律:相抵
tw-typing-v4-081	36	required	解列	government	單詞	解列
tw-typing-v4-081	36	required	要件	law,mcbopomofo	概念詞族	政府法律:要件
tw-typing-v4-081	36	optional	違憲審查	law	概念詞族	政府法律:審查
tw-typing-v4-081	36	required	權力分立	law	概念詞族	政府法律:力分
tw-typing-v4-081	36	optional	平等原則	law	概念詞族	政府法律:平等
tw-typing-v4-081	36	optional	所有	law,mcbopomofo	單詞	所有
tw-typing-v4-081	36	required	個人	government,mcbopomofo	概念詞族	政府法律:個人
tw-typing-v4-081	36	optional	平等權	law	概念詞族	政府法律:平等
tw-typing-v4-081	36	required	主觀	law,mcbopomofo	單詞	主觀
tw-typing-v4-081	36	required	恐嚇取財罪	law	單詞	恐嚇取財罪
tw-typing-v4-081	36	required	服務法	government	概念詞族	政府法律:服務
tw-typing-v4-081	36	required	憲法法庭	law	概念詞族	政府法律:憲法
tw-typing-v4-081	36	optional	構成	law,mcbopomofo	單詞	構成
tw-typing-v4-081	36	required	緊急避難	law	單詞	緊急避難
tw-typing-v4-082	162	required	晶粒成長	materials-chemistry	概念詞族	科學環境:晶粒
tw-typing-v4-082	162	required	駐波	science	單詞	駐波
tw-typing-v4-082	162	optional	電性分析	materials-chemistry	概念詞族	科學環境:性分
tw-typing-v4-082	162	optional	磁通量	science	概念詞族	科學環境:通量
tw-typing-v4-082	162	required	基因表現	science	概念詞族	科學環境:表現
tw-typing-v4-082	162	required	最終處置	energy-environment	單詞	最終處置
tw-typing-v4-082	162	required	排放交易	energy-environment	概念詞族	科學環境:交易
tw-typing-v4-082	162	optional	化合物	materials-chemistry,mcbopomofo	概念詞族	科學環境:化合
tw-typing-v4-082	162	optional	尖峰負載	energy-environment	概念詞族	科學環境:峰負
tw-typing-v4-082	162	required	疊加態	science	單詞	疊加態
tw-typing-v4-082	162	required	電壓調整	energy-environment	概念詞族	科學環境:電壓
tw-typing-v4-082	162	optional	宇宙學	science	概念詞族	科學環境:宇宙
tw-typing-v4-082	162	required	能源查核	energy-environment	概念詞族	科學環境:查核
tw-typing-v4-082	162	required	廢電子電器	energy-environment	概念詞族	科學環境:電子
tw-typing-v4-082	162	required	產品碳足跡	energy-environment	概念詞族	科學環境:產品
tw-typing-v4-082	162	optional	時效處理	materials-chemistry	概念詞族	科學環境:時效
tw-typing-v4-082	162	required	物種形成	science	概念詞族	科學環境:形成
tw-typing-v4-082	162	optional	量子化	science	概念詞族	科學環境:子化
tw-typing-v4-082	162	optional	一般廢棄物	energy-environment	概念詞族	科學環境:一般
tw-typing-v4-082	162	optional	傳遞現象	materials-chemistry	概念詞族	科學環境:現象
tw-typing-v4-082	162	required	高基氏體	science	單詞	高基氏體
tw-typing-v4-082	162	optional	反應速率	materials-chemistry	概念詞族	科學環境:速率
tw-typing-v4-082	162	required	熱交換器	materials-chemistry	概念詞族	科學環境:交換
tw-typing-v4-082	162	required	重量	mcbopomofo,science	單詞	重量
tw-typing-v4-082	162	required	分散式能源	energy-environment	概念詞族	科學環境:分散
tw-typing-v4-082	162	optional	序批式	energy-environment	單詞	序批式
tw-typing-v4-082	162	optional	量子	mcbopomofo,science	概念詞族	科學環境:量子
tw-typing-v4-082	162	optional	拉格朗日	science	單詞	拉格朗日
tw-typing-v4-082	162	optional	介電材料	materials-chemistry	概念詞族	科學環境:介電
tw-typing-v4-082	162	optional	馬克士威	science	概念詞族	科學環境:馬克
tw-typing-v4-083	192	optional	數位校正	electronics	概念詞族	電子半導體:校正
tw-typing-v4-083	192	required	二階電路	electronics	概念詞族	電子半導體:階電
tw-typing-v4-083	192	required	電池熱分析	electronics	概念詞族	電子半導體:電池
tw-typing-v4-083	192	required	配方	mcbopomofo,semiconductor	概念詞族	電子半導體:配方
tw-typing-v4-083	192	required	錯誤分析	ai-data-science	同義衍生	錯誤故障異常:{同義詞}分析
tw-typing-v4-083	192	required	一階電路	electronics	概念詞族	電子半導體:階電
tw-typing-v4-083	192	optional	數位電路	electronics	概念詞族	電子半導體:數位
tw-typing-v4-083	192	optional	離子佈植	semiconductor	概念詞族	電子半導體:子佈
tw-typing-v4-083	192	optional	離子佈植機	semiconductor	概念詞族	電子半導體:子佈
tw-typing-v4-083	192	required	雙極	semiconductor	概念詞族	電子半導體:雙極
tw-typing-v4-083	192	optional	降壓	electronics,mcbopomofo	概念詞族	電子半導體:降壓
tw-typing-v4-083	192	required	擴散	mcbopomofo,semiconductor	概念詞族	電子半導體:擴散
tw-typing-v4-083	192	required	異常分析	semiconductor	同義衍生	錯誤故障異常:{同義詞}分析
tw-typing-v4-083	192	required	測試製程	semiconductor	概念詞族	電子半導體:測試
tw-typing-v4-083	192	optional	數位	biotech-pharma,civil-engineering,education,electronics,mcbopomofo,semiconductor	概念詞族	電子半導體:數位
tw-typing-v4-083	192	optional	切換損耗	electronics	概念詞族	電子半導體:損耗
tw-typing-v4-083	192	required	設備配方	semiconductor	概念詞族	電子半導體:配方
tw-typing-v4-083	192	required	測試機	semiconductor	概念詞族	電子半導體:測試
tw-typing-v4-083	192	required	雙極性	electronics,semiconductor	概念詞族	電子半導體:雙極
tw-typing-v4-083	192	optional	金屬化	semiconductor	概念詞族	電子半導體:屬化
tw-typing-v4-083	192	optional	金屬化製程	semiconductor	概念詞族	電子半導體:屬化
tw-typing-v4-083	192	required	擴散製程	semiconductor	概念詞族	電子半導體:擴散
tw-typing-v4-083	192	optional	驗證	electronics,mcbopomofo,semiconductor,software	概念詞族	電子半導體:驗證
tw-typing-v4-083	192	required	電池	electronics,mcbopomofo	概念詞族	電子半導體:電池
tw-typing-v4-083	192	optional	清洗	mcbopomofo,semiconductor	概念詞族	電子半導體:清洗
tw-typing-v4-083	192	optional	數位驗證	electronics	概念詞族	電子半導體:驗證
tw-typing-v4-083	192	required	清洗製程	semiconductor	概念詞族	電子半導體:清洗
tw-typing-v4-083	192	optional	校正	electronics,mcbopomofo,semiconductor	概念詞族	電子半導體:校正
tw-typing-v4-083	192	optional	升降壓	electronics	概念詞族	電子半導體:降壓
tw-typing-v4-083	192	optional	導通損耗	electronics	概念詞族	電子半導體:損耗
tw-typing-v4-084	84	optional	須要	mcbopomofo	單詞	須要
tw-typing-v4-084	84	required	推動	mcbopomofo	單詞	推動
tw-typing-v4-084	84	required	酷澎	general	單詞	酷澎
tw-typing-v4-084	84	required	困難	mcbopomofo	單詞	困難
tw-typing-v4-084	84	optional	校務	mcbopomofo	單詞	校務
tw-typing-v4-084	84	optional	求職	mcbopomofo	單詞	求職
tw-typing-v4-084	84	required	消費	mcbopomofo	概念詞族	日常生活:消費
tw-typing-v4-084	84	required	夏日	mcbopomofo	單詞	夏日
tw-typing-v4-084	84	optional	經費	mcbopomofo	單詞	經費
tw-typing-v4-084	84	required	改變	mcbopomofo	概念詞族	日常生活:改變
tw-typing-v4-084	84	optional	合法	mcbopomofo	單詞	合法
tw-typing-v4-084	84	optional	太空	mcbopomofo	單詞	太空
tw-typing-v4-084	84	optional	舉行	mcbopomofo	單詞	舉行
tw-typing-v4-084	84	required	證實	mcbopomofo	單詞	證實
tw-typing-v4-084	84	optional	背景	mcbopomofo	單詞	背景
tw-typing-v4-084	84	optional	快充	general	單詞	快充
tw-typing-v4-084	84	required	人間	mcbopomofo	單詞	人間
tw-typing-v4-084	84	optional	完成	mcbopomofo	單詞	完成
tw-typing-v4-084	84	required	國大	mcbopomofo	單詞	國大
tw-typing-v4-084	84	optional	蘇聯	mcbopomofo	概念詞族	日常生活:蘇聯
tw-typing-v4-084	84	required	定下	mcbopomofo	單詞	定下
tw-typing-v4-084	84	required	還算	mcbopomofo	單詞	還算
tw-typing-v4-084	84	optional	縣長	mcbopomofo	單詞	縣長
tw-typing-v4-084	84	required	帶走	mcbopomofo	單詞	帶走
tw-typing-v4-084	84	optional	事後	mcbopomofo	單詞	事後
tw-typing-v4-084	84	optional	限時動態	general	概念詞族	日常生活:動態
tw-typing-v4-084	84	required	上漲	mcbopomofo	單詞	上漲
tw-typing-v4-084	84	required	寂寞	mcbopomofo	單詞	寂寞
tw-typing-v4-084	84	optional	是想	mcbopomofo	單詞	是想
tw-typing-v4-084	84	required	容易	mcbopomofo	單詞	容易
tw-typing-v4-085	167	optional	疲勞試驗	materials-chemistry	同義衍生	測試試驗檢測:疲勞{同義詞}
tw-typing-v4-085	167	optional	表面處理	materials-chemistry	概念詞族	科學環境:表面
tw-typing-v4-085	167	required	受迫振動	science	概念詞族	科學環境:振動
tw-typing-v4-085	167	required	熱對流	science	單詞	熱對流
tw-typing-v4-085	167	required	保守力	science	概念詞族	科學環境:守力
tw-typing-v4-085	167	optional	清潔生產	energy-environment	概念詞族	科學環境:清潔
tw-typing-v4-085	167	optional	懸浮固體	energy-environment	概念詞族	科學環境:懸浮
tw-typing-v4-085	167	optional	阿瑞尼士	materials-chemistry	單詞	阿瑞尼士
tw-typing-v4-085	167	optional	共晶反應	materials-chemistry	概念詞族	科學環境:晶反
tw-typing-v4-085	167	optional	高斯定律	science	概念詞族	科學環境:高斯
tw-typing-v4-085	167	required	玻璃	materials-chemistry,mcbopomofo	概念詞族	科學環境:玻璃
tw-typing-v4-085	167	required	能源效率	energy-environment	概念詞族	科學環境:效率
tw-typing-v4-085	167	required	慣性矩	science	單詞	慣性矩
tw-typing-v4-085	167	required	功率調度	energy-environment	概念詞族	科學環境:功率
tw-typing-v4-085	167	required	糾纏態	science	單詞	糾纏態
tw-typing-v4-085	167	optional	廢水處理	energy-environment	概念詞族	科學環境:處理
tw-typing-v4-085	167	optional	細懸浮微粒	energy-environment	概念詞族	科學環境:懸浮
tw-typing-v4-085	167	optional	疲勞測試	materials-chemistry	同義衍生	測試試驗檢測:疲勞{同義詞}
tw-typing-v4-085	167	required	阻尼振動	science	概念詞族	科學環境:振動
tw-typing-v4-085	167	optional	表面化學	science	概念詞族	科學環境:表面
tw-typing-v4-085	167	required	布忍斯特	science	概念詞族	科學環境:斯特
tw-typing-v4-085	167	optional	熱性質	materials-chemistry	概念詞族	科學環境:熱性
tw-typing-v4-085	167	required	污染防治	energy-environment	概念詞族	科學環境:防治
tw-typing-v4-085	167	optional	節能診斷	energy-environment	概念詞族	科學環境:節能
tw-typing-v4-085	167	optional	孟德爾遺傳	science	概念詞族	科學環境:德爾
tw-typing-v4-085	167	required	基因調控	science	概念詞族	科學環境:基因
tw-typing-v4-085	167	required	溫室氣體	energy-environment	概念詞族	科學環境:溫室
tw-typing-v4-085	167	required	非保守力	science	概念詞族	科學環境:守力
tw-typing-v4-085	167	optional	包晶反應	materials-chemistry	概念詞族	科學環境:晶反
tw-typing-v4-085	167	required	反應機構	science	概念詞族	科學環境:機構
tw-typing-v4-086	198	required	熱分析	electronics	概念詞族	電子半導體:熱分
tw-typing-v4-086	198	required	交換式電源	electronics	概念詞族	電子半導體:電源
tw-typing-v4-086	198	optional	線性穩壓器	electronics	概念詞族	電子半導體:穩壓
tw-typing-v4-086	198	optional	穩壓器	electronics	概念詞族	電子半導體:穩壓
tw-typing-v4-086	198	optional	扇出型封裝	semiconductor	概念詞族	電子半導體:型封
tw-typing-v4-086	198	required	電源熱分析	electronics	概念詞族	電子半導體:電源
tw-typing-v4-086	198	required	數位熱分析	electronics	概念詞族	電子半導體:熱分
tw-typing-v4-086	198	required	高介電	semiconductor	概念詞族	電子半導體:介電
tw-typing-v4-086	198	optional	處理器	mcbopomofo,semiconductor	概念詞族	電子半導體:理器
tw-typing-v4-086	198	required	天線熱分析	electronics	概念詞族	電子半導體:熱分
tw-typing-v4-086	198	optional	充電器量測	electronics	概念詞族	電子半導體:器量
tw-typing-v4-086	198	required	探針台保養	semiconductor	概念詞族	電子半導體:探針
tw-typing-v4-086	198	required	探針台	semiconductor	概念詞族	電子半導體:探針
tw-typing-v4-086	198	optional	扇入型封裝	semiconductor	概念詞族	電子半導體:型封
tw-typing-v4-086	198	required	低介電	semiconductor	概念詞族	電子半導體:介電
tw-typing-v4-086	198	optional	蝕刻機	semiconductor	概念詞族	電子半導體:蝕刻
tw-typing-v4-086	198	optional	充電器除錯	electronics	概念詞族	電子半導體:器除
tw-typing-v4-086	198	optional	蝕刻製程	semiconductor	概念詞族	電子半導體:蝕刻
tw-typing-v4-086	198	required	內建	mcbopomofo,semiconductor	單詞	內建
tw-typing-v4-086	198	optional	逆變器除錯	electronics	概念詞族	電子半導體:器除
tw-typing-v4-086	198	optional	逆變器量測	electronics	概念詞族	電子半導體:器量
tw-typing-v4-086	198	required	類比	electronics,mcbopomofo,semiconductor	概念詞族	電子半導體:類比
tw-typing-v4-086	198	required	微分控制	electronics	概念詞族	電子半導體:分控
tw-typing-v4-086	198	optional	感測器除錯	electronics	概念詞族	電子半導體:器除
tw-typing-v4-086	198	optional	應用處理器	semiconductor	概念詞族	電子半導體:理器
tw-typing-v4-086	198	required	積分控制	electronics	概念詞族	電子半導體:分控
tw-typing-v4-086	198	optional	蝕刻	mcbopomofo,semiconductor	概念詞族	電子半導體:蝕刻
tw-typing-v4-086	198	required	電源	electronics,mcbopomofo,semiconductor	概念詞族	電子半導體:電源
tw-typing-v4-086	198	required	類比熱分析	electronics	概念詞族	電子半導體:類比
tw-typing-v4-086	198	optional	感測器量測	electronics	概念詞族	電子半導體:器量
tw-typing-v4-087	14	optional	市場	business,mcbopomofo	概念詞族	商業管理:市場
tw-typing-v4-087	14	optional	客戶規劃	business	概念詞族	商業管理:客戶
tw-typing-v4-087	14	required	流失率目標	business	概念詞族	商業管理:率目
tw-typing-v4-087	14	required	定價	business,finance,mcbopomofo	概念詞族	商業管理:定價
tw-typing-v4-087	14	optional	客戶管理	business	概念詞族	商業管理:客戶
tw-typing-v4-087	14	optional	客戶分析	business	概念詞族	商業管理:客戶
tw-typing-v4-087	14	optional	淨利成長率	business	概念詞族	商業管理:利成
tw-typing-v4-087	14	optional	市場契合	business	概念詞族	商業管理:市場
tw-typing-v4-087	14	required	速動比率	finance	概念詞族	商業管理:比率
tw-typing-v4-087	14	optional	資本	finance,mcbopomofo	概念詞族	商業管理:資本
tw-typing-v4-087	14	optional	資本結構	finance	概念詞族	商業管理:資本
tw-typing-v4-087	14	required	留存率目標	business	概念詞族	商業管理:率目
tw-typing-v4-087	14	required	現金比率	finance	概念詞族	商業管理:比率
tw-typing-v4-087	14	optional	訂單量目標	business	概念詞族	商業管理:單量
tw-typing-v4-087	14	optional	毛利成長率	business	概念詞族	商業管理:利成
tw-typing-v4-087	14	required	訂單量預測	business	概念詞族	商業管理:單量
tw-typing-v4-087	14	optional	資本市場	finance	概念詞族	商業管理:資本
tw-typing-v4-087	14	optional	債券市場	finance	概念詞族	商業管理:市場
tw-typing-v4-087	14	required	轉換率目標	business	概念詞族	商業管理:率目
tw-typing-v4-087	14	optional	市場風險	finance	概念詞族	商業管理:市場
tw-typing-v4-087	14	optional	資本公積	finance	概念詞族	商業管理:資本
tw-typing-v4-087	14	required	訂單量	business	概念詞族	商業管理:單量
tw-typing-v4-087	14	optional	客戶區隔	business	概念詞族	商業管理:客戶
tw-typing-v4-087	14	required	比率分析	finance	概念詞族	商業管理:比率
tw-typing-v4-087	14	required	市占率目標	business	概念詞族	商業管理:率目
tw-typing-v4-087	14	required	定價規劃	business	概念詞族	商業管理:定價
tw-typing-v4-087	14	required	定價管理	business	概念詞族	商業管理:定價
tw-typing-v4-087	14	required	負債比率	finance	概念詞族	商業管理:比率
tw-typing-v4-087	14	required	定價策略	business	概念詞族	商業管理:定價
tw-typing-v4-087	14	required	訂單量趨勢	business	概念詞族	商業管理:單量
tw-typing-v4-088	52	required	訊息系統	software	概念詞族	數位科技:訊息
tw-typing-v4-088	52	optional	威脅情資	network-security	概念詞族	數位科技:威脅
tw-typing-v4-088	52	required	非結構化	ai-data-science	概念詞族	數位科技:構化
tw-typing-v4-088	52	required	自編碼器	ai-data-science	概念詞族	數位科技:碼器
tw-typing-v4-088	52	optional	威脅建模	network-security	概念詞族	數位科技:威脅
tw-typing-v4-088	52	optional	嵌入模型	ai-data-science	概念詞族	數位科技:嵌入
tw-typing-v4-088	52	optional	排程系統	software	概念詞族	數位科技:排程
tw-typing-v4-088	52	required	訊息	mcbopomofo,network-security	概念詞族	數位科技:訊息
tw-typing-v4-088	52	optional	入侵	mcbopomofo,network-security	概念詞族	數位科技:入侵
tw-typing-v4-088	52	required	授權	mcbopomofo,network-security	概念詞族	數位科技:授權
tw-typing-v4-088	52	required	日誌分析	software	概念詞族	數位科技:日誌
tw-typing-v4-088	52	optional	威脅獵捕	network-security	概念詞族	數位科技:威脅
tw-typing-v4-088	52	required	日誌監控	network-security	概念詞族	數位科技:日誌
tw-typing-v4-088	52	required	訊息佇列	software	概念詞族	數位科技:訊息
tw-typing-v4-088	52	optional	缺失值處理	ai-data-science	概念詞族	數位科技:值處
tw-typing-v4-088	52	optional	文本嵌入	ai-data-science	概念詞族	數位科技:嵌入
tw-typing-v4-088	52	optional	入侵指標	network-security	概念詞族	數位科技:入侵
tw-typing-v4-088	52	optional	排程服務	software	概念詞族	數位科技:排程
tw-typing-v4-088	52	required	授權服務	software	概念詞族	數位科技:授權
tw-typing-v4-088	52	required	半結構化	ai-data-science	概念詞族	數位科技:構化
tw-typing-v4-088	52	optional	學習率排程	ai-data-science	概念詞族	數位科技:排程
tw-typing-v4-088	52	required	解碼器	ai-data-science,mcbopomofo	概念詞族	數位科技:碼器
tw-typing-v4-088	52	optional	非監督式	ai-data-science	概念詞族	數位科技:督式
tw-typing-v4-088	52	required	編碼器	ai-data-science	概念詞族	數位科技:碼器
tw-typing-v4-088	52	required	結構化	ai-data-science,mcbopomofo	概念詞族	數位科技:構化
tw-typing-v4-088	52	optional	離群值處理	ai-data-science	概念詞族	數位科技:值處
tw-typing-v4-088	52	required	日誌式	software	概念詞族	數位科技:日誌
tw-typing-v4-088	52	required	授權系統	software	概念詞族	數位科技:授權
tw-typing-v4-088	52	optional	監督式	ai-data-science	概念詞族	數位科技:督式
tw-typing-v4-088	52	optional	半監督式	ai-data-science	概念詞族	數位科技:督式
tw-typing-v4-089	114	required	致力	mcbopomofo	單詞	致力
tw-typing-v4-089	114	optional	回收	mcbopomofo	概念詞族	日常生活:回收
tw-typing-v4-089	114	required	練習	mcbopomofo	單詞	練習
tw-typing-v4-089	114	optional	縣市	mcbopomofo	單詞	縣市
tw-typing-v4-089	114	optional	罹患	mcbopomofo	單詞	罹患
tw-typing-v4-089	114	required	想起	mcbopomofo	單詞	想起
tw-typing-v4-089	114	required	例子	mcbopomofo	單詞	例子
tw-typing-v4-089	114	required	一種	mcbopomofo	單詞	一種
tw-typing-v4-089	114	optional	去世	mcbopomofo	單詞	去世
tw-typing-v4-089	114	required	想法	mcbopomofo	單詞	想法
tw-typing-v4-089	114	optional	太太	mcbopomofo	單詞	太太
tw-typing-v4-089	114	optional	身為	mcbopomofo	單詞	身為
tw-typing-v4-089	114	optional	二氧	mcbopomofo	概念詞族	日常生活:二氧
tw-typing-v4-089	114	optional	加強	mcbopomofo	單詞	加強
tw-typing-v4-089	114	optional	資訊安全	general,network-security	概念詞族	日常生活:資訊
tw-typing-v4-089	114	required	為他	mcbopomofo	單詞	為他
tw-typing-v4-089	114	optional	其間	mcbopomofo	單詞	其間
tw-typing-v4-089	114	optional	純網銀	general	單詞	純網銀
tw-typing-v4-089	114	required	結束	mcbopomofo	單詞	結束
tw-typing-v4-089	114	required	領袖	mcbopomofo	單詞	領袖
tw-typing-v4-089	114	required	健康的	mcbopomofo	概念詞族	日常生活:健康
tw-typing-v4-089	114	optional	時會	mcbopomofo	單詞	時會
tw-typing-v4-089	114	required	下車	mcbopomofo	單詞	下車
tw-typing-v4-089	114	optional	速度	mcbopomofo	概念詞族	日常生活:速度
tw-typing-v4-089	114	required	十分	mcbopomofo	概念詞族	日常生活:十分
tw-typing-v4-089	114	optional	觀點	mcbopomofo	單詞	觀點
tw-typing-v4-089	114	optional	了解	mcbopomofo	單詞	了解
tw-typing-v4-089	114	required	夏天	mcbopomofo	單詞	夏天
tw-typing-v4-089	114	required	碳權	general	單詞	碳權
tw-typing-v4-089	114	required	重大	mcbopomofo	概念詞族	日常生活:重大
tw-typing-v4-090	66	optional	探索	mcbopomofo	單詞	探索
tw-typing-v4-090	66	required	主管	mcbopomofo	同義近義	經理主管
tw-typing-v4-090	66	required	他要	mcbopomofo	單詞	他要
tw-typing-v4-090	66	required	中油	mcbopomofo	單詞	中油
tw-typing-v4-090	66	optional	玩具	mcbopomofo	單詞	玩具
tw-typing-v4-090	66	optional	公平	mcbopomofo	單詞	公平
tw-typing-v4-090	66	optional	展開	mcbopomofo	單詞	展開
tw-typing-v4-090	66	optional	一月	mcbopomofo	單詞	一月
tw-typing-v4-090	66	required	解決	mcbopomofo	概念詞族	日常生活:解決
tw-typing-v4-090	66	optional	阻止	mcbopomofo	單詞	阻止
tw-typing-v4-090	66	optional	小女	mcbopomofo	單詞	小女
tw-typing-v4-090	66	required	趁著	mcbopomofo	單詞	趁著
tw-typing-v4-090	66	optional	中常	mcbopomofo	單詞	中常
tw-typing-v4-090	66	required	而後	mcbopomofo	單詞	而後
tw-typing-v4-090	66	required	自稱	mcbopomofo	單詞	自稱
tw-typing-v4-090	66	required	出爐	mcbopomofo	單詞	出爐
tw-typing-v4-090	66	required	過年	mcbopomofo	單詞	過年
tw-typing-v4-090	66	optional	成年	mcbopomofo	單詞	成年
tw-typing-v4-090	66	required	寫了	mcbopomofo	單詞	寫了
tw-typing-v4-090	66	required	人民	mcbopomofo	單詞	人民
tw-typing-v4-090	66	required	移除	mcbopomofo	同義近義	刪除移除
tw-typing-v4-090	66	optional	共識	mcbopomofo	單詞	共識
tw-typing-v4-090	66	required	一天	mcbopomofo	單詞	一天
tw-typing-v4-090	66	required	為了	mcbopomofo	單詞	為了
tw-typing-v4-090	66	optional	發明	mcbopomofo	單詞	發明
tw-typing-v4-090	66	optional	國一	mcbopomofo	單詞	國一
tw-typing-v4-090	66	optional	台中市	mcbopomofo	單詞	台中市
tw-typing-v4-090	66	optional	法制	mcbopomofo	單詞	法制
tw-typing-v4-090	66	required	以後	mcbopomofo	單詞	以後
tw-typing-v4-090	66	optional	梗圖	general	單詞	梗圖
tw-typing-v4-091	190	optional	馬達熱分析	electronics	概念詞族	電子半導體:馬達
tw-typing-v4-091	190	optional	直流轉換器	electronics	概念詞族	電子半導體:直流
tw-typing-v4-091	190	optional	充電器模擬	electronics	概念詞族	電子半導體:器模
tw-typing-v4-091	190	required	充電器驗證	electronics	概念詞族	電子半導體:器驗
tw-typing-v4-091	190	required	保護接地	electronics	概念詞族	電子半導體:接地
tw-typing-v4-091	190	optional	天線量測	electronics	概念詞族	電子半導體:量測
tw-typing-v4-091	190	required	薄膜設備	semiconductor	概念詞族	電子半導體:薄膜
tw-typing-v4-091	190	required	薄膜製程	semiconductor	概念詞族	電子半導體:薄膜
tw-typing-v4-091	190	optional	感測器模擬	electronics	概念詞族	電子半導體:器模
tw-typing-v4-091	190	optional	馬達	electronics,mcbopomofo	概念詞族	電子半導體:馬達
tw-typing-v4-091	190	optional	同步馬達	electronics	概念詞族	電子半導體:馬達
tw-typing-v4-091	190	optional	源極	electronics	概念詞族	電子半導體:源極
tw-typing-v4-091	190	optional	數位量測	electronics	概念詞族	電子半導體:量測
tw-typing-v4-091	190	required	逆變器驗證	electronics	概念詞族	電子半導體:器驗
tw-typing-v4-091	190	optional	共源極	electronics	概念詞族	電子半導體:源極
tw-typing-v4-091	190	optional	直流馬達	electronics	概念詞族	電子半導體:直流
tw-typing-v4-091	190	optional	逆變器模擬	electronics	概念詞族	電子半導體:器模
tw-typing-v4-091	190	required	感測器校正	electronics	概念詞族	電子半導體:器校
tw-typing-v4-091	190	required	雜訊分析	electronics	概念詞族	電子半導體:雜訊
tw-typing-v4-091	190	required	接地系統	electronics	概念詞族	電子半導體:接地
tw-typing-v4-091	190	required	訊號雜訊比	electronics	概念詞族	電子半導體:雜訊
tw-typing-v4-091	190	required	功能接地	electronics	概念詞族	電子半導體:接地
tw-typing-v4-091	190	required	相位雜訊	electronics	概念詞族	電子半導體:雜訊
tw-typing-v4-091	190	optional	源極跟隨器	electronics	概念詞族	電子半導體:源極
tw-typing-v4-091	190	required	逆變器校正	electronics	概念詞族	電子半導體:器校
tw-typing-v4-091	190	optional	量測	electronics,industrial-engineering,mcbopomofo	概念詞族	電子半導體:量測
tw-typing-v4-091	190	required	感測器驗證	electronics	概念詞族	電子半導體:器驗
tw-typing-v4-091	190	optional	直流	electronics,mcbopomofo	概念詞族	電子半導體:直流
tw-typing-v4-091	190	required	薄膜	mcbopomofo,semiconductor	概念詞族	電子半導體:薄膜
tw-typing-v4-091	190	required	充電器校正	electronics	概念詞族	電子半導體:器校
tw-typing-v4-092	22	optional	微型隧道	civil-engineering	概念詞族	工程製造:隧道
tw-typing-v4-092	22	optional	工單管理	manufacturing	概念詞族	工程製造:工單
tw-typing-v4-092	22	optional	流程最佳化	industrial-engineering	概念詞族	工程製造:程最
tw-typing-v4-092	22	optional	內圓磨削	manufacturing	概念詞族	工程製造:圓磨
tw-typing-v4-092	22	required	生產線	industrial-engineering,mcbopomofo	概念詞族	工程製造:產線
tw-typing-v4-092	22	optional	山崩防治	civil-engineering	概念詞族	工程製造:防治
tw-typing-v4-092	22	optional	土石流防治	civil-engineering	概念詞族	工程製造:防治
tw-typing-v4-092	22	required	雷射	manufacturing,mcbopomofo	概念詞族	工程製造:雷射
tw-typing-v4-092	22	required	雷射加工	manufacturing	概念詞族	工程製造:雷射
tw-typing-v4-092	22	optional	工單	industrial-engineering	概念詞族	工程製造:工單
tw-typing-v4-092	22	optional	剪力牆設計	civil-engineering	概念詞族	工程製造:牆設
tw-typing-v4-092	22	required	模板施工	civil-engineering	概念詞族	工程製造:板施
tw-typing-v4-092	22	optional	帷幕牆設計	civil-engineering	概念詞族	工程製造:牆設
tw-typing-v4-092	22	optional	區段徵收	civil-engineering	概念詞族	工程製造:徵收
tw-typing-v4-092	22	required	工地	civil-engineering,mcbopomofo	概念詞族	工程製造:工地
tw-typing-v4-092	22	optional	隧道	civil-engineering,mcbopomofo	概念詞族	工程製造:隧道
tw-typing-v4-092	22	required	作業研究	industrial-engineering	同義衍生	工作職務作業:{同義詞}研究
tw-typing-v4-092	22	required	工地放樣	civil-engineering	概念詞族	工程製造:工地
tw-typing-v4-092	22	optional	排程最佳化	industrial-engineering,transport-logistics	概念詞族	工程製造:程最
tw-typing-v4-092	22	required	樓板施工	civil-engineering	概念詞族	工程製造:板施
tw-typing-v4-092	22	optional	外圓磨削	manufacturing	概念詞族	工程製造:圓磨
tw-typing-v4-092	22	required	混凝土鋪面	civil-engineering	概念詞族	工程製造:鋪面
tw-typing-v4-092	22	optional	土地徵收	civil-engineering	概念詞族	工程製造:徵收
tw-typing-v4-092	22	required	射出成形	manufacturing	概念詞族	工程製造:成形
tw-typing-v4-092	22	optional	多軸加工	manufacturing	概念詞族	工程製造:軸加
tw-typing-v4-092	22	required	成形	manufacturing,mcbopomofo	概念詞族	工程製造:成形
tw-typing-v4-092	22	required	鋪面平坦度	civil-engineering	概念詞族	工程製造:鋪面
tw-typing-v4-092	22	required	五軸加工	manufacturing	概念詞族	工程製造:軸加
tw-typing-v4-092	22	required	自動化產線	manufacturing	概念詞族	工程製造:產線
tw-typing-v4-092	22	required	工作研究	industrial-engineering	同義衍生	工作職務作業:{同義詞}研究
tw-typing-v4-093	19	optional	地點	mcbopomofo	同義近義	地點位置
tw-typing-v4-093	19	required	心智負荷	industrial-engineering	概念詞族	工程製造:負荷
tw-typing-v4-093	19	required	多準則決策	industrial-engineering	概念詞族	工程製造:決策
tw-typing-v4-093	19	optional	全站儀測量	civil-engineering	概念詞族	工程製造:儀測
tw-typing-v4-093	19	required	分流制	civil-engineering	概念詞族	工程製造:流制
tw-typing-v4-093	19	optional	品質管理	civil-engineering,industrial-engineering	概念詞族	工程製造:質管
tw-typing-v4-093	19	required	小批量生產	industrial-engineering	概念詞族	工程製造:生產
tw-typing-v4-093	19	optional	位置	industrial-engineering,mcbopomofo	同義近義	地點位置
tw-typing-v4-093	19	required	外牆工程	civil-engineering	概念詞族	工程製造:牆工
tw-typing-v4-093	19	optional	帷幕牆工程	civil-engineering	概念詞族	工程製造:牆工
tw-typing-v4-093	19	optional	混凝土設計	civil-engineering	概念詞族	工程製造:土設
tw-typing-v4-093	19	optional	剪力牆修復	civil-engineering	概念詞族	工程製造:牆修
tw-typing-v4-093	19	required	雨水下水道	civil-engineering	概念詞族	工程製造:水下
tw-typing-v4-093	19	required	摩擦攪拌焊	manufacturing	概念詞族	工程製造:攪拌
tw-typing-v4-093	19	optional	擋土設施	civil-engineering	概念詞族	工程製造:土設
tw-typing-v4-093	19	required	工作負荷	industrial-engineering	概念詞族	工程製造:負荷
tw-typing-v4-093	19	required	精實生產	manufacturing	概念詞族	工程製造:生產
tw-typing-v4-093	19	required	刀具壽命	manufacturing	概念詞族	工程製造:具壽
tw-typing-v4-093	19	required	污水下水道	civil-engineering	概念詞族	工程製造:水下
tw-typing-v4-093	19	optional	故障診斷	manufacturing,semiconductor	概念詞族	工程製造:故障
tw-typing-v4-093	19	required	決策	industrial-engineering,mcbopomofo	概念詞族	工程製造:決策
tw-typing-v4-093	19	optional	修復	civil-engineering,manufacturing,mcbopomofo	同義近義	修理維修修復
tw-typing-v4-093	19	optional	故障樹分析	industrial-engineering	概念詞族	工程製造:故障
tw-typing-v4-093	19	optional	品質管制	manufacturing,mcbopomofo	概念詞族	工程製造:質管
tw-typing-v4-093	19	required	合流制	civil-engineering	概念詞族	工程製造:流制
tw-typing-v4-093	19	required	模具壽命	manufacturing	概念詞族	工程製造:具壽
tw-typing-v4-093	19	optional	維修	industrial-engineering,mcbopomofo	同義近義	修理維修修復
tw-typing-v4-093	19	optional	帷幕牆修復	civil-engineering	概念詞族	工程製造:牆修
tw-typing-v4-093	19	required	攪拌	civil-engineering,mcbopomofo	概念詞族	工程製造:攪拌
tw-typing-v4-093	19	optional	經緯儀測量	civil-engineering	概念詞族	工程製造:儀測
tw-typing-v4-094	18	optional	卜瓦松分布	industrial-engineering	概念詞族	工程製造:分布
tw-typing-v4-094	18	required	定位	civil-engineering,mcbopomofo	概念詞族	工程製造:定位
tw-typing-v4-094	18	optional	生理心理學	psychology-society	概念詞族	教育社會:生理
tw-typing-v4-094	18	optional	危害辨識	industrial-engineering	概念詞族	工程製造:危害
tw-typing-v4-094	18	optional	發展	civil-engineering,education,mcbopomofo	概念詞族	工程製造:發展
tw-typing-v4-094	18	required	需求	manufacturing,mcbopomofo,transport-logistics	概念詞族	工程製造:需求
tw-typing-v4-094	18	optional	模擬分析	industrial-engineering	概念詞族	工程製造:模擬
tw-typing-v4-094	18	optional	鋼構	civil-engineering	單詞	鋼構
tw-typing-v4-094	18	optional	沉積	manufacturing,mcbopomofo,semiconductor	概念詞族	工程製造:沉積
tw-typing-v4-094	18	required	排煙系統	civil-engineering	單詞	排煙系統
tw-typing-v4-094	18	required	制震設計	civil-engineering	單詞	制震設計
tw-typing-v4-094	18	optional	能力	industrial-engineering,manufacturing,mcbopomofo,semiconductor	概念詞族	工程製造:能力
tw-typing-v4-094	18	optional	高壓	civil-engineering,mcbopomofo	單詞	高壓
tw-typing-v4-094	18	required	離散	industrial-engineering,mcbopomofo	單詞	離散
tw-typing-v4-094	18	required	動作研究	industrial-engineering	概念詞族	工程製造:作研
tw-typing-v4-094	18	required	消防	civil-engineering,mcbopomofo	單詞	消防
tw-typing-v4-094	18	required	電子束焊	manufacturing	概念詞族	工程製造:電子
tw-typing-v4-094	18	optional	尺寸公差	manufacturing	概念詞族	工程製造:尺寸
tw-typing-v4-094	18	required	橫斷面設計	civil-engineering	概念詞族	工程製造:面設
tw-typing-v4-094	18	required	瀝青	civil-engineering,mcbopomofo	單詞	瀝青
tw-typing-v4-094	18	optional	行星齒輪	manufacturing	單詞	行星齒輪
tw-typing-v4-094	18	optional	室內	civil-engineering,mcbopomofo	單詞	室內
tw-typing-v4-094	18	optional	協同學習	education	概念詞族	教育社會:同學
tw-typing-v4-094	18	optional	岩盤	civil-engineering,mcbopomofo	單詞	岩盤
tw-typing-v4-094	18	required	預壓	civil-engineering	單詞	預壓
tw-typing-v4-094	18	optional	空氣品質	civil-engineering,energy-environment	概念詞族	工程製造:空氣
tw-typing-v4-094	18	required	焊接缺陷	manufacturing	概念詞族	工程製造:缺陷
tw-typing-v4-094	18	required	二氧化碳焊	manufacturing	概念詞族	工程製造:化碳
tw-typing-v4-094	18	required	衛星	civil-engineering,mcbopomofo	單詞	衛星
tw-typing-v4-094	18	required	使用	civil-engineering,mcbopomofo	概念詞族	工程製造:使用
tw-typing-v4-095	175	required	凍結乾燥	agriculture-food	概念詞族	農業食品:乾燥
tw-typing-v4-095	175	required	食品過敏原	agriculture-food	概念詞族	農業食品:過敏
tw-typing-v4-095	175	required	食品微生物	agriculture-food	概念詞族	農業食品:微生
tw-typing-v4-095	175	optional	農藝學	agriculture-food	概念詞族	農業食品:藝學
tw-typing-v4-095	175	optional	殘留	agriculture-food,manufacturing,mcbopomofo	概念詞族	農業食品:殘留
tw-typing-v4-095	175	required	巴斯德殺菌	agriculture-food	概念詞族	農業食品:殺菌
tw-typing-v4-095	175	optional	食品包裝	agriculture-food	概念詞族	農業食品:包裝
tw-typing-v4-095	175	optional	精準農業	agriculture-food	概念詞族	農業食品:農業
tw-typing-v4-095	175	optional	食品工程	agriculture-food	概念詞族	農業食品:食品
tw-typing-v4-095	175	optional	食品追溯	agriculture-food	概念詞族	農業食品:品追
tw-typing-v4-095	175	optional	食品召回	agriculture-food	概念詞族	農業食品:食品
tw-typing-v4-095	175	required	水耕栽培	agriculture-food	概念詞族	農業食品:栽培
tw-typing-v4-095	175	required	溫室栽培	agriculture-food	概念詞族	農業食品:室栽
tw-typing-v4-095	175	required	殺菌	agriculture-food,mcbopomofo	概念詞族	農業食品:殺菌
tw-typing-v4-095	175	optional	園藝學	agriculture-food	概念詞族	農業食品:藝學
tw-typing-v4-095	175	required	微生物限量	agriculture-food	概念詞族	農業食品:微生
tw-typing-v4-095	175	required	無土栽培	agriculture-food	概念詞族	農業食品:栽培
tw-typing-v4-095	175	optional	諾羅病毒	agriculture-food	概念詞族	農業食品:病毒
tw-typing-v4-095	175	optional	氣調包裝	agriculture-food	概念詞族	農業食品:包裝
tw-typing-v4-095	175	required	套袋	agriculture-food	單詞	套袋
tw-typing-v4-095	175	required	噴霧乾燥	agriculture-food	概念詞族	農業食品:乾燥
tw-typing-v4-095	175	required	網室栽培	agriculture-food	概念詞族	農業食品:室栽
tw-typing-v4-095	175	optional	產品追蹤	agriculture-food	概念詞族	農業食品:品追
tw-typing-v4-095	175	optional	農業科學	agriculture-food	概念詞族	農業食品:農業
tw-typing-v4-095	175	required	風險	business,finance,mcbopomofo	同義近義	風險危害威脅
tw-typing-v4-095	175	optional	友善農業	agriculture-food	概念詞族	農業食品:農業
tw-typing-v4-095	175	required	養液栽培	agriculture-food	概念詞族	農業食品:栽培
tw-typing-v4-095	175	required	危害	agriculture-food,mcbopomofo	同義近義	風險危害威脅
tw-typing-v4-095	175	optional	疏花	agriculture-food	單詞	疏花
tw-typing-v4-095	175	optional	農藥殘留	agriculture-food	概念詞族	農業食品:殘留
tw-typing-v4-096	131	required	兄弟	mcbopomofo	單詞	兄弟
tw-typing-v4-096	131	required	形式	mcbopomofo	單詞	形式
tw-typing-v4-096	131	optional	具有	mcbopomofo	單詞	具有
tw-typing-v4-096	131	optional	歡樂	mcbopomofo	單詞	歡樂
tw-typing-v4-096	131	required	不認	mcbopomofo	單詞	不認
tw-typing-v4-096	131	optional	左營	mcbopomofo	單詞	左營
tw-typing-v4-096	131	required	小提琴	mcbopomofo	單詞	小提琴
tw-typing-v4-096	131	required	花在	mcbopomofo	單詞	花在
tw-typing-v4-096	131	required	社團	mcbopomofo	單詞	社團
tw-typing-v4-096	131	required	培養	mcbopomofo	概念詞族	日常生活:培養
tw-typing-v4-096	131	required	容器化	general	概念詞族	日常生活:容器
tw-typing-v4-096	131	required	下文	mcbopomofo	概念詞族	日常生活:下文
tw-typing-v4-096	131	optional	香港	mcbopomofo	單詞	香港
tw-typing-v4-096	131	optional	國營	mcbopomofo	單詞	國營
tw-typing-v4-096	131	required	往前	mcbopomofo	單詞	往前
tw-typing-v4-096	131	required	做為	mcbopomofo	單詞	做為
tw-typing-v4-096	131	optional	兩百	mcbopomofo	單詞	兩百
tw-typing-v4-096	131	optional	版權	mcbopomofo	單詞	版權
tw-typing-v4-096	131	required	水平	mcbopomofo	概念詞族	日常生活:水平
tw-typing-v4-096	131	required	辛苦	mcbopomofo	單詞	辛苦
tw-typing-v4-096	131	optional	常會	mcbopomofo	單詞	常會
tw-typing-v4-096	131	optional	序列	mcbopomofo	概念詞族	日常生活:序列
tw-typing-v4-096	131	optional	促進	mcbopomofo	單詞	促進
tw-typing-v4-096	131	required	景點	mcbopomofo	單詞	景點
tw-typing-v4-096	131	optional	住民	mcbopomofo	概念詞族	日常生活:住民
tw-typing-v4-096	131	optional	鄉親	mcbopomofo	單詞	鄉親
tw-typing-v4-096	131	optional	都市	mcbopomofo	概念詞族	日常生活:都市
tw-typing-v4-096	131	optional	是以	mcbopomofo	單詞	是以
tw-typing-v4-096	131	optional	農民	mcbopomofo	同義近義	農民農友
tw-typing-v4-096	131	required	音樂	mcbopomofo	單詞	音樂
tw-typing-v4-097	59	required	貝氏	ai-data-science,mcbopomofo	單詞	貝氏
tw-typing-v4-097	59	required	記憶體鑑識	network-security	概念詞族	數位科技:憶體
tw-typing-v4-097	59	optional	曲線下面積	ai-data-science	概念詞族	數位科技:曲線
tw-typing-v4-097	59	required	自動化	mcbopomofo,network-security	概念詞族	數位科技:動化
tw-typing-v4-097	59	required	勒索病毒	network-security	概念詞族	數位科技:勒索
tw-typing-v4-097	59	optional	緩慢	ai-data-science,mcbopomofo	單詞	緩慢
tw-typing-v4-097	59	optional	推論最佳化	ai-data-science	概念詞族	數位科技:推論
tw-typing-v4-097	59	required	隔離	mcbopomofo,software	概念詞族	數位科技:隔離
tw-typing-v4-097	59	required	情感分析	ai-data-science	概念詞族	數位科技:情感
tw-typing-v4-097	59	required	網站服務	network-security	概念詞族	數位科技:網站
tw-typing-v4-097	59	optional	擴充	mcbopomofo,software	單詞	擴充
tw-typing-v4-097	59	optional	文本摘要	ai-data-science	概念詞族	數位科技:文本
tw-typing-v4-097	59	required	判別	ai-data-science,mcbopomofo	單詞	判別
tw-typing-v4-097	59	optional	回饋	ai-data-science,mcbopomofo	單詞	回饋
tw-typing-v4-097	59	required	隨機	ai-data-science,mcbopomofo,semiconductor	概念詞族	數位科技:隨機
tw-typing-v4-097	59	optional	問答系統	ai-data-science	單詞	問答系統
tw-typing-v4-097	59	optional	協作	mcbopomofo,network-security	單詞	協作
tw-typing-v4-097	59	required	多頭注意力	ai-data-science	概念詞族	數位科技:意力
tw-typing-v4-097	59	optional	優先	mcbopomofo,software	單詞	優先
tw-typing-v4-097	59	optional	光學	ai-data-science,mcbopomofo,medicine,semiconductor	概念詞族	數位科技:光學
tw-typing-v4-097	59	optional	漏洞管理	network-security	單詞	漏洞管理
tw-typing-v4-097	59	optional	偏誤分析	ai-data-science	概念詞族	數位科技:誤分
tw-typing-v4-097	59	required	多模態模型	ai-data-science	概念詞族	數位科技:模態
tw-typing-v4-097	59	required	不可否認性	network-security	概念詞族	數位科技:可否
tw-typing-v4-097	59	optional	數位簽章	network-security	概念詞族	數位科技:數位
tw-typing-v4-097	59	required	重構	software	單詞	重構
tw-typing-v4-097	59	required	擴散模型	ai-data-science	概念詞族	數位科技:擴散
tw-typing-v4-097	59	optional	四次揮手	network-security	單詞	四次揮手
tw-typing-v4-097	59	optional	供應鏈稽核	network-security	概念詞族	數位科技:應鏈
tw-typing-v4-097	59	required	路徑	mcbopomofo,network-security	概念詞族	數位科技:路徑
tw-typing-v4-098	172	required	漢語語言學	chinese	概念詞族	語文人文:漢語
tw-typing-v4-098	172	required	志怪	chinese	單詞	志怪
tw-typing-v4-098	172	optional	互文性	chinese	單詞	互文性
tw-typing-v4-098	172	required	曹雪芹	chinese,mcbopomofo,people-history	單詞	曹雪芹
tw-typing-v4-098	172	optional	活字本	chinese	單詞	活字本
tw-typing-v4-098	172	optional	歐陽修	chinese,mcbopomofo,people-history	單詞	歐陽修
tw-typing-v4-098	172	required	次濁	chinese	單詞	次濁
tw-typing-v4-098	172	required	條件複句	chinese	概念詞族	語文人文:條件
tw-typing-v4-098	172	optional	乙正	chinese	單詞	乙正
tw-typing-v4-098	172	optional	母題	chinese	單詞	母題
tw-typing-v4-098	172	optional	偏正複句	chinese	概念詞族	語文人文:偏正
tw-typing-v4-098	172	optional	後起字	chinese	單詞	後起字
tw-typing-v4-098	172	optional	陰上	chinese	單詞	陰上
tw-typing-v4-098	172	required	假設複句	chinese	概念詞族	語文人文:假設
tw-typing-v4-098	172	optional	不可靠	chinese	概念詞族	語文人文:可靠
tw-typing-v4-098	172	optional	頂真	chinese	單詞	頂真
tw-typing-v4-098	172	optional	等韻	chinese	單詞	等韻
tw-typing-v4-098	172	required	義符	chinese	單詞	義符
tw-typing-v4-098	172	required	形訓	chinese	單詞	形訓
tw-typing-v4-098	172	required	疊韻詞	chinese	單詞	疊韻詞
tw-typing-v4-098	172	required	中心語	chinese	概念詞族	語文人文:中心
tw-typing-v4-098	172	optional	作品研究	chinese	概念詞族	語文人文:作品
tw-typing-v4-098	172	optional	兼語句	chinese	單詞	兼語句
tw-typing-v4-098	172	required	文體學	chinese	概念詞族	語文人文:體學
tw-typing-v4-098	172	required	集韻	chinese	單詞	集韻
tw-typing-v4-098	172	optional	關漢卿	chinese	單詞	關漢卿
tw-typing-v4-098	172	required	次清	chinese	單詞	次清
tw-typing-v4-098	172	required	聯綿詞	chinese	單詞	聯綿詞
tw-typing-v4-098	172	optional	本字	chinese	單詞	本字
tw-typing-v4-098	172	required	訛文	chinese	單詞	訛文
tw-typing-v4-099	197	required	電路板校正	electronics	概念詞族	電子半導體:路板
tw-typing-v4-099	197	required	射頻設計	electronics	概念詞族	電子半導體:射頻
tw-typing-v4-099	197	optional	時脈設計	electronics	概念詞族	電子半導體:時脈
tw-typing-v4-099	197	optional	降壓轉換器	electronics	概念詞族	電子半導體:壓轉
tw-typing-v4-099	197	required	射頻驗證	electronics	概念詞族	電子半導體:射頻
tw-typing-v4-099	197	required	電路板除錯	electronics	概念詞族	電子半導體:路板
tw-typing-v4-099	197	optional	升壓轉換器	electronics	概念詞族	電子半導體:壓轉
tw-typing-v4-099	197	required	射頻電路	electronics	概念詞族	電子半導體:射頻
tw-typing-v4-099	197	optional	天線設計	electronics	概念詞族	電子半導體:天線
tw-typing-v4-099	197	optional	時脈除錯	electronics	概念詞族	電子半導體:時脈
tw-typing-v4-099	197	required	電路板	electronics,mcbopomofo	概念詞族	電子半導體:路板
tw-typing-v4-099	197	optional	時脈	electronics,mcbopomofo	概念詞族	電子半導體:時脈
tw-typing-v4-099	197	required	電路板量測	electronics	概念詞族	電子半導體:路板
tw-typing-v4-099	197	required	軟性電路板	electronics	概念詞族	電子半導體:路板
tw-typing-v4-099	197	optional	時脈量測	electronics	概念詞族	電子半導體:時脈
tw-typing-v4-099	197	required	電路板模擬	electronics	概念詞族	電子半導體:路板
tw-typing-v4-099	197	required	射頻量測	electronics	概念詞族	電子半導體:射頻
tw-typing-v4-099	197	required	射頻熱分析	electronics	概念詞族	電子半導體:射頻
tw-typing-v4-099	197	required	電路板驗證	electronics	概念詞族	電子半導體:路板
tw-typing-v4-099	197	required	射頻	electronics,mcbopomofo,semiconductor,transport-logistics	概念詞族	電子半導體:射頻
tw-typing-v4-099	197	optional	時脈校正	electronics	概念詞族	電子半導體:時脈
tw-typing-v4-099	197	required	射頻模擬	electronics	概念詞族	電子半導體:射頻
tw-typing-v4-099	197	optional	天線	electronics,mcbopomofo	概念詞族	電子半導體:天線
tw-typing-v4-099	197	optional	時脈模擬	electronics	概念詞族	電子半導體:時脈
tw-typing-v4-099	197	optional	時脈驗證	electronics	概念詞族	電子半導體:時脈
tw-typing-v4-099	197	optional	天線驗證	electronics	概念詞族	電子半導體:天線
tw-typing-v4-099	197	optional	天線校正	electronics	概念詞族	電子半導體:天線
tw-typing-v4-099	197	optional	時脈熱分析	electronics	概念詞族	電子半導體:時脈
tw-typing-v4-099	197	required	射頻校正	electronics	概念詞族	電子半導體:射頻
tw-typing-v4-099	197	optional	天線工程	electronics	概念詞族	電子半導體:天線
tw-typing-v4-100	13	optional	營業利益	business,finance	概念詞族	商業管理:業利
tw-typing-v4-100	13	optional	重大性原則	finance	概念詞族	商業管理:性原
tw-typing-v4-100	13	required	負債預測	finance	概念詞族	商業管理:負債
tw-typing-v4-100	13	optional	即期利率	finance	概念詞族	商業管理:利率
tw-typing-v4-100	13	required	品牌權益	business	概念詞族	商業管理:權益
tw-typing-v4-100	13	optional	客單價目標	business	概念詞族	商業管理:單價
tw-typing-v4-100	13	required	負債	finance,mcbopomofo	概念詞族	商業管理:負債
tw-typing-v4-100	13	required	直接成本	finance	概念詞族	商業管理:直接
tw-typing-v4-100	13	optional	營業槓桿	finance	概念詞族	商業管理:槓桿
tw-typing-v4-100	13	required	行銷	business,mcbopomofo	概念詞族	商業管理:行銷
tw-typing-v4-100	13	optional	客單價分析	business	概念詞族	商業管理:價分
tw-typing-v4-100	13	optional	審計委員會	business	概念詞族	商業管理:員會
tw-typing-v4-100	13	required	內部稽核	business	概念詞族	商業管理:內部
tw-typing-v4-100	13	optional	財務槓桿	finance	概念詞族	商業管理:槓桿
tw-typing-v4-100	13	required	口碑行銷	business	概念詞族	商業管理:行銷
tw-typing-v4-100	13	optional	客單價	business	概念詞族	商業管理:單價
tw-typing-v4-100	13	required	影響者行銷	business	概念詞族	商業管理:行銷
tw-typing-v4-100	13	optional	營業利益率	finance	概念詞族	商業管理:業利
tw-typing-v4-100	13	optional	預算管理	finance	概念詞族	商業管理:預算
tw-typing-v4-100	13	required	內部控制	business	概念詞族	商業管理:內部
tw-typing-v4-100	13	required	權益乘數	finance	概念詞族	商業管理:權益
tw-typing-v4-100	13	required	非系統風險	finance	概念詞族	商業管理:統風
tw-typing-v4-100	13	optional	一致性原則	finance	概念詞族	商業管理:性原
tw-typing-v4-100	13	optional	薪酬委員會	business	概念詞族	商業管理:員會
tw-typing-v4-100	13	required	權益	finance,mcbopomofo	概念詞族	商業管理:權益
tw-typing-v4-100	13	required	系統風險	finance	概念詞族	商業管理:統風
tw-typing-v4-100	13	optional	無風險利率	finance	概念詞族	商業管理:利率
tw-typing-v4-100	13	required	租賃負債	finance	概念詞族	商業管理:負債
tw-typing-v4-100	13	required	直接材料	finance	概念詞族	商業管理:直接
tw-typing-v4-100	13	optional	定價分析	business	概念詞族	商業管理:價分
tw-typing-v4-101	185	required	稽核	energy-environment,mcbopomofo,network-security	同義近義	檢查查核稽核
tw-typing-v4-101	185	optional	剝離術	medicine	概念詞族	醫療生技:剝離
tw-typing-v4-101	185	optional	檢測	mcbopomofo,medicine,semiconductor	同義近義	測試試驗檢測
tw-typing-v4-101	185	optional	測試	mcbopomofo,semiconductor,software	同義近義	測試試驗檢測
tw-typing-v4-101	185	optional	冠狀動脈	mcbopomofo,medicine	概念詞族	醫療生技:動脈
tw-typing-v4-101	185	required	表觀遺傳學	biotech-pharma	概念詞族	醫療生技:遺傳
tw-typing-v4-101	185	optional	下肢靜脈	medicine	概念詞族	醫療生技:靜脈
tw-typing-v4-101	185	optional	剝離	mcbopomofo,medicine	概念詞族	醫療生技:剝離
tw-typing-v4-101	185	required	原代細胞	biotech-pharma	概念詞族	醫療生技:細胞
tw-typing-v4-101	185	optional	試驗	biotech-pharma,civil-engineering,materials-chemistry,mcbopomofo,medicine,semiconductor	同義近義	測試試驗檢測
tw-typing-v4-101	185	required	長讀長定序	biotech-pharma	概念詞族	醫療生技:定序
tw-typing-v4-101	185	required	細胞轉染	biotech-pharma	概念詞族	醫療生技:細胞
tw-typing-v4-101	185	required	髖關節	mcbopomofo,medicine	概念詞族	醫療生技:關節
tw-typing-v4-101	185	optional	頸動脈	mcbopomofo,medicine	概念詞族	醫療生技:動脈
tw-typing-v4-101	185	optional	靜脈	mcbopomofo,medicine	概念詞族	醫療生技:靜脈
tw-typing-v4-101	185	required	外顯子定序	biotech-pharma	概念詞族	醫療生技:定序
tw-typing-v4-101	185	required	基因定序	biotech-pharma	概念詞族	醫療生技:定序
tw-typing-v4-101	185	optional	纖維化	medicine	概念詞族	醫療生技:維化
tw-typing-v4-101	185	required	檢查	mcbopomofo,medicine,semiconductor	同義近義	檢查查核稽核
tw-typing-v4-101	185	required	膝關節	mcbopomofo,medicine	概念詞族	醫療生技:關節
tw-typing-v4-101	185	optional	靜脈曲張	mcbopomofo,medicine	概念詞族	醫療生技:靜脈
tw-typing-v4-101	185	required	流式細胞儀	biotech-pharma	概念詞族	醫療生技:細胞
tw-typing-v4-101	185	optional	肺纖維化	medicine	概念詞族	醫療生技:維化
tw-typing-v4-101	185	optional	主動脈剝離	medicine	概念詞族	醫療生技:剝離
tw-typing-v4-101	185	optional	心肌纖維化	medicine	概念詞族	醫療生技:維化
tw-typing-v4-101	185	optional	動脈	mcbopomofo,medicine	概念詞族	醫療生技:動脈
tw-typing-v4-101	185	required	查核	mcbopomofo	同義近義	檢查查核稽核
tw-typing-v4-101	185	required	細胞工程	biotech-pharma	概念詞族	醫療生技:細胞
tw-typing-v4-101	185	required	關節炎	mcbopomofo,medicine	概念詞族	醫療生技:關節
tw-typing-v4-101	185	required	定序	biotech-pharma	概念詞族	醫療生技:定序
tw-typing-v4-102	9	optional	供應鏈預測	business	概念詞族	商業管理:應鏈
tw-typing-v4-102	9	optional	留存率預測	business	概念詞族	商業管理:率預
tw-typing-v4-102	9	optional	供應鏈風險	business	概念詞族	商業管理:應鏈
tw-typing-v4-102	9	optional	轉換率預測	business	概念詞族	商業管理:率預
tw-typing-v4-102	9	required	人力規劃	business	概念詞族	商業管理:人力
tw-typing-v4-102	9	optional	供應鏈規劃	business	概念詞族	商業管理:應鏈
tw-typing-v4-102	9	required	供應鏈優化	business	概念詞族	商業管理:優化
tw-typing-v4-102	9	optional	供應鏈	business,industrial-engineering,network-security	概念詞族	商業管理:應鏈
tw-typing-v4-102	9	required	人力管理	business	概念詞族	商業管理:人力
tw-typing-v4-102	9	required	客戶策略	business	概念詞族	商業管理:策略
tw-typing-v4-102	9	optional	品牌	business,mcbopomofo	概念詞族	商業管理:品牌
tw-typing-v4-102	9	optional	品牌分析	business	概念詞族	商業管理:品牌
tw-typing-v4-102	9	optional	品牌預測	business	概念詞族	商業管理:品牌
tw-typing-v4-102	9	optional	市占率預測	business	概念詞族	商業管理:率預
tw-typing-v4-102	9	required	人力	business,mcbopomofo	概念詞族	商業管理:人力
tw-typing-v4-102	9	required	品牌優化	business	概念詞族	商業管理:優化
tw-typing-v4-102	9	optional	流失率預測	business	概念詞族	商業管理:率預
tw-typing-v4-102	9	required	人力策略	business	概念詞族	商業管理:策略
tw-typing-v4-102	9	required	人力成本	business	概念詞族	商業管理:人力
tw-typing-v4-102	9	required	品牌策略	business	概念詞族	商業管理:策略
tw-typing-v4-102	9	required	人力優化	business	概念詞族	商業管理:優化
tw-typing-v4-102	9	optional	品牌延伸	business	概念詞族	商業管理:品牌
tw-typing-v4-102	9	optional	供應鏈管理	business	概念詞族	商業管理:應鏈
tw-typing-v4-102	9	required	供應鏈策略	business	概念詞族	商業管理:策略
tw-typing-v4-102	9	required	人力預測	business	概念詞族	商業管理:人力
tw-typing-v4-102	9	optional	品牌管理	business	概念詞族	商業管理:品牌
tw-typing-v4-102	9	required	定價優化	business	概念詞族	商業管理:優化
tw-typing-v4-102	9	required	廠房	finance,mcbopomofo	單詞	廠房
tw-typing-v4-102	9	required	客戶優化	business	概念詞族	商業管理:優化
tw-typing-v4-102	9	optional	品牌規劃	business	概念詞族	商業管理:品牌
tw-typing-v4-103	1	optional	機器人	mcbopomofo,transport-logistics	概念詞族	交通物流:器人
tw-typing-v4-103	1	optional	共享運具	transport-logistics	概念詞族	交通物流:共享
tw-typing-v4-103	1	required	倉儲管理	transport-logistics	概念詞族	交通物流:倉儲
tw-typing-v4-103	1	required	旅次產生	transport-logistics	概念詞族	交通物流:產生
tw-typing-v4-103	1	required	港區	mcbopomofo,transport-logistics	單詞	港區
tw-typing-v4-103	1	required	績效分析	transport-logistics	概念詞族	交通物流:效分
tw-typing-v4-103	1	optional	倉庫	mcbopomofo,transport-logistics	單詞	倉庫
tw-typing-v4-103	1	optional	移動	mcbopomofo,transport-logistics	概念詞族	交通物流:移動
tw-typing-v4-103	1	required	國際物流	transport-logistics	概念詞族	交通物流:國際
tw-typing-v4-103	1	required	保稅工廠	transport-logistics	概念詞族	交通物流:工廠
tw-typing-v4-103	1	required	空中	mcbopomofo,transport-logistics	單詞	空中
tw-typing-v4-103	1	optional	智慧	mcbopomofo,transport-logistics	概念詞族	交通物流:智慧
tw-typing-v4-103	1	required	自動倉儲	transport-logistics	概念詞族	交通物流:倉儲
tw-typing-v4-103	1	required	冷鏈物流	transport-logistics	概念詞族	交通物流:鏈物
tw-typing-v4-103	1	required	條碼管理	transport-logistics	概念詞族	交通物流:碼管
tw-typing-v4-103	1	optional	配送車隊	transport-logistics	概念詞族	交通物流:配送
tw-typing-v4-103	1	required	供應鏈物流	transport-logistics	概念詞族	交通物流:鏈物
tw-typing-v4-103	1	optional	自主	mcbopomofo,transport-logistics	概念詞族	交通物流:自主
tw-typing-v4-103	1	required	即時監控	transport-logistics	概念詞族	交通物流:即時
tw-typing-v4-103	1	optional	營運管理	transport-logistics	概念詞族	交通物流:營運
tw-typing-v4-103	1	required	物品	mcbopomofo,transport-logistics	單詞	物品
tw-typing-v4-103	1	required	空運物流	transport-logistics	概念詞族	交通物流:運物
tw-typing-v4-103	1	optional	感應式號誌	transport-logistics	概念詞族	交通物流:感應
tw-typing-v4-103	1	optional	危險	mcbopomofo,transport-logistics	概念詞族	交通物流:危險
tw-typing-v4-103	1	optional	停車場	mcbopomofo,transport-logistics	單詞	停車場
tw-typing-v4-103	1	optional	列車控制	transport-logistics	概念詞族	交通物流:列車
tw-typing-v4-103	1	optional	末端配送	transport-logistics	概念詞族	交通物流:配送
tw-typing-v4-103	1	optional	自動列車	transport-logistics	概念詞族	交通物流:列車
tw-typing-v4-103	1	optional	危險品運輸	transport-logistics	概念詞族	交通物流:危險
tw-typing-v4-103	1	required	物流中心	transport-logistics	概念詞族	交通物流:中心
tw-typing-v4-104	166	optional	備轉容量	energy-environment	概念詞族	科學環境:容量
tw-typing-v4-104	166	optional	固溶處理	materials-chemistry	概念詞族	科學環境:固溶
tw-typing-v4-104	166	required	膜生物	energy-environment	概念詞族	科學環境:生物
tw-typing-v4-104	166	optional	熱容量	science	概念詞族	科學環境:容量
tw-typing-v4-104	166	optional	氧化數	science	概念詞族	科學環境:氧化
tw-typing-v4-104	166	required	基載電力	energy-environment	概念詞族	科學環境:電力
tw-typing-v4-104	166	required	生物膜法	energy-environment	概念詞族	科學環境:生物
tw-typing-v4-104	166	required	環境噪音	energy-environment	概念詞族	科學環境:噪音
tw-typing-v4-104	166	optional	硫氧化物	energy-environment	概念詞族	科學環境:氧化
tw-typing-v4-104	166	required	顯微鏡	materials-chemistry,mcbopomofo	概念詞族	科學環境:顯微
tw-typing-v4-104	166	required	結構材料	materials-chemistry	概念詞族	科學環境:結構
tw-typing-v4-104	166	optional	減量管理	energy-environment	概念詞族	科學環境:減量
tw-typing-v4-104	166	required	壓縮空氣	energy-environment,mcbopomofo	概念詞族	科學環境:壓縮
tw-typing-v4-104	166	optional	廢氣洗滌	materials-chemistry	概念詞族	科學環境:洗滌
tw-typing-v4-104	166	optional	間隙原子	materials-chemistry	概念詞族	科學環境:原子
tw-typing-v4-104	166	required	二級處理	energy-environment	概念詞族	科學環境:級處
tw-typing-v4-104	166	required	三級處理	energy-environment	概念詞族	科學環境:級處
tw-typing-v4-104	166	required	有機物	energy-environment,mcbopomofo	概念詞族	科學環境:有機
tw-typing-v4-104	166	required	光學顯微鏡	materials-chemistry	概念詞族	科學環境:顯微
tw-typing-v4-104	166	optional	濕式洗滌塔	energy-environment	概念詞族	科學環境:洗滌
tw-typing-v4-104	166	optional	固溶強化	materials-chemistry	概念詞族	科學環境:固溶
tw-typing-v4-104	166	optional	孤島效應	energy-environment	概念詞族	科學環境:效應
tw-typing-v4-104	166	optional	都卜勒效應	science	概念詞族	科學環境:效應
tw-typing-v4-104	166	required	噪音污染	energy-environment	概念詞族	科學環境:噪音
tw-typing-v4-104	166	optional	壓縮試驗	materials-chemistry	概念詞族	科學環境:壓縮
tw-typing-v4-104	166	required	微結構分析	materials-chemistry	概念詞族	科學環境:結構
tw-typing-v4-104	166	optional	減量	energy-environment,mcbopomofo	概念詞族	科學環境:減量
tw-typing-v4-104	166	optional	氫原子模型	science	概念詞族	科學環境:原子
tw-typing-v4-104	166	required	電力市場	energy-environment	概念詞族	科學環境:電力
tw-typing-v4-104	166	required	總有機碳	energy-environment	概念詞族	科學環境:有機
tw-typing-v4-105	139	optional	閩南語	mcbopomofo	概念詞族	日常生活:閩南
tw-typing-v4-105	139	optional	當時	mcbopomofo	概念詞族	日常生活:當時
tw-typing-v4-105	139	required	醫學院	mcbopomofo	概念詞族	日常生活:醫學
tw-typing-v4-105	139	required	坐下來	mcbopomofo	概念詞族	日常生活:坐下
tw-typing-v4-105	139	optional	輔助駕駛	general	概念詞族	日常生活:輔助
tw-typing-v4-105	139	optional	七十	mcbopomofo	概念詞族	日常生活:七十
tw-typing-v4-105	139	required	只是	mcbopomofo	概念詞族	日常生活:只是
tw-typing-v4-105	139	required	而不	mcbopomofo	概念詞族	日常生活:而不
tw-typing-v4-105	139	required	百分之十	mcbopomofo	概念詞族	日常生活:分之
tw-typing-v4-105	139	required	而不是	mcbopomofo	概念詞族	日常生活:而不
tw-typing-v4-105	139	required	顯示	mcbopomofo,semiconductor	同義近義	顯示呈現
tw-typing-v4-105	139	optional	輔助	mcbopomofo	概念詞族	日常生活:輔助
tw-typing-v4-105	139	required	呈現	mcbopomofo	同義近義	顯示呈現
tw-typing-v4-105	139	optional	今天	mcbopomofo	概念詞族	日常生活:今天
tw-typing-v4-105	139	required	醫學	mcbopomofo	概念詞族	日常生活:醫學
tw-typing-v4-105	139	optional	七十五	mcbopomofo	概念詞族	日常生活:七十
tw-typing-v4-105	139	required	一下子	mcbopomofo	概念詞族	日常生活:下子
tw-typing-v4-105	139	required	下子	mcbopomofo	概念詞族	日常生活:下子
tw-typing-v4-105	139	optional	八十	mcbopomofo	概念詞族	日常生活:八十
tw-typing-v4-105	139	required	百分之一	mcbopomofo	概念詞族	日常生活:分之
tw-typing-v4-105	139	optional	樣子	mcbopomofo	概念詞族	日常生活:樣子
tw-typing-v4-105	139	optional	閩南	mcbopomofo	概念詞族	日常生活:閩南
tw-typing-v4-105	139	required	不只是	mcbopomofo	概念詞族	日常生活:只是
tw-typing-v4-105	139	optional	這樣子	mcbopomofo	概念詞族	日常生活:樣子
tw-typing-v4-105	139	optional	也不	mcbopomofo	概念詞族	日常生活:也不
tw-typing-v4-105	139	required	也不能	mcbopomofo	概念詞族	日常生活:也不
tw-typing-v4-105	139	required	坐下	mcbopomofo	概念詞族	日常生活:坐下
tw-typing-v4-105	139	optional	當時的	mcbopomofo	概念詞族	日常生活:當時
tw-typing-v4-105	139	optional	八十三年	mcbopomofo	概念詞族	日常生活:八十
tw-typing-v4-105	139	optional	從今天	mcbopomofo	概念詞族	日常生活:今天
tw-typing-v4-106	27	required	新奧工法	civil-engineering	概念詞族	工程製造:工法
tw-typing-v4-106	27	optional	張力結構	civil-engineering	概念詞族	工程製造:結構
tw-typing-v4-106	27	required	流程型	industrial-engineering	概念詞族	工程製造:流程
tw-typing-v4-106	27	optional	補強	civil-engineering,mcbopomofo	概念詞族	工程製造:補強
tw-typing-v4-106	27	optional	品質	civil-engineering,industrial-engineering,mcbopomofo	概念詞族	工程製造:品質
tw-typing-v4-106	27	optional	防水層修復	civil-engineering	概念詞族	工程製造:防水
tw-typing-v4-106	27	optional	懸索結構	civil-engineering	概念詞族	工程製造:結構
tw-typing-v4-106	27	required	碎石樁工法	civil-engineering	概念詞族	工程製造:工法
tw-typing-v4-106	27	required	構造	civil-engineering,mcbopomofo	概念詞族	工程製造:構造
tw-typing-v4-106	27	required	流程	industrial-engineering,mcbopomofo	概念詞族	工程製造:流程
tw-typing-v4-106	27	required	工法	civil-engineering	概念詞族	工程製造:工法
tw-typing-v4-106	27	optional	六標準差	industrial-engineering	概念詞族	工程製造:標準
tw-typing-v4-106	27	required	鍛造模具	manufacturing	概念詞族	工程製造:模具
tw-typing-v4-106	27	required	扭轉應力	manufacturing	概念詞族	工程製造:應力
tw-typing-v4-106	27	required	服務流程	industrial-engineering	概念詞族	工程製造:流程
tw-typing-v4-106	27	required	應力	manufacturing,materials-chemistry,mcbopomofo,semiconductor	概念詞族	工程製造:應力
tw-typing-v4-106	27	required	磨床	manufacturing	單詞	磨床
tw-typing-v4-106	27	optional	標準工時	manufacturing	概念詞族	工程製造:標準
tw-typing-v4-106	27	required	沖壓模具	manufacturing	概念詞族	工程製造:模具
tw-typing-v4-106	27	optional	品質查驗	civil-engineering	概念詞族	工程製造:品質
tw-typing-v4-106	27	required	混凝土構造	civil-engineering	概念詞族	工程製造:構造
tw-typing-v4-106	27	optional	基礎補強	civil-engineering	概念詞族	工程製造:補強
tw-typing-v4-106	27	optional	品質檢驗	civil-engineering	概念詞族	工程製造:品質
tw-typing-v4-106	27	optional	標準	civil-engineering,education,mcbopomofo	概念詞族	工程製造:標準
tw-typing-v4-106	27	optional	防水層設計	civil-engineering	概念詞族	工程製造:防水
tw-typing-v4-106	27	required	應力鬆弛	manufacturing	概念詞族	工程製造:應力
tw-typing-v4-106	27	required	核心筒構造	civil-engineering	概念詞族	工程製造:構造
tw-typing-v4-106	27	optional	結構鋼	civil-engineering	概念詞族	工程製造:結構
tw-typing-v4-106	27	optional	混凝土補強	civil-engineering	概念詞族	工程製造:補強
tw-typing-v4-106	27	optional	防水層施工	civil-engineering	概念詞族	工程製造:防水
tw-typing-v4-107	50	required	擁塞控制	network-security	概念詞族	數位科技:控制
tw-typing-v4-107	50	optional	遷移	mcbopomofo,software	概念詞族	數位科技:遷移
tw-typing-v4-107	50	required	預測模型	ai-data-science	概念詞族	數位科技:預測
tw-typing-v4-107	50	required	升級	mcbopomofo,software	單詞	升級
tw-typing-v4-107	50	optional	智慧代理	ai-data-science	概念詞族	數位科技:智慧
tw-typing-v4-107	50	required	識別	ai-data-science,mcbopomofo,transport-logistics	概念詞族	數位科技:識別
tw-typing-v4-107	50	required	實例分割	ai-data-science	概念詞族	數位科技:分割
tw-typing-v4-107	50	required	中心	mcbopomofo,network-security,transport-logistics	概念詞族	數位科技:中心
tw-typing-v4-107	50	required	行動服務	software	概念詞族	數位科技:行動
tw-typing-v4-107	50	required	直接	ai-data-science,electronics,mcbopomofo	概念詞族	數位科技:直接
tw-typing-v4-107	50	required	動態分析	network-security	概念詞族	數位科技:態分
tw-typing-v4-107	50	optional	理解	ai-data-science,mcbopomofo	單詞	理解
tw-typing-v4-107	50	optional	回應	mcbopomofo,network-security	同義近義	回覆回應
tw-typing-v4-107	50	optional	結構化資料	ai-data-science	概念詞族	數位科技:化資
tw-typing-v4-107	50	optional	偵測回應	network-security	概念詞族	數位科技:回應
tw-typing-v4-107	50	required	往返時間	network-security	概念詞族	數位科技:時間
tw-typing-v4-107	50	optional	跨站	network-security	單詞	跨站
tw-typing-v4-107	50	optional	對抗	ai-data-science,mcbopomofo	單詞	對抗
tw-typing-v4-107	50	optional	物件儲存	software	單詞	物件儲存
tw-typing-v4-107	50	required	評估	ai-data-science,mcbopomofo,transport-logistics	概念詞族	數位科技:評估
tw-typing-v4-107	50	optional	圖像	ai-data-science,mcbopomofo	概念詞族	數位科技:圖像
tw-typing-v4-107	50	required	名稱	mcbopomofo,network-security	單詞	名稱
tw-typing-v4-107	50	required	資產盤點	network-security	概念詞族	數位科技:盤點
tw-typing-v4-107	50	optional	批次正規化	ai-data-science	概念詞族	數位科技:規化
tw-typing-v4-107	50	optional	弱點掃描	network-security	概念詞族	數位科技:掃描
tw-typing-v4-107	50	optional	屬性型	network-security	單詞	屬性型
tw-typing-v4-107	50	optional	專家	ai-data-science,mcbopomofo	單詞	專家
tw-typing-v4-107	50	optional	不安全	network-security	概念詞族	數位科技:不安
tw-typing-v4-107	50	required	非對稱式	network-security	概念詞族	數位科技:非對
tw-typing-v4-107	50	required	詐騙	mcbopomofo,network-security	單詞	詐騙
tw-typing-v4-108	124	optional	中南	mcbopomofo	單詞	中南
tw-typing-v4-108	124	optional	能源	mcbopomofo	同義近義	能源電力
tw-typing-v4-108	124	required	深處	mcbopomofo	單詞	深處
tw-typing-v4-108	124	required	話題	mcbopomofo	單詞	話題
tw-typing-v4-108	124	required	水蜜桃	mcbopomofo	單詞	水蜜桃
tw-typing-v4-108	124	required	計劃	mcbopomofo	單詞	計劃
tw-typing-v4-108	124	optional	爺爺	mcbopomofo	單詞	爺爺
tw-typing-v4-108	124	required	信用	mcbopomofo	概念詞族	日常生活:信用
tw-typing-v4-108	124	required	差異	mcbopomofo	概念詞族	日常生活:差異
tw-typing-v4-108	124	optional	年紀	mcbopomofo	單詞	年紀
tw-typing-v4-108	124	optional	人潮	mcbopomofo	單詞	人潮
tw-typing-v4-108	124	required	吸引	mcbopomofo	單詞	吸引
tw-typing-v4-108	124	required	首都	mcbopomofo	單詞	首都
tw-typing-v4-108	124	optional	遊行	mcbopomofo	單詞	遊行
tw-typing-v4-108	124	optional	而是	mcbopomofo	單詞	而是
tw-typing-v4-108	124	required	理由	mcbopomofo	單詞	理由
tw-typing-v4-108	124	required	娃娃	mcbopomofo	單詞	娃娃
tw-typing-v4-108	124	optional	交往	mcbopomofo	單詞	交往
tw-typing-v4-108	124	optional	採用	mcbopomofo	單詞	採用
tw-typing-v4-108	124	required	怎樣	mcbopomofo	單詞	怎樣
tw-typing-v4-108	124	required	配合	mcbopomofo	概念詞族	日常生活:配合
tw-typing-v4-108	124	optional	面向	mcbopomofo	單詞	面向
tw-typing-v4-108	124	required	血球	mcbopomofo	概念詞族	日常生活:血球
tw-typing-v4-108	124	optional	起訴	mcbopomofo	概念詞族	日常生活:起訴
tw-typing-v4-108	124	optional	有感	mcbopomofo	單詞	有感
tw-typing-v4-108	124	required	祝福	mcbopomofo	單詞	祝福
tw-typing-v4-108	124	required	關注	mcbopomofo	單詞	關注
tw-typing-v4-108	124	optional	民眾	mcbopomofo	概念詞族	日常生活:民眾
tw-typing-v4-108	124	optional	國民	mcbopomofo	概念詞族	日常生活:國民
tw-typing-v4-108	124	optional	水位	mcbopomofo	概念詞族	日常生活:水位
tw-typing-v4-109	27	required	補強	civil-engineering,mcbopomofo	概念詞族	工程製造:補強
tw-typing-v4-109	27	required	防水層施工	civil-engineering	概念詞族	工程製造:防水
tw-typing-v4-109	27	required	結構鋼	civil-engineering	概念詞族	工程製造:結構
tw-typing-v4-109	27	optional	應力鬆弛	manufacturing	概念詞族	工程製造:應力
tw-typing-v4-109	27	optional	構造	civil-engineering,mcbopomofo	概念詞族	工程製造:構造
tw-typing-v4-109	27	optional	服務流程	industrial-engineering	概念詞族	工程製造:流程
tw-typing-v4-109	27	required	懸索結構	civil-engineering	概念詞族	工程製造:結構
tw-typing-v4-109	27	optional	流程	industrial-engineering,mcbopomofo	概念詞族	工程製造:流程
tw-typing-v4-109	27	optional	應力	manufacturing,materials-chemistry,mcbopomofo,semiconductor	概念詞族	工程製造:應力
tw-typing-v4-109	27	required	防水層設計	civil-engineering	概念詞族	工程製造:防水
tw-typing-v4-109	27	required	品質檢驗	civil-engineering	概念詞族	工程製造:品質
tw-typing-v4-109	27	optional	核心筒構造	civil-engineering	概念詞族	工程製造:構造
tw-typing-v4-109	27	required	張力結構	civil-engineering	概念詞族	工程製造:結構
tw-typing-v4-109	27	required	品質	civil-engineering,industrial-engineering,mcbopomofo	概念詞族	工程製造:品質
tw-typing-v4-109	27	required	防水層修復	civil-engineering	概念詞族	工程製造:防水
tw-typing-v4-109	27	optional	沖壓模具	manufacturing	概念詞族	工程製造:模具
tw-typing-v4-109	27	optional	混凝土構造	civil-engineering	概念詞族	工程製造:構造
tw-typing-v4-109	27	required	混凝土補強	civil-engineering	概念詞族	工程製造:補強
tw-typing-v4-109	27	required	六標準差	industrial-engineering	概念詞族	工程製造:標準
tw-typing-v4-109	27	optional	碎石樁工法	civil-engineering	概念詞族	工程製造:工法
tw-typing-v4-109	27	required	標準工時	manufacturing	概念詞族	工程製造:標準
tw-typing-v4-109	27	optional	磨床	manufacturing	單詞	磨床
tw-typing-v4-109	27	required	品質查驗	civil-engineering	概念詞族	工程製造:品質
tw-typing-v4-109	27	optional	扭轉應力	manufacturing	概念詞族	工程製造:應力
tw-typing-v4-109	27	optional	工法	civil-engineering	概念詞族	工程製造:工法
tw-typing-v4-109	27	required	基礎補強	civil-engineering	概念詞族	工程製造:補強
tw-typing-v4-109	27	optional	鍛造模具	manufacturing	概念詞族	工程製造:模具
tw-typing-v4-109	27	required	標準	civil-engineering,education,mcbopomofo	概念詞族	工程製造:標準
tw-typing-v4-109	27	optional	新奧工法	civil-engineering	概念詞族	工程製造:工法
tw-typing-v4-109	27	optional	流程型	industrial-engineering	概念詞族	工程製造:流程
tw-typing-v4-110	175	required	殘留	agriculture-food,manufacturing,mcbopomofo	概念詞族	農業食品:殘留
tw-typing-v4-110	175	optional	微生物限量	agriculture-food	概念詞族	農業食品:微生
tw-typing-v4-110	175	optional	噴霧乾燥	agriculture-food	概念詞族	農業食品:乾燥
tw-typing-v4-110	175	optional	網室栽培	agriculture-food	概念詞族	農業食品:室栽
tw-typing-v4-110	175	required	農藝學	agriculture-food	概念詞族	農業食品:藝學
tw-typing-v4-110	175	required	產品追蹤	agriculture-food	概念詞族	農業食品:品追
tw-typing-v4-110	175	optional	溫室栽培	agriculture-food	概念詞族	農業食品:室栽
tw-typing-v4-110	175	optional	無土栽培	agriculture-food	概念詞族	農業食品:栽培
tw-typing-v4-110	175	optional	巴斯德殺菌	agriculture-food	概念詞族	農業食品:殺菌
tw-typing-v4-110	175	optional	食品過敏原	agriculture-food	概念詞族	農業食品:過敏
tw-typing-v4-110	175	optional	凍結乾燥	agriculture-food	概念詞族	農業食品:乾燥
tw-typing-v4-110	175	required	食品追溯	agriculture-food	概念詞族	農業食品:品追
tw-typing-v4-110	175	optional	水耕栽培	agriculture-food	概念詞族	農業食品:栽培
tw-typing-v4-110	175	required	諾羅病毒	agriculture-food	概念詞族	農業食品:病毒
tw-typing-v4-110	175	optional	食品微生物	agriculture-food	概念詞族	農業食品:微生
tw-typing-v4-110	175	required	氣調包裝	agriculture-food	概念詞族	農業食品:包裝
tw-typing-v4-110	175	required	園藝學	agriculture-food	概念詞族	農業食品:藝學
tw-typing-v4-110	175	required	農藥殘留	agriculture-food	概念詞族	農業食品:殘留
tw-typing-v4-110	175	optional	風險	business,finance,mcbopomofo	同義近義	風險危害威脅
tw-typing-v4-110	175	required	友善農業	agriculture-food	概念詞族	農業食品:農業
tw-typing-v4-110	175	required	食品召回	agriculture-food	概念詞族	農業食品:食品
tw-typing-v4-110	175	required	食品工程	agriculture-food	概念詞族	農業食品:食品
tw-typing-v4-110	175	optional	套袋	agriculture-food	單詞	套袋
tw-typing-v4-110	175	required	食品包裝	agriculture-food	概念詞族	農業食品:包裝
tw-typing-v4-110	175	optional	危害	agriculture-food,mcbopomofo	同義近義	風險危害威脅
tw-typing-v4-110	175	optional	殺菌	agriculture-food,mcbopomofo	概念詞族	農業食品:殺菌
tw-typing-v4-110	175	required	疏花	agriculture-food	單詞	疏花
tw-typing-v4-110	175	required	精準農業	agriculture-food	概念詞族	農業食品:農業
tw-typing-v4-110	175	optional	養液栽培	agriculture-food	概念詞族	農業食品:栽培
tw-typing-v4-110	175	required	農業科學	agriculture-food	概念詞族	農業食品:農業
tw-typing-v4-111	146	optional	戴資穎	people-contemporary	單詞	戴資穎
tw-typing-v4-111	146	optional	大前研一	mcbopomofo,people-oldnews	單詞	大前研一
tw-typing-v4-111	146	optional	漢武帝	mcbopomofo,people-history	單詞	漢武帝
tw-typing-v4-111	146	optional	曾志朗	mcbopomofo,people-oldnews	單詞	曾志朗
tw-typing-v4-111	146	optional	蕭邦	mcbopomofo,people-history	單詞	蕭邦
tw-typing-v4-111	146	required	孫逸仙	mcbopomofo,people-history	單詞	孫逸仙
tw-typing-v4-111	146	optional	林益世	mcbopomofo,people-contemporary	單詞	林益世
tw-typing-v4-111	146	required	劉備	mcbopomofo,people-history	單詞	劉備
tw-typing-v4-111	146	required	比爾蓋茲	mcbopomofo,people-contemporary	單詞	比爾蓋茲
tw-typing-v4-111	146	required	蔡依林	mcbopomofo,people-contemporary	單詞	蔡依林
tw-typing-v4-111	146	optional	連戰	mcbopomofo,people-oldnews	單詞	連戰
tw-typing-v4-111	146	optional	柯林頓	mcbopomofo,people-oldnews	單詞	柯林頓
tw-typing-v4-111	146	optional	王莽	mcbopomofo,people-history	單詞	王莽
tw-typing-v4-111	146	optional	亞歷山大	history,mcbopomofo	單詞	亞歷山大
tw-typing-v4-111	146	required	林洋港	mcbopomofo,people-oldnews	單詞	林洋港
tw-typing-v4-111	146	required	水圳開發	history	概念詞族	歷史人物:開發
tw-typing-v4-111	146	required	林清玄	mcbopomofo,people-oldnews	單詞	林清玄
tw-typing-v4-111	146	optional	孫武	mcbopomofo,people-history	單詞	孫武
tw-typing-v4-111	146	optional	鄭和	mcbopomofo,people-history	單詞	鄭和
tw-typing-v4-111	146	optional	李泰祥	mcbopomofo,people-oldnews	單詞	李泰祥
tw-typing-v4-111	146	optional	吳宗憲	mcbopomofo,people-contemporary	單詞	吳宗憲
tw-typing-v4-111	146	required	愛因斯坦	mcbopomofo,people-history	單詞	愛因斯坦
tw-typing-v4-111	146	required	張惠妹	mcbopomofo,people-contemporary	單詞	張惠妹
tw-typing-v4-111	146	required	王建民	mcbopomofo,people-contemporary	單詞	王建民
tw-typing-v4-111	146	required	阿拉法特	mcbopomofo,people-oldnews	概念詞族	歷史人物:阿拉
tw-typing-v4-111	146	required	馬斯克	people-contemporary	概念詞族	歷史人物:斯克
tw-typing-v4-111	146	required	張學友	mcbopomofo,people-oldnews	單詞	張學友
tw-typing-v4-111	146	optional	元首制	history	單詞	元首制
tw-typing-v4-111	146	required	黑澤明	mcbopomofo,people-history	單詞	黑澤明
tw-typing-v4-111	146	required	嚴長壽	mcbopomofo,people-oldnews	單詞	嚴長壽
tw-typing-v4-112	158	optional	好氧消化	energy-environment	概念詞族	科學環境:氧消
tw-typing-v4-112	158	required	鋼材熱處理	materials-chemistry	概念詞族	科學環境:材熱
tw-typing-v4-112	158	optional	陽極保護	materials-chemistry	概念詞族	科學環境:保護
tw-typing-v4-112	158	required	拉曼光譜	materials-chemistry	概念詞族	科學環境:光譜
tw-typing-v4-112	158	required	活性污泥法	energy-environment	概念詞族	科學環境:活性
tw-typing-v4-112	158	optional	天體物理	science	概念詞族	科學環境:物理
tw-typing-v4-112	158	optional	流體化床	materials-chemistry	概念詞族	科學環境:體化
tw-typing-v4-112	158	optional	膠體化學	science	概念詞族	科學環境:體化
tw-typing-v4-112	158	required	化學計量	science	概念詞族	科學環境:化學
tw-typing-v4-112	158	required	細晶強化	materials-chemistry	概念詞族	科學環境:強化
tw-typing-v4-112	158	optional	靜電集塵器	energy-environment	概念詞族	科學環境:塵器
tw-typing-v4-112	158	required	綠色化學	energy-environment	概念詞族	科學環境:化學
tw-typing-v4-112	158	required	紫外線消毒	energy-environment	概念詞族	科學環境:消毒
tw-typing-v4-112	158	optional	併網保護	energy-environment	概念詞族	科學環境:保護
tw-typing-v4-112	158	required	波動方程	science	概念詞族	科學環境:波動
tw-typing-v4-112	158	optional	電漿物理	science	概念詞族	科學環境:物理
tw-typing-v4-112	158	optional	析出強化	materials-chemistry	概念詞族	科學環境:強化
tw-typing-v4-112	158	optional	袋式集塵器	energy-environment	概念詞族	科學環境:塵器
tw-typing-v4-112	158	required	紅外光譜	materials-chemistry	概念詞族	科學環境:光譜
tw-typing-v4-112	158	optional	玻璃熱性質	materials-chemistry	概念詞族	科學環境:璃熱
tw-typing-v4-112	158	optional	奈米材料	materials-chemistry,mcbopomofo	概念詞族	科學環境:奈米
tw-typing-v4-112	158	required	掃描	materials-chemistry,mcbopomofo,medicine	概念詞族	科學環境:掃描
tw-typing-v4-112	158	required	波動光學	science	概念詞族	科學環境:波動
tw-typing-v4-112	158	optional	厭氧消化	energy-environment	概念詞族	科學環境:氧消
tw-typing-v4-112	158	optional	玻璃熱處理	materials-chemistry	概念詞族	科學環境:璃熱
tw-typing-v4-112	158	optional	奈米壓痕	materials-chemistry	概念詞族	科學環境:奈米
tw-typing-v4-112	158	required	活性碳吸附	energy-environment,materials-chemistry	概念詞族	科學環境:活性
tw-typing-v4-112	158	required	掃描式	materials-chemistry,mcbopomofo	概念詞族	科學環境:掃描
tw-typing-v4-112	158	required	鋼材熱性質	materials-chemistry	概念詞族	科學環境:材熱
tw-typing-v4-112	158	required	臭氧消毒	energy-environment	概念詞族	科學環境:消毒
tw-typing-v4-113	171	optional	傳奇劇本	chinese	概念詞族	語文人文:傳奇
tw-typing-v4-113	171	optional	胡適	chinese,mcbopomofo,people-history	單詞	胡適
tw-typing-v4-113	171	optional	韓愈	chinese,mcbopomofo,people-history	單詞	韓愈
tw-typing-v4-113	171	optional	狀語	chinese	單詞	狀語
tw-typing-v4-113	171	optional	借代	chinese	單詞	借代
tw-typing-v4-113	171	optional	呼告	chinese	單詞	呼告
tw-typing-v4-113	171	optional	辛棄疾	chinese,mcbopomofo	單詞	辛棄疾
tw-typing-v4-113	171	required	余光中	chinese,mcbopomofo,people-oldnews	單詞	余光中
tw-typing-v4-113	171	required	飛白	chinese	單詞	飛白
tw-typing-v4-113	171	required	主謂複詞	chinese	概念詞族	語文人文:主謂
tw-typing-v4-113	171	required	志人	chinese	單詞	志人
tw-typing-v4-113	171	optional	陌生化	chinese	概念詞族	語文人文:陌生
tw-typing-v4-113	171	required	創作特色	chinese	概念詞族	語文人文:特色
tw-typing-v4-113	171	required	計算語言學	chinese	概念詞族	語文人文:計算
tw-typing-v4-113	171	required	李白	chinese,mcbopomofo,people-history	單詞	李白
tw-typing-v4-113	171	optional	簡帛文字	chinese	概念詞族	語文人文:文字
tw-typing-v4-113	171	required	選擇複句	chinese	概念詞族	語文人文:選擇
tw-typing-v4-113	171	optional	層遞	chinese	單詞	層遞
tw-typing-v4-113	171	required	擬物	chinese	單詞	擬物
tw-typing-v4-113	171	optional	示現	chinese	單詞	示現
tw-typing-v4-113	171	required	韻圖	chinese	單詞	韻圖
tw-typing-v4-113	171	required	繁簡字	chinese	單詞	繁簡字
tw-typing-v4-113	171	required	句法學	chinese	概念詞族	語文人文:句法
tw-typing-v4-113	171	optional	陰入	chinese	單詞	陰入
tw-typing-v4-113	171	required	魯迅	chinese,mcbopomofo,people-history	單詞	魯迅
tw-typing-v4-113	171	optional	拈連	chinese	單詞	拈連
tw-typing-v4-113	171	required	八聲	chinese	單詞	八聲
tw-typing-v4-113	171	required	派生詞	chinese	單詞	派生詞
tw-typing-v4-113	171	optional	陽去	chinese	單詞	陽去
tw-typing-v4-113	171	optional	歷史語言學	chinese	概念詞族	語文人文:歷史
tw-typing-v4-114	191	required	共閘極	electronics	概念詞族	電子半導體:閘極
tw-typing-v4-114	191	required	數位邏輯	electronics	概念詞族	電子半導體:邏輯
tw-typing-v4-114	191	optional	晶圓	mcbopomofo,semiconductor	概念詞族	電子半導體:晶圓
tw-typing-v4-114	191	required	馬達驅動器	electronics	概念詞族	電子半導體:驅動
tw-typing-v4-114	191	required	次臨界擺幅	semiconductor	概念詞族	電子半導體:臨界
tw-typing-v4-114	191	optional	帶阻濾波器	electronics	概念詞族	電子半導體:波器
tw-typing-v4-114	191	optional	暫存器	semiconductor	概念詞族	電子半導體:存器
tw-typing-v4-114	191	required	邏輯	mcbopomofo,semiconductor	概念詞族	電子半導體:邏輯
tw-typing-v4-114	191	optional	多輸入	electronics	概念詞族	電子半導體:多輸
tw-typing-v4-114	191	required	儀表放大器	electronics	概念詞族	電子半導體:大器
tw-typing-v4-114	191	required	功率	electronics,mcbopomofo	概念詞族	電子半導體:功率
tw-typing-v4-114	191	optional	空氣斷路器	electronics	概念詞族	電子半導體:路器
tw-typing-v4-114	191	optional	晶圓級封裝	semiconductor	概念詞族	電子半導體:晶圓
tw-typing-v4-114	191	optional	封裝製程	semiconductor	概念詞族	電子半導體:封裝
tw-typing-v4-114	191	optional	感測器	electronics,mcbopomofo	概念詞族	電子半導體:感測
tw-typing-v4-114	191	required	封裝	semiconductor	概念詞族	電子半導體:封裝
tw-typing-v4-114	191	optional	暫存器檔案	semiconductor	概念詞族	電子半導體:存器
tw-typing-v4-114	191	optional	曝光機保養	semiconductor	概念詞族	電子半導體:機保
tw-typing-v4-114	191	optional	真空斷路器	electronics	概念詞族	電子半導體:路器
tw-typing-v4-114	191	required	閉迴路控制	electronics	概念詞族	電子半導體:迴路
tw-typing-v4-114	191	required	臨界	mcbopomofo,semiconductor	概念詞族	電子半導體:臨界
tw-typing-v4-114	191	required	閘極	semiconductor	概念詞族	電子半導體:閘極
tw-typing-v4-114	191	required	運算放大器	electronics	概念詞族	電子半導體:大器
tw-typing-v4-114	191	required	開迴路控制	electronics	概念詞族	電子半導體:迴路
tw-typing-v4-114	191	required	驅動	mcbopomofo,semiconductor,software	概念詞族	電子半導體:驅動
tw-typing-v4-114	191	optional	陷波濾波器	electronics	概念詞族	電子半導體:波器
tw-typing-v4-114	191	optional	多輸出	electronics	概念詞族	電子半導體:多輸
tw-typing-v4-114	191	required	功率因數	electronics	概念詞族	電子半導體:功率
tw-typing-v4-114	191	optional	清洗機保養	semiconductor	概念詞族	電子半導體:機保
tw-typing-v4-114	191	optional	霍爾感測器	electronics	概念詞族	電子半導體:感測
tw-typing-v4-115	134	optional	就叫	mcbopomofo	單詞	就叫
tw-typing-v4-115	134	required	檔案	general,mcbopomofo	概念詞族	日常生活:檔案
tw-typing-v4-115	134	required	意識	mcbopomofo	單詞	意識
tw-typing-v4-115	134	optional	也來	mcbopomofo	單詞	也來
tw-typing-v4-115	134	optional	拜拜	mcbopomofo	單詞	拜拜
tw-typing-v4-115	134	required	天開	mcbopomofo	單詞	天開
tw-typing-v4-115	134	optional	發生	mcbopomofo	概念詞族	日常生活:發生
tw-typing-v4-115	134	optional	發電	mcbopomofo	概念詞族	日常生活:發電
tw-typing-v4-115	134	required	七千	mcbopomofo	單詞	七千
tw-typing-v4-115	134	optional	條例	mcbopomofo	單詞	條例
tw-typing-v4-115	134	required	牛肉	mcbopomofo	單詞	牛肉
tw-typing-v4-115	134	optional	等待	mcbopomofo	單詞	等待
tw-typing-v4-115	134	optional	處分	mcbopomofo	概念詞族	日常生活:處分
tw-typing-v4-115	134	optional	財團	mcbopomofo	單詞	財團
tw-typing-v4-115	134	required	後面	mcbopomofo	單詞	後面
tw-typing-v4-115	134	required	直播主	general	單詞	直播主
tw-typing-v4-115	134	required	蔓延	mcbopomofo	單詞	蔓延
tw-typing-v4-115	134	required	十多	mcbopomofo	單詞	十多
tw-typing-v4-115	134	required	居民	mcbopomofo	單詞	居民
tw-typing-v4-115	134	optional	經營	mcbopomofo	單詞	經營
tw-typing-v4-115	134	required	三月	mcbopomofo	單詞	三月
tw-typing-v4-115	134	optional	老婆	mcbopomofo	單詞	老婆
tw-typing-v4-115	134	required	溝通	mcbopomofo	單詞	溝通
tw-typing-v4-115	134	optional	信念	mcbopomofo	單詞	信念
tw-typing-v4-115	134	optional	財政部長	mcbopomofo	概念詞族	日常生活:部長
tw-typing-v4-115	134	optional	散文	mcbopomofo	單詞	散文
tw-typing-v4-115	134	optional	左右	mcbopomofo	單詞	左右
tw-typing-v4-115	134	required	幾個	mcbopomofo	單詞	幾個
tw-typing-v4-115	134	required	慢慢	mcbopomofo	單詞	慢慢
tw-typing-v4-115	134	required	僅僅	mcbopomofo	單詞	僅僅
tw-typing-v4-116	199	optional	閂鎖	semiconductor	單詞	閂鎖
tw-typing-v4-116	199	required	感應馬達	electronics	概念詞族	電子半導體:感應
tw-typing-v4-116	199	optional	可靠度測試	semiconductor	概念詞族	電子半導體:靠度
tw-typing-v4-116	199	optional	最大	electronics,mcbopomofo,network-security	概念詞族	電子半導體:最大
tw-typing-v4-116	199	required	固態繼電器	electronics	概念詞族	電子半導體:固態
tw-typing-v4-116	199	required	多工	electronics	單詞	多工
tw-typing-v4-116	199	required	轉換器	electronics,mcbopomofo	概念詞族	電子半導體:換器
tw-typing-v4-116	199	optional	傳導干擾	electronics	概念詞族	電子半導體:傳導
tw-typing-v4-116	199	required	操作	mcbopomofo,semiconductor,transport-logistics	概念詞族	電子半導體:操作
tw-typing-v4-116	199	required	二點五維	semiconductor	概念詞族	電子半導體:二點
tw-typing-v4-116	199	required	快速	electronics,mcbopomofo	概念詞族	電子半導體:快速
tw-typing-v4-116	199	required	原子層沉積	semiconductor	概念詞族	電子半導體:沉積
tw-typing-v4-116	199	optional	繼電器	electronics,mcbopomofo	概念詞族	電子半導體:繼電
tw-typing-v4-116	199	optional	設備匹配	semiconductor	概念詞族	電子半導體:設備
tw-typing-v4-116	199	required	化學	mcbopomofo,semiconductor	概念詞族	電子半導體:化學
tw-typing-v4-116	199	optional	氣相	semiconductor	單詞	氣相
tw-typing-v4-116	199	optional	常數	mcbopomofo,semiconductor	概念詞族	電子半導體:常數
tw-typing-v4-116	199	optional	暫態響應	electronics	概念詞族	電子半導體:態響
tw-typing-v4-116	199	required	量測機台	semiconductor	概念詞族	電子半導體:機台
tw-typing-v4-116	199	optional	物理	mcbopomofo,semiconductor	概念詞族	電子半導體:物理
tw-typing-v4-116	199	optional	方法學	semiconductor	概念詞族	電子半導體:法學
tw-typing-v4-116	199	optional	離子	mcbopomofo,semiconductor	概念詞族	電子半導體:離子
tw-typing-v4-116	199	optional	共基極	electronics	單詞	共基極
tw-typing-v4-116	199	required	溫度	mcbopomofo,semiconductor	概念詞族	電子半導體:溫度
tw-typing-v4-116	199	required	汲極	semiconductor	單詞	汲極
tw-typing-v4-116	199	required	記憶體	mcbopomofo,semiconductor	概念詞族	電子半導體:憶體
tw-typing-v4-116	199	optional	克希荷夫	electronics	單詞	克希荷夫
tw-typing-v4-116	199	optional	無熔絲開關	electronics	單詞	無熔絲開關
tw-typing-v4-116	199	required	製程腔體	semiconductor	概念詞族	電子半導體:製程
tw-typing-v4-116	199	required	深紫外光	semiconductor	概念詞族	電子半導體:外光
tw-typing-v4-117	195	optional	算術	mcbopomofo,semiconductor	單詞	算術
tw-typing-v4-117	195	optional	碳化矽	semiconductor	單詞	碳化矽
tw-typing-v4-117	195	required	金氧半	semiconductor	單詞	金氧半
tw-typing-v4-117	195	optional	分頻	electronics	單詞	分頻
tw-typing-v4-117	195	optional	可靠度分析	electronics,industrial-engineering	概念詞族	電子半導體:度分
tw-typing-v4-117	195	required	材料	mcbopomofo,semiconductor	概念詞族	電子半導體:材料
tw-typing-v4-117	195	optional	浸潤式微影	semiconductor	概念詞族	電子半導體:式微
tw-typing-v4-117	195	optional	保護設計	electronics	概念詞族	電子半導體:保護
tw-typing-v4-117	195	required	暫態	electronics	概念詞族	電子半導體:暫態
tw-typing-v4-117	195	optional	真空系統	semiconductor	概念詞族	電子半導體:真空
tw-typing-v4-117	195	required	改善	mcbopomofo,semiconductor	同義近義	改善改進優化
tw-typing-v4-117	195	required	振幅	electronics,mcbopomofo	單詞	振幅
tw-typing-v4-117	195	required	返馳式	electronics	單詞	返馳式
tw-typing-v4-117	195	optional	旋轉編碼器	electronics	概念詞族	電子半導體:旋轉
tw-typing-v4-117	195	optional	鰭式	semiconductor	單詞	鰭式
tw-typing-v4-117	195	optional	時序	mcbopomofo,semiconductor	單詞	時序
tw-typing-v4-117	195	required	封裝設備	semiconductor	概念詞族	電子半導體:裝設
tw-typing-v4-117	195	optional	曝光機	semiconductor	概念詞族	電子半導體:光機
tw-typing-v4-117	195	required	馬達編碼器	electronics	概念詞族	電子半導體:碼器
tw-typing-v4-117	195	optional	機械	mcbopomofo,semiconductor	概念詞族	電子半導體:機械
tw-typing-v4-117	195	optional	熱動	electronics	單詞	熱動
tw-typing-v4-117	195	required	主動濾波器	electronics	概念詞族	電子半導體:主動
tw-typing-v4-117	195	required	時鐘樹合成	semiconductor	概念詞族	電子半導體:合成
tw-typing-v4-117	195	optional	均勻性	semiconductor	單詞	均勻性
tw-typing-v4-117	195	required	等電位連接	electronics	概念詞族	電子半導體:連接
tw-typing-v4-117	195	required	擷取	mcbopomofo,semiconductor	同義近義	下載擷取
tw-typing-v4-117	195	required	史密斯圖	electronics	單詞	史密斯圖
tw-typing-v4-117	195	required	覆蓋率	mcbopomofo,semiconductor	概念詞族	電子半導體:覆蓋
tw-typing-v4-117	195	optional	過載	electronics	單詞	過載
tw-typing-v4-117	195	required	光電工程	electronics	概念詞族	電子半導體:電工
tw-typing-v4-118	168	optional	熱泵	science	單詞	熱泵
tw-typing-v4-118	168	optional	蛋白質轉譯	science	概念詞族	科學環境:白質
tw-typing-v4-118	168	required	固態物理	science	概念詞族	科學環境:固態
tw-typing-v4-118	168	required	熱傳導	science	概念詞族	科學環境:傳導
tw-typing-v4-118	168	required	轉移溫度	materials-chemistry	概念詞族	科學環境:溫度
tw-typing-v4-118	168	optional	裂紋	materials-chemistry,mcbopomofo	概念詞族	科學環境:裂紋
tw-typing-v4-118	168	required	攪拌槽	materials-chemistry	概念詞族	科學環境:攪拌
tw-typing-v4-118	168	optional	細胞骨架	science	概念詞族	科學環境:細胞
tw-typing-v4-118	168	optional	統計力學	science	概念詞族	科學環境:統計
tw-typing-v4-118	168	optional	力學性質	materials-chemistry	概念詞族	科學環境:性質
tw-typing-v4-118	168	required	需求反應	energy-environment	概念詞族	科學環境:需求
tw-typing-v4-118	168	optional	簡諧振子	science	概念詞族	科學環境:諧振
tw-typing-v4-118	168	optional	連續	materials-chemistry,mcbopomofo,medicine	概念詞族	科學環境:連續
tw-typing-v4-118	168	required	陰極防蝕	materials-chemistry	單詞	陰極防蝕
tw-typing-v4-118	168	required	遺傳漂變	science	概念詞族	科學環境:遺傳
tw-typing-v4-118	168	required	配電饋線	energy-environment	單詞	配電饋線
tw-typing-v4-118	168	required	可逆過程	science	概念詞族	科學環境:可逆
tw-typing-v4-118	168	optional	亥姆霍茲	science	單詞	亥姆霍茲
tw-typing-v4-118	168	required	輔助服務	energy-environment	概念詞族	科學環境:輔助
tw-typing-v4-118	168	optional	傅立葉	materials-chemistry,mcbopomofo	單詞	傅立葉
tw-typing-v4-118	168	optional	法規符合性	energy-environment	概念詞族	科學環境:符合
tw-typing-v4-118	168	required	蠕變試驗	materials-chemistry	概念詞族	科學環境:試驗
tw-typing-v4-118	168	required	離峰負載	energy-environment	概念詞族	科學環境:負載
tw-typing-v4-118	168	optional	不確定	science	概念詞族	科學環境:確定
tw-typing-v4-118	168	required	古典力學	science	概念詞族	科學環境:古典
tw-typing-v4-118	168	required	溶劑回收	materials-chemistry	概念詞族	科學環境:回收
tw-typing-v4-118	168	required	波印廷向量	science	概念詞族	科學環境:向量
tw-typing-v4-118	168	optional	不可逆過程	science	概念詞族	科學環境:逆過
tw-typing-v4-118	168	optional	吉布斯	science	概念詞族	科學環境:布斯
tw-typing-v4-118	168	optional	防制	energy-environment,mcbopomofo	單詞	防制
tw-typing-v4-119	55	required	修補管理	network-security	單詞	修補管理
tw-typing-v4-119	55	optional	自監督學習	ai-data-science	概念詞族	數位科技:監督
tw-typing-v4-119	55	required	高斯	ai-data-science,mcbopomofo	概念詞族	數位科技:高斯
tw-typing-v4-119	55	optional	反序列化	network-security	概念詞族	數位科技:序列
tw-typing-v4-119	55	optional	反向傳播	ai-data-science	概念詞族	數位科技:傳播
tw-typing-v4-119	55	optional	參數	ai-data-science,mcbopomofo,semiconductor	概念詞族	數位科技:參數
tw-typing-v4-119	55	required	低秩適配	ai-data-science	單詞	低秩適配
tw-typing-v4-119	55	required	位址	mcbopomofo,network-security	單詞	位址
tw-typing-v4-119	55	optional	對比學習	ai-data-science	概念詞族	數位科技:對比
tw-typing-v4-119	55	required	獨立	ai-data-science,mcbopomofo	單詞	獨立
tw-typing-v4-119	55	required	並行	mcbopomofo,software	概念詞族	數位科技:並行
tw-typing-v4-119	55	optional	查詢	mcbopomofo,software	單詞	查詢
tw-typing-v4-119	55	optional	職責	mcbopomofo,software	單詞	職責
tw-typing-v4-119	55	required	線性	ai-data-science,mcbopomofo	概念詞族	數位科技:線性
tw-typing-v4-119	55	required	標註	ai-data-science	單詞	標註
tw-typing-v4-119	55	optional	長短期	ai-data-science	單詞	長短期
tw-typing-v4-119	55	required	極端	ai-data-science,mcbopomofo	單詞	極端
tw-typing-v4-119	55	required	網頁	mcbopomofo,network-security	單詞	網頁
tw-typing-v4-119	55	required	防火牆	mcbopomofo,network-security	單詞	防火牆
tw-typing-v4-119	55	required	主機	mcbopomofo,network-security	單詞	主機
tw-typing-v4-119	55	optional	戰術	mcbopomofo,network-security	單詞	戰術
tw-typing-v4-119	55	optional	權衡	ai-data-science,mcbopomofo	單詞	權衡
tw-typing-v4-119	55	optional	應用	mcbopomofo,network-security	概念詞族	數位科技:應用
tw-typing-v4-119	55	required	暴力破解	network-security	單詞	暴力破解
tw-typing-v4-119	55	optional	建設	mcbopomofo,network-security	單詞	建設
tw-typing-v4-119	55	required	文字	ai-data-science,mcbopomofo	概念詞族	數位科技:文字
tw-typing-v4-119	55	optional	基礎模型	ai-data-science	概念詞族	數位科技:基礎
tw-typing-v4-119	55	required	函式呼叫	ai-data-science	單詞	函式呼叫
tw-typing-v4-119	55	optional	虛擬	mcbopomofo,network-security	概念詞族	數位科技:虛擬
tw-typing-v4-119	55	optional	量化	ai-data-science,mcbopomofo	單詞	量化
tw-typing-v4-120	37	optional	行政組織	law	概念詞族	政府法律:組織
tw-typing-v4-120	37	optional	懲戒	government,mcbopomofo	單詞	懲戒
tw-typing-v4-120	37	optional	拋棄繼承	law	概念詞族	政府法律:繼承
tw-typing-v4-120	37	optional	贓物罪	law	單詞	贓物罪
tw-typing-v4-120	37	required	執行進度	government	概念詞族	政府法律:進度
tw-typing-v4-120	37	required	居住	law,mcbopomofo	單詞	居住
tw-typing-v4-120	37	required	關鍵	government,mcbopomofo	概念詞族	政府法律:關鍵
tw-typing-v4-120	37	required	備查	government,mcbopomofo	單詞	備查
tw-typing-v4-120	37	required	人事案件	government	概念詞族	政府法律:人事
tw-typing-v4-120	37	required	證據	law,mcbopomofo	概念詞族	政府法律:證據
tw-typing-v4-120	37	required	有責性	law	單詞	有責性
tw-typing-v4-120	37	optional	留職停薪	government,mcbopomofo	單詞	留職停薪
tw-typing-v4-120	37	required	依法令行為	law	概念詞族	政府法律:法令
tw-typing-v4-120	37	optional	不作為犯	law	概念詞族	政府法律:作為
tw-typing-v4-120	37	optional	應繼分	law	單詞	應繼分
tw-typing-v4-120	37	optional	共同正犯	law	概念詞族	政府法律:共同
tw-typing-v4-120	37	required	債務承擔	law	概念詞族	政府法律:承擔
tw-typing-v4-120	37	optional	補助計畫	government	概念詞族	政府法律:補助
tw-typing-v4-120	37	required	違法	law,mcbopomofo	同義近義	違法違規
tw-typing-v4-120	37	optional	行政調查	law	概念詞族	政府法律:調查
tw-typing-v4-120	37	optional	改善措施	government	概念詞族	政府法律:措施
tw-typing-v4-120	37	optional	不當得利	law	概念詞族	政府法律:不當
tw-typing-v4-120	37	optional	核准	government,mcbopomofo	單詞	核准
tw-typing-v4-120	37	required	剩餘	law,mcbopomofo	單詞	剩餘
tw-typing-v4-120	37	required	分配	law,mcbopomofo	單詞	分配
tw-typing-v4-120	37	required	公寓	law,mcbopomofo	單詞	公寓
tw-typing-v4-120	37	optional	核備	government	單詞	核備
tw-typing-v4-120	37	required	幫助犯	law	概念詞族	政府法律:幫助
tw-typing-v4-120	37	required	高溫	agriculture-food,mcbopomofo,semiconductor	單詞	高溫
tw-typing-v4-120	37	optional	不溯及既往	law	單詞	不溯及既往
tw-typing-v4-121	1	required	倉庫	mcbopomofo,transport-logistics	單詞	倉庫
tw-typing-v4-121	1	optional	績效分析	transport-logistics	概念詞族	交通物流:效分
tw-typing-v4-121	1	required	停車場	mcbopomofo,transport-logistics	單詞	停車場
tw-typing-v4-121	1	optional	旅次產生	transport-logistics	概念詞族	交通物流:產生
tw-typing-v4-121	1	required	移動	mcbopomofo,transport-logistics	概念詞族	交通物流:移動
tw-typing-v4-121	1	required	危險	mcbopomofo,transport-logistics	概念詞族	交通物流:危險
tw-typing-v4-121	1	required	自主	mcbopomofo,transport-logistics	概念詞族	交通物流:自主
tw-typing-v4-121	1	optional	空中	mcbopomofo,transport-logistics	單詞	空中
tw-typing-v4-121	1	optional	自動倉儲	transport-logistics	概念詞族	交通物流:倉儲
tw-typing-v4-121	1	optional	物流中心	transport-logistics	概念詞族	交通物流:中心
tw-typing-v4-121	1	required	配送車隊	transport-logistics	概念詞族	交通物流:配送
tw-typing-v4-121	1	optional	條碼管理	transport-logistics	概念詞族	交通物流:碼管
tw-typing-v4-121	1	optional	國際物流	transport-logistics	概念詞族	交通物流:國際
tw-typing-v4-121	1	optional	倉儲管理	transport-logistics	概念詞族	交通物流:倉儲
tw-typing-v4-121	1	required	列車控制	transport-logistics	概念詞族	交通物流:列車
tw-typing-v4-121	1	optional	保稅工廠	transport-logistics	概念詞族	交通物流:工廠
tw-typing-v4-121	1	required	智慧	mcbopomofo,transport-logistics	概念詞族	交通物流:智慧
tw-typing-v4-121	1	required	機器人	mcbopomofo,transport-logistics	概念詞族	交通物流:器人
tw-typing-v4-121	1	optional	冷鏈物流	transport-logistics	概念詞族	交通物流:鏈物
tw-typing-v4-121	1	required	危險品運輸	transport-logistics	概念詞族	交通物流:危險
tw-typing-v4-121	1	optional	港區	mcbopomofo,transport-logistics	單詞	港區
tw-typing-v4-121	1	required	感應式號誌	transport-logistics	概念詞族	交通物流:感應
tw-typing-v4-121	1	optional	供應鏈物流	transport-logistics	概念詞族	交通物流:鏈物
tw-typing-v4-121	1	optional	即時監控	transport-logistics	概念詞族	交通物流:即時
tw-typing-v4-121	1	required	自動列車	transport-logistics	概念詞族	交通物流:列車
tw-typing-v4-121	1	optional	空運物流	transport-logistics	概念詞族	交通物流:運物
tw-typing-v4-121	1	required	共享運具	transport-logistics	概念詞族	交通物流:共享
tw-typing-v4-121	1	required	營運管理	transport-logistics	概念詞族	交通物流:營運
tw-typing-v4-121	1	required	末端配送	transport-logistics	概念詞族	交通物流:配送
tw-typing-v4-121	1	optional	物品	mcbopomofo,transport-logistics	單詞	物品
tw-typing-v4-122	28	optional	機構設計	manufacturing	概念詞族	工程製造:機構
tw-typing-v4-122	28	optional	表面粗糙度	manufacturing	概念詞族	工程製造:表面
tw-typing-v4-122	28	required	包裝設備	manufacturing	概念詞族	工程製造:裝設
tw-typing-v4-122	28	optional	熔融	manufacturing,mcbopomofo	單詞	熔融
tw-typing-v4-122	28	required	排程	industrial-engineering	概念詞族	工程製造:排程
tw-typing-v4-122	28	required	粉床	manufacturing	單詞	粉床
tw-typing-v4-122	28	required	製程路線	manufacturing	概念詞族	工程製造:路線
tw-typing-v4-122	28	optional	失效模式	industrial-engineering	概念詞族	工程製造:失效
tw-typing-v4-122	28	required	指數分布	industrial-engineering	概念詞族	工程製造:數分
tw-typing-v4-122	28	optional	地下水位	civil-engineering,mcbopomofo	概念詞族	工程製造:水位
tw-typing-v4-122	28	required	刀具磨耗	manufacturing	概念詞族	工程製造:刀具
tw-typing-v4-122	28	optional	工程估價	civil-engineering	單詞	工程估價
tw-typing-v4-122	28	required	容積移轉	civil-engineering	概念詞族	工程製造:移轉
tw-typing-v4-122	28	required	黏土	civil-engineering,mcbopomofo	單詞	黏土
tw-typing-v4-122	28	optional	公差堆疊	manufacturing	概念詞族	工程製造:公差
tw-typing-v4-122	28	optional	預定	industrial-engineering,mcbopomofo	單詞	預定
tw-typing-v4-122	28	required	快速換模	manufacturing	概念詞族	工程製造:快速
tw-typing-v4-122	28	optional	大眾運輸	civil-engineering,mcbopomofo	概念詞族	工程製造:大眾
tw-typing-v4-122	28	required	鋼筋	civil-engineering,mcbopomofo	單詞	鋼筋
tw-typing-v4-122	28	optional	豐田	manufacturing,mcbopomofo	單詞	豐田
tw-typing-v4-122	28	optional	網路最佳化	industrial-engineering	概念詞族	工程製造:佳化
tw-typing-v4-122	28	optional	多品種	industrial-engineering	單詞	多品種
tw-typing-v4-122	28	required	曲面	industrial-engineering,mcbopomofo	單詞	曲面
tw-typing-v4-122	28	optional	產能分析	industrial-engineering,manufacturing	概念詞族	工程製造:產能
tw-typing-v4-122	28	required	灌漿	civil-engineering	單詞	灌漿
tw-typing-v4-122	28	required	動態規劃	industrial-engineering	概念詞族	工程製造:動態
tw-typing-v4-122	28	optional	保留地	civil-engineering,mcbopomofo	概念詞族	工程製造:保留
tw-typing-v4-122	28	required	橋梁	civil-engineering,mcbopomofo	單詞	橋梁
tw-typing-v4-122	28	optional	首件檢查	manufacturing	概念詞族	工程製造:檢查
tw-typing-v4-122	28	required	人員	industrial-engineering,mcbopomofo	概念詞族	工程製造:人員
tw-typing-v4-123	118	optional	主要	mcbopomofo	概念詞族	日常生活:主要
tw-typing-v4-123	118	optional	公園	mcbopomofo	單詞	公園
tw-typing-v4-123	118	required	改成	mcbopomofo	單詞	改成
tw-typing-v4-123	118	optional	與其	mcbopomofo	單詞	與其
tw-typing-v4-123	118	optional	古老	mcbopomofo	單詞	古老
tw-typing-v4-123	118	optional	分子	mcbopomofo	概念詞族	日常生活:分子
tw-typing-v4-123	118	required	內在	mcbopomofo	概念詞族	日常生活:內在
tw-typing-v4-123	118	required	手段	mcbopomofo	單詞	手段
tw-typing-v4-123	118	required	和尚	mcbopomofo	單詞	和尚
tw-typing-v4-123	118	required	這片	mcbopomofo	單詞	這片
tw-typing-v4-123	118	required	害怕	mcbopomofo	單詞	害怕
tw-typing-v4-123	118	required	傳奇	mcbopomofo	概念詞族	日常生活:傳奇
tw-typing-v4-123	118	optional	順便	mcbopomofo	單詞	順便
tw-typing-v4-123	118	optional	屏東	mcbopomofo	單詞	屏東
tw-typing-v4-123	118	required	整治	mcbopomofo	單詞	整治
tw-typing-v4-123	118	required	成長	mcbopomofo	概念詞族	日常生活:成長
tw-typing-v4-123	118	optional	西方	mcbopomofo	概念詞族	日常生活:西方
tw-typing-v4-123	118	required	氣氛	mcbopomofo	單詞	氣氛
tw-typing-v4-123	118	required	拿到	mcbopomofo	單詞	拿到
tw-typing-v4-123	118	required	弟子	mcbopomofo	單詞	弟子
tw-typing-v4-123	118	optional	就像	mcbopomofo	單詞	就像
tw-typing-v4-123	118	optional	鼻子	mcbopomofo	單詞	鼻子
tw-typing-v4-123	118	required	北部	mcbopomofo	單詞	北部
tw-typing-v4-123	118	optional	反對	mcbopomofo	單詞	反對
tw-typing-v4-123	118	optional	素養題	general	概念詞族	日常生活:素養
tw-typing-v4-123	118	optional	揭曉	mcbopomofo	單詞	揭曉
tw-typing-v4-123	118	optional	過度	mcbopomofo	單詞	過度
tw-typing-v4-123	118	required	別人	mcbopomofo	單詞	別人
tw-typing-v4-123	118	required	國立	mcbopomofo	單詞	國立
tw-typing-v4-123	118	optional	近年	mcbopomofo	單詞	近年
tw-typing-v4-124	176	optional	作物育種	agriculture-food	單詞	作物育種
tw-typing-v4-124	176	required	天敵昆蟲	agriculture-food	概念詞族	農業食品:昆蟲
tw-typing-v4-124	176	required	金黃色	agriculture-food,mcbopomofo	單詞	金黃色
tw-typing-v4-124	176	optional	設施農業	agriculture-food	概念詞族	農業食品:設施
tw-typing-v4-124	176	optional	食品科學	agriculture-food	概念詞族	農業食品:科學
tw-typing-v4-124	176	required	重要管制點	agriculture-food	概念詞族	農業食品:管制
tw-typing-v4-124	176	optional	永續農業	agriculture-food	概念詞族	農業食品:永續
tw-typing-v4-124	176	optional	葉面施肥	agriculture-food	單詞	葉面施肥
tw-typing-v4-124	176	optional	土壤改良	agriculture-food	概念詞族	農業食品:改良
tw-typing-v4-124	176	optional	瞬間	agriculture-food,mcbopomofo	單詞	瞬間
tw-typing-v4-124	176	required	製造規範	agriculture-food,biotech-pharma	概念詞族	農業食品:規範
tw-typing-v4-124	176	required	膨鬆劑	agriculture-food	單詞	膨鬆劑
tw-typing-v4-124	176	optional	管理	agriculture-food,business,civil-engineering,mcbopomofo,medicine,network-security,semiconductor,transport-logistics	單詞	管理
tw-typing-v4-124	176	required	安全採收期	agriculture-food	概念詞族	農業食品:收期
tw-typing-v4-124	176	required	衛生規範	agriculture-food	概念詞族	農業食品:衛生
tw-typing-v4-124	176	required	性費洛蒙	agriculture-food	單詞	性費洛蒙
tw-typing-v4-124	176	optional	商業滅菌	agriculture-food	概念詞族	農業食品:商業
tw-typing-v4-124	176	required	真菌毒素	agriculture-food	單詞	真菌毒素
tw-typing-v4-124	176	required	間作	agriculture-food	單詞	間作
tw-typing-v4-124	176	required	重金屬污染	agriculture-food	概念詞族	農業食品:金屬
tw-typing-v4-124	176	required	病蟲害	agriculture-food,mcbopomofo	單詞	病蟲害
tw-typing-v4-124	176	optional	良好	agriculture-food,mcbopomofo	單詞	良好
tw-typing-v4-124	176	required	燻製	agriculture-food	單詞	燻製
tw-typing-v4-124	176	optional	綜合	agriculture-food,mcbopomofo	概念詞族	農業食品:綜合
tw-typing-v4-124	176	optional	增稠劑	agriculture-food	單詞	增稠劑
tw-typing-v4-124	176	optional	摘心	agriculture-food	單詞	摘心
tw-typing-v4-124	176	optional	疏果	agriculture-food	單詞	疏果
tw-typing-v4-124	176	optional	食品中毒	agriculture-food	概念詞族	農業食品:中毒
tw-typing-v4-124	176	required	食品加工	agriculture-food	概念詞族	農業食品:加工
tw-typing-v4-124	176	required	動物用藥	agriculture-food	單詞	動物用藥
tw-typing-v4-125	159	optional	材料工程	materials-chemistry	概念詞族	科學環境:材料
tw-typing-v4-125	159	required	地下水稽核	energy-environment	概念詞族	科學環境:地下
tw-typing-v4-125	159	optional	酸鹼	mcbopomofo,science	概念詞族	科學環境:酸鹼
tw-typing-v4-125	159	optional	碳排放	energy-environment	概念詞族	科學環境:碳排
tw-typing-v4-125	159	optional	水質稽核	energy-environment	概念詞族	科學環境:水質
tw-typing-v4-125	159	optional	生醫材料	materials-chemistry	概念詞族	科學環境:材料
tw-typing-v4-125	159	optional	水質	energy-environment,mcbopomofo	概念詞族	科學環境:水質
tw-typing-v4-125	159	required	地下水污染	energy-environment	概念詞族	科學環境:地下
tw-typing-v4-125	159	optional	酸鹼理論	science	概念詞族	科學環境:酸鹼
tw-typing-v4-125	159	required	環境工程	energy-environment	概念詞族	科學環境:環境
tw-typing-v4-125	159	required	水質盤查	energy-environment	概念詞族	科學環境:水質
tw-typing-v4-125	159	required	土壤盤查	energy-environment	概念詞族	科學環境:土壤
tw-typing-v4-125	159	required	土壤監測	energy-environment	概念詞族	科學環境:土壤
tw-typing-v4-125	159	required	土壤污染	energy-environment	概念詞族	科學環境:土壤
tw-typing-v4-125	159	required	地下水監測	energy-environment	概念詞族	科學環境:地下
tw-typing-v4-125	159	optional	碳排放稽核	energy-environment	概念詞族	科學環境:碳排
tw-typing-v4-125	159	required	地下水	energy-environment,mcbopomofo	概念詞族	科學環境:地下
tw-typing-v4-125	159	optional	超導材料	materials-chemistry	概念詞族	科學環境:材料
tw-typing-v4-125	159	required	土壤稽核	energy-environment	概念詞族	科學環境:土壤
tw-typing-v4-125	159	required	土壤	energy-environment,mcbopomofo	概念詞族	科學環境:土壤
tw-typing-v4-125	159	optional	碳排放監測	energy-environment	概念詞族	科學環境:碳排
tw-typing-v4-125	159	optional	酸鹼平衡	materials-chemistry	概念詞族	科學環境:酸鹼
tw-typing-v4-125	159	optional	水質指標	energy-environment	概念詞族	科學環境:水質
tw-typing-v4-125	159	optional	路易士酸鹼	science	概念詞族	科學環境:酸鹼
tw-typing-v4-125	159	required	環境管理	energy-environment	概念詞族	科學環境:環境
tw-typing-v4-125	159	required	環境監測	energy-environment	概念詞族	科學環境:環境
tw-typing-v4-125	159	required	水質監測	energy-environment	概念詞族	科學環境:水質
tw-typing-v4-125	159	required	生態環境	energy-environment,mcbopomofo	概念詞族	科學環境:環境
tw-typing-v4-125	159	optional	碳排放盤查	energy-environment	概念詞族	科學環境:碳排
tw-typing-v4-125	159	optional	半導體材料	materials-chemistry	概念詞族	科學環境:材料
tw-typing-v4-126	105	required	新聞	mcbopomofo	概念詞族	日常生活:新聞
tw-typing-v4-126	105	optional	貧困	mcbopomofo	單詞	貧困
tw-typing-v4-126	105	required	快活	mcbopomofo	單詞	快活
tw-typing-v4-126	105	optional	本院	mcbopomofo	單詞	本院
tw-typing-v4-126	105	required	認定	mcbopomofo	單詞	認定
tw-typing-v4-126	105	required	正是	mcbopomofo	單詞	正是
tw-typing-v4-126	105	required	從一	mcbopomofo	單詞	從一
tw-typing-v4-126	105	optional	之家	mcbopomofo	單詞	之家
tw-typing-v4-126	105	required	閒置	mcbopomofo	單詞	閒置
tw-typing-v4-126	105	optional	上述	mcbopomofo	單詞	上述
tw-typing-v4-126	105	optional	動詞	mcbopomofo	概念詞族	日常生活:動詞
tw-typing-v4-126	105	required	高度	mcbopomofo	單詞	高度
tw-typing-v4-126	105	optional	號碼	mcbopomofo	單詞	號碼
tw-typing-v4-126	105	optional	著手	mcbopomofo	單詞	著手
tw-typing-v4-126	105	required	草原	mcbopomofo	單詞	草原
tw-typing-v4-126	105	optional	單位	mcbopomofo	單詞	單位
tw-typing-v4-126	105	required	英偉達	general	單詞	英偉達
tw-typing-v4-126	105	optional	可是	mcbopomofo	單詞	可是
tw-typing-v4-126	105	required	不做	mcbopomofo	單詞	不做
tw-typing-v4-126	105	optional	活潑	mcbopomofo	單詞	活潑
tw-typing-v4-126	105	optional	補助	mcbopomofo	概念詞族	日常生活:補助
tw-typing-v4-126	105	required	客家	mcbopomofo	單詞	客家
tw-typing-v4-126	105	required	校園	mcbopomofo	單詞	校園
tw-typing-v4-126	105	optional	轉身	mcbopomofo	單詞	轉身
tw-typing-v4-126	105	required	包含	mcbopomofo	單詞	包含
tw-typing-v4-126	105	required	達成	mcbopomofo	概念詞族	日常生活:達成
tw-typing-v4-126	105	optional	總部	mcbopomofo	單詞	總部
tw-typing-v4-126	105	required	耶穌	mcbopomofo	單詞	耶穌
tw-typing-v4-126	105	optional	辯護	mcbopomofo	單詞	辯護
tw-typing-v4-126	105	optional	削減	mcbopomofo	單詞	削減
tw-typing-v4-127	30	required	計畫	civil-engineering,education,government,mcbopomofo	同義近義	計畫規劃方案
tw-typing-v4-127	30	optional	設備保養	manufacturing	概念詞族	工程製造:保養
tw-typing-v4-127	30	optional	人因設計	industrial-engineering	概念詞族	工程製造:人因
tw-typing-v4-127	30	optional	人因工程	industrial-engineering	概念詞族	工程製造:人因
tw-typing-v4-127	30	required	節拍時間	manufacturing	概念詞族	工程製造:時間
tw-typing-v4-127	30	optional	柔性路面	civil-engineering	概念詞族	工程製造:路面
tw-typing-v4-127	30	required	切削深度	manufacturing	概念詞族	工程製造:切削
tw-typing-v4-127	30	required	時間	industrial-engineering,manufacturing,mcbopomofo,medicine	概念詞族	工程製造:時間
tw-typing-v4-127	30	optional	預知保養	manufacturing	概念詞族	工程製造:保養
tw-typing-v4-127	30	optional	非破壞檢測	manufacturing	概念詞族	工程製造:破壞
tw-typing-v4-127	30	required	破壞韌性	manufacturing,materials-chemistry	概念詞族	工程製造:破壞
tw-typing-v4-127	30	optional	射出模具	manufacturing	概念詞族	工程製造:射出
tw-typing-v4-127	30	optional	維護管理	civil-engineering	概念詞族	工程製造:維護
tw-typing-v4-127	30	optional	維護	manufacturing,mcbopomofo	概念詞族	工程製造:維護
tw-typing-v4-127	30	required	模板工程	civil-engineering	概念詞族	工程製造:模板
tw-typing-v4-127	30	required	主生產排程	manufacturing	概念詞族	工程製造:產排
tw-typing-v4-127	30	required	規劃	manufacturing,mcbopomofo	同義近義	計畫規劃方案
tw-typing-v4-127	30	required	生產排程	manufacturing	概念詞族	工程製造:產排
tw-typing-v4-127	30	required	施工計畫書	civil-engineering	概念詞族	工程製造:畫書
tw-typing-v4-127	30	required	品質計畫書	civil-engineering	概念詞族	工程製造:畫書
tw-typing-v4-127	30	optional	滾珠軸承	manufacturing	概念詞族	工程製造:滾珠
tw-typing-v4-127	30	required	切削加工	manufacturing	概念詞族	工程製造:切削
tw-typing-v4-127	30	optional	彈性模數	manufacturing	概念詞族	工程製造:模數
tw-typing-v4-127	30	required	安全工程	industrial-engineering	概念詞族	工程製造:安全
tw-typing-v4-127	30	optional	滾珠螺桿	manufacturing	概念詞族	工程製造:滾珠
tw-typing-v4-127	30	optional	剪切模數	manufacturing	概念詞族	工程製造:模數
tw-typing-v4-127	30	optional	剛性路面	civil-engineering	概念詞族	工程製造:路面
tw-typing-v4-127	30	required	安全檢查	manufacturing,mcbopomofo	概念詞族	工程製造:安全
tw-typing-v4-127	30	required	模板	civil-engineering,mcbopomofo	概念詞族	工程製造:模板
tw-typing-v4-127	30	optional	射出機	manufacturing	概念詞族	工程製造:射出
tw-typing-v4-128	101	required	出錢	mcbopomofo	單詞	出錢
tw-typing-v4-128	101	required	財政	mcbopomofo	概念詞族	日常生活:財政
tw-typing-v4-128	101	required	意外	mcbopomofo	單詞	意外
tw-typing-v4-128	101	required	厲害	mcbopomofo	單詞	厲害
tw-typing-v4-128	101	required	之一	mcbopomofo	概念詞族	日常生活:之一
tw-typing-v4-128	101	optional	科技	mcbopomofo	概念詞族	日常生活:科技
tw-typing-v4-128	101	optional	算了	mcbopomofo	單詞	算了
tw-typing-v4-128	101	required	分別	mcbopomofo	概念詞族	日常生活:分別
tw-typing-v4-128	101	required	務必	mcbopomofo	單詞	務必
tw-typing-v4-128	101	optional	根據	mcbopomofo	單詞	根據
tw-typing-v4-128	101	optional	丈夫	mcbopomofo	單詞	丈夫
tw-typing-v4-128	101	optional	不便	mcbopomofo	單詞	不便
tw-typing-v4-128	101	required	才能	mcbopomofo	概念詞族	日常生活:才能
tw-typing-v4-128	101	required	創作	mcbopomofo	概念詞族	日常生活:創作
tw-typing-v4-128	101	optional	釋出	mcbopomofo	單詞	釋出
tw-typing-v4-128	101	optional	停止	mcbopomofo	同義近義	停止中止終止
tw-typing-v4-128	101	optional	尚未	mcbopomofo	單詞	尚未
tw-typing-v4-128	101	optional	下山	mcbopomofo	單詞	下山
tw-typing-v4-128	101	optional	之二	mcbopomofo	單詞	之二
tw-typing-v4-128	101	required	管理局	mcbopomofo	單詞	管理局
tw-typing-v4-128	101	optional	痛苦	mcbopomofo	單詞	痛苦
tw-typing-v4-128	101	required	要不	mcbopomofo	單詞	要不
tw-typing-v4-128	101	optional	真正	mcbopomofo	單詞	真正
tw-typing-v4-128	101	required	一陣子	mcbopomofo	單詞	一陣子
tw-typing-v4-128	101	required	山羊	mcbopomofo	單詞	山羊
tw-typing-v4-128	101	optional	分擔	mcbopomofo	單詞	分擔
tw-typing-v4-128	101	required	在下	mcbopomofo	單詞	在下
tw-typing-v4-128	101	optional	至於	mcbopomofo	單詞	至於
tw-typing-v4-128	101	required	檢舉	mcbopomofo	單詞	檢舉
tw-typing-v4-128	101	optional	一同	mcbopomofo	單詞	一同
tw-typing-v4-129	59	optional	判別	ai-data-science,mcbopomofo	單詞	判別
tw-typing-v4-129	59	optional	勒索病毒	network-security	概念詞族	數位科技:勒索
tw-typing-v4-129	59	required	推論最佳化	ai-data-science	概念詞族	數位科技:推論
tw-typing-v4-129	59	required	漏洞管理	network-security	單詞	漏洞管理
tw-typing-v4-129	59	required	四次揮手	network-security	單詞	四次揮手
tw-typing-v4-129	59	required	曲線下面積	ai-data-science	概念詞族	數位科技:曲線
tw-typing-v4-129	59	optional	網站服務	network-security	概念詞族	數位科技:網站
tw-typing-v4-129	59	required	優先	mcbopomofo,software	單詞	優先
tw-typing-v4-129	59	optional	情感分析	ai-data-science	概念詞族	數位科技:情感
tw-typing-v4-129	59	required	擴充	mcbopomofo,software	單詞	擴充
tw-typing-v4-129	59	required	協作	mcbopomofo,network-security	單詞	協作
tw-typing-v4-129	59	optional	不可否認性	network-security	概念詞族	數位科技:可否
tw-typing-v4-129	59	optional	重構	software	單詞	重構
tw-typing-v4-129	59	required	問答系統	ai-data-science	單詞	問答系統
tw-typing-v4-129	59	required	緩慢	ai-data-science,mcbopomofo	單詞	緩慢
tw-typing-v4-129	59	optional	隨機	ai-data-science,mcbopomofo,semiconductor	概念詞族	數位科技:隨機
tw-typing-v4-129	59	required	光學	ai-data-science,mcbopomofo,medicine,semiconductor	概念詞族	數位科技:光學
tw-typing-v4-129	59	required	數位簽章	network-security	概念詞族	數位科技:數位
tw-typing-v4-129	59	required	文本摘要	ai-data-science	概念詞族	數位科技:文本
tw-typing-v4-129	59	optional	貝氏	ai-data-science,mcbopomofo	單詞	貝氏
tw-typing-v4-129	59	optional	多頭注意力	ai-data-science	概念詞族	數位科技:意力
tw-typing-v4-129	59	optional	路徑	mcbopomofo,network-security	概念詞族	數位科技:路徑
tw-typing-v4-129	59	required	回饋	ai-data-science,mcbopomofo	單詞	回饋
tw-typing-v4-129	59	optional	擴散模型	ai-data-science	概念詞族	數位科技:擴散
tw-typing-v4-129	59	required	偏誤分析	ai-data-science	概念詞族	數位科技:誤分
tw-typing-v4-129	59	optional	隔離	mcbopomofo,software	概念詞族	數位科技:隔離
tw-typing-v4-129	59	required	供應鏈稽核	network-security	概念詞族	數位科技:應鏈
tw-typing-v4-129	59	optional	記憶體鑑識	network-security	概念詞族	數位科技:憶體
tw-typing-v4-129	59	optional	多模態模型	ai-data-science	概念詞族	數位科技:模態
tw-typing-v4-129	59	optional	自動化	mcbopomofo,network-security	概念詞族	數位科技:動化
tw-typing-v4-130	116	optional	這麼	mcbopomofo	概念詞族	日常生活:這麼
tw-typing-v4-130	116	optional	這麼多	mcbopomofo	概念詞族	日常生活:這麼
tw-typing-v4-130	116	required	遠距	mcbopomofo	概念詞族	日常生活:遠距
tw-typing-v4-130	116	required	怎麼樣	mcbopomofo	概念詞族	日常生活:怎麼
tw-typing-v4-130	116	optional	視訊	mcbopomofo	同義近義	影像影片視訊
tw-typing-v4-130	116	required	台灣	mcbopomofo	概念詞族	日常生活:台灣
tw-typing-v4-130	116	required	一定要	mcbopomofo	概念詞族	日常生活:一定
tw-typing-v4-130	116	required	遠距醫療	general	概念詞族	日常生活:遠距
tw-typing-v4-130	116	required	怎麼辦	mcbopomofo	概念詞族	日常生活:怎麼
tw-typing-v4-130	116	required	自由工作者	general	概念詞族	日常生活:作者
tw-typing-v4-130	116	required	怎麼	mcbopomofo	概念詞族	日常生活:怎麼
tw-typing-v4-130	116	optional	你自己	mcbopomofo	概念詞族	日常生活:自己
tw-typing-v4-130	116	optional	排球少年	general	概念詞族	日常生活:少年
tw-typing-v4-130	116	required	台灣人	mcbopomofo	概念詞族	日常生活:台灣
tw-typing-v4-130	116	required	一定	mcbopomofo	概念詞族	日常生活:一定
tw-typing-v4-130	116	required	作者	mcbopomofo	概念詞族	日常生活:作者
tw-typing-v4-130	116	optional	影片	mcbopomofo	同義近義	影像影片視訊
tw-typing-v4-130	116	optional	自己	mcbopomofo	概念詞族	日常生活:自己
tw-typing-v4-130	116	required	台灣省	mcbopomofo	概念詞族	日常生活:台灣
tw-typing-v4-130	116	optional	少年	mcbopomofo	概念詞族	日常生活:少年
tw-typing-v4-130	116	optional	自己的	mcbopomofo	概念詞族	日常生活:自己
tw-typing-v4-130	116	required	不一定	mcbopomofo	概念詞族	日常生活:一定
tw-typing-v4-130	116	optional	這麼做	mcbopomofo	概念詞族	日常生活:這麼
tw-typing-v4-130	116	required	遠距工作	general	概念詞族	日常生活:遠距
tw-typing-v4-130	116	optional	行動銀行	general	概念詞族	日常生活:銀行
tw-typing-v4-130	116	optional	青少年	mcbopomofo	概念詞族	日常生活:少年
tw-typing-v4-130	116	required	工作者	mcbopomofo	概念詞族	日常生活:作者
tw-typing-v4-130	116	optional	網路銀行	general	概念詞族	日常生活:銀行
tw-typing-v4-130	116	optional	影像	mcbopomofo	同義近義	影像影片視訊
tw-typing-v4-130	116	optional	銀行	mcbopomofo	概念詞族	日常生活:銀行
tw-typing-v4-131	173	required	重疊詞	chinese	單詞	重疊詞
tw-typing-v4-131	173	optional	古今字	chinese	單詞	古今字
tw-typing-v4-131	173	required	衍文	chinese	單詞	衍文
tw-typing-v4-131	173	required	移覺	chinese	單詞	移覺
tw-typing-v4-131	173	optional	通假字	chinese	單詞	通假字
tw-typing-v4-131	173	required	全濁	chinese	單詞	全濁
tw-typing-v4-131	173	optional	謂語	chinese	單詞	謂語
tw-typing-v4-131	173	required	近代音	chinese	單詞	近代音
tw-typing-v4-131	173	optional	文獻學	chinese	單詞	文獻學
tw-typing-v4-131	173	optional	語料庫	chinese	概念詞族	語文人文:料庫
tw-typing-v4-131	173	optional	陶淵明	chinese,mcbopomofo,people-history	單詞	陶淵明
tw-typing-v4-131	173	required	校讎	chinese	單詞	校讎
tw-typing-v4-131	173	required	全清	chinese	單詞	全清
tw-typing-v4-131	173	optional	徐志摩	chinese,mcbopomofo	單詞	徐志摩
tw-typing-v4-131	173	required	白居易	chinese,mcbopomofo,people-history	單詞	白居易
tw-typing-v4-131	173	optional	構詞學	chinese	單詞	構詞學
tw-typing-v4-131	173	required	音系學	chinese	單詞	音系學
tw-typing-v4-131	173	required	轉品	chinese	單詞	轉品
tw-typing-v4-131	173	required	義訓	chinese	單詞	義訓
tw-typing-v4-131	173	required	借喻	chinese	單詞	借喻
tw-typing-v4-131	173	optional	因果複句	chinese	概念詞族	語文人文:因果
tw-typing-v4-131	173	optional	三十六字母	chinese	概念詞族	語文人文:十六
tw-typing-v4-131	173	required	杜甫	chinese,mcbopomofo,people-history	單詞	杜甫
tw-typing-v4-131	173	optional	文本分析	chinese	概念詞族	語文人文:本分
tw-typing-v4-131	173	required	陽上	chinese	單詞	陽上
tw-typing-v4-131	173	optional	定語	chinese	單詞	定語
tw-typing-v4-131	173	optional	喜劇性	chinese	單詞	喜劇性
tw-typing-v4-131	173	optional	感嘆句	chinese	單詞	感嘆句
tw-typing-v4-131	173	required	蘇軾	chinese,mcbopomofo,people-history	單詞	蘇軾
tw-typing-v4-131	173	optional	嘆詞	chinese	單詞	嘆詞
tw-typing-v4-132	181	optional	感染性	mcbopomofo,medicine	單詞	感染性
tw-typing-v4-132	181	required	肝臟	mcbopomofo,medicine	單詞	肝臟
tw-typing-v4-132	181	optional	第二期	biotech-pharma	概念詞族	醫療生技:第二
tw-typing-v4-132	181	required	生殖系統	medicine	單詞	生殖系統
tw-typing-v4-132	181	required	擴張症	medicine	單詞	擴張症
tw-typing-v4-132	181	optional	植入式	medicine	單詞	植入式
tw-typing-v4-132	181	optional	糖尿病	mcbopomofo,medicine	概念詞族	醫療生技:糖尿
tw-typing-v4-132	181	optional	胎盤	mcbopomofo,medicine	單詞	胎盤
tw-typing-v4-132	181	required	肌萎縮性	medicine	單詞	肌萎縮性
tw-typing-v4-132	181	required	疾病篩檢	medicine	概念詞族	醫療生技:疾病
tw-typing-v4-132	181	optional	術後照護	medicine	單詞	術後照護
tw-typing-v4-132	181	optional	硬化症	mcbopomofo,medicine	單詞	硬化症
tw-typing-v4-132	181	optional	轉胺酶	medicine	單詞	轉胺酶
tw-typing-v4-132	181	required	腹部	mcbopomofo,medicine	單詞	腹部
tw-typing-v4-132	181	optional	製藥工程	biotech-pharma	單詞	製藥工程
tw-typing-v4-132	181	optional	筋膜炎	mcbopomofo,medicine	概念詞族	醫療生技:膜炎
tw-typing-v4-132	181	required	細菌	mcbopomofo,medicine	單詞	細菌
tw-typing-v4-132	181	required	肩旋轉肌	medicine	概念詞族	醫療生技:旋轉
tw-typing-v4-132	181	optional	卵巢	mcbopomofo,medicine	單詞	卵巢
tw-typing-v4-132	181	required	次世代定序	biotech-pharma	概念詞族	醫療生技:世代
tw-typing-v4-132	181	required	增生	mcbopomofo,medicine	單詞	增生
tw-typing-v4-132	181	required	乳酸脫氫酶	medicine	單詞	乳酸脫氫酶
tw-typing-v4-132	181	required	藥物最佳化	biotech-pharma	概念詞族	醫療生技:藥物
tw-typing-v4-132	181	required	支氣管	mcbopomofo,medicine	概念詞族	醫療生技:氣管
tw-typing-v4-132	181	required	第三期	biotech-pharma,mcbopomofo	概念詞族	醫療生技:第三
tw-typing-v4-132	181	optional	單導RNA	biotech-pharma	單詞	單導RNA
tw-typing-v4-132	181	required	沉降	medicine	單詞	沉降
tw-typing-v4-132	181	optional	純音	mcbopomofo,medicine	單詞	純音
tw-typing-v4-132	181	optional	再生	mcbopomofo,medicine	概念詞族	醫療生技:再生
tw-typing-v4-132	181	optional	主要終點	biotech-pharma	概念詞族	醫療生技:主要
tw-typing-v4-133	111	optional	動手	mcbopomofo	單詞	動手
tw-typing-v4-133	111	optional	死去	mcbopomofo	單詞	死去
tw-typing-v4-133	111	required	病患	mcbopomofo	單詞	病患
tw-typing-v4-133	111	required	美術	mcbopomofo	單詞	美術
tw-typing-v4-133	111	required	珠寶	mcbopomofo	單詞	珠寶
tw-typing-v4-133	111	optional	即便	mcbopomofo	單詞	即便
tw-typing-v4-133	111	required	從頭	mcbopomofo	單詞	從頭
tw-typing-v4-133	111	optional	高潮	mcbopomofo	單詞	高潮
tw-typing-v4-133	111	required	而且	mcbopomofo	單詞	而且
tw-typing-v4-133	111	optional	首先	mcbopomofo	單詞	首先
tw-typing-v4-133	111	optional	留下	mcbopomofo	單詞	留下
tw-typing-v4-133	111	optional	最低	mcbopomofo	單詞	最低
tw-typing-v4-133	111	optional	項目	mcbopomofo	單詞	項目
tw-typing-v4-133	111	required	外線	mcbopomofo	概念詞族	日常生活:外線
tw-typing-v4-133	111	optional	揭開	mcbopomofo	單詞	揭開
tw-typing-v4-133	111	required	三分	mcbopomofo	單詞	三分
tw-typing-v4-133	111	required	來臨	mcbopomofo	單詞	來臨
tw-typing-v4-133	111	optional	日據	mcbopomofo	單詞	日據
tw-typing-v4-133	111	required	內部的	mcbopomofo	概念詞族	日常生活:內部
tw-typing-v4-133	111	required	進去	mcbopomofo	單詞	進去
tw-typing-v4-133	111	required	北地	mcbopomofo	單詞	北地
tw-typing-v4-133	111	optional	愛上	mcbopomofo	單詞	愛上
tw-typing-v4-133	111	optional	前天	mcbopomofo	單詞	前天
tw-typing-v4-133	111	optional	接受	mcbopomofo	單詞	接受
tw-typing-v4-133	111	required	如果	mcbopomofo	單詞	如果
tw-typing-v4-133	111	required	出版	mcbopomofo	單詞	出版
tw-typing-v4-133	111	optional	夢想	mcbopomofo	單詞	夢想
tw-typing-v4-133	111	required	紛紛	mcbopomofo	單詞	紛紛
tw-typing-v4-133	111	required	或許	mcbopomofo	單詞	或許
tw-typing-v4-133	111	optional	對於	mcbopomofo	單詞	對於
tw-typing-v4-134	42	required	依附理論	psychology-society	概念詞族	教育社會:依附
tw-typing-v4-134	42	required	社會懈怠	psychology-society	概念詞族	教育社會:社會
tw-typing-v4-134	42	optional	全英語教學	education	概念詞族	教育社會:語教
tw-typing-v4-134	42	optional	認知偏誤	psychology-society	概念詞族	教育社會:認知
tw-typing-v4-134	42	required	教學設計	education	概念詞族	教育社會:教學
tw-typing-v4-134	42	optional	認知心理學	psychology-society	概念詞族	教育社會:認知
tw-typing-v4-134	42	optional	形成性評量	education	概念詞族	教育社會:性評
tw-typing-v4-134	42	required	逃避依附	psychology-society	概念詞族	教育社會:依附
tw-typing-v4-134	42	optional	本土語教育	education	概念詞族	教育社會:語教
tw-typing-v4-134	42	required	沉浸式教學	education	概念詞族	教育社會:教學
tw-typing-v4-134	42	required	社會救助	psychology-society	概念詞族	教育社會:社會
tw-typing-v4-134	42	required	社會助長	psychology-society	概念詞族	教育社會:社會
tw-typing-v4-134	42	required	五大人格	psychology-society	概念詞族	教育社會:人格
tw-typing-v4-134	42	required	社會控制	psychology-society	概念詞族	教育社會:社會
tw-typing-v4-134	42	optional	可得性捷思	psychology-society	概念詞族	教育社會:性捷
tw-typing-v4-134	42	required	人格心理學	psychology-society	概念詞族	教育社會:人格
tw-typing-v4-134	42	required	人格特質	psychology-society	概念詞族	教育社會:人格
tw-typing-v4-134	42	required	焦慮依附	psychology-society	概念詞族	教育社會:依附
tw-typing-v4-134	42	optional	代表性捷思	psychology-society	概念詞族	教育社會:性捷
tw-typing-v4-134	42	optional	診斷性評量	education	概念詞族	教育社會:性評
tw-typing-v4-134	42	required	補救教學	education	概念詞族	教育社會:教學
tw-typing-v4-134	42	optional	認知失調	psychology-society	概念詞族	教育社會:認知
tw-typing-v4-134	42	optional	同儕評量	education	概念詞族	教育社會:評量
tw-typing-v4-134	42	required	教學	education,mcbopomofo	概念詞族	教育社會:教學
tw-typing-v4-134	42	optional	古典制約	psychology-society	概念詞族	教育社會:制約
tw-typing-v4-134	42	optional	評量設計	education	概念詞族	教育社會:評量
tw-typing-v4-134	42	optional	總結性評量	education	概念詞族	教育社會:性評
tw-typing-v4-134	42	optional	操作制約	psychology-society	概念詞族	教育社會:制約
tw-typing-v4-134	42	required	安全依附	psychology-society	概念詞族	教育社會:依附
tw-typing-v4-134	42	optional	評量	education,mcbopomofo	概念詞族	教育社會:評量
tw-typing-v4-135	165	required	液液平衡	materials-chemistry	概念詞族	科學環境:液平
tw-typing-v4-135	165	optional	選擇性	energy-environment,manufacturing,mcbopomofo	概念詞族	科學環境:擇性
tw-typing-v4-135	165	optional	陶瓷熱性質	materials-chemistry	概念詞族	科學環境:瓷熱
tw-typing-v4-135	165	optional	非選擇性	energy-environment	概念詞族	科學環境:擇性
tw-typing-v4-135	165	optional	空氣	energy-environment,mcbopomofo	概念詞族	科學環境:空氣
tw-typing-v4-135	165	required	太陽能	energy-environment,mcbopomofo	同義近義	太陽能太陽光電
tw-typing-v4-135	165	required	離岸風電	energy-environment	概念詞族	科學環境:風電
tw-typing-v4-135	165	optional	陶瓷	materials-chemistry,mcbopomofo	概念詞族	科學環境:陶瓷
tw-typing-v4-135	165	optional	陶瓷熱處理	materials-chemistry	概念詞族	科學環境:瓷熱
tw-typing-v4-135	165	optional	壓電材料	materials-chemistry	概念詞族	科學環境:電材
tw-typing-v4-135	165	required	腐蝕測試	materials-chemistry	概念詞族	科學環境:腐蝕
tw-typing-v4-135	165	required	能源管理	energy-environment	概念詞族	科學環境:能源
tw-typing-v4-135	165	optional	特殊相對論	science	概念詞族	科學環境:對論
tw-typing-v4-135	165	required	腐蝕	materials-chemistry,mcbopomofo	概念詞族	科學環境:腐蝕
tw-typing-v4-135	165	required	還原	energy-environment,mcbopomofo	概念詞族	科學環境:還原
tw-typing-v4-135	165	optional	廣義相對論	science	概念詞族	科學環境:對論
tw-typing-v4-135	165	optional	熱電材料	materials-chemistry	概念詞族	科學環境:電材
tw-typing-v4-135	165	required	陸域風電	energy-environment	概念詞族	科學環境:風電
tw-typing-v4-135	165	optional	有害	energy-environment,mcbopomofo	概念詞族	科學環境:有害
tw-typing-v4-135	165	required	配位聚合	materials-chemistry	概念詞族	科學環境:配位
tw-typing-v4-135	165	required	氣液平衡	materials-chemistry	概念詞族	科學環境:液平
tw-typing-v4-135	165	required	廢棄物稽核	energy-environment	概念詞族	科學環境:棄物
tw-typing-v4-135	165	optional	氧化還原	materials-chemistry	概念詞族	科學環境:還原
tw-typing-v4-135	165	required	廢棄物	energy-environment,mcbopomofo	概念詞族	科學環境:棄物
tw-typing-v4-135	165	required	太陽光電	energy-environment	同義近義	太陽能太陽光電
tw-typing-v4-135	165	optional	陶瓷材料	materials-chemistry	概念詞族	科學環境:陶瓷
tw-typing-v4-135	165	optional	空氣污染	energy-environment	概念詞族	科學環境:空氣
tw-typing-v4-135	165	optional	有害廢棄物	energy-environment	概念詞族	科學環境:有害
tw-typing-v4-135	165	required	配位化學	science	概念詞族	科學環境:配位
tw-typing-v4-135	165	required	能源使用	energy-environment	概念詞族	科學環境:能源
tw-typing-v4-136	47	optional	素養	education,mcbopomofo	概念詞族	教育社會:素養
tw-typing-v4-136	47	required	建構反應題	education	概念詞族	教育社會:建構
tw-typing-v4-136	47	optional	正懲罰	psychology-society	概念詞族	教育社會:懲罰
tw-typing-v4-136	47	required	身心障礙	education,mcbopomofo	概念詞族	教育社會:障礙
tw-typing-v4-136	47	required	學生輔導	education	概念詞族	教育社會:學生
tw-typing-v4-136	47	optional	社會科學	education,mcbopomofo	概念詞族	教育社會:科學
tw-typing-v4-136	47	optional	角色衝突	psychology-society	概念詞族	教育社會:衝突
tw-typing-v4-136	47	required	效應	mcbopomofo,psychology-society,semiconductor	概念詞族	教育社會:效應
tw-typing-v4-136	47	required	障礙	education,mcbopomofo,medicine	概念詞族	教育社會:障礙
tw-typing-v4-136	47	optional	諮商心理學	psychology-society	概念詞族	教育社會:心理
tw-typing-v4-136	47	required	人口學	psychology-society	概念詞族	教育社會:人口
tw-typing-v4-136	47	required	標籤理論	psychology-society	概念詞族	教育社會:理論
tw-typing-v4-136	47	optional	科學	education,energy-environment,mcbopomofo	概念詞族	教育社會:科學
tw-typing-v4-136	47	optional	非正式控制	psychology-society	概念詞族	教育社會:式控
tw-typing-v4-136	47	optional	心理學	mcbopomofo,psychology-society	概念詞族	教育社會:心理
tw-typing-v4-136	47	optional	衝突理論	psychology-society	概念詞族	教育社會:衝突
tw-typing-v4-136	47	optional	多元選修	education	概念詞族	教育社會:多元
tw-typing-v4-136	47	required	定錨效應	psychology-society	概念詞族	教育社會:效應
tw-typing-v4-136	47	optional	多元評量	education	概念詞族	教育社會:多元
tw-typing-v4-136	47	required	品德教育	education	概念詞族	教育社會:教育
tw-typing-v4-136	47	optional	理論	education,mcbopomofo	概念詞族	教育社會:理論
tw-typing-v4-136	47	required	人權教育	education	概念詞族	教育社會:教育
tw-typing-v4-136	47	required	差異化教學	education	概念詞族	教育社會:化教
tw-typing-v4-136	47	required	人口遷移	psychology-society	概念詞族	教育社會:人口
tw-typing-v4-136	47	optional	正式控制	psychology-society	概念詞族	教育社會:式控
tw-typing-v4-136	47	required	個別化教學	education	概念詞族	教育社會:化教
tw-typing-v4-136	47	required	社會建構論	psychology-society	概念詞族	教育社會:建構
tw-typing-v4-136	47	optional	負懲罰	psychology-society	概念詞族	教育社會:懲罰
tw-typing-v4-136	47	required	學生自治	education	概念詞族	教育社會:學生
tw-typing-v4-136	47	optional	素養評量	education	概念詞族	教育社會:素養
tw-typing-v4-137	169	optional	次要終點	biotech-pharma	概念詞族	醫療生技:要終
tw-typing-v4-137	169	required	仿擬	chinese	單詞	仿擬
tw-typing-v4-137	169	required	齊齒呼	chinese	單詞	齊齒呼
tw-typing-v4-137	169	optional	提示微調	ai-data-science	概念詞族	數位科技:提示
tw-typing-v4-137	169	optional	藏詞	chinese	單詞	藏詞
tw-typing-v4-137	169	optional	現金流分析	business	概念詞族	商業管理:流分
tw-typing-v4-137	169	optional	綠幕去背	media-design	單詞	綠幕去背
tw-typing-v4-137	169	required	子貢	mcbopomofo,people-history	單詞	子貢
tw-typing-v4-137	169	optional	脫文	chinese	單詞	脫文
tw-typing-v4-137	169	required	孫立人	mcbopomofo,people-history	單詞	孫立人
tw-typing-v4-137	169	optional	語用學	chinese	單詞	語用學
tw-typing-v4-137	169	required	數詞	chinese	單詞	數詞
tw-typing-v4-137	169	required	隸變	chinese	單詞	隸變
tw-typing-v4-137	169	required	廣韻	chinese	單詞	廣韻
tw-typing-v4-137	169	optional	陰去	chinese	單詞	陰去
tw-typing-v4-137	169	optional	陽入	chinese	單詞	陽入
tw-typing-v4-137	169	required	貨幣市場	finance	概念詞族	商業管理:貨幣
tw-typing-v4-137	169	optional	輯佚	chinese	單詞	輯佚
tw-typing-v4-137	169	optional	沈春華	mcbopomofo,people-oldnews	單詞	沈春華
tw-typing-v4-137	169	required	課程	education,mcbopomofo	同義近義	課程課堂
tw-typing-v4-137	169	optional	作業風險	finance	概念詞族	商業管理:作業
tw-typing-v4-137	169	optional	柳宗元	chinese,mcbopomofo,people-history	單詞	柳宗元
tw-typing-v4-137	169	required	裁量	law	單詞	裁量
tw-typing-v4-137	169	required	資訊設計	media-design	概念詞族	媒體設計:資訊
tw-typing-v4-137	169	required	齊桓公	mcbopomofo,people-history	單詞	齊桓公
tw-typing-v4-137	169	required	內容行銷	business	概念詞族	商業管理:內容
tw-typing-v4-137	169	required	市占率分析	business	概念詞族	商業管理:占率
tw-typing-v4-137	169	required	婉曲	chinese	單詞	婉曲
tw-typing-v4-137	169	optional	合成詞	chinese	概念詞族	語文人文:合成
tw-typing-v4-137	169	optional	文學批評	chinese	概念詞族	語文人文:批評
tw-typing-v4-138	198	optional	數位熱分析	electronics	概念詞族	電子半導體:熱分
tw-typing-v4-138	198	optional	微分控制	electronics	概念詞族	電子半導體:分控
tw-typing-v4-138	198	required	蝕刻製程	semiconductor	概念詞族	電子半導體:蝕刻
tw-typing-v4-138	198	required	蝕刻	mcbopomofo,semiconductor	概念詞族	電子半導體:蝕刻
tw-typing-v4-138	198	required	感測器除錯	electronics	概念詞族	電子半導體:器除
tw-typing-v4-138	198	optional	內建	mcbopomofo,semiconductor	單詞	內建
tw-typing-v4-138	198	required	逆變器除錯	electronics	概念詞族	電子半導體:器除
tw-typing-v4-138	198	required	蝕刻機	semiconductor	概念詞族	電子半導體:蝕刻
tw-typing-v4-138	198	optional	探針台	semiconductor	概念詞族	電子半導體:探針
tw-typing-v4-138	198	required	扇入型封裝	semiconductor	概念詞族	電子半導體:型封
tw-typing-v4-138	198	optional	電源熱分析	electronics	概念詞族	電子半導體:電源
tw-typing-v4-138	198	required	應用處理器	semiconductor	概念詞族	電子半導體:理器
tw-typing-v4-138	198	optional	積分控制	electronics	概念詞族	電子半導體:分控
tw-typing-v4-138	198	optional	熱分析	electronics	概念詞族	電子半導體:熱分
tw-typing-v4-138	198	optional	低介電	semiconductor	概念詞族	電子半導體:介電
tw-typing-v4-138	198	required	逆變器量測	electronics	概念詞族	電子半導體:器量
tw-typing-v4-138	198	optional	電源	electronics,mcbopomofo,semiconductor	概念詞族	電子半導體:電源
tw-typing-v4-138	198	required	充電器除錯	electronics	概念詞族	電子半導體:器除
tw-typing-v4-138	198	optional	類比	electronics,mcbopomofo,semiconductor	概念詞族	電子半導體:類比
tw-typing-v4-138	198	optional	探針台保養	semiconductor	概念詞族	電子半導體:探針
tw-typing-v4-138	198	optional	高介電	semiconductor	概念詞族	電子半導體:介電
tw-typing-v4-138	198	required	處理器	mcbopomofo,semiconductor	概念詞族	電子半導體:理器
tw-typing-v4-138	198	required	扇出型封裝	semiconductor	概念詞族	電子半導體:型封
tw-typing-v4-138	198	required	線性穩壓器	electronics	概念詞族	電子半導體:穩壓
tw-typing-v4-138	198	optional	類比熱分析	electronics	概念詞族	電子半導體:類比
tw-typing-v4-138	198	required	感測器量測	electronics	概念詞族	電子半導體:器量
tw-typing-v4-138	198	optional	天線熱分析	electronics	概念詞族	電子半導體:熱分
tw-typing-v4-138	198	required	充電器量測	electronics	概念詞族	電子半導體:器量
tw-typing-v4-138	198	required	穩壓器	electronics	概念詞族	電子半導體:穩壓
tw-typing-v4-138	198	optional	交換式電源	electronics	概念詞族	電子半導體:電源
tw-typing-v4-139	56	optional	憑證填充	network-security	概念詞族	數位科技:憑證
tw-typing-v4-139	56	optional	影像生成	ai-data-science	概念詞族	數位科技:生成
tw-typing-v4-139	56	required	多項式迴歸	ai-data-science	概念詞族	數位科技:迴歸
tw-typing-v4-139	56	optional	生成模型	ai-data-science	概念詞族	數位科技:生成
tw-typing-v4-139	56	required	前綴微調	ai-data-science	概念詞族	數位科技:微調
tw-typing-v4-139	56	optional	排序模型	ai-data-science	概念詞族	數位科技:模型
tw-typing-v4-139	56	required	殭屍網路	network-security	概念詞族	數位科技:網路
tw-typing-v4-139	56	optional	語音模型	ai-data-science	概念詞族	數位科技:模型
tw-typing-v4-139	56	required	微調	ai-data-science,mcbopomofo	概念詞族	數位科技:微調
tw-typing-v4-139	56	optional	密碼原則	network-security	概念詞族	數位科技:密碼
tw-typing-v4-139	56	required	磁碟鑑識	network-security	概念詞族	數位科技:鑑識
tw-typing-v4-139	56	optional	模型	ai-data-science,civil-engineering,finance,general,mcbopomofo	概念詞族	數位科技:模型
tw-typing-v4-139	56	required	指令微調	ai-data-science	概念詞族	數位科技:微調
tw-typing-v4-139	56	required	網路延遲	network-security	概念詞族	數位科技:網路
tw-typing-v4-139	56	optional	憑證釘選	network-security	概念詞族	數位科技:憑證
tw-typing-v4-139	56	required	事件	industrial-engineering,mcbopomofo,network-security,software	概念詞族	數位科技:事件
tw-typing-v4-139	56	optional	模型服務	software	概念詞族	數位科技:模型
tw-typing-v4-139	56	required	數位鑑識	network-security	概念詞族	數位科技:鑑識
tw-typing-v4-139	56	required	事件應變	network-security	概念詞族	數位科技:事件
tw-typing-v4-139	56	required	子網路遮罩	network-security	概念詞族	數位科技:網路
tw-typing-v4-139	56	optional	密碼噴灑	network-security	概念詞族	數位科技:密碼
tw-typing-v4-139	56	optional	數位憑證	network-security	概念詞族	數位科技:憑證
tw-typing-v4-139	56	optional	密碼加鹽	network-security	概念詞族	數位科技:密碼
tw-typing-v4-139	56	optional	生成	ai-data-science,mcbopomofo	概念詞族	數位科技:生成
tw-typing-v4-139	56	required	套索迴歸	ai-data-science	概念詞族	數位科技:迴歸
tw-typing-v4-139	56	required	網路鑑識	network-security	概念詞族	數位科技:鑑識
tw-typing-v4-139	56	required	網路	ai-data-science,mcbopomofo,network-security	概念詞族	數位科技:網路
tw-typing-v4-139	56	optional	密碼雜湊	network-security	概念詞族	數位科技:密碼
tw-typing-v4-139	56	optional	憑證	mcbopomofo,network-security	概念詞族	數位科技:憑證
tw-typing-v4-139	56	required	迴歸模型	ai-data-science	概念詞族	數位科技:迴歸
tw-typing-v4-140	8	optional	變動成本	finance	概念詞族	商業管理:變動
tw-typing-v4-140	8	optional	應付票據	finance	概念詞族	商業管理:票據
tw-typing-v4-140	8	optional	營收成長率	business	概念詞族	商業管理:營收
tw-typing-v4-140	8	required	商品	finance,mcbopomofo	同義近義	產品商品
tw-typing-v4-140	8	required	非流動資產	finance	概念詞族	商業管理:非流
tw-typing-v4-140	8	required	營運資金	finance	概念詞族	商業管理:資金
tw-typing-v4-140	8	optional	應收票據	finance	概念詞族	商業管理:票據
tw-typing-v4-140	8	required	波士頓矩陣	business	概念詞族	商業管理:矩陣
tw-typing-v4-140	8	optional	指數型基金	finance	概念詞族	商業管理:型基
tw-typing-v4-140	8	required	產品	business,mcbopomofo	同義近義	產品商品
tw-typing-v4-140	8	optional	折現回收期	finance	概念詞族	商業管理:收期
tw-typing-v4-140	8	required	資金	finance,mcbopomofo	概念詞族	商業管理:資金
tw-typing-v4-140	8	required	價值	business,mcbopomofo	概念詞族	商業管理:價值
tw-typing-v4-140	8	optional	產業	business,mcbopomofo	概念詞族	商業管理:產業
tw-typing-v4-140	8	optional	權益變動表	finance	概念詞族	商業管理:變動
tw-typing-v4-140	8	required	人才盤點	business	概念詞族	商業管理:人才
tw-typing-v4-140	8	optional	轉換率分析	business	概念詞族	商業管理:換率
tw-typing-v4-140	8	optional	回收期間	finance	概念詞族	商業管理:收期
tw-typing-v4-140	8	optional	轉換率	business	概念詞族	商業管理:換率
tw-typing-v4-140	8	required	非流動負債	finance	概念詞族	商業管理:非流
tw-typing-v4-140	8	optional	基準計畫	business	概念詞族	商業管理:計畫
tw-typing-v4-140	8	required	接班人計畫	business	概念詞族	商業管理:計畫
tw-typing-v4-140	8	required	價值主張	business	概念詞族	商業管理:價值
tw-typing-v4-140	8	required	信用評等	finance	概念詞族	商業管理:信用
tw-typing-v4-140	8	optional	營收達成率	business	概念詞族	商業管理:營收
tw-typing-v4-140	8	required	安索夫矩陣	business	概念詞族	商業管理:矩陣
tw-typing-v4-140	8	required	信用利差	finance	概念詞族	商業管理:信用
tw-typing-v4-140	8	required	人才招募	business	概念詞族	商業管理:人才
tw-typing-v4-140	8	optional	產業集中度	business	概念詞族	商業管理:產業
tw-typing-v4-140	8	optional	封閉型基金	finance	概念詞族	商業管理:型基
tw-typing-v4-141	147	optional	左宗棠	mcbopomofo,people-history	單詞	左宗棠
tw-typing-v4-141	147	required	宋遼金元	history	單詞	宋遼金元
tw-typing-v4-141	147	optional	特斯拉	mcbopomofo,people-history	單詞	特斯拉
tw-typing-v4-141	147	optional	絕對王權	history	概念詞族	歷史人物:絕對
tw-typing-v4-141	147	optional	李應元	mcbopomofo,people-oldnews	單詞	李應元
tw-typing-v4-141	147	optional	宮崎駿	mcbopomofo,people-contemporary	單詞	宮崎駿
tw-typing-v4-141	147	required	張忠謀	mcbopomofo,people-contemporary	單詞	張忠謀
tw-typing-v4-141	147	optional	尼采	mcbopomofo,people-history	單詞	尼采
tw-typing-v4-141	147	required	隋代	history,mcbopomofo	單詞	隋代
tw-typing-v4-141	147	optional	早期國家	history	概念詞族	歷史人物:早期
tw-typing-v4-141	147	optional	李時珍	mcbopomofo,people-history	單詞	李時珍
tw-typing-v4-141	147	optional	孔子	mcbopomofo,people-history	單詞	孔子
tw-typing-v4-141	147	required	習近平	mcbopomofo,people-contemporary	單詞	習近平
tw-typing-v4-141	147	optional	邱毅	mcbopomofo,people-contemporary	單詞	邱毅
tw-typing-v4-141	147	required	諾貝爾	mcbopomofo,people-history	概念詞族	歷史人物:貝爾
tw-typing-v4-141	147	required	荊軻	mcbopomofo,people-history	單詞	荊軻
tw-typing-v4-141	147	required	莊子	mcbopomofo,people-history	單詞	莊子
tw-typing-v4-141	147	optional	張居正改革	history	概念詞族	歷史人物:改革
tw-typing-v4-141	147	required	達爾文	mcbopomofo,people-history	單詞	達爾文
tw-typing-v4-141	147	required	姜太公	mcbopomofo,people-history	單詞	姜太公
tw-typing-v4-141	147	required	亞里斯多德	mcbopomofo,people-history	單詞	亞里斯多德
tw-typing-v4-141	147	optional	哥白尼	mcbopomofo,people-history	單詞	哥白尼
tw-typing-v4-141	147	optional	蕭萬長	mcbopomofo,people-oldnews	單詞	蕭萬長
tw-typing-v4-141	147	optional	蔡明亮	mcbopomofo,people-contemporary	單詞	蔡明亮
tw-typing-v4-141	147	optional	蔡振南	mcbopomofo,people-oldnews	單詞	蔡振南
tw-typing-v4-141	147	required	金大中	mcbopomofo,people-oldnews	單詞	金大中
tw-typing-v4-141	147	required	彭淮南	mcbopomofo,people-oldnews	單詞	彭淮南
tw-typing-v4-141	147	required	白蓮教起義	history	單詞	白蓮教起義
tw-typing-v4-141	147	required	馬克思史學	history	概念詞族	歷史人物:馬克
tw-typing-v4-141	147	required	宋代	history,mcbopomofo	單詞	宋代
tw-typing-v4-142	183	optional	黏膜	mcbopomofo,medicine	概念詞族	醫療生技:黏膜
tw-typing-v4-142	183	optional	低下症	medicine	概念詞族	醫療生技:低下
tw-typing-v4-142	183	optional	半月板撕裂	medicine	概念詞族	醫療生技:撕裂
tw-typing-v4-142	183	required	心內膜炎	medicine	概念詞族	醫療生技:內膜
tw-typing-v4-142	183	required	子宮	mcbopomofo,medicine	概念詞族	醫療生技:子宮
tw-typing-v4-142	183	optional	雙盲試驗	biotech-pharma	概念詞族	醫療生技:試驗
tw-typing-v4-142	183	required	胃食道	medicine	概念詞族	醫療生技:食道
tw-typing-v4-142	183	required	慢性腎臟病	medicine	概念詞族	醫療生技:性腎
tw-typing-v4-142	183	optional	安定性	biotech-pharma,mcbopomofo	概念詞族	醫療生技:安定
tw-typing-v4-142	183	optional	黏膜下	medicine	概念詞族	醫療生技:黏膜
tw-typing-v4-142	183	required	內膜	mcbopomofo,medicine	概念詞族	醫療生技:內膜
tw-typing-v4-142	183	optional	心臟節律器	medicine	概念詞族	醫療生技:心臟
tw-typing-v4-142	183	required	尿蛋白	medicine	概念詞族	醫療生技:蛋白
tw-typing-v4-142	183	optional	心臟	mcbopomofo,medicine	概念詞族	醫療生技:心臟
tw-typing-v4-142	183	optional	安定性試驗	biotech-pharma	概念詞族	醫療生技:安定
tw-typing-v4-142	183	required	代謝體學	biotech-pharma	概念詞族	醫療生技:代謝
tw-typing-v4-142	183	required	不良	biotech-pharma,mcbopomofo,medicine	概念詞族	醫療生技:不良
tw-typing-v4-142	183	required	肌鈣蛋白	medicine	概念詞族	醫療生技:蛋白
tw-typing-v4-142	183	required	急性腎損傷	medicine	概念詞族	醫療生技:性腎
tw-typing-v4-142	183	optional	耐受試驗	medicine	概念詞族	醫療生技:試驗
tw-typing-v4-142	183	required	子宮腺肌症	medicine	概念詞族	醫療生技:子宮
tw-typing-v4-142	183	required	食道	mcbopomofo,medicine	概念詞族	醫療生技:食道
tw-typing-v4-142	183	required	撕裂	mcbopomofo,medicine	概念詞族	醫療生技:撕裂
tw-typing-v4-142	183	optional	機能低下	medicine	概念詞族	醫療生技:低下
tw-typing-v4-142	183	optional	緩釋製劑	biotech-pharma	概念詞族	醫療生技:釋製
tw-typing-v4-142	183	optional	巨球性貧血	medicine	概念詞族	醫療生技:性貧
tw-typing-v4-142	183	required	代謝工程	biotech-pharma	概念詞族	醫療生技:代謝
tw-typing-v4-142	183	required	不良性	medicine	概念詞族	醫療生技:不良
tw-typing-v4-142	183	optional	控釋製劑	biotech-pharma	概念詞族	醫療生技:釋製
tw-typing-v4-142	183	optional	溶血性貧血	medicine	概念詞族	醫療生技:性貧
tw-typing-v4-143	86	required	有人	mcbopomofo	單詞	有人
tw-typing-v4-143	86	optional	又有	mcbopomofo	單詞	又有
tw-typing-v4-143	86	required	研討會	mcbopomofo	單詞	研討會
tw-typing-v4-143	86	required	還有	mcbopomofo	單詞	還有
tw-typing-v4-143	86	optional	我在	mcbopomofo	單詞	我在
tw-typing-v4-143	86	required	官僚	mcbopomofo	單詞	官僚
tw-typing-v4-143	86	required	本位	mcbopomofo	單詞	本位
tw-typing-v4-143	86	required	肯定	mcbopomofo	單詞	肯定
tw-typing-v4-143	86	optional	飲料	mcbopomofo	單詞	飲料
tw-typing-v4-143	86	optional	那是	mcbopomofo	單詞	那是
tw-typing-v4-143	86	optional	祭典	mcbopomofo	單詞	祭典
tw-typing-v4-143	86	required	油電車	general	單詞	油電車
tw-typing-v4-143	86	required	有成	mcbopomofo	單詞	有成
tw-typing-v4-143	86	required	昨日	mcbopomofo	單詞	昨日
tw-typing-v4-143	86	required	協商	mcbopomofo	概念詞族	日常生活:協商
tw-typing-v4-143	86	optional	不以	mcbopomofo	單詞	不以
tw-typing-v4-143	86	optional	退出	mcbopomofo	單詞	退出
tw-typing-v4-143	86	required	告知	mcbopomofo	單詞	告知
tw-typing-v4-143	86	required	雕塑	mcbopomofo	單詞	雕塑
tw-typing-v4-143	86	required	偏遠	mcbopomofo	單詞	偏遠
tw-typing-v4-143	86	optional	廚房	mcbopomofo	單詞	廚房
tw-typing-v4-143	86	optional	間諜家家酒	general	單詞	間諜家家酒
tw-typing-v4-143	86	required	量子運算	general	概念詞族	日常生活:量子
tw-typing-v4-143	86	optional	而已	mcbopomofo	單詞	而已
tw-typing-v4-143	86	required	校方	mcbopomofo	單詞	校方
tw-typing-v4-143	86	optional	中東	mcbopomofo	單詞	中東
tw-typing-v4-143	86	optional	你們	mcbopomofo	單詞	你們
tw-typing-v4-143	86	optional	二點	mcbopomofo	概念詞族	日常生活:二點
tw-typing-v4-143	86	optional	視訊看診	general	概念詞族	日常生活:視訊
tw-typing-v4-143	86	optional	忽略	mcbopomofo	單詞	忽略
tw-typing-v4-144	75	optional	都是	mcbopomofo	單詞	都是
tw-typing-v4-144	75	optional	兩部	mcbopomofo	單詞	兩部
tw-typing-v4-144	75	required	公益	mcbopomofo	單詞	公益
tw-typing-v4-144	75	optional	宇宙	mcbopomofo	概念詞族	日常生活:宇宙
tw-typing-v4-144	75	required	好看	mcbopomofo	單詞	好看
tw-typing-v4-144	75	optional	思考	mcbopomofo	概念詞族	日常生活:思考
tw-typing-v4-144	75	optional	校長	mcbopomofo	單詞	校長
tw-typing-v4-144	75	required	簽名	mcbopomofo	單詞	簽名
tw-typing-v4-144	75	required	是有	mcbopomofo	單詞	是有
tw-typing-v4-144	75	required	產生	mcbopomofo	概念詞族	日常生活:產生
tw-typing-v4-144	75	optional	擔任	mcbopomofo	單詞	擔任
tw-typing-v4-144	75	optional	觀眾	mcbopomofo	單詞	觀眾
tw-typing-v4-144	75	required	持續	mcbopomofo	單詞	持續
tw-typing-v4-144	75	optional	金融科技	general	概念詞族	日常生活:金融
tw-typing-v4-144	75	required	白頭翁	mcbopomofo	單詞	白頭翁
tw-typing-v4-144	75	required	她們	mcbopomofo	單詞	她們
tw-typing-v4-144	75	required	響起	mcbopomofo	單詞	響起
tw-typing-v4-144	75	optional	故宮	mcbopomofo	單詞	故宮
tw-typing-v4-144	75	optional	版本控制	general	概念詞族	日常生活:本控
tw-typing-v4-144	75	required	安排	mcbopomofo	單詞	安排
tw-typing-v4-144	75	optional	珍珠	mcbopomofo	單詞	珍珠
tw-typing-v4-144	75	required	部落	mcbopomofo	單詞	部落
tw-typing-v4-144	75	required	貿易	mcbopomofo	概念詞族	日常生活:貿易
tw-typing-v4-144	75	optional	取代	mcbopomofo	單詞	取代
tw-typing-v4-144	75	optional	模型推論	general	概念詞族	日常生活:推論
tw-typing-v4-144	75	required	十五日	mcbopomofo	概念詞族	日常生活:十五
tw-typing-v4-144	75	required	那個	mcbopomofo	單詞	那個
tw-typing-v4-144	75	required	見面	mcbopomofo	單詞	見面
tw-typing-v4-144	75	optional	都沒	mcbopomofo	單詞	都沒
tw-typing-v4-144	75	optional	發達	mcbopomofo	單詞	發達
tw-typing-v4-145	150	required	思想史	history	單詞	思想史
tw-typing-v4-145	150	optional	居禮夫人	mcbopomofo,people-history	單詞	居禮夫人
tw-typing-v4-145	150	optional	性別史	history	概念詞族	歷史人物:性別
tw-typing-v4-145	150	required	關羽	mcbopomofo,people-history	單詞	關羽
tw-typing-v4-145	150	required	安倍晉三	people-contemporary	單詞	安倍晉三
tw-typing-v4-145	150	required	李鴻章	mcbopomofo,people-history	單詞	李鴻章
tw-typing-v4-145	150	required	蔡卓妍	mcbopomofo,people-contemporary	單詞	蔡卓妍
tw-typing-v4-145	150	optional	蔣經國	mcbopomofo,people-oldnews	單詞	蔣經國
tw-typing-v4-145	150	required	玄奘	mcbopomofo,people-history	單詞	玄奘
tw-typing-v4-145	150	required	毛澤東	mcbopomofo,people-oldnews	單詞	毛澤東
tw-typing-v4-145	150	optional	環境史	history	概念詞族	歷史人物:環境
tw-typing-v4-145	150	optional	集體記憶	history	概念詞族	歷史人物:記憶
tw-typing-v4-145	150	optional	比較史學	history	概念詞族	歷史人物:比較
tw-typing-v4-145	150	required	楊麗花	mcbopomofo,people-oldnews	單詞	楊麗花
tw-typing-v4-145	150	required	孫運璿	mcbopomofo,people-oldnews	單詞	孫運璿
tw-typing-v4-145	150	required	歐洲整合	history	概念詞族	歷史人物:歐洲
tw-typing-v4-145	150	optional	唐代	history,mcbopomofo	單詞	唐代
tw-typing-v4-145	150	optional	聯合國成立	history	概念詞族	歷史人物:成立
tw-typing-v4-145	150	required	廣末涼子	mcbopomofo,people-oldnews	單詞	廣末涼子
tw-typing-v4-145	150	optional	三島由紀夫	mcbopomofo,people-history	單詞	三島由紀夫
tw-typing-v4-145	150	optional	朱立倫	mcbopomofo,people-contemporary	單詞	朱立倫
tw-typing-v4-145	150	optional	鈴木一朗	mcbopomofo,people-contemporary	單詞	鈴木一朗
tw-typing-v4-145	150	required	伏羲	mcbopomofo,people-history	單詞	伏羲
tw-typing-v4-145	150	required	鄭經	mcbopomofo,people-history	單詞	鄭經
tw-typing-v4-145	150	required	卓別林	mcbopomofo,people-history	單詞	卓別林
tw-typing-v4-145	150	required	李光耀	mcbopomofo,people-contemporary	單詞	李光耀
tw-typing-v4-145	150	optional	周文王	mcbopomofo,people-history	單詞	周文王
tw-typing-v4-145	150	optional	龍應台	mcbopomofo,people-oldnews	單詞	龍應台
tw-typing-v4-145	150	optional	三省六部制	history	單詞	三省六部制
tw-typing-v4-145	150	optional	林青霞	mcbopomofo,people-oldnews	單詞	林青霞
tw-typing-v4-146	184	required	機能亢進	medicine	概念詞族	醫療生技:亢進
tw-typing-v4-146	184	optional	製程確效	biotech-pharma	概念詞族	醫療生技:確效
tw-typing-v4-146	184	optional	臨床試驗	biotech-pharma	概念詞族	醫療生技:床試
tw-typing-v4-146	184	optional	前臨床試驗	biotech-pharma	概念詞族	醫療生技:床試
tw-typing-v4-146	184	required	毛細管電泳	biotech-pharma	概念詞族	醫療生技:電泳
tw-typing-v4-146	184	optional	基因體學	biotech-pharma	概念詞族	醫療生技:因體
tw-typing-v4-146	184	optional	基因敲入	biotech-pharma	概念詞族	醫療生技:因敲
tw-typing-v4-146	184	optional	功能評估	medicine	概念詞族	醫療生技:功能
tw-typing-v4-146	184	required	肌酸激酶	medicine	概念詞族	醫療生技:肌酸
tw-typing-v4-146	184	required	總膽紅素	medicine	概念詞族	醫療生技:膽紅
tw-typing-v4-146	184	optional	基因敲除	biotech-pharma	概念詞族	醫療生技:因敲
tw-typing-v4-146	184	optional	確效	biotech-pharma	概念詞族	醫療生技:確效
tw-typing-v4-146	184	optional	全基因體	biotech-pharma	概念詞族	醫療生技:因體
tw-typing-v4-146	184	required	亢進	mcbopomofo,medicine	概念詞族	醫療生技:亢進
tw-typing-v4-146	184	required	直接膽紅素	medicine	概念詞族	醫療生技:膽紅
tw-typing-v4-146	184	required	凝膠電泳	biotech-pharma	概念詞族	醫療生技:電泳
tw-typing-v4-146	184	required	肌酸酐比	medicine	概念詞族	醫療生技:肌酸
tw-typing-v4-146	184	optional	藥物動力學	biotech-pharma	概念詞族	醫療生技:動力
tw-typing-v4-146	184	optional	尿動力學	medicine	概念詞族	醫療生技:動力
tw-typing-v4-146	184	required	呼吸系統	mcbopomofo,medicine	概念詞族	醫療生技:呼吸
tw-typing-v4-146	184	optional	功能	mcbopomofo,medicine	概念詞族	醫療生技:功能
tw-typing-v4-146	184	required	出血	mcbopomofo,medicine	概念詞族	醫療生技:出血
tw-typing-v4-146	184	required	出血性	mcbopomofo,medicine	概念詞族	醫療生技:出血
tw-typing-v4-146	184	optional	骨髓	mcbopomofo,medicine	概念詞族	醫療生技:骨髓
tw-typing-v4-146	184	optional	心導管檢查	medicine	概念詞族	醫療生技:導管
tw-typing-v4-146	184	optional	骨髓瘤	medicine	概念詞族	醫療生技:骨髓
tw-typing-v4-146	184	required	鼻導管	medicine	概念詞族	醫療生技:導管
tw-typing-v4-146	184	required	甲狀腺結節	medicine	概念詞族	醫療生技:結節
tw-typing-v4-146	184	required	磨玻璃結節	medicine	概念詞族	醫療生技:結節
tw-typing-v4-146	184	required	呼吸	mcbopomofo,medicine	概念詞族	醫療生技:呼吸
tw-typing-v4-147	192	required	金屬化製程	semiconductor	概念詞族	電子半導體:屬化
tw-typing-v4-147	192	optional	電池	electronics,mcbopomofo	概念詞族	電子半導體:電池
tw-typing-v4-147	192	required	校正	electronics,mcbopomofo,semiconductor	概念詞族	電子半導體:校正
tw-typing-v4-147	192	required	數位驗證	electronics	概念詞族	電子半導體:驗證
tw-typing-v4-147	192	optional	清洗製程	semiconductor	概念詞族	電子半導體:清洗
tw-typing-v4-147	192	required	導通損耗	electronics	概念詞族	電子半導體:損耗
tw-typing-v4-147	192	required	數位校正	electronics	概念詞族	電子半導體:校正
tw-typing-v4-147	192	required	升降壓	electronics	概念詞族	電子半導體:降壓
tw-typing-v4-147	192	optional	測試機	semiconductor	概念詞族	電子半導體:測試
tw-typing-v4-147	192	required	清洗	mcbopomofo,semiconductor	概念詞族	電子半導體:清洗
tw-typing-v4-147	192	optional	錯誤分析	ai-data-science	同義衍生	錯誤故障異常:{同義詞}分析
tw-typing-v4-147	192	required	數位	biotech-pharma,civil-engineering,education,electronics,mcbopomofo,semiconductor	概念詞族	電子半導體:數位
tw-typing-v4-147	192	required	離子佈植機	semiconductor	概念詞族	電子半導體:子佈
tw-typing-v4-147	192	optional	異常分析	semiconductor	同義衍生	錯誤故障異常:{同義詞}分析
tw-typing-v4-147	192	optional	雙極性	electronics,semiconductor	概念詞族	電子半導體:雙極
tw-typing-v4-147	192	optional	一階電路	electronics	概念詞族	電子半導體:階電
tw-typing-v4-147	192	required	離子佈植	semiconductor	概念詞族	電子半導體:子佈
tw-typing-v4-147	192	optional	二階電路	electronics	概念詞族	電子半導體:階電
tw-typing-v4-147	192	required	切換損耗	electronics	概念詞族	電子半導體:損耗
tw-typing-v4-147	192	required	驗證	electronics,mcbopomofo,semiconductor,software	概念詞族	電子半導體:驗證
tw-typing-v4-147	192	optional	電池熱分析	electronics	概念詞族	電子半導體:電池
tw-typing-v4-147	192	optional	雙極	semiconductor	概念詞族	電子半導體:雙極
tw-typing-v4-147	192	optional	設備配方	semiconductor	概念詞族	電子半導體:配方
tw-typing-v4-147	192	required	金屬化	semiconductor	概念詞族	電子半導體:屬化
tw-typing-v4-147	192	optional	配方	mcbopomofo,semiconductor	概念詞族	電子半導體:配方
tw-typing-v4-147	192	optional	擴散製程	semiconductor	概念詞族	電子半導體:擴散
tw-typing-v4-147	192	required	降壓	electronics,mcbopomofo	概念詞族	電子半導體:降壓
tw-typing-v4-147	192	optional	擴散	mcbopomofo,semiconductor	概念詞族	電子半導體:擴散
tw-typing-v4-147	192	required	數位電路	electronics	概念詞族	電子半導體:數位
tw-typing-v4-147	192	optional	測試製程	semiconductor	概念詞族	電子半導體:測試
tw-typing-v4-148	186	required	蛋白質體學	biotech-pharma	概念詞族	醫療生技:白質
tw-typing-v4-148	186	required	聚合酶	biotech-pharma,mcbopomofo	概念詞族	醫療生技:聚合
tw-typing-v4-148	186	optional	症候群	mcbopomofo,medicine	單詞	症候群
tw-typing-v4-148	186	required	彌漫性	medicine	單詞	彌漫性
tw-typing-v4-148	186	optional	尿流速檢查	medicine	概念詞族	醫療生技:檢查
tw-typing-v4-148	186	optional	三尖瓣逆流	medicine	概念詞族	醫療生技:瓣逆
tw-typing-v4-148	186	optional	電生理檢查	medicine	概念詞族	醫療生技:生理
tw-typing-v4-148	186	required	貧血	mcbopomofo,medicine	概念詞族	醫療生技:貧血
tw-typing-v4-148	186	required	第一期	biotech-pharma	概念詞族	醫療生技:第一
tw-typing-v4-148	186	optional	側索	medicine	單詞	側索
tw-typing-v4-148	186	optional	心臟超音波	medicine	概念詞族	醫療生技:音波
tw-typing-v4-148	186	required	脂漏性	medicine	單詞	脂漏性
tw-typing-v4-148	186	required	抗菌	mcbopomofo,medicine	單詞	抗菌
tw-typing-v4-148	186	optional	人工	mcbopomofo,medicine	概念詞族	醫療生技:人工
tw-typing-v4-148	186	optional	內視鏡	mcbopomofo,medicine	概念詞族	醫療生技:視鏡
tw-typing-v4-148	186	required	紅血球	mcbopomofo,medicine	概念詞族	醫療生技:血球
tw-typing-v4-148	186	required	攝護腺	mcbopomofo,medicine	單詞	攝護腺
tw-typing-v4-148	186	required	中止症	medicine	概念詞族	醫療生技:中止
tw-typing-v4-148	186	required	清潔確效	biotech-pharma	概念詞族	醫療生技:清潔
tw-typing-v4-148	186	required	藥物篩選	biotech-pharma	概念詞族	醫療生技:篩選
tw-typing-v4-148	186	optional	終點	biotech-pharma,mcbopomofo	概念詞族	醫療生技:終點
tw-typing-v4-148	186	optional	介入術	medicine	概念詞族	醫療生技:介入
tw-typing-v4-148	186	required	曲線	biotech-pharma,mcbopomofo	概念詞族	醫療生技:曲線
tw-typing-v4-148	186	optional	安慰劑對照	biotech-pharma	單詞	安慰劑對照
tw-typing-v4-148	186	optional	電腦	mcbopomofo,medicine	概念詞族	醫療生技:電腦
tw-typing-v4-148	186	required	數值	mcbopomofo,medicine	概念詞族	醫療生技:數值
tw-typing-v4-148	186	optional	長期追蹤	medicine	概念詞族	醫療生技:長期
tw-typing-v4-148	186	optional	內視鏡止血	medicine	概念詞族	醫療生技:內視
tw-typing-v4-148	186	optional	去顫器	medicine	單詞	去顫器
tw-typing-v4-148	186	required	椎間盤突出	medicine	單詞	椎間盤突出
tw-typing-v4-149	44	optional	類群	education	單詞	類群
tw-typing-v4-149	44	required	參照	education,mcbopomofo	單詞	參照
tw-typing-v4-149	44	optional	雙語	education	單詞	雙語
tw-typing-v4-149	44	required	內在動機	education	概念詞族	教育社會:內在
tw-typing-v4-149	44	optional	不足	education,mcbopomofo	單詞	不足
tw-typing-v4-149	44	optional	行為	education,mcbopomofo	概念詞族	教育社會:行為
tw-typing-v4-149	44	required	中輟預防	education	概念詞族	教育社會:預防
tw-typing-v4-149	44	optional	防衛機轉	psychology-society	概念詞族	教育社會:防衛
tw-typing-v4-149	44	required	探究	education,mcbopomofo	概念詞族	教育社會:探究
tw-typing-v4-149	44	optional	自閉症	education,mcbopomofo	單詞	自閉症
tw-typing-v4-149	44	required	社會分層	psychology-society	概念詞族	教育社會:分層
tw-typing-v4-149	44	required	身分認同	psychology-society	概念詞族	教育社會:認同
tw-typing-v4-149	44	optional	自我概念	psychology-society	概念詞族	教育社會:概念
tw-typing-v4-149	44	required	專業	education,mcbopomofo	單詞	專業
tw-typing-v4-149	44	required	測驗	education,mcbopomofo	概念詞族	教育社會:測驗
tw-typing-v4-149	44	required	學習診斷	education	概念詞族	教育社會:診斷
tw-typing-v4-149	44	required	教學策略	education	概念詞族	教育社會:策略
tw-typing-v4-149	44	required	社會政策	psychology-society	概念詞族	教育社會:政策
tw-typing-v4-149	44	optional	外在動機	education	概念詞族	教育社會:在動
tw-typing-v4-149	44	optional	評分者信度	education	單詞	評分者信度
tw-typing-v4-149	44	optional	角色緊張	psychology-society	概念詞族	教育社會:角色
tw-typing-v4-149	44	optional	泛化	psychology-society	單詞	泛化
tw-typing-v4-149	44	required	臨床心理學	psychology-society	概念詞族	教育社會:臨床
tw-typing-v4-149	44	required	內控	psychology-society	單詞	內控
tw-typing-v4-149	44	required	態度形成	psychology-society	概念詞族	教育社會:態度
tw-typing-v4-149	44	optional	課程設計	education	概念詞族	教育社會:課程
tw-typing-v4-149	44	required	數學	education,mcbopomofo	單詞	數學
tw-typing-v4-149	44	optional	專題	education,mcbopomofo	單詞	專題
tw-typing-v4-149	44	optional	自我效能	psychology-society	概念詞族	教育社會:效能
tw-typing-v4-149	44	optional	彈性	education,mcbopomofo	概念詞族	教育社會:彈性
tw-typing-v4-150	104	required	講究	mcbopomofo	單詞	講究
tw-typing-v4-150	104	required	成熟	mcbopomofo	單詞	成熟
tw-typing-v4-150	104	required	明文	mcbopomofo	單詞	明文
tw-typing-v4-150	104	required	性行為	mcbopomofo	概念詞族	日常生活:行為
tw-typing-v4-150	104	required	擁擠	mcbopomofo	單詞	擁擠
tw-typing-v4-150	104	optional	遊樂	mcbopomofo	單詞	遊樂
tw-typing-v4-150	104	optional	公斤	mcbopomofo	單詞	公斤
tw-typing-v4-150	104	optional	主委	mcbopomofo	單詞	主委
tw-typing-v4-150	104	optional	距離	mcbopomofo	單詞	距離
tw-typing-v4-150	104	required	資助	mcbopomofo	單詞	資助
tw-typing-v4-150	104	required	發現	mcbopomofo	概念詞族	日常生活:發現
tw-typing-v4-150	104	optional	受訓	mcbopomofo	單詞	受訓
tw-typing-v4-150	104	optional	損失	mcbopomofo	概念詞族	日常生活:損失
tw-typing-v4-150	104	required	國外	mcbopomofo	單詞	國外
tw-typing-v4-150	104	required	這一點	mcbopomofo	概念詞族	日常生活:這一
tw-typing-v4-150	104	optional	稍微	mcbopomofo	單詞	稍微
tw-typing-v4-150	104	required	需要	mcbopomofo	單詞	需要
tw-typing-v4-150	104	required	激勵	mcbopomofo	單詞	激勵
tw-typing-v4-150	104	optional	放心	mcbopomofo	單詞	放心
tw-typing-v4-150	104	required	葉子	mcbopomofo	單詞	葉子
tw-typing-v4-150	104	optional	親近	mcbopomofo	單詞	親近
tw-typing-v4-150	104	required	依舊	mcbopomofo	單詞	依舊
tw-typing-v4-150	104	required	看不懂	mcbopomofo	單詞	看不懂
tw-typing-v4-150	104	optional	有些	mcbopomofo	單詞	有些
tw-typing-v4-150	104	optional	矛盾	mcbopomofo	單詞	矛盾
tw-typing-v4-150	104	optional	高職	mcbopomofo	單詞	高職
tw-typing-v4-150	104	optional	中華	mcbopomofo	單詞	中華
tw-typing-v4-150	104	required	常常	mcbopomofo	單詞	常常
tw-typing-v4-150	104	optional	機關	mcbopomofo	概念詞族	日常生活:機關
tw-typing-v4-150	104	optional	切割	mcbopomofo	概念詞族	日常生活:切割
tw-typing-v4-151	126	required	精神	mcbopomofo	單詞	精神
tw-typing-v4-151	126	optional	到底	mcbopomofo	單詞	到底
tw-typing-v4-151	126	required	統治	mcbopomofo	單詞	統治
tw-typing-v4-151	126	required	成群	mcbopomofo	單詞	成群
tw-typing-v4-151	126	optional	再回	mcbopomofo	單詞	再回
tw-typing-v4-151	126	required	快篩試劑	general	單詞	快篩試劑
tw-typing-v4-151	126	optional	航空	mcbopomofo	概念詞族	日常生活:航空
tw-typing-v4-151	126	required	某種	mcbopomofo	單詞	某種
tw-typing-v4-151	126	optional	對人	mcbopomofo	單詞	對人
tw-typing-v4-151	126	optional	回家	mcbopomofo	單詞	回家
tw-typing-v4-151	126	required	立刻	mcbopomofo	單詞	立刻
tw-typing-v4-151	126	optional	立即	mcbopomofo	單詞	立即
tw-typing-v4-151	126	required	各家	mcbopomofo	單詞	各家
tw-typing-v4-151	126	required	汙染	mcbopomofo	單詞	汙染
tw-typing-v4-151	126	optional	是個	mcbopomofo	單詞	是個
tw-typing-v4-151	126	optional	措施	mcbopomofo	概念詞族	日常生活:措施
tw-typing-v4-151	126	optional	歐洲	mcbopomofo	概念詞族	日常生活:歐洲
tw-typing-v4-151	126	optional	雲端運算	general	概念詞族	日常生活:雲端
tw-typing-v4-151	126	required	氧化	mcbopomofo	概念詞族	日常生活:氧化
tw-typing-v4-151	126	required	民調	mcbopomofo	單詞	民調
tw-typing-v4-151	126	required	台大	mcbopomofo	單詞	台大
tw-typing-v4-151	126	required	優異	mcbopomofo	單詞	優異
tw-typing-v4-151	126	optional	後衛	mcbopomofo	單詞	後衛
tw-typing-v4-151	126	optional	有線電視	mcbopomofo	單詞	有線電視
tw-typing-v4-151	126	optional	強制	mcbopomofo	概念詞族	日常生活:強制
tw-typing-v4-151	126	optional	勞工	mcbopomofo	單詞	勞工
tw-typing-v4-151	126	required	佛陀	mcbopomofo	單詞	佛陀
tw-typing-v4-151	126	required	感觸	mcbopomofo	單詞	感觸
tw-typing-v4-151	126	optional	好用	mcbopomofo	單詞	好用
tw-typing-v4-151	126	required	一口	mcbopomofo	單詞	一口
tw-typing-v4-152	37	optional	人事案件	government	概念詞族	政府法律:人事
tw-typing-v4-152	37	optional	依法令行為	law	概念詞族	政府法律:法令
tw-typing-v4-152	37	required	不當得利	law	概念詞族	政府法律:不當
tw-typing-v4-152	37	required	行政調查	law	概念詞族	政府法律:調查
tw-typing-v4-152	37	required	改善措施	government	概念詞族	政府法律:措施
tw-typing-v4-152	37	required	不溯及既往	law	單詞	不溯及既往
tw-typing-v4-152	37	required	懲戒	government,mcbopomofo	單詞	懲戒
tw-typing-v4-152	37	required	應繼分	law	單詞	應繼分
tw-typing-v4-152	37	optional	執行進度	government	概念詞族	政府法律:進度
tw-typing-v4-152	37	required	核備	government	單詞	核備
tw-typing-v4-152	37	optional	居住	law,mcbopomofo	單詞	居住
tw-typing-v4-152	37	optional	備查	government,mcbopomofo	單詞	備查
tw-typing-v4-152	37	optional	違法	law,mcbopomofo	同義近義	違法違規
tw-typing-v4-152	37	optional	有責性	law	單詞	有責性
tw-typing-v4-152	37	required	行政組織	law	概念詞族	政府法律:組織
tw-typing-v4-152	37	required	共同正犯	law	概念詞族	政府法律:共同
tw-typing-v4-152	37	required	拋棄繼承	law	概念詞族	政府法律:繼承
tw-typing-v4-152	37	optional	幫助犯	law	概念詞族	政府法律:幫助
tw-typing-v4-152	37	optional	分配	law,mcbopomofo	單詞	分配
tw-typing-v4-152	37	optional	關鍵	government,mcbopomofo	概念詞族	政府法律:關鍵
tw-typing-v4-152	37	required	核准	government,mcbopomofo	單詞	核准
tw-typing-v4-152	37	optional	證據	law,mcbopomofo	概念詞族	政府法律:證據
tw-typing-v4-152	37	required	不作為犯	law	概念詞族	政府法律:作為
tw-typing-v4-152	37	required	補助計畫	government	概念詞族	政府法律:補助
tw-typing-v4-152	37	optional	公寓	law,mcbopomofo	單詞	公寓
tw-typing-v4-152	37	optional	債務承擔	law	概念詞族	政府法律:承擔
tw-typing-v4-152	37	optional	高溫	agriculture-food,mcbopomofo,semiconductor	單詞	高溫
tw-typing-v4-152	37	required	贓物罪	law	單詞	贓物罪
tw-typing-v4-152	37	required	留職停薪	government,mcbopomofo	單詞	留職停薪
tw-typing-v4-152	37	optional	剩餘	law,mcbopomofo	單詞	剩餘
tw-typing-v4-153	195	optional	封裝設備	semiconductor	概念詞族	電子半導體:裝設
tw-typing-v4-153	195	required	分頻	electronics	單詞	分頻
tw-typing-v4-153	195	optional	光電工程	electronics	概念詞族	電子半導體:電工
tw-typing-v4-153	195	required	可靠度分析	electronics,industrial-engineering	概念詞族	電子半導體:度分
tw-typing-v4-153	195	required	保護設計	electronics	概念詞族	電子半導體:保護
tw-typing-v4-153	195	optional	返馳式	electronics	單詞	返馳式
tw-typing-v4-153	195	required	均勻性	semiconductor	單詞	均勻性
tw-typing-v4-153	195	required	熱動	electronics	單詞	熱動
tw-typing-v4-153	195	optional	時鐘樹合成	semiconductor	概念詞族	電子半導體:合成
tw-typing-v4-153	195	optional	改善	mcbopomofo,semiconductor	同義近義	改善改進優化
tw-typing-v4-153	195	optional	等電位連接	electronics	概念詞族	電子半導體:連接
tw-typing-v4-153	195	required	浸潤式微影	semiconductor	概念詞族	電子半導體:式微
tw-typing-v4-153	195	optional	暫態	electronics	概念詞族	電子半導體:暫態
tw-typing-v4-153	195	required	曝光機	semiconductor	概念詞族	電子半導體:光機
tw-typing-v4-153	195	required	真空系統	semiconductor	概念詞族	電子半導體:真空
tw-typing-v4-153	195	optional	史密斯圖	electronics	單詞	史密斯圖
tw-typing-v4-153	195	optional	馬達編碼器	electronics	概念詞族	電子半導體:碼器
tw-typing-v4-153	195	required	鰭式	semiconductor	單詞	鰭式
tw-typing-v4-153	195	required	算術	mcbopomofo,semiconductor	單詞	算術
tw-typing-v4-153	195	required	過載	electronics	單詞	過載
tw-typing-v4-153	195	optional	擷取	mcbopomofo,semiconductor	同義近義	下載擷取
tw-typing-v4-153	195	required	時序	mcbopomofo,semiconductor	單詞	時序
tw-typing-v4-153	195	optional	覆蓋率	mcbopomofo,semiconductor	概念詞族	電子半導體:覆蓋
tw-typing-v4-153	195	optional	材料	mcbopomofo,semiconductor	概念詞族	電子半導體:材料
tw-typing-v4-153	195	optional	振幅	electronics,mcbopomofo	單詞	振幅
tw-typing-v4-153	195	optional	主動濾波器	electronics	概念詞族	電子半導體:主動
tw-typing-v4-153	195	optional	金氧半	semiconductor	單詞	金氧半
tw-typing-v4-153	195	required	碳化矽	semiconductor	單詞	碳化矽
tw-typing-v4-153	195	required	機械	mcbopomofo,semiconductor	概念詞族	電子半導體:機械
tw-typing-v4-153	195	required	旋轉編碼器	electronics	概念詞族	電子半導體:旋轉
tw-typing-v4-154	174	optional	語言學	chinese,mcbopomofo	概念詞族	語文人文:言學
tw-typing-v4-154	174	required	主謂句	chinese	概念詞族	語文人文:謂句
tw-typing-v4-154	174	optional	遞進複句	chinese	概念詞族	語文人文:複句
tw-typing-v4-154	174	required	開口呼	chinese	概念詞族	語文人文:口呼
tw-typing-v4-154	174	optional	雙聲詞	chinese	概念詞族	語文人文:聲詞
tw-typing-v4-154	174	optional	偏義複詞	chinese	概念詞族	語文人文:複詞
tw-typing-v4-154	174	optional	趨向動詞	chinese	概念詞族	語文人文:動詞
tw-typing-v4-154	174	required	世情小說	chinese	概念詞族	語文人文:小說
tw-typing-v4-154	174	optional	動賓複詞	chinese	概念詞族	語文人文:複詞
tw-typing-v4-154	174	required	公案小說	chinese	概念詞族	語文人文:小說
tw-typing-v4-154	174	required	敘事學	chinese	概念詞族	語文人文:敘事
tw-typing-v4-154	174	required	譴責小說	chinese	概念詞族	語文人文:小說
tw-typing-v4-154	174	optional	心理語言學	chinese	概念詞族	語文人文:言學
tw-typing-v4-154	174	required	敘事者	chinese	概念詞族	語文人文:敘事
tw-typing-v4-154	174	required	自由詞素	chinese	概念詞族	語文人文:詞素
tw-typing-v4-154	174	required	敘事結構	chinese	概念詞族	語文人文:敘事
tw-typing-v4-154	174	optional	社會語言學	chinese	概念詞族	語文人文:言學
tw-typing-v4-154	174	optional	補充複詞	chinese	概念詞族	語文人文:複詞
tw-typing-v4-154	174	optional	轉折複句	chinese	概念詞族	語文人文:複句
tw-typing-v4-154	174	optional	目的複句	chinese	概念詞族	語文人文:複句
tw-typing-v4-154	174	optional	能願動詞	chinese	概念詞族	語文人文:動詞
tw-typing-v4-154	174	required	敘事時間	chinese	概念詞族	語文人文:敘事
tw-typing-v4-154	174	required	黏著詞素	chinese	概念詞族	語文人文:詞素
tw-typing-v4-154	174	required	合口呼	chinese	概念詞族	語文人文:口呼
tw-typing-v4-154	174	optional	擬聲詞	chinese	概念詞族	語文人文:聲詞
tw-typing-v4-154	174	required	俠義小說	chinese	概念詞族	語文人文:小說
tw-typing-v4-154	174	required	敘事視角	chinese	概念詞族	語文人文:敘事
tw-typing-v4-154	174	optional	並列複句	chinese	概念詞族	語文人文:複句
tw-typing-v4-154	174	optional	承接複句	chinese	概念詞族	語文人文:複句
tw-typing-v4-154	174	required	非主謂句	chinese	概念詞族	語文人文:謂句
tw-typing-v4-155	94	optional	進場	mcbopomofo	單詞	進場
tw-typing-v4-155	94	optional	小學	mcbopomofo	單詞	小學
tw-typing-v4-155	94	required	禁止	mcbopomofo	單詞	禁止
tw-typing-v4-155	94	optional	太平	mcbopomofo	概念詞族	日常生活:太平
tw-typing-v4-155	94	optional	東西	mcbopomofo	單詞	東西
tw-typing-v4-155	94	required	價格	mcbopomofo	單詞	價格
tw-typing-v4-155	94	required	可愛	mcbopomofo	單詞	可愛
tw-typing-v4-155	94	required	會計	mcbopomofo	概念詞族	日常生活:會計
tw-typing-v4-155	94	optional	打算	mcbopomofo	單詞	打算
tw-typing-v4-155	94	required	值得	mcbopomofo	單詞	值得
tw-typing-v4-155	94	required	充實	mcbopomofo	單詞	充實
tw-typing-v4-155	94	optional	最初	mcbopomofo	單詞	最初
tw-typing-v4-155	94	optional	道歉	mcbopomofo	單詞	道歉
tw-typing-v4-155	94	required	無論	mcbopomofo	單詞	無論
tw-typing-v4-155	94	optional	右派	mcbopomofo	單詞	右派
tw-typing-v4-155	94	required	在看	mcbopomofo	單詞	在看
tw-typing-v4-155	94	optional	大公	mcbopomofo	單詞	大公
tw-typing-v4-155	94	required	司令	mcbopomofo	單詞	司令
tw-typing-v4-155	94	required	雜貨	mcbopomofo	單詞	雜貨
tw-typing-v4-155	94	required	似乎	mcbopomofo	單詞	似乎
tw-typing-v4-155	94	required	抱怨	mcbopomofo	單詞	抱怨
tw-typing-v4-155	94	optional	顯出	mcbopomofo	單詞	顯出
tw-typing-v4-155	94	optional	實驗室	mcbopomofo	概念詞族	日常生活:驗室
tw-typing-v4-155	94	optional	邦交	mcbopomofo	單詞	邦交
tw-typing-v4-155	94	required	婦女	mcbopomofo	單詞	婦女
tw-typing-v4-155	94	required	消耗	mcbopomofo	單詞	消耗
tw-typing-v4-155	94	optional	做到	mcbopomofo	單詞	做到
tw-typing-v4-155	94	optional	市民	mcbopomofo	單詞	市民
tw-typing-v4-155	94	optional	宅配	general	單詞	宅配
tw-typing-v4-155	94	required	發揮	mcbopomofo	單詞	發揮
tw-typing-v4-156	3	required	海運提單	transport-logistics	概念詞族	交通物流:海運
tw-typing-v4-156	3	optional	運輸	mcbopomofo,transport-logistics	概念詞族	交通物流:運輸
tw-typing-v4-156	3	required	航空保安	transport-logistics	概念詞族	交通物流:航空
tw-typing-v4-156	3	required	交通模型	transport-logistics	概念詞族	交通物流:交通
tw-typing-v4-156	3	required	交通規劃	transport-logistics	概念詞族	交通物流:交通
tw-typing-v4-156	3	required	需求預測	transport-logistics	概念詞族	交通物流:需求
tw-typing-v4-156	3	optional	散裝運輸	transport-logistics	概念詞族	交通物流:運輸
tw-typing-v4-156	3	optional	防護	mcbopomofo,transport-logistics	同義近義	安全防護保障
tw-typing-v4-156	3	optional	接駁運輸	transport-logistics	概念詞族	交通物流:運輸
tw-typing-v4-156	3	optional	保障	finance,government,mcbopomofo	同義近義	安全防護保障
tw-typing-v4-156	3	optional	快速公車	transport-logistics	概念詞族	交通物流:公車
tw-typing-v4-156	3	optional	自動導引車	transport-logistics	概念詞族	交通物流:自動
tw-typing-v4-156	3	required	自行車運輸	transport-logistics	概念詞族	交通物流:自行
tw-typing-v4-156	3	optional	自動分揀	transport-logistics	概念詞族	交通物流:自動
tw-typing-v4-156	3	required	交通工程	transport-logistics	概念詞族	交通物流:交通
tw-typing-v4-156	3	optional	安全	biotech-pharma,civil-engineering,industrial-engineering,mcbopomofo,network-security	同義近義	安全防護保障
tw-typing-v4-156	3	optional	批號管理	transport-logistics	概念詞族	交通物流:號管
tw-typing-v4-156	3	required	航空貨運	transport-logistics	概念詞族	交通物流:航空
tw-typing-v4-156	3	optional	公車系統	transport-logistics	概念詞族	交通物流:公車
tw-typing-v4-156	3	optional	運輸系統	mcbopomofo,transport-logistics	概念詞族	交通物流:運輸
tw-typing-v4-156	3	optional	序號管理	transport-logistics	概念詞族	交通物流:號管
tw-typing-v4-156	3	required	交通壅塞	transport-logistics	概念詞族	交通物流:交通
tw-typing-v4-156	3	optional	幹線公車	transport-logistics	概念詞族	交通物流:公車
tw-typing-v4-156	3	required	海運物流	transport-logistics	概念詞族	交通物流:海運
tw-typing-v4-156	3	optional	公路運輸	transport-logistics	概念詞族	交通物流:運輸
tw-typing-v4-156	3	required	交通控制	transport-logistics	概念詞族	交通物流:交通
tw-typing-v4-156	3	required	儲位管理	transport-logistics	概念詞族	交通物流:位管
tw-typing-v4-156	3	required	交通	mcbopomofo,transport-logistics	概念詞族	交通物流:交通
tw-typing-v4-156	3	required	旅運需求	transport-logistics	概念詞族	交通物流:需求
tw-typing-v4-156	3	required	倉位管理	transport-logistics	概念詞族	交通物流:位管
tw-typing-v4-157	144	required	農業革命	history	概念詞族	歷史人物:革命
tw-typing-v4-157	144	optional	大航海時代	history	概念詞族	歷史人物:時代
tw-typing-v4-157	144	optional	希臘化時代	history	概念詞族	歷史人物:時代
tw-typing-v4-157	144	optional	日治臺灣	history	概念詞族	歷史人物:治臺
tw-typing-v4-157	144	optional	設置	history,mcbopomofo	同義近義	設定設置
tw-typing-v4-157	144	optional	雅典民主	history	概念詞族	歷史人物:民主
tw-typing-v4-157	144	required	吳起變法	history	概念詞族	歷史人物:變法
tw-typing-v4-157	144	optional	歷史敘事	history	概念詞族	歷史人物:歷史
tw-typing-v4-157	144	required	一手史料	history	概念詞族	歷史人物:手史
tw-typing-v4-157	144	optional	皇民化運動	history	概念詞族	歷史人物:民化
tw-typing-v4-157	144	required	德拉克洛瓦	mcbopomofo,people-history	概念詞族	歷史人物:德拉
tw-typing-v4-157	144	required	科學革命	history	概念詞族	歷史人物:革命
tw-typing-v4-157	144	optional	華沙公約	history,mcbopomofo	概念詞族	歷史人物:公約
tw-typing-v4-157	144	required	國共內戰	history	概念詞族	歷史人物:國共
tw-typing-v4-157	144	optional	設定	mcbopomofo,network-security	同義近義	設定設置
tw-typing-v4-157	144	required	王安石	mcbopomofo,people-history	概念詞族	歷史人物:王安
tw-typing-v4-157	144	optional	大正民主	history	概念詞族	歷史人物:民主
tw-typing-v4-157	144	required	危機	history,mcbopomofo	概念詞族	歷史人物:危機
tw-typing-v4-157	144	required	國共合作	history	概念詞族	歷史人物:國共
tw-typing-v4-157	144	required	商鞅變法	history	概念詞族	歷史人物:變法
tw-typing-v4-157	144	optional	公約	history,mcbopomofo	概念詞族	歷史人物:公約
tw-typing-v4-157	144	required	土地制度	history	概念詞族	歷史人物:土地
tw-typing-v4-157	144	required	二手史料	history	概念詞族	歷史人物:手史
tw-typing-v4-157	144	required	柏林危機	history	概念詞族	歷史人物:危機
tw-typing-v4-157	144	optional	口述歷史	history	概念詞族	歷史人物:歷史
tw-typing-v4-157	144	required	曼德拉	mcbopomofo,people-oldnews	概念詞族	歷史人物:德拉
tw-typing-v4-157	144	optional	清治臺灣	history	概念詞族	歷史人物:治臺
tw-typing-v4-157	144	optional	去殖民化	history	概念詞族	歷史人物:民化
tw-typing-v4-157	144	required	土地拓墾	history	概念詞族	歷史人物:土地
tw-typing-v4-157	144	optional	王安石變法	history	概念詞族	歷史人物:王安
tw-typing-v4-158	4	optional	轉換	finance,materials-chemistry,mcbopomofo,network-security	概念詞族	商業管理:轉換
tw-typing-v4-158	4	optional	行銷自動化	business	概念詞族	商業管理:動化
tw-typing-v4-158	4	required	鐵路	mcbopomofo,transport-logistics	單詞	鐵路
tw-typing-v4-158	4	optional	品牌識別	business	概念詞族	商業管理:識別
tw-typing-v4-158	4	optional	獲利指數	finance	概念詞族	商業管理:指數
tw-typing-v4-158	4	required	人才發展	business	概念詞族	商業管理:發展
tw-typing-v4-158	4	optional	共同基金	finance	概念詞族	商業管理:共同
tw-typing-v4-158	4	required	新產品開發	business	概念詞族	商業管理:產品
tw-typing-v4-158	4	optional	市場集中度	business	概念詞族	商業管理:中度
tw-typing-v4-158	4	optional	合約負債	finance	概念詞族	商業管理:合約
tw-typing-v4-158	4	required	稀釋	finance,mcbopomofo	單詞	稀釋
tw-typing-v4-158	4	required	相關	business,mcbopomofo	單詞	相關
tw-typing-v4-158	4	required	經濟訂購量	business	概念詞族	商業管理:經濟
tw-typing-v4-158	4	required	回顧會議	business	概念詞族	商業管理:會議
tw-typing-v4-158	4	required	風險評估	business,energy-environment,finance,industrial-engineering,medicine,network-security	概念詞族	商業管理:評估
tw-typing-v4-158	4	optional	社會	business,education,mcbopomofo	概念詞族	商業管理:社會
tw-typing-v4-158	4	optional	社會運動	psychology-society	概念詞族	教育社會:運動
tw-typing-v4-158	4	required	借貸法則	finance	概念詞族	商業管理:法則
tw-typing-v4-158	4	optional	供應商管理	business	概念詞族	商業管理:供應
tw-typing-v4-158	4	required	流動負債	finance	概念詞族	商業管理:動負
tw-typing-v4-158	4	required	供應鏈韌性	business	概念詞族	商業管理:韌性
tw-typing-v4-158	4	optional	組合管理	business	概念詞族	商業管理:組合
tw-typing-v4-158	4	required	成本行為	finance	概念詞族	商業管理:行為
tw-typing-v4-158	4	optional	顧客接觸點	business	概念詞族	商業管理:接觸
tw-typing-v4-158	4	optional	損益兩平	finance	概念詞族	商業管理:損益
tw-typing-v4-158	4	optional	員工體驗	business	概念詞族	商業管理:體驗
tw-typing-v4-158	4	required	業外收支	finance	單詞	業外收支
tw-typing-v4-158	4	required	目標	business,energy-environment,mcbopomofo	同義近義	目標目的
tw-typing-v4-158	4	required	週期	finance,mcbopomofo	概念詞族	商業管理:週期
tw-typing-v4-158	4	optional	訂單量分析	business	概念詞族	商業管理:量分
tw-typing-v4-159	51	optional	代理式	ai-data-science	概念詞族	數位科技:代理
tw-typing-v4-159	51	optional	調校	mcbopomofo,software	概念詞族	數位科技:調校
tw-typing-v4-159	51	required	對稱式加密	network-security	概念詞族	數位科技:稱式
tw-typing-v4-159	51	optional	增量學習	ai-data-science	概念詞族	數位科技:量學
tw-typing-v4-159	51	required	多版本	software	概念詞族	數位科技:版本
tw-typing-v4-159	51	required	自然	ai-data-science,business,general,mcbopomofo	概念詞族	數位科技:自然
tw-typing-v4-159	51	required	絕對誤差	ai-data-science,mcbopomofo	概念詞族	數位科技:誤差
tw-typing-v4-159	51	required	社交工程	network-security	單詞	社交工程
tw-typing-v4-159	51	required	分離	mcbopomofo,software	單詞	分離
tw-typing-v4-159	51	optional	偽造	mcbopomofo,network-security	概念詞族	數位科技:偽造
tw-typing-v4-159	51	optional	端請求偽造	network-security	概念詞族	數位科技:偽造
tw-typing-v4-159	51	optional	多代理系統	ai-data-science	概念詞族	數位科技:代理
tw-typing-v4-159	51	required	影像分類	ai-data-science	概念詞族	數位科技:像分
tw-typing-v4-159	51	optional	度量學習	ai-data-science	概念詞族	數位科技:量學
tw-typing-v4-159	51	optional	單一登入	network-security	概念詞族	數位科技:登入
tw-typing-v4-159	51	optional	主資料管理	ai-data-science	概念詞族	數位科技:料管
tw-typing-v4-159	51	optional	中間人攻擊	network-security	概念詞族	數位科技:中間
tw-typing-v4-159	51	required	影像分割	ai-data-science	概念詞族	數位科技:像分
tw-typing-v4-159	51	required	藍隊防禦	network-security	概念詞族	數位科技:防禦
tw-typing-v4-159	51	required	對稱式	network-security	概念詞族	數位科技:稱式
tw-typing-v4-159	51	required	均方誤差	ai-data-science	概念詞族	數位科技:誤差
tw-typing-v4-159	51	required	分散式系統	software	概念詞族	數位科技:分散
tw-typing-v4-159	51	required	分散式	mcbopomofo,network-security,software	概念詞族	數位科技:分散
tw-typing-v4-159	51	optional	效能調校	software	概念詞族	數位科技:調校
tw-typing-v4-159	51	optional	身分服務	software	概念詞族	數位科技:身分
tw-typing-v4-159	51	optional	身分系統	network-security	概念詞族	數位科技:身分
tw-typing-v4-159	51	required	防禦	mcbopomofo,network-security	概念詞族	數位科技:防禦
tw-typing-v4-159	51	optional	資料管線	software	概念詞族	數位科技:料管
tw-typing-v4-159	51	optional	登入系統	software	概念詞族	數位科技:登入
tw-typing-v4-159	51	required	自然語言	ai-data-science,general	概念詞族	數位科技:自然
tw-typing-v4-160	24	optional	樓板	civil-engineering,mcbopomofo	概念詞族	工程製造:樓板
tw-typing-v4-160	24	required	射線檢測	manufacturing	概念詞族	工程製造:檢測
tw-typing-v4-160	24	required	無人機測量	civil-engineering	概念詞族	工程製造:測量
tw-typing-v4-160	24	required	故障	manufacturing,mcbopomofo,semiconductor	同義近義	錯誤故障異常
tw-typing-v4-160	24	optional	檢驗	civil-engineering,mcbopomofo,medicine	概念詞族	工程製造:檢驗
tw-typing-v4-160	24	required	工程測量	civil-engineering	概念詞族	工程製造:測量
tw-typing-v4-160	24	required	渦流檢測	manufacturing	概念詞族	工程製造:檢測
tw-typing-v4-160	24	required	測量	civil-engineering,mcbopomofo	概念詞族	工程製造:測量
tw-typing-v4-160	24	optional	機械製圖	manufacturing	概念詞族	工程製造:機械
tw-typing-v4-160	24	optional	樓板檢驗	civil-engineering	概念詞族	工程製造:樓板
tw-typing-v4-160	24	required	異常	mcbopomofo,medicine,semiconductor	同義近義	錯誤故障異常
tw-typing-v4-160	24	required	磁粒檢測	manufacturing	概念詞族	工程製造:檢測
tw-typing-v4-160	24	required	平行機排程	industrial-engineering	概念詞族	工程製造:機排
tw-typing-v4-160	24	optional	機械軸封	manufacturing	概念詞族	工程製造:機械
tw-typing-v4-160	24	optional	機械手臂	manufacturing	概念詞族	工程製造:機械
tw-typing-v4-160	24	required	焊接	manufacturing,mcbopomofo	概念詞族	工程製造:焊接
tw-typing-v4-160	24	required	焊接變形	manufacturing	概念詞族	工程製造:焊接
tw-typing-v4-160	24	optional	出貨檢驗	manufacturing	概念詞族	工程製造:檢驗
tw-typing-v4-160	24	optional	排水系統	civil-engineering,mcbopomofo	概念詞族	工程製造:排水
tw-typing-v4-160	24	required	單機排程	industrial-engineering	概念詞族	工程製造:機排
tw-typing-v4-160	24	required	液滲檢測	manufacturing	概念詞族	工程製造:檢測
tw-typing-v4-160	24	optional	製程檢驗	manufacturing	概念詞族	工程製造:檢驗
tw-typing-v4-160	24	optional	排水	civil-engineering,mcbopomofo	概念詞族	工程製造:排水
tw-typing-v4-160	24	required	焊接機	manufacturing	概念詞族	工程製造:焊接
tw-typing-v4-160	24	optional	機械設計	manufacturing	概念詞族	工程製造:機械
tw-typing-v4-160	24	required	錯誤	mcbopomofo	同義近義	錯誤故障異常
tw-typing-v4-160	24	optional	樓板監測	civil-engineering	概念詞族	工程製造:樓板
tw-typing-v4-160	24	optional	給排水工程	civil-engineering	概念詞族	工程製造:排水
tw-typing-v4-160	24	optional	樓板補強	civil-engineering	概念詞族	工程製造:樓板
tw-typing-v4-160	24	optional	進料檢驗	manufacturing	概念詞族	工程製造:檢驗
tw-typing-v4-161	83	required	黨中央	mcbopomofo	概念詞族	日常生活:中央
tw-typing-v4-161	83	optional	這個字	mcbopomofo	概念詞族	日常生活:這個
tw-typing-v4-161	83	optional	一個個	mcbopomofo	概念詞族	日常生活:個個
tw-typing-v4-161	83	required	那時候	mcbopomofo	概念詞族	日常生活:那時
tw-typing-v4-161	83	required	主任委員	mcbopomofo	概念詞族	日常生活:委員
tw-typing-v4-161	83	required	中央	mcbopomofo	概念詞族	日常生活:中央
tw-typing-v4-161	83	optional	手機應用	general	概念詞族	日常生活:手機
tw-typing-v4-161	83	required	農委會	mcbopomofo	概念詞族	日常生活:委會
tw-typing-v4-161	83	optional	幻想	mcbopomofo	單詞	幻想
tw-typing-v4-161	83	optional	手機條碼	general	概念詞族	日常生活:手機
tw-typing-v4-161	83	optional	實況主	general	概念詞族	日常生活:實況
tw-typing-v4-161	83	required	重要性	mcbopomofo	概念詞族	日常生活:重要
tw-typing-v4-161	83	optional	虛擬實況主	general	概念詞族	日常生活:實況
tw-typing-v4-161	83	required	委員	mcbopomofo	概念詞族	日常生活:委員
tw-typing-v4-161	83	optional	不知道	mcbopomofo	概念詞族	日常生活:知道
tw-typing-v4-161	83	optional	在哪裡	mcbopomofo	概念詞族	日常生活:哪裡
tw-typing-v4-161	83	required	那時	mcbopomofo	概念詞族	日常生活:那時
tw-typing-v4-161	83	optional	知道	mcbopomofo	概念詞族	日常生活:知道
tw-typing-v4-161	83	required	課綱	general	概念詞族	日常生活:課綱
tw-typing-v4-161	83	required	一零八課綱	general	概念詞族	日常生活:課綱
tw-typing-v4-161	83	required	勞委會	mcbopomofo	概念詞族	日常生活:委會
tw-typing-v4-161	83	required	不可以	mcbopomofo	概念詞族	日常生活:可以
tw-typing-v4-161	83	optional	多數人	mcbopomofo	概念詞族	日常生活:多數
tw-typing-v4-161	83	required	也可以	mcbopomofo	概念詞族	日常生活:可以
tw-typing-v4-161	83	optional	哪裡	mcbopomofo	概念詞族	日常生活:哪裡
tw-typing-v4-161	83	required	重要	mcbopomofo	概念詞族	日常生活:重要
tw-typing-v4-161	83	required	可以	mcbopomofo	概念詞族	日常生活:可以
tw-typing-v4-161	83	optional	個個	mcbopomofo	概念詞族	日常生活:個個
tw-typing-v4-161	83	optional	多數	mcbopomofo	概念詞族	日常生活:多數
tw-typing-v4-161	83	optional	這個	mcbopomofo	概念詞族	日常生活:這個
tw-typing-v4-162	72	optional	排名	mcbopomofo	概念詞族	日常生活:排名
tw-typing-v4-162	72	optional	警政署	mcbopomofo	單詞	警政署
tw-typing-v4-162	72	required	四點	mcbopomofo	單詞	四點
tw-typing-v4-162	72	optional	奧運	mcbopomofo	單詞	奧運
tw-typing-v4-162	72	required	師生	mcbopomofo	單詞	師生
tw-typing-v4-162	72	optional	將要	mcbopomofo	單詞	將要
tw-typing-v4-162	72	optional	表面	mcbopomofo	概念詞族	日常生活:表面
tw-typing-v4-162	72	required	來去	mcbopomofo	單詞	來去
tw-typing-v4-162	72	required	嫁給	mcbopomofo	單詞	嫁給
tw-typing-v4-162	72	optional	前進	mcbopomofo	單詞	前進
tw-typing-v4-162	72	optional	空間	mcbopomofo	概念詞族	日常生活:空間
tw-typing-v4-162	72	optional	老子	mcbopomofo	單詞	老子
tw-typing-v4-162	72	required	像是	mcbopomofo	單詞	像是
tw-typing-v4-162	72	required	搭乘	mcbopomofo	單詞	搭乘
tw-typing-v4-162	72	required	計較	mcbopomofo	單詞	計較
tw-typing-v4-162	72	required	開設	mcbopomofo	單詞	開設
tw-typing-v4-162	72	required	大語言模型	general	概念詞族	日常生活:言模
tw-typing-v4-162	72	optional	變化	mcbopomofo	單詞	變化
tw-typing-v4-162	72	required	詳細	mcbopomofo	單詞	詳細
tw-typing-v4-162	72	required	窮人	mcbopomofo	單詞	窮人
tw-typing-v4-162	72	optional	公告	mcbopomofo	單詞	公告
tw-typing-v4-162	72	required	想要	mcbopomofo	單詞	想要
tw-typing-v4-162	72	optional	拓展	mcbopomofo	單詞	拓展
tw-typing-v4-162	72	optional	迅速	mcbopomofo	單詞	迅速
tw-typing-v4-162	72	required	數位帳戶	general	概念詞族	日常生活:數位
tw-typing-v4-162	72	optional	數位轉型	general	概念詞族	日常生活:轉型
tw-typing-v4-162	72	required	改編	mcbopomofo	單詞	改編
tw-typing-v4-162	72	optional	變遷	mcbopomofo	概念詞族	日常生活:變遷
tw-typing-v4-162	72	required	之前	mcbopomofo	單詞	之前
tw-typing-v4-162	72	optional	二八	mcbopomofo	單詞	二八
tw-typing-v4-163	95	optional	身分	mcbopomofo	概念詞族	日常生活:身分
tw-typing-v4-163	95	required	不難	mcbopomofo	單詞	不難
tw-typing-v4-163	95	optional	我們	mcbopomofo	單詞	我們
tw-typing-v4-163	95	optional	驚人	mcbopomofo	單詞	驚人
tw-typing-v4-163	95	required	房子	mcbopomofo	單詞	房子
tw-typing-v4-163	95	optional	寶座	mcbopomofo	單詞	寶座
tw-typing-v4-163	95	optional	批評	mcbopomofo	概念詞族	日常生活:批評
tw-typing-v4-163	95	required	上面	mcbopomofo	單詞	上面
tw-typing-v4-163	95	required	新任	mcbopomofo	單詞	新任
tw-typing-v4-163	95	optional	一台	mcbopomofo	單詞	一台
tw-typing-v4-163	95	required	任意	mcbopomofo	單詞	任意
tw-typing-v4-163	95	required	走出	mcbopomofo	單詞	走出
tw-typing-v4-163	95	required	最近	mcbopomofo	概念詞族	日常生活:最近
tw-typing-v4-163	95	optional	優待	mcbopomofo	單詞	優待
tw-typing-v4-163	95	optional	網際網路	mcbopomofo	概念詞族	日常生活:網路
tw-typing-v4-163	95	optional	是誰	mcbopomofo	單詞	是誰
tw-typing-v4-163	95	optional	民間	mcbopomofo	單詞	民間
tw-typing-v4-163	95	optional	可口	mcbopomofo	單詞	可口
tw-typing-v4-163	95	required	咒術迴戰	general	單詞	咒術迴戰
tw-typing-v4-163	95	required	曉得	mcbopomofo	單詞	曉得
tw-typing-v4-163	95	optional	新加坡	mcbopomofo	單詞	新加坡
tw-typing-v4-163	95	required	九四	mcbopomofo	單詞	九四
tw-typing-v4-163	95	optional	因子	mcbopomofo	單詞	因子
tw-typing-v4-163	95	optional	層面	mcbopomofo	單詞	層面
tw-typing-v4-163	95	optional	美觀	mcbopomofo	單詞	美觀
tw-typing-v4-163	95	required	作品	mcbopomofo	概念詞族	日常生活:作品
tw-typing-v4-163	95	required	過去	mcbopomofo	單詞	過去
tw-typing-v4-163	95	required	冠軍	mcbopomofo	單詞	冠軍
tw-typing-v4-163	95	required	壓制	mcbopomofo	單詞	壓制
tw-typing-v4-163	95	required	固然	mcbopomofo	單詞	固然
tw-typing-v4-164	189	required	電路比對	semiconductor	概念詞族	電子半導體:電路
tw-typing-v4-164	189	required	訊號與系統	electronics	概念詞族	電子半導體:訊號
tw-typing-v4-164	189	optional	充電器設計	electronics	概念詞族	電子半導體:器設
tw-typing-v4-164	189	required	訊號熱分析	electronics	概念詞族	電子半導體:訊號
tw-typing-v4-164	189	required	訊號	electronics,mcbopomofo,semiconductor	概念詞族	電子半導體:訊號
tw-typing-v4-164	189	required	退火製程	semiconductor	概念詞族	電子半導體:退火
tw-typing-v4-164	189	optional	控制器	mcbopomofo,semiconductor	概念詞族	電子半導體:控制
tw-typing-v4-164	189	optional	控制系統	electronics	概念詞族	電子半導體:控制
tw-typing-v4-164	189	required	接地平面	electronics	概念詞族	電子半導體:平面
tw-typing-v4-164	189	optional	齊納二極體	electronics	概念詞族	電子半導體:二極
tw-typing-v4-164	189	optional	模擬	electronics,industrial-engineering,mcbopomofo	概念詞族	電子半導體:模擬
tw-typing-v4-164	189	optional	整流二極體	electronics	概念詞族	電子半導體:二極
tw-typing-v4-164	189	optional	逆變器設計	electronics	概念詞族	電子半導體:器設
tw-typing-v4-164	189	required	射頻除錯	electronics	概念詞族	電子半導體:除錯
tw-typing-v4-164	189	optional	二極體	electronics,mcbopomofo	概念詞族	電子半導體:二極
tw-typing-v4-164	189	required	除錯	electronics,mcbopomofo,software	概念詞族	電子半導體:除錯
tw-typing-v4-164	189	optional	天線模擬	electronics	概念詞族	電子半導體:模擬
tw-typing-v4-164	189	required	電路	electronics,mcbopomofo	概念詞族	電子半導體:電路
tw-typing-v4-164	189	optional	雪崩二極體	electronics	概念詞族	電子半導體:二極
tw-typing-v4-164	189	required	數位除錯	electronics	概念詞族	電子半導體:除錯
tw-typing-v4-164	189	required	平面型	semiconductor	概念詞族	電子半導體:平面
tw-typing-v4-164	189	required	快速熱退火	semiconductor	概念詞族	電子半導體:退火
tw-typing-v4-164	189	optional	控制	electronics,mcbopomofo,network-security,semiconductor,software,transport-logistics	概念詞族	電子半導體:控制
tw-typing-v4-164	189	optional	光二極體	electronics	概念詞族	電子半導體:二極
tw-typing-v4-164	189	required	天線除錯	electronics	概念詞族	電子半導體:除錯
tw-typing-v4-164	189	required	退火	mcbopomofo,semiconductor	概念詞族	電子半導體:退火
tw-typing-v4-164	189	optional	數位模擬	electronics	概念詞族	電子半導體:模擬
tw-typing-v4-164	189	optional	前饋控制	electronics	概念詞族	電子半導體:控制
tw-typing-v4-164	189	optional	感測器設計	electronics	概念詞族	電子半導體:器設
tw-typing-v4-164	189	required	積體電路	mcbopomofo,semiconductor	概念詞族	電子半導體:電路
tw-typing-v4-165	40	optional	除斥期間	law	概念詞族	政府法律:期間
tw-typing-v4-165	40	required	比例原則	law	概念詞族	政府法律:比例
tw-typing-v4-165	40	optional	行政執行	law	概念詞族	政府法律:執行
tw-typing-v4-165	40	optional	電子	government,materials-chemistry,mcbopomofo	概念詞族	政府法律:電子
tw-typing-v4-165	40	optional	追蹤	government,mcbopomofo	概念詞族	政府法律:追蹤
tw-typing-v4-165	40	required	育嬰	government,mcbopomofo	單詞	育嬰
tw-typing-v4-165	40	optional	簡易判決	law	概念詞族	政府法律:判決
tw-typing-v4-165	40	optional	暫時	law,mcbopomofo	概念詞族	政府法律:暫時
tw-typing-v4-165	40	required	函轉	government	單詞	函轉
tw-typing-v4-165	40	optional	成果報告	government	概念詞族	政府法律:報告
tw-typing-v4-165	40	required	中止未遂	law	概念詞族	政府法律:中止
tw-typing-v4-165	40	optional	效力	law,mcbopomofo	概念詞族	政府法律:效力
tw-typing-v4-165	40	required	背信罪	law	單詞	背信罪
tw-typing-v4-165	40	optional	信賴	law,mcbopomofo	單詞	信賴
tw-typing-v4-165	40	required	公同共有	law	概念詞族	政府法律:共有
tw-typing-v4-165	40	required	採購案件	government	概念詞族	政府法律:採購
tw-typing-v4-165	40	optional	稽催	government	單詞	稽催
tw-typing-v4-165	40	required	確認訴訟	law	概念詞族	政府法律:確認
tw-typing-v4-165	40	required	函知	government	單詞	函知
tw-typing-v4-165	40	required	契約成立	law	概念詞族	政府法律:成立
tw-typing-v4-165	40	optional	會議紀錄	government	概念詞族	政府法律:會議
tw-typing-v4-165	40	required	相鄰關係	law	概念詞族	政府法律:關係
tw-typing-v4-165	40	required	分別共有	law	概念詞族	政府法律:分別
tw-typing-v4-165	40	optional	律師權	law	單詞	律師權
tw-typing-v4-165	40	optional	法定繼承	law	概念詞族	政府法律:定繼
tw-typing-v4-165	40	required	強盜罪	law	單詞	強盜罪
tw-typing-v4-165	40	optional	交互詰問	law	概念詞族	政府法律:交互
tw-typing-v4-165	40	required	違法性	law	概念詞族	政府法律:違法
tw-typing-v4-165	40	optional	迴避	government,mcbopomofo	單詞	迴避
tw-typing-v4-165	40	required	保護	government,law,mcbopomofo	概念詞族	政府法律:保護
tw-typing-v4-166	82	required	居家隔離	general	概念詞族	日常生活:隔離
tw-typing-v4-166	82	required	栽培	mcbopomofo	概念詞族	日常生活:栽培
tw-typing-v4-166	82	required	看是	mcbopomofo	單詞	看是
tw-typing-v4-166	82	optional	更是	mcbopomofo	單詞	更是
tw-typing-v4-166	82	required	另外	mcbopomofo	單詞	另外
tw-typing-v4-166	82	optional	方便	mcbopomofo	單詞	方便
tw-typing-v4-166	82	optional	決定	mcbopomofo	單詞	決定
tw-typing-v4-166	82	required	尼克	mcbopomofo	概念詞族	日常生活:尼克
tw-typing-v4-166	82	required	年時	mcbopomofo	單詞	年時
tw-typing-v4-166	82	required	軍事	mcbopomofo	單詞	軍事
tw-typing-v4-166	82	optional	來回	mcbopomofo	單詞	來回
tw-typing-v4-166	82	required	英國	mcbopomofo	概念詞族	日常生活:英國
tw-typing-v4-166	82	required	從而	mcbopomofo	單詞	從而
tw-typing-v4-166	82	optional	大眾	mcbopomofo	概念詞族	日常生活:大眾
tw-typing-v4-166	82	optional	專欄	mcbopomofo	單詞	專欄
tw-typing-v4-166	82	optional	見到	mcbopomofo	單詞	見到
tw-typing-v4-166	82	optional	最後	mcbopomofo	概念詞族	日常生活:最後
tw-typing-v4-166	82	optional	開戰	mcbopomofo	單詞	開戰
tw-typing-v4-166	82	required	多模態	general	概念詞族	日常生活:多模
tw-typing-v4-166	82	optional	之道	mcbopomofo	單詞	之道
tw-typing-v4-166	82	required	抖音	general	單詞	抖音
tw-typing-v4-166	82	optional	投入	mcbopomofo	單詞	投入
tw-typing-v4-166	82	optional	關於	mcbopomofo	單詞	關於
tw-typing-v4-166	82	required	描述	mcbopomofo	單詞	描述
tw-typing-v4-166	82	required	員警	mcbopomofo	單詞	員警
tw-typing-v4-166	82	required	活動	mcbopomofo	概念詞族	日常生活:活動
tw-typing-v4-166	82	optional	歷史	mcbopomofo	概念詞族	日常生活:歷史
tw-typing-v4-166	82	optional	演出	mcbopomofo	單詞	演出
tw-typing-v4-166	82	required	教科書	mcbopomofo	單詞	教科書
tw-typing-v4-166	82	optional	沒辦	mcbopomofo	概念詞族	日常生活:沒辦
tw-typing-v4-167	35	required	自由	law,mcbopomofo	概念詞族	政府法律:自由
tw-typing-v4-167	35	required	無權代理	law	概念詞族	政府法律:代理
tw-typing-v4-167	35	required	行政程序	law	概念詞族	政府法律:程序
tw-typing-v4-167	35	required	列管案件	government	概念詞族	政府法律:列管
tw-typing-v4-167	35	optional	不安抗辯	law	概念詞族	政府法律:抗辯
tw-typing-v4-167	35	optional	第三人	law	概念詞族	政府法律:第三
tw-typing-v4-167	35	required	代理制度	law	概念詞族	政府法律:代理
tw-typing-v4-167	35	required	結社自由	law	概念詞族	政府法律:自由
tw-typing-v4-167	35	optional	債權行為	law	概念詞族	政府法律:債權
tw-typing-v4-167	35	optional	基本權	law	概念詞族	政府法律:本權
tw-typing-v4-167	35	optional	債權讓與	law	概念詞族	政府法律:債權
tw-typing-v4-167	35	required	傳聞法則	law	概念詞族	政府法律:法則
tw-typing-v4-167	35	optional	保全程序	law	概念詞族	政府法律:保全
tw-typing-v4-167	35	optional	查照	government,mcbopomofo	單詞	查照
tw-typing-v4-167	35	optional	抗辯	law,mcbopomofo	概念詞族	政府法律:抗辯
tw-typing-v4-167	35	optional	遺產管理人	law	概念詞族	政府法律:遺產
tw-typing-v4-167	35	optional	憲法基本權	law	概念詞族	政府法律:本權
tw-typing-v4-167	35	required	程序	law,mcbopomofo,network-security	概念詞族	政府法律:程序
tw-typing-v4-167	35	optional	正當行為	law,mcbopomofo	概念詞族	政府法律:正當
tw-typing-v4-167	35	optional	正當	law,mcbopomofo	概念詞族	政府法律:正當
tw-typing-v4-167	35	required	訴之利益	law	概念詞族	政府法律:利益
tw-typing-v4-167	35	optional	遺產分割	law	概念詞族	政府法律:遺產
tw-typing-v4-167	35	required	契約自由	law	概念詞族	政府法律:自由
tw-typing-v4-167	35	optional	證據保全	law	概念詞族	政府法律:保全
tw-typing-v4-167	35	required	表見代理	law	概念詞族	政府法律:代理
tw-typing-v4-167	35	required	自白法則	law	概念詞族	政府法律:法則
tw-typing-v4-167	35	optional	第三審	law	概念詞族	政府法律:第三
tw-typing-v4-167	35	required	審判程序	law	概念詞族	政府法律:程序
tw-typing-v4-167	35	required	列管	government,mcbopomofo	概念詞族	政府法律:列管
tw-typing-v4-167	35	required	利益	government,mcbopomofo	概念詞族	政府法律:利益
tw-typing-v4-168	44	optional	專業	education,mcbopomofo	單詞	專業
tw-typing-v4-168	44	optional	測驗	education,mcbopomofo	概念詞族	教育社會:測驗
tw-typing-v4-168	44	optional	社會分層	psychology-society	概念詞族	教育社會:分層
tw-typing-v4-168	44	optional	學習診斷	education	概念詞族	教育社會:診斷
tw-typing-v4-168	44	optional	參照	education,mcbopomofo	單詞	參照
tw-typing-v4-168	44	required	外在動機	education	概念詞族	教育社會:在動
tw-typing-v4-168	44	optional	探究	education,mcbopomofo	概念詞族	教育社會:探究
tw-typing-v4-168	44	required	雙語	education	單詞	雙語
tw-typing-v4-168	44	required	專題	education,mcbopomofo	單詞	專題
tw-typing-v4-168	44	required	行為	education,mcbopomofo	概念詞族	教育社會:行為
tw-typing-v4-168	44	optional	教學策略	education	概念詞族	教育社會:策略
tw-typing-v4-168	44	optional	臨床心理學	psychology-society	概念詞族	教育社會:臨床
tw-typing-v4-168	44	required	泛化	psychology-society	單詞	泛化
tw-typing-v4-168	44	optional	態度形成	psychology-society	概念詞族	教育社會:態度
tw-typing-v4-168	44	required	防衛機轉	psychology-society	概念詞族	教育社會:防衛
tw-typing-v4-168	44	optional	數學	education,mcbopomofo	單詞	數學
tw-typing-v4-168	44	required	評分者信度	education	單詞	評分者信度
tw-typing-v4-168	44	required	自我效能	psychology-society	概念詞族	教育社會:效能
tw-typing-v4-168	44	optional	內控	psychology-society	單詞	內控
tw-typing-v4-168	44	optional	內在動機	education	概念詞族	教育社會:內在
tw-typing-v4-168	44	required	類群	education	單詞	類群
tw-typing-v4-168	44	optional	社會政策	psychology-society	概念詞族	教育社會:政策
tw-typing-v4-168	44	optional	中輟預防	education	概念詞族	教育社會:預防
tw-typing-v4-168	44	required	自閉症	education,mcbopomofo	單詞	自閉症
tw-typing-v4-168	44	required	彈性	education,mcbopomofo	概念詞族	教育社會:彈性
tw-typing-v4-168	44	required	不足	education,mcbopomofo	單詞	不足
tw-typing-v4-168	44	required	課程設計	education	概念詞族	教育社會:課程
tw-typing-v4-168	44	required	角色緊張	psychology-society	概念詞族	教育社會:角色
tw-typing-v4-168	44	optional	身分認同	psychology-society	概念詞族	教育社會:認同
tw-typing-v4-168	44	required	自我概念	psychology-society	概念詞族	教育社會:概念
tw-typing-v4-169	170	required	設問	chinese	單詞	設問
tw-typing-v4-169	170	optional	文學理論	chinese	概念詞族	語文人文:文學
tw-typing-v4-169	170	optional	文學風格	chinese	概念詞族	語文人文:文學
tw-typing-v4-169	170	required	辨偽	chinese	單詞	辨偽
tw-typing-v4-169	170	optional	詞法學	chinese	概念詞族	語文人文:法學
tw-typing-v4-169	170	optional	批校本	chinese	概念詞族	語文人文:校本
tw-typing-v4-169	170	optional	被字句	chinese	概念詞族	語文人文:字句
tw-typing-v4-169	170	optional	點校本	chinese	概念詞族	語文人文:校本
tw-typing-v4-169	170	optional	古代漢語	chinese	概念詞族	語文人文:代漢
tw-typing-v4-169	170	required	聯合複句	chinese	概念詞族	語文人文:合複
tw-typing-v4-169	170	required	聯合複詞	chinese	概念詞族	語文人文:合複
tw-typing-v4-169	170	optional	漢語方言	chinese	概念詞族	語文人文:方言
tw-typing-v4-169	170	required	偏正複詞	chinese	概念詞族	語文人文:正複
tw-typing-v4-169	170	optional	把字句	chinese	概念詞族	語文人文:字句
tw-typing-v4-169	170	required	中原音韻	chinese	單詞	中原音韻
tw-typing-v4-169	170	optional	用典	chinese	單詞	用典
tw-typing-v4-169	170	required	存現句	chinese	單詞	存現句
tw-typing-v4-169	170	required	聲訓	chinese	單詞	聲訓
tw-typing-v4-169	170	optional	單純詞	chinese	單詞	單純詞
tw-typing-v4-169	170	optional	語意學	chinese	概念詞族	語文人文:語意
tw-typing-v4-169	170	required	中古音	chinese	概念詞族	語文人文:古音
tw-typing-v4-169	170	required	屈原	chinese,mcbopomofo,people-history	單詞	屈原
tw-typing-v4-169	170	required	析字	chinese	單詞	析字
tw-typing-v4-169	170	optional	現代漢語	chinese	概念詞族	語文人文:代漢
tw-typing-v4-169	170	optional	連動句	chinese	單詞	連動句
tw-typing-v4-169	170	required	倒文	chinese	單詞	倒文
tw-typing-v4-169	170	required	南戲	chinese	單詞	南戲
tw-typing-v4-169	170	required	上古音	chinese	概念詞族	語文人文:古音
tw-typing-v4-169	170	required	切韻	chinese	單詞	切韻
tw-typing-v4-169	170	optional	李清照	chinese,mcbopomofo	單詞	李清照
tw-typing-v4-170	12	optional	淨利達成率	business	概念詞族	商業管理:利達
tw-typing-v4-170	12	required	股利政策	finance	概念詞族	商業管理:政策
tw-typing-v4-170	12	required	數據分析	general	同義衍生	資料資訊數據:{同義詞}分析
tw-typing-v4-170	12	required	庫存	business,industrial-engineering,mcbopomofo	同義近義	存貨庫存
tw-typing-v4-170	12	required	策略性採購	business	概念詞族	商業管理:採購
tw-typing-v4-170	12	required	財務會計	finance	概念詞族	商業管理:務會
tw-typing-v4-170	12	optional	費用預測	finance	同義衍生	成本費用支出:{同義詞}預測
tw-typing-v4-170	12	required	客戶流失率	business	概念詞族	商業管理:失率
tw-typing-v4-170	12	required	存貨週轉率	finance	同義衍生	存貨庫存:{同義詞}週轉率
tw-typing-v4-170	12	required	存貨	finance,mcbopomofo	同義近義	存貨庫存
tw-typing-v4-170	12	required	採購	business,mcbopomofo	概念詞族	商業管理:採購
tw-typing-v4-170	12	optional	收入預測	finance	概念詞族	商業管理:收入
tw-typing-v4-170	12	optional	成本預測	finance	同義衍生	成本費用支出:{同義詞}預測
tw-typing-v4-170	12	optional	客單價預測	business	概念詞族	商業管理:價預
tw-typing-v4-170	12	optional	營業收入	finance	概念詞族	商業管理:收入
tw-typing-v4-170	12	optional	企業治理	business	概念詞族	商業管理:企業
tw-typing-v4-170	12	optional	遞延所得稅	finance	概念詞族	商業管理:所得
tw-typing-v4-170	12	optional	企業	business,manufacturing,mcbopomofo	概念詞族	商業管理:企業
tw-typing-v4-170	12	required	流失率	business	概念詞族	商業管理:失率
tw-typing-v4-170	12	optional	毛利達成率	business	概念詞族	商業管理:利達
tw-typing-v4-170	12	required	會計政策	finance	概念詞族	商業管理:政策
tw-typing-v4-170	12	required	毛利	finance,mcbopomofo	概念詞族	商業管理:毛利
tw-typing-v4-170	12	optional	結帳分錄	finance	概念詞族	商業管理:分錄
tw-typing-v4-170	12	optional	所得稅費用	finance	概念詞族	商業管理:所得
tw-typing-v4-170	12	optional	稅務會計	finance	概念詞族	商業管理:務會
tw-typing-v4-170	12	required	庫存週轉率	business	同義衍生	存貨庫存:{同義詞}週轉率
tw-typing-v4-170	12	optional	定價預測	business	概念詞族	商業管理:價預
tw-typing-v4-170	12	required	資料分析	business,energy-environment	同義衍生	資料資訊數據:{同義詞}分析
tw-typing-v4-170	12	required	毛利預測	finance	概念詞族	商業管理:毛利
tw-typing-v4-170	12	optional	調整分錄	finance	概念詞族	商業管理:分錄
tw-typing-v4-171	3	optional	旅運需求	transport-logistics	概念詞族	交通物流:需求
tw-typing-v4-171	3	required	序號管理	transport-logistics	概念詞族	交通物流:號管
tw-typing-v4-171	3	optional	倉位管理	transport-logistics	概念詞族	交通物流:位管
tw-typing-v4-171	3	optional	交通控制	transport-logistics	概念詞族	交通物流:交通
tw-typing-v4-171	3	optional	交通	mcbopomofo,transport-logistics	概念詞族	交通物流:交通
tw-typing-v4-171	3	optional	交通工程	transport-logistics	概念詞族	交通物流:交通
tw-typing-v4-171	3	required	批號管理	transport-logistics	概念詞族	交通物流:號管
tw-typing-v4-171	3	optional	自行車運輸	transport-logistics	概念詞族	交通物流:自行
tw-typing-v4-171	3	required	幹線公車	transport-logistics	概念詞族	交通物流:公車
tw-typing-v4-171	3	required	公車系統	transport-logistics	概念詞族	交通物流:公車
tw-typing-v4-171	3	required	安全	biotech-pharma,civil-engineering,industrial-engineering,mcbopomofo,network-security	同義近義	安全防護保障
tw-typing-v4-171	3	optional	海運物流	transport-logistics	概念詞族	交通物流:海運
tw-typing-v4-171	3	required	防護	mcbopomofo,transport-logistics	同義近義	安全防護保障
tw-typing-v4-171	3	required	接駁運輸	transport-logistics	概念詞族	交通物流:運輸
tw-typing-v4-171	3	optional	交通模型	transport-logistics	概念詞族	交通物流:交通
tw-typing-v4-171	3	optional	航空保安	transport-logistics	概念詞族	交通物流:航空
tw-typing-v4-171	3	required	保障	finance,government,mcbopomofo	同義近義	安全防護保障
tw-typing-v4-171	3	optional	儲位管理	transport-logistics	概念詞族	交通物流:位管
tw-typing-v4-171	3	optional	需求預測	transport-logistics	概念詞族	交通物流:需求
tw-typing-v4-171	3	required	運輸	mcbopomofo,transport-logistics	概念詞族	交通物流:運輸
tw-typing-v4-171	3	required	散裝運輸	transport-logistics	概念詞族	交通物流:運輸
tw-typing-v4-171	3	required	自動導引車	transport-logistics	概念詞族	交通物流:自動
tw-typing-v4-171	3	optional	航空貨運	transport-logistics	概念詞族	交通物流:航空
tw-typing-v4-171	3	required	運輸系統	mcbopomofo,transport-logistics	概念詞族	交通物流:運輸
tw-typing-v4-171	3	optional	交通規劃	transport-logistics	概念詞族	交通物流:交通
tw-typing-v4-171	3	optional	交通壅塞	transport-logistics	概念詞族	交通物流:交通
tw-typing-v4-171	3	optional	海運提單	transport-logistics	概念詞族	交通物流:海運
tw-typing-v4-171	3	required	快速公車	transport-logistics	概念詞族	交通物流:公車
tw-typing-v4-171	3	required	自動分揀	transport-logistics	概念詞族	交通物流:自動
tw-typing-v4-171	3	required	公路運輸	transport-logistics	概念詞族	交通物流:運輸
tw-typing-v4-172	100	required	代表隊	mcbopomofo	概念詞族	日常生活:代表
tw-typing-v4-172	100	required	意味著	mcbopomofo	概念詞族	日常生活:意味
tw-typing-v4-172	100	required	十八	mcbopomofo	概念詞族	日常生活:十八
tw-typing-v4-172	100	optional	醫療口罩	general	概念詞族	日常生活:醫療
tw-typing-v4-172	100	required	多人	mcbopomofo	概念詞族	日常生活:多人
tw-typing-v4-172	100	required	二十八	mcbopomofo	概念詞族	日常生活:十八
tw-typing-v4-172	100	optional	薩爾達	general	概念詞族	日常生活:薩爾
tw-typing-v4-172	100	required	意味	mcbopomofo	概念詞族	日常生活:意味
tw-typing-v4-172	100	optional	立法委員	mcbopomofo	概念詞族	日常生活:立法
tw-typing-v4-172	100	optional	志願	mcbopomofo	概念詞族	日常生活:志願
tw-typing-v4-172	100	required	發表會	mcbopomofo	概念詞族	日常生活:發表
tw-typing-v4-172	100	optional	我相信	mcbopomofo	概念詞族	日常生活:相信
tw-typing-v4-172	100	required	著作權法	mcbopomofo	概念詞族	日常生活:著作
tw-typing-v4-172	100	optional	男孩子	mcbopomofo	概念詞族	日常生活:孩子
tw-typing-v4-172	100	optional	指的是	mcbopomofo	概念詞族	日常生活:的是
tw-typing-v4-172	100	optional	志願序	general	概念詞族	日常生活:志願
tw-typing-v4-172	100	optional	許多人	mcbopomofo	概念詞族	日常生活:多人
tw-typing-v4-172	100	optional	相信	mcbopomofo	概念詞族	日常生活:相信
tw-typing-v4-172	100	optional	立法	mcbopomofo	概念詞族	日常生活:立法
tw-typing-v4-172	100	optional	有的是	mcbopomofo	概念詞族	日常生活:的是
tw-typing-v4-172	100	required	這次的	mcbopomofo	概念詞族	日常生活:這次
tw-typing-v4-172	100	required	這次	mcbopomofo	概念詞族	日常生活:這次
tw-typing-v4-172	100	required	著作	mcbopomofo	概念詞族	日常生活:著作
tw-typing-v4-172	100	optional	薩爾達傳說	general	概念詞族	日常生活:薩爾
tw-typing-v4-172	100	optional	醫療	mcbopomofo	概念詞族	日常生活:醫療
tw-typing-v4-172	100	required	發表	mcbopomofo	概念詞族	日常生活:發表
tw-typing-v4-172	100	required	朋友	mcbopomofo	概念詞族	日常生活:朋友
tw-typing-v4-172	100	optional	孩子	mcbopomofo	概念詞族	日常生活:孩子
tw-typing-v4-172	100	required	代表	mcbopomofo	概念詞族	日常生活:代表
tw-typing-v4-172	100	required	小朋友	mcbopomofo	概念詞族	日常生活:朋友
tw-typing-v4-173	115	optional	編輯	mcbopomofo	概念詞族	日常生活:編輯
tw-typing-v4-173	115	required	一小	mcbopomofo	單詞	一小
tw-typing-v4-173	115	required	不及	mcbopomofo	單詞	不及
tw-typing-v4-173	115	optional	半夜	mcbopomofo	單詞	半夜
tw-typing-v4-173	115	optional	認同	mcbopomofo	概念詞族	日常生活:認同
tw-typing-v4-173	115	optional	超商取貨	general	單詞	超商取貨
tw-typing-v4-173	115	optional	兩岸	mcbopomofo	單詞	兩岸
tw-typing-v4-173	115	required	於是	mcbopomofo	單詞	於是
tw-typing-v4-173	115	required	亞運	mcbopomofo	單詞	亞運
tw-typing-v4-173	115	required	確認	mcbopomofo	概念詞族	日常生活:確認
tw-typing-v4-173	115	required	導致	mcbopomofo	單詞	導致
tw-typing-v4-173	115	optional	學科	mcbopomofo	單詞	學科
tw-typing-v4-173	115	required	教授	mcbopomofo	單詞	教授
tw-typing-v4-173	115	required	統一	mcbopomofo	單詞	統一
tw-typing-v4-173	115	optional	力量	mcbopomofo	單詞	力量
tw-typing-v4-173	115	required	探討	mcbopomofo	單詞	探討
tw-typing-v4-173	115	required	西洋	mcbopomofo	概念詞族	日常生活:西洋
tw-typing-v4-173	115	required	兩年	mcbopomofo	單詞	兩年
tw-typing-v4-173	115	required	如何	mcbopomofo	單詞	如何
tw-typing-v4-173	115	optional	國中會考	general	單詞	國中會考
tw-typing-v4-173	115	optional	民航	mcbopomofo	單詞	民航
tw-typing-v4-173	115	required	局長	mcbopomofo	單詞	局長
tw-typing-v4-173	115	optional	十九	mcbopomofo	概念詞族	日常生活:十九
tw-typing-v4-173	115	required	議程	mcbopomofo	單詞	議程
tw-typing-v4-173	115	optional	嘉義	mcbopomofo	單詞	嘉義
tw-typing-v4-173	115	optional	防止	mcbopomofo	單詞	防止
tw-typing-v4-173	115	optional	承擔	mcbopomofo	概念詞族	日常生活:承擔
tw-typing-v4-173	115	optional	再不	mcbopomofo	單詞	再不
tw-typing-v4-173	115	required	實用	mcbopomofo	單詞	實用
tw-typing-v4-173	115	optional	年底	mcbopomofo	單詞	年底
tw-typing-v4-174	68	required	教育部	mcbopomofo	概念詞族	日常生活:育部
tw-typing-v4-174	68	required	或者	mcbopomofo	概念詞族	日常生活:或者
tw-typing-v4-174	68	optional	出來	mcbopomofo	概念詞族	日常生活:出來
tw-typing-v4-174	68	required	十二月	mcbopomofo	概念詞族	日常生活:二月
tw-typing-v4-174	68	required	都不是	mcbopomofo	概念詞族	日常生活:都不
tw-typing-v4-174	68	optional	事務所	mcbopomofo	概念詞族	日常生活:事務
tw-typing-v4-174	68	required	線上客服	general	概念詞族	日常生活:線上
tw-typing-v4-174	68	optional	社群平台	general	概念詞族	日常生活:社群
tw-typing-v4-174	68	required	都不能	mcbopomofo	概念詞族	日常生活:都不
tw-typing-v4-174	68	optional	大部份	mcbopomofo	概念詞族	日常生活:部份
tw-typing-v4-174	68	required	教育部長	mcbopomofo	概念詞族	日常生活:育部
tw-typing-v4-174	68	required	線上學習	general	概念詞族	日常生活:線上
tw-typing-v4-174	68	required	或者是	mcbopomofo	概念詞族	日常生活:或者
tw-typing-v4-174	68	optional	事務	mcbopomofo	概念詞族	日常生活:事務
tw-typing-v4-174	68	required	才能夠	mcbopomofo	概念詞族	日常生活:能夠
tw-typing-v4-174	68	optional	很多	mcbopomofo	概念詞族	日常生活:很多
tw-typing-v4-174	68	optional	新冠疫情	general	概念詞族	日常生活:新冠
tw-typing-v4-174	68	optional	沒什麼	mcbopomofo	概念詞族	日常生活:什麼
tw-typing-v4-174	68	required	複雜的	mcbopomofo	概念詞族	日常生活:複雜
tw-typing-v4-174	68	optional	能夠	mcbopomofo	概念詞族	日常生活:能夠
tw-typing-v4-174	68	required	大概是	mcbopomofo	概念詞族	日常生活:大概
tw-typing-v4-174	68	optional	社群	mcbopomofo	概念詞族	日常生活:社群
tw-typing-v4-174	68	optional	長新冠	general	概念詞族	日常生活:新冠
tw-typing-v4-174	68	optional	部份	mcbopomofo	概念詞族	日常生活:部份
tw-typing-v4-174	68	optional	很多的	mcbopomofo	概念詞族	日常生活:很多
tw-typing-v4-174	68	required	二月	mcbopomofo	概念詞族	日常生活:二月
tw-typing-v4-174	68	optional	什麼	mcbopomofo	概念詞族	日常生活:什麼
tw-typing-v4-174	68	required	複雜	mcbopomofo	概念詞族	日常生活:複雜
tw-typing-v4-174	68	optional	說出來	mcbopomofo	概念詞族	日常生活:出來
tw-typing-v4-174	68	required	大概	mcbopomofo	概念詞族	日常生活:大概
tw-typing-v4-175	123	required	臉上	mcbopomofo	單詞	臉上
tw-typing-v4-175	123	optional	專門	mcbopomofo	單詞	專門
tw-typing-v4-175	123	required	再生能源	general	概念詞族	日常生活:再生
tw-typing-v4-175	123	optional	質詢	mcbopomofo	單詞	質詢
tw-typing-v4-175	123	required	生活	mcbopomofo	概念詞族	日常生活:生活
tw-typing-v4-175	123	required	上次	mcbopomofo	單詞	上次
tw-typing-v4-175	123	required	小說	mcbopomofo	概念詞族	日常生活:小說
tw-typing-v4-175	123	optional	麻煩	mcbopomofo	單詞	麻煩
tw-typing-v4-175	123	required	推銷	mcbopomofo	單詞	推銷
tw-typing-v4-175	123	optional	獎勵	mcbopomofo	單詞	獎勵
tw-typing-v4-175	123	required	問卷	mcbopomofo	單詞	問卷
tw-typing-v4-175	123	optional	還好	mcbopomofo	單詞	還好
tw-typing-v4-175	123	required	學者	mcbopomofo	單詞	學者
tw-typing-v4-175	123	required	助理	general,mcbopomofo	單詞	助理
tw-typing-v4-175	123	optional	美化	mcbopomofo	單詞	美化
tw-typing-v4-175	123	required	深度學習	general	概念詞族	日常生活:深度
tw-typing-v4-175	123	required	貼文	general	單詞	貼文
tw-typing-v4-175	123	optional	負擔	mcbopomofo	單詞	負擔
tw-typing-v4-175	123	required	後續	mcbopomofo	單詞	後續
tw-typing-v4-175	123	optional	零信任	general	概念詞族	日常生活:零信
tw-typing-v4-175	123	optional	高齡化	general	單詞	高齡化
tw-typing-v4-175	123	optional	別提	mcbopomofo	單詞	別提
tw-typing-v4-175	123	required	平等	mcbopomofo	概念詞族	日常生活:平等
tw-typing-v4-175	123	required	自行	mcbopomofo	概念詞族	日常生活:自行
tw-typing-v4-175	123	optional	相互	mcbopomofo	單詞	相互
tw-typing-v4-175	123	optional	碰到	mcbopomofo	單詞	碰到
tw-typing-v4-175	123	required	直到	mcbopomofo	單詞	直到
tw-typing-v4-175	123	optional	教導	mcbopomofo	單詞	教導
tw-typing-v4-175	123	optional	進步	mcbopomofo	單詞	進步
tw-typing-v4-175	123	optional	乃是	mcbopomofo	單詞	乃是
tw-typing-v4-176	25	optional	輸送系統	manufacturing	概念詞族	工程製造:輸送
tw-typing-v4-176	25	required	弱電工程	civil-engineering	概念詞族	工程製造:電工
tw-typing-v4-176	25	optional	砂土	civil-engineering,mcbopomofo	單詞	砂土
tw-typing-v4-176	25	optional	鋼纖維	civil-engineering	概念詞族	工程製造:纖維
tw-typing-v4-176	25	required	非線性規劃	industrial-engineering	概念詞族	工程製造:非線
tw-typing-v4-176	25	optional	植栽工程	civil-engineering	單詞	植栽工程
tw-typing-v4-176	25	required	工業工程	industrial-engineering	概念詞族	工程製造:工業
tw-typing-v4-176	25	optional	剪力牆	civil-engineering	概念詞族	工程製造:力牆
tw-typing-v4-176	25	required	銑床	manufacturing,mcbopomofo	單詞	銑床
tw-typing-v4-176	25	optional	製程改善	manufacturing	概念詞族	工程製造:程改
tw-typing-v4-176	25	required	執行	manufacturing,mcbopomofo,network-security	概念詞族	工程製造:執行
tw-typing-v4-176	25	required	線切割加工	manufacturing	概念詞族	工程製造:切割
tw-typing-v4-176	25	optional	預力	civil-engineering	單詞	預力
tw-typing-v4-176	25	optional	加勁擋土牆	civil-engineering	概念詞族	工程製造:擋土
tw-typing-v4-176	25	optional	下水道	civil-engineering,mcbopomofo	概念詞族	工程製造:水道
tw-typing-v4-176	25	optional	衛生	civil-engineering,mcbopomofo	概念詞族	工程製造:衛生
tw-typing-v4-176	25	required	樓板設計	civil-engineering	概念詞族	工程製造:板設
tw-typing-v4-176	25	optional	變異數分析	industrial-engineering	概念詞族	工程製造:變異
tw-typing-v4-176	25	required	訂單	industrial-engineering,mcbopomofo	概念詞族	工程製造:訂單
tw-typing-v4-176	25	required	工程	civil-engineering,mcbopomofo	單詞	工程
tw-typing-v4-176	25	required	應力集中	manufacturing	概念詞族	工程製造:集中
tw-typing-v4-176	25	optional	基礎設計	civil-engineering	概念詞族	工程製造:礎設
tw-typing-v4-176	25	optional	放電加工	manufacturing	概念詞族	工程製造:放電
tw-typing-v4-176	25	required	斷裂力學	manufacturing	概念詞族	工程製造:力學
tw-typing-v4-176	25	required	沖床	manufacturing	單詞	沖床
tw-typing-v4-176	25	required	職業	civil-engineering,mcbopomofo	單詞	職業
tw-typing-v4-176	25	required	公共設施	civil-engineering,mcbopomofo	概念詞族	工程製造:公共
tw-typing-v4-176	25	required	入滲設施	civil-engineering	概念詞族	工程製造:設施
tw-typing-v4-176	25	optional	蒙地卡羅	industrial-engineering,mcbopomofo	單詞	蒙地卡羅
tw-typing-v4-176	25	optional	全員	manufacturing,mcbopomofo	單詞	全員
tw-typing-v4-177	132	required	親民黨	mcbopomofo	概念詞族	日常生活:民黨
tw-typing-v4-177	132	optional	適用於	mcbopomofo	概念詞族	日常生活:用於
tw-typing-v4-177	132	required	試試看	mcbopomofo	概念詞族	日常生活:試試
tw-typing-v4-177	132	optional	一號	mcbopomofo	概念詞族	日常生活:一號
tw-typing-v4-177	132	optional	所以是	mcbopomofo	概念詞族	日常生活:以是
tw-typing-v4-177	132	optional	以是	mcbopomofo	概念詞族	日常生活:以是
tw-typing-v4-177	132	optional	外送服務	general	概念詞族	日常生活:外送
tw-typing-v4-177	132	optional	軟體	mcbopomofo	同義近義	程式軟體
tw-typing-v4-177	132	required	年輕人	mcbopomofo	概念詞族	日常生活:年輕
tw-typing-v4-177	132	required	運算	mcbopomofo	概念詞族	日常生活:運算
tw-typing-v4-177	132	required	年輕	mcbopomofo	概念詞族	日常生活:年輕
tw-typing-v4-177	132	optional	十一號	mcbopomofo	概念詞族	日常生活:一號
tw-typing-v4-177	132	optional	影音平台	general	概念詞族	日常生活:影音
tw-typing-v4-177	132	required	存在	mcbopomofo	概念詞族	日常生活:存在
tw-typing-v4-177	132	required	試試	mcbopomofo	概念詞族	日常生活:試試
tw-typing-v4-177	132	optional	用於	mcbopomofo	概念詞族	日常生活:用於
tw-typing-v4-177	132	required	邊緣運算	general	概念詞族	日常生活:運算
tw-typing-v4-177	132	optional	程式	mcbopomofo,network-security	同義近義	程式軟體
tw-typing-v4-177	132	required	六年	mcbopomofo	概念詞族	日常生活:六年
tw-typing-v4-177	132	required	六年級	mcbopomofo	概念詞族	日常生活:六年
tw-typing-v4-177	132	required	雲端發票	general	概念詞族	日常生活:發票
tw-typing-v4-177	132	optional	短影音	general	概念詞族	日常生活:影音
tw-typing-v4-177	132	required	存在的	mcbopomofo	概念詞族	日常生活:存在
tw-typing-v4-177	132	optional	其實在	mcbopomofo	概念詞族	日常生活:實在
tw-typing-v4-177	132	optional	立法院	mcbopomofo	概念詞族	日常生活:法院
tw-typing-v4-177	132	required	法院	mcbopomofo	概念詞族	日常生活:法院
tw-typing-v4-177	132	required	電子發票	general	概念詞族	日常生活:發票
tw-typing-v4-177	132	optional	實在	mcbopomofo	概念詞族	日常生活:實在
tw-typing-v4-177	132	optional	外送平台	general	概念詞族	日常生活:外送
tw-typing-v4-177	132	required	國民黨	mcbopomofo	概念詞族	日常生活:民黨
tw-typing-v4-178	70	optional	家長	mcbopomofo	單詞	家長
tw-typing-v4-178	70	optional	關切	mcbopomofo	單詞	關切
tw-typing-v4-178	70	required	話說	mcbopomofo	單詞	話說
tw-typing-v4-178	70	optional	自從	mcbopomofo	單詞	自從
tw-typing-v4-178	70	required	工夫	mcbopomofo	單詞	工夫
tw-typing-v4-178	70	required	門式起重機	transport-logistics	概念詞族	交通物流:式起
tw-typing-v4-178	70	optional	很快	mcbopomofo	單詞	很快
tw-typing-v4-178	70	required	供需	mcbopomofo	單詞	供需
tw-typing-v4-178	70	optional	昔日	mcbopomofo	單詞	昔日
tw-typing-v4-178	70	optional	得意	mcbopomofo	單詞	得意
tw-typing-v4-178	70	optional	八卦	mcbopomofo	單詞	八卦
tw-typing-v4-178	70	required	迷思	mcbopomofo	概念詞族	日常生活:迷思
tw-typing-v4-178	70	required	分明	mcbopomofo	單詞	分明
tw-typing-v4-178	70	required	印尼	mcbopomofo	單詞	印尼
tw-typing-v4-178	70	required	差別	mcbopomofo	單詞	差別
tw-typing-v4-178	70	optional	隱藏	mcbopomofo	單詞	隱藏
tw-typing-v4-178	70	required	後方	mcbopomofo	單詞	後方
tw-typing-v4-178	70	optional	海峽	mcbopomofo	單詞	海峽
tw-typing-v4-178	70	optional	走向	mcbopomofo	單詞	走向
tw-typing-v4-178	70	required	恐慌	mcbopomofo	概念詞族	日常生活:恐慌
tw-typing-v4-178	70	required	車上	mcbopomofo	單詞	車上
tw-typing-v4-178	70	optional	未來	mcbopomofo	單詞	未來
tw-typing-v4-178	70	required	共享單車	general	概念詞族	日常生活:單車
tw-typing-v4-178	70	required	罪嫌	mcbopomofo	單詞	罪嫌
tw-typing-v4-178	70	optional	兒童	mcbopomofo	單詞	兒童
tw-typing-v4-178	70	required	我來	mcbopomofo	單詞	我來
tw-typing-v4-178	70	optional	好不	mcbopomofo	單詞	好不
tw-typing-v4-178	70	optional	會要	mcbopomofo	單詞	會要
tw-typing-v4-178	70	required	要好	mcbopomofo	單詞	要好
tw-typing-v4-178	70	optional	火車站	mcbopomofo	單詞	火車站
tw-typing-v4-179	32	optional	鋼骨	civil-engineering,mcbopomofo	單詞	鋼骨
tw-typing-v4-179	32	optional	指派問題	industrial-engineering	概念詞族	工程製造:問題
tw-typing-v4-179	32	optional	最小成本流	industrial-engineering	概念詞族	工程製造:最小
tw-typing-v4-179	32	optional	蝸輪蝸桿	manufacturing	單詞	蝸輪蝸桿
tw-typing-v4-179	32	optional	機械元件	manufacturing	概念詞族	工程製造:元件
tw-typing-v4-179	32	optional	全面	industrial-engineering,mcbopomofo	單詞	全面
tw-typing-v4-179	32	optional	間隔	manufacturing,mcbopomofo	單詞	間隔
tw-typing-v4-179	32	optional	市地重劃	civil-engineering	單詞	市地重劃
tw-typing-v4-179	32	required	灑水	civil-engineering,mcbopomofo	單詞	灑水
tw-typing-v4-179	32	required	成本分析	industrial-engineering	概念詞族	工程製造:本分
tw-typing-v4-179	32	optional	常態分布	industrial-engineering	概念詞族	工程製造:態分
tw-typing-v4-179	32	optional	地滑監測	civil-engineering	概念詞族	工程製造:監測
tw-typing-v4-179	32	required	馬可夫	industrial-engineering	單詞	馬可夫
tw-typing-v4-179	32	optional	物流	industrial-engineering,mcbopomofo	概念詞族	工程製造:物流
tw-typing-v4-179	32	required	肥料學	agriculture-food	單詞	肥料學
tw-typing-v4-179	32	required	洪水	civil-engineering,mcbopomofo	單詞	洪水
tw-typing-v4-179	32	required	超音波檢測	manufacturing	概念詞族	工程製造:波檢
tw-typing-v4-179	32	optional	載重	civil-engineering,mcbopomofo	單詞	載重
tw-typing-v4-179	32	optional	自主保養	manufacturing	概念詞族	工程製造:自主
tw-typing-v4-179	32	required	過程	industrial-engineering,mcbopomofo	概念詞族	工程製造:過程
tw-typing-v4-179	32	required	滾子軸承	manufacturing	概念詞族	工程製造:軸承
tw-typing-v4-179	32	required	高速加工	manufacturing	概念詞族	工程製造:高速
tw-typing-v4-179	32	required	邊坡	civil-engineering	單詞	邊坡
tw-typing-v4-179	32	required	貫入	civil-engineering	單詞	貫入
tw-typing-v4-179	32	required	日照分析	civil-engineering	單詞	日照分析
tw-typing-v4-179	32	optional	疲勞裂紋	manufacturing	概念詞族	工程製造:裂紋
tw-typing-v4-179	32	required	動作	industrial-engineering,mcbopomofo	概念詞族	工程製造:動作
tw-typing-v4-179	32	optional	基層	civil-engineering,mcbopomofo	單詞	基層
tw-typing-v4-179	32	required	模流分析	manufacturing	概念詞族	工程製造:流分
tw-typing-v4-179	32	required	再現性	industrial-engineering	單詞	再現性
tw-typing-v4-180	167	optional	能源效率	energy-environment	概念詞族	科學環境:效率
tw-typing-v4-180	167	required	包晶反應	materials-chemistry	概念詞族	科學環境:晶反
tw-typing-v4-180	167	required	節能診斷	energy-environment	概念詞族	科學環境:節能
tw-typing-v4-180	167	required	廢水處理	energy-environment	概念詞族	科學環境:處理
tw-typing-v4-180	167	required	表面處理	materials-chemistry	概念詞族	科學環境:表面
tw-typing-v4-180	167	required	高斯定律	science	概念詞族	科學環境:高斯
tw-typing-v4-180	167	optional	溫室氣體	energy-environment	概念詞族	科學環境:溫室
tw-typing-v4-180	167	optional	功率調度	energy-environment	概念詞族	科學環境:功率
tw-typing-v4-180	167	required	細懸浮微粒	energy-environment	概念詞族	科學環境:懸浮
tw-typing-v4-180	167	required	阿瑞尼士	materials-chemistry	單詞	阿瑞尼士
tw-typing-v4-180	167	optional	反應機構	science	概念詞族	科學環境:機構
tw-typing-v4-180	167	optional	非保守力	science	概念詞族	科學環境:守力
tw-typing-v4-180	167	optional	布忍斯特	science	概念詞族	科學環境:斯特
tw-typing-v4-180	167	optional	玻璃	materials-chemistry,mcbopomofo	概念詞族	科學環境:玻璃
tw-typing-v4-180	167	optional	阻尼振動	science	概念詞族	科學環境:振動
tw-typing-v4-180	167	optional	受迫振動	science	概念詞族	科學環境:振動
tw-typing-v4-180	167	required	熱性質	materials-chemistry	概念詞族	科學環境:熱性
tw-typing-v4-180	167	required	表面化學	science	概念詞族	科學環境:表面
tw-typing-v4-180	167	optional	污染防治	energy-environment	概念詞族	科學環境:防治
tw-typing-v4-180	167	optional	保守力	science	概念詞族	科學環境:守力
tw-typing-v4-180	167	required	孟德爾遺傳	science	概念詞族	科學環境:德爾
tw-typing-v4-180	167	optional	慣性矩	science	單詞	慣性矩
tw-typing-v4-180	167	optional	糾纏態	science	單詞	糾纏態
tw-typing-v4-180	167	required	懸浮固體	energy-environment	概念詞族	科學環境:懸浮
tw-typing-v4-180	167	required	共晶反應	materials-chemistry	概念詞族	科學環境:晶反
tw-typing-v4-180	167	optional	基因調控	science	概念詞族	科學環境:基因
tw-typing-v4-180	167	optional	熱對流	science	單詞	熱對流
tw-typing-v4-180	167	required	疲勞試驗	materials-chemistry	同義衍生	測試試驗檢測:疲勞{同義詞}
tw-typing-v4-180	167	required	疲勞測試	materials-chemistry	同義衍生	測試試驗檢測:疲勞{同義詞}
tw-typing-v4-180	167	required	清潔生產	energy-environment	概念詞族	科學環境:清潔
tw-typing-v4-181	7	required	現金流預測	business,finance	概念詞族	商業管理:金流
tw-typing-v4-181	7	optional	私募股權	finance	概念詞族	商業管理:私募
tw-typing-v4-181	7	required	差異分析	finance	概念詞族	商業管理:差異
tw-typing-v4-181	7	required	流程改善	business	概念詞族	商業管理:程改
tw-typing-v4-181	7	optional	客戶留存率	business	概念詞族	商業管理:存率
tw-typing-v4-181	7	required	現金基礎	finance	概念詞族	商業管理:基礎
tw-typing-v4-181	7	required	約當現金	finance	概念詞族	商業管理:現金
tw-typing-v4-181	7	optional	供應鏈分析	business	概念詞族	商業管理:鏈分
tw-typing-v4-181	7	optional	價值鏈分析	business	概念詞族	商業管理:鏈分
tw-typing-v4-181	7	optional	匯率風險	finance	概念詞族	商業管理:率風
tw-typing-v4-181	7	required	每股盈餘	finance	單詞	每股盈餘
tw-typing-v4-181	7	required	到期殖利率	finance	概念詞族	商業管理:殖利
tw-typing-v4-181	7	optional	會計錯誤	finance	概念詞族	商業管理:錯誤
tw-typing-v4-181	7	optional	股東	finance,mcbopomofo	單詞	股東
tw-typing-v4-181	7	required	現金流	business,finance	概念詞族	商業管理:金流
tw-typing-v4-181	7	required	作業	finance,mcbopomofo	同義近義	工作職務作業
tw-typing-v4-181	7	required	不動產	finance,mcbopomofo	概念詞族	商業管理:動產
tw-typing-v4-181	7	optional	費用認列	finance	概念詞族	商業管理:認列
tw-typing-v4-181	7	required	現金	finance,mcbopomofo	概念詞族	商業管理:現金
tw-typing-v4-181	7	optional	董事會治理	business	概念詞族	商業管理:董事
tw-typing-v4-181	7	required	利害	business,mcbopomofo	單詞	利害
tw-typing-v4-181	7	optional	管理會計	finance	概念詞族	商業管理:會計
tw-typing-v4-181	7	optional	非營利會計	finance	概念詞族	商業管理:會計
tw-typing-v4-181	7	optional	私募基金	finance	概念詞族	商業管理:私募
tw-typing-v4-181	7	optional	利率風險	finance	概念詞族	商業管理:率風
tw-typing-v4-181	7	required	殖利率曲線	finance	概念詞族	商業管理:殖利
tw-typing-v4-181	7	required	應計基礎	finance	概念詞族	商業管理:基礎
tw-typing-v4-181	7	optional	收入認列	finance	概念詞族	商業管理:認列
tw-typing-v4-181	7	required	工作	business,industrial-engineering,mcbopomofo,software	同義近義	工作職務作業
tw-typing-v4-181	7	optional	留存率分析	business	概念詞族	商業管理:存率
tw-typing-v4-182	141	required	莎士比亞	mcbopomofo,people-history	單詞	莎士比亞
tw-typing-v4-182	141	required	護法運動	history	概念詞族	歷史人物:護法
tw-typing-v4-182	141	required	周瑜	mcbopomofo,people-history	單詞	周瑜
tw-typing-v4-182	141	required	晏子	mcbopomofo,people-history	單詞	晏子
tw-typing-v4-182	141	optional	諸葛亮	mcbopomofo,people-history	單詞	諸葛亮
tw-typing-v4-182	141	required	吳伯雄	mcbopomofo,people-oldnews	單詞	吳伯雄
tw-typing-v4-182	141	optional	王力宏	mcbopomofo,people-contemporary	單詞	王力宏
tw-typing-v4-182	141	optional	卡特	mcbopomofo,people-oldnews	單詞	卡特
tw-typing-v4-182	141	required	林森	mcbopomofo,people-history	單詞	林森
tw-typing-v4-182	141	optional	李宗盛	mcbopomofo,people-oldnews	單詞	李宗盛
tw-typing-v4-182	141	optional	孫權	mcbopomofo,people-history	單詞	孫權
tw-typing-v4-182	141	required	林百里	mcbopomofo,people-oldnews	單詞	林百里
tw-typing-v4-182	141	required	邱太三	mcbopomofo,people-contemporary	單詞	邱太三
tw-typing-v4-182	141	required	黃帝	mcbopomofo,people-history	單詞	黃帝
tw-typing-v4-182	141	optional	摩西	mcbopomofo,people-history	單詞	摩西
tw-typing-v4-182	141	required	謝長廷	mcbopomofo,people-oldnews	單詞	謝長廷
tw-typing-v4-182	141	required	秦代	history,mcbopomofo	單詞	秦代
tw-typing-v4-182	141	required	經濟大恐慌	history	概念詞族	歷史人物:恐慌
tw-typing-v4-182	141	optional	蘇東坡	mcbopomofo,people-history	單詞	蘇東坡
tw-typing-v4-182	141	optional	文天祥	mcbopomofo,people-history	單詞	文天祥
tw-typing-v4-182	141	optional	元代	history,mcbopomofo	單詞	元代
tw-typing-v4-182	141	optional	李國鼎	mcbopomofo,people-oldnews	單詞	李國鼎
tw-typing-v4-182	141	optional	王金平	mcbopomofo,people-contemporary	單詞	王金平
tw-typing-v4-182	141	optional	托爾斯泰	mcbopomofo,people-history	單詞	托爾斯泰
tw-typing-v4-182	141	optional	徐光啟	mcbopomofo,people-history	單詞	徐光啟
tw-typing-v4-182	141	required	李敖	mcbopomofo,people-oldnews	單詞	李敖
tw-typing-v4-182	141	optional	柏拉圖	mcbopomofo,people-history	單詞	柏拉圖
tw-typing-v4-182	141	optional	基督教化	history	單詞	基督教化
tw-typing-v4-182	141	required	政治制度	history	概念詞族	歷史人物:政治
tw-typing-v4-182	141	required	木村拓哉	mcbopomofo,people-contemporary	單詞	木村拓哉
tw-typing-v4-183	2	optional	路口	mcbopomofo,transport-logistics	單詞	路口
tw-typing-v4-183	2	optional	旅次分布	transport-logistics	概念詞族	交通物流:旅次
tw-typing-v4-183	2	optional	行車	mcbopomofo,transport-logistics	概念詞族	交通物流:行車
tw-typing-v4-183	2	optional	先到期先出	transport-logistics	概念詞族	交通物流:到期
tw-typing-v4-183	2	required	風險管理	transport-logistics	概念詞族	交通物流:風險
tw-typing-v4-183	2	required	多式聯運	transport-logistics	單詞	多式聯運
tw-typing-v4-183	2	optional	容量分析	transport-logistics	概念詞族	交通物流:量分
tw-typing-v4-183	2	optional	路線規劃	transport-logistics	概念詞族	交通物流:路線
tw-typing-v4-183	2	required	自由貿易	mcbopomofo,transport-logistics	概念詞族	交通物流:貿易
tw-typing-v4-183	2	required	智慧農業	agriculture-food	概念詞族	農業食品:智慧
tw-typing-v4-183	2	required	最後一哩	transport-logistics	概念詞族	交通物流:最後
tw-typing-v4-183	2	optional	轉運站	mcbopomofo,transport-logistics	單詞	轉運站
tw-typing-v4-183	2	required	動態號誌	transport-logistics	概念詞族	交通物流:號誌
tw-typing-v4-183	2	required	橋式起重機	transport-logistics	概念詞族	交通物流:重機
tw-typing-v4-183	2	optional	綠燈時間	transport-logistics	概念詞族	交通物流:時間
tw-typing-v4-183	2	required	旅行時間	transport-logistics	概念詞族	交通物流:旅行
tw-typing-v4-183	2	required	學務行政	education	概念詞族	教育社會:行政
tw-typing-v4-183	2	required	交通偵測器	transport-logistics	概念詞族	交通物流:偵測
tw-typing-v4-183	2	optional	場站規劃	transport-logistics	概念詞族	交通物流:規劃
tw-typing-v4-183	2	required	無線	mcbopomofo,transport-logistics	單詞	無線
tw-typing-v4-183	2	optional	循環盤點	transport-logistics	概念詞族	交通物流:盤點
tw-typing-v4-183	2	optional	服務水準	transport-logistics	概念詞族	交通物流:水準
tw-typing-v4-183	2	required	相位設計	transport-logistics	概念詞族	交通物流:位設
tw-typing-v4-183	2	optional	飛航情報區	transport-logistics	單詞	飛航情報區
tw-typing-v4-183	2	optional	步行環境	transport-logistics	概念詞族	交通物流:環境
tw-typing-v4-183	2	required	空運提單	transport-logistics	概念詞族	交通物流:運提
tw-typing-v4-183	2	required	幹道連鎖	transport-logistics	概念詞族	交通物流:連鎖
tw-typing-v4-183	2	optional	動機理論	education	概念詞族	教育社會:動機
tw-typing-v4-183	2	optional	安全評估	transport-logistics	概念詞族	交通物流:評估
tw-typing-v4-183	2	required	捷運	mcbopomofo,transport-logistics	單詞	捷運
tw-typing-v4-184	92	optional	海水	mcbopomofo	單詞	海水
tw-typing-v4-184	92	optional	遠遠	mcbopomofo	單詞	遠遠
tw-typing-v4-184	92	optional	會合	mcbopomofo	單詞	會合
tw-typing-v4-184	92	required	實踐	mcbopomofo	單詞	實踐
tw-typing-v4-184	92	required	面有	mcbopomofo	單詞	面有
tw-typing-v4-184	92	optional	時時	mcbopomofo	單詞	時時
tw-typing-v4-184	92	optional	業者	mcbopomofo	同義近義	店家商家業者
tw-typing-v4-184	92	optional	上網	mcbopomofo	單詞	上網
tw-typing-v4-184	92	optional	石頭	mcbopomofo	單詞	石頭
tw-typing-v4-184	92	required	認為	mcbopomofo	單詞	認為
tw-typing-v4-184	92	optional	互相	mcbopomofo	單詞	互相
tw-typing-v4-184	92	required	南部	mcbopomofo	單詞	南部
tw-typing-v4-184	92	optional	成員	mcbopomofo	單詞	成員
tw-typing-v4-184	92	required	擊出	mcbopomofo	單詞	擊出
tw-typing-v4-184	92	optional	外銷	mcbopomofo	單詞	外銷
tw-typing-v4-184	92	required	中共	mcbopomofo	單詞	中共
tw-typing-v4-184	92	required	往來	mcbopomofo	單詞	往來
tw-typing-v4-184	92	required	用在	mcbopomofo	單詞	用在
tw-typing-v4-184	92	optional	電影	mcbopomofo	單詞	電影
tw-typing-v4-184	92	required	喬治	mcbopomofo	單詞	喬治
tw-typing-v4-184	92	required	婦人	mcbopomofo	單詞	婦人
tw-typing-v4-184	92	required	適當的	mcbopomofo	單詞	適當的
tw-typing-v4-184	92	optional	不正	mcbopomofo	單詞	不正
tw-typing-v4-184	92	required	複製	mcbopomofo	單詞	複製
tw-typing-v4-184	92	required	無知	mcbopomofo	單詞	無知
tw-typing-v4-184	92	optional	六個月	mcbopomofo	單詞	六個月
tw-typing-v4-184	92	required	也想	mcbopomofo	單詞	也想
tw-typing-v4-184	92	required	復育	mcbopomofo	單詞	復育
tw-typing-v4-184	92	optional	上半	mcbopomofo	單詞	上半
tw-typing-v4-184	92	optional	不用	mcbopomofo	單詞	不用
tw-typing-v4-185	2	required	行車	mcbopomofo,transport-logistics	概念詞族	交通物流:行車
tw-typing-v4-185	2	optional	幹道連鎖	transport-logistics	概念詞族	交通物流:連鎖
tw-typing-v4-185	2	optional	動態號誌	transport-logistics	概念詞族	交通物流:號誌
tw-typing-v4-185	2	required	循環盤點	transport-logistics	概念詞族	交通物流:盤點
tw-typing-v4-185	2	optional	捷運	mcbopomofo,transport-logistics	單詞	捷運
tw-typing-v4-185	2	required	場站規劃	transport-logistics	概念詞族	交通物流:規劃
tw-typing-v4-185	2	optional	風險管理	transport-logistics	概念詞族	交通物流:風險
tw-typing-v4-185	2	required	服務水準	transport-logistics	概念詞族	交通物流:水準
tw-typing-v4-185	2	required	路口	mcbopomofo,transport-logistics	單詞	路口
tw-typing-v4-185	2	required	綠燈時間	transport-logistics	概念詞族	交通物流:時間
tw-typing-v4-185	2	required	動機理論	education	概念詞族	教育社會:動機
tw-typing-v4-185	2	optional	學務行政	education	概念詞族	教育社會:行政
tw-typing-v4-185	2	required	旅次分布	transport-logistics	概念詞族	交通物流:旅次
tw-typing-v4-185	2	required	容量分析	transport-logistics	概念詞族	交通物流:量分
tw-typing-v4-185	2	optional	最後一哩	transport-logistics	概念詞族	交通物流:最後
tw-typing-v4-185	2	required	轉運站	mcbopomofo,transport-logistics	單詞	轉運站
tw-typing-v4-185	2	optional	空運提單	transport-logistics	概念詞族	交通物流:運提
tw-typing-v4-185	2	required	安全評估	transport-logistics	概念詞族	交通物流:評估
tw-typing-v4-185	2	optional	多式聯運	transport-logistics	單詞	多式聯運
tw-typing-v4-185	2	optional	智慧農業	agriculture-food	概念詞族	農業食品:智慧
tw-typing-v4-185	2	required	先到期先出	transport-logistics	概念詞族	交通物流:到期
tw-typing-v4-185	2	optional	交通偵測器	transport-logistics	概念詞族	交通物流:偵測
tw-typing-v4-185	2	required	步行環境	transport-logistics	概念詞族	交通物流:環境
tw-typing-v4-185	2	optional	旅行時間	transport-logistics	概念詞族	交通物流:旅行
tw-typing-v4-185	2	optional	無線	mcbopomofo,transport-logistics	單詞	無線
tw-typing-v4-185	2	optional	橋式起重機	transport-logistics	概念詞族	交通物流:重機
tw-typing-v4-185	2	optional	相位設計	transport-logistics	概念詞族	交通物流:位設
tw-typing-v4-185	2	optional	自由貿易	mcbopomofo,transport-logistics	概念詞族	交通物流:貿易
tw-typing-v4-185	2	required	路線規劃	transport-logistics	概念詞族	交通物流:路線
tw-typing-v4-185	2	required	飛航情報區	transport-logistics	單詞	飛航情報區
tw-typing-v4-186	154	required	城市革命	history	概念詞族	歷史人物:城市
tw-typing-v4-186	154	optional	帝國衰亡	history	概念詞族	歷史人物:帝國
tw-typing-v4-186	154	required	中世紀城市	history	概念詞族	歷史人物:城市
tw-typing-v4-186	154	optional	運動	history,mcbopomofo	概念詞族	歷史人物:運動
tw-typing-v4-186	154	required	淞滬會戰	history	概念詞族	歷史人物:會戰
tw-typing-v4-186	154	optional	司馬光	mcbopomofo,people-history	概念詞族	歷史人物:司馬
tw-typing-v4-186	154	required	莊園制度	history	概念詞族	歷史人物:莊園
tw-typing-v4-186	154	optional	拜占庭帝國	history	概念詞族	歷史人物:帝國
tw-typing-v4-186	154	required	九品中正制	history	概念詞族	歷史人物:中正
tw-typing-v4-186	154	required	武漢會戰	history	概念詞族	歷史人物:會戰
tw-typing-v4-186	154	optional	西治時期	history	概念詞族	歷史人物:治時
tw-typing-v4-186	154	optional	希波戰爭	history	概念詞族	歷史人物:戰爭
tw-typing-v4-186	154	optional	司馬遷	mcbopomofo,people-history	概念詞族	歷史人物:司馬
tw-typing-v4-186	154	optional	保甲制度	history	概念詞族	歷史人物:甲制
tw-typing-v4-186	154	required	戰後臺灣	history	概念詞族	歷史人物:臺灣
tw-typing-v4-186	154	optional	義和團運動	history	概念詞族	歷史人物:運動
tw-typing-v4-186	154	optional	不結盟運動	history	概念詞族	歷史人物:運動
tw-typing-v4-186	154	optional	戰爭	history,mcbopomofo	概念詞族	歷史人物:戰爭
tw-typing-v4-186	154	required	封建莊園	history	概念詞族	歷史人物:莊園
tw-typing-v4-186	154	required	韓非子	mcbopomofo,people-history	概念詞族	歷史人物:韓非
tw-typing-v4-186	154	required	臺灣史	history	概念詞族	歷史人物:臺灣
tw-typing-v4-186	154	required	臺灣總督府	history	概念詞族	歷史人物:臺灣
tw-typing-v4-186	154	required	蔣中正	mcbopomofo,people-history	概念詞族	歷史人物:中正
tw-typing-v4-186	154	optional	帝國	history,mcbopomofo	概念詞族	歷史人物:帝國
tw-typing-v4-186	154	optional	里甲制度	history	概念詞族	歷史人物:甲制
tw-typing-v4-186	154	required	韓信	mcbopomofo,people-history	單詞	韓信
tw-typing-v4-186	154	optional	荷治時期	history	概念詞族	歷史人物:治時
tw-typing-v4-186	154	required	韓非	mcbopomofo,people-history	概念詞族	歷史人物:韓非
tw-typing-v4-186	154	required	長沙會戰	history	概念詞族	歷史人物:會戰
tw-typing-v4-186	154	optional	拿破崙戰爭	history	概念詞族	歷史人物:戰爭
tw-typing-v4-187	163	optional	流體輸送	materials-chemistry	概念詞族	科學環境:輸送
tw-typing-v4-187	163	required	金屬間	materials-chemistry	概念詞族	科學環境:金屬
tw-typing-v4-187	163	required	腐蝕防護	materials-chemistry	概念詞族	科學環境:防護
tw-typing-v4-187	163	optional	攤丁入畝	history	單詞	攤丁入畝
tw-typing-v4-187	163	optional	地熱發電	energy-environment	概念詞族	科學環境:發電
tw-typing-v4-187	163	optional	一次性密碼	network-security	概念詞族	數位科技:一次
tw-typing-v4-187	163	required	財權	mcbopomofo	單詞	財權
tw-typing-v4-187	163	required	過渡態	science	單詞	過渡態
tw-typing-v4-187	163	required	缺點	mcbopomofo	單詞	缺點
tw-typing-v4-187	163	required	移動污染源	energy-environment	概念詞族	科學環境:移動
tw-typing-v4-187	163	required	破裂	mcbopomofo	單詞	破裂
tw-typing-v4-187	163	optional	速率常數	materials-chemistry	概念詞族	科學環境:常數
tw-typing-v4-187	163	optional	卡片分類	media-design	概念詞族	媒體設計:卡片
tw-typing-v4-187	163	optional	抽蓄水力	energy-environment	單詞	抽蓄水力
tw-typing-v4-187	163	required	政治	mcbopomofo	概念詞族	日常生活:政治
tw-typing-v4-187	163	optional	動人	mcbopomofo	單詞	動人
tw-typing-v4-187	163	required	輸電線路	energy-environment	單詞	輸電線路
tw-typing-v4-187	163	required	虛擬電廠	energy-environment	概念詞族	科學環境:虛擬
tw-typing-v4-187	163	optional	細胞生物學	science	概念詞族	科學環境:物學
tw-typing-v4-187	163	required	改善計畫	energy-environment	概念詞族	科學環境:改善
tw-typing-v4-187	163	required	排放係數	energy-environment	概念詞族	科學環境:係數
tw-typing-v4-187	163	optional	整個	mcbopomofo	單詞	整個
tw-typing-v4-187	163	optional	原理	mcbopomofo,science	單詞	原理
tw-typing-v4-187	163	required	單元操作	materials-chemistry	概念詞族	科學環境:單元
tw-typing-v4-187	163	required	文學	mcbopomofo	概念詞族	日常生活:文學
tw-typing-v4-187	163	required	失效分析	materials-chemistry	概念詞族	科學環境:失效
tw-typing-v4-187	163	optional	複合材料	materials-chemistry,mcbopomofo	概念詞族	科學環境:複合
tw-typing-v4-187	163	optional	不相容	mcbopomofo,science	概念詞族	科學環境:相容
tw-typing-v4-187	163	optional	不法	mcbopomofo	單詞	不法
tw-typing-v4-187	163	optional	雲端環境	network-security	概念詞族	數位科技:雲端
tw-typing-v4-188	23	required	車床	manufacturing,mcbopomofo	單詞	車床
tw-typing-v4-188	23	optional	看板拉動	manufacturing	單詞	看板拉動
tw-typing-v4-188	23	required	效應分析	industrial-engineering	概念詞族	工程製造:效應
tw-typing-v4-188	23	optional	燒結	manufacturing	單詞	燒結
tw-typing-v4-188	23	optional	成本控制	civil-engineering	概念詞族	工程製造:本控
tw-typing-v4-188	23	required	量具	industrial-engineering	單詞	量具
tw-typing-v4-188	23	required	精度校正	manufacturing	概念詞族	工程製造:校正
tw-typing-v4-188	23	optional	道路	civil-engineering,mcbopomofo,transport-logistics	單詞	道路
tw-typing-v4-188	23	optional	滑動軸承	manufacturing	概念詞族	工程製造:滑動
tw-typing-v4-188	23	required	系統	civil-engineering,industrial-engineering,manufacturing,mcbopomofo,medicine,network-security,software	單詞	系統
tw-typing-v4-188	23	optional	分區	civil-engineering,mcbopomofo	單詞	分區
tw-typing-v4-188	23	required	設計	civil-engineering,education,electronics,industrial-engineering,mcbopomofo,media-design,semiconductor,software	單詞	設計
tw-typing-v4-188	23	required	施工查核	civil-engineering	概念詞族	工程製造:查核
tw-typing-v4-188	23	optional	低衝擊開發	civil-engineering	概念詞族	工程製造:衝擊
tw-typing-v4-188	23	required	公差配合	manufacturing	概念詞族	工程製造:配合
tw-typing-v4-188	23	required	地盤改良	civil-engineering	概念詞族	工程製造:改良
tw-typing-v4-188	23	required	頻率	civil-engineering,mcbopomofo	單詞	頻率
tw-typing-v4-188	23	optional	圓錐	civil-engineering,mcbopomofo	單詞	圓錐
tw-typing-v4-188	23	required	施工規範	civil-engineering	概念詞族	工程製造:規範
tw-typing-v4-188	23	optional	超音波加工	manufacturing	概念詞族	工程製造:音波
tw-typing-v4-188	23	optional	無障礙設計	civil-engineering	概念詞族	工程製造:無障
tw-typing-v4-188	23	required	伸縮裝置	civil-engineering	單詞	伸縮裝置
tw-typing-v4-188	23	optional	前置	industrial-engineering	單詞	前置
tw-typing-v4-188	23	required	備品管理	manufacturing	單詞	備品管理
tw-typing-v4-188	23	optional	計算	civil-engineering,mcbopomofo	概念詞族	工程製造:計算
tw-typing-v4-188	23	optional	採光分析	civil-engineering	單詞	採光分析
tw-typing-v4-188	23	required	切屑控制	manufacturing	概念詞族	工程製造:控制
tw-typing-v4-188	23	optional	固定	industrial-engineering,mcbopomofo	概念詞族	工程製造:固定
tw-typing-v4-188	23	optional	少量	industrial-engineering,mcbopomofo	單詞	少量
tw-typing-v4-188	23	required	平面線形	civil-engineering	概念詞族	工程製造:面線
tw-typing-v4-189	160	optional	氣候變遷	energy-environment	概念詞族	科學環境:變遷
tw-typing-v4-189	160	required	初級處理	energy-environment	概念詞族	科學環境:初級
tw-typing-v4-189	160	required	離子交換	materials-chemistry	概念詞族	科學環境:離子
tw-typing-v4-189	160	required	神經科學	science	概念詞族	科學環境:神經
tw-typing-v4-189	160	optional	鋼材	materials-chemistry,mcbopomofo	概念詞族	科學環境:鋼材
tw-typing-v4-189	160	optional	海森堡	science	單詞	海森堡
tw-typing-v4-189	160	required	淨零路徑	energy-environment	概念詞族	科學環境:路徑
tw-typing-v4-189	160	optional	固定床	materials-chemistry	概念詞族	科學環境:固定
tw-typing-v4-189	160	optional	選擇定則	science	概念詞族	科學環境:選擇
tw-typing-v4-189	160	required	熱重分析	materials-chemistry	單詞	熱重分析
tw-typing-v4-189	160	optional	穿透式	materials-chemistry	單詞	穿透式
tw-typing-v4-189	160	required	種子學	agriculture-food	單詞	種子學
tw-typing-v4-189	160	optional	硬度試驗	materials-chemistry	概念詞族	科學環境:硬度
tw-typing-v4-189	160	required	泡利	science	單詞	泡利
tw-typing-v4-189	160	required	衝擊試驗	materials-chemistry	概念詞族	科學環境:衝擊
tw-typing-v4-189	160	optional	方程	materials-chemistry,mcbopomofo,science	概念詞族	科學環境:方程
tw-typing-v4-189	160	required	凝態物理	science	概念詞族	科學環境:態物
tw-typing-v4-189	160	required	二氧化碳	energy-environment,mcbopomofo	概念詞族	科學環境:化碳
tw-typing-v4-189	160	optional	質點缺陷	materials-chemistry	概念詞族	科學環境:缺陷
tw-typing-v4-189	160	optional	彎曲試驗	materials-chemistry	概念詞族	科學環境:彎曲
tw-typing-v4-189	160	required	電池材料	materials-chemistry	概念詞族	科學環境:電池
tw-typing-v4-189	160	optional	化學動力學	science	概念詞族	科學環境:動力
tw-typing-v4-189	160	required	薛丁格方程	science	概念詞族	科學環境:丁格
tw-typing-v4-189	160	optional	聚碳酸酯	materials-chemistry	單詞	聚碳酸酯
tw-typing-v4-189	160	optional	熱塑性塑膠	materials-chemistry	概念詞族	科學環境:塑膠
tw-typing-v4-189	160	required	熱固性塑膠	materials-chemistry	概念詞族	科學環境:性塑
tw-typing-v4-189	160	optional	轉型風險	energy-environment	概念詞族	科學環境:型風
tw-typing-v4-189	160	required	李斯特菌	agriculture-food	概念詞族	農業食品:李斯
tw-typing-v4-189	160	required	拉伸試驗	materials-chemistry	概念詞族	科學環境:拉伸
tw-typing-v4-189	160	optional	自由能	science	概念詞族	科學環境:自由
tw-typing-v4-190	40	optional	背信罪	law	單詞	背信罪
tw-typing-v4-190	40	required	律師權	law	單詞	律師權
tw-typing-v4-190	40	required	效力	law,mcbopomofo	概念詞族	政府法律:效力
tw-typing-v4-190	40	required	行政執行	law	概念詞族	政府法律:執行
tw-typing-v4-190	40	optional	契約成立	law	概念詞族	政府法律:成立
tw-typing-v4-190	40	optional	確認訴訟	law	概念詞族	政府法律:確認
tw-typing-v4-190	40	optional	育嬰	government,mcbopomofo	單詞	育嬰
tw-typing-v4-190	40	required	迴避	government,mcbopomofo	單詞	迴避
tw-typing-v4-190	40	optional	分別共有	law	概念詞族	政府法律:分別
tw-typing-v4-190	40	required	法定繼承	law	概念詞族	政府法律:定繼
tw-typing-v4-190	40	required	交互詰問	law	概念詞族	政府法律:交互
tw-typing-v4-190	40	required	成果報告	government	概念詞族	政府法律:報告
tw-typing-v4-190	40	optional	函轉	government	單詞	函轉
tw-typing-v4-190	40	optional	公同共有	law	概念詞族	政府法律:共有
tw-typing-v4-190	40	optional	函知	government	單詞	函知
tw-typing-v4-190	40	required	除斥期間	law	概念詞族	政府法律:期間
tw-typing-v4-190	40	required	簡易判決	law	概念詞族	政府法律:判決
tw-typing-v4-190	40	optional	強盜罪	law	單詞	強盜罪
tw-typing-v4-190	40	required	會議紀錄	government	概念詞族	政府法律:會議
tw-typing-v4-190	40	optional	比例原則	law	概念詞族	政府法律:比例
tw-typing-v4-190	40	required	電子	government,materials-chemistry,mcbopomofo	概念詞族	政府法律:電子
tw-typing-v4-190	40	optional	中止未遂	law	概念詞族	政府法律:中止
tw-typing-v4-190	40	required	暫時	law,mcbopomofo	概念詞族	政府法律:暫時
tw-typing-v4-190	40	optional	相鄰關係	law	概念詞族	政府法律:關係
tw-typing-v4-190	40	required	稽催	government	單詞	稽催
tw-typing-v4-190	40	optional	保護	government,law,mcbopomofo	概念詞族	政府法律:保護
tw-typing-v4-190	40	optional	違法性	law	概念詞族	政府法律:違法
tw-typing-v4-190	40	required	追蹤	government,mcbopomofo	概念詞族	政府法律:追蹤
tw-typing-v4-190	40	optional	採購案件	government	概念詞族	政府法律:採購
tw-typing-v4-190	40	required	信賴	law,mcbopomofo	單詞	信賴
tw-typing-v4-191	56	required	影像生成	ai-data-science	概念詞族	數位科技:生成
tw-typing-v4-191	56	required	模型	ai-data-science,civil-engineering,finance,general,mcbopomofo	概念詞族	數位科技:模型
tw-typing-v4-191	56	required	憑證填充	network-security	概念詞族	數位科技:憑證
tw-typing-v4-191	56	required	生成	ai-data-science,mcbopomofo	概念詞族	數位科技:生成
tw-typing-v4-191	56	optional	網路	ai-data-science,mcbopomofo,network-security	概念詞族	數位科技:網路
tw-typing-v4-191	56	optional	微調	ai-data-science,mcbopomofo	概念詞族	數位科技:微調
tw-typing-v4-191	56	required	模型服務	software	概念詞族	數位科技:模型
tw-typing-v4-191	56	optional	指令微調	ai-data-science	概念詞族	數位科技:微調
tw-typing-v4-191	56	optional	數位鑑識	network-security	概念詞族	數位科技:鑑識
tw-typing-v4-191	56	required	數位憑證	network-security	概念詞族	數位科技:憑證
tw-typing-v4-191	56	required	密碼原則	network-security	概念詞族	數位科技:密碼
tw-typing-v4-191	56	optional	網路延遲	network-security	概念詞族	數位科技:網路
tw-typing-v4-191	56	optional	迴歸模型	ai-data-science	概念詞族	數位科技:迴歸
tw-typing-v4-191	56	optional	多項式迴歸	ai-data-science	概念詞族	數位科技:迴歸
tw-typing-v4-191	56	required	密碼雜湊	network-security	概念詞族	數位科技:密碼
tw-typing-v4-191	56	required	憑證釘選	network-security	概念詞族	數位科技:憑證
tw-typing-v4-191	56	optional	前綴微調	ai-data-science	概念詞族	數位科技:微調
tw-typing-v4-191	56	required	語音模型	ai-data-science	概念詞族	數位科技:模型
tw-typing-v4-191	56	optional	網路鑑識	network-security	概念詞族	數位科技:鑑識
tw-typing-v4-191	56	required	密碼加鹽	network-security	概念詞族	數位科技:密碼
tw-typing-v4-191	56	optional	殭屍網路	network-security	概念詞族	數位科技:網路
tw-typing-v4-191	56	required	生成模型	ai-data-science	概念詞族	數位科技:生成
tw-typing-v4-191	56	optional	磁碟鑑識	network-security	概念詞族	數位科技:鑑識
tw-typing-v4-191	56	optional	事件應變	network-security	概念詞族	數位科技:事件
tw-typing-v4-191	56	required	密碼噴灑	network-security	概念詞族	數位科技:密碼
tw-typing-v4-191	56	optional	事件	industrial-engineering,mcbopomofo,network-security,software	概念詞族	數位科技:事件
tw-typing-v4-191	56	optional	子網路遮罩	network-security	概念詞族	數位科技:網路
tw-typing-v4-191	56	optional	套索迴歸	ai-data-science	概念詞族	數位科技:迴歸
tw-typing-v4-191	56	required	憑證	mcbopomofo,network-security	概念詞族	數位科技:憑證
tw-typing-v4-191	56	required	排序模型	ai-data-science	概念詞族	數位科技:模型
tw-typing-v4-192	169	optional	貨幣市場	finance	概念詞族	商業管理:貨幣
tw-typing-v4-192	169	optional	隸變	chinese	單詞	隸變
tw-typing-v4-192	169	required	沈春華	mcbopomofo,people-oldnews	單詞	沈春華
tw-typing-v4-192	169	required	陰去	chinese	單詞	陰去
tw-typing-v4-192	169	optional	孫立人	mcbopomofo,people-history	單詞	孫立人
tw-typing-v4-192	169	optional	裁量	law	單詞	裁量
tw-typing-v4-192	169	required	現金流分析	business	概念詞族	商業管理:流分
tw-typing-v4-192	169	required	輯佚	chinese	單詞	輯佚
tw-typing-v4-192	169	optional	齊桓公	mcbopomofo,people-history	單詞	齊桓公
tw-typing-v4-192	169	required	文學批評	chinese	概念詞族	語文人文:批評
tw-typing-v4-192	169	optional	課程	education,mcbopomofo	同義近義	課程課堂
tw-typing-v4-192	169	required	作業風險	finance	概念詞族	商業管理:作業
tw-typing-v4-192	169	optional	婉曲	chinese	單詞	婉曲
tw-typing-v4-192	169	optional	資訊設計	media-design	概念詞族	媒體設計:資訊
tw-typing-v4-192	169	required	合成詞	chinese	概念詞族	語文人文:合成
tw-typing-v4-192	169	required	柳宗元	chinese,mcbopomofo,people-history	單詞	柳宗元
tw-typing-v4-192	169	required	脫文	chinese	單詞	脫文
tw-typing-v4-192	169	required	次要終點	biotech-pharma	概念詞族	醫療生技:要終
tw-typing-v4-192	169	required	陽入	chinese	單詞	陽入
tw-typing-v4-192	169	required	綠幕去背	media-design	單詞	綠幕去背
tw-typing-v4-192	169	required	語用學	chinese	單詞	語用學
tw-typing-v4-192	169	optional	廣韻	chinese	單詞	廣韻
tw-typing-v4-192	169	optional	市占率分析	business	概念詞族	商業管理:占率
tw-typing-v4-192	169	optional	齊齒呼	chinese	單詞	齊齒呼
tw-typing-v4-192	169	required	提示微調	ai-data-science	概念詞族	數位科技:提示
tw-typing-v4-192	169	optional	數詞	chinese	單詞	數詞
tw-typing-v4-192	169	optional	子貢	mcbopomofo,people-history	單詞	子貢
tw-typing-v4-192	169	optional	仿擬	chinese	單詞	仿擬
tw-typing-v4-192	169	optional	內容行銷	business	概念詞族	商業管理:內容
tw-typing-v4-192	169	required	藏詞	chinese	單詞	藏詞
tw-typing-v4-193	193	optional	相位鍵移	electronics	概念詞族	電子半導體:相位
tw-typing-v4-193	193	required	電子遷移率	semiconductor	概念詞族	電子半導體:遷移
tw-typing-v4-193	193	optional	極紫外光	semiconductor	概念詞族	電子半導體:紫外
tw-typing-v4-193	193	optional	深反應	semiconductor	概念詞族	電子半導體:反應
tw-typing-v4-193	193	optional	負偏壓	semiconductor	單詞	負偏壓
tw-typing-v4-193	193	optional	誘發	mcbopomofo,semiconductor	單詞	誘發
tw-typing-v4-193	193	required	充電器	electronics,mcbopomofo	概念詞族	電子半導體:充電
tw-typing-v4-193	193	required	降低	mcbopomofo,semiconductor	單詞	降低
tw-typing-v4-193	193	required	轉移	electronics,mcbopomofo	概念詞族	電子半導體:轉移
tw-typing-v4-193	193	optional	高速介面	electronics,semiconductor	概念詞族	電子半導體:介面
tw-typing-v4-193	193	optional	鄰近	mcbopomofo,semiconductor	單詞	鄰近
tw-typing-v4-193	193	required	磁阻式	semiconductor	單詞	磁阻式
tw-typing-v4-193	193	optional	高加速	semiconductor	概念詞族	電子半導體:加速
tw-typing-v4-193	193	optional	壽命	mcbopomofo,semiconductor	概念詞族	電子半導體:壽命
tw-typing-v4-193	193	optional	通訊鏈路	electronics	單詞	通訊鏈路
tw-typing-v4-193	193	required	定律	electronics,mcbopomofo	概念詞族	電子半導體:定律
tw-typing-v4-193	193	required	轉矩	electronics	單詞	轉矩
tw-typing-v4-193	193	required	諧振轉換器	electronics	概念詞族	電子半導體:諧振
tw-typing-v4-193	193	optional	環繞	mcbopomofo,semiconductor	單詞	環繞
tw-typing-v4-193	193	optional	氮化鎵	semiconductor	單詞	氮化鎵
tw-typing-v4-193	193	required	自動	mcbopomofo,semiconductor,transport-logistics	概念詞族	電子半導體:自動
tw-typing-v4-193	193	optional	電路板設計	electronics	概念詞族	電子半導體:板設
tw-typing-v4-193	193	required	篩選	mcbopomofo,semiconductor	概念詞族	電子半導體:篩選
tw-typing-v4-193	193	optional	晶粒	mcbopomofo,semiconductor	概念詞族	電子半導體:晶粒
tw-typing-v4-193	193	required	戴維寧等效	electronics	單詞	戴維寧等效
tw-typing-v4-193	193	required	混合	ai-data-science,electronics,mcbopomofo,semiconductor	概念詞族	電子半導體:混合
tw-typing-v4-193	193	required	絕緣閘	semiconductor	單詞	絕緣閘
tw-typing-v4-193	193	required	三相不平衡	electronics	概念詞族	電子半導體:不平
tw-typing-v4-193	193	required	尺寸	mcbopomofo,semiconductor	概念詞族	電子半導體:尺寸
tw-typing-v4-193	193	optional	回流路徑	electronics	概念詞族	電子半導體:路徑
tw-typing-v4-194	87	required	展出	mcbopomofo	單詞	展出
tw-typing-v4-194	87	required	送到	mcbopomofo	單詞	送到
tw-typing-v4-194	87	required	女人	mcbopomofo	單詞	女人
tw-typing-v4-194	87	optional	兩步驟驗證	general	概念詞族	日常生活:驗證
tw-typing-v4-194	87	required	脂肪	mcbopomofo	單詞	脂肪
tw-typing-v4-194	87	required	公關	mcbopomofo	單詞	公關
tw-typing-v4-194	87	required	迴響	mcbopomofo	單詞	迴響
tw-typing-v4-194	87	optional	演變	mcbopomofo	單詞	演變
tw-typing-v4-194	87	optional	騎士	mcbopomofo	概念詞族	日常生活:騎士
tw-typing-v4-194	87	required	局面	mcbopomofo	單詞	局面
tw-typing-v4-194	87	optional	方向	mcbopomofo	單詞	方向
tw-typing-v4-194	87	optional	譯成	mcbopomofo	單詞	譯成
tw-typing-v4-194	87	required	透明	mcbopomofo	單詞	透明
tw-typing-v4-194	87	optional	加油	mcbopomofo	單詞	加油
tw-typing-v4-194	87	optional	說話	mcbopomofo	單詞	說話
tw-typing-v4-194	87	optional	也有	mcbopomofo	單詞	也有
tw-typing-v4-194	87	optional	用以	mcbopomofo	單詞	用以
tw-typing-v4-194	87	optional	物質	mcbopomofo	單詞	物質
tw-typing-v4-194	87	optional	週末	mcbopomofo	單詞	週末
tw-typing-v4-194	87	optional	勇於	mcbopomofo	單詞	勇於
tw-typing-v4-194	87	optional	大陸	mcbopomofo	單詞	大陸
tw-typing-v4-194	87	optional	好像	mcbopomofo	單詞	好像
tw-typing-v4-194	87	required	共享經濟	general	概念詞族	日常生活:共享
tw-typing-v4-194	87	required	飛機	mcbopomofo	單詞	飛機
tw-typing-v4-194	87	required	首次	mcbopomofo	單詞	首次
tw-typing-v4-194	87	required	出書	mcbopomofo	單詞	出書
tw-typing-v4-194	87	optional	我國	mcbopomofo	單詞	我國
tw-typing-v4-194	87	required	大型	general,mcbopomofo	單詞	大型
tw-typing-v4-194	87	required	檢察官	mcbopomofo	單詞	檢察官
tw-typing-v4-194	87	required	針對	mcbopomofo	單詞	針對
tw-typing-v4-195	76	optional	共享機車	general	概念詞族	日常生活:機車
tw-typing-v4-195	76	required	可能是	mcbopomofo	概念詞族	日常生活:可能
tw-typing-v4-195	76	optional	機車	mcbopomofo	概念詞族	日常生活:機車
tw-typing-v4-195	76	optional	行動應用	general,software	概念詞族	日常生活:行動
tw-typing-v4-195	76	optional	中國人	mcbopomofo	概念詞族	日常生活:中國
tw-typing-v4-195	76	optional	中國	mcbopomofo	概念詞族	日常生活:中國
tw-typing-v4-195	76	required	台北	mcbopomofo	概念詞族	日常生活:台北
tw-typing-v4-195	76	required	卻沒有	mcbopomofo	概念詞族	日常生活:沒有
tw-typing-v4-195	76	optional	媒體	mcbopomofo	概念詞族	日常生活:媒體
tw-typing-v4-195	76	optional	自媒體	general	概念詞族	日常生活:媒體
tw-typing-v4-195	76	required	方法	biotech-pharma,industrial-engineering,mcbopomofo	同義近義	方法方式作法
tw-typing-v4-195	76	required	並沒有	mcbopomofo	概念詞族	日常生活:沒有
tw-typing-v4-195	76	optional	還不錯	mcbopomofo	概念詞族	日常生活:不錯
tw-typing-v4-195	76	required	方式	mcbopomofo	同義近義	方法方式作法
tw-typing-v4-195	76	optional	不錯	mcbopomofo	概念詞族	日常生活:不錯
tw-typing-v4-195	76	optional	行動支付	general	概念詞族	日常生活:行動
tw-typing-v4-195	76	optional	行動	mcbopomofo	概念詞族	日常生活:行動
tw-typing-v4-195	76	required	可能	mcbopomofo	概念詞族	日常生活:可能
tw-typing-v4-195	76	required	台北縣	mcbopomofo	概念詞族	日常生活:台北
tw-typing-v4-195	76	required	可能要	mcbopomofo	概念詞族	日常生活:可能
tw-typing-v4-195	76	required	沒有	mcbopomofo	概念詞族	日常生活:沒有
tw-typing-v4-195	76	required	我沒有	mcbopomofo	概念詞族	日常生活:沒有
tw-typing-v4-195	76	required	大台北	mcbopomofo	概念詞族	日常生活:台北
tw-typing-v4-195	76	optional	社群媒體	general	概念詞族	日常生活:媒體
tw-typing-v4-195	76	optional	中國地方	mcbopomofo	概念詞族	日常生活:中國
tw-typing-v4-195	76	required	做法	mcbopomofo	同義近義	方法方式作法
tw-typing-v4-195	76	required	作法	mcbopomofo	同義近義	方法方式作法
tw-typing-v4-195	76	required	可能會	mcbopomofo	概念詞族	日常生活:可能
tw-typing-v4-195	76	optional	不錯的	mcbopomofo	概念詞族	日常生活:不錯
tw-typing-v4-195	76	optional	電動機車	general	概念詞族	日常生活:機車
tw-typing-v4-196	81	required	照片	mcbopomofo	單詞	照片
tw-typing-v4-196	81	required	明年	mcbopomofo	單詞	明年
tw-typing-v4-196	81	optional	最大的	mcbopomofo	概念詞族	日常生活:最大
tw-typing-v4-196	81	optional	情感	mcbopomofo	概念詞族	日常生活:情感
tw-typing-v4-196	81	required	上有	mcbopomofo	單詞	上有
tw-typing-v4-196	81	required	彗星	mcbopomofo	單詞	彗星
tw-typing-v4-196	81	optional	之後	mcbopomofo	單詞	之後
tw-typing-v4-196	81	optional	遇上	mcbopomofo	單詞	遇上
tw-typing-v4-196	81	optional	腫瘤	mcbopomofo	單詞	腫瘤
tw-typing-v4-196	81	required	偵辦	mcbopomofo	單詞	偵辦
tw-typing-v4-196	81	optional	做事	mcbopomofo	單詞	做事
tw-typing-v4-196	81	optional	獼猴	mcbopomofo	單詞	獼猴
tw-typing-v4-196	81	optional	廠商	mcbopomofo	同義近義	廠商供應商
tw-typing-v4-196	81	required	夫婦	mcbopomofo	單詞	夫婦
tw-typing-v4-196	81	optional	董事	mcbopomofo	概念詞族	日常生活:董事
tw-typing-v4-196	81	optional	學校	mcbopomofo	單詞	學校
tw-typing-v4-196	81	required	耳朵	mcbopomofo	單詞	耳朵
tw-typing-v4-196	81	required	作坊	mcbopomofo	單詞	作坊
tw-typing-v4-196	81	required	座談會	mcbopomofo	單詞	座談會
tw-typing-v4-196	81	required	公共	mcbopomofo	概念詞族	日常生活:公共
tw-typing-v4-196	81	optional	經建	mcbopomofo	單詞	經建
tw-typing-v4-196	81	optional	急救	mcbopomofo	單詞	急救
tw-typing-v4-196	81	required	一半	mcbopomofo	單詞	一半
tw-typing-v4-196	81	optional	有了	mcbopomofo	單詞	有了
tw-typing-v4-196	81	optional	七號	mcbopomofo	單詞	七號
tw-typing-v4-196	81	required	冷氣	mcbopomofo	單詞	冷氣
tw-typing-v4-196	81	required	選擇	mcbopomofo	概念詞族	日常生活:選擇
tw-typing-v4-196	81	required	得出	mcbopomofo	單詞	得出
tw-typing-v4-196	81	optional	水準	mcbopomofo	概念詞族	日常生活:水準
tw-typing-v4-196	81	required	眷村	mcbopomofo	單詞	眷村
tw-typing-v4-197	89	required	獲得	mcbopomofo	單詞	獲得
tw-typing-v4-197	89	required	問道	mcbopomofo	單詞	問道
tw-typing-v4-197	89	optional	結果	mcbopomofo	單詞	結果
tw-typing-v4-197	89	optional	保存	mcbopomofo	同義近義	儲存保存
tw-typing-v4-197	89	required	委託	mcbopomofo	單詞	委託
tw-typing-v4-197	89	required	高峰	mcbopomofo	單詞	高峰
tw-typing-v4-197	89	required	過往	mcbopomofo	單詞	過往
tw-typing-v4-197	89	optional	信仰	mcbopomofo	單詞	信仰
tw-typing-v4-197	89	required	周圍	mcbopomofo	單詞	周圍
tw-typing-v4-197	89	required	麻痺	mcbopomofo	單詞	麻痺
tw-typing-v4-197	89	required	郵件	mcbopomofo	概念詞族	日常生活:郵件
tw-typing-v4-197	89	optional	門診	mcbopomofo	單詞	門診
tw-typing-v4-197	89	optional	現任	mcbopomofo	單詞	現任
tw-typing-v4-197	89	required	體質	mcbopomofo	單詞	體質
tw-typing-v4-197	89	required	捐助	mcbopomofo	單詞	捐助
tw-typing-v4-197	89	required	公視	mcbopomofo	單詞	公視
tw-typing-v4-197	89	optional	興趣	mcbopomofo	單詞	興趣
tw-typing-v4-197	89	optional	記者	mcbopomofo	單詞	記者
tw-typing-v4-197	89	required	不易	mcbopomofo	單詞	不易
tw-typing-v4-197	89	optional	此外	mcbopomofo	單詞	此外
tw-typing-v4-197	89	optional	三百	mcbopomofo	單詞	三百
tw-typing-v4-197	89	optional	紀錄片	mcbopomofo	概念詞族	日常生活:紀錄
tw-typing-v4-197	89	optional	陰影	mcbopomofo	單詞	陰影
tw-typing-v4-197	89	optional	通過	mcbopomofo	單詞	通過
tw-typing-v4-197	89	optional	不滿	mcbopomofo	同義近義	生氣憤怒不滿
tw-typing-v4-197	89	required	免運	general	單詞	免運
tw-typing-v4-197	89	required	一年級	mcbopomofo	概念詞族	日常生活:年級
tw-typing-v4-197	89	required	換成	mcbopomofo	單詞	換成
tw-typing-v4-197	89	optional	基金	mcbopomofo	概念詞族	日常生活:基金
tw-typing-v4-197	89	optional	還給	mcbopomofo	單詞	還給
tw-typing-v4-198	178	optional	神經系統	mcbopomofo,medicine	概念詞族	醫療生技:神經
tw-typing-v4-198	178	required	白蛋白數值	medicine	概念詞族	醫療生技:白蛋
tw-typing-v4-198	178	optional	藥物	biotech-pharma,mcbopomofo,medicine	同義近義	藥物藥品
tw-typing-v4-198	178	optional	神經	mcbopomofo,medicine	概念詞族	醫療生技:神經
tw-typing-v4-198	178	optional	冬胺酸	medicine	概念詞族	醫療生技:胺酸
tw-typing-v4-198	178	required	細胞分化	biotech-pharma	概念詞族	醫療生技:胞分
tw-typing-v4-198	178	required	逆流	mcbopomofo,medicine	概念詞族	醫療生技:逆流
tw-typing-v4-198	178	optional	凝血酶原	medicine	概念詞族	醫療生技:凝血
tw-typing-v4-198	178	required	白蛋白檢驗	medicine	概念詞族	醫療生技:白蛋
tw-typing-v4-198	178	optional	左心室肥厚	medicine	概念詞族	醫療生技:心室
tw-typing-v4-198	178	required	優效性試驗	biotech-pharma	概念詞族	醫療生技:性試
tw-typing-v4-198	178	optional	骨折	mcbopomofo,medicine	概念詞族	醫療生技:骨折
tw-typing-v4-198	178	required	單細胞分析	biotech-pharma	概念詞族	醫療生技:胞分
tw-typing-v4-198	178	optional	凝血	mcbopomofo,medicine	概念詞族	醫療生技:凝血
tw-typing-v4-198	178	required	非劣性試驗	biotech-pharma	概念詞族	醫療生技:性試
tw-typing-v4-198	178	required	免疫	biotech-pharma,mcbopomofo	概念詞族	醫療生技:免疫
tw-typing-v4-198	178	required	血管內	medicine	概念詞族	醫療生技:血管
tw-typing-v4-198	178	required	心血管	mcbopomofo,medicine	概念詞族	醫療生技:血管
tw-typing-v4-198	178	optional	丙胺酸	medicine	概念詞族	醫療生技:胺酸
tw-typing-v4-198	178	optional	大腸鏡檢查	medicine	概念詞族	醫療生技:大腸
tw-typing-v4-198	178	required	免疫系統	mcbopomofo,medicine	概念詞族	醫療生技:免疫
tw-typing-v4-198	178	required	新藥研發	biotech-pharma	單詞	新藥研發
tw-typing-v4-198	178	optional	壓迫性骨折	medicine	概念詞族	醫療生技:骨折
tw-typing-v4-198	178	optional	電腦斷層	medicine	概念詞族	醫療生技:斷層
tw-typing-v4-198	178	optional	斷層	mcbopomofo,medicine	概念詞族	醫療生技:斷層
tw-typing-v4-198	178	optional	藥品	biotech-pharma,mcbopomofo	同義近義	藥物藥品
tw-typing-v4-198	178	required	主動脈	mcbopomofo,medicine	概念詞族	醫療生技:主動
tw-typing-v4-198	178	required	逆流症	medicine	概念詞族	醫療生技:逆流
tw-typing-v4-198	178	optional	大腸憩室炎	medicine	概念詞族	醫療生技:大腸
tw-typing-v4-198	178	required	主動脈瓣	medicine	概念詞族	醫療生技:主動
tw-typing-v4-199	194	required	約束	mcbopomofo,semiconductor	單詞	約束
tw-typing-v4-199	194	required	漣波電壓	electronics	概念詞族	電子半導體:電壓
tw-typing-v4-199	194	optional	高通濾波器	electronics	概念詞族	電子半導體:高通
tw-typing-v4-199	194	optional	狀態空間	electronics	概念詞族	電子半導體:狀態
tw-typing-v4-199	194	optional	電氣	electronics,mcbopomofo	單詞	電氣
tw-typing-v4-199	194	required	保養	mcbopomofo,semiconductor	概念詞族	電子半導體:保養
tw-typing-v4-199	194	optional	肺病	mcbopomofo,medicine	單詞	肺病
tw-typing-v4-199	194	optional	良率分析	semiconductor	概念詞族	電子半導體:率分
tw-typing-v4-199	194	required	血小板	mcbopomofo,medicine	單詞	血小板
tw-typing-v4-199	194	required	正交	electronics,mcbopomofo	單詞	正交
tw-typing-v4-199	194	required	成長率	business,mcbopomofo	概念詞族	商業管理:長率
tw-typing-v4-199	194	optional	互動設計	media-design	概念詞族	媒體設計:互動
tw-typing-v4-199	194	required	探針台校正	semiconductor	概念詞族	電子半導體:針台
tw-typing-v4-199	194	optional	規則	mcbopomofo,semiconductor,transport-logistics	單詞	規則
tw-typing-v4-199	194	required	天線增益	electronics	概念詞族	電子半導體:增益
tw-typing-v4-199	194	required	共射極	electronics	單詞	共射極
tw-typing-v4-199	194	optional	食品化學	agriculture-food	概念詞族	農業食品:化學
tw-typing-v4-199	194	required	標準元件庫	semiconductor	概念詞族	電子半導體:件庫
tw-typing-v4-199	194	optional	軟硬複合板	electronics	概念詞族	電子半導體:複合
tw-typing-v4-199	194	required	圖形處理器	semiconductor	概念詞族	電子半導體:圖形
tw-typing-v4-199	194	optional	小晶片架構	semiconductor	概念詞族	電子半導體:晶片
tw-typing-v4-199	194	required	版圖	mcbopomofo,semiconductor	單詞	版圖
tw-typing-v4-199	194	optional	健康	mcbopomofo,semiconductor	概念詞族	電子半導體:健康
tw-typing-v4-199	194	required	伺服馬達	electronics	概念詞族	電子半導體:伺服
tw-typing-v4-199	194	optional	快門速度	media-design	概念詞族	媒體設計:速度
tw-typing-v4-199	194	optional	鑑別診斷	medicine	概念詞族	醫療生技:鑑別
tw-typing-v4-199	194	required	內固定術	medicine	概念詞族	醫療生技:固定
tw-typing-v4-199	194	optional	高頻寬	semiconductor	概念詞族	電子半導體:頻寬
tw-typing-v4-199	194	required	阻變式	semiconductor	單詞	阻變式
tw-typing-v4-199	194	optional	向量控制	electronics	概念詞族	電子半導體:向量
tw-typing-v4-200	142	optional	臺灣民主國	history	概念詞族	歷史人物:灣民
tw-typing-v4-200	142	required	周恩來	mcbopomofo,people-oldnews	單詞	周恩來
tw-typing-v4-200	142	required	郡國並行	history	概念詞族	歷史人物:並行
tw-typing-v4-200	142	optional	法典	history,mcbopomofo	單詞	法典
tw-typing-v4-200	142	required	穆罕默德	mcbopomofo,people-history	單詞	穆罕默德
tw-typing-v4-200	142	optional	班昭	mcbopomofo,people-history	單詞	班昭
tw-typing-v4-200	142	optional	王羲之	mcbopomofo,people-history	單詞	王羲之
tw-typing-v4-200	142	optional	馬英九	mcbopomofo,people-contemporary	單詞	馬英九
tw-typing-v4-200	142	optional	岳飛	mcbopomofo,people-history	單詞	岳飛
tw-typing-v4-200	142	required	開山撫番	history	單詞	開山撫番
tw-typing-v4-200	142	optional	太平天國	history,mcbopomofo	概念詞族	歷史人物:太平
tw-typing-v4-200	142	optional	公車	mcbopomofo,transport-logistics	同義近義	公車巴士
tw-typing-v4-200	142	optional	陳水扁	mcbopomofo,people-oldnews	單詞	陳水扁
tw-typing-v4-200	142	required	釋迦牟尼	mcbopomofo,people-history	概念詞族	歷史人物:牟尼
tw-typing-v4-200	142	optional	時延頻寬積	network-security	概念詞族	數位科技:頻寬
tw-typing-v4-200	142	required	章子怡	mcbopomofo,people-contemporary	單詞	章子怡
tw-typing-v4-200	142	optional	曾國藩	mcbopomofo,people-history	單詞	曾國藩
tw-typing-v4-200	142	optional	林則徐	mcbopomofo,people-history	單詞	林則徐
tw-typing-v4-200	142	required	海珊	mcbopomofo,people-oldnews	單詞	海珊
tw-typing-v4-200	142	required	周武王	mcbopomofo,people-history	單詞	周武王
tw-typing-v4-200	142	required	李連杰	mcbopomofo,people-contemporary	單詞	李連杰
tw-typing-v4-200	142	required	海明威	mcbopomofo,people-history	單詞	海明威
tw-typing-v4-200	142	required	班固	mcbopomofo,people-history	單詞	班固
tw-typing-v4-200	142	optional	流失率分析	business	概念詞族	商業管理:流失
tw-typing-v4-200	142	required	姚明	mcbopomofo,people-contemporary	單詞	姚明
tw-typing-v4-200	142	optional	康熙	mcbopomofo,people-history	單詞	康熙
tw-typing-v4-200	142	required	沈葆楨	mcbopomofo,people-history	單詞	沈葆楨
tw-typing-v4-200	142	required	英國革命	history	概念詞族	歷史人物:英國
tw-typing-v4-200	142	optional	孟德爾	mcbopomofo,people-history	概念詞族	歷史人物:孟德
tw-typing-v4-200	142	required	憑證撤銷	network-security	概念詞族	數位科技:撤銷
tw-typing-v4-201	50	optional	實例分割	ai-data-science	概念詞族	數位科技:分割
tw-typing-v4-201	50	optional	動態分析	network-security	概念詞族	數位科技:態分
tw-typing-v4-201	50	optional	擁塞控制	network-security	概念詞族	數位科技:控制
tw-typing-v4-201	50	required	理解	ai-data-science,mcbopomofo	單詞	理解
tw-typing-v4-201	50	optional	名稱	mcbopomofo,network-security	單詞	名稱
tw-typing-v4-201	50	optional	資產盤點	network-security	概念詞族	數位科技:盤點
tw-typing-v4-201	50	required	智慧代理	ai-data-science	概念詞族	數位科技:智慧
tw-typing-v4-201	50	optional	中心	mcbopomofo,network-security,transport-logistics	概念詞族	數位科技:中心
tw-typing-v4-201	50	optional	預測模型	ai-data-science	概念詞族	數位科技:預測
tw-typing-v4-201	50	optional	直接	ai-data-science,electronics,mcbopomofo	概念詞族	數位科技:直接
tw-typing-v4-201	50	required	跨站	network-security	單詞	跨站
tw-typing-v4-201	50	required	回應	mcbopomofo,network-security	同義近義	回覆回應
tw-typing-v4-201	50	optional	詐騙	mcbopomofo,network-security	單詞	詐騙
tw-typing-v4-201	50	required	對抗	ai-data-science,mcbopomofo	單詞	對抗
tw-typing-v4-201	50	required	偵測回應	network-security	概念詞族	數位科技:回應
tw-typing-v4-201	50	required	遷移	mcbopomofo,software	概念詞族	數位科技:遷移
tw-typing-v4-201	50	optional	行動服務	software	概念詞族	數位科技:行動
tw-typing-v4-201	50	required	結構化資料	ai-data-science	概念詞族	數位科技:化資
tw-typing-v4-201	50	optional	非對稱式	network-security	概念詞族	數位科技:非對
tw-typing-v4-201	50	optional	升級	mcbopomofo,software	單詞	升級
tw-typing-v4-201	50	required	弱點掃描	network-security	概念詞族	數位科技:掃描
tw-typing-v4-201	50	required	專家	ai-data-science,mcbopomofo	單詞	專家
tw-typing-v4-201	50	optional	往返時間	network-security	概念詞族	數位科技:時間
tw-typing-v4-201	50	optional	識別	ai-data-science,mcbopomofo,transport-logistics	概念詞族	數位科技:識別
tw-typing-v4-201	50	required	圖像	ai-data-science,mcbopomofo	概念詞族	數位科技:圖像
tw-typing-v4-201	50	required	不安全	network-security	概念詞族	數位科技:不安
tw-typing-v4-201	50	required	屬性型	network-security	單詞	屬性型
tw-typing-v4-201	50	optional	評估	ai-data-science,mcbopomofo,transport-logistics	概念詞族	數位科技:評估
tw-typing-v4-201	50	required	物件儲存	software	單詞	物件儲存
tw-typing-v4-201	50	required	批次正規化	ai-data-science	概念詞族	數位科技:規化
tw-typing-v4-202	64	optional	曲目	mcbopomofo	單詞	曲目
tw-typing-v4-202	64	optional	情形	mcbopomofo	單詞	情形
tw-typing-v4-202	64	required	最新的	mcbopomofo	單詞	最新的
tw-typing-v4-202	64	required	靠著	mcbopomofo	單詞	靠著
tw-typing-v4-202	64	required	成了	mcbopomofo	單詞	成了
tw-typing-v4-202	64	required	一下	mcbopomofo	概念詞族	日常生活:一下
tw-typing-v4-202	64	required	住處	mcbopomofo	單詞	住處
tw-typing-v4-202	64	required	精緻	mcbopomofo	單詞	精緻
tw-typing-v4-202	64	required	一筆	mcbopomofo	單詞	一筆
tw-typing-v4-202	64	required	民國	mcbopomofo	單詞	民國
tw-typing-v4-202	64	optional	最不	mcbopomofo	單詞	最不
tw-typing-v4-202	64	optional	尤其	mcbopomofo	單詞	尤其
tw-typing-v4-202	64	optional	原來	mcbopomofo	單詞	原來
tw-typing-v4-202	64	optional	內容	mcbopomofo	概念詞族	日常生活:內容
tw-typing-v4-202	64	optional	機構	mcbopomofo	概念詞族	日常生活:機構
tw-typing-v4-202	64	optional	的問題	mcbopomofo	概念詞族	日常生活:問題
tw-typing-v4-202	64	required	敘事	mcbopomofo	概念詞族	日常生活:敘事
tw-typing-v4-202	64	required	樂迷	mcbopomofo	單詞	樂迷
tw-typing-v4-202	64	required	防守	mcbopomofo	單詞	防守
tw-typing-v4-202	64	optional	架設	mcbopomofo	單詞	架設
tw-typing-v4-202	64	required	明確	mcbopomofo	概念詞族	日常生活:明確
tw-typing-v4-202	64	required	相比	mcbopomofo	單詞	相比
tw-typing-v4-202	64	optional	父親	mcbopomofo	單詞	父親
tw-typing-v4-202	64	optional	衛生局	mcbopomofo	概念詞族	日常生活:衛生
tw-typing-v4-202	64	optional	歌手	mcbopomofo	單詞	歌手
tw-typing-v4-202	64	optional	規畫	mcbopomofo	單詞	規畫
tw-typing-v4-202	64	required	就來	mcbopomofo	單詞	就來
tw-typing-v4-202	64	optional	賄選	mcbopomofo	單詞	賄選
tw-typing-v4-202	64	required	擴大	mcbopomofo	單詞	擴大
tw-typing-v4-202	64	optional	上了	mcbopomofo	單詞	上了
tw-typing-v4-203	54	required	其他權益	finance	概念詞族	商業管理:其他
tw-typing-v4-203	54	required	供應鏈攻擊	network-security	概念詞族	數位科技:攻擊
tw-typing-v4-203	54	required	克魯斯克爾	software	概念詞族	數位科技:克爾
tw-typing-v4-203	54	optional	技術	mcbopomofo,network-security,semiconductor	單詞	技術
tw-typing-v4-203	54	required	使用後釋放	network-security	概念詞族	數位科技:使用
tw-typing-v4-203	54	required	潰瘍性	medicine	單詞	潰瘍性
tw-typing-v4-203	54	optional	位置編碼	ai-data-science	概念詞族	數位科技:位置
tw-typing-v4-203	54	optional	層正規化	ai-data-science	概念詞族	數位科技:正規
tw-typing-v4-203	54	optional	無類別	network-security	單詞	無類別
tw-typing-v4-203	54	optional	排隊長度	transport-logistics	概念詞族	交通物流:排隊
tw-typing-v4-203	54	required	提前停止	ai-data-science	概念詞族	數位科技:停止
tw-typing-v4-203	54	required	無關	mcbopomofo,software	單詞	無關
tw-typing-v4-203	54	required	結腸炎	medicine	單詞	結腸炎
tw-typing-v4-203	54	optional	線框圖	media-design	單詞	線框圖
tw-typing-v4-203	54	required	注意力機制	ai-data-science	概念詞族	數位科技:機制
tw-typing-v4-203	54	required	封包遺失	network-security	單詞	封包遺失
tw-typing-v4-203	54	optional	無刷	electronics	單詞	無刷
tw-typing-v4-203	54	optional	命名	ai-data-science,mcbopomofo	單詞	命名
tw-typing-v4-203	54	optional	福特	mcbopomofo,software	單詞	福特
tw-typing-v4-203	54	required	偏差	ai-data-science,mcbopomofo	概念詞族	數位科技:偏差
tw-typing-v4-203	54	optional	帳號	mcbopomofo,network-security	單詞	帳號
tw-typing-v4-203	54	optional	串流處理	ai-data-science	概念詞族	數位科技:串流
tw-typing-v4-203	54	optional	非對稱	media-design	概念詞族	媒體設計:非對
tw-typing-v4-203	54	optional	散射參數	electronics	概念詞族	電子半導體:參數
tw-typing-v4-203	54	optional	最近鄰	ai-data-science	概念詞族	數位科技:最近
tw-typing-v4-203	54	required	容量規劃	software	概念詞族	數位科技:容量
tw-typing-v4-203	54	required	網域	mcbopomofo,network-security	單詞	網域
tw-typing-v4-203	54	required	沙箱分析	network-security	單詞	沙箱分析
tw-typing-v4-203	54	required	貝爾曼	software	概念詞族	數位科技:貝爾
tw-typing-v4-203	54	optional	演算法	ai-data-science,mcbopomofo,software	概念詞族	數位科技:算法
tw-typing-v4-204	69	required	花園	mcbopomofo	單詞	花園
tw-typing-v4-204	69	optional	保全	mcbopomofo	概念詞族	日常生活:保全
tw-typing-v4-204	69	required	義民	mcbopomofo	單詞	義民
tw-typing-v4-204	69	optional	頻寬	mcbopomofo	概念詞族	日常生活:頻寬
tw-typing-v4-204	69	required	不夠	mcbopomofo	單詞	不夠
tw-typing-v4-204	69	optional	聊天機器人	general	概念詞族	日常生活:器人
tw-typing-v4-204	69	optional	家庭	mcbopomofo	單詞	家庭
tw-typing-v4-204	69	required	猴子	mcbopomofo	單詞	猴子
tw-typing-v4-204	69	required	公家	mcbopomofo	單詞	公家
tw-typing-v4-204	69	required	善良	mcbopomofo	單詞	善良
tw-typing-v4-204	69	required	數字	mcbopomofo	單詞	數字
tw-typing-v4-204	69	optional	不少	mcbopomofo	單詞	不少
tw-typing-v4-204	69	optional	一會兒	mcbopomofo	單詞	一會兒
tw-typing-v4-204	69	optional	通知	mcbopomofo	概念詞族	日常生活:通知
tw-typing-v4-204	69	optional	有所	mcbopomofo	單詞	有所
tw-typing-v4-204	69	required	群島	mcbopomofo	單詞	群島
tw-typing-v4-204	69	optional	真是	mcbopomofo	單詞	真是
tw-typing-v4-204	69	optional	嚴格	mcbopomofo	單詞	嚴格
tw-typing-v4-204	69	required	十個	mcbopomofo	單詞	十個
tw-typing-v4-204	69	required	就有	mcbopomofo	單詞	就有
tw-typing-v4-204	69	optional	節日	mcbopomofo	單詞	節日
tw-typing-v4-204	69	required	魔鬼	mcbopomofo	單詞	魔鬼
tw-typing-v4-204	69	required	開口	mcbopomofo	概念詞族	日常生活:開口
tw-typing-v4-204	69	optional	表達	mcbopomofo	單詞	表達
tw-typing-v4-204	69	optional	因而	mcbopomofo	單詞	因而
tw-typing-v4-204	69	optional	雙重驗證	general	概念詞族	日常生活:雙重
tw-typing-v4-204	69	required	連絡	mcbopomofo	單詞	連絡
tw-typing-v4-204	69	required	開了	mcbopomofo	單詞	開了
tw-typing-v4-204	69	required	博覽會	mcbopomofo	單詞	博覽會
tw-typing-v4-204	69	optional	妹妹	mcbopomofo	單詞	妹妹
tw-typing-v4-205	109	required	內湖	mcbopomofo	單詞	內湖
tw-typing-v4-205	109	optional	宛如	mcbopomofo	單詞	宛如
tw-typing-v4-205	109	required	不只	mcbopomofo	概念詞族	日常生活:不只
tw-typing-v4-205	109	optional	以及	mcbopomofo	單詞	以及
tw-typing-v4-205	109	required	國建	mcbopomofo	單詞	國建
tw-typing-v4-205	109	required	多麼	mcbopomofo	單詞	多麼
tw-typing-v4-205	109	required	國際	mcbopomofo	概念詞族	日常生活:國際
tw-typing-v4-205	109	optional	學期	mcbopomofo	單詞	學期
tw-typing-v4-205	109	required	有用	mcbopomofo	單詞	有用
tw-typing-v4-205	109	required	生前	mcbopomofo	單詞	生前
tw-typing-v4-205	109	required	工讀	mcbopomofo	單詞	工讀
tw-typing-v4-205	109	required	多次	mcbopomofo	單詞	多次
tw-typing-v4-205	109	optional	搭配	mcbopomofo	單詞	搭配
tw-typing-v4-205	109	optional	影帶	mcbopomofo	單詞	影帶
tw-typing-v4-205	109	optional	保護法	mcbopomofo	概念詞族	日常生活:護法
tw-typing-v4-205	109	optional	才對	mcbopomofo	單詞	才對
tw-typing-v4-205	109	required	度假	mcbopomofo	單詞	度假
tw-typing-v4-205	109	optional	加盟	mcbopomofo	單詞	加盟
tw-typing-v4-205	109	required	羨慕	mcbopomofo	單詞	羨慕
tw-typing-v4-205	109	optional	網購	general	單詞	網購
tw-typing-v4-205	109	required	運作	mcbopomofo	單詞	運作
tw-typing-v4-205	109	optional	印象	mcbopomofo	單詞	印象
tw-typing-v4-205	109	required	元月	mcbopomofo	單詞	元月
tw-typing-v4-205	109	optional	要求	mcbopomofo	單詞	要求
tw-typing-v4-205	109	required	天下	mcbopomofo	單詞	天下
tw-typing-v4-205	109	optional	到達	mcbopomofo	單詞	到達
tw-typing-v4-205	109	optional	黑暗	mcbopomofo	單詞	黑暗
tw-typing-v4-205	109	optional	宗教	mcbopomofo	單詞	宗教
tw-typing-v4-205	109	required	平行	mcbopomofo	概念詞族	日常生活:平行
tw-typing-v4-205	109	optional	你來	mcbopomofo	單詞	你來
tw-typing-v4-206	166	optional	環境噪音	energy-environment	概念詞族	科學環境:噪音
tw-typing-v4-206	166	required	減量	energy-environment,mcbopomofo	概念詞族	科學環境:減量
tw-typing-v4-206	166	optional	三級處理	energy-environment	概念詞族	科學環境:級處
tw-typing-v4-206	166	optional	噪音污染	energy-environment	概念詞族	科學環境:噪音
tw-typing-v4-206	166	optional	基載電力	energy-environment	概念詞族	科學環境:電力
tw-typing-v4-206	166	optional	光學顯微鏡	materials-chemistry	概念詞族	科學環境:顯微
tw-typing-v4-206	166	required	氫原子模型	science	概念詞族	科學環境:原子
tw-typing-v4-206	166	optional	微結構分析	materials-chemistry	概念詞族	科學環境:結構
tw-typing-v4-206	166	required	硫氧化物	energy-environment	概念詞族	科學環境:氧化
tw-typing-v4-206	166	optional	結構材料	materials-chemistry	概念詞族	科學環境:結構
tw-typing-v4-206	166	required	壓縮試驗	materials-chemistry	概念詞族	科學環境:壓縮
tw-typing-v4-206	166	required	氧化數	science	概念詞族	科學環境:氧化
tw-typing-v4-206	166	required	孤島效應	energy-environment	概念詞族	科學環境:效應
tw-typing-v4-206	166	required	間隙原子	materials-chemistry	概念詞族	科學環境:原子
tw-typing-v4-206	166	required	固溶強化	materials-chemistry	概念詞族	科學環境:固溶
tw-typing-v4-206	166	required	固溶處理	materials-chemistry	概念詞族	科學環境:固溶
tw-typing-v4-206	166	optional	二級處理	energy-environment	概念詞族	科學環境:級處
tw-typing-v4-206	166	optional	有機物	energy-environment,mcbopomofo	概念詞族	科學環境:有機
tw-typing-v4-206	166	required	濕式洗滌塔	energy-environment	概念詞族	科學環境:洗滌
tw-typing-v4-206	166	required	減量管理	energy-environment	概念詞族	科學環境:減量
tw-typing-v4-206	166	required	都卜勒效應	science	概念詞族	科學環境:效應
tw-typing-v4-206	166	required	熱容量	science	概念詞族	科學環境:容量
tw-typing-v4-206	166	optional	顯微鏡	materials-chemistry,mcbopomofo	概念詞族	科學環境:顯微
tw-typing-v4-206	166	optional	電力市場	energy-environment	概念詞族	科學環境:電力
tw-typing-v4-206	166	optional	壓縮空氣	energy-environment,mcbopomofo	概念詞族	科學環境:壓縮
tw-typing-v4-206	166	required	備轉容量	energy-environment	概念詞族	科學環境:容量
tw-typing-v4-206	166	optional	膜生物	energy-environment	概念詞族	科學環境:生物
tw-typing-v4-206	166	optional	生物膜法	energy-environment	概念詞族	科學環境:生物
tw-typing-v4-206	166	required	廢氣洗滌	materials-chemistry	概念詞族	科學環境:洗滌
tw-typing-v4-206	166	optional	總有機碳	energy-environment	概念詞族	科學環境:有機
tw-typing-v4-207	20	required	汽車	mcbopomofo	同義近義	車輛汽車
tw-typing-v4-207	20	required	噴凝土	civil-engineering	概念詞族	工程製造:凝土
tw-typing-v4-207	20	required	當然	mcbopomofo	單詞	當然
tw-typing-v4-207	20	optional	生產方式	manufacturing,mcbopomofo	概念詞族	工程製造:方式
tw-typing-v4-207	20	optional	棒球	mcbopomofo	單詞	棒球
tw-typing-v4-207	20	optional	開放	mcbopomofo	概念詞族	日常生活:開放
tw-typing-v4-207	20	required	疫情	mcbopomofo	概念詞族	日常生活:疫情
tw-typing-v4-207	20	required	線性滑軌	manufacturing	概念詞族	工程製造:線性
tw-typing-v4-207	20	optional	工程經濟	industrial-engineering	概念詞族	工程製造:經濟
tw-typing-v4-207	20	required	瓶頸分析	industrial-engineering	單詞	瓶頸分析
tw-typing-v4-207	20	optional	在學	mcbopomofo	單詞	在學
tw-typing-v4-207	20	optional	縱斷面線形	civil-engineering	概念詞族	工程製造:線形
tw-typing-v4-207	20	optional	不見得	mcbopomofo	單詞	不見得
tw-typing-v4-207	20	required	生產管理	manufacturing	概念詞族	工程製造:產管
tw-typing-v4-207	20	required	週期時間	manufacturing	概念詞族	工程製造:週期
tw-typing-v4-207	20	optional	實驗設計	industrial-engineering	概念詞族	工程製造:實驗
tw-typing-v4-207	20	required	連橫	mcbopomofo,people-history	單詞	連橫
tw-typing-v4-207	20	required	地質鑽探	civil-engineering	單詞	地質鑽探
tw-typing-v4-207	20	required	太多	mcbopomofo	單詞	太多
tw-typing-v4-207	20	optional	密度	civil-engineering,mcbopomofo	概念詞族	工程製造:密度
tw-typing-v4-207	20	required	管制	industrial-engineering,mcbopomofo,transport-logistics	概念詞族	工程製造:管制
tw-typing-v4-207	20	required	法規案件	government	概念詞族	政府法律:法規
tw-typing-v4-207	20	optional	點半	mcbopomofo	單詞	點半
tw-typing-v4-207	20	required	在製品水準	industrial-engineering	概念詞族	工程製造:水準
tw-typing-v4-207	20	optional	告訴	mcbopomofo	單詞	告訴
tw-typing-v4-207	20	optional	預防保養	manufacturing,semiconductor	概念詞族	工程製造:預防
tw-typing-v4-207	20	optional	級配粒料	civil-engineering	單詞	級配粒料
tw-typing-v4-207	20	required	孿生	civil-engineering,mcbopomofo	單詞	孿生
tw-typing-v4-207	20	optional	稼動率分析	manufacturing	概念詞族	工程製造:動率
tw-typing-v4-207	20	optional	覆蓋	civil-engineering,mcbopomofo	概念詞族	工程製造:覆蓋
tw-typing-v4-208	46	required	個別化	education	概念詞族	教育社會:別化
tw-typing-v4-208	46	required	去個人化	psychology-society	概念詞族	教育社會:個人
tw-typing-v4-208	46	required	無障礙學習	education	概念詞族	教育社會:無障
tw-typing-v4-208	46	required	注意力	education,mcbopomofo	概念詞族	教育社會:意力
tw-typing-v4-208	46	required	公開授課	education	概念詞族	教育社會:公開
tw-typing-v4-208	46	required	從眾	psychology-society	單詞	從眾
tw-typing-v4-208	46	optional	總生育率	psychology-society	單詞	總生育率
tw-typing-v4-208	46	required	學習活動	education	概念詞族	教育社會:活動
tw-typing-v4-208	46	required	長期記憶	psychology-society	概念詞族	教育社會:長期
tw-typing-v4-208	46	optional	國際移民	psychology-society	概念詞族	教育社會:移民
tw-typing-v4-208	46	optional	國際教育	education	概念詞族	教育社會:國際
tw-typing-v4-208	46	optional	選擇性注意	psychology-society	概念詞族	教育社會:擇性
tw-typing-v4-208	46	optional	教材設計	education	單詞	教材設計
tw-typing-v4-208	46	required	確認偏誤	psychology-society	概念詞族	教育社會:偏誤
tw-typing-v4-208	46	optional	符號互動論	psychology-society	概念詞族	教育社會:互動
tw-typing-v4-208	46	optional	國文	education,mcbopomofo	單詞	國文
tw-typing-v4-208	46	required	態度改變	psychology-society	概念詞族	教育社會:改變
tw-typing-v4-208	46	optional	教師	education,mcbopomofo	同義近義	教師老師
tw-typing-v4-208	46	required	網絡分析	psychology-society	單詞	網絡分析
tw-typing-v4-208	46	optional	自然科學	education,mcbopomofo	概念詞族	教育社會:自然
tw-typing-v4-208	46	required	寫作	education,mcbopomofo	單詞	寫作
tw-typing-v4-208	46	optional	結構功能論	psychology-society	概念詞族	教育社會:功能
tw-typing-v4-208	46	required	開放式題目	education	概念詞族	教育社會:開放
tw-typing-v4-208	46	optional	歸因	psychology-society	單詞	歸因
tw-typing-v4-208	46	optional	效標	education	單詞	效標
tw-typing-v4-208	46	optional	消弱	psychology-society	單詞	消弱
tw-typing-v4-208	46	required	偏差行為	psychology-society	概念詞族	教育社會:偏差
tw-typing-v4-208	46	optional	問題解決	psychology-society	概念詞族	教育社會:解決
tw-typing-v4-208	46	optional	公共議題	psychology-society	概念詞族	教育社會:議題
tw-typing-v4-208	46	required	外控	psychology-society	單詞	外控
tw-typing-v4-209	199	optional	快速	electronics,mcbopomofo	概念詞族	電子半導體:快速
tw-typing-v4-209	199	required	無熔絲開關	electronics	單詞	無熔絲開關
tw-typing-v4-209	199	optional	多工	electronics	單詞	多工
tw-typing-v4-209	199	required	繼電器	electronics,mcbopomofo	概念詞族	電子半導體:繼電
tw-typing-v4-209	199	required	常數	mcbopomofo,semiconductor	概念詞族	電子半導體:常數
tw-typing-v4-209	199	required	離子	mcbopomofo,semiconductor	概念詞族	電子半導體:離子
tw-typing-v4-209	199	optional	溫度	mcbopomofo,semiconductor	概念詞族	電子半導體:溫度
tw-typing-v4-209	199	optional	量測機台	semiconductor	概念詞族	電子半導體:機台
tw-typing-v4-209	199	optional	深紫外光	semiconductor	概念詞族	電子半導體:外光
tw-typing-v4-209	199	required	共基極	electronics	單詞	共基極
tw-typing-v4-209	199	optional	二點五維	semiconductor	概念詞族	電子半導體:二點
tw-typing-v4-209	199	optional	記憶體	mcbopomofo,semiconductor	概念詞族	電子半導體:憶體
tw-typing-v4-209	199	required	可靠度測試	semiconductor	概念詞族	電子半導體:靠度
tw-typing-v4-209	199	optional	轉換器	electronics,mcbopomofo	概念詞族	電子半導體:換器
tw-typing-v4-209	199	required	方法學	semiconductor	概念詞族	電子半導體:法學
tw-typing-v4-209	199	required	設備匹配	semiconductor	概念詞族	電子半導體:設備
tw-typing-v4-209	199	optional	汲極	semiconductor	單詞	汲極
tw-typing-v4-209	199	required	氣相	semiconductor	單詞	氣相
tw-typing-v4-209	199	optional	操作	mcbopomofo,semiconductor,transport-logistics	概念詞族	電子半導體:操作
tw-typing-v4-209	199	required	最大	electronics,mcbopomofo,network-security	概念詞族	電子半導體:最大
tw-typing-v4-209	199	optional	感應馬達	electronics	概念詞族	電子半導體:感應
tw-typing-v4-209	199	required	傳導干擾	electronics	概念詞族	電子半導體:傳導
tw-typing-v4-209	199	required	暫態響應	electronics	概念詞族	電子半導體:態響
tw-typing-v4-209	199	required	物理	mcbopomofo,semiconductor	概念詞族	電子半導體:物理
tw-typing-v4-209	199	optional	固態繼電器	electronics	概念詞族	電子半導體:固態
tw-typing-v4-209	199	required	閂鎖	semiconductor	單詞	閂鎖
tw-typing-v4-209	199	optional	原子層沉積	semiconductor	概念詞族	電子半導體:沉積
tw-typing-v4-209	199	optional	製程腔體	semiconductor	概念詞族	電子半導體:製程
tw-typing-v4-209	199	required	克希荷夫	electronics	單詞	克希荷夫
tw-typing-v4-209	199	optional	化學	mcbopomofo,semiconductor	概念詞族	電子半導體:化學
tw-typing-v4-210	19	optional	攪拌	civil-engineering,mcbopomofo	概念詞族	工程製造:攪拌
tw-typing-v4-210	19	required	帷幕牆工程	civil-engineering	概念詞族	工程製造:牆工
tw-typing-v4-210	19	optional	合流制	civil-engineering	概念詞族	工程製造:流制
tw-typing-v4-210	19	optional	刀具壽命	manufacturing	概念詞族	工程製造:具壽
tw-typing-v4-210	19	optional	小批量生產	industrial-engineering	概念詞族	工程製造:生產
tw-typing-v4-210	19	required	全站儀測量	civil-engineering	概念詞族	工程製造:儀測
tw-typing-v4-210	19	optional	工作負荷	industrial-engineering	概念詞族	工程製造:負荷
tw-typing-v4-210	19	required	位置	industrial-engineering,mcbopomofo	同義近義	地點位置
tw-typing-v4-210	19	optional	多準則決策	industrial-engineering	概念詞族	工程製造:決策
tw-typing-v4-210	19	optional	心智負荷	industrial-engineering	概念詞族	工程製造:負荷
tw-typing-v4-210	19	required	品質管制	manufacturing,mcbopomofo	概念詞族	工程製造:質管
tw-typing-v4-210	19	optional	雨水下水道	civil-engineering	概念詞族	工程製造:水下
tw-typing-v4-210	19	optional	模具壽命	manufacturing	概念詞族	工程製造:具壽
tw-typing-v4-210	19	required	經緯儀測量	civil-engineering	概念詞族	工程製造:儀測
tw-typing-v4-210	19	required	維修	industrial-engineering,mcbopomofo	同義近義	修理維修修復
tw-typing-v4-210	19	required	故障樹分析	industrial-engineering	概念詞族	工程製造:故障
tw-typing-v4-210	19	required	擋土設施	civil-engineering	概念詞族	工程製造:土設
tw-typing-v4-210	19	required	品質管理	civil-engineering,industrial-engineering	概念詞族	工程製造:質管
tw-typing-v4-210	19	optional	分流制	civil-engineering	概念詞族	工程製造:流制
tw-typing-v4-210	19	required	帷幕牆修復	civil-engineering	概念詞族	工程製造:牆修
tw-typing-v4-210	19	optional	摩擦攪拌焊	manufacturing	概念詞族	工程製造:攪拌
tw-typing-v4-210	19	required	故障診斷	manufacturing,semiconductor	概念詞族	工程製造:故障
tw-typing-v4-210	19	optional	外牆工程	civil-engineering	概念詞族	工程製造:牆工
tw-typing-v4-210	19	optional	污水下水道	civil-engineering	概念詞族	工程製造:水下
tw-typing-v4-210	19	optional	決策	industrial-engineering,mcbopomofo	概念詞族	工程製造:決策
tw-typing-v4-210	19	required	地點	mcbopomofo	同義近義	地點位置
tw-typing-v4-210	19	optional	精實生產	manufacturing	概念詞族	工程製造:生產
tw-typing-v4-210	19	required	修復	civil-engineering,manufacturing,mcbopomofo	同義近義	修理維修修復
tw-typing-v4-210	19	required	混凝土設計	civil-engineering	概念詞族	工程製造:土設
tw-typing-v4-210	19	required	剪力牆修復	civil-engineering	概念詞族	工程製造:牆修
tw-typing-v4-211	138	required	電腦視覺	general	概念詞族	日常生活:電腦
tw-typing-v4-211	138	required	世代	mcbopomofo	概念詞族	日常生活:世代
tw-typing-v4-211	138	optional	密碼管理器	general	概念詞族	日常生活:碼管
tw-typing-v4-211	138	required	只剩	mcbopomofo	單詞	只剩
tw-typing-v4-211	138	optional	社群網站	general	概念詞族	日常生活:網站
tw-typing-v4-211	138	required	可能性	mcbopomofo	概念詞族	日常生活:能性
tw-typing-v4-211	138	optional	身材	mcbopomofo	單詞	身材
tw-typing-v4-211	138	required	所在	mcbopomofo	單詞	所在
tw-typing-v4-211	138	optional	非常的	mcbopomofo	單詞	非常的
tw-typing-v4-211	138	required	會長	mcbopomofo	單詞	會長
tw-typing-v4-211	138	required	不同	mcbopomofo	單詞	不同
tw-typing-v4-211	138	optional	減少	mcbopomofo	單詞	減少
tw-typing-v4-211	138	optional	分發	mcbopomofo	單詞	分發
tw-typing-v4-211	138	required	教育	mcbopomofo	概念詞族	日常生活:教育
tw-typing-v4-211	138	optional	醫師	mcbopomofo	同義近義	醫生醫師
tw-typing-v4-211	138	optional	三大	mcbopomofo	單詞	三大
tw-typing-v4-211	138	required	偉大	mcbopomofo	單詞	偉大
tw-typing-v4-211	138	optional	區別	mcbopomofo	單詞	區別
tw-typing-v4-211	138	required	無形	mcbopomofo	概念詞族	日常生活:無形
tw-typing-v4-211	138	required	歌劇	mcbopomofo	單詞	歌劇
tw-typing-v4-211	138	optional	大戰	mcbopomofo	概念詞族	日常生活:大戰
tw-typing-v4-211	138	optional	戀愛	mcbopomofo	單詞	戀愛
tw-typing-v4-211	138	required	例如	mcbopomofo	單詞	例如
tw-typing-v4-211	138	required	人士	mcbopomofo	單詞	人士
tw-typing-v4-211	138	optional	對象	mcbopomofo	單詞	對象
tw-typing-v4-211	138	optional	排列	mcbopomofo	單詞	排列
tw-typing-v4-211	138	optional	分享	mcbopomofo	單詞	分享
tw-typing-v4-211	138	optional	救濟	mcbopomofo	單詞	救濟
tw-typing-v4-211	138	required	對比	mcbopomofo	概念詞族	日常生活:對比
tw-typing-v4-211	138	required	看似	mcbopomofo	單詞	看似
tw-typing-v4-212	10	required	最小	business,mcbopomofo	概念詞族	商業管理:最小
tw-typing-v4-212	10	required	品牌授權	business	概念詞族	商業管理:授權
tw-typing-v4-212	10	required	內部報酬率	finance	概念詞族	商業管理:報酬
tw-typing-v4-212	10	optional	品牌定位	business	概念詞族	商業管理:定位
tw-typing-v4-212	10	required	次級市場	finance	概念詞族	商業管理:次級
tw-typing-v4-212	10	optional	會計循環	finance	概念詞族	商業管理:循環
tw-typing-v4-212	10	required	製造成本	finance	概念詞族	商業管理:造成
tw-typing-v4-212	10	optional	資本支出	finance	概念詞族	商業管理:支出
tw-typing-v4-212	10	required	市占率	business,mcbopomofo	概念詞族	商業管理:市占
tw-typing-v4-212	10	optional	應收帳款	finance	概念詞族	商業管理:帳款
tw-typing-v4-212	10	required	稅前淨利	finance	概念詞族	商業管理:淨利
tw-typing-v4-212	10	optional	固定資產	finance,mcbopomofo	概念詞族	商業管理:固定
tw-typing-v4-212	10	optional	應付帳款	finance	概念詞族	商業管理:應付
tw-typing-v4-212	10	required	績效評估	business,industrial-engineering	概念詞族	商業管理:績效
tw-typing-v4-212	10	required	環境	business,energy-environment,mcbopomofo	同義近義	環境生態
tw-typing-v4-212	10	optional	對手	finance,mcbopomofo	單詞	對手
tw-typing-v4-212	10	required	結構	business,mcbopomofo	概念詞族	商業管理:結構
tw-typing-v4-212	10	required	使用權資產	finance	概念詞族	商業管理:使用
tw-typing-v4-212	10	required	資源規劃	business,manufacturing	概念詞族	商業管理:資源
tw-typing-v4-212	10	required	人員流動率	business	概念詞族	商業管理:動率
tw-typing-v4-212	10	required	無形資產	finance	概念詞族	商業管理:無形
tw-typing-v4-212	10	optional	敏感度分析	finance	概念詞族	商業管理:感度
tw-typing-v4-212	10	optional	交易	finance,mcbopomofo	概念詞族	商業管理:交易
tw-typing-v4-212	10	optional	終身	business,mcbopomofo	單詞	終身
tw-typing-v4-212	10	optional	負債準備	finance	概念詞族	商業管理:準備
tw-typing-v4-212	10	optional	敏捷	business,mcbopomofo	單詞	敏捷
tw-typing-v4-212	10	optional	貝他係數	finance	概念詞族	商業管理:係數
tw-typing-v4-212	10	required	合格商機	business	單詞	合格商機
tw-typing-v4-212	10	optional	報酬率	finance,mcbopomofo	概念詞族	商業管理:酬率
tw-typing-v4-212	10	optional	情境分析	finance	概念詞族	商業管理:情境
tw-typing-v4-213	52	optional	日誌監控	network-security	概念詞族	數位科技:日誌
tw-typing-v4-213	52	required	學習率排程	ai-data-science	概念詞族	數位科技:排程
tw-typing-v4-213	52	required	監督式	ai-data-science	概念詞族	數位科技:督式
tw-typing-v4-213	52	optional	結構化	ai-data-science,mcbopomofo	概念詞族	數位科技:構化
tw-typing-v4-213	52	optional	授權系統	software	概念詞族	數位科技:授權
tw-typing-v4-213	52	optional	訊息	mcbopomofo,network-security	概念詞族	數位科技:訊息
tw-typing-v4-213	52	optional	訊息佇列	software	概念詞族	數位科技:訊息
tw-typing-v4-213	52	optional	訊息系統	software	概念詞族	數位科技:訊息
tw-typing-v4-213	52	optional	自編碼器	ai-data-science	概念詞族	數位科技:碼器
tw-typing-v4-213	52	required	半監督式	ai-data-science	概念詞族	數位科技:督式
tw-typing-v4-213	52	optional	編碼器	ai-data-science	概念詞族	數位科技:碼器
tw-typing-v4-213	52	required	嵌入模型	ai-data-science	概念詞族	數位科技:嵌入
tw-typing-v4-213	52	required	威脅獵捕	network-security	概念詞族	數位科技:威脅
tw-typing-v4-213	52	required	排程服務	software	概念詞族	數位科技:排程
tw-typing-v4-213	52	optional	日誌分析	software	概念詞族	數位科技:日誌
tw-typing-v4-213	52	required	排程系統	software	概念詞族	數位科技:排程
tw-typing-v4-213	52	optional	半結構化	ai-data-science	概念詞族	數位科技:構化
tw-typing-v4-213	52	optional	授權	mcbopomofo,network-security	概念詞族	數位科技:授權
tw-typing-v4-213	52	optional	日誌式	software	概念詞族	數位科技:日誌
tw-typing-v4-213	52	required	文本嵌入	ai-data-science	概念詞族	數位科技:嵌入
tw-typing-v4-213	52	optional	非結構化	ai-data-science	概念詞族	數位科技:構化
tw-typing-v4-213	52	optional	解碼器	ai-data-science,mcbopomofo	概念詞族	數位科技:碼器
tw-typing-v4-213	52	required	入侵	mcbopomofo,network-security	概念詞族	數位科技:入侵
tw-typing-v4-213	52	required	缺失值處理	ai-data-science	概念詞族	數位科技:值處
tw-typing-v4-213	52	required	威脅情資	network-security	概念詞族	數位科技:威脅
tw-typing-v4-213	52	required	離群值處理	ai-data-science	概念詞族	數位科技:值處
tw-typing-v4-213	52	required	非監督式	ai-data-science	概念詞族	數位科技:督式
tw-typing-v4-213	52	required	威脅建模	network-security	概念詞族	數位科技:威脅
tw-typing-v4-213	52	optional	授權服務	software	概念詞族	數位科技:授權
tw-typing-v4-213	52	required	入侵指標	network-security	概念詞族	數位科技:入侵
tw-typing-v4-214	61	optional	妨害生命罪	law	概念詞族	政府法律:生命
tw-typing-v4-214	61	required	儀式	mcbopomofo	單詞	儀式
tw-typing-v4-214	61	required	領隊	mcbopomofo	單詞	領隊
tw-typing-v4-214	61	optional	段距	media-design	單詞	段距
tw-typing-v4-214	61	optional	光罩	semiconductor	單詞	光罩
tw-typing-v4-214	61	optional	北大西洋	history,mcbopomofo	概念詞族	歷史人物:西洋
tw-typing-v4-214	61	optional	岩石	mcbopomofo	單詞	岩石
tw-typing-v4-214	61	optional	副總	mcbopomofo	單詞	副總
tw-typing-v4-214	61	required	併發	mcbopomofo	單詞	併發
tw-typing-v4-214	61	required	主演	mcbopomofo	單詞	主演
tw-typing-v4-214	61	optional	落實	mcbopomofo	單詞	落實
tw-typing-v4-214	61	required	不禁	mcbopomofo	單詞	不禁
tw-typing-v4-214	61	required	最愛	mcbopomofo	單詞	最愛
tw-typing-v4-214	61	optional	樂趣	mcbopomofo	單詞	樂趣
tw-typing-v4-214	61	required	京都府	mcbopomofo	單詞	京都府
tw-typing-v4-214	61	required	兩黨	mcbopomofo	單詞	兩黨
tw-typing-v4-214	61	required	種種	mcbopomofo	單詞	種種
tw-typing-v4-214	61	required	公里	mcbopomofo	單詞	公里
tw-typing-v4-214	61	required	以為	mcbopomofo	單詞	以為
tw-typing-v4-214	61	optional	短影片	general	概念詞族	日常生活:短影
tw-typing-v4-214	61	optional	相同	mcbopomofo	單詞	相同
tw-typing-v4-214	61	required	判定	mcbopomofo	單詞	判定
tw-typing-v4-214	61	required	前輩	mcbopomofo	單詞	前輩
tw-typing-v4-214	61	optional	排隊	mcbopomofo	概念詞族	日常生活:排隊
tw-typing-v4-214	61	optional	原有	mcbopomofo	單詞	原有
tw-typing-v4-214	61	optional	因此	mcbopomofo	單詞	因此
tw-typing-v4-214	61	required	星星	mcbopomofo	單詞	星星
tw-typing-v4-214	61	optional	藥品製造	biotech-pharma	概念詞族	醫療生技:藥品
tw-typing-v4-214	61	optional	考驗	mcbopomofo	單詞	考驗
tw-typing-v4-214	61	required	不對	mcbopomofo	單詞	不對
tw-typing-v4-215	77	required	叫車平台	general	概念詞族	日常生活:平台
tw-typing-v4-215	77	required	老頭	mcbopomofo	單詞	老頭
tw-typing-v4-215	77	required	台糖	mcbopomofo	單詞	台糖
tw-typing-v4-215	77	required	死亡	mcbopomofo	單詞	死亡
tw-typing-v4-215	77	optional	發起	mcbopomofo	單詞	發起
tw-typing-v4-215	77	required	苗栗縣	mcbopomofo	單詞	苗栗縣
tw-typing-v4-215	77	optional	難道	mcbopomofo	單詞	難道
tw-typing-v4-215	77	required	找到	mcbopomofo	單詞	找到
tw-typing-v4-215	77	required	老家	mcbopomofo	單詞	老家
tw-typing-v4-215	77	optional	驚喜	mcbopomofo	單詞	驚喜
tw-typing-v4-215	77	required	注意	mcbopomofo	概念詞族	日常生活:注意
tw-typing-v4-215	77	optional	日報	mcbopomofo	單詞	日報
tw-typing-v4-215	77	optional	營業	mcbopomofo	概念詞族	日常生活:營業
tw-typing-v4-215	77	required	譬如	mcbopomofo	概念詞族	日常生活:譬如
tw-typing-v4-215	77	optional	戰鬥	mcbopomofo	單詞	戰鬥
tw-typing-v4-215	77	optional	階段	mcbopomofo	單詞	階段
tw-typing-v4-215	77	required	是在	mcbopomofo	單詞	是在
tw-typing-v4-215	77	optional	當初	mcbopomofo	單詞	當初
tw-typing-v4-215	77	required	各種	mcbopomofo	單詞	各種
tw-typing-v4-215	77	optional	整頓	mcbopomofo	單詞	整頓
tw-typing-v4-215	77	optional	微笑	mcbopomofo	單詞	微笑
tw-typing-v4-215	77	required	考察	mcbopomofo	單詞	考察
tw-typing-v4-215	77	optional	規範	mcbopomofo	概念詞族	日常生活:規範
tw-typing-v4-215	77	optional	之餘	mcbopomofo	單詞	之餘
tw-typing-v4-215	77	optional	策略	mcbopomofo	概念詞族	日常生活:策略
tw-typing-v4-215	77	required	一流	mcbopomofo	單詞	一流
tw-typing-v4-215	77	required	要是	mcbopomofo	單詞	要是
tw-typing-v4-215	77	optional	暑假	mcbopomofo	單詞	暑假
tw-typing-v4-215	77	required	變革	mcbopomofo	單詞	變革
tw-typing-v4-215	77	optional	櫻花	mcbopomofo	單詞	櫻花
tw-typing-v4-216	189	required	雪崩二極體	electronics	概念詞族	電子半導體:二極
tw-typing-v4-216	189	required	前饋控制	electronics	概念詞族	電子半導體:控制
tw-typing-v4-216	189	required	數位模擬	electronics	概念詞族	電子半導體:模擬
tw-typing-v4-216	189	optional	除錯	electronics,mcbopomofo,software	概念詞族	電子半導體:除錯
tw-typing-v4-216	189	optional	快速熱退火	semiconductor	概念詞族	電子半導體:退火
tw-typing-v4-216	189	optional	射頻除錯	electronics	概念詞族	電子半導體:除錯
tw-typing-v4-216	189	optional	退火製程	semiconductor	概念詞族	電子半導體:退火
tw-typing-v4-216	189	optional	電路	electronics,mcbopomofo	概念詞族	電子半導體:電路
tw-typing-v4-216	189	optional	訊號	electronics,mcbopomofo,semiconductor	概念詞族	電子半導體:訊號
tw-typing-v4-216	189	optional	積體電路	mcbopomofo,semiconductor	概念詞族	電子半導體:電路
tw-typing-v4-216	189	required	整流二極體	electronics	概念詞族	電子半導體:二極
tw-typing-v4-216	189	required	逆變器設計	electronics	概念詞族	電子半導體:器設
tw-typing-v4-216	189	optional	訊號熱分析	electronics	概念詞族	電子半導體:訊號
tw-typing-v4-216	189	required	控制器	mcbopomofo,semiconductor	概念詞族	電子半導體:控制
tw-typing-v4-216	189	optional	平面型	semiconductor	概念詞族	電子半導體:平面
tw-typing-v4-216	189	required	模擬	electronics,industrial-engineering,mcbopomofo	概念詞族	電子半導體:模擬
tw-typing-v4-216	189	required	二極體	electronics,mcbopomofo	概念詞族	電子半導體:二極
tw-typing-v4-216	189	required	天線模擬	electronics	概念詞族	電子半導體:模擬
tw-typing-v4-216	189	required	齊納二極體	electronics	概念詞族	電子半導體:二極
tw-typing-v4-216	189	required	感測器設計	electronics	概念詞族	電子半導體:器設
tw-typing-v4-216	189	required	充電器設計	electronics	概念詞族	電子半導體:器設
tw-typing-v4-216	189	optional	退火	mcbopomofo,semiconductor	概念詞族	電子半導體:退火
tw-typing-v4-216	189	required	控制	electronics,mcbopomofo,network-security,semiconductor,software,transport-logistics	概念詞族	電子半導體:控制
tw-typing-v4-216	189	required	控制系統	electronics	概念詞族	電子半導體:控制
tw-typing-v4-216	189	optional	訊號與系統	electronics	概念詞族	電子半導體:訊號
tw-typing-v4-216	189	optional	電路比對	semiconductor	概念詞族	電子半導體:電路
tw-typing-v4-216	189	optional	天線除錯	electronics	概念詞族	電子半導體:除錯
tw-typing-v4-216	189	optional	接地平面	electronics	概念詞族	電子半導體:平面
tw-typing-v4-216	189	optional	數位除錯	electronics	概念詞族	電子半導體:除錯
tw-typing-v4-216	189	required	光二極體	electronics	概念詞族	電子半導體:二極
tw-typing-v4-217	29	required	地盤監測	civil-engineering	概念詞族	工程製造:地盤
tw-typing-v4-217	29	optional	混凝土檢驗	civil-engineering	概念詞族	工程製造:混凝
tw-typing-v4-217	29	required	梁柱設計	civil-engineering	概念詞族	工程製造:梁柱
tw-typing-v4-217	29	required	地盤修復	civil-engineering	概念詞族	工程製造:地盤
tw-typing-v4-217	29	optional	工廠佈置	industrial-engineering	概念詞族	工程製造:佈置
tw-typing-v4-217	29	required	地盤施工	civil-engineering	概念詞族	工程製造:地盤
tw-typing-v4-217	29	required	梁柱補強	civil-engineering	概念詞族	工程製造:梁柱
tw-typing-v4-217	29	optional	混凝土監測	civil-engineering	概念詞族	工程製造:混凝
tw-typing-v4-217	29	optional	防水層補強	civil-engineering	概念詞族	工程製造:水層
tw-typing-v4-217	29	required	地盤	civil-engineering,mcbopomofo	概念詞族	工程製造:地盤
tw-typing-v4-217	29	optional	防水層檢驗	civil-engineering	概念詞族	工程製造:水層
tw-typing-v4-217	29	optional	佈置	industrial-engineering,mcbopomofo	概念詞族	工程製造:佈置
tw-typing-v4-217	29	required	地盤補強	civil-engineering	概念詞族	工程製造:地盤
tw-typing-v4-217	29	required	梁柱施工	civil-engineering	概念詞族	工程製造:梁柱
tw-typing-v4-217	29	required	梁柱監測	civil-engineering	概念詞族	工程製造:梁柱
tw-typing-v4-217	29	optional	混凝土工程	civil-engineering	概念詞族	工程製造:混凝
tw-typing-v4-217	29	required	混凝土施工	civil-engineering	概念詞族	工程製造:混凝
tw-typing-v4-217	29	optional	基礎施工	civil-engineering	概念詞族	工程製造:基礎
tw-typing-v4-217	29	optional	防水層監測	civil-engineering	概念詞族	工程製造:水層
tw-typing-v4-217	29	required	地盤檢驗	civil-engineering	概念詞族	工程製造:地盤
tw-typing-v4-217	29	optional	防水層	civil-engineering	概念詞族	工程製造:水層
tw-typing-v4-217	29	optional	條形基礎	civil-engineering	概念詞族	工程製造:基礎
tw-typing-v4-217	29	required	梁柱修復	civil-engineering	概念詞族	工程製造:梁柱
tw-typing-v4-217	29	required	梁柱	civil-engineering,mcbopomofo	概念詞族	工程製造:梁柱
tw-typing-v4-217	29	optional	基礎檢驗	civil-engineering	概念詞族	工程製造:基礎
tw-typing-v4-217	29	optional	基礎監測	civil-engineering	概念詞族	工程製造:基礎
tw-typing-v4-217	29	required	梁柱檢驗	civil-engineering	概念詞族	工程製造:梁柱
tw-typing-v4-217	29	optional	基礎	civil-engineering,energy-environment,finance,mcbopomofo,network-security	概念詞族	工程製造:基礎
tw-typing-v4-217	29	optional	混凝土	civil-engineering,mcbopomofo	概念詞族	工程製造:混凝
tw-typing-v4-217	29	required	地盤設計	civil-engineering	概念詞族	工程製造:地盤
tw-typing-v4-218	149	optional	行省制度	history	概念詞族	歷史人物:制度
tw-typing-v4-218	149	required	朱一貴事件	history	概念詞族	歷史人物:事件
tw-typing-v4-218	149	optional	行會制度	history	概念詞族	歷史人物:制度
tw-typing-v4-218	149	optional	禮樂制度	history	概念詞族	歷史人物:制度
tw-typing-v4-218	149	optional	內閣制度	history	概念詞族	歷史人物:制度
tw-typing-v4-218	149	required	時期	history,mcbopomofo	概念詞族	歷史人物:時期
tw-typing-v4-218	149	optional	凡爾賽體系	history	概念詞族	歷史人物:體系
tw-typing-v4-218	149	optional	衛所制度	history	概念詞族	歷史人物:制度
tw-typing-v4-218	149	optional	賦稅制度	history	概念詞族	歷史人物:制度
tw-typing-v4-218	149	required	秦漢時期	history	概念詞族	歷史人物:時期
tw-typing-v4-218	149	optional	選官制度	history	概念詞族	歷史人物:制度
tw-typing-v4-218	149	required	隋唐時期	history	概念詞族	歷史人物:時期
tw-typing-v4-218	149	required	郁永河事件	history	概念詞族	歷史人物:事件
tw-typing-v4-218	149	required	北洋時期	history	概念詞族	歷史人物:時期
tw-typing-v4-218	149	required	戴潮春事件	history	概念詞族	歷史人物:事件
tw-typing-v4-218	149	required	羈縻政策	history	概念詞族	歷史人物:政策
tw-typing-v4-218	149	optional	分封制度	history	概念詞族	歷史人物:制度
tw-typing-v4-218	149	optional	兵役制度	history	概念詞族	歷史人物:制度
tw-typing-v4-218	149	optional	察舉制度	history	概念詞族	歷史人物:制度
tw-typing-v4-218	149	required	海禁政策	history	概念詞族	歷史人物:政策
tw-typing-v4-218	149	optional	兩極體系	history	概念詞族	歷史人物:體系
tw-typing-v4-218	149	required	明鄭時期	history	概念詞族	歷史人物:時期
tw-typing-v4-218	149	optional	朝貢體系	history	概念詞族	歷史人物:體系
tw-typing-v4-218	149	required	理番政策	history	概念詞族	歷史人物:政策
tw-typing-v4-218	149	optional	條約體系	history	概念詞族	歷史人物:體系
tw-typing-v4-218	149	required	霧社事件	history	概念詞族	歷史人物:事件
tw-typing-v4-218	149	required	明清時期	history	概念詞族	歷史人物:時期
tw-typing-v4-218	149	optional	土司制度	history	概念詞族	歷史人物:制度
tw-typing-v4-218	149	required	林爽文事件	history	概念詞族	歷史人物:事件
tw-typing-v4-218	149	required	理蕃政策	history	概念詞族	歷史人物:政策
tw-typing-v4-219	29	optional	地盤施工	civil-engineering	概念詞族	工程製造:地盤
tw-typing-v4-219	29	optional	梁柱設計	civil-engineering	概念詞族	工程製造:梁柱
tw-typing-v4-219	29	optional	梁柱補強	civil-engineering	概念詞族	工程製造:梁柱
tw-typing-v4-219	29	optional	地盤監測	civil-engineering	概念詞族	工程製造:地盤
tw-typing-v4-219	29	optional	梁柱	civil-engineering,mcbopomofo	概念詞族	工程製造:梁柱
tw-typing-v4-219	29	required	防水層補強	civil-engineering	概念詞族	工程製造:水層
tw-typing-v4-219	29	required	工廠佈置	industrial-engineering	概念詞族	工程製造:佈置
tw-typing-v4-219	29	required	基礎檢驗	civil-engineering	概念詞族	工程製造:基礎
tw-typing-v4-219	29	required	防水層監測	civil-engineering	概念詞族	工程製造:水層
tw-typing-v4-219	29	optional	梁柱檢驗	civil-engineering	概念詞族	工程製造:梁柱
tw-typing-v4-219	29	required	佈置	industrial-engineering,mcbopomofo	概念詞族	工程製造:佈置
tw-typing-v4-219	29	optional	梁柱施工	civil-engineering	概念詞族	工程製造:梁柱
tw-typing-v4-219	29	required	混凝土監測	civil-engineering	概念詞族	工程製造:混凝
tw-typing-v4-219	29	required	混凝土檢驗	civil-engineering	概念詞族	工程製造:混凝
tw-typing-v4-219	29	required	基礎監測	civil-engineering	概念詞族	工程製造:基礎
tw-typing-v4-219	29	optional	梁柱修復	civil-engineering	概念詞族	工程製造:梁柱
tw-typing-v4-219	29	optional	地盤設計	civil-engineering	概念詞族	工程製造:地盤
tw-typing-v4-219	29	required	混凝土工程	civil-engineering	概念詞族	工程製造:混凝
tw-typing-v4-219	29	optional	混凝土施工	civil-engineering	概念詞族	工程製造:混凝
tw-typing-v4-219	29	required	基礎施工	civil-engineering	概念詞族	工程製造:基礎
tw-typing-v4-219	29	optional	地盤修復	civil-engineering	概念詞族	工程製造:地盤
tw-typing-v4-219	29	required	基礎	civil-engineering,energy-environment,finance,mcbopomofo,network-security	概念詞族	工程製造:基礎
tw-typing-v4-219	29	optional	地盤	civil-engineering,mcbopomofo	概念詞族	工程製造:地盤
tw-typing-v4-219	29	required	混凝土	civil-engineering,mcbopomofo	概念詞族	工程製造:混凝
tw-typing-v4-219	29	required	防水層檢驗	civil-engineering	概念詞族	工程製造:水層
tw-typing-v4-219	29	required	防水層	civil-engineering	概念詞族	工程製造:水層
tw-typing-v4-219	29	optional	梁柱監測	civil-engineering	概念詞族	工程製造:梁柱
tw-typing-v4-219	29	optional	地盤補強	civil-engineering	概念詞族	工程製造:地盤
tw-typing-v4-219	29	optional	地盤檢驗	civil-engineering	概念詞族	工程製造:地盤
tw-typing-v4-219	29	required	條形基礎	civil-engineering	概念詞族	工程製造:基礎
tw-typing-v4-220	96	required	宜蘭	mcbopomofo	單詞	宜蘭
tw-typing-v4-220	96	optional	師傅	mcbopomofo	單詞	師傅
tw-typing-v4-220	96	optional	慣例	mcbopomofo	單詞	慣例
tw-typing-v4-220	96	required	內政部	mcbopomofo	概念詞族	日常生活:政部
tw-typing-v4-220	96	required	清新	mcbopomofo	單詞	清新
tw-typing-v4-220	96	required	限制	mcbopomofo	單詞	限制
tw-typing-v4-220	96	required	彎曲	mcbopomofo	概念詞族	日常生活:彎曲
tw-typing-v4-220	96	optional	全部	mcbopomofo	單詞	全部
tw-typing-v4-220	96	optional	做好	mcbopomofo	單詞	做好
tw-typing-v4-220	96	required	等等	mcbopomofo	單詞	等等
tw-typing-v4-220	96	required	據說	mcbopomofo	單詞	據說
tw-typing-v4-220	96	required	不當	mcbopomofo	概念詞族	日常生活:不當
tw-typing-v4-220	96	optional	只能	mcbopomofo	單詞	只能
tw-typing-v4-220	96	required	論文	mcbopomofo	單詞	論文
tw-typing-v4-220	96	required	高等	mcbopomofo	單詞	高等
tw-typing-v4-220	96	optional	保育	mcbopomofo	單詞	保育
tw-typing-v4-220	96	optional	反而	mcbopomofo	單詞	反而
tw-typing-v4-220	96	required	一級	mcbopomofo	單詞	一級
tw-typing-v4-220	96	optional	武力	mcbopomofo	單詞	武力
tw-typing-v4-220	96	optional	熱門	mcbopomofo	單詞	熱門
tw-typing-v4-220	96	optional	開始	mcbopomofo	單詞	開始
tw-typing-v4-220	96	required	我要	mcbopomofo	單詞	我要
tw-typing-v4-220	96	optional	消基會	mcbopomofo	單詞	消基會
tw-typing-v4-220	96	required	雖然	mcbopomofo	單詞	雖然
tw-typing-v4-220	96	optional	相對	mcbopomofo	概念詞族	日常生活:相對
tw-typing-v4-220	96	required	區塊鏈	general	單詞	區塊鏈
tw-typing-v4-220	96	optional	激烈	mcbopomofo	單詞	激烈
tw-typing-v4-220	96	required	三峽	mcbopomofo	單詞	三峽
tw-typing-v4-220	96	optional	歐美	mcbopomofo	單詞	歐美
tw-typing-v4-220	96	optional	人生	mcbopomofo	單詞	人生
tw-typing-v4-221	170	required	被字句	chinese	概念詞族	語文人文:字句
tw-typing-v4-221	170	required	單純詞	chinese	單詞	單純詞
tw-typing-v4-221	170	optional	聯合複句	chinese	概念詞族	語文人文:合複
tw-typing-v4-221	170	optional	切韻	chinese	單詞	切韻
tw-typing-v4-221	170	optional	聯合複詞	chinese	概念詞族	語文人文:合複
tw-typing-v4-221	170	required	把字句	chinese	概念詞族	語文人文:字句
tw-typing-v4-221	170	required	李清照	chinese,mcbopomofo	單詞	李清照
tw-typing-v4-221	170	required	點校本	chinese	概念詞族	語文人文:校本
tw-typing-v4-221	170	optional	上古音	chinese	概念詞族	語文人文:古音
tw-typing-v4-221	170	required	漢語方言	chinese	概念詞族	語文人文:方言
tw-typing-v4-221	170	optional	中原音韻	chinese	單詞	中原音韻
tw-typing-v4-221	170	required	詞法學	chinese	概念詞族	語文人文:法學
tw-typing-v4-221	170	optional	中古音	chinese	概念詞族	語文人文:古音
tw-typing-v4-221	170	required	批校本	chinese	概念詞族	語文人文:校本
tw-typing-v4-221	170	optional	偏正複詞	chinese	概念詞族	語文人文:正複
tw-typing-v4-221	170	required	用典	chinese	單詞	用典
tw-typing-v4-221	170	optional	辨偽	chinese	單詞	辨偽
tw-typing-v4-221	170	optional	聲訓	chinese	單詞	聲訓
tw-typing-v4-221	170	optional	析字	chinese	單詞	析字
tw-typing-v4-221	170	optional	存現句	chinese	單詞	存現句
tw-typing-v4-221	170	required	文學理論	chinese	概念詞族	語文人文:文學
tw-typing-v4-221	170	optional	屈原	chinese,mcbopomofo,people-history	單詞	屈原
tw-typing-v4-221	170	required	語意學	chinese	概念詞族	語文人文:語意
tw-typing-v4-221	170	optional	倒文	chinese	單詞	倒文
tw-typing-v4-221	170	optional	設問	chinese	單詞	設問
tw-typing-v4-221	170	required	連動句	chinese	單詞	連動句
tw-typing-v4-221	170	required	現代漢語	chinese	概念詞族	語文人文:代漢
tw-typing-v4-221	170	required	古代漢語	chinese	概念詞族	語文人文:代漢
tw-typing-v4-221	170	required	文學風格	chinese	概念詞族	語文人文:文學
tw-typing-v4-221	170	optional	南戲	chinese	單詞	南戲
tw-typing-v4-222	93	required	回國	mcbopomofo	單詞	回國
tw-typing-v4-222	93	required	不分	mcbopomofo	單詞	不分
tw-typing-v4-222	93	required	表示	mcbopomofo	概念詞族	日常生活:表示
tw-typing-v4-222	93	required	輔大	mcbopomofo	單詞	輔大
tw-typing-v4-222	93	optional	現代	mcbopomofo	概念詞族	日常生活:現代
tw-typing-v4-222	93	optional	按照	mcbopomofo	單詞	按照
tw-typing-v4-222	93	required	錄音	mcbopomofo	單詞	錄音
tw-typing-v4-222	93	optional	阿姨	mcbopomofo	單詞	阿姨
tw-typing-v4-222	93	required	忽然	mcbopomofo	單詞	忽然
tw-typing-v4-222	93	required	研習	mcbopomofo	單詞	研習
tw-typing-v4-222	93	optional	完全是	mcbopomofo	概念詞族	日常生活:完全
tw-typing-v4-222	93	required	漁民	mcbopomofo	單詞	漁民
tw-typing-v4-222	93	required	習性	mcbopomofo	單詞	習性
tw-typing-v4-222	93	optional	軟硬	mcbopomofo	概念詞族	日常生活:軟硬
tw-typing-v4-222	93	optional	四年	mcbopomofo	單詞	四年
tw-typing-v4-222	93	required	年來	mcbopomofo	單詞	年來
tw-typing-v4-222	93	optional	許多	mcbopomofo	概念詞族	日常生活:許多
tw-typing-v4-222	93	optional	青蛙	mcbopomofo	單詞	青蛙
tw-typing-v4-222	93	optional	到時	mcbopomofo	單詞	到時
tw-typing-v4-222	93	required	大學	mcbopomofo	單詞	大學
tw-typing-v4-222	93	optional	不管	mcbopomofo	單詞	不管
tw-typing-v4-222	93	required	中產	mcbopomofo	單詞	中產
tw-typing-v4-222	93	required	大力	mcbopomofo	單詞	大力
tw-typing-v4-222	93	optional	辦事處	mcbopomofo	單詞	辦事處
tw-typing-v4-222	93	optional	北京	mcbopomofo	單詞	北京
tw-typing-v4-222	93	optional	七年	mcbopomofo	單詞	七年
tw-typing-v4-222	93	optional	冰箱	mcbopomofo	單詞	冰箱
tw-typing-v4-222	93	required	受到	mcbopomofo	單詞	受到
tw-typing-v4-222	93	required	北海	mcbopomofo	單詞	北海
tw-typing-v4-222	93	optional	預計	mcbopomofo	單詞	預計
tw-typing-v4-223	85	required	行車紀錄器	general	概念詞族	日常生活:行車
tw-typing-v4-223	85	optional	串流平台	general	概念詞族	日常生活:串流
tw-typing-v4-223	85	required	鼓勵	mcbopomofo	同義近義	鼓勵勉勵
tw-typing-v4-223	85	optional	分數	mcbopomofo	單詞	分數
tw-typing-v4-223	85	required	彌補	mcbopomofo	單詞	彌補
tw-typing-v4-223	85	optional	難得	mcbopomofo	單詞	難得
tw-typing-v4-223	85	required	期限	mcbopomofo	概念詞族	日常生活:期限
tw-typing-v4-223	85	optional	顯現	mcbopomofo	單詞	顯現
tw-typing-v4-223	85	required	看來	mcbopomofo	單詞	看來
tw-typing-v4-223	85	optional	仍有	mcbopomofo	單詞	仍有
tw-typing-v4-223	85	optional	按摩	mcbopomofo	單詞	按摩
tw-typing-v4-223	85	required	商業	mcbopomofo	概念詞族	日常生活:商業
tw-typing-v4-223	85	optional	分科測驗	general	概念詞族	日常生活:測驗
tw-typing-v4-223	85	required	可分	mcbopomofo	單詞	可分
tw-typing-v4-223	85	required	出去	mcbopomofo	單詞	出去
tw-typing-v4-223	85	optional	蟋蟀	mcbopomofo	單詞	蟋蟀
tw-typing-v4-223	85	optional	日月	mcbopomofo	單詞	日月
tw-typing-v4-223	85	required	時刻	mcbopomofo	單詞	時刻
tw-typing-v4-223	85	required	一點	mcbopomofo	概念詞族	日常生活:一點
tw-typing-v4-223	85	required	所長	mcbopomofo	單詞	所長
tw-typing-v4-223	85	required	東部	mcbopomofo	單詞	東部
tw-typing-v4-223	85	optional	迷因	general	單詞	迷因
tw-typing-v4-223	85	optional	促成	mcbopomofo	單詞	促成
tw-typing-v4-223	85	optional	廣告	mcbopomofo	單詞	廣告
tw-typing-v4-223	85	optional	確定	mcbopomofo	概念詞族	日常生活:確定
tw-typing-v4-223	85	required	損害	mcbopomofo	單詞	損害
tw-typing-v4-223	85	required	改為	mcbopomofo	單詞	改為
tw-typing-v4-223	85	optional	神情	mcbopomofo	單詞	神情
tw-typing-v4-223	85	required	部位	mcbopomofo	單詞	部位
tw-typing-v4-223	85	optional	花了	mcbopomofo	單詞	花了
tw-typing-v4-224	16	required	編碼格式	media-design	概念詞族	媒體設計:格式
tw-typing-v4-224	16	optional	可用性測試	media-design	概念詞族	媒體設計:可用
tw-typing-v4-224	16	required	設計思考	media-design	概念詞族	媒體設計:思考
tw-typing-v4-224	16	required	動態設計	media-design	概念詞族	媒體設計:動態
tw-typing-v4-224	16	optional	引導線	media-design	單詞	引導線
tw-typing-v4-224	16	optional	色溫	media-design	單詞	色溫
tw-typing-v4-224	16	optional	網格系統	media-design	單詞	網格系統
tw-typing-v4-224	16	required	版面設計	media-design	概念詞族	媒體設計:面設
tw-typing-v4-224	16	required	時間軸	media-design	概念詞族	媒體設計:時間
tw-typing-v4-224	16	required	原型設計	media-design	概念詞族	媒體設計:型設
tw-typing-v4-224	16	optional	新聞價值	media-design	概念詞族	媒體設計:價值
tw-typing-v4-224	16	required	攝影構圖	media-design	概念詞族	媒體設計:攝影
tw-typing-v4-224	16	required	動態圖形	media-design	概念詞族	媒體設計:圖形
tw-typing-v4-224	16	required	守門理論	media-design	概念詞族	媒體設計:理論
tw-typing-v4-224	16	optional	圖像設計	media-design	概念詞族	媒體設計:圖像
tw-typing-v4-224	16	optional	關鍵影格	media-design	概念詞族	媒體設計:關鍵
tw-typing-v4-224	16	required	字型設計	media-design	概念詞族	媒體設計:型設
tw-typing-v4-224	16	optional	曝光補償	media-design	概念詞族	媒體設計:補償
tw-typing-v4-224	16	required	資訊架構	media-design	概念詞族	媒體設計:架構
tw-typing-v4-224	16	optional	焦點團體	media-design	概念詞族	媒體設計:團體
tw-typing-v4-224	16	optional	設計系統	media-design	單詞	設計系統
tw-typing-v4-224	16	required	黃金分割	media-design	概念詞族	媒體設計:分割
tw-typing-v4-224	16	required	動態範圍	media-design	概念詞族	媒體設計:動態
tw-typing-v4-224	16	required	容器格式	media-design	概念詞族	媒體設計:格式
tw-typing-v4-224	16	optional	聲音混音	media-design	概念詞族	媒體設計:聲音
tw-typing-v4-224	16	required	非線性剪輯	media-design	概念詞族	媒體設計:非線
tw-typing-v4-224	16	optional	議題設定	media-design	概念詞族	媒體設計:議題
tw-typing-v4-224	16	optional	影像剪輯	media-design	概念詞族	媒體設計:剪輯
tw-typing-v4-224	16	optional	測光	media-design	單詞	測光
tw-typing-v4-224	16	optional	元件庫	media-design	概念詞族	媒體設計:件庫
tw-typing-v4-225	193	optional	充電器	electronics,mcbopomofo	概念詞族	電子半導體:充電
tw-typing-v4-225	193	required	負偏壓	semiconductor	單詞	負偏壓
tw-typing-v4-225	193	optional	三相不平衡	electronics	概念詞族	電子半導體:不平
tw-typing-v4-225	193	optional	戴維寧等效	electronics	單詞	戴維寧等效
tw-typing-v4-225	193	optional	磁阻式	semiconductor	單詞	磁阻式
tw-typing-v4-225	193	required	鄰近	mcbopomofo,semiconductor	單詞	鄰近
tw-typing-v4-225	193	required	環繞	mcbopomofo,semiconductor	單詞	環繞
tw-typing-v4-225	193	optional	篩選	mcbopomofo,semiconductor	概念詞族	電子半導體:篩選
tw-typing-v4-225	193	required	深反應	semiconductor	概念詞族	電子半導體:反應
tw-typing-v4-225	193	required	高加速	semiconductor	概念詞族	電子半導體:加速
tw-typing-v4-225	193	required	通訊鏈路	electronics	單詞	通訊鏈路
tw-typing-v4-225	193	required	高速介面	electronics,semiconductor	概念詞族	電子半導體:介面
tw-typing-v4-225	193	optional	電子遷移率	semiconductor	概念詞族	電子半導體:遷移
tw-typing-v4-225	193	required	相位鍵移	electronics	概念詞族	電子半導體:相位
tw-typing-v4-225	193	required	電路板設計	electronics	概念詞族	電子半導體:板設
tw-typing-v4-225	193	optional	定律	electronics,mcbopomofo	概念詞族	電子半導體:定律
tw-typing-v4-225	193	required	回流路徑	electronics	概念詞族	電子半導體:路徑
tw-typing-v4-225	193	optional	自動	mcbopomofo,semiconductor,transport-logistics	概念詞族	電子半導體:自動
tw-typing-v4-225	193	optional	降低	mcbopomofo,semiconductor	單詞	降低
tw-typing-v4-225	193	required	誘發	mcbopomofo,semiconductor	單詞	誘發
tw-typing-v4-225	193	required	壽命	mcbopomofo,semiconductor	概念詞族	電子半導體:壽命
tw-typing-v4-225	193	required	晶粒	mcbopomofo,semiconductor	概念詞族	電子半導體:晶粒
tw-typing-v4-225	193	required	極紫外光	semiconductor	概念詞族	電子半導體:紫外
tw-typing-v4-225	193	optional	絕緣閘	semiconductor	單詞	絕緣閘
tw-typing-v4-225	193	optional	混合	ai-data-science,electronics,mcbopomofo,semiconductor	概念詞族	電子半導體:混合
tw-typing-v4-225	193	optional	尺寸	mcbopomofo,semiconductor	概念詞族	電子半導體:尺寸
tw-typing-v4-225	193	optional	轉矩	electronics	單詞	轉矩
tw-typing-v4-225	193	optional	諧振轉換器	electronics	概念詞族	電子半導體:諧振
tw-typing-v4-225	193	required	氮化鎵	semiconductor	單詞	氮化鎵
tw-typing-v4-225	193	optional	轉移	electronics,mcbopomofo	概念詞族	電子半導體:轉移
tw-typing-v4-226	136	required	十年	mcbopomofo	單詞	十年
tw-typing-v4-226	136	optional	代替	mcbopomofo	單詞	代替
tw-typing-v4-226	136	optional	三點	mcbopomofo	單詞	三點
tw-typing-v4-226	136	required	當地	mcbopomofo	單詞	當地
tw-typing-v4-226	136	optional	再來	mcbopomofo	單詞	再來
tw-typing-v4-226	136	required	偏偏	mcbopomofo	單詞	偏偏
tw-typing-v4-226	136	optional	森林	mcbopomofo	單詞	森林
tw-typing-v4-226	136	required	當成	mcbopomofo	單詞	當成
tw-typing-v4-226	136	optional	喜歡	mcbopomofo	單詞	喜歡
tw-typing-v4-226	136	optional	何在	mcbopomofo	單詞	何在
tw-typing-v4-226	136	optional	成分	mcbopomofo	概念詞族	日常生活:成分
tw-typing-v4-226	136	required	一看	mcbopomofo	單詞	一看
tw-typing-v4-226	136	required	悠遊付	general	單詞	悠遊付
tw-typing-v4-226	136	optional	躍進	mcbopomofo	單詞	躍進
tw-typing-v4-226	136	required	輸入	mcbopomofo	概念詞族	日常生活:輸入
tw-typing-v4-226	136	optional	基因	mcbopomofo	概念詞族	日常生活:基因
tw-typing-v4-226	136	optional	接下	mcbopomofo	單詞	接下
tw-typing-v4-226	136	required	郊區	mcbopomofo	概念詞族	日常生活:郊區
tw-typing-v4-226	136	required	塑造	mcbopomofo	單詞	塑造
tw-typing-v4-226	136	required	真實	mcbopomofo	單詞	真實
tw-typing-v4-226	136	optional	透過	mcbopomofo	單詞	透過
tw-typing-v4-226	136	optional	粉紅	mcbopomofo	單詞	粉紅
tw-typing-v4-226	136	required	截至	mcbopomofo	單詞	截至
tw-typing-v4-226	136	optional	台東	mcbopomofo	單詞	台東
tw-typing-v4-226	136	required	降至	mcbopomofo	單詞	降至
tw-typing-v4-226	136	optional	珍惜	mcbopomofo	單詞	珍惜
tw-typing-v4-226	136	required	去就	mcbopomofo	單詞	去就
tw-typing-v4-226	136	required	全不	mcbopomofo	單詞	全不
tw-typing-v4-226	136	optional	這篇文章	mcbopomofo	單詞	這篇文章
tw-typing-v4-226	136	required	吉伊卡哇	general	單詞	吉伊卡哇
tw-typing-v4-227	177	optional	化膿性	mcbopomofo,medicine	單詞	化膿性
tw-typing-v4-227	177	optional	呼吸器脫離	medicine	概念詞族	醫療生技:脫離
tw-typing-v4-227	177	optional	先導化合物	biotech-pharma	概念詞族	醫療生技:化合
tw-typing-v4-227	177	optional	藥物效力學	biotech-pharma	概念詞族	醫療生技:效力
tw-typing-v4-227	177	required	影像檢查	medicine	概念詞族	醫療生技:影像
tw-typing-v4-227	177	required	骨骼	mcbopomofo,medicine	單詞	骨骼
tw-typing-v4-227	177	optional	高滲透壓	mcbopomofo,medicine	概念詞族	醫療生技:滲透
tw-typing-v4-227	177	optional	置換	mcbopomofo,medicine	單詞	置換
tw-typing-v4-227	177	required	膀胱	mcbopomofo,medicine	單詞	膀胱
tw-typing-v4-227	177	optional	藥物開發	biotech-pharma	概念詞族	醫療生技:開發
tw-typing-v4-227	177	required	蜂窩性	medicine	單詞	蜂窩性
tw-typing-v4-227	177	required	右心室肥厚	medicine	概念詞族	醫療生技:肥厚
tw-typing-v4-227	177	optional	經尿道	medicine	單詞	經尿道
tw-typing-v4-227	177	optional	超高效	biotech-pharma	概念詞族	醫療生技:高效
tw-typing-v4-227	177	required	消化系統	mcbopomofo,medicine	概念詞族	醫療生技:消化
tw-typing-v4-227	177	required	合成生物學	biotech-pharma	概念詞族	醫療生技:物學
tw-typing-v4-227	177	required	中毒	mcbopomofo,medicine	概念詞族	醫療生技:中毒
tw-typing-v4-227	177	required	多囊性	medicine	單詞	多囊性
tw-typing-v4-227	177	optional	血液系統	medicine	單詞	血液系統
tw-typing-v4-227	177	optional	十字	mcbopomofo,medicine	單詞	十字
tw-typing-v4-227	177	required	活酶	medicine	單詞	活酶
tw-typing-v4-227	177	optional	口服	mcbopomofo,medicine	單詞	口服
tw-typing-v4-227	177	required	急性骨髓炎	medicine	概念詞族	醫療生技:性骨
tw-typing-v4-227	177	required	吸附	biotech-pharma,mcbopomofo	概念詞族	醫療生技:吸附
tw-typing-v4-227	177	required	腎臟	mcbopomofo,medicine	概念詞族	醫療生技:腎臟
tw-typing-v4-227	177	required	睡眠	mcbopomofo,medicine	單詞	睡眠
tw-typing-v4-227	177	required	西方墨點法	biotech-pharma	概念詞族	醫療生技:西方
tw-typing-v4-227	177	optional	即時	biotech-pharma,mcbopomofo	概念詞族	醫療生技:即時
tw-typing-v4-227	177	optional	監視	biotech-pharma,mcbopomofo	單詞	監視
tw-typing-v4-227	177	optional	尿素氮異常	medicine	概念詞族	醫療生技:異常
tw-typing-v4-228	17	optional	廣角鏡頭	media-design	概念詞族	媒體設計:鏡頭
tw-typing-v4-228	17	optional	減法混色	media-design	概念詞族	媒體設計:混色
tw-typing-v4-228	17	required	對焦模式	media-design	概念詞族	媒體設計:對焦
tw-typing-v4-228	17	optional	望遠鏡頭	media-design	概念詞族	媒體設計:鏡頭
tw-typing-v4-228	17	optional	色彩空間	media-design	概念詞族	媒體設計:色彩
tw-typing-v4-228	17	optional	色彩分級	media-design	概念詞族	媒體設計:色彩
tw-typing-v4-228	17	optional	色彩理論	media-design	概念詞族	媒體設計:色彩
tw-typing-v4-228	17	required	服務藍圖	media-design	概念詞族	媒體設計:服務
tw-typing-v4-228	17	required	樣式指南	media-design	概念詞族	媒體設計:指南
tw-typing-v4-228	17	optional	新聞倫理	media-design	概念詞族	媒體設計:新聞
tw-typing-v4-228	17	required	服務設計	media-design	概念詞族	媒體設計:服務
tw-typing-v4-228	17	required	高擬真原型	media-design	概念詞族	媒體設計:真原
tw-typing-v4-228	17	optional	微距鏡頭	media-design	概念詞族	媒體設計:鏡頭
tw-typing-v4-228	17	optional	字體設計	media-design	概念詞族	媒體設計:字體
tw-typing-v4-228	17	required	使用者研究	media-design	概念詞族	媒體設計:用者
tw-typing-v4-228	17	optional	新聞採訪	media-design	概念詞族	媒體設計:新聞
tw-typing-v4-228	17	optional	新聞編輯	media-design	概念詞族	媒體設計:編輯
tw-typing-v4-228	17	required	使用者訪談	media-design	概念詞族	媒體設計:用者
tw-typing-v4-228	17	required	單次對焦	media-design	概念詞族	媒體設計:對焦
tw-typing-v4-228	17	required	使用者	mcbopomofo,media-design,network-security	概念詞族	媒體設計:用者
tw-typing-v4-228	17	optional	標準鏡頭	media-design	概念詞族	媒體設計:鏡頭
tw-typing-v4-228	17	required	深度報導	media-design	概念詞族	媒體設計:報導
tw-typing-v4-228	17	required	低擬真原型	media-design	概念詞族	媒體設計:真原
tw-typing-v4-228	17	required	使用者旅程	media-design	概念詞族	媒體設計:用者
tw-typing-v4-228	17	required	視覺特效	media-design	概念詞族	媒體設計:視覺
tw-typing-v4-228	17	required	視覺層級	media-design	概念詞族	媒體設計:視覺
tw-typing-v4-228	17	optional	字體排印	media-design	概念詞族	媒體設計:字體
tw-typing-v4-228	17	required	調查報導	media-design	概念詞族	媒體設計:報導
tw-typing-v4-228	17	optional	加法混色	media-design	概念詞族	媒體設計:混色
tw-typing-v4-228	17	optional	編輯設計	media-design	概念詞族	媒體設計:編輯
tw-typing-v4-229	15	required	焦段	media-design	單詞	焦段
tw-typing-v4-229	15	required	連續對焦	media-design	概念詞族	媒體設計:連續
tw-typing-v4-229	15	optional	啟發式評估	media-design	概念詞族	媒體設計:評估
tw-typing-v4-229	15	required	體驗	mcbopomofo,media-design	概念詞族	媒體設計:體驗
tw-typing-v4-229	15	required	框架理論	media-design	概念詞族	媒體設計:框架
tw-typing-v4-229	15	optional	轉場	media-design	單詞	轉場
tw-typing-v4-229	15	optional	插畫設計	media-design	單詞	插畫設計
tw-typing-v4-229	15	required	事實查核	media-design	概念詞族	媒體設計:事實
tw-typing-v4-229	15	required	包裝設計	media-design	概念詞族	媒體設計:裝設
tw-typing-v4-229	15	optional	音訊降噪	media-design	單詞	音訊降噪
tw-typing-v4-229	15	optional	介面	mcbopomofo,media-design,software	概念詞族	媒體設計:介面
tw-typing-v4-229	15	optional	字距	media-design	單詞	字距
tw-typing-v4-229	15	optional	字重	media-design	單詞	字重
tw-typing-v4-229	15	required	文化資本	psychology-society	概念詞族	教育社會:化資
tw-typing-v4-229	15	optional	品牌設計	media-design	概念詞族	媒體設計:品牌
tw-typing-v4-229	15	required	消息來源	mcbopomofo,media-design	單詞	消息來源
tw-typing-v4-229	15	optional	沉默螺旋	media-design	單詞	沉默螺旋
tw-typing-v4-229	15	optional	字級	media-design	單詞	字級
tw-typing-v4-229	15	required	影格率	media-design	概念詞族	媒體設計:影格
tw-typing-v4-229	15	required	空間設計	media-design	概念詞族	媒體設計:空間
tw-typing-v4-229	15	optional	分裂互補	media-design	單詞	分裂互補
tw-typing-v4-229	15	optional	類似色	media-design	概念詞族	媒體設計:類似
tw-typing-v4-229	15	optional	甜味劑	agriculture-food	單詞	甜味劑
tw-typing-v4-229	15	required	產品設計	media-design	概念詞族	媒體設計:產品
tw-typing-v4-229	15	required	情境訪查	media-design	概念詞族	媒體設計:情境
tw-typing-v4-229	15	optional	高光	media-design	單詞	高光
tw-typing-v4-229	15	required	匿名	mcbopomofo,media-design	單詞	匿名
tw-typing-v4-229	15	optional	位元率	media-design	單詞	位元率
tw-typing-v4-229	15	required	展示設計	media-design	概念詞族	媒體設計:展示
tw-typing-v4-229	15	required	傳達	mcbopomofo,media-design	單詞	傳達
tw-typing-v4-230	120	required	全是	mcbopomofo	概念詞族	日常生活:全是
tw-typing-v4-230	120	required	年年	mcbopomofo	單詞	年年
tw-typing-v4-230	120	optional	規定	mcbopomofo	同義近義	法律法規規定
tw-typing-v4-230	120	optional	案件	mcbopomofo	概念詞族	日常生活:案件
tw-typing-v4-230	120	optional	長大	mcbopomofo	單詞	長大
tw-typing-v4-230	120	optional	於此	mcbopomofo	單詞	於此
tw-typing-v4-230	120	required	雙方	mcbopomofo	單詞	雙方
tw-typing-v4-230	120	required	一樣	mcbopomofo	單詞	一樣
tw-typing-v4-230	120	optional	病人	mcbopomofo	同義近義	病人患者
tw-typing-v4-230	120	optional	彩券	mcbopomofo	單詞	彩券
tw-typing-v4-230	120	required	侵犯	mcbopomofo	單詞	侵犯
tw-typing-v4-230	120	required	大專	mcbopomofo	單詞	大專
tw-typing-v4-230	120	optional	爭執	mcbopomofo	單詞	爭執
tw-typing-v4-230	120	required	離婚	mcbopomofo	單詞	離婚
tw-typing-v4-230	120	required	不覺	mcbopomofo	單詞	不覺
tw-typing-v4-230	120	required	二個	mcbopomofo	單詞	二個
tw-typing-v4-230	120	optional	主義	mcbopomofo	單詞	主義
tw-typing-v4-230	120	optional	認證	mcbopomofo	單詞	認證
tw-typing-v4-230	120	optional	旁邊	mcbopomofo	單詞	旁邊
tw-typing-v4-230	120	optional	航海王	general	概念詞族	日常生活:航海
tw-typing-v4-230	120	required	聲稱	mcbopomofo	單詞	聲稱
tw-typing-v4-230	120	optional	手遊	general	單詞	手遊
tw-typing-v4-230	120	optional	用來	mcbopomofo	單詞	用來
tw-typing-v4-230	120	required	地理	mcbopomofo	概念詞族	日常生活:地理
tw-typing-v4-230	120	required	白皮書	mcbopomofo	單詞	白皮書
tw-typing-v4-230	120	optional	書包	mcbopomofo	單詞	書包
tw-typing-v4-230	120	required	充電樁	general	概念詞族	日常生活:充電
tw-typing-v4-230	120	required	專利	mcbopomofo	單詞	專利
tw-typing-v4-230	120	required	合作社	mcbopomofo	概念詞族	日常生活:合作
tw-typing-v4-230	120	optional	蛋白	mcbopomofo	概念詞族	日常生活:蛋白
tw-typing-v4-231	5	optional	結構型商品	finance	概念詞族	商業管理:商品
tw-typing-v4-231	5	required	權責發生制	finance	概念詞族	商業管理:發生
tw-typing-v4-231	5	required	生產力指標	business	概念詞族	商業管理:指標
tw-typing-v4-231	5	optional	通路	business,mcbopomofo	單詞	通路
tw-typing-v4-231	5	required	政府會計	finance	概念詞族	商業管理:政府
tw-typing-v4-231	5	required	壓力測試	finance	概念詞族	商業管理:測試
tw-typing-v4-231	5	optional	安全庫存	business	概念詞族	商業管理:庫存
tw-typing-v4-231	5	required	現金流量表	finance	概念詞族	商業管理:流量
tw-typing-v4-231	5	optional	氣候	business,mcbopomofo	概念詞族	商業管理:氣候
tw-typing-v4-231	5	optional	自由現金流	finance	概念詞族	商業管理:自由
tw-typing-v4-231	5	optional	附註	finance,mcbopomofo	單詞	附註
tw-typing-v4-231	5	optional	預測	business,finance,mcbopomofo	概念詞族	商業管理:預測
tw-typing-v4-231	5	required	平衡計分卡	business	概念詞族	商業管理:平衡
tw-typing-v4-231	5	optional	重大性分析	business	概念詞族	商業管理:性分
tw-typing-v4-231	5	required	畫布	business,mcbopomofo	單詞	畫布
tw-typing-v4-231	5	required	存貨預測	finance	概念詞族	商業管理:存貨
tw-typing-v4-231	5	optional	倍數	finance,mcbopomofo	單詞	倍數
tw-typing-v4-231	5	optional	治理	business,mcbopomofo,network-security	概念詞族	商業管理:治理
tw-typing-v4-231	5	required	混合成本	finance	概念詞族	商業管理:混合
tw-typing-v4-231	5	required	揭露	business,mcbopomofo	單詞	揭露
tw-typing-v4-231	5	optional	現金流目標	business	概念詞族	商業管理:目標
tw-typing-v4-231	5	required	責任	business,mcbopomofo	概念詞族	商業管理:責任
tw-typing-v4-231	5	required	可行	business,mcbopomofo	單詞	可行
tw-typing-v4-231	5	optional	會計估計	finance	概念詞族	商業管理:估計
tw-typing-v4-231	5	required	利息	finance,mcbopomofo	單詞	利息
tw-typing-v4-231	5	optional	市場滲透率	business	概念詞族	商業管理:滲透
tw-typing-v4-231	5	required	加權	finance,mcbopomofo	單詞	加權
tw-typing-v4-231	5	optional	忠實表述	finance	單詞	忠實表述
tw-typing-v4-231	5	required	客戶成功	business	概念詞族	商業管理:成功
tw-typing-v4-231	5	optional	模型風險	finance	概念詞族	商業管理:型風
tw-typing-v4-232	156	required	清代	history,mcbopomofo	單詞	清代
tw-typing-v4-232	156	required	康德	mcbopomofo,people-history	單詞	康德
tw-typing-v4-232	156	optional	施振榮	mcbopomofo,people-oldnews	單詞	施振榮
tw-typing-v4-232	156	optional	孫中山	mcbopomofo,people-history	單詞	孫中山
tw-typing-v4-232	156	required	鄭成功	mcbopomofo,people-history	概念詞族	歷史人物:成功
tw-typing-v4-232	156	optional	達文西	mcbopomofo,people-history	單詞	達文西
tw-typing-v4-232	156	optional	州廳制	history	單詞	州廳制
tw-typing-v4-232	156	optional	楊牧	mcbopomofo,people-oldnews	單詞	楊牧
tw-typing-v4-232	156	optional	飛彈	history,mcbopomofo	單詞	飛彈
tw-typing-v4-232	156	optional	呂秀蓮	mcbopomofo,people-oldnews	單詞	呂秀蓮
tw-typing-v4-232	156	required	史學方法	history	概念詞族	歷史人物:方法
tw-typing-v4-232	156	optional	陳文茜	mcbopomofo,people-contemporary	單詞	陳文茜
tw-typing-v4-232	156	required	顏回	mcbopomofo,people-history	單詞	顏回
tw-typing-v4-232	156	required	金庸	mcbopomofo,people-oldnews	單詞	金庸
tw-typing-v4-232	156	optional	香取慎吾	mcbopomofo,people-contemporary	單詞	香取慎吾
tw-typing-v4-232	156	optional	班超	mcbopomofo,people-history	單詞	班超
tw-typing-v4-232	156	required	後殖民史學	history	概念詞族	歷史人物:殖民
tw-typing-v4-232	156	optional	牛頓	mcbopomofo,people-history	概念詞族	歷史人物:牛頓
tw-typing-v4-232	156	required	朱熹	mcbopomofo,people-history	單詞	朱熹
tw-typing-v4-232	156	required	許水德	mcbopomofo,people-oldnews	單詞	許水德
tw-typing-v4-232	156	required	尼克森	mcbopomofo,people-oldnews	概念詞族	歷史人物:尼克
tw-typing-v4-232	156	optional	周杰倫	mcbopomofo,people-contemporary	單詞	周杰倫
tw-typing-v4-232	156	required	民主化時期	history	概念詞族	歷史人物:化時
tw-typing-v4-232	156	required	賈伯斯	mcbopomofo,people-contemporary	單詞	賈伯斯
tw-typing-v4-232	156	required	絲綢之路	history,mcbopomofo	單詞	絲綢之路
tw-typing-v4-232	156	required	張清芳	mcbopomofo,people-oldnews	單詞	張清芳
tw-typing-v4-232	156	required	微觀史	history	單詞	微觀史
tw-typing-v4-232	156	optional	管仲	mcbopomofo,people-history	單詞	管仲
tw-typing-v4-232	156	optional	古希臘文明	history	概念詞族	歷史人物:希臘
tw-typing-v4-232	156	optional	高行健	mcbopomofo,people-contemporary	單詞	高行健
tw-typing-v4-233	160	required	固定床	materials-chemistry	概念詞族	科學環境:固定
tw-typing-v4-233	160	optional	泡利	science	單詞	泡利
tw-typing-v4-233	160	required	彎曲試驗	materials-chemistry	概念詞族	科學環境:彎曲
tw-typing-v4-233	160	optional	薛丁格方程	science	概念詞族	科學環境:丁格
tw-typing-v4-233	160	optional	初級處理	energy-environment	概念詞族	科學環境:初級
tw-typing-v4-233	160	optional	種子學	agriculture-food	單詞	種子學
tw-typing-v4-233	160	optional	淨零路徑	energy-environment	概念詞族	科學環境:路徑
tw-typing-v4-233	160	required	海森堡	science	單詞	海森堡
tw-typing-v4-233	160	required	穿透式	materials-chemistry	單詞	穿透式
tw-typing-v4-233	160	required	硬度試驗	materials-chemistry	概念詞族	科學環境:硬度
tw-typing-v4-233	160	optional	衝擊試驗	materials-chemistry	概念詞族	科學環境:衝擊
tw-typing-v4-233	160	optional	神經科學	science	概念詞族	科學環境:神經
tw-typing-v4-233	160	optional	離子交換	materials-chemistry	概念詞族	科學環境:離子
tw-typing-v4-233	160	optional	熱固性塑膠	materials-chemistry	概念詞族	科學環境:性塑
tw-typing-v4-233	160	optional	熱重分析	materials-chemistry	單詞	熱重分析
tw-typing-v4-233	160	required	轉型風險	energy-environment	概念詞族	科學環境:型風
tw-typing-v4-233	160	required	選擇定則	science	概念詞族	科學環境:選擇
tw-typing-v4-233	160	optional	凝態物理	science	概念詞族	科學環境:態物
tw-typing-v4-233	160	required	質點缺陷	materials-chemistry	概念詞族	科學環境:缺陷
tw-typing-v4-233	160	required	氣候變遷	energy-environment	概念詞族	科學環境:變遷
tw-typing-v4-233	160	optional	李斯特菌	agriculture-food	概念詞族	農業食品:李斯
tw-typing-v4-233	160	optional	二氧化碳	energy-environment,mcbopomofo	概念詞族	科學環境:化碳
tw-typing-v4-233	160	required	方程	materials-chemistry,mcbopomofo,science	概念詞族	科學環境:方程
tw-typing-v4-233	160	required	鋼材	materials-chemistry,mcbopomofo	概念詞族	科學環境:鋼材
tw-typing-v4-233	160	optional	電池材料	materials-chemistry	概念詞族	科學環境:電池
tw-typing-v4-233	160	required	自由能	science	概念詞族	科學環境:自由
tw-typing-v4-233	160	optional	拉伸試驗	materials-chemistry	概念詞族	科學環境:拉伸
tw-typing-v4-233	160	required	聚碳酸酯	materials-chemistry	單詞	聚碳酸酯
tw-typing-v4-233	160	required	化學動力學	science	概念詞族	科學環境:動力
tw-typing-v4-233	160	required	熱塑性塑膠	materials-chemistry	概念詞族	科學環境:塑膠
tw-typing-v4-234	113	required	稅率	mcbopomofo	單詞	稅率
tw-typing-v4-234	113	required	一再	mcbopomofo	單詞	一再
tw-typing-v4-234	113	required	第五	mcbopomofo	單詞	第五
tw-typing-v4-234	113	required	落差	mcbopomofo	單詞	落差
tw-typing-v4-234	113	optional	混合辦公	general	概念詞族	日常生活:辦公
tw-typing-v4-234	113	optional	精采	mcbopomofo	單詞	精采
tw-typing-v4-234	113	optional	加班	mcbopomofo	單詞	加班
tw-typing-v4-234	113	required	城堡	mcbopomofo	單詞	城堡
tw-typing-v4-234	113	required	樂器	mcbopomofo	單詞	樂器
tw-typing-v4-234	113	optional	國內	mcbopomofo	單詞	國內
tw-typing-v4-234	113	required	眼光	mcbopomofo	單詞	眼光
tw-typing-v4-234	113	optional	簡化	mcbopomofo	單詞	簡化
tw-typing-v4-234	113	optional	芝加哥	mcbopomofo	單詞	芝加哥
tw-typing-v4-234	113	optional	訪問	mcbopomofo	單詞	訪問
tw-typing-v4-234	113	optional	實施	mcbopomofo	單詞	實施
tw-typing-v4-234	113	required	個人申請	general	概念詞族	日常生活:申請
tw-typing-v4-234	113	optional	培育	mcbopomofo	單詞	培育
tw-typing-v4-234	113	optional	花錢	mcbopomofo	單詞	花錢
tw-typing-v4-234	113	required	總統	mcbopomofo	單詞	總統
tw-typing-v4-234	113	optional	清楚	mcbopomofo	單詞	清楚
tw-typing-v4-234	113	optional	證明	mcbopomofo	概念詞族	日常生活:證明
tw-typing-v4-234	113	optional	之下	mcbopomofo	單詞	之下
tw-typing-v4-234	113	optional	多達	mcbopomofo	單詞	多達
tw-typing-v4-234	113	required	不適	mcbopomofo	單詞	不適
tw-typing-v4-234	113	optional	展示	mcbopomofo	概念詞族	日常生活:展示
tw-typing-v4-234	113	required	某些	mcbopomofo	單詞	某些
tw-typing-v4-234	113	required	之外	mcbopomofo	單詞	之外
tw-typing-v4-234	113	required	協調	mcbopomofo	單詞	協調
tw-typing-v4-234	113	required	重新	mcbopomofo	單詞	重新
tw-typing-v4-234	113	required	畢業	mcbopomofo	單詞	畢業
tw-typing-v4-235	57	required	資安事件	network-security	概念詞族	數位科技:安事
tw-typing-v4-235	57	required	維度	ai-data-science,mcbopomofo	單詞	維度
tw-typing-v4-235	57	optional	姿態估計	ai-data-science	概念詞族	數位科技:估計
tw-typing-v4-235	57	optional	後端服務	software	概念詞族	數位科技:端服
tw-typing-v4-235	57	required	商務	mcbopomofo,network-security	單詞	商務
tw-typing-v4-235	57	optional	特權	mcbopomofo,network-security	單詞	特權
tw-typing-v4-235	57	optional	存取控制	network-security,software	概念詞族	數位科技:存取
tw-typing-v4-235	57	required	傳輸	mcbopomofo,network-security	概念詞族	數位科技:傳輸
tw-typing-v4-235	57	optional	部署	ai-data-science,mcbopomofo,software	單詞	部署
tw-typing-v4-235	57	optional	架構	mcbopomofo,software	概念詞族	數位科技:架構
tw-typing-v4-235	57	optional	密度分群	ai-data-science	概念詞族	數位科技:密度
tw-typing-v4-235	57	optional	最小權限	network-security	概念詞族	數位科技:最小
tw-typing-v4-235	57	optional	硬體	mcbopomofo,network-security	單詞	硬體
tw-typing-v4-235	57	required	深層	ai-data-science,civil-engineering,mcbopomofo	單詞	深層
tw-typing-v4-235	57	required	遠端	mcbopomofo,network-security	單詞	遠端
tw-typing-v4-235	57	required	阻斷	mcbopomofo,network-security	單詞	阻斷
tw-typing-v4-235	57	optional	變分	ai-data-science	單詞	變分
tw-typing-v4-235	57	optional	模式	mcbopomofo,software	概念詞族	數位科技:模式
tw-typing-v4-235	57	required	交叉驗證	ai-data-science	概念詞族	數位科技:驗證
tw-typing-v4-235	57	required	單一	mcbopomofo,software	概念詞族	數位科技:單一
tw-typing-v4-235	57	optional	語意	ai-data-science,mcbopomofo	概念詞族	數位科技:語意
tw-typing-v4-235	57	optional	字元	ai-data-science,mcbopomofo	單詞	字元
tw-typing-v4-235	57	required	多任務學習	ai-data-science	概念詞族	數位科技:任務
tw-typing-v4-235	57	required	高效	ai-data-science,biotech-pharma,mcbopomofo	概念詞族	數位科技:高效
tw-typing-v4-235	57	optional	文本分類	ai-data-science	概念詞族	數位科技:本分
tw-typing-v4-235	57	required	樣本不平衡	ai-data-science	概念詞族	數位科技:不平
tw-typing-v4-235	57	required	廣度	mcbopomofo,software	單詞	廣度
tw-typing-v4-235	57	optional	單元	ai-data-science,mcbopomofo,network-security,semiconductor,software	概念詞族	數位科技:單元
tw-typing-v4-235	57	required	備援	mcbopomofo,software	單詞	備援
tw-typing-v4-235	57	required	人工智慧	ai-data-science,general,mcbopomofo	概念詞族	數位科技:人工
tw-typing-v4-236	179	required	游離	mcbopomofo,medicine	單詞	游離
tw-typing-v4-236	179	optional	基因克隆	biotech-pharma	概念詞族	醫療生技:基因
tw-typing-v4-236	179	optional	生體可用率	biotech-pharma	概念詞族	醫療生技:用率
tw-typing-v4-236	179	required	敏感性	mcbopomofo,medicine	概念詞族	醫療生技:敏感
tw-typing-v4-236	179	required	經皮	medicine	單詞	經皮
tw-typing-v4-236	179	required	壞死性	medicine	單詞	壞死性
tw-typing-v4-236	179	required	窘迫	mcbopomofo,medicine	單詞	窘迫
tw-typing-v4-236	179	required	皮膚炎	mcbopomofo,medicine	概念詞族	醫療生技:皮膚
tw-typing-v4-236	179	required	超音波檢查	medicine	概念詞族	醫療生技:波檢
tw-typing-v4-236	179	optional	隨機分派	biotech-pharma	概念詞族	醫療生技:隨機
tw-typing-v4-236	179	required	前列腺肥大	medicine	單詞	前列腺肥大
tw-typing-v4-236	179	optional	系統性	mcbopomofo,medicine	單詞	系統性
tw-typing-v4-236	179	optional	部分	mcbopomofo,medicine	概念詞族	醫療生技:部分
tw-typing-v4-236	179	required	鹼性磷酸酶	medicine	單詞	鹼性磷酸酶
tw-typing-v4-236	179	optional	藥物過敏	biotech-pharma	概念詞族	醫療生技:過敏
tw-typing-v4-236	179	optional	肺部	mcbopomofo,medicine	單詞	肺部
tw-typing-v4-236	179	optional	腎絲球	medicine	單詞	腎絲球
tw-typing-v4-236	179	required	基因編輯	biotech-pharma	概念詞族	醫療生技:編輯
tw-typing-v4-236	179	required	葡萄球菌	agriculture-food,mcbopomofo	概念詞族	農業食品:葡萄
tw-typing-v4-236	179	required	增多症	medicine	單詞	增多症
tw-typing-v4-236	179	optional	心因性休克	medicine	單詞	心因性休克
tw-typing-v4-236	179	required	喉嚨異物感	medicine	單詞	喉嚨異物感
tw-typing-v4-236	179	optional	內分泌系統	mcbopomofo,medicine	單詞	內分泌系統
tw-typing-v4-236	179	required	鈣化	mcbopomofo,medicine	單詞	鈣化
tw-typing-v4-236	179	required	連結	biotech-pharma,mcbopomofo	單詞	連結
tw-typing-v4-236	179	optional	病變	mcbopomofo,medicine	單詞	病變
tw-typing-v4-236	179	optional	液相層析	biotech-pharma	單詞	液相層析
tw-typing-v4-236	179	optional	誘導性	biotech-pharma	單詞	誘導性
tw-typing-v4-236	179	optional	周邊	mcbopomofo,medicine	單詞	周邊
tw-typing-v4-236	179	optional	實驗室檢查	medicine	概念詞族	醫療生技:驗室
tw-typing-v4-237	155	required	李斯特	mcbopomofo,people-history	概念詞族	歷史人物:李斯
tw-typing-v4-237	155	required	內部批判	history	概念詞族	歷史人物:部批
tw-typing-v4-237	155	optional	劉邦	mcbopomofo,people-history	單詞	劉邦
tw-typing-v4-237	155	required	戚繼光	mcbopomofo,people-history	單詞	戚繼光
tw-typing-v4-237	155	required	楊朝祥	mcbopomofo,people-oldnews	單詞	楊朝祥
tw-typing-v4-237	155	required	歐巴馬	mcbopomofo,people-contemporary	單詞	歐巴馬
tw-typing-v4-237	155	optional	韓國瑜	people-contemporary	概念詞族	歷史人物:韓國
tw-typing-v4-237	155	required	佛洛伊德	mcbopomofo,people-history,software	概念詞族	歷史人物:佛洛
tw-typing-v4-237	155	optional	鄧小平	mcbopomofo,people-oldnews	單詞	鄧小平
tw-typing-v4-237	155	optional	林懷民	mcbopomofo,people-oldnews	單詞	林懷民
tw-typing-v4-237	155	required	李登輝	mcbopomofo,people-oldnews	單詞	李登輝
tw-typing-v4-237	155	required	外部批判	history	概念詞族	歷史人物:部批
tw-typing-v4-237	155	required	林覺民	mcbopomofo,people-history	單詞	林覺民
tw-typing-v4-237	155	optional	林智勝	mcbopomofo,people-contemporary	單詞	林智勝
tw-typing-v4-237	155	optional	美國革命	history	概念詞族	歷史人物:國革
tw-typing-v4-237	155	optional	雍正	mcbopomofo,people-history	單詞	雍正
tw-typing-v4-237	155	optional	世界大戰	history,mcbopomofo	概念詞族	歷史人物:大戰
tw-typing-v4-237	155	optional	亞當斯密	mcbopomofo,people-history	單詞	亞當斯密
tw-typing-v4-237	155	required	佛洛依德	mcbopomofo,people-history	概念詞族	歷史人物:佛洛
tw-typing-v4-237	155	optional	墨索里尼	mcbopomofo,people-history	單詞	墨索里尼
tw-typing-v4-237	155	required	瓦特	mcbopomofo,people-history	單詞	瓦特
tw-typing-v4-237	155	optional	石原慎太郎	mcbopomofo,people-oldnews	單詞	石原慎太郎
tw-typing-v4-237	155	optional	斯巴達城邦	history	單詞	斯巴達城邦
tw-typing-v4-237	155	optional	游錫堃	mcbopomofo,people-oldnews	單詞	游錫堃
tw-typing-v4-237	155	optional	布希	mcbopomofo,people-oldnews	單詞	布希
tw-typing-v4-237	155	required	李斯	mcbopomofo,people-history	概念詞族	歷史人物:李斯
tw-typing-v4-237	155	required	邊疆治理	history	概念詞族	歷史人物:治理
tw-typing-v4-237	155	required	戈巴契夫	mcbopomofo,people-oldnews	單詞	戈巴契夫
tw-typing-v4-237	155	optional	張良	mcbopomofo,people-history	單詞	張良
tw-typing-v4-237	155	required	伯羅奔尼撒	history	單詞	伯羅奔尼撒
tw-typing-v4-238	36	optional	解列	government	單詞	解列
tw-typing-v4-238	36	required	構成	law,mcbopomofo	單詞	構成
tw-typing-v4-238	36	optional	恐嚇取財罪	law	單詞	恐嚇取財罪
tw-typing-v4-238	36	optional	責任能力	law	概念詞族	政府法律:能力
tw-typing-v4-238	36	required	義務	law,mcbopomofo	單詞	義務
tw-typing-v4-238	36	required	違憲審查	law	概念詞族	政府法律:審查
tw-typing-v4-238	36	optional	緊急避難	law	單詞	緊急避難
tw-typing-v4-238	36	required	時效取得	law	概念詞族	政府法律:時效
tw-typing-v4-238	36	optional	憲法訴訟	law	概念詞族	政府法律:憲法
tw-typing-v4-238	36	optional	服務法	government	概念詞族	政府法律:服務
tw-typing-v4-238	36	optional	權力分立	law	概念詞族	政府法律:力分
tw-typing-v4-238	36	required	所有	law,mcbopomofo	單詞	所有
tw-typing-v4-238	36	required	損益相抵	law	概念詞族	政府法律:相抵
tw-typing-v4-238	36	required	審查	government,mcbopomofo	概念詞族	政府法律:審查
tw-typing-v4-238	36	optional	情事變更	law	概念詞族	政府法律:變更
tw-typing-v4-238	36	optional	要件	law,mcbopomofo	概念詞族	政府法律:要件
tw-typing-v4-238	36	required	過失相抵	law	概念詞族	政府法律:相抵
tw-typing-v4-238	36	required	歸檔	government,mcbopomofo	單詞	歸檔
tw-typing-v4-238	36	optional	個人	government,mcbopomofo	概念詞族	政府法律:個人
tw-typing-v4-238	36	optional	侵權行為	law	概念詞族	政府法律:權行
tw-typing-v4-238	36	required	平等權	law	概念詞族	政府法律:平等
tw-typing-v4-238	36	required	財產	law,mcbopomofo	概念詞族	政府法律:財產
tw-typing-v4-238	36	required	消滅時效	law	概念詞族	政府法律:時效
tw-typing-v4-238	36	optional	證據能力	law	概念詞族	政府法律:能力
tw-typing-v4-238	36	optional	損失補償	law	概念詞族	政府法律:補償
tw-typing-v4-238	36	optional	憲法法庭	law	概念詞族	政府法律:憲法
tw-typing-v4-238	36	required	解釋	mcbopomofo	同義近義	說明解釋
tw-typing-v4-238	36	required	說明	government,mcbopomofo	同義近義	說明解釋
tw-typing-v4-238	36	required	平等原則	law	概念詞族	政府法律:平等
tw-typing-v4-238	36	optional	主觀	law,mcbopomofo	單詞	主觀
tw-typing-v4-239	31	optional	積層製造	manufacturing	概念詞族	工程製造:製造
tw-typing-v4-239	31	optional	吸音性能	civil-engineering	概念詞族	工程製造:性能
tw-typing-v4-239	31	optional	建築	civil-engineering,mcbopomofo	概念詞族	工程製造:建築
tw-typing-v4-239	31	required	模板修復	civil-engineering	概念詞族	工程製造:板修
tw-typing-v4-239	31	required	壓鑄機	manufacturing	概念詞族	工程製造:壓鑄
tw-typing-v4-239	31	required	水刀加工	manufacturing	概念詞族	工程製造:加工
tw-typing-v4-239	31	optional	建築聲學	civil-engineering	概念詞族	工程製造:建築
tw-typing-v4-239	31	required	壓縮彈簧	manufacturing	概念詞族	工程製造:彈簧
tw-typing-v4-239	31	optional	帷幕牆補強	civil-engineering	概念詞族	工程製造:牆補
tw-typing-v4-239	31	optional	開挖面穩定	civil-engineering	概念詞族	工程製造:穩定
tw-typing-v4-239	31	optional	抽樣檢驗	industrial-engineering,manufacturing	概念詞族	工程製造:抽樣
tw-typing-v4-239	31	required	可靠度	industrial-engineering,transport-logistics	概念詞族	工程製造:靠度
tw-typing-v4-239	31	optional	工作抽樣	industrial-engineering	概念詞族	工程製造:抽樣
tw-typing-v4-239	31	optional	檢測設備	manufacturing	概念詞族	工程製造:設備
tw-typing-v4-239	31	required	鈑金加工	manufacturing	概念詞族	工程製造:加工
tw-typing-v4-239	31	required	效率	manufacturing,mcbopomofo	概念詞族	工程製造:效率
tw-typing-v4-239	31	optional	增材製造	manufacturing	概念詞族	工程製造:製造
tw-typing-v4-239	31	optional	剪力牆補強	civil-engineering	概念詞族	工程製造:牆補
tw-typing-v4-239	31	optional	性能式設計	civil-engineering	概念詞族	工程製造:性能
tw-typing-v4-239	31	required	噴射	civil-engineering,mcbopomofo	概念詞族	工程製造:噴射
tw-typing-v4-239	31	required	可靠度工程	manufacturing	概念詞族	工程製造:靠度
tw-typing-v4-239	31	required	資訊	civil-engineering,education,government,mcbopomofo,network-security	同義近義	資料資訊數據
tw-typing-v4-239	31	optional	設備	energy-environment,finance,industrial-engineering,manufacturing,mcbopomofo,semiconductor	概念詞族	工程製造:設備
tw-typing-v4-239	31	required	扭力彈簧	manufacturing	概念詞族	工程製造:彈簧
tw-typing-v4-239	31	optional	穩定分析	civil-engineering	概念詞族	工程製造:穩定
tw-typing-v4-239	31	required	樓板修復	civil-engineering	概念詞族	工程製造:板修
tw-typing-v4-239	31	optional	效率改善	industrial-engineering	概念詞族	工程製造:效率
tw-typing-v4-239	31	required	資料	ai-data-science,government,mcbopomofo,network-security	同義近義	資料資訊數據
tw-typing-v4-239	31	required	噴射混凝土	civil-engineering	概念詞族	工程製造:噴射
tw-typing-v4-239	31	required	壓鑄模具	manufacturing	概念詞族	工程製造:壓鑄
tw-typing-v4-240	162	optional	高基氏體	science	單詞	高基氏體
tw-typing-v4-240	162	required	量子化	science	概念詞族	科學環境:子化
tw-typing-v4-240	162	required	時效處理	materials-chemistry	概念詞族	科學環境:時效
tw-typing-v4-240	162	optional	重量	mcbopomofo,science	單詞	重量
tw-typing-v4-240	162	required	傳遞現象	materials-chemistry	概念詞族	科學環境:現象
tw-typing-v4-240	162	required	磁通量	science	概念詞族	科學環境:通量
tw-typing-v4-240	162	optional	最終處置	energy-environment	單詞	最終處置
tw-typing-v4-240	162	required	化合物	materials-chemistry,mcbopomofo	概念詞族	科學環境:化合
tw-typing-v4-240	162	optional	駐波	science	單詞	駐波
tw-typing-v4-240	162	optional	疊加態	science	單詞	疊加態
tw-typing-v4-240	162	optional	分散式能源	energy-environment	概念詞族	科學環境:分散
tw-typing-v4-240	162	required	量子	mcbopomofo,science	概念詞族	科學環境:量子
tw-typing-v4-240	162	optional	晶粒成長	materials-chemistry	概念詞族	科學環境:晶粒
tw-typing-v4-240	162	optional	基因表現	science	概念詞族	科學環境:表現
tw-typing-v4-240	162	optional	排放交易	energy-environment	概念詞族	科學環境:交易
tw-typing-v4-240	162	optional	物種形成	science	概念詞族	科學環境:形成
tw-typing-v4-240	162	required	尖峰負載	energy-environment	概念詞族	科學環境:峰負
tw-typing-v4-240	162	required	介電材料	materials-chemistry	概念詞族	科學環境:介電
tw-typing-v4-240	162	required	序批式	energy-environment	單詞	序批式
tw-typing-v4-240	162	required	電性分析	materials-chemistry	概念詞族	科學環境:性分
tw-typing-v4-240	162	optional	產品碳足跡	energy-environment	概念詞族	科學環境:產品
tw-typing-v4-240	162	optional	能源查核	energy-environment	概念詞族	科學環境:查核
tw-typing-v4-240	162	optional	熱交換器	materials-chemistry	概念詞族	科學環境:交換
tw-typing-v4-240	162	optional	電壓調整	energy-environment	概念詞族	科學環境:電壓
tw-typing-v4-240	162	required	宇宙學	science	概念詞族	科學環境:宇宙
tw-typing-v4-240	162	required	反應速率	materials-chemistry	概念詞族	科學環境:速率
tw-typing-v4-240	162	required	馬克士威	science	概念詞族	科學環境:馬克
tw-typing-v4-240	162	required	拉格朗日	science	單詞	拉格朗日
tw-typing-v4-240	162	optional	廢電子電器	energy-environment	概念詞族	科學環境:電子
tw-typing-v4-240	162	required	一般廢棄物	energy-environment	概念詞族	科學環境:一般
tw-typing-v4-241	151	required	馮紐曼	people-history	單詞	馮紐曼
tw-typing-v4-241	151	optional	李商隱	mcbopomofo,people-history	單詞	李商隱
tw-typing-v4-241	151	optional	胡耀邦	mcbopomofo,people-oldnews	單詞	胡耀邦
tw-typing-v4-241	151	optional	開港通商	history	單詞	開港通商
tw-typing-v4-241	151	required	神農	mcbopomofo,people-history	單詞	神農
tw-typing-v4-241	151	optional	財政制度	history	概念詞族	歷史人物:財政
tw-typing-v4-241	151	optional	梅克爾	people-contemporary	概念詞族	歷史人物:克爾
tw-typing-v4-241	151	required	霍布斯	mcbopomofo,people-history	概念詞族	歷史人物:布斯
tw-typing-v4-241	151	required	蔡倫	mcbopomofo,people-history	單詞	蔡倫
tw-typing-v4-241	151	required	黃興	mcbopomofo,people-history	單詞	黃興
tw-typing-v4-241	151	required	賴清德	mcbopomofo,people-contemporary	單詞	賴清德
tw-typing-v4-241	151	required	傅斯年	mcbopomofo,people-oldnews	單詞	傅斯年
tw-typing-v4-241	151	optional	清末新政	history	單詞	清末新政
tw-typing-v4-241	151	required	組織	history,mcbopomofo,psychology-society	概念詞族	歷史人物:組織
tw-typing-v4-241	151	required	川普	mcbopomofo,people-contemporary	單詞	川普
tw-typing-v4-241	151	optional	魯班	mcbopomofo,people-history	單詞	魯班
tw-typing-v4-241	151	required	莫札特	mcbopomofo,people-history	單詞	莫札特
tw-typing-v4-241	151	optional	胡志強	mcbopomofo,people-contemporary	單詞	胡志強
tw-typing-v4-241	151	required	蘇嘉全	mcbopomofo,people-contemporary	單詞	蘇嘉全
tw-typing-v4-241	151	optional	江澤民	mcbopomofo,people-oldnews	單詞	江澤民
tw-typing-v4-241	151	required	議會	history,mcbopomofo	單詞	議會
tw-typing-v4-241	151	optional	孫文	mcbopomofo,people-history	單詞	孫文
tw-typing-v4-241	151	optional	釋迦牟尼佛	mcbopomofo,people-history	概念詞族	歷史人物:迦牟
tw-typing-v4-241	151	optional	漢代	history,mcbopomofo	單詞	漢代
tw-typing-v4-241	151	optional	韋伯	mcbopomofo,people-history	單詞	韋伯
tw-typing-v4-241	151	required	請願	history,mcbopomofo	單詞	請願
tw-typing-v4-241	151	optional	羅丹	mcbopomofo,people-history	單詞	羅丹
tw-typing-v4-241	151	required	李安	mcbopomofo,people-contemporary	單詞	李安
tw-typing-v4-241	151	required	雷根	mcbopomofo,people-oldnews	單詞	雷根
tw-typing-v4-241	151	optional	羅馬共和	history	概念詞族	歷史人物:共和
tw-typing-v4-242	63	required	是用	mcbopomofo	單詞	是用
tw-typing-v4-242	63	required	經常	mcbopomofo	單詞	經常
tw-typing-v4-242	63	optional	三日	mcbopomofo	單詞	三日
tw-typing-v4-242	63	required	那邊	mcbopomofo	單詞	那邊
tw-typing-v4-242	63	optional	協會	mcbopomofo	概念詞族	日常生活:協會
tw-typing-v4-242	63	required	雞蛋	mcbopomofo	單詞	雞蛋
tw-typing-v4-242	63	required	不實	mcbopomofo	單詞	不實
tw-typing-v4-242	63	required	自在	mcbopomofo	單詞	自在
tw-typing-v4-242	63	required	新書	mcbopomofo	單詞	新書
tw-typing-v4-242	63	optional	年中	mcbopomofo	單詞	年中
tw-typing-v4-242	63	optional	露出	mcbopomofo	單詞	露出
tw-typing-v4-242	63	optional	人在	mcbopomofo	單詞	人在
tw-typing-v4-242	63	required	宣告	mcbopomofo	概念詞族	日常生活:宣告
tw-typing-v4-242	63	optional	舉動	mcbopomofo	單詞	舉動
tw-typing-v4-242	63	optional	期間	mcbopomofo	概念詞族	日常生活:期間
tw-typing-v4-242	63	optional	施行	mcbopomofo	單詞	施行
tw-typing-v4-242	63	optional	美麗	mcbopomofo	單詞	美麗
tw-typing-v4-242	63	optional	科目	mcbopomofo	單詞	科目
tw-typing-v4-242	63	optional	報導	mcbopomofo	概念詞族	日常生活:報導
tw-typing-v4-242	63	required	導演	mcbopomofo	單詞	導演
tw-typing-v4-242	63	required	加州	mcbopomofo	單詞	加州
tw-typing-v4-242	63	optional	不可	mcbopomofo	概念詞族	日常生活:不可
tw-typing-v4-242	63	required	領域	mcbopomofo	概念詞族	日常生活:領域
tw-typing-v4-242	63	required	去年	mcbopomofo	單詞	去年
tw-typing-v4-242	63	optional	金額	mcbopomofo	單詞	金額
tw-typing-v4-242	63	required	家園	mcbopomofo	單詞	家園
tw-typing-v4-242	63	required	長長	mcbopomofo	單詞	長長
tw-typing-v4-242	63	optional	議題	mcbopomofo	概念詞族	日常生活:議題
tw-typing-v4-242	63	optional	他人	mcbopomofo	單詞	他人
tw-typing-v4-242	63	required	日前	mcbopomofo	單詞	日前
tw-typing-v4-243	8	optional	價值	business,mcbopomofo	概念詞族	商業管理:價值
tw-typing-v4-243	8	required	變動成本	finance	概念詞族	商業管理:變動
tw-typing-v4-243	8	required	封閉型基金	finance	概念詞族	商業管理:型基
tw-typing-v4-243	8	optional	非流動資產	finance	概念詞族	商業管理:非流
tw-typing-v4-243	8	optional	接班人計畫	business	概念詞族	商業管理:計畫
tw-typing-v4-243	8	optional	人才招募	business	概念詞族	商業管理:人才
tw-typing-v4-243	8	required	基準計畫	business	概念詞族	商業管理:計畫
tw-typing-v4-243	8	optional	價值主張	business	概念詞族	商業管理:價值
tw-typing-v4-243	8	optional	非流動負債	finance	概念詞族	商業管理:非流
tw-typing-v4-243	8	required	應付票據	finance	概念詞族	商業管理:票據
tw-typing-v4-243	8	required	營收成長率	business	概念詞族	商業管理:營收
tw-typing-v4-243	8	required	產業集中度	business	概念詞族	商業管理:產業
tw-typing-v4-243	8	required	回收期間	finance	概念詞族	商業管理:收期
tw-typing-v4-243	8	required	轉換率	business	概念詞族	商業管理:換率
tw-typing-v4-243	8	optional	安索夫矩陣	business	概念詞族	商業管理:矩陣
tw-typing-v4-243	8	optional	信用利差	finance	概念詞族	商業管理:信用
tw-typing-v4-243	8	required	權益變動表	finance	概念詞族	商業管理:變動
tw-typing-v4-243	8	required	產業	business,mcbopomofo	概念詞族	商業管理:產業
tw-typing-v4-243	8	optional	資金	finance,mcbopomofo	概念詞族	商業管理:資金
tw-typing-v4-243	8	required	轉換率分析	business	概念詞族	商業管理:換率
tw-typing-v4-243	8	optional	營運資金	finance	概念詞族	商業管理:資金
tw-typing-v4-243	8	optional	產品	business,mcbopomofo	同義近義	產品商品
tw-typing-v4-243	8	required	折現回收期	finance	概念詞族	商業管理:收期
tw-typing-v4-243	8	required	應收票據	finance	概念詞族	商業管理:票據
tw-typing-v4-243	8	optional	商品	finance,mcbopomofo	同義近義	產品商品
tw-typing-v4-243	8	required	營收達成率	business	概念詞族	商業管理:營收
tw-typing-v4-243	8	optional	人才盤點	business	概念詞族	商業管理:人才
tw-typing-v4-243	8	optional	波士頓矩陣	business	概念詞族	商業管理:矩陣
tw-typing-v4-243	8	required	指數型基金	finance	概念詞族	商業管理:型基
tw-typing-v4-243	8	optional	信用評等	finance	概念詞族	商業管理:信用
tw-typing-v4-244	165	optional	太陽光電	energy-environment	同義近義	太陽能太陽光電
tw-typing-v4-244	165	required	特殊相對論	science	概念詞族	科學環境:對論
tw-typing-v4-244	165	optional	廢棄物	energy-environment,mcbopomofo	概念詞族	科學環境:棄物
tw-typing-v4-244	165	optional	配位聚合	materials-chemistry	概念詞族	科學環境:配位
tw-typing-v4-244	165	optional	陸域風電	energy-environment	概念詞族	科學環境:風電
tw-typing-v4-244	165	required	氧化還原	materials-chemistry	概念詞族	科學環境:還原
tw-typing-v4-244	165	optional	腐蝕	materials-chemistry,mcbopomofo	概念詞族	科學環境:腐蝕
tw-typing-v4-244	165	required	陶瓷材料	materials-chemistry	概念詞族	科學環境:陶瓷
tw-typing-v4-244	165	optional	液液平衡	materials-chemistry	概念詞族	科學環境:液平
tw-typing-v4-244	165	optional	能源管理	energy-environment	概念詞族	科學環境:能源
tw-typing-v4-244	165	required	壓電材料	materials-chemistry	概念詞族	科學環境:電材
tw-typing-v4-244	165	required	選擇性	energy-environment,manufacturing,mcbopomofo	概念詞族	科學環境:擇性
tw-typing-v4-244	165	optional	廢棄物稽核	energy-environment	概念詞族	科學環境:棄物
tw-typing-v4-244	165	required	有害廢棄物	energy-environment	概念詞族	科學環境:有害
tw-typing-v4-244	165	optional	太陽能	energy-environment,mcbopomofo	同義近義	太陽能太陽光電
tw-typing-v4-244	165	optional	氣液平衡	materials-chemistry	概念詞族	科學環境:液平
tw-typing-v4-244	165	optional	能源使用	energy-environment	概念詞族	科學環境:能源
tw-typing-v4-244	165	optional	腐蝕測試	materials-chemistry	概念詞族	科學環境:腐蝕
tw-typing-v4-244	165	required	陶瓷熱處理	materials-chemistry	概念詞族	科學環境:瓷熱
tw-typing-v4-244	165	optional	還原	energy-environment,mcbopomofo	概念詞族	科學環境:還原
tw-typing-v4-244	165	required	空氣	energy-environment,mcbopomofo	概念詞族	科學環境:空氣
tw-typing-v4-244	165	required	空氣污染	energy-environment	概念詞族	科學環境:空氣
tw-typing-v4-244	165	required	陶瓷熱性質	materials-chemistry	概念詞族	科學環境:瓷熱
tw-typing-v4-244	165	required	廣義相對論	science	概念詞族	科學環境:對論
tw-typing-v4-244	165	required	陶瓷	materials-chemistry,mcbopomofo	概念詞族	科學環境:陶瓷
tw-typing-v4-244	165	required	有害	energy-environment,mcbopomofo	概念詞族	科學環境:有害
tw-typing-v4-244	165	optional	離岸風電	energy-environment	概念詞族	科學環境:風電
tw-typing-v4-244	165	optional	配位化學	science	概念詞族	科學環境:配位
tw-typing-v4-244	165	required	非選擇性	energy-environment	概念詞族	科學環境:擇性
tw-typing-v4-244	165	required	熱電材料	materials-chemistry	概念詞族	科學環境:電材
tw-typing-v4-245	196	required	放大器	electronics,mcbopomofo	概念詞族	電子半導體:放大
tw-typing-v4-245	196	optional	增益裕度	electronics	概念詞族	電子半導體:裕度
tw-typing-v4-245	196	required	回授控制	electronics	概念詞族	電子半導體:回授
tw-typing-v4-245	196	optional	場效電晶體	electronics,semiconductor	概念詞族	電子半導體:電晶
tw-typing-v4-245	196	required	清洗機校正	semiconductor	概念詞族	電子半導體:機校
tw-typing-v4-245	196	required	帶通濾波器	electronics	概念詞族	電子半導體:通濾
tw-typing-v4-245	196	optional	研磨	mcbopomofo,semiconductor	概念詞族	電子半導體:研磨
tw-typing-v4-245	196	optional	微影	semiconductor	概念詞族	電子半導體:微影
tw-typing-v4-245	196	optional	三相三線	electronics	概念詞族	電子半導體:三相
tw-typing-v4-245	196	optional	傳輸層	semiconductor	概念詞族	電子半導體:傳輸
tw-typing-v4-245	196	required	半橋轉換器	electronics	概念詞族	電子半導體:橋轉
tw-typing-v4-245	196	optional	三相四線	electronics	概念詞族	電子半導體:三相
tw-typing-v4-245	196	required	奈米線	semiconductor	概念詞族	電子半導體:奈米
tw-typing-v4-245	196	required	全橋轉換器	electronics	概念詞族	電子半導體:橋轉
tw-typing-v4-245	196	optional	非揮發性	semiconductor	概念詞族	電子半導體:揮發
tw-typing-v4-245	196	optional	反向	mcbopomofo,semiconductor	概念詞族	電子半導體:反向
tw-typing-v4-245	196	optional	不穩定性	semiconductor	概念詞族	電子半導體:定性
tw-typing-v4-245	196	required	狀態回授	electronics	概念詞族	電子半導體:回授
tw-typing-v4-245	196	optional	相位裕度	electronics	概念詞族	電子半導體:裕度
tw-typing-v4-245	196	optional	微影製程	semiconductor	概念詞族	電子半導體:微影
tw-typing-v4-245	196	required	差動放大器	electronics	概念詞族	電子半導體:放大
tw-typing-v4-245	196	required	清洗機	semiconductor	概念詞族	電子半導體:洗機
tw-typing-v4-245	196	required	有功功率	electronics	概念詞族	電子半導體:功功
tw-typing-v4-245	196	required	曝光機校正	semiconductor	概念詞族	電子半導體:機校
tw-typing-v4-245	196	required	低通濾波器	electronics	概念詞族	電子半導體:通濾
tw-typing-v4-245	196	optional	電晶體	electronics,mcbopomofo,semiconductor	概念詞族	電子半導體:電晶
tw-typing-v4-245	196	required	奈米片	semiconductor	概念詞族	電子半導體:奈米
tw-typing-v4-245	196	optional	穩態響應	electronics	概念詞族	電子半導體:穩態
tw-typing-v4-245	196	optional	研磨機	semiconductor	概念詞族	電子半導體:研磨
tw-typing-v4-245	196	required	無功功率	electronics	概念詞族	電子半導體:功功
tw-typing-v4-246	88	required	蔬菜	mcbopomofo	單詞	蔬菜
tw-typing-v4-246	88	optional	巴黎	mcbopomofo	單詞	巴黎
tw-typing-v4-246	88	required	以太幣	general	單詞	以太幣
tw-typing-v4-246	88	optional	願望	mcbopomofo	單詞	願望
tw-typing-v4-246	88	optional	容量	mcbopomofo	概念詞族	日常生活:容量
tw-typing-v4-246	88	required	感覺	mcbopomofo	單詞	感覺
tw-typing-v4-246	88	optional	勞動	mcbopomofo	單詞	勞動
tw-typing-v4-246	88	required	長途	mcbopomofo	單詞	長途
tw-typing-v4-246	88	optional	祕書	mcbopomofo	單詞	祕書
tw-typing-v4-246	88	optional	即是	mcbopomofo	單詞	即是
tw-typing-v4-246	88	optional	低迷	mcbopomofo	單詞	低迷
tw-typing-v4-246	88	required	各大	mcbopomofo	單詞	各大
tw-typing-v4-246	88	required	因應	mcbopomofo	單詞	因應
tw-typing-v4-246	88	required	五百	mcbopomofo	單詞	五百
tw-typing-v4-246	88	required	新人	mcbopomofo	單詞	新人
tw-typing-v4-246	88	optional	韓國	mcbopomofo	概念詞族	日常生活:韓國
tw-typing-v4-246	88	required	便會	mcbopomofo	單詞	便會
tw-typing-v4-246	88	optional	維持	mcbopomofo	單詞	維持
tw-typing-v4-246	88	optional	記得	mcbopomofo	單詞	記得
tw-typing-v4-246	88	required	發育	mcbopomofo	單詞	發育
tw-typing-v4-246	88	required	振興	mcbopomofo	單詞	振興
tw-typing-v4-246	88	optional	失去	mcbopomofo	單詞	失去
tw-typing-v4-246	88	optional	的部分	mcbopomofo	概念詞族	日常生活:部分
tw-typing-v4-246	88	required	舊金山	mcbopomofo	單詞	舊金山
tw-typing-v4-246	88	required	指示	mcbopomofo	單詞	指示
tw-typing-v4-246	88	optional	一項	mcbopomofo	單詞	一項
tw-typing-v4-246	88	optional	新店	mcbopomofo	單詞	新店
tw-typing-v4-246	88	required	公尺	mcbopomofo	單詞	公尺
tw-typing-v4-246	88	optional	前途	mcbopomofo	單詞	前途
tw-typing-v4-246	88	required	軍隊	mcbopomofo	單詞	軍隊
tw-typing-v4-247	6	required	普通公司債	finance	概念詞族	商業管理:公司
tw-typing-v4-247	6	required	交換契約	finance	概念詞族	商業管理:交換
tw-typing-v4-247	6	required	留存率	business	概念詞族	商業管理:留存
tw-typing-v4-247	6	optional	融資現金流	finance	概念詞族	商業管理:融資
tw-typing-v4-247	6	optional	衍生性	finance	概念詞族	商業管理:衍生
tw-typing-v4-247	6	optional	分解	business,mcbopomofo	單詞	分解
tw-typing-v4-247	6	required	流動性風險	finance	概念詞族	商業管理:流動
tw-typing-v4-247	6	required	存續期間	finance	概念詞族	商業管理:期間
tw-typing-v4-247	6	required	取得	business,mcbopomofo	概念詞族	商業管理:取得
tw-typing-v4-247	6	optional	專案	business,mcbopomofo	單詞	專案
tw-typing-v4-247	6	optional	人力盤點	business	概念詞族	商業管理:盤點
tw-typing-v4-247	6	optional	綜合損益	finance	概念詞族	商業管理:綜合
tw-typing-v4-247	6	optional	週轉率	finance,mcbopomofo	概念詞族	商業管理:週轉
tw-typing-v4-247	6	optional	金融	finance,mcbopomofo	概念詞族	商業管理:金融
tw-typing-v4-247	6	required	商業模式	business	概念詞族	商業管理:商業
tw-typing-v4-247	6	optional	永續報告書	business	概念詞族	商業管理:永續
tw-typing-v4-247	6	required	顧客滿意度	business	概念詞族	商業管理:顧客
tw-typing-v4-247	6	required	聯合成本	finance	概念詞族	商業管理:合成
tw-typing-v4-247	6	required	直接人工	finance	概念詞族	商業管理:人工
tw-typing-v4-247	6	optional	銷售	business,mcbopomofo	單詞	銷售
tw-typing-v4-247	6	optional	非預期損失	finance	概念詞族	商業管理:預期
tw-typing-v4-247	6	optional	促銷活動	business	概念詞族	商業管理:活動
tw-typing-v4-247	6	required	初級市場	finance	概念詞族	商業管理:級市
tw-typing-v4-247	6	required	員工敬業度	business	概念詞族	商業管理:員工
tw-typing-v4-247	6	optional	雙重重大性	business	概念詞族	商業管理:雙重
tw-typing-v4-247	6	required	人力分析	business	概念詞族	商業管理:力分
tw-typing-v4-247	6	optional	標準成本	finance	概念詞族	商業管理:標準
tw-typing-v4-247	6	required	生命週期	business	概念詞族	商業管理:生命
tw-typing-v4-247	6	required	搜尋引擎	business,mcbopomofo,software	概念詞族	商業管理:搜尋
tw-typing-v4-247	6	optional	投資現金流	finance	概念詞族	商業管理:資現
tw-typing-v4-248	182	required	異位症	medicine	概念詞族	醫療生技:異位
tw-typing-v4-248	182	required	特發性	medicine	概念詞族	醫療生技:發性
tw-typing-v4-248	182	required	異位性	medicine	概念詞族	醫療生技:異位
tw-typing-v4-248	182	optional	硬腦膜下	medicine	概念詞族	醫療生技:膜下
tw-typing-v4-248	182	optional	急性冠心症	medicine	概念詞族	醫療生技:急性
tw-typing-v4-248	182	required	無菌充填	biotech-pharma	概念詞族	醫療生技:無菌
tw-typing-v4-248	182	required	原發性	mcbopomofo,medicine	概念詞族	醫療生技:發性
tw-typing-v4-248	182	optional	間質幹細胞	biotech-pharma	概念詞族	醫療生技:幹細
tw-typing-v4-248	182	required	無菌製程	biotech-pharma	概念詞族	醫療生技:無菌
tw-typing-v4-248	182	required	多發性	mcbopomofo,medicine	概念詞族	醫療生技:發性
tw-typing-v4-248	182	required	上消化道	medicine	概念詞族	醫療生技:化道
tw-typing-v4-248	182	optional	胚胎幹細胞	biotech-pharma	概念詞族	醫療生技:幹細
tw-typing-v4-248	182	optional	幹細胞	biotech-pharma,mcbopomofo	概念詞族	醫療生技:幹細
tw-typing-v4-248	182	optional	副甲狀腺	medicine	概念詞族	醫療生技:狀腺
tw-typing-v4-248	182	required	缺血性	mcbopomofo,medicine	概念詞族	醫療生技:缺血
tw-typing-v4-248	182	optional	急性	mcbopomofo,medicine	概念詞族	醫療生技:急性
tw-typing-v4-248	182	optional	治療指數	biotech-pharma	概念詞族	醫療生技:治療
tw-typing-v4-248	182	optional	復健治療	medicine	概念詞族	醫療生技:治療
tw-typing-v4-248	182	optional	甲狀腺	mcbopomofo,medicine	概念詞族	醫療生技:狀腺
tw-typing-v4-248	182	optional	組織炎	medicine	概念詞族	醫療生技:組織
tw-typing-v4-248	182	optional	治療	biotech-pharma,mcbopomofo,medicine	概念詞族	醫療生技:治療
tw-typing-v4-248	182	required	空間轉錄體	biotech-pharma	概念詞族	醫療生技:錄體
tw-typing-v4-248	182	required	血糖	mcbopomofo,medicine	概念詞族	醫療生技:血糖
tw-typing-v4-248	182	required	下消化道	medicine	概念詞族	醫療生技:化道
tw-typing-v4-248	182	optional	組織工程	biotech-pharma	概念詞族	醫療生技:組織
tw-typing-v4-248	182	required	腦缺血	medicine	概念詞族	醫療生技:缺血
tw-typing-v4-248	182	optional	蜘蛛膜下腔	medicine	概念詞族	醫療生技:膜下
tw-typing-v4-248	182	required	轉錄體學	biotech-pharma	概念詞族	醫療生技:錄體
tw-typing-v4-248	182	optional	氣喘	mcbopomofo,medicine	單詞	氣喘
tw-typing-v4-248	182	required	高血糖	mcbopomofo,medicine	概念詞族	醫療生技:血糖
tw-typing-v4-249	48	optional	批次作業	software	概念詞族	數位科技:批次
tw-typing-v4-249	48	required	紅隊演練	network-security	概念詞族	數位科技:演練
tw-typing-v4-249	48	optional	整數溢位	network-security	概念詞族	數位科技:溢位
tw-typing-v4-249	48	required	權限控管	software	概念詞族	數位科技:控管
tw-typing-v4-249	48	required	組態稽核	network-security	同義衍生	檢查查核稽核:組態{同義詞}
tw-typing-v4-249	48	optional	對齊	ai-data-science,mcbopomofo	概念詞族	數位科技:對齊
tw-typing-v4-249	48	optional	資料鏈結層	network-security	概念詞族	數位科技:資料
tw-typing-v4-249	48	optional	網路分層	network-security	概念詞族	數位科技:分層
tw-typing-v4-249	48	required	前端服務	software	概念詞族	數位科技:前端
tw-typing-v4-249	48	required	支援向量機	ai-data-science	概念詞族	數位科技:向量
tw-typing-v4-249	48	required	組態檢查	network-security	同義衍生	檢查查核稽核:組態{同義詞}
tw-typing-v4-249	48	required	動態路由	network-security	概念詞族	數位科技:路由
tw-typing-v4-249	48	optional	金鑰	mcbopomofo,network-security	概念詞族	數位科技:金鑰
tw-typing-v4-249	48	optional	惡意	mcbopomofo,network-security	概念詞族	數位科技:惡意
tw-typing-v4-249	48	required	紫隊演練	network-security	概念詞族	數位科技:演練
tw-typing-v4-249	48	optional	安全強化	network-security	概念詞族	數位科技:強化
tw-typing-v4-249	48	optional	資料報	network-security	概念詞族	數位科技:資料
tw-typing-v4-249	48	optional	惡意巨集	network-security	概念詞族	數位科技:惡意
tw-typing-v4-249	48	required	向量搜尋	ai-data-science	概念詞族	數位科技:向量
tw-typing-v4-249	48	optional	強化學習	ai-data-science	概念詞族	數位科技:強化
tw-typing-v4-249	48	optional	公開金鑰	network-security	概念詞族	數位科技:金鑰
tw-typing-v4-249	48	required	搜尋	mcbopomofo,software	概念詞族	數位科技:搜尋
tw-typing-v4-249	48	required	域間路由	network-security	概念詞族	數位科技:路由
tw-typing-v4-249	48	required	版本控管	software	概念詞族	數位科技:控管
tw-typing-v4-249	48	required	緩衝區溢位	network-security	概念詞族	數位科技:溢位
tw-typing-v4-249	48	optional	分層抽樣	ai-data-science	概念詞族	數位科技:分層
tw-typing-v4-249	48	optional	批次處理	ai-data-science	概念詞族	數位科技:批次
tw-typing-v4-249	48	required	前端應用	software	概念詞族	數位科技:前端
tw-typing-v4-249	48	required	搜尋服務	software	概念詞族	數位科技:搜尋
tw-typing-v4-249	48	optional	安全對齊	ai-data-science	概念詞族	數位科技:對齊
tw-typing-v4-250	161	required	循環經濟	energy-environment	概念詞族	科學環境:循環
tw-typing-v4-250	161	optional	反應器	energy-environment,materials-chemistry,mcbopomofo	概念詞族	科學環境:應器
tw-typing-v4-250	161	optional	化工熱力學	materials-chemistry	概念詞族	科學環境:力學
tw-typing-v4-250	161	required	維氏硬度	materials-chemistry	概念詞族	科學環境:氏硬
tw-typing-v4-250	161	optional	廢棄物監測	energy-environment	概念詞族	科學環境:廢棄
tw-typing-v4-250	161	required	洛氏硬度	materials-chemistry	概念詞族	科學環境:氏硬
tw-typing-v4-250	161	optional	廢棄物管理	energy-environment	概念詞族	科學環境:廢棄
tw-typing-v4-250	161	required	範疇三排放	energy-environment	概念詞族	科學環境:範疇
tw-typing-v4-250	161	optional	粒子物理	science	概念詞族	科學環境:子物
tw-typing-v4-250	161	required	範疇一排放	energy-environment	概念詞族	科學環境:範疇
tw-typing-v4-250	161	optional	剛體力學	science	概念詞族	科學環境:力學
tw-typing-v4-250	161	optional	管式反應器	materials-chemistry	概念詞族	科學環境:應器
tw-typing-v4-250	161	optional	儲能	energy-environment,general	概念詞族	科學環境:儲能
tw-typing-v4-250	161	required	逸散污染源	energy-environment	概念詞族	科學環境:染源
tw-typing-v4-250	161	optional	批次反應器	materials-chemistry	概念詞族	科學環境:應器
tw-typing-v4-250	161	required	固定污染源	energy-environment	概念詞族	科學環境:染源
tw-typing-v4-250	161	required	安培定律	science	概念詞族	科學環境:定律
tw-typing-v4-250	161	optional	電池儲能	energy-environment	概念詞族	科學環境:儲能
tw-typing-v4-250	161	required	布氏硬度	materials-chemistry	概念詞族	科學環境:氏硬
tw-typing-v4-250	161	required	範疇二排放	energy-environment	概念詞族	科學環境:範疇
tw-typing-v4-250	161	optional	儲能系統	energy-environment	概念詞族	科學環境:儲能
tw-typing-v4-250	161	required	滴定	materials-chemistry,mcbopomofo	概念詞族	科學環境:滴定
tw-typing-v4-250	161	required	法拉第定律	science	概念詞族	科學環境:定律
tw-typing-v4-250	161	optional	核子物理	science	概念詞族	科學環境:子物
tw-typing-v4-250	161	optional	原子物理	science	概念詞族	科學環境:子物
tw-typing-v4-250	161	required	卡諾循環	science	概念詞族	科學環境:循環
tw-typing-v4-250	161	optional	力學	mcbopomofo,science	概念詞族	科學環境:力學
tw-typing-v4-250	161	optional	事業廢棄物	energy-environment	概念詞族	科學環境:廢棄
tw-typing-v4-250	161	required	酸鹼滴定	materials-chemistry	概念詞族	科學環境:滴定
tw-typing-v4-250	161	required	楞次定律	science	概念詞族	科學環境:定律
tw-typing-v4-251	11	required	與營運規劃	business	概念詞族	商業管理:營運
tw-typing-v4-251	11	optional	投資性	finance	概念詞族	商業管理:投資
tw-typing-v4-251	11	required	消費者	mcbopomofo,software	同義近義	顧客客戶消費者
tw-typing-v4-251	11	optional	資產預測	finance	概念詞族	商業管理:資產
tw-typing-v4-251	11	required	增額成本	finance	概念詞族	商業管理:成本
tw-typing-v4-251	11	optional	財務比率	finance	概念詞族	商業管理:財務
tw-typing-v4-251	11	required	攸關成本	finance	概念詞族	商業管理:成本
tw-typing-v4-251	11	optional	財務報表	finance,mcbopomofo	概念詞族	商業管理:財務
tw-typing-v4-251	11	optional	資產	finance,mcbopomofo	概念詞族	商業管理:資產
tw-typing-v4-251	11	optional	趨勢分析	finance	概念詞族	商業管理:趨勢
tw-typing-v4-251	11	required	客單價趨勢	business	概念詞族	商業管理:客單
tw-typing-v4-251	11	required	營運現金流	finance	概念詞族	商業管理:營運
tw-typing-v4-251	11	required	客戶	business,mcbopomofo	同義近義	顧客客戶消費者
tw-typing-v4-251	11	optional	費用	finance,mcbopomofo	同義近義	成本費用支出
tw-typing-v4-251	11	optional	總資產	finance,mcbopomofo	概念詞族	商業管理:資產
tw-typing-v4-251	11	optional	投資	finance,mcbopomofo	概念詞族	商業管理:投資
tw-typing-v4-251	11	required	流失率趨勢	business	概念詞族	商業管理:率趨
tw-typing-v4-251	11	required	轉換率趨勢	business	概念詞族	商業管理:率趨
tw-typing-v4-251	11	optional	財務	business,mcbopomofo	概念詞族	商業管理:財務
tw-typing-v4-251	11	optional	創業投資	finance	概念詞族	商業管理:投資
tw-typing-v4-251	11	required	市占率趨勢	business	概念詞族	商業管理:率趨
tw-typing-v4-251	11	required	營運	business,mcbopomofo	概念詞族	商業管理:營運
tw-typing-v4-251	11	optional	支出	mcbopomofo	同義近義	成本費用支出
tw-typing-v4-251	11	required	沉沒成本	finance,psychology-society	概念詞族	商業管理:成本
tw-typing-v4-251	11	optional	現金流趨勢	business	概念詞族	商業管理:趨勢
tw-typing-v4-251	11	required	成本制	finance	概念詞族	商業管理:成本
tw-typing-v4-251	11	required	顧客	business,mcbopomofo	同義近義	顧客客戶消費者
tw-typing-v4-251	11	optional	趨勢	business,mcbopomofo	概念詞族	商業管理:趨勢
tw-typing-v4-251	11	required	留存率趨勢	business	概念詞族	商業管理:率趨
tw-typing-v4-251	11	optional	成本	business,finance,mcbopomofo	同義近義	成本費用支出
tw-typing-v4-252	25	required	基礎設計	civil-engineering	概念詞族	工程製造:礎設
tw-typing-v4-252	25	required	製程改善	manufacturing	概念詞族	工程製造:程改
tw-typing-v4-252	25	required	輸送系統	manufacturing	概念詞族	工程製造:輸送
tw-typing-v4-252	25	required	全員	manufacturing,mcbopomofo	單詞	全員
tw-typing-v4-252	25	required	植栽工程	civil-engineering	單詞	植栽工程
tw-typing-v4-252	25	optional	工業工程	industrial-engineering	概念詞族	工程製造:工業
tw-typing-v4-252	25	optional	工程	civil-engineering,mcbopomofo	單詞	工程
tw-typing-v4-252	25	required	放電加工	manufacturing	概念詞族	工程製造:放電
tw-typing-v4-252	25	required	衛生	civil-engineering,mcbopomofo	概念詞族	工程製造:衛生
tw-typing-v4-252	25	optional	線切割加工	manufacturing	概念詞族	工程製造:切割
tw-typing-v4-252	25	optional	非線性規劃	industrial-engineering	概念詞族	工程製造:非線
tw-typing-v4-252	25	optional	弱電工程	civil-engineering	概念詞族	工程製造:電工
tw-typing-v4-252	25	optional	職業	civil-engineering,mcbopomofo	單詞	職業
tw-typing-v4-252	25	optional	執行	manufacturing,mcbopomofo,network-security	概念詞族	工程製造:執行
tw-typing-v4-252	25	required	剪力牆	civil-engineering	概念詞族	工程製造:力牆
tw-typing-v4-252	25	required	預力	civil-engineering	單詞	預力
tw-typing-v4-252	25	required	砂土	civil-engineering,mcbopomofo	單詞	砂土
tw-typing-v4-252	25	optional	沖床	manufacturing	單詞	沖床
tw-typing-v4-252	25	optional	公共設施	civil-engineering,mcbopomofo	概念詞族	工程製造:公共
tw-typing-v4-252	25	optional	訂單	industrial-engineering,mcbopomofo	概念詞族	工程製造:訂單
tw-typing-v4-252	25	optional	應力集中	manufacturing	概念詞族	工程製造:集中
tw-typing-v4-252	25	optional	斷裂力學	manufacturing	概念詞族	工程製造:力學
tw-typing-v4-252	25	optional	入滲設施	civil-engineering	概念詞族	工程製造:設施
tw-typing-v4-252	25	required	鋼纖維	civil-engineering	概念詞族	工程製造:纖維
tw-typing-v4-252	25	required	下水道	civil-engineering,mcbopomofo	概念詞族	工程製造:水道
tw-typing-v4-252	25	optional	樓板設計	civil-engineering	概念詞族	工程製造:板設
tw-typing-v4-252	25	required	蒙地卡羅	industrial-engineering,mcbopomofo	單詞	蒙地卡羅
tw-typing-v4-252	25	optional	銑床	manufacturing,mcbopomofo	單詞	銑床
tw-typing-v4-252	25	required	加勁擋土牆	civil-engineering	概念詞族	工程製造:擋土
tw-typing-v4-252	25	required	變異數分析	industrial-engineering	概念詞族	工程製造:變異
tw-typing-v4-253	145	required	梁啟超	mcbopomofo,people-history	單詞	梁啟超
tw-typing-v4-253	145	optional	開墾拓殖	history	單詞	開墾拓殖
tw-typing-v4-253	145	required	愛迪生	mcbopomofo,people-history	單詞	愛迪生
tw-typing-v4-253	145	required	陶百川	mcbopomofo,people-oldnews	單詞	陶百川
tw-typing-v4-253	145	required	劉德華	mcbopomofo,people-contemporary	單詞	劉德華
tw-typing-v4-253	145	optional	林宥嘉	mcbopomofo,people-contemporary	單詞	林宥嘉
tw-typing-v4-253	145	required	關稅自主	history	概念詞族	歷史人物:自主
tw-typing-v4-253	145	optional	羅大佑	mcbopomofo,people-oldnews	單詞	羅大佑
tw-typing-v4-253	145	required	黛安娜	mcbopomofo,people-oldnews	單詞	黛安娜
tw-typing-v4-253	145	required	公共史學	history	概念詞族	歷史人物:公共
tw-typing-v4-253	145	optional	史達林	mcbopomofo,people-history	單詞	史達林
tw-typing-v4-253	145	optional	子路	mcbopomofo,people-history	單詞	子路
tw-typing-v4-253	145	required	歌德	mcbopomofo,people-history	單詞	歌德
tw-typing-v4-253	145	optional	蘇聯解體	history	概念詞族	歷史人物:蘇聯
tw-typing-v4-253	145	required	騎士制度	history	概念詞族	歷史人物:騎士
tw-typing-v4-253	145	optional	因果分析	history	概念詞族	歷史人物:因果
tw-typing-v4-253	145	required	成吉思汗	mcbopomofo,people-history	單詞	成吉思汗
tw-typing-v4-253	145	optional	農民組合	history	概念詞族	歷史人物:組合
tw-typing-v4-253	145	required	劉銘傳	mcbopomofo,people-history	單詞	劉銘傳
tw-typing-v4-253	145	required	本雅明	mcbopomofo,people-history	單詞	本雅明
tw-typing-v4-253	145	optional	吳敦義	mcbopomofo,people-contemporary	單詞	吳敦義
tw-typing-v4-253	145	optional	卡斯楚	mcbopomofo,people-oldnews	單詞	卡斯楚
tw-typing-v4-253	145	optional	林海音	mcbopomofo,people-oldnews	單詞	林海音
tw-typing-v4-253	145	optional	顏淵	mcbopomofo,people-history	單詞	顏淵
tw-typing-v4-253	145	required	貝多芬	mcbopomofo,people-history	單詞	貝多芬
tw-typing-v4-253	145	optional	米開朗基羅	mcbopomofo,people-history	單詞	米開朗基羅
tw-typing-v4-253	145	optional	李家同	mcbopomofo,people-oldnews	單詞	李家同
tw-typing-v4-253	145	optional	余政憲	mcbopomofo,people-oldnews	單詞	余政憲
tw-typing-v4-253	145	required	拜登	people-contemporary	單詞	拜登
tw-typing-v4-253	145	required	陳履安	mcbopomofo,people-oldnews	單詞	陳履安
tw-typing-v4-254	180	required	機械取栓術	medicine	概念詞族	醫療生技:機械
tw-typing-v4-254	180	required	磁振	medicine	單詞	磁振
tw-typing-v4-254	180	optional	蛋白質工程	biotech-pharma	概念詞族	醫療生技:質工
tw-typing-v4-254	180	optional	加速	biotech-pharma,mcbopomofo,semiconductor	概念詞族	醫療生技:加速
tw-typing-v4-254	180	required	狹窄	mcbopomofo,medicine	單詞	狹窄
tw-typing-v4-254	180	required	酮酸	medicine	單詞	酮酸
tw-typing-v4-254	180	optional	腦中風	mcbopomofo,medicine	單詞	腦中風
tw-typing-v4-254	180	optional	多能	biotech-pharma	單詞	多能
tw-typing-v4-254	180	required	乳房	mcbopomofo,medicine	單詞	乳房
tw-typing-v4-254	180	required	傳導	mcbopomofo,medicine	概念詞族	醫療生技:傳導
tw-typing-v4-254	180	required	阻塞性	medicine	單詞	阻塞性
tw-typing-v4-254	180	required	切除術	medicine	單詞	切除術
tw-typing-v4-254	180	optional	同調	mcbopomofo,medicine	單詞	同調
tw-typing-v4-254	180	optional	分布體積	biotech-pharma	概念詞族	醫療生技:分布
tw-typing-v4-254	180	required	連鎖反應	biotech-pharma,mcbopomofo	概念詞族	醫療生技:連鎖
tw-typing-v4-254	180	required	視網膜	mcbopomofo,medicine	單詞	視網膜
tw-typing-v4-254	180	optional	質譜分析	biotech-pharma	單詞	質譜分析
tw-typing-v4-254	180	optional	支持治療	medicine	概念詞族	醫療生技:支持
tw-typing-v4-254	180	required	妊娠糖尿病	medicine	概念詞族	醫療生技:尿病
tw-typing-v4-254	180	required	天門	mcbopomofo,medicine	單詞	天門
tw-typing-v4-254	180	required	南方墨點法	biotech-pharma	概念詞族	醫療生技:方墨
tw-typing-v4-254	180	optional	深部	medicine	單詞	深部
tw-typing-v4-254	180	optional	發炎性	mcbopomofo,medicine	單詞	發炎性
tw-typing-v4-254	180	optional	劑量	biotech-pharma,mcbopomofo	單詞	劑量
tw-typing-v4-254	180	optional	原料藥	biotech-pharma	單詞	原料藥
tw-typing-v4-254	180	optional	乾癬性	medicine	單詞	乾癬性
tw-typing-v4-254	180	required	修格連氏症	medicine	單詞	修格連氏症
tw-typing-v4-254	180	required	濃度	biotech-pharma,mcbopomofo	概念詞族	醫療生技:濃度
tw-typing-v4-254	180	optional	交互作用	biotech-pharma,mcbopomofo	概念詞族	醫療生技:交互
tw-typing-v4-254	180	optional	醛固酮	medicine	單詞	醛固酮
tw-typing-v4-255	130	required	各位	mcbopomofo	單詞	各位
tw-typing-v4-255	130	required	除了	mcbopomofo	單詞	除了
tw-typing-v4-255	130	required	最多	mcbopomofo	單詞	最多
tw-typing-v4-255	130	optional	運用	mcbopomofo	單詞	運用
tw-typing-v4-255	130	optional	優勢	mcbopomofo	單詞	優勢
tw-typing-v4-255	130	optional	意願	mcbopomofo	單詞	意願
tw-typing-v4-255	130	optional	女友	mcbopomofo	單詞	女友
tw-typing-v4-255	130	required	重視	mcbopomofo	單詞	重視
tw-typing-v4-255	130	optional	公眾	mcbopomofo	單詞	公眾
tw-typing-v4-255	130	required	價位	mcbopomofo	單詞	價位
tw-typing-v4-255	130	required	生物	mcbopomofo	概念詞族	日常生活:生物
tw-typing-v4-255	130	optional	夫妻	mcbopomofo	單詞	夫妻
tw-typing-v4-255	130	required	代言	mcbopomofo	單詞	代言
tw-typing-v4-255	130	optional	就好	mcbopomofo	單詞	就好
tw-typing-v4-255	130	optional	不動	mcbopomofo	概念詞族	日常生活:不動
tw-typing-v4-255	130	required	要點	mcbopomofo	單詞	要點
tw-typing-v4-255	130	optional	較好	mcbopomofo	單詞	較好
tw-typing-v4-255	130	optional	制度	mcbopomofo	概念詞族	日常生活:制度
tw-typing-v4-255	130	required	匆匆	mcbopomofo	單詞	匆匆
tw-typing-v4-255	130	optional	單親	mcbopomofo	單詞	單親
tw-typing-v4-255	130	required	進修	mcbopomofo	單詞	進修
tw-typing-v4-255	130	optional	報告	mcbopomofo	概念詞族	日常生活:報告
tw-typing-v4-255	130	optional	難題	mcbopomofo	單詞	難題
tw-typing-v4-255	130	required	發音	mcbopomofo	單詞	發音
tw-typing-v4-255	130	required	仍然	mcbopomofo	單詞	仍然
tw-typing-v4-255	130	optional	這會	mcbopomofo	單詞	這會
tw-typing-v4-255	130	optional	理學	mcbopomofo	概念詞族	日常生活:理學
tw-typing-v4-255	130	required	冷靜	mcbopomofo	單詞	冷靜
tw-typing-v4-255	130	required	懂得	mcbopomofo	單詞	懂得
tw-typing-v4-255	130	required	外接	mcbopomofo	單詞	外接
tw-typing-v4-256	180	required	交互作用	biotech-pharma,mcbopomofo	概念詞族	醫療生技:交互
tw-typing-v4-256	180	required	支持治療	medicine	概念詞族	醫療生技:支持
tw-typing-v4-256	180	required	蛋白質工程	biotech-pharma	概念詞族	醫療生技:質工
tw-typing-v4-256	180	required	加速	biotech-pharma,mcbopomofo,semiconductor	概念詞族	醫療生技:加速
tw-typing-v4-256	180	optional	南方墨點法	biotech-pharma	概念詞族	醫療生技:方墨
tw-typing-v4-256	180	optional	阻塞性	medicine	單詞	阻塞性
tw-typing-v4-256	180	required	腦中風	mcbopomofo,medicine	單詞	腦中風
tw-typing-v4-256	180	optional	天門	mcbopomofo,medicine	單詞	天門
tw-typing-v4-256	180	required	分布體積	biotech-pharma	概念詞族	醫療生技:分布
tw-typing-v4-256	180	optional	磁振	medicine	單詞	磁振
tw-typing-v4-256	180	required	發炎性	mcbopomofo,medicine	單詞	發炎性
tw-typing-v4-256	180	optional	切除術	medicine	單詞	切除術
tw-typing-v4-256	180	required	劑量	biotech-pharma,mcbopomofo	單詞	劑量
tw-typing-v4-256	180	optional	妊娠糖尿病	medicine	概念詞族	醫療生技:尿病
tw-typing-v4-256	180	optional	視網膜	mcbopomofo,medicine	單詞	視網膜
tw-typing-v4-256	180	required	醛固酮	medicine	單詞	醛固酮
tw-typing-v4-256	180	required	多能	biotech-pharma	單詞	多能
tw-typing-v4-256	180	required	同調	mcbopomofo,medicine	單詞	同調
tw-typing-v4-256	180	required	乾癬性	medicine	單詞	乾癬性
tw-typing-v4-256	180	required	質譜分析	biotech-pharma	單詞	質譜分析
tw-typing-v4-256	180	required	深部	medicine	單詞	深部
tw-typing-v4-256	180	optional	酮酸	medicine	單詞	酮酸
tw-typing-v4-256	180	optional	濃度	biotech-pharma,mcbopomofo	概念詞族	醫療生技:濃度
tw-typing-v4-256	180	optional	傳導	mcbopomofo,medicine	概念詞族	醫療生技:傳導
tw-typing-v4-256	180	optional	機械取栓術	medicine	概念詞族	醫療生技:機械
tw-typing-v4-256	180	required	原料藥	biotech-pharma	單詞	原料藥
tw-typing-v4-256	180	optional	修格連氏症	medicine	單詞	修格連氏症
tw-typing-v4-256	180	optional	乳房	mcbopomofo,medicine	單詞	乳房
tw-typing-v4-256	180	optional	狹窄	mcbopomofo,medicine	單詞	狹窄
tw-typing-v4-256	180	optional	連鎖反應	biotech-pharma,mcbopomofo	概念詞族	醫療生技:連鎖
tw-typing-v4-257	41	required	民法總則	law	概念詞族	政府法律:法總
tw-typing-v4-257	41	required	結婚要件	law	概念詞族	政府法律:結婚
tw-typing-v4-257	41	required	陳述意見	law	單詞	陳述意見
tw-typing-v4-257	41	required	彙整	government,mcbopomofo	單詞	彙整
tw-typing-v4-257	41	required	即時強制	law	概念詞族	政府法律:強制
tw-typing-v4-257	41	required	證明力	law	概念詞族	政府法律:證明
tw-typing-v4-257	41	optional	交換	government,mcbopomofo	概念詞族	政府法律:交換
tw-typing-v4-257	41	optional	限定繼承	law	概念詞族	政府法律:限定
tw-typing-v4-257	41	optional	政府	government,mcbopomofo	概念詞族	政府法律:政府
tw-typing-v4-257	41	required	電話	government,mcbopomofo	單詞	電話
tw-typing-v4-257	41	required	行政作用	law	概念詞族	政府法律:作用
tw-typing-v4-257	41	optional	生存權	law	單詞	生存權
tw-typing-v4-257	41	optional	特留分	law	單詞	特留分
tw-typing-v4-257	41	required	同時	law,mcbopomofo	單詞	同時
tw-typing-v4-257	41	optional	洗錢罪	law	單詞	洗錢罪
tw-typing-v4-257	41	optional	衝突	government,mcbopomofo	概念詞族	政府法律:衝突
tw-typing-v4-257	41	optional	明確性	law,mcbopomofo	概念詞族	政府法律:明確
tw-typing-v4-257	41	optional	資訊自決權	law	概念詞族	政府法律:資訊
tw-typing-v4-257	41	optional	偽造文書罪	law	概念詞族	政府法律:偽造
tw-typing-v4-257	41	optional	行政處分	law,mcbopomofo	概念詞族	政府法律:處分
tw-typing-v4-257	41	required	權利	law,mcbopomofo	單詞	權利
tw-typing-v4-257	41	required	中程計畫	government	概念詞族	政府法律:計畫
tw-typing-v4-257	41	optional	舉證責任	law	概念詞族	政府法律:責任
tw-typing-v4-257	41	optional	施政	government,mcbopomofo	單詞	施政
tw-typing-v4-257	41	optional	一般	law,mcbopomofo	概念詞族	政府法律:一般
tw-typing-v4-257	41	required	預算案件	government	概念詞族	政府法律:預算
tw-typing-v4-257	41	required	婚姻撤銷	law	概念詞族	政府法律:婚姻
tw-typing-v4-257	41	required	契約解除	law	概念詞族	政府法律:解除
tw-typing-v4-257	41	optional	提報	government,mcbopomofo	單詞	提報
tw-typing-v4-257	41	required	不動產役權	law	概念詞族	政府法律:動產
tw-typing-v4-258	41	required	交換	government,mcbopomofo	概念詞族	政府法律:交換
tw-typing-v4-258	41	required	限定繼承	law	概念詞族	政府法律:限定
tw-typing-v4-258	41	required	政府	government,mcbopomofo	概念詞族	政府法律:政府
tw-typing-v4-258	41	optional	婚姻撤銷	law	概念詞族	政府法律:婚姻
tw-typing-v4-258	41	required	洗錢罪	law	單詞	洗錢罪
tw-typing-v4-258	41	required	施政	government,mcbopomofo	單詞	施政
tw-typing-v4-258	41	optional	不動產役權	law	概念詞族	政府法律:動產
tw-typing-v4-258	41	optional	同時	law,mcbopomofo	單詞	同時
tw-typing-v4-258	41	optional	權利	law,mcbopomofo	單詞	權利
tw-typing-v4-258	41	required	衝突	government,mcbopomofo	概念詞族	政府法律:衝突
tw-typing-v4-258	41	required	行政處分	law,mcbopomofo	概念詞族	政府法律:處分
tw-typing-v4-258	41	required	提報	government,mcbopomofo	單詞	提報
tw-typing-v4-258	41	required	資訊自決權	law	概念詞族	政府法律:資訊
tw-typing-v4-258	41	required	舉證責任	law	概念詞族	政府法律:責任
tw-typing-v4-258	41	required	特留分	law	單詞	特留分
tw-typing-v4-258	41	optional	結婚要件	law	概念詞族	政府法律:結婚
tw-typing-v4-258	41	optional	證明力	law	概念詞族	政府法律:證明
tw-typing-v4-258	41	optional	民法總則	law	概念詞族	政府法律:法總
tw-typing-v4-258	41	optional	即時強制	law	概念詞族	政府法律:強制
tw-typing-v4-258	41	optional	彙整	government,mcbopomofo	單詞	彙整
tw-typing-v4-258	41	optional	中程計畫	government	概念詞族	政府法律:計畫
tw-typing-v4-258	41	required	生存權	law	單詞	生存權
tw-typing-v4-258	41	required	偽造文書罪	law	概念詞族	政府法律:偽造
tw-typing-v4-258	41	required	一般	law,mcbopomofo	概念詞族	政府法律:一般
tw-typing-v4-258	41	optional	契約解除	law	概念詞族	政府法律:解除
tw-typing-v4-258	41	optional	陳述意見	law	單詞	陳述意見
tw-typing-v4-258	41	optional	預算案件	government	概念詞族	政府法律:預算
tw-typing-v4-258	41	optional	電話	government,mcbopomofo	單詞	電話
tw-typing-v4-258	41	required	明確性	law,mcbopomofo	概念詞族	政府法律:明確
tw-typing-v4-258	41	optional	行政作用	law	概念詞族	政府法律:作用
tw-typing-v4-259	148	required	小室哲哉	mcbopomofo,people-oldnews	單詞	小室哲哉
tw-typing-v4-259	148	required	社會結構	history,psychology-society	概念詞族	歷史人物:結構
tw-typing-v4-259	148	required	蔣介石	mcbopomofo,people-history	單詞	蔣介石
tw-typing-v4-259	148	optional	對外關係	history	概念詞族	歷史人物:關係
tw-typing-v4-259	148	optional	恩格斯	mcbopomofo,people-history	單詞	恩格斯
tw-typing-v4-259	148	optional	史明	mcbopomofo,people-oldnews	單詞	史明
tw-typing-v4-259	148	required	黃昆輝	mcbopomofo,people-oldnews	單詞	黃昆輝
tw-typing-v4-259	148	optional	實證史學	history	概念詞族	歷史人物:史學
tw-typing-v4-259	148	optional	尹衍樑	mcbopomofo,people-oldnews	單詞	尹衍樑
tw-typing-v4-259	148	required	普希金	mcbopomofo,people-history	單詞	普希金
tw-typing-v4-259	148	optional	歷史解釋	history	概念詞族	歷史人物:解釋
tw-typing-v4-259	148	required	朱元璋	mcbopomofo,people-history	單詞	朱元璋
tw-typing-v4-259	148	optional	伽利略	mcbopomofo,people-history	單詞	伽利略
tw-typing-v4-259	148	optional	蔡英文	mcbopomofo,people-contemporary	概念詞族	歷史人物:英文
tw-typing-v4-259	148	optional	區域史	history	概念詞族	歷史人物:區域
tw-typing-v4-259	148	required	舒伯特	mcbopomofo,people-history	單詞	舒伯特
tw-typing-v4-259	148	required	施琅	mcbopomofo,people-history	單詞	施琅
tw-typing-v4-259	148	required	袁世凱	mcbopomofo,people-history	單詞	袁世凱
tw-typing-v4-259	148	required	冊封體制	history	單詞	冊封體制
tw-typing-v4-259	148	optional	汪精衛	mcbopomofo,people-history	單詞	汪精衛
tw-typing-v4-259	148	optional	蘇格拉底	mcbopomofo,people-history	單詞	蘇格拉底
tw-typing-v4-259	148	required	德川家康	mcbopomofo,people-history	單詞	德川家康
tw-typing-v4-259	148	required	子思	mcbopomofo,people-history	單詞	子思
tw-typing-v4-259	148	required	秋瑾	mcbopomofo,people-history	單詞	秋瑾
tw-typing-v4-259	148	optional	布拉姆斯	mcbopomofo,people-history	單詞	布拉姆斯
tw-typing-v4-259	148	optional	白先勇	mcbopomofo,people-oldnews	單詞	白先勇
tw-typing-v4-259	148	required	項羽	mcbopomofo,people-history	單詞	項羽
tw-typing-v4-259	148	optional	兩稅法	history	單詞	兩稅法
tw-typing-v4-259	148	required	張飛	mcbopomofo,people-history	單詞	張飛
tw-typing-v4-259	148	optional	孟子	mcbopomofo,people-history	單詞	孟子
tw-typing-v4-260	39	required	不能未遂	law	概念詞族	政府法律:未遂
tw-typing-v4-260	39	optional	客觀	law,mcbopomofo	概念詞族	政府法律:客觀
tw-typing-v4-260	39	optional	年度計畫	government	概念詞族	政府法律:年度
tw-typing-v4-260	39	optional	核銷	government,mcbopomofo	概念詞族	政府法律:核銷
tw-typing-v4-260	39	optional	俟核定後	government	概念詞族	政府法律:核定
tw-typing-v4-260	39	optional	撤銷訴訟	law	概念詞族	政府法律:撤銷
tw-typing-v4-260	39	optional	物權行為	law	概念詞族	政府法律:物權
tw-typing-v4-260	39	required	國家	law,mcbopomofo	概念詞族	政府法律:國家
tw-typing-v4-260	39	required	組織犯罪	law	概念詞族	政府法律:犯罪
tw-typing-v4-260	39	required	犯罪	law,mcbopomofo	概念詞族	政府法律:犯罪
tw-typing-v4-260	39	optional	客觀歸責	law	概念詞族	政府法律:客觀
tw-typing-v4-260	39	required	原則	law,mcbopomofo,software	概念詞族	政府法律:原則
tw-typing-v4-260	39	required	無效行為	law	概念詞族	政府法律:無效
tw-typing-v4-260	39	optional	實質競合	law	概念詞族	政府法律:競合
tw-typing-v4-260	39	required	婚姻無效	law	概念詞族	政府法律:無效
tw-typing-v4-260	39	required	辦理	government,mcbopomofo	同義近義	處理辦理
tw-typing-v4-260	39	optional	想像競合	law	概念詞族	政府法律:競合
tw-typing-v4-260	39	required	債務不履行	law	概念詞族	政府法律:履行
tw-typing-v4-260	39	required	誠信原則	law	概念詞族	政府法律:原則
tw-typing-v4-260	39	required	處理	general,mcbopomofo	同義近義	處理辦理
tw-typing-v4-260	39	optional	年度	government,mcbopomofo	概念詞族	政府法律:年度
tw-typing-v4-260	39	required	未遂犯	law	概念詞族	政府法律:未遂
tw-typing-v4-260	39	optional	核銷案件	government	概念詞族	政府法律:核銷
tw-typing-v4-260	39	optional	物權請求權	law	概念詞族	政府法律:物權
tw-typing-v4-260	39	optional	核定	government,mcbopomofo	概念詞族	政府法律:核定
tw-typing-v4-260	39	required	宣告輔助	law	概念詞族	政府法律:宣告
tw-typing-v4-260	39	required	國家賠償	law	概念詞族	政府法律:國家
tw-typing-v4-260	39	optional	履行	law,mcbopomofo	概念詞族	政府法律:履行
tw-typing-v4-260	39	optional	撤銷權	law	概念詞族	政府法律:撤銷
tw-typing-v4-260	39	required	宣告監護	law	概念詞族	政府法律:宣告
tw-typing-v4-261	28	required	表面粗糙度	manufacturing	概念詞族	工程製造:表面
tw-typing-v4-261	28	optional	指數分布	industrial-engineering	概念詞族	工程製造:數分
tw-typing-v4-261	28	required	首件檢查	manufacturing	概念詞族	工程製造:檢查
tw-typing-v4-261	28	optional	人員	industrial-engineering,mcbopomofo	概念詞族	工程製造:人員
tw-typing-v4-261	28	optional	包裝設備	manufacturing	概念詞族	工程製造:裝設
tw-typing-v4-261	28	optional	鋼筋	civil-engineering,mcbopomofo	單詞	鋼筋
tw-typing-v4-261	28	required	產能分析	industrial-engineering,manufacturing	概念詞族	工程製造:產能
tw-typing-v4-261	28	required	工程估價	civil-engineering	單詞	工程估價
tw-typing-v4-261	28	optional	曲面	industrial-engineering,mcbopomofo	單詞	曲面
tw-typing-v4-261	28	required	大眾運輸	civil-engineering,mcbopomofo	概念詞族	工程製造:大眾
tw-typing-v4-261	28	optional	灌漿	civil-engineering	單詞	灌漿
tw-typing-v4-261	28	required	失效模式	industrial-engineering	概念詞族	工程製造:失效
tw-typing-v4-261	28	optional	粉床	manufacturing	單詞	粉床
tw-typing-v4-261	28	optional	橋梁	civil-engineering,mcbopomofo	單詞	橋梁
tw-typing-v4-261	28	optional	排程	industrial-engineering	概念詞族	工程製造:排程
tw-typing-v4-261	28	optional	快速換模	manufacturing	概念詞族	工程製造:快速
tw-typing-v4-261	28	required	網路最佳化	industrial-engineering	概念詞族	工程製造:佳化
tw-typing-v4-261	28	optional	動態規劃	industrial-engineering	概念詞族	工程製造:動態
tw-typing-v4-261	28	required	機構設計	manufacturing	概念詞族	工程製造:機構
tw-typing-v4-261	28	required	保留地	civil-engineering,mcbopomofo	概念詞族	工程製造:保留
tw-typing-v4-261	28	required	多品種	industrial-engineering	單詞	多品種
tw-typing-v4-261	28	optional	刀具磨耗	manufacturing	概念詞族	工程製造:刀具
tw-typing-v4-261	28	required	熔融	manufacturing,mcbopomofo	單詞	熔融
tw-typing-v4-261	28	required	豐田	manufacturing,mcbopomofo	單詞	豐田
tw-typing-v4-261	28	required	地下水位	civil-engineering,mcbopomofo	概念詞族	工程製造:水位
tw-typing-v4-261	28	optional	製程路線	manufacturing	概念詞族	工程製造:路線
tw-typing-v4-261	28	optional	容積移轉	civil-engineering	概念詞族	工程製造:移轉
tw-typing-v4-261	28	required	預定	industrial-engineering,mcbopomofo	單詞	預定
tw-typing-v4-261	28	optional	黏土	civil-engineering,mcbopomofo	單詞	黏土
tw-typing-v4-261	28	required	公差堆疊	manufacturing	概念詞族	工程製造:公差
tw-typing-v4-262	154	optional	九品中正制	history	概念詞族	歷史人物:中正
tw-typing-v4-262	154	required	司馬遷	mcbopomofo,people-history	概念詞族	歷史人物:司馬
tw-typing-v4-262	154	required	荷治時期	history	概念詞族	歷史人物:治時
tw-typing-v4-262	154	optional	蔣中正	mcbopomofo,people-history	概念詞族	歷史人物:中正
tw-typing-v4-262	154	optional	戰後臺灣	history	概念詞族	歷史人物:臺灣
tw-typing-v4-262	154	required	帝國	history,mcbopomofo	概念詞族	歷史人物:帝國
tw-typing-v4-262	154	optional	臺灣總督府	history	概念詞族	歷史人物:臺灣
tw-typing-v4-262	154	required	拜占庭帝國	history	概念詞族	歷史人物:帝國
tw-typing-v4-262	154	optional	中世紀城市	history	概念詞族	歷史人物:城市
tw-typing-v4-262	154	required	希波戰爭	history	概念詞族	歷史人物:戰爭
tw-typing-v4-262	154	required	帝國衰亡	history	概念詞族	歷史人物:帝國
tw-typing-v4-262	154	optional	韓非子	mcbopomofo,people-history	概念詞族	歷史人物:韓非
tw-typing-v4-262	154	required	不結盟運動	history	概念詞族	歷史人物:運動
tw-typing-v4-262	154	required	里甲制度	history	概念詞族	歷史人物:甲制
tw-typing-v4-262	154	optional	武漢會戰	history	概念詞族	歷史人物:會戰
tw-typing-v4-262	154	required	戰爭	history,mcbopomofo	概念詞族	歷史人物:戰爭
tw-typing-v4-262	154	required	西治時期	history	概念詞族	歷史人物:治時
tw-typing-v4-262	154	optional	韓信	mcbopomofo,people-history	單詞	韓信
tw-typing-v4-262	154	optional	韓非	mcbopomofo,people-history	概念詞族	歷史人物:韓非
tw-typing-v4-262	154	optional	莊園制度	history	概念詞族	歷史人物:莊園
tw-typing-v4-262	154	required	保甲制度	history	概念詞族	歷史人物:甲制
tw-typing-v4-262	154	optional	淞滬會戰	history	概念詞族	歷史人物:會戰
tw-typing-v4-262	154	optional	長沙會戰	history	概念詞族	歷史人物:會戰
tw-typing-v4-262	154	optional	封建莊園	history	概念詞族	歷史人物:莊園
tw-typing-v4-262	154	required	拿破崙戰爭	history	概念詞族	歷史人物:戰爭
tw-typing-v4-262	154	required	運動	history,mcbopomofo	概念詞族	歷史人物:運動
tw-typing-v4-262	154	required	義和團運動	history	概念詞族	歷史人物:運動
tw-typing-v4-262	154	optional	城市革命	history	概念詞族	歷史人物:城市
tw-typing-v4-262	154	required	司馬光	mcbopomofo,people-history	概念詞族	歷史人物:司馬
tw-typing-v4-262	154	optional	臺灣史	history	概念詞族	歷史人物:臺灣
tw-typing-v4-263	46	optional	去個人化	psychology-society	概念詞族	教育社會:個人
tw-typing-v4-263	46	optional	寫作	education,mcbopomofo	單詞	寫作
tw-typing-v4-263	46	optional	偏差行為	psychology-society	概念詞族	教育社會:偏差
tw-typing-v4-263	46	optional	長期記憶	psychology-society	概念詞族	教育社會:長期
tw-typing-v4-263	46	required	公共議題	psychology-society	概念詞族	教育社會:議題
tw-typing-v4-263	46	required	國際移民	psychology-society	概念詞族	教育社會:移民
tw-typing-v4-263	46	required	自然科學	education,mcbopomofo	概念詞族	教育社會:自然
tw-typing-v4-263	46	required	符號互動論	psychology-society	概念詞族	教育社會:互動
tw-typing-v4-263	46	required	教師	education,mcbopomofo	同義近義	教師老師
tw-typing-v4-263	46	required	歸因	psychology-society	單詞	歸因
tw-typing-v4-263	46	optional	公開授課	education	概念詞族	教育社會:公開
tw-typing-v4-263	46	optional	確認偏誤	psychology-society	概念詞族	教育社會:偏誤
tw-typing-v4-263	46	required	國文	education,mcbopomofo	單詞	國文
tw-typing-v4-263	46	optional	網絡分析	psychology-society	單詞	網絡分析
tw-typing-v4-263	46	optional	學習活動	education	概念詞族	教育社會:活動
tw-typing-v4-263	46	required	消弱	psychology-society	單詞	消弱
tw-typing-v4-263	46	required	教材設計	education	單詞	教材設計
tw-typing-v4-263	46	optional	注意力	education,mcbopomofo	概念詞族	教育社會:意力
tw-typing-v4-263	46	required	選擇性注意	psychology-society	概念詞族	教育社會:擇性
tw-typing-v4-263	46	optional	從眾	psychology-society	單詞	從眾
tw-typing-v4-263	46	required	問題解決	psychology-society	概念詞族	教育社會:解決
tw-typing-v4-263	46	required	總生育率	psychology-society	單詞	總生育率
tw-typing-v4-263	46	optional	個別化	education	概念詞族	教育社會:別化
tw-typing-v4-263	46	required	結構功能論	psychology-society	概念詞族	教育社會:功能
tw-typing-v4-263	46	optional	外控	psychology-society	單詞	外控
tw-typing-v4-263	46	optional	開放式題目	education	概念詞族	教育社會:開放
tw-typing-v4-263	46	optional	態度改變	psychology-society	概念詞族	教育社會:改變
tw-typing-v4-263	46	required	效標	education	單詞	效標
tw-typing-v4-263	46	optional	無障礙學習	education	概念詞族	教育社會:無障
tw-typing-v4-263	46	required	國際教育	education	概念詞族	教育社會:國際
tw-typing-v4-264	173	optional	移覺	chinese	單詞	移覺
tw-typing-v4-264	173	required	嘆詞	chinese	單詞	嘆詞
tw-typing-v4-264	173	required	文本分析	chinese	概念詞族	語文人文:本分
tw-typing-v4-264	173	optional	白居易	chinese,mcbopomofo,people-history	單詞	白居易
tw-typing-v4-264	173	optional	借喻	chinese	單詞	借喻
tw-typing-v4-264	173	optional	轉品	chinese	單詞	轉品
tw-typing-v4-264	173	optional	全濁	chinese	單詞	全濁
tw-typing-v4-264	173	optional	杜甫	chinese,mcbopomofo,people-history	單詞	杜甫
tw-typing-v4-264	173	required	古今字	chinese	單詞	古今字
tw-typing-v4-264	173	optional	義訓	chinese	單詞	義訓
tw-typing-v4-264	173	required	喜劇性	chinese	單詞	喜劇性
tw-typing-v4-264	173	optional	音系學	chinese	單詞	音系學
tw-typing-v4-264	173	optional	全清	chinese	單詞	全清
tw-typing-v4-264	173	required	陶淵明	chinese,mcbopomofo,people-history	單詞	陶淵明
tw-typing-v4-264	173	required	徐志摩	chinese,mcbopomofo	單詞	徐志摩
tw-typing-v4-264	173	required	三十六字母	chinese	概念詞族	語文人文:十六
tw-typing-v4-264	173	optional	近代音	chinese	單詞	近代音
tw-typing-v4-264	173	required	構詞學	chinese	單詞	構詞學
tw-typing-v4-264	173	optional	衍文	chinese	單詞	衍文
tw-typing-v4-264	173	optional	陽上	chinese	單詞	陽上
tw-typing-v4-264	173	optional	蘇軾	chinese,mcbopomofo,people-history	單詞	蘇軾
tw-typing-v4-264	173	required	語料庫	chinese	概念詞族	語文人文:料庫
tw-typing-v4-264	173	required	文獻學	chinese	單詞	文獻學
tw-typing-v4-264	173	required	感嘆句	chinese	單詞	感嘆句
tw-typing-v4-264	173	optional	重疊詞	chinese	單詞	重疊詞
tw-typing-v4-264	173	required	通假字	chinese	單詞	通假字
tw-typing-v4-264	173	required	謂語	chinese	單詞	謂語
tw-typing-v4-264	173	optional	校讎	chinese	單詞	校讎
tw-typing-v4-264	173	required	因果複句	chinese	概念詞族	語文人文:因果
tw-typing-v4-264	173	required	定語	chinese	單詞	定語
tw-typing-v4-265	137	required	說說	mcbopomofo	單詞	說說
tw-typing-v4-265	137	optional	後來	mcbopomofo	單詞	後來
tw-typing-v4-265	137	required	禮物	mcbopomofo	單詞	禮物
tw-typing-v4-265	137	required	少見	mcbopomofo	單詞	少見
tw-typing-v4-265	137	optional	六十	mcbopomofo	單詞	六十
tw-typing-v4-265	137	required	台幣	mcbopomofo	單詞	台幣
tw-typing-v4-265	137	optional	的話	mcbopomofo	單詞	的話
tw-typing-v4-265	137	required	那麼	mcbopomofo	單詞	那麼
tw-typing-v4-265	137	required	原住民	mcbopomofo	概念詞族	日常生活:原住
tw-typing-v4-265	137	optional	接手	mcbopomofo	單詞	接手
tw-typing-v4-265	137	required	之上	mcbopomofo	單詞	之上
tw-typing-v4-265	137	required	完美	mcbopomofo	單詞	完美
tw-typing-v4-265	137	required	遊戲	mcbopomofo	單詞	遊戲
tw-typing-v4-265	137	required	誤會	mcbopomofo	單詞	誤會
tw-typing-v4-265	137	optional	十歲	mcbopomofo	單詞	十歲
tw-typing-v4-265	137	optional	刺激	mcbopomofo	概念詞族	日常生活:刺激
tw-typing-v4-265	137	required	突然	mcbopomofo	單詞	突然
tw-typing-v4-265	137	required	證照	mcbopomofo	單詞	證照
tw-typing-v4-265	137	optional	共有	mcbopomofo	概念詞族	日常生活:共有
tw-typing-v4-265	137	optional	一開	mcbopomofo	單詞	一開
tw-typing-v4-265	137	optional	部屬	mcbopomofo	單詞	部屬
tw-typing-v4-265	137	optional	景象	mcbopomofo	單詞	景象
tw-typing-v4-265	137	optional	困擾	mcbopomofo	單詞	困擾
tw-typing-v4-265	137	optional	國土	mcbopomofo	單詞	國土
tw-typing-v4-265	137	optional	成就感	mcbopomofo	單詞	成就感
tw-typing-v4-265	137	required	擔憂	mcbopomofo	單詞	擔憂
tw-typing-v4-265	137	required	因緣	mcbopomofo	單詞	因緣
tw-typing-v4-265	137	optional	他們	mcbopomofo	單詞	他們
tw-typing-v4-265	137	required	這本	mcbopomofo	單詞	這本
tw-typing-v4-265	137	optional	教會	mcbopomofo	單詞	教會
tw-typing-v4-266	47	optional	身心障礙	education,mcbopomofo	概念詞族	教育社會:障礙
tw-typing-v4-266	47	required	心理學	mcbopomofo,psychology-society	概念詞族	教育社會:心理
tw-typing-v4-266	47	required	諮商心理學	psychology-society	概念詞族	教育社會:心理
tw-typing-v4-266	47	required	素養評量	education	概念詞族	教育社會:素養
tw-typing-v4-266	47	optional	品德教育	education	概念詞族	教育社會:教育
tw-typing-v4-266	47	optional	社會建構論	psychology-society	概念詞族	教育社會:建構
tw-typing-v4-266	47	required	正懲罰	psychology-society	概念詞族	教育社會:懲罰
tw-typing-v4-266	47	required	負懲罰	psychology-society	概念詞族	教育社會:懲罰
tw-typing-v4-266	47	required	非正式控制	psychology-society	概念詞族	教育社會:式控
tw-typing-v4-266	47	optional	學生輔導	education	概念詞族	教育社會:學生
tw-typing-v4-266	47	required	角色衝突	psychology-society	概念詞族	教育社會:衝突
tw-typing-v4-266	47	optional	人權教育	education	概念詞族	教育社會:教育
tw-typing-v4-266	47	optional	定錨效應	psychology-society	概念詞族	教育社會:效應
tw-typing-v4-266	47	optional	人口學	psychology-society	概念詞族	教育社會:人口
tw-typing-v4-266	47	optional	差異化教學	education	概念詞族	教育社會:化教
tw-typing-v4-266	47	optional	建構反應題	education	概念詞族	教育社會:建構
tw-typing-v4-266	47	required	科學	education,energy-environment,mcbopomofo	概念詞族	教育社會:科學
tw-typing-v4-266	47	optional	個別化教學	education	概念詞族	教育社會:化教
tw-typing-v4-266	47	optional	人口遷移	psychology-society	概念詞族	教育社會:人口
tw-typing-v4-266	47	required	素養	education,mcbopomofo	概念詞族	教育社會:素養
tw-typing-v4-266	47	required	多元評量	education	概念詞族	教育社會:多元
tw-typing-v4-266	47	required	理論	education,mcbopomofo	概念詞族	教育社會:理論
tw-typing-v4-266	47	optional	效應	mcbopomofo,psychology-society,semiconductor	概念詞族	教育社會:效應
tw-typing-v4-266	47	optional	標籤理論	psychology-society	概念詞族	教育社會:理論
tw-typing-v4-266	47	required	多元選修	education	概念詞族	教育社會:多元
tw-typing-v4-266	47	optional	學生自治	education	概念詞族	教育社會:學生
tw-typing-v4-266	47	required	衝突理論	psychology-society	概念詞族	教育社會:衝突
tw-typing-v4-266	47	required	社會科學	education,mcbopomofo	概念詞族	教育社會:科學
tw-typing-v4-266	47	required	正式控制	psychology-society	概念詞族	教育社會:式控
tw-typing-v4-266	47	optional	障礙	education,mcbopomofo,medicine	概念詞族	教育社會:障礙
tw-typing-v4-267	24	optional	焊接	manufacturing,mcbopomofo	概念詞族	工程製造:焊接
tw-typing-v4-267	24	optional	液滲檢測	manufacturing	概念詞族	工程製造:檢測
tw-typing-v4-267	24	required	進料檢驗	manufacturing	概念詞族	工程製造:檢驗
tw-typing-v4-267	24	required	機械設計	manufacturing	概念詞族	工程製造:機械
tw-typing-v4-267	24	required	製程檢驗	manufacturing	概念詞族	工程製造:檢驗
tw-typing-v4-267	24	optional	故障	manufacturing,mcbopomofo,semiconductor	同義近義	錯誤故障異常
tw-typing-v4-267	24	optional	焊接機	manufacturing	概念詞族	工程製造:焊接
tw-typing-v4-267	24	optional	測量	civil-engineering,mcbopomofo	概念詞族	工程製造:測量
tw-typing-v4-267	24	required	樓板檢驗	civil-engineering	概念詞族	工程製造:樓板
tw-typing-v4-267	24	required	機械製圖	manufacturing	概念詞族	工程製造:機械
tw-typing-v4-267	24	optional	渦流檢測	manufacturing	概念詞族	工程製造:檢測
tw-typing-v4-267	24	required	排水	civil-engineering,mcbopomofo	概念詞族	工程製造:排水
tw-typing-v4-267	24	optional	錯誤	mcbopomofo	同義近義	錯誤故障異常
tw-typing-v4-267	24	required	機械手臂	manufacturing	概念詞族	工程製造:機械
tw-typing-v4-267	24	optional	單機排程	industrial-engineering	概念詞族	工程製造:機排
tw-typing-v4-267	24	optional	焊接變形	manufacturing	概念詞族	工程製造:焊接
tw-typing-v4-267	24	required	樓板補強	civil-engineering	概念詞族	工程製造:樓板
tw-typing-v4-267	24	optional	磁粒檢測	manufacturing	概念詞族	工程製造:檢測
tw-typing-v4-267	24	required	排水系統	civil-engineering,mcbopomofo	概念詞族	工程製造:排水
tw-typing-v4-267	24	required	樓板監測	civil-engineering	概念詞族	工程製造:樓板
tw-typing-v4-267	24	optional	無人機測量	civil-engineering	概念詞族	工程製造:測量
tw-typing-v4-267	24	required	給排水工程	civil-engineering	概念詞族	工程製造:排水
tw-typing-v4-267	24	optional	工程測量	civil-engineering	概念詞族	工程製造:測量
tw-typing-v4-267	24	required	出貨檢驗	manufacturing	概念詞族	工程製造:檢驗
tw-typing-v4-267	24	optional	射線檢測	manufacturing	概念詞族	工程製造:檢測
tw-typing-v4-267	24	required	檢驗	civil-engineering,mcbopomofo,medicine	概念詞族	工程製造:檢驗
tw-typing-v4-267	24	required	樓板	civil-engineering,mcbopomofo	概念詞族	工程製造:樓板
tw-typing-v4-267	24	required	機械軸封	manufacturing	概念詞族	工程製造:機械
tw-typing-v4-267	24	optional	異常	mcbopomofo,medicine,semiconductor	同義近義	錯誤故障異常
tw-typing-v4-267	24	optional	平行機排程	industrial-engineering	概念詞族	工程製造:機排
tw-typing-v4-268	7	optional	不動產	finance,mcbopomofo	概念詞族	商業管理:動產
tw-typing-v4-268	7	optional	約當現金	finance	概念詞族	商業管理:現金
tw-typing-v4-268	7	optional	現金基礎	finance	概念詞族	商業管理:基礎
tw-typing-v4-268	7	required	收入認列	finance	概念詞族	商業管理:認列
tw-typing-v4-268	7	required	費用認列	finance	概念詞族	商業管理:認列
tw-typing-v4-268	7	required	非營利會計	finance	概念詞族	商業管理:會計
tw-typing-v4-268	7	required	客戶留存率	business	概念詞族	商業管理:存率
tw-typing-v4-268	7	optional	現金流預測	business,finance	概念詞族	商業管理:金流
tw-typing-v4-268	7	optional	殖利率曲線	finance	概念詞族	商業管理:殖利
tw-typing-v4-268	7	required	股東	finance,mcbopomofo	單詞	股東
tw-typing-v4-268	7	required	利率風險	finance	概念詞族	商業管理:率風
tw-typing-v4-268	7	optional	利害	business,mcbopomofo	單詞	利害
tw-typing-v4-268	7	required	供應鏈分析	business	概念詞族	商業管理:鏈分
tw-typing-v4-268	7	required	私募基金	finance	概念詞族	商業管理:私募
tw-typing-v4-268	7	optional	每股盈餘	finance	單詞	每股盈餘
tw-typing-v4-268	7	optional	流程改善	business	概念詞族	商業管理:程改
tw-typing-v4-268	7	required	會計錯誤	finance	概念詞族	商業管理:錯誤
tw-typing-v4-268	7	optional	工作	business,industrial-engineering,mcbopomofo,software	同義近義	工作職務作業
tw-typing-v4-268	7	required	董事會治理	business	概念詞族	商業管理:董事
tw-typing-v4-268	7	optional	現金	finance,mcbopomofo	概念詞族	商業管理:現金
tw-typing-v4-268	7	optional	應計基礎	finance	概念詞族	商業管理:基礎
tw-typing-v4-268	7	required	匯率風險	finance	概念詞族	商業管理:率風
tw-typing-v4-268	7	required	價值鏈分析	business	概念詞族	商業管理:鏈分
tw-typing-v4-268	7	required	管理會計	finance	概念詞族	商業管理:會計
tw-typing-v4-268	7	required	留存率分析	business	概念詞族	商業管理:存率
tw-typing-v4-268	7	optional	現金流	business,finance	概念詞族	商業管理:金流
tw-typing-v4-268	7	optional	到期殖利率	finance	概念詞族	商業管理:殖利
tw-typing-v4-268	7	required	私募股權	finance	概念詞族	商業管理:私募
tw-typing-v4-268	7	optional	差異分析	finance	概念詞族	商業管理:差異
tw-typing-v4-268	7	optional	作業	finance,mcbopomofo	同義近義	工作職務作業
tw-typing-v4-269	187	optional	維生素	mcbopomofo,medicine	單詞	維生素
tw-typing-v4-269	187	optional	聽力	mcbopomofo,medicine	單詞	聽力
tw-typing-v4-269	187	required	瓣膜性	medicine	單詞	瓣膜性
tw-typing-v4-269	187	optional	重積	medicine	單詞	重積
tw-typing-v4-269	187	required	精索	medicine	單詞	精索
tw-typing-v4-269	187	required	骨盆腔	mcbopomofo,medicine	單詞	骨盆腔
tw-typing-v4-269	187	required	血中	biotech-pharma	單詞	血中
tw-typing-v4-269	187	optional	發作	mcbopomofo,medicine	單詞	發作
tw-typing-v4-269	187	required	高通量篩選	biotech-pharma	概念詞族	醫療生技:高通
tw-typing-v4-269	187	required	泌尿系統	medicine	單詞	泌尿系統
tw-typing-v4-269	187	required	過濾率	medicine	概念詞族	醫療生技:過濾
tw-typing-v4-269	187	optional	早期	mcbopomofo,medicine	概念詞族	醫療生技:早期
tw-typing-v4-269	187	required	酵素	biotech-pharma,mcbopomofo	單詞	酵素
tw-typing-v4-269	187	optional	腎上腺	mcbopomofo,medicine	單詞	腎上腺
tw-typing-v4-269	187	optional	北方墨點法	biotech-pharma	概念詞族	醫療生技:墨點
tw-typing-v4-269	187	optional	穩態濃度	biotech-pharma	概念詞族	醫療生技:穩態
tw-typing-v4-269	187	optional	癲癇	mcbopomofo,medicine	單詞	癲癇
tw-typing-v4-269	187	required	高敏感度	medicine	概念詞族	醫療生技:感度
tw-typing-v4-269	187	optional	二尖瓣逆流	medicine	概念詞族	醫療生技:尖瓣
tw-typing-v4-269	187	optional	溶解	mcbopomofo,medicine	單詞	溶解
tw-typing-v4-269	187	optional	慢性	mcbopomofo,medicine	概念詞族	醫療生技:慢性
tw-typing-v4-269	187	required	紅斑	mcbopomofo,medicine	單詞	紅斑
tw-typing-v4-269	187	required	第四期	biotech-pharma	單詞	第四期
tw-typing-v4-269	187	optional	栓塞	mcbopomofo,medicine	單詞	栓塞
tw-typing-v4-269	187	optional	凍晶製劑	biotech-pharma	概念詞族	醫療生技:製劑
tw-typing-v4-269	187	required	腸道	medicine	單詞	腸道
tw-typing-v4-269	187	required	尿素氮檢驗	medicine	概念詞族	醫療生技:素氮
tw-typing-v4-269	187	optional	首渡效應	biotech-pharma	概念詞族	醫療生技:效應
tw-typing-v4-269	187	required	產前	mcbopomofo,medicine	單詞	產前
tw-typing-v4-269	187	required	不全	mcbopomofo,medicine	單詞	不全
tw-typing-v4-270	128	optional	多因素驗證	general	概念詞族	日常生活:因素
tw-typing-v4-270	128	optional	因素	mcbopomofo	概念詞族	日常生活:因素
tw-typing-v4-270	128	required	無異議	mcbopomofo	概念詞族	日常生活:異議
tw-typing-v4-270	128	required	再一次	mcbopomofo	概念詞族	日常生活:一次
tw-typing-v4-270	128	required	一次	mcbopomofo	概念詞族	日常生活:一次
tw-typing-v4-270	128	required	一直	mcbopomofo	概念詞族	日常生活:一直
tw-typing-v4-270	128	optional	晶片	general,mcbopomofo,semiconductor	概念詞族	日常生活:晶片
tw-typing-v4-270	128	optional	不能	mcbopomofo	概念詞族	日常生活:不能
tw-typing-v4-270	128	required	一直在	mcbopomofo	概念詞族	日常生活:一直
tw-typing-v4-270	128	optional	經濟	mcbopomofo	概念詞族	日常生活:經濟
tw-typing-v4-270	128	optional	學員	mcbopomofo	同義近義	學生學員
tw-typing-v4-270	128	required	同仁	mcbopomofo	同義近義	員工職員同仁
tw-typing-v4-270	128	optional	十萬	mcbopomofo	概念詞族	日常生活:十萬
tw-typing-v4-270	128	required	新創公司	general	概念詞族	日常生活:公司
tw-typing-v4-270	128	required	釣魚郵件	general	概念詞族	日常生活:釣魚
tw-typing-v4-270	128	required	公司	mcbopomofo	概念詞族	日常生活:公司
tw-typing-v4-270	128	required	異議	mcbopomofo	概念詞族	日常生活:異議
tw-typing-v4-270	128	optional	積極	mcbopomofo	概念詞族	日常生活:積極
tw-typing-v4-270	128	optional	其他的	mcbopomofo	概念詞族	日常生活:其他
tw-typing-v4-270	128	optional	我不能	mcbopomofo	概念詞族	日常生活:不能
tw-typing-v4-270	128	optional	其他	mcbopomofo	概念詞族	日常生活:其他
tw-typing-v4-270	128	required	一切	mcbopomofo	概念詞族	日常生活:一切
tw-typing-v4-270	128	required	釣魚簡訊	general	概念詞族	日常生活:釣魚
tw-typing-v4-270	128	optional	學生	education,mcbopomofo	同義近義	學生學員
tw-typing-v4-270	128	optional	五十萬	mcbopomofo	概念詞族	日常生活:十萬
tw-typing-v4-270	128	required	一切都	mcbopomofo	概念詞族	日常生活:一切
tw-typing-v4-270	128	required	經濟學	mcbopomofo	概念詞族	日常生活:經濟
tw-typing-v4-270	128	optional	伺服器晶片	general	概念詞族	日常生活:晶片
tw-typing-v4-270	128	required	職員	mcbopomofo	同義近義	員工職員同仁
tw-typing-v4-270	128	optional	積極的	mcbopomofo	概念詞族	日常生活:積極
tw-typing-v4-271	157	required	等壓過程	science	概念詞族	科學環境:過程
tw-typing-v4-271	157	required	等容過程	science	概念詞族	科學環境:過程
tw-typing-v4-271	157	required	哈密頓力學	science	概念詞族	科學環境:頓力
tw-typing-v4-271	157	optional	熱量傳遞	materials-chemistry	概念詞族	科學環境:量傳
tw-typing-v4-271	157	optional	高分子聚合	materials-chemistry	概念詞族	科學環境:高分
tw-typing-v4-271	157	optional	自由基聚合	materials-chemistry	概念詞族	科學環境:聚合
tw-typing-v4-271	157	required	鈦合金	materials-chemistry,mcbopomofo	概念詞族	科學環境:合金
tw-typing-v4-271	157	optional	反應級數	materials-chemistry	概念詞族	科學環境:反應
tw-typing-v4-271	157	required	廢棄物盤查	energy-environment	概念詞族	科學環境:盤查
tw-typing-v4-271	157	required	銅合金	materials-chemistry	概念詞族	科學環境:合金
tw-typing-v4-271	157	required	污染控制	energy-environment,semiconductor	概念詞族	科學環境:污染
tw-typing-v4-271	157	required	污染	energy-environment,mcbopomofo	概念詞族	科學環境:污染
tw-typing-v4-271	157	optional	氣候調適	energy-environment	概念詞族	科學環境:氣候
tw-typing-v4-271	157	required	鎳基合金	materials-chemistry	概念詞族	科學環境:合金
tw-typing-v4-271	157	optional	加成聚合	materials-chemistry	概念詞族	科學環境:聚合
tw-typing-v4-271	157	optional	質量傳遞	materials-chemistry	概念詞族	科學環境:量傳
tw-typing-v4-271	157	optional	反應工程	materials-chemistry	概念詞族	科學環境:反應
tw-typing-v4-271	157	optional	高分子	materials-chemistry,mcbopomofo	概念詞族	科學環境:高分
tw-typing-v4-271	157	optional	氣候風險	energy-environment	概念詞族	科學環境:氣候
tw-typing-v4-271	157	optional	氣候減緩	energy-environment	概念詞族	科學環境:氣候
tw-typing-v4-271	157	optional	高分子材料	materials-chemistry	概念詞族	科學環境:高分
tw-typing-v4-271	157	required	牛頓力學	science	概念詞族	科學環境:頓力
tw-typing-v4-271	157	required	污染物	energy-environment,mcbopomofo	概念詞族	科學環境:污染
tw-typing-v4-271	157	required	等溫過程	science	概念詞族	科學環境:過程
tw-typing-v4-271	157	required	鋁合金	materials-chemistry,mcbopomofo	概念詞族	科學環境:合金
tw-typing-v4-271	157	optional	反應槽	energy-environment	概念詞族	科學環境:反應
tw-typing-v4-271	157	optional	縮合聚合	materials-chemistry	概念詞族	科學環境:聚合
tw-typing-v4-271	157	required	地下水盤查	energy-environment	概念詞族	科學環境:盤查
tw-typing-v4-271	157	required	盤查	energy-environment,mcbopomofo	概念詞族	科學環境:盤查
tw-typing-v4-271	157	optional	動量傳遞	materials-chemistry	概念詞族	科學環境:量傳
tw-typing-v4-272	4	optional	業外收支	finance	單詞	業外收支
tw-typing-v4-272	4	optional	經濟訂購量	business	概念詞族	商業管理:經濟
tw-typing-v4-272	4	required	組合管理	business	概念詞族	商業管理:組合
tw-typing-v4-272	4	required	損益兩平	finance	概念詞族	商業管理:損益
tw-typing-v4-272	4	optional	回顧會議	business	概念詞族	商業管理:會議
tw-typing-v4-272	4	optional	借貸法則	finance	概念詞族	商業管理:法則
tw-typing-v4-272	4	required	訂單量分析	business	概念詞族	商業管理:量分
tw-typing-v4-272	4	optional	週期	finance,mcbopomofo	概念詞族	商業管理:週期
tw-typing-v4-272	4	required	供應商管理	business	概念詞族	商業管理:供應
tw-typing-v4-272	4	required	共同基金	finance	概念詞族	商業管理:共同
tw-typing-v4-272	4	required	顧客接觸點	business	概念詞族	商業管理:接觸
tw-typing-v4-272	4	required	行銷自動化	business	概念詞族	商業管理:動化
tw-typing-v4-272	4	optional	流動負債	finance	概念詞族	商業管理:動負
tw-typing-v4-272	4	optional	新產品開發	business	概念詞族	商業管理:產品
tw-typing-v4-272	4	optional	人才發展	business	概念詞族	商業管理:發展
tw-typing-v4-272	4	required	員工體驗	business	概念詞族	商業管理:體驗
tw-typing-v4-272	4	required	轉換	finance,materials-chemistry,mcbopomofo,network-security	概念詞族	商業管理:轉換
tw-typing-v4-272	4	optional	成本行為	finance	概念詞族	商業管理:行為
tw-typing-v4-272	4	optional	目標	business,energy-environment,mcbopomofo	同義近義	目標目的
tw-typing-v4-272	4	required	合約負債	finance	概念詞族	商業管理:合約
tw-typing-v4-272	4	optional	供應鏈韌性	business	概念詞族	商業管理:韌性
tw-typing-v4-272	4	optional	相關	business,mcbopomofo	單詞	相關
tw-typing-v4-272	4	optional	風險評估	business,energy-environment,finance,industrial-engineering,medicine,network-security	概念詞族	商業管理:評估
tw-typing-v4-272	4	required	品牌識別	business	概念詞族	商業管理:識別
tw-typing-v4-272	4	required	獲利指數	finance	概念詞族	商業管理:指數
tw-typing-v4-272	4	required	市場集中度	business	概念詞族	商業管理:中度
tw-typing-v4-272	4	required	社會	business,education,mcbopomofo	概念詞族	商業管理:社會
tw-typing-v4-272	4	required	社會運動	psychology-society	概念詞族	教育社會:運動
tw-typing-v4-272	4	optional	鐵路	mcbopomofo,transport-logistics	單詞	鐵路
tw-typing-v4-272	4	optional	稀釋	finance,mcbopomofo	單詞	稀釋
tw-typing-v4-273	117	optional	眾多	mcbopomofo	單詞	眾多
tw-typing-v4-273	117	required	西門	mcbopomofo	單詞	西門
tw-typing-v4-273	117	optional	哆啦A夢	general	單詞	哆啦A夢
tw-typing-v4-273	117	optional	五十	mcbopomofo	概念詞族	日常生活:五十
tw-typing-v4-273	117	required	療法	mcbopomofo	單詞	療法
tw-typing-v4-273	117	optional	同性戀	mcbopomofo	單詞	同性戀
tw-typing-v4-273	117	required	不自	mcbopomofo	概念詞族	日常生活:不自
tw-typing-v4-273	117	optional	骨頭	mcbopomofo	單詞	骨頭
tw-typing-v4-273	117	optional	贏得	mcbopomofo	單詞	贏得
tw-typing-v4-273	117	required	大會	mcbopomofo	單詞	大會
tw-typing-v4-273	117	required	相機	mcbopomofo	單詞	相機
tw-typing-v4-273	117	required	階級	mcbopomofo	單詞	階級
tw-typing-v4-273	117	required	一座	mcbopomofo	單詞	一座
tw-typing-v4-273	117	optional	燃料	mcbopomofo	概念詞族	日常生活:燃料
tw-typing-v4-273	117	optional	讀者	mcbopomofo	單詞	讀者
tw-typing-v4-273	117	required	開花	mcbopomofo	單詞	開花
tw-typing-v4-273	117	required	感情	mcbopomofo	單詞	感情
tw-typing-v4-273	117	required	京劇	mcbopomofo	單詞	京劇
tw-typing-v4-273	117	optional	看法	mcbopomofo	單詞	看法
tw-typing-v4-273	117	required	百姓	mcbopomofo	單詞	百姓
tw-typing-v4-273	117	required	顧問	mcbopomofo	單詞	顧問
tw-typing-v4-273	117	required	細節	mcbopomofo	單詞	細節
tw-typing-v4-273	117	optional	意義	mcbopomofo	單詞	意義
tw-typing-v4-273	117	optional	報名	mcbopomofo	單詞	報名
tw-typing-v4-273	117	optional	共同	mcbopomofo	概念詞族	日常生活:共同
tw-typing-v4-273	117	required	觀光	mcbopomofo	單詞	觀光
tw-typing-v4-273	117	optional	感到	mcbopomofo	單詞	感到
tw-typing-v4-273	117	optional	呼籲	mcbopomofo	單詞	呼籲
tw-typing-v4-273	117	required	悄悄	mcbopomofo	單詞	悄悄
tw-typing-v4-273	117	optional	臉書	general	單詞	臉書
tw-typing-v4-274	67	required	小紅書	general	單詞	小紅書
tw-typing-v4-274	67	required	男女	mcbopomofo	單詞	男女
tw-typing-v4-274	67	optional	鮮明	mcbopomofo	單詞	鮮明
tw-typing-v4-274	67	optional	一顆	mcbopomofo	單詞	一顆
tw-typing-v4-274	67	required	阿富汗	mcbopomofo	單詞	阿富汗
tw-typing-v4-274	67	optional	請問	mcbopomofo	單詞	請問
tw-typing-v4-274	67	required	片中	mcbopomofo	單詞	片中
tw-typing-v4-274	67	optional	主持人	mcbopomofo	單詞	主持人
tw-typing-v4-274	67	required	啤酒	mcbopomofo	單詞	啤酒
tw-typing-v4-274	67	required	合理	mcbopomofo	單詞	合理
tw-typing-v4-274	67	required	整體	mcbopomofo	單詞	整體
tw-typing-v4-274	67	optional	文化	mcbopomofo	概念詞族	日常生活:文化
tw-typing-v4-274	67	optional	其餘	mcbopomofo	單詞	其餘
tw-typing-v4-274	67	required	何必	mcbopomofo	單詞	何必
tw-typing-v4-274	67	optional	市中心	mcbopomofo	概念詞族	日常生活:中心
tw-typing-v4-274	67	required	位於	mcbopomofo	單詞	位於
tw-typing-v4-274	67	required	對台	mcbopomofo	單詞	對台
tw-typing-v4-274	67	required	餐飲	mcbopomofo	單詞	餐飲
tw-typing-v4-274	67	optional	法令	mcbopomofo	概念詞族	日常生活:法令
tw-typing-v4-274	67	required	起源	mcbopomofo	概念詞族	日常生活:起源
tw-typing-v4-274	67	required	改革	mcbopomofo	概念詞族	日常生活:改革
tw-typing-v4-274	67	optional	講師	mcbopomofo	單詞	講師
tw-typing-v4-274	67	required	買到	mcbopomofo	單詞	買到
tw-typing-v4-274	67	optional	昨天	mcbopomofo	單詞	昨天
tw-typing-v4-274	67	required	垃圾	mcbopomofo	概念詞族	日常生活:垃圾
tw-typing-v4-274	67	optional	放寬	mcbopomofo	單詞	放寬
tw-typing-v4-274	67	optional	有著	mcbopomofo	單詞	有著
tw-typing-v4-274	67	optional	始終	mcbopomofo	單詞	始終
tw-typing-v4-274	67	optional	爸爸	mcbopomofo	單詞	爸爸
tw-typing-v4-274	67	optional	命題原則	education	概念詞族	教育社會:原則
tw-typing-v4-275	73	optional	春節	mcbopomofo	單詞	春節
tw-typing-v4-275	73	required	通貨膨脹	mcbopomofo	單詞	通貨膨脹
tw-typing-v4-275	73	optional	不合	mcbopomofo	單詞	不合
tw-typing-v4-275	73	required	走上	mcbopomofo	單詞	走上
tw-typing-v4-275	73	optional	下去	mcbopomofo	單詞	下去
tw-typing-v4-275	73	required	由於	mcbopomofo	單詞	由於
tw-typing-v4-275	73	required	設立	mcbopomofo	單詞	設立
tw-typing-v4-275	73	optional	財富	mcbopomofo	單詞	財富
tw-typing-v4-275	73	required	制裁	mcbopomofo	單詞	制裁
tw-typing-v4-275	73	optional	就在	mcbopomofo	單詞	就在
tw-typing-v4-275	73	required	信心	mcbopomofo	單詞	信心
tw-typing-v4-275	73	optional	人和	mcbopomofo	單詞	人和
tw-typing-v4-275	73	required	我又	mcbopomofo	單詞	我又
tw-typing-v4-275	73	required	理上	mcbopomofo	單詞	理上
tw-typing-v4-275	73	required	招牌	mcbopomofo	單詞	招牌
tw-typing-v4-275	73	optional	是否	mcbopomofo	單詞	是否
tw-typing-v4-275	73	required	皮克敏	general	單詞	皮克敏
tw-typing-v4-275	73	required	關人	mcbopomofo	單詞	關人
tw-typing-v4-275	73	required	口號	mcbopomofo	單詞	口號
tw-typing-v4-275	73	optional	下令	mcbopomofo	單詞	下令
tw-typing-v4-275	73	optional	另一	mcbopomofo	概念詞族	日常生活:另一
tw-typing-v4-275	73	optional	道德	mcbopomofo	單詞	道德
tw-typing-v4-275	73	optional	本席	mcbopomofo	單詞	本席
tw-typing-v4-275	73	optional	理想	mcbopomofo	單詞	理想
tw-typing-v4-275	73	required	呼應	mcbopomofo	單詞	呼應
tw-typing-v4-275	73	optional	一群	mcbopomofo	單詞	一群
tw-typing-v4-275	73	optional	可惜	mcbopomofo	單詞	可惜
tw-typing-v4-275	73	optional	輕輕	mcbopomofo	單詞	輕輕
tw-typing-v4-275	73	required	首頁	mcbopomofo	單詞	首頁
tw-typing-v4-275	73	required	虛擬貨幣	general	概念詞族	日常生活:虛擬
tw-typing-v4-276	121	required	召集	mcbopomofo	概念詞族	日常生活:召集
tw-typing-v4-276	121	optional	十五年	mcbopomofo	概念詞族	日常生活:五年
tw-typing-v4-276	121	required	晚會	mcbopomofo	單詞	晚會
tw-typing-v4-276	121	required	稱為	mcbopomofo	單詞	稱為
tw-typing-v4-276	121	required	共和國	mcbopomofo	概念詞族	日常生活:共和
tw-typing-v4-276	121	required	沒辦法	mcbopomofo	概念詞族	日常生活:辦法
tw-typing-v4-276	121	required	一百萬	mcbopomofo	概念詞族	日常生活:百萬
tw-typing-v4-276	121	optional	五年	mcbopomofo	概念詞族	日常生活:五年
tw-typing-v4-276	121	required	原因	mcbopomofo	單詞	原因
tw-typing-v4-276	121	optional	很好的	mcbopomofo	概念詞族	日常生活:很好
tw-typing-v4-276	121	required	百萬	mcbopomofo	概念詞族	日常生活:百萬
tw-typing-v4-276	121	optional	足夠	mcbopomofo	概念詞族	日常生活:足夠
tw-typing-v4-276	121	optional	一卡通	general	概念詞族	日常生活:卡通
tw-typing-v4-276	121	required	提供給	mcbopomofo	概念詞族	日常生活:提供
tw-typing-v4-276	121	optional	覺得	mcbopomofo	概念詞族	日常生活:覺得
tw-typing-v4-276	121	optional	目前	mcbopomofo	概念詞族	日常生活:目前
tw-typing-v4-276	121	required	其實	mcbopomofo	概念詞族	日常生活:其實
tw-typing-v4-276	121	optional	提示詞	general	概念詞族	日常生活:提示
tw-typing-v4-276	121	required	其實是	mcbopomofo	概念詞族	日常生活:其實
tw-typing-v4-276	121	optional	目前為止	mcbopomofo	概念詞族	日常生活:目前
tw-typing-v4-276	121	optional	很好	mcbopomofo	概念詞族	日常生活:很好
tw-typing-v4-276	121	required	提供	mcbopomofo	概念詞族	日常生活:提供
tw-typing-v4-276	121	optional	提示工程	general	概念詞族	日常生活:提示
tw-typing-v4-276	121	required	辦法	mcbopomofo	概念詞族	日常生活:辦法
tw-typing-v4-276	121	optional	足夠的	mcbopomofo	概念詞族	日常生活:足夠
tw-typing-v4-276	121	required	召集人	mcbopomofo	概念詞族	日常生活:召集
tw-typing-v4-276	121	optional	卡通	mcbopomofo	概念詞族	日常生活:卡通
tw-typing-v4-276	121	optional	有名	mcbopomofo	單詞	有名
tw-typing-v4-276	121	optional	覺得很	mcbopomofo	概念詞族	日常生活:覺得
tw-typing-v4-276	121	required	個體	mcbopomofo	單詞	個體
tw-typing-v4-277	110	required	看起來	mcbopomofo	概念詞族	日常生活:起來
tw-typing-v4-277	110	required	還是	mcbopomofo	概念詞族	日常生活:還是
tw-typing-v4-277	110	required	加密資產	general	概念詞族	日常生活:加密
tw-typing-v4-277	110	optional	開源軟體	general	概念詞族	日常生活:開源
tw-typing-v4-277	110	optional	相較	mcbopomofo	概念詞族	日常生活:相較
tw-typing-v4-277	110	required	想到	mcbopomofo	概念詞族	日常生活:想到
tw-typing-v4-277	110	optional	比如說	mcbopomofo	概念詞族	日常生活:如說
tw-typing-v4-277	110	optional	開源模型	general	概念詞族	日常生活:開源
tw-typing-v4-277	110	optional	被動投資	general	概念詞族	日常生活:投資
tw-typing-v4-277	110	optional	個資外洩	general	概念詞族	日常生活:外洩
tw-typing-v4-277	110	optional	指數投資	general	概念詞族	日常生活:投資
tw-typing-v4-277	110	optional	訓練	ai-data-science,mcbopomofo	同義近義	訓練培訓
tw-typing-v4-277	110	required	資料外洩	general	概念詞族	日常生活:外洩
tw-typing-v4-277	110	optional	培訓	mcbopomofo	同義近義	訓練培訓
tw-typing-v4-277	110	required	還是會	mcbopomofo	概念詞族	日常生活:還是
tw-typing-v4-277	110	required	記錄	mcbopomofo	同義近義	記錄紀錄
tw-typing-v4-277	110	required	十六	mcbopomofo	概念詞族	日常生活:十六
tw-typing-v4-277	110	required	加密貨幣	general	概念詞族	日常生活:加密
tw-typing-v4-277	110	optional	電子支付	general	概念詞族	日常生活:支付
tw-typing-v4-277	110	optional	相較於	mcbopomofo	概念詞族	日常生活:相較
tw-typing-v4-277	110	optional	譬如說	mcbopomofo	概念詞族	日常生活:如說
tw-typing-v4-277	110	optional	街口支付	general	概念詞族	日常生活:支付
tw-typing-v4-277	110	required	紀錄	government,mcbopomofo	同義近義	記錄紀錄
tw-typing-v4-277	110	optional	一百六	mcbopomofo	概念詞族	日常生活:一百
tw-typing-v4-277	110	optional	一百五	mcbopomofo	概念詞族	日常生活:一百
tw-typing-v4-277	110	required	我想到	mcbopomofo	概念詞族	日常生活:想到
tw-typing-v4-277	110	required	研究院	mcbopomofo	概念詞族	日常生活:研究
tw-typing-v4-277	110	required	研究	mcbopomofo	概念詞族	日常生活:研究
tw-typing-v4-277	110	required	二十六	mcbopomofo	概念詞族	日常生活:十六
tw-typing-v4-277	110	required	起來	mcbopomofo	概念詞族	日常生活:起來
tw-typing-v4-278	184	required	骨髓瘤	medicine	概念詞族	醫療生技:骨髓
tw-typing-v4-278	184	optional	甲狀腺結節	medicine	概念詞族	醫療生技:結節
tw-typing-v4-278	184	required	功能	mcbopomofo,medicine	概念詞族	醫療生技:功能
tw-typing-v4-278	184	optional	直接膽紅素	medicine	概念詞族	醫療生技:膽紅
tw-typing-v4-278	184	optional	磨玻璃結節	medicine	概念詞族	醫療生技:結節
tw-typing-v4-278	184	required	骨髓	mcbopomofo,medicine	概念詞族	醫療生技:骨髓
tw-typing-v4-278	184	optional	出血性	mcbopomofo,medicine	概念詞族	醫療生技:出血
tw-typing-v4-278	184	optional	肌酸激酶	medicine	概念詞族	醫療生技:肌酸
tw-typing-v4-278	184	required	基因敲除	biotech-pharma	概念詞族	醫療生技:因敲
tw-typing-v4-278	184	optional	亢進	mcbopomofo,medicine	概念詞族	醫療生技:亢進
tw-typing-v4-278	184	optional	呼吸	mcbopomofo,medicine	概念詞族	醫療生技:呼吸
tw-typing-v4-278	184	optional	出血	mcbopomofo,medicine	概念詞族	醫療生技:出血
tw-typing-v4-278	184	optional	肌酸酐比	medicine	概念詞族	醫療生技:肌酸
tw-typing-v4-278	184	required	藥物動力學	biotech-pharma	概念詞族	醫療生技:動力
tw-typing-v4-278	184	required	前臨床試驗	biotech-pharma	概念詞族	醫療生技:床試
tw-typing-v4-278	184	required	臨床試驗	biotech-pharma	概念詞族	醫療生技:床試
tw-typing-v4-278	184	required	全基因體	biotech-pharma	概念詞族	醫療生技:因體
tw-typing-v4-278	184	required	製程確效	biotech-pharma	概念詞族	醫療生技:確效
tw-typing-v4-278	184	required	尿動力學	medicine	概念詞族	醫療生技:動力
tw-typing-v4-278	184	required	基因體學	biotech-pharma	概念詞族	醫療生技:因體
tw-typing-v4-278	184	required	心導管檢查	medicine	概念詞族	醫療生技:導管
tw-typing-v4-278	184	required	功能評估	medicine	概念詞族	醫療生技:功能
tw-typing-v4-278	184	optional	機能亢進	medicine	概念詞族	醫療生技:亢進
tw-typing-v4-278	184	required	確效	biotech-pharma	概念詞族	醫療生技:確效
tw-typing-v4-278	184	optional	呼吸系統	mcbopomofo,medicine	概念詞族	醫療生技:呼吸
tw-typing-v4-278	184	optional	總膽紅素	medicine	概念詞族	醫療生技:膽紅
tw-typing-v4-278	184	optional	凝膠電泳	biotech-pharma	概念詞族	醫療生技:電泳
tw-typing-v4-278	184	required	基因敲入	biotech-pharma	概念詞族	醫療生技:因敲
tw-typing-v4-278	184	optional	毛細管電泳	biotech-pharma	概念詞族	醫療生技:電泳
tw-typing-v4-278	184	optional	鼻導管	medicine	概念詞族	醫療生技:導管
tw-typing-v4-279	33	required	加密	mcbopomofo,network-security	概念詞族	數位科技:加密
tw-typing-v4-279	33	optional	準備程序	law	概念詞族	政府法律:準備
tw-typing-v4-279	33	required	類風濕性	medicine	單詞	類風濕性
tw-typing-v4-279	33	required	手塚治虫	mcbopomofo,people-history	單詞	手塚治虫
tw-typing-v4-279	33	optional	反應	biotech-pharma,education,industrial-engineering,mcbopomofo	概念詞族	醫療生技:反應
tw-typing-v4-279	33	required	最有利標	government	單詞	最有利標
tw-typing-v4-279	33	optional	課予	law	單詞	課予
tw-typing-v4-279	33	optional	數位設計	electronics	概念詞族	電子半導體:位設
tw-typing-v4-279	33	required	不起訴	law	概念詞族	政府法律:起訴
tw-typing-v4-279	33	required	過動症	education	單詞	過動症
tw-typing-v4-279	33	optional	善意取得	law	概念詞族	政府法律:取得
tw-typing-v4-279	33	required	正當防衛	law	概念詞族	政府法律:防衛
tw-typing-v4-279	33	optional	聽證	law	單詞	聽證
tw-typing-v4-279	33	optional	連帶債務	law	概念詞族	政府法律:債務
tw-typing-v4-279	33	required	公務人員	government,mcbopomofo	概念詞族	政府法律:人員
tw-typing-v4-279	33	required	觀察學習	psychology-society	概念詞族	教育社會:學習
tw-typing-v4-279	33	required	合意管轄	law	概念詞族	政府法律:管轄
tw-typing-v4-279	33	optional	意思表示	law	概念詞族	政府法律:意思
tw-typing-v4-279	33	required	無罪推定	law	單詞	無罪推定
tw-typing-v4-279	33	optional	法定財產制	law	概念詞族	政府法律:法定
tw-typing-v4-279	33	optional	會辦	government	單詞	會辦
tw-typing-v4-279	33	required	推論加速	ai-data-science	概念詞族	數位科技:加速
tw-typing-v4-279	33	optional	速率	mcbopomofo,medicine	概念詞族	醫療生技:速率
tw-typing-v4-279	33	required	達成率	business	概念詞族	商業管理:成率
tw-typing-v4-279	33	required	申請案件	government	概念詞族	政府法律:申請
tw-typing-v4-279	33	required	大廈	law,mcbopomofo	單詞	大廈
tw-typing-v4-279	33	optional	物流管理	transport-logistics	概念詞族	交通物流:物流
tw-typing-v4-279	33	optional	當事人適格	law	單詞	當事人適格
tw-typing-v4-279	33	optional	資本預算	finance	概念詞族	商業管理:本預
tw-typing-v4-279	33	optional	清除率	biotech-pharma	單詞	清除率
tw-typing-v4-280	51	required	登入系統	software	概念詞族	數位科技:登入
tw-typing-v4-280	51	required	身分系統	network-security	概念詞族	數位科技:身分
tw-typing-v4-280	51	optional	對稱式加密	network-security	概念詞族	數位科技:稱式
tw-typing-v4-280	51	optional	絕對誤差	ai-data-science,mcbopomofo	概念詞族	數位科技:誤差
tw-typing-v4-280	51	required	代理式	ai-data-science	概念詞族	數位科技:代理
tw-typing-v4-280	51	required	中間人攻擊	network-security	概念詞族	數位科技:中間
tw-typing-v4-280	51	required	效能調校	software	概念詞族	數位科技:調校
tw-typing-v4-280	51	optional	防禦	mcbopomofo,network-security	概念詞族	數位科技:防禦
tw-typing-v4-280	51	optional	對稱式	network-security	概念詞族	數位科技:稱式
tw-typing-v4-280	51	required	度量學習	ai-data-science	概念詞族	數位科技:量學
tw-typing-v4-280	51	required	多代理系統	ai-data-science	概念詞族	數位科技:代理
tw-typing-v4-280	51	optional	多版本	software	概念詞族	數位科技:版本
tw-typing-v4-280	51	optional	分散式	mcbopomofo,network-security,software	概念詞族	數位科技:分散
tw-typing-v4-280	51	required	偽造	mcbopomofo,network-security	概念詞族	數位科技:偽造
tw-typing-v4-280	51	required	單一登入	network-security	概念詞族	數位科技:登入
tw-typing-v4-280	51	required	增量學習	ai-data-science	概念詞族	數位科技:量學
tw-typing-v4-280	51	required	身分服務	software	概念詞族	數位科技:身分
tw-typing-v4-280	51	optional	均方誤差	ai-data-science	概念詞族	數位科技:誤差
tw-typing-v4-280	51	optional	影像分割	ai-data-science	概念詞族	數位科技:像分
tw-typing-v4-280	51	required	主資料管理	ai-data-science	概念詞族	數位科技:料管
tw-typing-v4-280	51	required	端請求偽造	network-security	概念詞族	數位科技:偽造
tw-typing-v4-280	51	optional	影像分類	ai-data-science	概念詞族	數位科技:像分
tw-typing-v4-280	51	optional	分散式系統	software	概念詞族	數位科技:分散
tw-typing-v4-280	51	optional	自然語言	ai-data-science,general	概念詞族	數位科技:自然
tw-typing-v4-280	51	required	調校	mcbopomofo,software	概念詞族	數位科技:調校
tw-typing-v4-280	51	optional	社交工程	network-security	單詞	社交工程
tw-typing-v4-280	51	optional	藍隊防禦	network-security	概念詞族	數位科技:防禦
tw-typing-v4-280	51	optional	分離	mcbopomofo,software	單詞	分離
tw-typing-v4-280	51	required	資料管線	software	概念詞族	數位科技:料管
tw-typing-v4-280	51	optional	自然	ai-data-science,business,general,mcbopomofo	概念詞族	數位科技:自然
tw-typing-v4-281	43	required	常模	education	單詞	常模
tw-typing-v4-281	43	required	電腦化	education,mcbopomofo	概念詞族	教育社會:電腦
tw-typing-v4-281	43	optional	適性	education	單詞	適性
tw-typing-v4-281	43	optional	多重障礙	education	概念詞族	教育社會:多重
tw-typing-v4-281	43	required	污名化	psychology-society	單詞	污名化
tw-typing-v4-281	43	optional	委員會	education,mcbopomofo	概念詞族	教育社會:員會
tw-typing-v4-281	43	required	最近發展區	education	概念詞族	教育社會:最近
tw-typing-v4-281	43	optional	團體迷思	psychology-society	概念詞族	教育社會:迷思
tw-typing-v4-281	43	required	試題	education,mcbopomofo	單詞	試題
tw-typing-v4-281	43	optional	情緒	education,mcbopomofo	單詞	情緒
tw-typing-v4-281	43	optional	老化指數	psychology-society	概念詞族	教育社會:指數
tw-typing-v4-281	43	optional	區辨	psychology-society	單詞	區辨
tw-typing-v4-281	43	required	框架效應	psychology-society	概念詞族	教育社會:框架
tw-typing-v4-281	43	optional	合作學習	education	概念詞族	教育社會:合作
tw-typing-v4-281	43	optional	郊區化	psychology-society	概念詞族	教育社會:郊區
tw-typing-v4-281	43	optional	十二年國教	education	概念詞族	教育社會:十二
tw-typing-v4-281	43	required	工業	mcbopomofo,psychology-society	概念詞族	教育社會:工業
tw-typing-v4-281	43	required	關聯	education,mcbopomofo	單詞	關聯
tw-typing-v4-281	43	optional	有機農業	agriculture-food	概念詞族	農業食品:有機
tw-typing-v4-281	43	optional	導向學習	education	概念詞族	教育社會:導向
tw-typing-v4-281	43	required	人口轉型	psychology-society	概念詞族	教育社會:轉型
tw-typing-v4-281	43	optional	社會流動	psychology-society	概念詞族	教育社會:流動
tw-typing-v4-281	43	required	生活科技	education,mcbopomofo	概念詞族	教育社會:生活
tw-typing-v4-281	43	required	古典	education,mcbopomofo	概念詞族	教育社會:古典
tw-typing-v4-281	43	required	通用	education,mcbopomofo,semiconductor	單詞	通用
tw-typing-v4-281	43	required	支持	education,mcbopomofo	同義近義	支持支援
tw-typing-v4-281	43	optional	資訊科技	education	概念詞族	教育社會:科技
tw-typing-v4-281	43	optional	語意記憶	psychology-society	概念詞族	教育社會:語意
tw-typing-v4-281	43	required	食品保存	agriculture-food	概念詞族	農業食品:保存
tw-typing-v4-281	43	required	反向形成	psychology-society	概念詞族	教育社會:反向
tw-typing-v4-282	164	required	實體風險	energy-environment	概念詞族	科學環境:實體
tw-typing-v4-282	164	optional	電阻率	science	單詞	電阻率
tw-typing-v4-282	164	required	幾何光學	science	概念詞族	科學環境:幾何
tw-typing-v4-282	164	optional	揮發性	energy-environment,mcbopomofo	概念詞族	科學環境:揮發
tw-typing-v4-282	164	required	金相分析	materials-chemistry	單詞	金相分析
tw-typing-v4-282	164	required	觸媒	energy-environment,mcbopomofo	單詞	觸媒
tw-typing-v4-282	164	optional	燃料電池	energy-environment,materials-chemistry	概念詞族	科學環境:燃料
tw-typing-v4-282	164	optional	差示	materials-chemistry	單詞	差示
tw-typing-v4-282	164	required	績效指標	energy-environment,government	概念詞族	科學環境:績效
tw-typing-v4-282	164	required	電勢能	science	單詞	電勢能
tw-typing-v4-282	164	optional	資源垃圾	energy-environment	概念詞族	科學環境:垃圾
tw-typing-v4-282	164	optional	智慧材料	materials-chemistry	概念詞族	科學環境:智慧
tw-typing-v4-282	164	optional	資源循環	energy-environment	概念詞族	科學環境:資源
tw-typing-v4-282	164	required	功能材料	materials-chemistry	概念詞族	科學環境:功能
tw-typing-v4-282	164	required	莫耳濃度	science	概念詞族	科學環境:濃度
tw-typing-v4-282	164	required	薄膜材料	materials-chemistry	概念詞族	科學環境:薄膜
tw-typing-v4-282	164	required	波函數	science	概念詞族	科學環境:函數
tw-typing-v4-282	164	optional	光電材料	materials-chemistry	概念詞族	科學環境:光電
tw-typing-v4-282	164	optional	量熱法	materials-chemistry	單詞	量熱法
tw-typing-v4-282	164	optional	空污	energy-environment	單詞	空污
tw-typing-v4-282	164	required	清理計畫	energy-environment	概念詞族	科學環境:計畫
tw-typing-v4-282	164	required	當量	energy-environment,mcbopomofo	單詞	當量
tw-typing-v4-282	164	required	奈米過濾	materials-chemistry	概念詞族	科學環境:過濾
tw-typing-v4-282	164	optional	組織碳盤查	energy-environment	概念詞族	科學環境:組織
tw-typing-v4-282	164	optional	內質網	science	單詞	內質網
tw-typing-v4-282	164	optional	晶體結構	materials-chemistry	概念詞族	科學環境:晶體
tw-typing-v4-282	164	required	自旋	science	單詞	自旋
tw-typing-v4-282	164	optional	熱處理	materials-chemistry,mcbopomofo	概念詞族	科學環境:熱處
tw-typing-v4-282	164	required	太陽熱能	energy-environment	概念詞族	科學環境:太陽
tw-typing-v4-282	164	optional	材料科學	materials-chemistry	概念詞族	科學環境:料科
tw-typing-v4-283	53	required	變異	ai-data-science,mcbopomofo	概念詞族	數位科技:變異
tw-typing-v4-283	53	required	效能分析	software	概念詞族	數位科技:能分
tw-typing-v4-283	53	optional	機密管理	network-security	單詞	機密管理
tw-typing-v4-283	53	required	安全基線	network-security	概念詞族	數位科技:全基
tw-typing-v4-283	53	required	事件調查	network-security	概念詞族	數位科技:調查
tw-typing-v4-283	53	optional	增強	ai-data-science,mcbopomofo	概念詞族	數位科技:增強
tw-typing-v4-283	53	required	魚叉式	network-security	單詞	魚叉式
tw-typing-v4-283	53	optional	競爭條件	network-security	概念詞族	數位科技:競爭
tw-typing-v4-283	53	optional	連接埠轉換	network-security	概念詞族	數位科技:連接
tw-typing-v4-283	53	required	真空包裝	agriculture-food	概念詞族	農業食品:真空
tw-typing-v4-283	53	required	滴灌	agriculture-food	單詞	滴灌
tw-typing-v4-283	53	optional	依賴	mcbopomofo,software	單詞	依賴
tw-typing-v4-283	53	optional	網路設備	network-security	概念詞族	數位科技:設備
tw-typing-v4-283	53	required	循環	ai-data-science,mcbopomofo	概念詞族	數位科技:循環
tw-typing-v4-283	53	optional	完整性驗證	network-security	概念詞族	數位科技:完整
tw-typing-v4-283	53	optional	彈性網路	ai-data-science	概念詞族	數位科技:彈性
tw-typing-v4-283	53	optional	滑動視窗	network-security	概念詞族	數位科技:視窗
tw-typing-v4-283	53	required	故障轉移	software	概念詞族	數位科技:轉移
tw-typing-v4-283	53	optional	神經網路	ai-data-science,general,semiconductor	概念詞族	數位科技:神經
tw-typing-v4-283	53	required	零信任架構	network-security	概念詞族	數位科技:零信
tw-typing-v4-283	53	required	設定服務	software	概念詞族	數位科技:設定
tw-typing-v4-283	53	optional	蒸餾	ai-data-science,mcbopomofo	單詞	蒸餾
tw-typing-v4-283	53	required	模組	mcbopomofo,network-security	單詞	模組
tw-typing-v4-283	53	required	最佳化	ai-data-science,business,mcbopomofo	概念詞族	數位科技:最佳
tw-typing-v4-283	53	optional	災難復原	software	單詞	災難復原
tw-typing-v4-283	53	optional	訊息鑑別碼	network-security	概念詞族	數位科技:鑑別
tw-typing-v4-283	53	required	容器平台	software	概念詞族	數位科技:容器
tw-typing-v4-283	53	optional	清單	mcbopomofo,software	單詞	清單
tw-typing-v4-283	53	required	排名指標	ai-data-science	概念詞族	數位科技:排名
tw-typing-v4-283	53	optional	資安通報	network-security	概念詞族	數位科技:資安
tw-typing-v4-284	190	required	逆變器模擬	electronics	概念詞族	電子半導體:器模
tw-typing-v4-284	190	required	源極	electronics	概念詞族	電子半導體:源極
tw-typing-v4-284	190	required	馬達	electronics,mcbopomofo	概念詞族	電子半導體:馬達
tw-typing-v4-284	190	required	天線量測	electronics	概念詞族	電子半導體:量測
tw-typing-v4-284	190	required	同步馬達	electronics	概念詞族	電子半導體:馬達
tw-typing-v4-284	190	optional	薄膜設備	semiconductor	概念詞族	電子半導體:薄膜
tw-typing-v4-284	190	optional	充電器驗證	electronics	概念詞族	電子半導體:器驗
tw-typing-v4-284	190	optional	雜訊分析	electronics	概念詞族	電子半導體:雜訊
tw-typing-v4-284	190	optional	薄膜	mcbopomofo,semiconductor	概念詞族	電子半導體:薄膜
tw-typing-v4-284	190	required	感測器模擬	electronics	概念詞族	電子半導體:器模
tw-typing-v4-284	190	required	數位量測	electronics	概念詞族	電子半導體:量測
tw-typing-v4-284	190	optional	接地系統	electronics	概念詞族	電子半導體:接地
tw-typing-v4-284	190	required	直流轉換器	electronics	概念詞族	電子半導體:直流
tw-typing-v4-284	190	required	共源極	electronics	概念詞族	電子半導體:源極
tw-typing-v4-284	190	required	充電器模擬	electronics	概念詞族	電子半導體:器模
tw-typing-v4-284	190	optional	保護接地	electronics	概念詞族	電子半導體:接地
tw-typing-v4-284	190	required	馬達熱分析	electronics	概念詞族	電子半導體:馬達
tw-typing-v4-284	190	optional	感測器校正	electronics	概念詞族	電子半導體:器校
tw-typing-v4-284	190	optional	訊號雜訊比	electronics	概念詞族	電子半導體:雜訊
tw-typing-v4-284	190	optional	充電器校正	electronics	概念詞族	電子半導體:器校
tw-typing-v4-284	190	required	直流	electronics,mcbopomofo	概念詞族	電子半導體:直流
tw-typing-v4-284	190	optional	感測器驗證	electronics	概念詞族	電子半導體:器驗
tw-typing-v4-284	190	optional	相位雜訊	electronics	概念詞族	電子半導體:雜訊
tw-typing-v4-284	190	optional	逆變器校正	electronics	概念詞族	電子半導體:器校
tw-typing-v4-284	190	optional	薄膜製程	semiconductor	概念詞族	電子半導體:薄膜
tw-typing-v4-284	190	optional	逆變器驗證	electronics	概念詞族	電子半導體:器驗
tw-typing-v4-284	190	required	直流馬達	electronics	概念詞族	電子半導體:直流
tw-typing-v4-284	190	optional	功能接地	electronics	概念詞族	電子半導體:接地
tw-typing-v4-284	190	required	源極跟隨器	electronics	概念詞族	電子半導體:源極
tw-typing-v4-284	190	required	量測	electronics,industrial-engineering,mcbopomofo	概念詞族	電子半導體:量測
tw-typing-v4-285	103	required	基本	mcbopomofo	概念詞族	日常生活:基本
tw-typing-v4-285	103	required	身體	mcbopomofo	單詞	身體
tw-typing-v4-285	103	required	公私	mcbopomofo	單詞	公私
tw-typing-v4-285	103	required	女孩	mcbopomofo	單詞	女孩
tw-typing-v4-285	103	optional	儒家	mcbopomofo	單詞	儒家
tw-typing-v4-285	103	optional	多少	mcbopomofo	單詞	多少
tw-typing-v4-285	103	optional	四日	mcbopomofo	單詞	四日
tw-typing-v4-285	103	required	必要	mcbopomofo	單詞	必要
tw-typing-v4-285	103	required	大家	mcbopomofo	單詞	大家
tw-typing-v4-285	103	required	一名	mcbopomofo	單詞	一名
tw-typing-v4-285	103	optional	街頭	mcbopomofo	單詞	街頭
tw-typing-v4-285	103	required	彰化縣	mcbopomofo	單詞	彰化縣
tw-typing-v4-285	103	optional	競爭	mcbopomofo	概念詞族	日常生活:競爭
tw-typing-v4-285	103	optional	價錢	mcbopomofo	單詞	價錢
tw-typing-v4-285	103	required	這些	mcbopomofo	單詞	這些
tw-typing-v4-285	103	required	保守	mcbopomofo	概念詞族	日常生活:保守
tw-typing-v4-285	103	required	不好	mcbopomofo	單詞	不好
tw-typing-v4-285	103	required	應有	mcbopomofo	單詞	應有
tw-typing-v4-285	103	optional	充足	mcbopomofo	單詞	充足
tw-typing-v4-285	103	optional	便當	mcbopomofo	單詞	便當
tw-typing-v4-285	103	required	生命	mcbopomofo	概念詞族	日常生活:生命
tw-typing-v4-285	103	optional	小孩	mcbopomofo	單詞	小孩
tw-typing-v4-285	103	optional	當做	mcbopomofo	單詞	當做
tw-typing-v4-285	103	optional	無法	mcbopomofo	單詞	無法
tw-typing-v4-285	103	optional	自來	mcbopomofo	單詞	自來
tw-typing-v4-285	103	optional	圖書館	mcbopomofo	單詞	圖書館
tw-typing-v4-285	103	required	情人	mcbopomofo	單詞	情人
tw-typing-v4-285	103	optional	等人	mcbopomofo	單詞	等人
tw-typing-v4-285	103	optional	裡頭	mcbopomofo	單詞	裡頭
tw-typing-v4-285	103	required	介入	mcbopomofo	概念詞族	日常生活:介入
tw-typing-v4-286	14	optional	速動比率	finance	概念詞族	商業管理:比率
tw-typing-v4-286	14	required	客戶分析	business	概念詞族	商業管理:客戶
tw-typing-v4-286	14	required	客戶區隔	business	概念詞族	商業管理:客戶
tw-typing-v4-286	14	optional	訂單量預測	business	概念詞族	商業管理:單量
tw-typing-v4-286	14	optional	留存率目標	business	概念詞族	商業管理:率目
tw-typing-v4-286	14	required	毛利成長率	business	概念詞族	商業管理:利成
tw-typing-v4-286	14	optional	市占率目標	business	概念詞族	商業管理:率目
tw-typing-v4-286	14	optional	流失率目標	business	概念詞族	商業管理:率目
tw-typing-v4-286	14	optional	負債比率	finance	概念詞族	商業管理:比率
tw-typing-v4-286	14	required	債券市場	finance	概念詞族	商業管理:市場
tw-typing-v4-286	14	required	市場	business,mcbopomofo	概念詞族	商業管理:市場
tw-typing-v4-286	14	required	客戶規劃	business	概念詞族	商業管理:客戶
tw-typing-v4-286	14	required	資本公積	finance	概念詞族	商業管理:資本
tw-typing-v4-286	14	optional	定價規劃	business	概念詞族	商業管理:定價
tw-typing-v4-286	14	optional	定價	business,finance,mcbopomofo	概念詞族	商業管理:定價
tw-typing-v4-286	14	required	資本市場	finance	概念詞族	商業管理:資本
tw-typing-v4-286	14	required	市場風險	finance	概念詞族	商業管理:市場
tw-typing-v4-286	14	required	市場契合	business	概念詞族	商業管理:市場
tw-typing-v4-286	14	required	客戶管理	business	概念詞族	商業管理:客戶
tw-typing-v4-286	14	optional	定價管理	business	概念詞族	商業管理:定價
tw-typing-v4-286	14	required	訂單量目標	business	概念詞族	商業管理:單量
tw-typing-v4-286	14	optional	定價策略	business	概念詞族	商業管理:定價
tw-typing-v4-286	14	optional	比率分析	finance	概念詞族	商業管理:比率
tw-typing-v4-286	14	optional	訂單量趨勢	business	概念詞族	商業管理:單量
tw-typing-v4-286	14	optional	轉換率目標	business	概念詞族	商業管理:率目
tw-typing-v4-286	14	required	資本	finance,mcbopomofo	概念詞族	商業管理:資本
tw-typing-v4-286	14	required	資本結構	finance	概念詞族	商業管理:資本
tw-typing-v4-286	14	optional	現金比率	finance	概念詞族	商業管理:比率
tw-typing-v4-286	14	optional	訂單量	business	概念詞族	商業管理:單量
tw-typing-v4-286	14	required	淨利成長率	business	概念詞族	商業管理:利成
tw-typing-v4-287	152	optional	趙少康	mcbopomofo,people-contemporary	單詞	趙少康
tw-typing-v4-287	152	optional	年鑑學派	history	單詞	年鑑學派
tw-typing-v4-287	152	optional	郝柏村	mcbopomofo,people-oldnews	單詞	郝柏村
tw-typing-v4-287	152	required	文明起源	history	概念詞族	歷史人物:起源
tw-typing-v4-287	152	required	古巴	history,mcbopomofo	單詞	古巴
tw-typing-v4-287	152	optional	李天祿	mcbopomofo,people-oldnews	單詞	李天祿
tw-typing-v4-287	152	required	密特朗	mcbopomofo,people-oldnews	概念詞族	歷史人物:密特
tw-typing-v4-287	152	optional	王永慶	mcbopomofo,people-oldnews	單詞	王永慶
tw-typing-v4-287	152	required	魏晉	history	單詞	魏晉
tw-typing-v4-287	152	required	晏嬰	mcbopomofo,people-history	單詞	晏嬰
tw-typing-v4-287	152	optional	林慧萍	mcbopomofo,people-oldnews	單詞	林慧萍
tw-typing-v4-287	152	optional	華佗	mcbopomofo,people-history	單詞	華佗
tw-typing-v4-287	152	required	地方史	history	概念詞族	歷史人物:地方
tw-typing-v4-287	152	optional	蘇貞昌	mcbopomofo,people-contemporary	單詞	蘇貞昌
tw-typing-v4-287	152	optional	王維	mcbopomofo,people-history	單詞	王維
tw-typing-v4-287	152	required	阿拉伯帝國	history	概念詞族	歷史人物:拉伯
tw-typing-v4-287	152	required	維也納會議	history	概念詞族	歷史人物:會議
tw-typing-v4-287	152	required	地理大發現	history	概念詞族	歷史人物:地理
tw-typing-v4-287	152	optional	陳金鋒	mcbopomofo,people-contemporary	單詞	陳金鋒
tw-typing-v4-287	152	required	王陽明	mcbopomofo,people-history	單詞	王陽明
tw-typing-v4-287	152	required	黃仁勳	people-contemporary	單詞	黃仁勳
tw-typing-v4-287	152	optional	拉斐爾	mcbopomofo,people-history	單詞	拉斐爾
tw-typing-v4-287	152	required	村上春樹	mcbopomofo,people-contemporary	單詞	村上春樹
tw-typing-v4-287	152	required	乾隆	mcbopomofo,people-history	單詞	乾隆
tw-typing-v4-287	152	optional	曹植	mcbopomofo,people-history	單詞	曹植
tw-typing-v4-287	152	optional	荀子	mcbopomofo,people-history	單詞	荀子
tw-typing-v4-287	152	optional	海上	history,mcbopomofo	單詞	海上
tw-typing-v4-287	152	optional	張榮發	mcbopomofo,people-oldnews	單詞	張榮發
tw-typing-v4-287	152	required	郭正亮	mcbopomofo,people-contemporary	單詞	郭正亮
tw-typing-v4-287	152	required	郭富城	mcbopomofo,people-oldnews	單詞	郭富城
tw-typing-v4-288	34	required	保留	law,mcbopomofo	概念詞族	政府法律:保留
tw-typing-v4-288	34	optional	預備犯	law	單詞	預備犯
tw-typing-v4-288	34	optional	線上	government,mcbopomofo	概念詞族	政府法律:線上
tw-typing-v4-288	34	required	排除	law,mcbopomofo	單詞	排除
tw-typing-v4-288	34	optional	考績	government,mcbopomofo	單詞	考績
tw-typing-v4-288	34	required	區分	law,mcbopomofo	概念詞族	政府法律:區分
tw-typing-v4-288	34	optional	親權	law	單詞	親權
tw-typing-v4-288	34	optional	價金	government	單詞	價金
tw-typing-v4-288	34	optional	函復	government	單詞	函復
tw-typing-v4-288	34	required	質權	law	單詞	質權
tw-typing-v4-288	34	optional	期待可能性	law	概念詞族	政府法律:能性
tw-typing-v4-288	34	optional	不完全給付	law	概念詞族	政府法律:完全
tw-typing-v4-288	34	optional	業務	law,mcbopomofo	單詞	業務
tw-typing-v4-288	34	required	司法審查	law	概念詞族	政府法律:司法
tw-typing-v4-288	34	required	簽辦	government	單詞	簽辦
tw-typing-v4-288	34	required	簽核	government	單詞	簽核
tw-typing-v4-288	34	required	無因管理	law	單詞	無因管理
tw-typing-v4-288	34	required	專屬管轄	law	概念詞族	政府法律:專屬
tw-typing-v4-288	34	optional	遷徙	law,mcbopomofo	單詞	遷徙
tw-typing-v4-288	34	required	不自證己罪	law	概念詞族	政府法律:不自
tw-typing-v4-288	34	required	再審之訴	law	單詞	再審之訴
tw-typing-v4-288	34	required	農育權	law	單詞	農育權
tw-typing-v4-288	34	required	支付命令	law	概念詞族	政府法律:命令
tw-typing-v4-288	34	required	準用	government	單詞	準用
tw-typing-v4-288	34	optional	刑法總則	law	概念詞族	政府法律:總則
tw-typing-v4-288	34	optional	公開	government,mcbopomofo	概念詞族	政府法律:公開
tw-typing-v4-288	34	optional	協商程序	law	概念詞族	政府法律:協商
tw-typing-v4-288	34	optional	公文	government,mcbopomofo	單詞	公文
tw-typing-v4-288	34	optional	陳核	government	單詞	陳核
tw-typing-v4-288	34	required	瑕疵	law,mcbopomofo	單詞	瑕疵
tw-typing-v4-289	60	required	反轉	mcbopomofo,software	單詞	反轉
tw-typing-v4-289	60	required	滲透測試	network-security	概念詞族	數位科技:滲透
tw-typing-v4-289	60	required	權限檢查	network-security	概念詞族	數位科技:權限
tw-typing-v4-289	60	optional	星型綱要	ai-data-science	單詞	星型綱要
tw-typing-v4-289	60	optional	語言模型	ai-data-science,general	概念詞族	數位科技:言模
tw-typing-v4-289	60	optional	可觀測性	ai-data-science	單詞	可觀測性
tw-typing-v4-289	60	optional	區域網路	mcbopomofo,network-security	概念詞族	數位科技:區域
tw-typing-v4-289	60	required	人類	ai-data-science,mcbopomofo	單詞	人類
tw-typing-v4-289	60	optional	主動學習	ai-data-science	概念詞族	數位科技:主動
tw-typing-v4-289	60	optional	文法	mcbopomofo,software	單詞	文法
tw-typing-v4-289	60	required	網路釣魚	network-security	概念詞族	數位科技:釣魚
tw-typing-v4-289	60	required	基礎設施	software	概念詞族	數位科技:礎設
tw-typing-v4-289	60	optional	三向交握	network-security	單詞	三向交握
tw-typing-v4-289	60	optional	維運	software	單詞	維運
tw-typing-v4-289	60	required	請求	mcbopomofo,network-security	概念詞族	數位科技:請求
tw-typing-v4-289	60	required	動態	mcbopomofo,network-security,semiconductor	概念詞族	數位科技:動態
tw-typing-v4-289	60	required	句法剖析	ai-data-science	概念詞族	數位科技:句法
tw-typing-v4-289	60	required	資料準備	ai-data-science,semiconductor	概念詞族	數位科技:準備
tw-typing-v4-289	60	optional	變動	ai-data-science,mcbopomofo	概念詞族	數位科技:變動
tw-typing-v4-289	60	required	學習	ai-data-science,education,mcbopomofo	概念詞族	數位科技:學習
tw-typing-v4-289	60	required	實體	ai-data-science,mcbopomofo	概念詞族	數位科技:實體
tw-typing-v4-289	60	optional	工具使用	ai-data-science	概念詞族	數位科技:工具
tw-typing-v4-289	60	optional	門控	ai-data-science	單詞	門控
tw-typing-v4-289	60	required	階層式分群	ai-data-science	概念詞族	數位科技:分群
tw-typing-v4-289	60	optional	監督式微調	ai-data-science	概念詞族	數位科技:式微
tw-typing-v4-289	60	optional	樸素	ai-data-science,mcbopomofo	單詞	樸素
tw-typing-v4-289	60	optional	戴克斯特拉	software	概念詞族	數位科技:斯特
tw-typing-v4-289	60	optional	卷積	ai-data-science	單詞	卷積
tw-typing-v4-289	60	required	監督式學習	ai-data-science	概念詞族	數位科技:式學
tw-typing-v4-289	60	required	語言	ai-data-science,education,general,mcbopomofo	概念詞族	數位科技:語言
tw-typing-v4-290	71	required	光是	mcbopomofo	單詞	光是
tw-typing-v4-290	71	required	數目	mcbopomofo	單詞	數目
tw-typing-v4-290	71	optional	失望	mcbopomofo	單詞	失望
tw-typing-v4-290	71	optional	吃飯	mcbopomofo	單詞	吃飯
tw-typing-v4-290	71	optional	離去	mcbopomofo	單詞	離去
tw-typing-v4-290	71	optional	擁有	mcbopomofo	單詞	擁有
tw-typing-v4-290	71	required	發言	mcbopomofo	單詞	發言
tw-typing-v4-290	71	required	商店	mcbopomofo	單詞	商店
tw-typing-v4-290	71	required	尋找	mcbopomofo	單詞	尋找
tw-typing-v4-290	71	optional	盡情	mcbopomofo	單詞	盡情
tw-typing-v4-290	71	required	兼任	mcbopomofo	單詞	兼任
tw-typing-v4-290	71	required	我再	mcbopomofo	單詞	我再
tw-typing-v4-290	71	required	爆發	mcbopomofo	單詞	爆發
tw-typing-v4-290	71	optional	古蹟	mcbopomofo	單詞	古蹟
tw-typing-v4-290	71	required	勒索軟體	general	概念詞族	日常生活:勒索
tw-typing-v4-290	71	required	國小	mcbopomofo	單詞	國小
tw-typing-v4-290	71	optional	附加	mcbopomofo	單詞	附加
tw-typing-v4-290	71	optional	盡量	mcbopomofo	單詞	盡量
tw-typing-v4-290	71	required	私人	mcbopomofo	單詞	私人
tw-typing-v4-290	71	optional	引發	mcbopomofo	單詞	引發
tw-typing-v4-290	71	required	清大	mcbopomofo	單詞	清大
tw-typing-v4-290	71	optional	預防	mcbopomofo	概念詞族	日常生活:預防
tw-typing-v4-290	71	required	單字	mcbopomofo	單詞	單字
tw-typing-v4-290	71	optional	過人	mcbopomofo	單詞	過人
tw-typing-v4-290	71	required	這類	mcbopomofo	單詞	這類
tw-typing-v4-290	71	required	找回	mcbopomofo	單詞	找回
tw-typing-v4-290	71	optional	組成	mcbopomofo	單詞	組成
tw-typing-v4-290	71	optional	接案	general	單詞	接案
tw-typing-v4-290	71	optional	避開	mcbopomofo	單詞	避開
tw-typing-v4-290	71	optional	田徑	mcbopomofo	單詞	田徑
tw-typing-v4-291	176	required	葉面施肥	agriculture-food	單詞	葉面施肥
tw-typing-v4-291	176	required	管理	agriculture-food,business,civil-engineering,mcbopomofo,medicine,network-security,semiconductor,transport-logistics	單詞	管理
tw-typing-v4-291	176	required	摘心	agriculture-food	單詞	摘心
tw-typing-v4-291	176	optional	病蟲害	agriculture-food,mcbopomofo	單詞	病蟲害
tw-typing-v4-291	176	optional	製造規範	agriculture-food,biotech-pharma	概念詞族	農業食品:規範
tw-typing-v4-291	176	required	良好	agriculture-food,mcbopomofo	單詞	良好
tw-typing-v4-291	176	required	疏果	agriculture-food	單詞	疏果
tw-typing-v4-291	176	optional	衛生規範	agriculture-food	概念詞族	農業食品:衛生
tw-typing-v4-291	176	required	食品中毒	agriculture-food	概念詞族	農業食品:中毒
tw-typing-v4-291	176	optional	重要管制點	agriculture-food	概念詞族	農業食品:管制
tw-typing-v4-291	176	optional	燻製	agriculture-food	單詞	燻製
tw-typing-v4-291	176	required	增稠劑	agriculture-food	單詞	增稠劑
tw-typing-v4-291	176	optional	安全採收期	agriculture-food	概念詞族	農業食品:收期
tw-typing-v4-291	176	required	瞬間	agriculture-food,mcbopomofo	單詞	瞬間
tw-typing-v4-291	176	optional	間作	agriculture-food	單詞	間作
tw-typing-v4-291	176	required	作物育種	agriculture-food	單詞	作物育種
tw-typing-v4-291	176	required	綜合	agriculture-food,mcbopomofo	概念詞族	農業食品:綜合
tw-typing-v4-291	176	required	商業滅菌	agriculture-food	概念詞族	農業食品:商業
tw-typing-v4-291	176	optional	食品加工	agriculture-food	概念詞族	農業食品:加工
tw-typing-v4-291	176	optional	膨鬆劑	agriculture-food	單詞	膨鬆劑
tw-typing-v4-291	176	required	設施農業	agriculture-food	概念詞族	農業食品:設施
tw-typing-v4-291	176	required	食品科學	agriculture-food	概念詞族	農業食品:科學
tw-typing-v4-291	176	optional	動物用藥	agriculture-food	單詞	動物用藥
tw-typing-v4-291	176	optional	金黃色	agriculture-food,mcbopomofo	單詞	金黃色
tw-typing-v4-291	176	optional	天敵昆蟲	agriculture-food	概念詞族	農業食品:昆蟲
tw-typing-v4-291	176	optional	性費洛蒙	agriculture-food	單詞	性費洛蒙
tw-typing-v4-291	176	required	永續農業	agriculture-food	概念詞族	農業食品:永續
tw-typing-v4-291	176	optional	重金屬污染	agriculture-food	概念詞族	農業食品:金屬
tw-typing-v4-291	176	required	土壤改良	agriculture-food	概念詞族	農業食品:改良
tw-typing-v4-291	176	optional	真菌毒素	agriculture-food	單詞	真菌毒素
tw-typing-v4-292	135	required	作戰	mcbopomofo	單詞	作戰
tw-typing-v4-292	135	optional	立院	mcbopomofo	單詞	立院
tw-typing-v4-292	135	required	加入	mcbopomofo	單詞	加入
tw-typing-v4-292	135	required	雲端服務	general	概念詞族	日常生活:端服
tw-typing-v4-292	135	required	傳播	mcbopomofo	概念詞族	日常生活:傳播
tw-typing-v4-292	135	required	欣賞	mcbopomofo	單詞	欣賞
tw-typing-v4-292	135	required	意思	mcbopomofo	概念詞族	日常生活:意思
tw-typing-v4-292	135	optional	中間	mcbopomofo	概念詞族	日常生活:中間
tw-typing-v4-292	135	optional	網紅	general	單詞	網紅
tw-typing-v4-292	135	optional	判決	mcbopomofo	概念詞族	日常生活:判決
tw-typing-v4-292	135	required	領土	mcbopomofo	單詞	領土
tw-typing-v4-292	135	optional	收集	mcbopomofo	單詞	收集
tw-typing-v4-292	135	optional	加上	mcbopomofo	單詞	加上
tw-typing-v4-292	135	required	避免	mcbopomofo	單詞	避免
tw-typing-v4-292	135	required	瑞典	mcbopomofo	單詞	瑞典
tw-typing-v4-292	135	optional	帶來	mcbopomofo	單詞	帶來
tw-typing-v4-292	135	optional	某一	mcbopomofo	單詞	某一
tw-typing-v4-292	135	optional	表情	mcbopomofo	單詞	表情
tw-typing-v4-292	135	required	方針	mcbopomofo	單詞	方針
tw-typing-v4-292	135	required	不就	mcbopomofo	單詞	不就
tw-typing-v4-292	135	optional	造成	mcbopomofo	概念詞族	日常生活:造成
tw-typing-v4-292	135	optional	肥皂	mcbopomofo	單詞	肥皂
tw-typing-v4-292	135	required	吃到	mcbopomofo	單詞	吃到
tw-typing-v4-292	135	required	個案	mcbopomofo	單詞	個案
tw-typing-v4-292	135	required	海報	mcbopomofo	單詞	海報
tw-typing-v4-292	135	optional	本書	mcbopomofo	單詞	本書
tw-typing-v4-292	135	optional	家鄉	mcbopomofo	單詞	家鄉
tw-typing-v4-292	135	required	完整	mcbopomofo	概念詞族	日常生活:完整
tw-typing-v4-292	135	optional	四百	mcbopomofo	單詞	四百
tw-typing-v4-292	135	optional	澳洲	mcbopomofo	單詞	澳洲
tw-typing-v4-293	30	optional	規劃	manufacturing,mcbopomofo	同義近義	計畫規劃方案
tw-typing-v4-293	30	required	射出模具	manufacturing	概念詞族	工程製造:射出
tw-typing-v4-293	30	optional	節拍時間	manufacturing	概念詞族	工程製造:時間
tw-typing-v4-293	30	required	非破壞檢測	manufacturing	概念詞族	工程製造:破壞
tw-typing-v4-293	30	optional	安全工程	industrial-engineering	概念詞族	工程製造:安全
tw-typing-v4-293	30	required	維護管理	civil-engineering	概念詞族	工程製造:維護
tw-typing-v4-293	30	required	人因工程	industrial-engineering	概念詞族	工程製造:人因
tw-typing-v4-293	30	required	剪切模數	manufacturing	概念詞族	工程製造:模數
tw-typing-v4-293	30	required	射出機	manufacturing	概念詞族	工程製造:射出
tw-typing-v4-293	30	required	彈性模數	manufacturing	概念詞族	工程製造:模數
tw-typing-v4-293	30	optional	切削加工	manufacturing	概念詞族	工程製造:切削
tw-typing-v4-293	30	optional	主生產排程	manufacturing	概念詞族	工程製造:產排
tw-typing-v4-293	30	optional	切削深度	manufacturing	概念詞族	工程製造:切削
tw-typing-v4-293	30	optional	計畫	civil-engineering,education,government,mcbopomofo	同義近義	計畫規劃方案
tw-typing-v4-293	30	optional	品質計畫書	civil-engineering	概念詞族	工程製造:畫書
tw-typing-v4-293	30	required	滾珠螺桿	manufacturing	概念詞族	工程製造:滾珠
tw-typing-v4-293	30	optional	生產排程	manufacturing	概念詞族	工程製造:產排
tw-typing-v4-293	30	required	剛性路面	civil-engineering	概念詞族	工程製造:路面
tw-typing-v4-293	30	required	滾珠軸承	manufacturing	概念詞族	工程製造:滾珠
tw-typing-v4-293	30	required	預知保養	manufacturing	概念詞族	工程製造:保養
tw-typing-v4-293	30	optional	模板工程	civil-engineering	概念詞族	工程製造:模板
tw-typing-v4-293	30	optional	模板	civil-engineering,mcbopomofo	概念詞族	工程製造:模板
tw-typing-v4-293	30	required	維護	manufacturing,mcbopomofo	概念詞族	工程製造:維護
tw-typing-v4-293	30	optional	安全檢查	manufacturing,mcbopomofo	概念詞族	工程製造:安全
tw-typing-v4-293	30	optional	時間	industrial-engineering,manufacturing,mcbopomofo,medicine	概念詞族	工程製造:時間
tw-typing-v4-293	30	optional	破壞韌性	manufacturing,materials-chemistry	概念詞族	工程製造:破壞
tw-typing-v4-293	30	required	設備保養	manufacturing	概念詞族	工程製造:保養
tw-typing-v4-293	30	optional	施工計畫書	civil-engineering	概念詞族	工程製造:畫書
tw-typing-v4-293	30	required	柔性路面	civil-engineering	概念詞族	工程製造:路面
tw-typing-v4-293	30	required	人因設計	industrial-engineering	概念詞族	工程製造:人因
tw-typing-v4-294	10	optional	品牌授權	business	概念詞族	商業管理:授權
tw-typing-v4-294	10	required	應付帳款	finance	概念詞族	商業管理:應付
tw-typing-v4-294	10	required	應收帳款	finance	概念詞族	商業管理:帳款
tw-typing-v4-294	10	required	交易	finance,mcbopomofo	概念詞族	商業管理:交易
tw-typing-v4-294	10	required	貝他係數	finance	概念詞族	商業管理:係數
tw-typing-v4-294	10	optional	內部報酬率	finance	概念詞族	商業管理:報酬
tw-typing-v4-294	10	optional	次級市場	finance	概念詞族	商業管理:次級
tw-typing-v4-294	10	optional	合格商機	business	單詞	合格商機
tw-typing-v4-294	10	optional	結構	business,mcbopomofo	概念詞族	商業管理:結構
tw-typing-v4-294	10	optional	稅前淨利	finance	概念詞族	商業管理:淨利
tw-typing-v4-294	10	optional	最小	business,mcbopomofo	概念詞族	商業管理:最小
tw-typing-v4-294	10	required	報酬率	finance,mcbopomofo	概念詞族	商業管理:酬率
tw-typing-v4-294	10	required	資本支出	finance	概念詞族	商業管理:支出
tw-typing-v4-294	10	required	終身	business,mcbopomofo	單詞	終身
tw-typing-v4-294	10	required	品牌定位	business	概念詞族	商業管理:定位
tw-typing-v4-294	10	optional	人員流動率	business	概念詞族	商業管理:動率
tw-typing-v4-294	10	required	對手	finance,mcbopomofo	單詞	對手
tw-typing-v4-294	10	optional	無形資產	finance	概念詞族	商業管理:無形
tw-typing-v4-294	10	required	情境分析	finance	概念詞族	商業管理:情境
tw-typing-v4-294	10	required	會計循環	finance	概念詞族	商業管理:循環
tw-typing-v4-294	10	required	固定資產	finance,mcbopomofo	概念詞族	商業管理:固定
tw-typing-v4-294	10	optional	使用權資產	finance	概念詞族	商業管理:使用
tw-typing-v4-294	10	optional	資源規劃	business,manufacturing	概念詞族	商業管理:資源
tw-typing-v4-294	10	optional	環境	business,energy-environment,mcbopomofo	同義近義	環境生態
tw-typing-v4-294	10	optional	製造成本	finance	概念詞族	商業管理:造成
tw-typing-v4-294	10	required	敏捷	business,mcbopomofo	單詞	敏捷
tw-typing-v4-294	10	optional	績效評估	business,industrial-engineering	概念詞族	商業管理:績效
tw-typing-v4-294	10	optional	市占率	business,mcbopomofo	概念詞族	商業管理:市占
tw-typing-v4-294	10	required	負債準備	finance	概念詞族	商業管理:準備
tw-typing-v4-294	10	required	敏感度分析	finance	概念詞族	商業管理:感度
tw-typing-v4-295	48	optional	搜尋服務	software	概念詞族	數位科技:搜尋
tw-typing-v4-295	48	optional	支援向量機	ai-data-science	概念詞族	數位科技:向量
tw-typing-v4-295	48	required	整數溢位	network-security	概念詞族	數位科技:溢位
tw-typing-v4-295	48	required	對齊	ai-data-science,mcbopomofo	概念詞族	數位科技:對齊
tw-typing-v4-295	48	required	公開金鑰	network-security	概念詞族	數位科技:金鑰
tw-typing-v4-295	48	required	惡意	mcbopomofo,network-security	概念詞族	數位科技:惡意
tw-typing-v4-295	48	required	惡意巨集	network-security	概念詞族	數位科技:惡意
tw-typing-v4-295	48	optional	向量搜尋	ai-data-science	概念詞族	數位科技:向量
tw-typing-v4-295	48	optional	搜尋	mcbopomofo,software	概念詞族	數位科技:搜尋
tw-typing-v4-295	48	optional	版本控管	software	概念詞族	數位科技:控管
tw-typing-v4-295	48	optional	紅隊演練	network-security	概念詞族	數位科技:演練
tw-typing-v4-295	48	required	批次作業	software	概念詞族	數位科技:批次
tw-typing-v4-295	48	optional	權限控管	software	概念詞族	數位科技:控管
tw-typing-v4-295	48	required	金鑰	mcbopomofo,network-security	概念詞族	數位科技:金鑰
tw-typing-v4-295	48	required	網路分層	network-security	概念詞族	數位科技:分層
tw-typing-v4-295	48	required	資料報	network-security	概念詞族	數位科技:資料
tw-typing-v4-295	48	optional	域間路由	network-security	概念詞族	數位科技:路由
tw-typing-v4-295	48	optional	緩衝區溢位	network-security	概念詞族	數位科技:溢位
tw-typing-v4-295	48	required	資料鏈結層	network-security	概念詞族	數位科技:資料
tw-typing-v4-295	48	required	分層抽樣	ai-data-science	概念詞族	數位科技:分層
tw-typing-v4-295	48	required	強化學習	ai-data-science	概念詞族	數位科技:強化
tw-typing-v4-295	48	optional	前端服務	software	概念詞族	數位科技:前端
tw-typing-v4-295	48	required	批次處理	ai-data-science	概念詞族	數位科技:批次
tw-typing-v4-295	48	optional	紫隊演練	network-security	概念詞族	數位科技:演練
tw-typing-v4-295	48	optional	組態檢查	network-security	同義衍生	檢查查核稽核:組態{同義詞}
tw-typing-v4-295	48	required	安全強化	network-security	概念詞族	數位科技:強化
tw-typing-v4-295	48	optional	動態路由	network-security	概念詞族	數位科技:路由
tw-typing-v4-295	48	optional	組態稽核	network-security	同義衍生	檢查查核稽核:組態{同義詞}
tw-typing-v4-295	48	required	安全對齊	ai-data-science	概念詞族	數位科技:對齊
tw-typing-v4-295	48	optional	前端應用	software	概念詞族	數位科技:前端
tw-typing-v4-296	178	required	左心室肥厚	medicine	概念詞族	醫療生技:心室
tw-typing-v4-296	178	required	大腸鏡檢查	medicine	概念詞族	醫療生技:大腸
tw-typing-v4-296	178	required	神經	mcbopomofo,medicine	概念詞族	醫療生技:神經
tw-typing-v4-296	178	required	藥品	biotech-pharma,mcbopomofo	同義近義	藥物藥品
tw-typing-v4-296	178	optional	優效性試驗	biotech-pharma	概念詞族	醫療生技:性試
tw-typing-v4-296	178	required	藥物	biotech-pharma,mcbopomofo,medicine	同義近義	藥物藥品
tw-typing-v4-296	178	required	壓迫性骨折	medicine	概念詞族	醫療生技:骨折
tw-typing-v4-296	178	required	凝血	mcbopomofo,medicine	概念詞族	醫療生技:凝血
tw-typing-v4-296	178	required	冬胺酸	medicine	概念詞族	醫療生技:胺酸
tw-typing-v4-296	178	required	骨折	mcbopomofo,medicine	概念詞族	醫療生技:骨折
tw-typing-v4-296	178	required	丙胺酸	medicine	概念詞族	醫療生技:胺酸
tw-typing-v4-296	178	optional	白蛋白檢驗	medicine	概念詞族	醫療生技:白蛋
tw-typing-v4-296	178	optional	主動脈	mcbopomofo,medicine	概念詞族	醫療生技:主動
tw-typing-v4-296	178	optional	新藥研發	biotech-pharma	單詞	新藥研發
tw-typing-v4-296	178	optional	白蛋白數值	medicine	概念詞族	醫療生技:白蛋
tw-typing-v4-296	178	required	斷層	mcbopomofo,medicine	概念詞族	醫療生技:斷層
tw-typing-v4-296	178	optional	免疫	biotech-pharma,mcbopomofo	概念詞族	醫療生技:免疫
tw-typing-v4-296	178	optional	逆流症	medicine	概念詞族	醫療生技:逆流
tw-typing-v4-296	178	required	神經系統	mcbopomofo,medicine	概念詞族	醫療生技:神經
tw-typing-v4-296	178	optional	單細胞分析	biotech-pharma	概念詞族	醫療生技:胞分
tw-typing-v4-296	178	optional	非劣性試驗	biotech-pharma	概念詞族	醫療生技:性試
tw-typing-v4-296	178	optional	心血管	mcbopomofo,medicine	概念詞族	醫療生技:血管
tw-typing-v4-296	178	optional	細胞分化	biotech-pharma	概念詞族	醫療生技:胞分
tw-typing-v4-296	178	required	大腸憩室炎	medicine	概念詞族	醫療生技:大腸
tw-typing-v4-296	178	optional	逆流	mcbopomofo,medicine	概念詞族	醫療生技:逆流
tw-typing-v4-296	178	optional	免疫系統	mcbopomofo,medicine	概念詞族	醫療生技:免疫
tw-typing-v4-296	178	optional	血管內	medicine	概念詞族	醫療生技:血管
tw-typing-v4-296	178	optional	主動脈瓣	medicine	概念詞族	醫療生技:主動
tw-typing-v4-296	178	required	凝血酶原	medicine	概念詞族	醫療生技:凝血
tw-typing-v4-296	178	required	電腦斷層	medicine	概念詞族	醫療生技:斷層
tw-typing-v4-297	62	required	河川	mcbopomofo	單詞	河川
tw-typing-v4-297	62	optional	慈濟	mcbopomofo	單詞	慈濟
tw-typing-v4-297	62	required	作為	mcbopomofo	概念詞族	日常生活:作為
tw-typing-v4-297	62	optional	大街	mcbopomofo	單詞	大街
tw-typing-v4-297	62	required	引起	mcbopomofo	單詞	引起
tw-typing-v4-297	62	optional	限定	mcbopomofo	概念詞族	日常生活:限定
tw-typing-v4-297	62	required	一來	mcbopomofo	單詞	一來
tw-typing-v4-297	62	required	指南	mcbopomofo	概念詞族	日常生活:指南
tw-typing-v4-297	62	required	應該	mcbopomofo	單詞	應該
tw-typing-v4-297	62	required	愈來	mcbopomofo	單詞	愈來
tw-typing-v4-297	62	required	人數	mcbopomofo	單詞	人數
tw-typing-v4-297	62	required	但是	mcbopomofo	單詞	但是
tw-typing-v4-297	62	optional	負責	mcbopomofo	單詞	負責
tw-typing-v4-297	62	required	圍繞	mcbopomofo	單詞	圍繞
tw-typing-v4-297	62	optional	解除	mcbopomofo	概念詞族	日常生活:解除
tw-typing-v4-297	62	optional	粒線體	mcbopomofo	單詞	粒線體
tw-typing-v4-297	62	optional	該是	mcbopomofo	單詞	該是
tw-typing-v4-297	62	optional	帶有	mcbopomofo	單詞	帶有
tw-typing-v4-297	62	required	地震速報	general	單詞	地震速報
tw-typing-v4-297	62	optional	推出	mcbopomofo	單詞	推出
tw-typing-v4-297	62	optional	聯合	mcbopomofo	概念詞族	日常生活:聯合
tw-typing-v4-297	62	optional	事實上	mcbopomofo	概念詞族	日常生活:事實
tw-typing-v4-297	62	optional	超過	mcbopomofo	單詞	超過
tw-typing-v4-297	62	required	諷刺	mcbopomofo	單詞	諷刺
tw-typing-v4-297	62	required	少子化	general	概念詞族	日常生活:子化
tw-typing-v4-297	62	required	數百	mcbopomofo	單詞	數百
tw-typing-v4-297	62	optional	來看	mcbopomofo	單詞	來看
tw-typing-v4-297	62	optional	二二	mcbopomofo	單詞	二二
tw-typing-v4-297	62	required	熱血	mcbopomofo	單詞	熱血
tw-typing-v4-297	62	optional	熟悉	mcbopomofo	單詞	熟悉
tw-typing-v4-298	5	optional	政府會計	finance	概念詞族	商業管理:政府
tw-typing-v4-298	5	required	附註	finance,mcbopomofo	單詞	附註
tw-typing-v4-298	5	optional	揭露	business,mcbopomofo	單詞	揭露
tw-typing-v4-298	5	optional	可行	business,mcbopomofo	單詞	可行
tw-typing-v4-298	5	required	現金流目標	business	概念詞族	商業管理:目標
tw-typing-v4-298	5	optional	利息	finance,mcbopomofo	單詞	利息
tw-typing-v4-298	5	optional	畫布	business,mcbopomofo	單詞	畫布
tw-typing-v4-298	5	required	忠實表述	finance	單詞	忠實表述
tw-typing-v4-298	5	required	重大性分析	business	概念詞族	商業管理:性分
tw-typing-v4-298	5	optional	加權	finance,mcbopomofo	單詞	加權
tw-typing-v4-298	5	required	安全庫存	business	概念詞族	商業管理:庫存
tw-typing-v4-298	5	required	氣候	business,mcbopomofo	概念詞族	商業管理:氣候
tw-typing-v4-298	5	optional	混合成本	finance	概念詞族	商業管理:混合
tw-typing-v4-298	5	required	自由現金流	finance	概念詞族	商業管理:自由
tw-typing-v4-298	5	required	治理	business,mcbopomofo,network-security	概念詞族	商業管理:治理
tw-typing-v4-298	5	optional	壓力測試	finance	概念詞族	商業管理:測試
tw-typing-v4-298	5	required	倍數	finance,mcbopomofo	單詞	倍數
tw-typing-v4-298	5	optional	生產力指標	business	概念詞族	商業管理:指標
tw-typing-v4-298	5	optional	責任	business,mcbopomofo	概念詞族	商業管理:責任
tw-typing-v4-298	5	optional	權責發生制	finance	概念詞族	商業管理:發生
tw-typing-v4-298	5	optional	現金流量表	finance	概念詞族	商業管理:流量
tw-typing-v4-298	5	optional	平衡計分卡	business	概念詞族	商業管理:平衡
tw-typing-v4-298	5	optional	客戶成功	business	概念詞族	商業管理:成功
tw-typing-v4-298	5	required	會計估計	finance	概念詞族	商業管理:估計
tw-typing-v4-298	5	optional	存貨預測	finance	概念詞族	商業管理:存貨
tw-typing-v4-298	5	required	通路	business,mcbopomofo	單詞	通路
tw-typing-v4-298	5	required	結構型商品	finance	概念詞族	商業管理:商品
tw-typing-v4-298	5	required	市場滲透率	business	概念詞族	商業管理:滲透
tw-typing-v4-298	5	required	模型風險	finance	概念詞族	商業管理:型風
tw-typing-v4-298	5	required	預測	business,finance,mcbopomofo	概念詞族	商業管理:預測
tw-typing-v4-299	13	optional	影響者行銷	business	概念詞族	商業管理:行銷
tw-typing-v4-299	13	optional	非系統風險	finance	概念詞族	商業管理:統風
tw-typing-v4-299	13	optional	負債	finance,mcbopomofo	概念詞族	商業管理:負債
tw-typing-v4-299	13	required	客單價目標	business	概念詞族	商業管理:單價
tw-typing-v4-299	13	optional	直接材料	finance	概念詞族	商業管理:直接
tw-typing-v4-299	13	optional	權益	finance,mcbopomofo	概念詞族	商業管理:權益
tw-typing-v4-299	13	required	預算管理	finance	概念詞族	商業管理:預算
tw-typing-v4-299	13	optional	權益乘數	finance	概念詞族	商業管理:權益
tw-typing-v4-299	13	required	一致性原則	finance	概念詞族	商業管理:性原
tw-typing-v4-299	13	optional	租賃負債	finance	概念詞族	商業管理:負債
tw-typing-v4-299	13	optional	內部稽核	business	概念詞族	商業管理:內部
tw-typing-v4-299	13	required	審計委員會	business	概念詞族	商業管理:員會
tw-typing-v4-299	13	required	客單價	business	概念詞族	商業管理:單價
tw-typing-v4-299	13	required	營業利益	business,finance	概念詞族	商業管理:業利
tw-typing-v4-299	13	required	營業利益率	finance	概念詞族	商業管理:業利
tw-typing-v4-299	13	optional	品牌權益	business	概念詞族	商業管理:權益
tw-typing-v4-299	13	required	重大性原則	finance	概念詞族	商業管理:性原
tw-typing-v4-299	13	required	營業槓桿	finance	概念詞族	商業管理:槓桿
tw-typing-v4-299	13	required	財務槓桿	finance	概念詞族	商業管理:槓桿
tw-typing-v4-299	13	required	即期利率	finance	概念詞族	商業管理:利率
tw-typing-v4-299	13	optional	直接成本	finance	概念詞族	商業管理:直接
tw-typing-v4-299	13	required	薪酬委員會	business	概念詞族	商業管理:員會
tw-typing-v4-299	13	optional	內部控制	business	概念詞族	商業管理:內部
tw-typing-v4-299	13	required	客單價分析	business	概念詞族	商業管理:價分
tw-typing-v4-299	13	optional	系統風險	finance	概念詞族	商業管理:統風
tw-typing-v4-299	13	required	無風險利率	finance	概念詞族	商業管理:利率
tw-typing-v4-299	13	optional	負債預測	finance	概念詞族	商業管理:負債
tw-typing-v4-299	13	optional	行銷	business,mcbopomofo	概念詞族	商業管理:行銷
tw-typing-v4-299	13	required	定價分析	business	概念詞族	商業管理:價分
tw-typing-v4-299	13	optional	口碑行銷	business	概念詞族	商業管理:行銷
tw-typing-v4-300	20	optional	噴凝土	civil-engineering	概念詞族	工程製造:凝土
tw-typing-v4-300	20	optional	疫情	mcbopomofo	概念詞族	日常生活:疫情
tw-typing-v4-300	20	required	棒球	mcbopomofo	單詞	棒球
tw-typing-v4-300	20	optional	法規案件	government	概念詞族	政府法律:法規
tw-typing-v4-300	20	required	在學	mcbopomofo	單詞	在學
tw-typing-v4-300	20	required	不見得	mcbopomofo	單詞	不見得
tw-typing-v4-300	20	optional	當然	mcbopomofo	單詞	當然
tw-typing-v4-300	20	optional	孿生	civil-engineering,mcbopomofo	單詞	孿生
tw-typing-v4-300	20	required	告訴	mcbopomofo	單詞	告訴
tw-typing-v4-300	20	required	開放	mcbopomofo	概念詞族	日常生活:開放
tw-typing-v4-300	20	required	密度	civil-engineering,mcbopomofo	概念詞族	工程製造:密度
tw-typing-v4-300	20	required	縱斷面線形	civil-engineering	概念詞族	工程製造:線形
tw-typing-v4-300	20	required	點半	mcbopomofo	單詞	點半
tw-typing-v4-300	20	optional	週期時間	manufacturing	概念詞族	工程製造:週期
tw-typing-v4-300	20	required	實驗設計	industrial-engineering	概念詞族	工程製造:實驗
tw-typing-v4-300	20	required	覆蓋	civil-engineering,mcbopomofo	概念詞族	工程製造:覆蓋
tw-typing-v4-300	20	required	工程經濟	industrial-engineering	概念詞族	工程製造:經濟
tw-typing-v4-300	20	optional	在製品水準	industrial-engineering	概念詞族	工程製造:水準
tw-typing-v4-300	20	required	預防保養	manufacturing,semiconductor	概念詞族	工程製造:預防
tw-typing-v4-300	20	optional	太多	mcbopomofo	單詞	太多
tw-typing-v4-300	20	required	級配粒料	civil-engineering	單詞	級配粒料
tw-typing-v4-300	20	optional	地質鑽探	civil-engineering	單詞	地質鑽探
tw-typing-v4-300	20	optional	生產管理	manufacturing	概念詞族	工程製造:產管
tw-typing-v4-300	20	optional	瓶頸分析	industrial-engineering	單詞	瓶頸分析
tw-typing-v4-300	20	optional	線性滑軌	manufacturing	概念詞族	工程製造:線性
tw-typing-v4-300	20	optional	管制	industrial-engineering,mcbopomofo,transport-logistics	概念詞族	工程製造:管制
tw-typing-v4-300	20	optional	連橫	mcbopomofo,people-history	單詞	連橫
tw-typing-v4-300	20	optional	汽車	mcbopomofo	同義近義	車輛汽車
tw-typing-v4-300	20	required	稼動率分析	manufacturing	概念詞族	工程製造:動率
tw-typing-v4-300	20	required	生產方式	manufacturing,mcbopomofo	概念詞族	工程製造:方式
