word	reading	category	target_count	source_count	mcp_same_text_source_count	mcp_exact_words	mcp_best_exact_score	new_log10_probability	new_minus_best_exact	mcp_best_split	new_minus_best_split	mcp_best_path	new_minus_best_path	before_text	after_text	before_segments	after_segments	default_changed	new_word_default	new_word_candidate_rank	mcp_raw_mapping_words	file	line	source_word
一之瀨四季	ㄧ ㄓ ㄌㄞˋ ㄙˋ ㄐㄧˋ	動漫	1	17	absent			-7.354194117						一支來四季	一之瀨四季	一支/來/四季	一之瀨四季	True	True	1		phrase.anime.tsv	2	
一之瀨琴美	ㄧ ㄓ ㄌㄞˋ ㄑㄧㄣˊ ㄇㄟˇ	動漫	1	13	absent			-7.354194117						一支來琴美	一之瀨琴美	一支/來/琴/美	一之瀨琴美	True	True	1		phrase.anime.tsv	3	
一人出局	ㄧ ㄖㄣˊ ㄔㄨ ㄐㄩˊ	動漫	1	12	absent			-7.354194117		一人/出局	3.02726458	一人/出局	3.02726458	一人出局	一人出局	一/人/出局	一人出局	False	True	1		phrase.anime.tsv	4	
一刻館	ㄧ ㄎㄜˋ ㄍㄨㄢˇ	動漫	1	12	absent			-7.354194117						一課管	一刻館	一/課/管	一刻館	True	True	1		phrase.anime.tsv	6	
一手史料	ㄧ ㄕㄡˇ ㄕˇ ㄌㄧㄠˋ	歷史	1	10	absent			-7.354194117		一手/史料	3.195289096	一手/史料	3.195289096	一手史料	一手史料	一手/史料	一手/史料	False	True	1		phrase.history.tsv	2	
一拳超人	ㄧ ㄑㄩㄢˊ ㄔㄠ ㄖㄣˊ	動漫	1	25	absent			-7.354194117		一拳/超人	4.969482374	一拳/超人	4.969482374	一全超人	一拳超人	一/全/超人	一拳超人	True	True	1		phrase.anime.tsv	9	
一方通行	ㄧ ㄈㄤ ㄊㄨㄥ ㄒㄧㄥˊ	動漫	1	14	absent			-7.354194117		一方/通行	2.249621658	一方/通行	2.249621658	一方通行	一方通行	一方/通行	一方通行	False	True	1		phrase.anime.tsv	10	
一條拓麻	ㄧ ㄊㄧㄠˊ ㄊㄨㄛˋ ㄇㄚˊ	動漫	1	12	absent			-7.354194117						一條拓麻	一條拓麻	一條/拓/麻	一條拓麻	False	True	1		phrase.anime.tsv	11	
一條螢	ㄧ ㄊㄧㄠˊ ㄧㄥˊ	動漫	1	16	absent			-7.354194117						一條營	一條營	一條/營	一條/營	False	False	1		phrase.anime.tsv	12	
一次性密碼	ㄧ ㄘˋ ㄒㄧㄥˋ ㄇㄧˋ ㄇㄚˇ	網路資安	1	5	absent			-7.354194117						一次性密碼	一次性密碼	一次/性/密碼	一次性密碼	False	True	1		phrase.network-security.tsv	2	
一百個朋友	ㄧ ㄅㄞˇ ㄍㄜ˙ ㄆㄥˊ ㄧㄡˇ	動漫	1	13	absent			-7.354194117		一百個/朋友	2.146290587	一百個/朋友	2.146290587	一百個朋友	一百個朋友	一百個/朋友	一百個朋友	False	True	1		phrase.anime.tsv	15	
一目連	ㄧ ㄇㄨˋ ㄌㄧㄢˊ	動漫	1	17	absent			-7.354194117						一目連	一目連	一/目/連	一目連	False	True	1		phrase.anime.tsv	16	
一致性原則	ㄧ ㄓˋ ㄒㄧㄥˋ ㄩㄢˊ ㄗㄜˊ	財會金融	1	3	absent			-7.354194117		一致性/原則	2.63399759	一致性/原則	2.63399759	一致性原則	一致性原則	一致性/原則	一致性/原則	False	True	1		phrase.finance.tsv	2	
一般廢棄物	ㄧ ㄅㄢ ㄈㄟˋ ㄑㄧˋ ㄨˋ	環境能源	1	5	absent			-7.354194117		一般/廢棄物	1.853717502	一般/廢棄物	1.853717502	一般廢棄物	一般廢棄物	一般/廢棄物	一般/廢棄物	False	True	1		phrase.energy-environment.tsv	2	
一色彩羽	ㄧ ㄙㄜˋ ㄘㄞˇ ㄩˇ	動漫	1	13	absent			-7.354194117						一色彩與	一色彩羽	一/色彩/與	一色彩羽	True	True	1		phrase.anime.tsv	17	
一色慧	ㄧ ㄙㄜˋ ㄏㄨㄟˋ	動漫	1	11	absent			-7.354194117						一色會	一色慧	一/色/會	一色慧	True	True	1		phrase.anime.tsv	18	
一階電路	ㄧ ㄐㄧㄝ ㄉㄧㄢˋ ㄌㄨˋ	電子電機	1	10	absent			-7.354194117		一階/電路	3.659588918	一階/電路	3.659588918	一階電路	一階電路	一階/電路	一階電路	False	True	1		phrase.electronics.tsv	2	
一零八課綱	ㄧ ㄌㄧㄥˊ ㄅㄚ ㄎㄜˋ ㄍㄤ	一般	1	14	absent			-7.354194117						一零八課剛	一零八課綱	一零八/課/剛	一零八課綱	True	True	1		phrase.general.tsv	3	
七大	ㄑㄧ ㄉㄚˋ	動漫	1	14	absent			-7.354194117						七大	七大	七/大	七/大	False	True	1		phrase.anime.tsv	19	
七大手法	ㄑㄧ ㄉㄚˋ ㄕㄡˇ ㄈㄚˇ	製造機械	1	12	absent			-7.354194117						七大手法	七大手法	七/大/手法	七大手法	False	True	1		phrase.manufacturing.tsv	2	
七大罪	ㄑㄧ ㄉㄚˋ ㄗㄨㄟˋ	動漫	1	22	absent			-7.354194117						七大最	七大罪	七/大/最	七大罪	True	True	1		phrase.anime.tsv	20	
七寶	ㄑㄧ ㄅㄠˇ	動漫	1	12	absent			-7.354194117						七保	七保	七/保	七/保	False	False	1		phrase.anime.tsv	21	
七尾梢	ㄑㄧ ㄨㄟˇ ㄕㄠ	動漫	1	12	absent			-7.354194117						七委燒	七尾梢	七/委/燒	七尾梢	True	True	1		phrase.anime.tsv	22	
七條天空	ㄑㄧ ㄊㄧㄠˊ ㄊㄧㄢ ㄎㄨㄥ	動漫	1	14	absent			-7.354194117						七條天空	七條天空	七/條/天空	七條天空	False	True	1		phrase.anime.tsv	24	
七海麻美	ㄑㄧ ㄏㄞˇ ㄇㄚˊ ㄇㄟˇ	動漫	1	14	absent			-7.354194117						七海麻美	七海麻美	七/海/麻/美	七海麻美	False	True	1		phrase.anime.tsv	25	
七瀨美雪	ㄑㄧ ㄌㄞˋ ㄇㄟˇ ㄒㄩㄝˇ	動漫	1	19	absent			-7.354194117						七來美雪	七瀨美雪	七/來/美/雪	七瀨美雪	True	True	1		phrase.anime.tsv	26	
七瀨花凜	ㄑㄧ ㄌㄞˋ ㄏㄨㄚ ㄌㄧㄣˇ	動漫	1	13	absent			-7.354194117						七來花凜	七瀨花凜	七/來/花/凜	七瀨花凜	True	True	1		phrase.anime.tsv	27	
七瀨遙	ㄑㄧ ㄌㄞˋ ㄧㄠˊ	動漫	1	19	absent			-7.354194117						七來搖	七瀨遙	七/來/搖	七瀨遙	True	True	1		phrase.anime.tsv	28	
七瀨陸	ㄑㄧ ㄌㄞˋ ㄌㄨˋ	動漫	1	17	absent			-7.354194117						七來路	七瀨陸	七/來/路	七瀨陸	True	True	1		phrase.anime.tsv	29	
丈槍由紀	ㄓㄤˋ ㄑㄧㄤ ㄧㄡˊ ㄐㄧˋ	動漫	1	18	absent			-7.354194117						帳將遊記	丈槍由紀	帳/將/遊記	丈槍由紀	True	True	1		phrase.anime.tsv	31	
三井壽	ㄙㄢ ㄐㄧㄥˇ ㄕㄡˋ	動漫	1	15	absent			-7.354194117						三景受	三井壽	三/景/受	三井壽	True	True	1		phrase.anime.tsv	32	
三十六字母	ㄙㄢ ㄕˊ ㄌㄧㄡˋ ㄗˋ ㄇㄨˇ	中文	1	4	absent			-7.354194117		三十六/字母	3.125922115	三十六/字母	3.125922115	三十六字母	三十六字母	三十六/字母	三十六/字母	False	True	1		phrase.chinese.tsv	2	
三千院凪	ㄙㄢ ㄑㄧㄢ ㄩㄢˋ ㄓˇ	動漫	1	17	absent			-7.354194117						三千院只	三千院凪	三千/院/只	三千院凪	True	True	1		phrase.anime.tsv	33	
三向交握	ㄙㄢ ㄒㄧㄤˋ ㄐㄧㄠ ㄨㄛˋ	網路資安	1	10	absent			-7.354194117						三項交握	三向交握	三項/交/握	三向交握	True	True	1		phrase.network-security.tsv	3	
三宅忍	ㄙㄢ ㄓㄞˊ ㄖㄣˇ	動漫	1	13	absent			-7.354194117						三宅忍	三宅忍	三/宅/忍	三宅忍	False	True	1		phrase.anime.tsv	34	
三宅日向	ㄙㄢ ㄓㄞˊ ㄖˋ ㄒㄧㄤˋ	動漫	1	15	absent			-7.354194117						三宅日向	三宅日向	三/宅/日/向	三宅日向	False	True	1		phrase.anime.tsv	35	
三尖瓣逆流	ㄙㄢ ㄐㄧㄢ ㄅㄢˋ ㄋㄧˋ ㄌㄧㄡˊ	醫學	1	6	absent			-7.354194117						三間辦逆流	三尖瓣逆流	三/間/辦/逆流	三尖瓣逆流	True	True	1		phrase.medicine.tsv	2	
三日月閑	ㄙㄢ ㄖˋ ㄩㄝˋ ㄒㄧㄢˊ	動漫	1	17	absent			-7.354194117						三日月嫌	三日月閑	三日/月/嫌	三日月閑	True	True	1		phrase.anime.tsv	36	
三木清良	ㄙㄢ ㄇㄨˋ ㄑㄧㄥ ㄌㄧㄤˊ	動漫	1	14	absent			-7.354194117						三目清涼	三木清良	三/目/清涼	三木清良	True	True	1		phrase.anime.tsv	37	
三橋廉	ㄙㄢ ㄑㄧㄠˊ ㄌㄧㄢˊ	動漫	1	16	absent			-7.354194117						三僑聯	三橋廉	三/僑聯	三橋廉	True	True	1		phrase.anime.tsv	38	
三浦梓	ㄙㄢ ㄆㄨˇ ㄗˇ	動漫	1	8	absent			-7.354194117						三普子	三浦梓	三/普/子	三浦梓	True	True	1		phrase.anime.tsv	39	
三田亞由美	ㄙㄢ ㄊㄧㄢˊ ㄧㄚˇ ㄧㄡˊ ㄇㄟˇ	動漫	1	13	absent			-7.354194117						三田亞由美	三田亞由美	三/田/亞/由/美	三田亞由美	False	True	1		phrase.anime.tsv	40	
三相三線	ㄙㄢ ㄒㄧㄤˋ ㄙㄢ ㄒㄧㄢˋ	電子電機	1	11	absent			-7.354194117						三項三線	三相三線	三項/三/線	三相三線	True	True	1		phrase.electronics.tsv	3	
三相不平衡	ㄙㄢ ㄒㄧㄤˋ ㄅㄨˋ ㄆㄧㄥˊ ㄏㄥˊ	電子電機	1	2	absent			-7.354194117		三項/不平衡	3.966804291	三項/不平衡	3.966804291	三項不平衡	三相不平衡	三項/不平衡	三相不平衡	True	True	1		phrase.electronics.tsv	4	
三相四線	ㄙㄢ ㄒㄧㄤˋ ㄙˋ ㄒㄧㄢˋ	電子電機	1	9	absent			-7.354194117		三項/四線	4.665774295	三項/四線	4.665774295	三項四現	三相四線	三項/四/現	三相四線	True	True	1		phrase.electronics.tsv	5	
三省六部制	ㄙㄢ ㄕㄥˇ ㄌㄧㄡˋ ㄅㄨˋ ㄓˋ	歷史	1	6	absent			-7.354194117						三省六佈置	三省六部制	三/省/六/佈置	三省六部制	True	True	1		phrase.history.tsv	3	
三級處理	ㄙㄢ ㄐㄧˊ ㄔㄨˇ ㄌㄧˇ	環境能源	1	11	absent			-7.354194117		三級/處理	1.726697173	三級/處理	1.726697173	三級處理	三級處理	三級/處理	三級/處理	False	True	1		phrase.energy-environment.tsv	3	
三葉睦實	ㄙㄢ ㄧㄝˋ ㄇㄨˋ ㄕˊ	動漫	1	11	absent			-7.354194117		三頁/木石	5.922830353	三頁/木石	5.922830353	三頁目時	三葉睦實	三頁/目/時	三葉睦實	True	True	1		phrase.anime.tsv	41	
三鷹瞬	ㄙㄢ ㄧㄥ ㄕㄨㄣˋ	動漫	1	14	absent			-7.354194117						三應順	三鷹瞬	三/應/順	三鷹瞬	True	True	1		phrase.anime.tsv	42	
上下文視窗	ㄕㄤˋ ㄒㄧㄚˋ ㄨㄣˊ ㄕˋ ㄔㄨㄤ	AI資料科學	1	3	absent			-7.354194117		上下文/視窗	3.730738069	上下文/視窗	3.730738069	上下文視窗	上下文視窗	上下/文/視窗	上下文視窗	False	True	1		phrase.ai-data-science.tsv	2	
上之山立夏	ㄕㄤˋ ㄓ ㄕㄢ ㄌㄧˋ ㄒㄧㄚˋ	動漫	1	15	absent			-7.354194117						上之山立下	上之山立夏	上/之/山/立下	上之山立夏	True	True	1		phrase.anime.tsv	43	
上古音	ㄕㄤˋ ㄍㄨˇ ㄧㄣ	中文	1	11	absent			-7.354194117						上古因	上古音	上/古/因	上古音	True	True	1		phrase.chinese.tsv	3	
上杉風太郎	ㄕㄤˋ ㄕㄢ ㄈㄥ ㄊㄞˋ ㄌㄤˊ	動漫	1	21	absent			-7.354194117						上山風太郎	上杉風太郎	上山/風/太郎	上杉風太郎	True	True	1		phrase.anime.tsv	44	
上條當麻	ㄕㄤˋ ㄊㄧㄠˊ ㄉㄤ ㄇㄚˊ	動漫	1	21	absent			-7.354194117						上條當麻	上條當麻	上/條/當/麻	上條當麻	False	True	1		phrase.anime.tsv	45	
上消化道	ㄕㄤˋ ㄒㄧㄠ ㄏㄨㄚˋ ㄉㄠˋ	醫學	1	13	absent			-7.354194117						上消化道	上消化道	上/消化道	上/消化道	False	True	1		phrase.medicine.tsv	3	
下剋上	ㄒㄧㄚˋ ㄎㄜˋ ㄕㄤˋ	動漫	1	21	absent			-7.354194117						下課上	下課上	下課/上	下課/上	False	False	1		phrase.anime.tsv	46	
下消化道	ㄒㄧㄚˋ ㄒㄧㄠ ㄏㄨㄚˋ ㄉㄠˋ	醫學	1	13	absent			-7.354194117						下消化道	下消化道	下/消化道	下消化道	False	True	1		phrase.medicine.tsv	4	
下肢靜脈	ㄒㄧㄚˋ ㄓ ㄐㄧㄥˋ ㄇㄞˋ	醫學	1	12	absent			-7.354194117		下肢/靜脈	4.077732313	下肢/靜脈	4.077732313	下肢靜脈	下肢靜脈	下肢/靜脈	下肢/靜脈	False	True	1		phrase.medicine.tsv	5	
不二周助	ㄅㄨˊ ㄦˋ ㄓㄡ ㄓㄨˋ	動漫	1	16	absent			-7.354194117						不二洲助	不二周助	不/二/洲/助	不二周助	True	True	1		phrase.anime.tsv	47	
不作為犯	ㄅㄨˊ ㄗㄨㄛˋ ㄨㄟˋ ㄈㄢˋ	法律	1	10	absent			-7.354194117						不做為範	不作為犯	不做/為/範	不作為犯	True	True	1		phrase.law.tsv	3	
不動明	ㄅㄨˊ ㄉㄨㄥˋ ㄇㄧㄥˊ	動漫	1	18	absent			-7.354194117						不動明	不動明	不動/明	不動/明	False	True	1		phrase.anime.tsv	48	
不動產役權	ㄅㄨˊ ㄉㄨㄥˋ ㄔㄢˇ ㄧˋ ㄑㄩㄢˊ	法律	1	4	absent			-7.354194117		不動產/一拳	4.8227152	不動產/一拳	4.8227152	不動產一全	不動產役權	不動產/一/全	不動產役權	True	True	1		phrase.law.tsv	4	
不可否認性	ㄅㄨˋ ㄎㄜˇ ㄈㄡˇ ㄖㄣˋ ㄒㄧㄥˋ	網路資安	1	5	absent			-7.354194117						不可否認性	不可否認性	不可/否認/性	不可否認性	False	True	1		phrase.network-security.tsv	4	
不可逆過程	ㄅㄨˋ ㄎㄜˇ ㄋㄧˋ ㄍㄨㄛˋ ㄔㄥˊ	科學	1	5	absent			-7.354194117						不可逆過程	不可逆過程	不可/逆/過程	不可逆過程	False	True	1		phrase.science.tsv	2	
不可靠	ㄅㄨˋ ㄎㄜˇ ㄎㄠˋ	中文	1	12	absent			-7.354194117						不可靠	不可靠	不/可靠	不/可靠	False	True	1		phrase.chinese.tsv	4	
不存在的人	ㄅㄨˋ ㄘㄨㄣˊ ㄗㄞˋ ㄉㄜ˙ ㄖㄣˊ	動漫	1	12	absent			-7.354194117						不存在的人	不存在的人	不存在/的/人	不存在/的/人	False	True	1		phrase.anime.tsv	51	
不安全	ㄅㄨˋ ㄢ ㄑㄩㄢˊ	網路資安	1	11	absent			-7.354194117						不安全	不安全	不/安全	不/安全	False	True	1		phrase.network-security.tsv	5	
不安抗辯	ㄅㄨˋ ㄢ ㄎㄤˋ ㄅㄧㄢˋ	法律	1	11	absent			-7.354194117		不安/抗辯	3.582606636	不安/抗辯	3.582606636	不安抗辯	不安抗辯	不安/抗辯	不安抗辯	False	True	1		phrase.law.tsv	5	
不完全給付	ㄅㄨˋ ㄨㄢˊ ㄑㄩㄢˊ ㄐㄧˇ ㄈㄨˋ	法律	1	4	absent			-7.354194117						不完全給付	不完全給付	不/完全/給付	不完全給付	False	True	1		phrase.law.tsv	6	
不放過我	ㄅㄨˊ ㄈㄤˋ ㄍㄨㄛˋ ㄨㄛˇ	動漫	1	19	absent			-7.354194117						不放過我	不放過我	不放/過/我	不放過我	False	True	1		phrase.anime.tsv	52	
不死不運	ㄅㄨˋ ㄙˇ ㄅㄨˋ ㄩㄣˋ	動漫	1	19	absent			-7.354194117						不死不運	不死不運	不死/不/運	不死不運	False	True	1		phrase.anime.tsv	56	
不死少女	ㄅㄨˋ ㄙˇ ㄕㄠˋ ㄋㄩˇ	動漫	1	20	absent			-7.354194117		不死/少女	2.604651036	不死/少女	2.604651036	不死少女	不死少女	不死/少女	不死少女	False	True	1		phrase.anime.tsv	57	
不死酒	ㄅㄨˋ ㄙˇ ㄐㄧㄡˇ	動漫	1	11	absent			-7.354194117						不死九	不死酒	不死/九	不死酒	True	True	1		phrase.anime.tsv	58	
不溯及既往	ㄅㄨˋ ㄙㄨˋ ㄐㄧˊ ㄐㄧˋ ㄨㄤˇ	法律	1	7	absent			-7.354194117						不溯及既往	不溯及既往	不/溯及既往	不/溯及既往	False	True	1		phrase.law.tsv	7	
不當得利	ㄅㄨˊ ㄉㄤˋ ㄉㄜˊ ㄌㄧˋ	法律	1	11	absent			-7.354194117		不當/得利	3.071436096	不當/得利	3.071436096	不當得利	不當得利	不當/得利	不當/得利	False	True	1		phrase.law.tsv	8	
不確定	ㄅㄨˋ ㄑㄩㄝˋ ㄉㄧㄥˋ	科學	1	11	absent			-7.354194117						不確定	不確定	不/確定	不/確定	False	True	1		phrase.science.tsv	4	
不穩定性	ㄅㄨˋ ㄨㄣˇ ㄉㄧㄥˋ ㄒㄧㄥˋ	晶片半導體	1	11	absent			-7.354194117		不穩/定性	2.95153732	不穩/定性	2.95153732	不穩定性	不穩定性	不/穩定性	不/穩定性	False	True	1		phrase.semiconductor.tsv	2	
不結盟運動	ㄅㄨˋ ㄐㄧㄝˊ ㄇㄥˊ ㄩㄣˋ ㄉㄨㄥˋ	歷史	1	7	absent			-7.354194117						不結盟運動	不結盟運動	不/結盟/運動	不結盟運動	False	True	1		phrase.history.tsv	4	
不能未遂	ㄅㄨˋ ㄋㄥˊ ㄨㄟˋ ㄙㄨㄟˋ	法律	1	12	absent			-7.354194117		不能/未遂	2.219437062	不能/未遂	2.219437062	不能未遂	不能未遂	不能/未遂	不能/未遂	False	True	1		phrase.law.tsv	9	
不能逃避	ㄅㄨˋ ㄋㄥˊ ㄊㄠˊ ㄅㄧˋ	動漫	1	15	absent			-7.354194117		不能/逃避	1.178044377	不能/逃避	1.178044377	不能逃避	不能逃避	不能/逃避	不能逃避	False	True	1		phrase.anime.tsv	59	
不自證己罪	ㄅㄨˊ ㄗˋ ㄓㄥˋ ㄐㄧˇ ㄗㄨㄟˋ	法律	1	3	absent			-7.354194117						不自政己最	不自證己罪	不自/政/己/最	不自證己罪	True	True	1		phrase.law.tsv	10	
不良性	ㄅㄨˋ ㄌㄧㄤˊ ㄒㄧㄥˋ	醫學	1	11	absent			-7.354194117						不良性	不良性	不/良性	不/良性	False	True	1		phrase.medicine.tsv	8	
不要回頭	ㄅㄨˊ ㄧㄠˋ ㄏㄨㄟˊ ㄊㄡˊ	動漫	1	16	absent			-7.354194117		不要/回頭	1.089887363	不要/回頭	1.089887363	不要回頭	不要回頭	不要/回頭	不要/回頭	False	True	1		phrase.anime.tsv	61	
不起訴	ㄅㄨˋ ㄑㄧˇ ㄙㄨˋ	法律	1	11	absent			-7.354194117						不起訴	不起訴	不/起訴	不/起訴	False	True	1		phrase.law.tsv	11	
世情小說	ㄕˋ ㄑㄧㄥˊ ㄒㄧㄠˇ ㄕㄨㄛ	中文	1	12	absent			-7.354194117		事情/小說	0.714982237	事情/小說	0.714982237	事情小說	事情小說	事情/小說	事情/小說	False	False	1		phrase.chinese.tsv	5	
世界頂尖	ㄕˋ ㄐㄧㄝˋ ㄉㄧㄥˇ ㄐㄧㄢ	動漫	1	16	absent			-7.354194117		世界/頂尖	1.383650598	世界/頂尖	1.383650598	世界頂尖	世界頂尖	世界/頂尖	世界頂尖	False	True	1		phrase.anime.tsv	63	
丘比	ㄑㄧㄡ ㄅㄧˇ	動漫	1	12	absent			-7.354194117						秋比	秋比	秋/比	秋/比	False	False	1		phrase.anime.tsv	64	
丘魯克	ㄑㄧㄡ ㄌㄨˇ ㄎㄜˋ	動漫	1	13	absent			-7.354194117						秋魯客	丘魯克	秋/魯/客	丘魯克	True	True	1		phrase.anime.tsv	65	
丙胺酸	ㄅㄧㄥˇ ㄢˋ ㄙㄨㄢ	醫學	1	12	absent			-7.354194117						丙案酸	丙胺酸	丙/案/酸	丙胺酸	True	True	1		phrase.medicine.tsv	9	
並列複句	ㄅㄧㄥˋ ㄌㄧㄝˋ ㄈㄨˋ ㄐㄩˋ	中文	1	10	absent			-7.354194117		並列/複句	3.469512013	並列/複句	3.469512013	並列複句	並列複句	並列/複句	並列/複句	False	True	1		phrase.chinese.tsv	6	
中世紀城市	ㄓㄨㄥ ㄕˋ ㄐㄧˋ ㄔㄥˊ ㄕˋ	歷史	1	3	absent			-7.354194117		中世紀/城市	2.472923613	中世紀/城市	2.472923613	中世紀城市	中世紀城市	中世紀/城市	中世紀/城市	False	True	1		phrase.history.tsv	6	
中井	ㄓㄨㄥ ㄐㄧㄥˇ	動漫	1	14	absent			-7.354194117						中景	中景	中/景	中/景	False	False	1		phrase.anime.tsv	67	
中務椿	ㄓㄨㄥ ㄨˋ ㄔㄨㄣ	動漫	1	11	absent			-7.354194117						中物春	中務椿	中/物/春	中務椿	True	True	1		phrase.anime.tsv	68	
中原中也	ㄓㄨㄥ ㄩㄢˊ ㄓㄨㄥ ㄧㄝˇ	動漫	1	13	absent			-7.354194117						中原中也	中原中也	中原/中/也	中原中也	False	True	1		phrase.anime.tsv	69	
中原瑞希	ㄓㄨㄥ ㄩㄢˊ ㄖㄨㄟˋ ㄒㄧ	動漫	1	17	absent			-7.354194117						中原瑞西	中原瑞希	中原/瑞/西	中原瑞希	True	True	1		phrase.anime.tsv	70	
中原音韻	ㄓㄨㄥ ㄩㄢˊ ㄧㄣ ㄩㄣˋ	中文	1	10	absent			-7.354194117		中原/音韻	4.073615747	中原/音韻	4.073615747	中原音韻	中原音韻	中原/音韻	中原/音韻	False	True	1		phrase.chinese.tsv	7	
中古音	ㄓㄨㄥ ㄍㄨˇ ㄧㄣ	中文	1	11	absent			-7.354194117						中古因	中古因	中古/因	中古/因	False	False	1		phrase.chinese.tsv	8	
中山春樹	ㄓㄨㄥ ㄕㄢ ㄔㄨㄣ ㄕㄨˋ	動漫	1	14	absent			-7.354194117		中山/春樹	3.292967892	中山/春樹	3.292967892	中山春樹	中山春樹	中山/春樹	中山春樹	False	True	1		phrase.anime.tsv	71	
中島敦	ㄓㄨㄥ ㄉㄠˇ ㄉㄨㄣ	動漫	1	22	absent			-7.354194117						中導敦	中島敦	中/導/敦	中島敦	True	True	1		phrase.anime.tsv	72	
中川圭一	ㄓㄨㄥ ㄔㄨㄢ ㄍㄨㄟ ㄧ	動漫	1	21	absent			-7.354194117						中穿規一	中川圭一	中/穿/規/一	中川圭一	True	True	1		phrase.anime.tsv	73	
中心語	ㄓㄨㄥ ㄒㄧㄣ ㄩˇ	中文	1	12	absent			-7.354194117						中心與	中心與	中心/與	中心/與	False	False	1		phrase.chinese.tsv	9	
中止未遂	ㄓㄨㄥ ㄓˇ ㄨㄟˋ ㄙㄨㄟˋ	法律	1	10	absent			-7.354194117		終止/未遂	3.842444406	終止/未遂	3.842444406	終止未遂	中止未遂	終止/未遂	中止未遂	True	True	1		phrase.law.tsv	12	
中止症	ㄓㄨㄥ ㄓˇ ㄓㄥˋ	醫學	1	10	absent			-7.354194117						終止政	終止政	終止/政	終止/政	False	False	1		phrase.medicine.tsv	10	
中程計畫	ㄓㄨㄥ ㄔㄥˊ ㄐㄧˋ ㄏㄨㄚˋ	公務員公文	1	15	absent			-7.354194117		忠誠/計畫	1.513957503	忠誠/計畫	1.513957503	中成計畫	中程計畫	中/成/計畫	中程計畫	True	True	1	中程計劃	phrase.government.tsv	2	
中華一番	ㄓㄨㄥ ㄏㄨㄚˊ ㄧ ㄈㄢ	動漫	1	22	absent			-7.354194117		中華/一番	2.046454258	中華/一番	2.046454258	中華一番	中華一番	中華/一番	中華一番	False	True	1		phrase.anime.tsv	74	
中輟預防	ㄓㄨㄥ ㄔㄨㄛˋ ㄩˋ ㄈㄤˊ	教育	1	10	absent			-7.354194117		中輟/預防	2.799438526	中輟/預防	2.799438526	中輟預防	中輟預防	中輟/預防	中輟預防	False	True	1		phrase.education.tsv	3	
中野一花	ㄓㄨㄥ ㄧㄝˇ ㄧ ㄏㄨㄚ	動漫	1	18	absent			-7.354194117						中也一花	中野一花	中/也/一/花	中野一花	True	True	1		phrase.anime.tsv	75	
中野三玖	ㄓㄨㄥ ㄧㄝˇ ㄙㄢ ㄐㄧㄡˇ	動漫	1	14	absent			-7.354194117						中也三九	中野三玖	中/也/三九	中野三玖	True	True	1		phrase.anime.tsv	76	
中野二乃	ㄓㄨㄥ ㄧㄝˇ ㄦˋ ㄋㄞˇ	動漫	1	16	absent			-7.354194117						中也二乃	中野二乃	中/也/二/乃	中野二乃	True	True	1		phrase.anime.tsv	77	
中野五月	ㄓㄨㄥ ㄧㄝˇ ㄨˇ ㄩㄝˋ	動漫	1	11	absent			-7.354194117						中也五月	中野五月	中/也/五月	中野五月	True	True	1		phrase.anime.tsv	78	
中野四葉	ㄓㄨㄥ ㄧㄝˇ ㄙˋ ㄧㄝˋ	動漫	1	12	absent			-7.354194117						中也四業	中野四葉	中/也/四/業	中野四葉	True	True	1		phrase.anime.tsv	79	
中野梓	ㄓㄨㄥ ㄧㄝˇ ㄗˇ	動漫	1	13	absent			-7.354194117						中也子	中野梓	中/也/子	中野梓	True	True	1		phrase.anime.tsv	80	
中間人攻擊	ㄓㄨㄥ ㄐㄧㄢ ㄖㄣˊ ㄍㄨㄥ ㄐㄧˊ	網路資安	1	3	absent			-7.354194117		中間人/攻擊	3.171636816	中間人/攻擊	3.171636816	中間人攻擊	中間人攻擊	中間人/攻擊	中間人攻擊	False	True	1		phrase.network-security.tsv	7	
串流處理	ㄔㄨㄢˋ ㄌㄧㄡˊ ㄔㄨˇ ㄌㄧˇ	AI資料科學	1	11	absent			-7.354194117		串流/處理	2.366545725	串流/處理	2.366545725	串流處理	串流處理	串流/處理	串流/處理	False	True	1		phrase.ai-data-science.tsv	3	
丹特麗安	ㄉㄢ ㄊㄜˋ ㄌㄧˋ ㄢ	動漫	1	20	absent			-7.354194117						單特例安	丹特麗安	單/特例/安	丹特麗安	True	True	1		phrase.anime.tsv	81	
丹生谷森夏	ㄉㄢ ㄕㄥ ㄍㄨˇ ㄙㄣ ㄒㄧㄚˋ	動漫	1	15	absent			-7.354194117						單生古森下	丹生谷森夏	單/生/古/森/下	丹生谷森夏	True	True	1		phrase.anime.tsv	82	
主動學習	ㄓㄨˇ ㄉㄨㄥˋ ㄒㄩㄝˊ ㄒㄧˊ	AI資料科學	1	11	absent			-7.354194117		主動/學習	0.942752206	主動/學習	0.942752206	主動學習	主動學習	主動/學習	主動/學習	False	True	1		phrase.ai-data-science.tsv	4	
主動濾波器	ㄓㄨˇ ㄉㄨㄥˋ ㄌㄩˋ ㄅㄛ ㄑㄧˋ	電子電機	1	4	absent			-7.354194117		主動/濾波器	4.712720007	主動/濾波器	4.712720007	主動濾波器	主動濾波器	主動/濾波器	主動/濾波器	False	True	1		phrase.electronics.tsv	6	
主動脈剝離	ㄓㄨˇ ㄉㄨㄥˋ ㄇㄞˋ ㄅㄛ ㄌㄧˊ	醫學	1	3	absent			-7.354194117		主動脈/玻璃	4.216207385	主動脈/玻璃	4.216207385	主動脈剝離	主動脈剝離	主動脈/剝離	主動脈/剝離	False	True	1		phrase.medicine.tsv	13	
主動脈瓣	ㄓㄨˇ ㄉㄨㄥˋ ㄇㄞˋ ㄅㄢˋ	醫學	1	10	absent			-7.354194117						主動脈瓣	主動脈瓣	主動脈/瓣	主動脈/瓣	False	True	1		phrase.medicine.tsv	14	
主成分分析	ㄓㄨˇ ㄔㄥˊ ㄈㄣˋ ㄈㄣ ㄒㄧ	AI資料科學	1	7	absent			-7.354194117						主成分分析	主成分分析	主/成分/分析	主成分分析	False	True	1		phrase.ai-data-science.tsv	5	
主生產排程	ㄓㄨˇ ㄕㄥ ㄔㄢˇ ㄆㄞˊ ㄔㄥˊ	製造機械	1	6	absent			-7.354194117						主生產排程	主生產排程	主/生產/排/程	主生產排程	False	True	1		phrase.manufacturing.tsv	3	
主要終點	ㄓㄨˇ ㄧㄠˋ ㄓㄨㄥ ㄉㄧㄢˇ	生技藥學	1	12	absent			-7.354194117		主要/終點	1.800778391	主要/終點	1.800778391	主要終點	主要終點	主要/終點	主要/終點	False	True	1		phrase.biotech-pharma.tsv	3	
主謂句	ㄓㄨˇ ㄨㄟˋ ㄐㄩˋ	中文	1	13	absent			-7.354194117						主畏懼	主謂句	主/畏懼	主謂句	True	True	1		phrase.chinese.tsv	10	
主謂複詞	ㄓㄨˇ ㄨㄟˋ ㄈㄨˋ ㄘˊ	中文	1	13	absent			-7.354194117		主位/副詞	4.849044139	主位/副詞	4.849044139	主為副詞	主謂複詞	主/為/副詞	主謂複詞	True	True	1		phrase.chinese.tsv	11	
主資料管理	ㄓㄨˇ ㄗ ㄌㄧㄠˋ ㄍㄨㄢˇ ㄌㄧˇ	AI資料科學	1	7	absent			-7.354194117						主資料管理	主資料管理	主/資料/管理	主資料管理	False	True	1		phrase.ai-data-science.tsv	6	
乃木英樹	ㄋㄞˇ ㄇㄨˋ ㄧㄥ ㄕㄨˋ	動漫	1	14	absent			-7.354194117						奶目應數	乃木英樹	奶/目/應/數	乃木英樹	True	True	1		phrase.anime.tsv	83	
久世政近	ㄐㄧㄡˇ ㄕˋ ㄓㄥˋ ㄐㄧㄣˋ	動漫	1	19	absent			-7.354194117						九市政進	久世政近	九/市政/進	久世政近	True	True	1		phrase.anime.tsv	84	
久保	ㄐㄧㄡˇ ㄅㄠˇ	動漫	1	21	absent	酒保	-6.752134126	-7.354194117	-0.602059991			酒保	-0.602059991	九保	九保	九/保	九/保	False	False	2	酒保	phrase.anime.tsv	85	
久保明菜	ㄐㄧㄡˇ ㄅㄠˇ ㄇㄧㄥˊ ㄘㄞˋ	動漫	1	13	absent			-7.354194117		酒保/名菜	6.752134126	酒保/名菜	6.752134126	九保明菜	久保明菜	九/保/明/菜	久保明菜	True	True	1		phrase.anime.tsv	86	
久保渚咲	ㄐㄧㄡˇ ㄅㄠˇ ㄓㄨˇ ㄒㄧㄠˋ	動漫	1	15	absent			-7.354194117						九保主校	久保渚咲	九/保/主/校	久保渚咲	True	True	1		phrase.anime.tsv	87	
久城一彌	ㄐㄧㄡˇ ㄔㄥˊ ㄧ ㄇㄧˊ	動漫	1	19	absent			-7.354194117						九成一迷	久城一彌	九/成/一/迷	久城一彌	True	True	1		phrase.anime.tsv	88	
久堂清霞	ㄐㄧㄡˇ ㄊㄤˊ ㄑㄧㄥ ㄒㄧㄚˊ	動漫	1	16	absent			-7.354194117						九堂清峽	久堂清霞	九/堂/清/峽	久堂清霞	True	True	1		phrase.anime.tsv	89	
久川鐵道	ㄐㄧㄡˇ ㄔㄨㄢ ㄊㄧㄝˇ ㄉㄠˋ	動漫	1	11	absent			-7.354194117						九穿鐵道	久川鐵道	九/穿/鐵道	久川鐵道	True	True	1		phrase.anime.tsv	90	
久武忍	ㄐㄧㄡˇ ㄨˇ ㄖㄣˇ	動漫	1	16	absent			-7.354194117						九五忍	久武忍	九五/忍	久武忍	True	True	1		phrase.anime.tsv	91	
久留米誠	ㄐㄧㄡˇ ㄌㄧㄡˊ ㄇㄧˇ ㄔㄥˊ	動漫	1	11	absent			-7.354194117						九流米成	久留米誠	九/流/米/成	久留米誠	True	True	1		phrase.anime.tsv	92	
之旅	ㄓ ㄌㄩˇ	動漫	1	22	absent			-7.354194117						之旅	之旅	之/旅	之/旅	False	True	1		phrase.anime.tsv	93	
乙事主	ㄧˇ ㄕˋ ㄓㄨˇ	動漫	1	14	absent			-7.354194117						以是主	以是主	以/是/主	以/是/主	False	False	1		phrase.anime.tsv	96	
乙木守仁	ㄧˇ ㄇㄨˋ ㄕㄡˇ ㄖㄣˊ	動漫	1	18	absent			-7.354194117						以目手人	乙木守仁	以/目/手/人	乙木守仁	True	True	1		phrase.anime.tsv	97	
乙正	ㄧˇ ㄓㄥˋ	中文	1	11	absent			-7.354194117						以政	以政	以/政	以/政	False	False	1		phrase.chinese.tsv	12	
乙骨憂太	ㄧˇ ㄍㄨˇ ㄧㄡ ㄊㄞˋ	動漫	1	12	absent			-7.354194117						以古優太	乙骨憂太	以/古/優/太	乙骨憂太	True	True	1		phrase.anime.tsv	98	
九品中正制	ㄐㄧㄡˇ ㄆㄧㄣˇ ㄓㄨㄥ ㄓㄥˋ ㄓˋ	歷史	1	4	absent			-7.354194117						九品中政治	九品中正制	九/品/中/政治	九品中正制	True	True	1		phrase.history.tsv	7	
九條可憐	ㄐㄧㄡˇ ㄊㄧㄠˊ ㄎㄜˇ ㄌㄧㄢˊ	動漫	1	10	absent			-7.354194117		九條/可憐	2.829720102	九條/可憐	2.829720102	九條可憐	九條可憐	九條/可憐	九條可憐	False	True	1		phrase.anime.tsv	99	
九能帶刀	ㄐㄧㄡˇ ㄋㄥˊ ㄉㄞˋ ㄉㄠ	動漫	1	14	absent			-7.354194117						九能帶刀	九能帶刀	九/能帶/刀	九能帶刀	False	True	1		phrase.anime.tsv	100	
九頭龍八一	ㄐㄧㄡˇ ㄊㄡˊ ㄌㄨㄥˊ ㄅㄚ ㄧ	動漫	1	17	absent			-7.354194117						九頭龍八一	九頭龍八一	九/頭/龍/八/一	九頭龍八一	False	True	1		phrase.anime.tsv	101	
乳酸脫氫酶	ㄖㄨˇ ㄙㄨㄢ ㄊㄨㄛ ㄑㄧㄥ ㄇㄟˊ	醫學	1	6	absent			-7.354194117						乳酸脫氫沒	乳酸脫氫酶	乳酸/脫/氫/沒	乳酸脫氫酶	True	True	1		phrase.medicine.tsv	16	
乾心壽	ㄍㄢ ㄒㄧㄣ ㄕㄡˋ	動漫	1	15	absent			-7.354194117						甘心受	乾心壽	甘心/受	乾心壽	True	True	1		phrase.anime.tsv	103	
乾癬性	ㄍㄢ ㄒㄧㄢˇ ㄒㄧㄥˋ	醫學	1	10	absent			-7.354194117						乾癬性	乾癬性	乾癬/性	乾癬/性	False	True	1		phrase.medicine.tsv	17	
乾紗壽葉	ㄍㄢ ㄕㄚ ㄕㄡˋ ㄧㄝˋ	動漫	1	17	absent			-7.354194117						乾殺受業	乾紗壽葉	乾/殺/受/業	乾紗壽葉	True	True	1		phrase.anime.tsv	104	
亂馬二分之一	ㄌㄨㄢˋ ㄇㄚˇ ㄦˋ ㄈㄣ ㄓ ㄧ	動漫	1	25	absent			-7.354194117		亂碼/二分之一	3.770428749	亂碼/二分之一	3.770428749	亂碼二分之一	亂馬二分之一	亂碼/二分之一	亂馬二分之一	True	True	1		phrase.anime.tsv	105	亂馬1/2
事件應變	ㄕˋ ㄐㄧㄢˋ ㄧㄥˋ ㄅㄧㄢˋ	網路資安	1	12	absent			-7.354194117		事件/應變	1.630644044	事件/應變	1.630644044	事件應變	事件應變	事件/應變	事件/應變	False	True	1		phrase.network-security.tsv	10	
事件調查	ㄕˋ ㄐㄧㄢˋ ㄉㄧㄠˋ ㄔㄚˊ	網路資安	1	13	absent			-7.354194117		事件/調查	0.449332354	事件/調查	0.449332354	事件調查	事件調查	事件/調查	事件/調查	False	True	1		phrase.network-security.tsv	11	
事實查核	ㄕˋ ㄕˊ ㄔㄚˊ ㄏㄜˊ	媒體設計	1	12	absent			-7.354194117		事實/查核	1.743585051	事實/查核	1.743585051	事實查核	事實查核	事實/查核	事實/查核	False	True	1		phrase.media-design.tsv	2	
事業廢棄物	ㄕˋ ㄧㄝˋ ㄈㄟˋ ㄑㄧˋ ㄨˋ	環境能源	1	5	absent			-7.354194117		事業/廢棄物	1.978870758	事業/廢棄物	1.978870758	事業廢棄物	事業廢棄物	事業/廢棄物	事業/廢棄物	False	True	1		phrase.energy-environment.tsv	4	
二十二歲	ㄦˋ ㄕˊ ㄦˋ ㄙㄨㄟˋ	動漫	1	13	absent			-7.354194117						二十二歲	二十二歲	二十二/歲	二十二/歲	False	True	1		phrase.anime.tsv	108	
二尖瓣逆流	ㄦˋ ㄐㄧㄢ ㄅㄢˋ ㄋㄧˋ ㄌㄧㄡˊ	醫學	1	6	absent			-7.354194117						二間辦逆流	二尖瓣逆流	二/間/辦/逆流	二尖瓣逆流	True	True	1		phrase.medicine.tsv	18	
二手史料	ㄦˋ ㄕㄡˇ ㄕˇ ㄌㄧㄠˋ	歷史	1	10	absent			-7.354194117		二手/史料	3.054773991	二手/史料	3.054773991	二手史料	二手史料	二手/史料	二手/史料	False	True	1		phrase.history.tsv	8	
二氧化碳焊	ㄦˋ ㄧㄤˇ ㄏㄨㄚˋ ㄊㄢˋ ㄏㄢˋ	製造機械	1	4	absent			-7.354194117						二氧化碳焊	二氧化碳焊	二氧化碳/焊	二氧化碳/焊	False	True	1		phrase.manufacturing.tsv	4	
二海堂晴信	ㄦˋ ㄏㄞˇ ㄊㄤˊ ㄑㄧㄥˊ ㄒㄧㄣˋ	動漫	1	12	absent			-7.354194117						二海棠情信	二海堂晴信	二/海棠/情/信	二海堂晴信	True	True	1		phrase.anime.tsv	109	
二級處理	ㄦˋ ㄐㄧˊ ㄔㄨˇ ㄌㄧˇ	環境能源	1	11	absent			-7.354194117		二級/處理	1.822477681	二級/處理	1.822477681	二級處理	二級處理	二級/處理	二級/處理	False	True	1		phrase.energy-environment.tsv	6	
二藤宏嵩	ㄦˋ ㄊㄥˊ ㄏㄨㄥˊ ㄙㄨㄥ	動漫	1	17	absent			-7.354194117						二騰紅鬆	二藤宏嵩	二/騰/紅/鬆	二藤宏嵩	True	True	1		phrase.anime.tsv	110	
二藤尚哉	ㄦˋ ㄊㄥˊ ㄕㄤˋ ㄗㄞ	動漫	1	12	absent			-7.354194117						二騰上災	二藤尚哉	二/騰/上/災	二藤尚哉	True	True	1		phrase.anime.tsv	111	
二階堂咲	ㄦˋ ㄐㄧㄝ ㄊㄤˊ ㄒㄧㄠˋ	動漫	1	17	absent			-7.354194117						二階堂校	二階堂咲	二/階/堂/校	二階堂咲	True	True	1		phrase.anime.tsv	112	
二階堂大和	ㄦˋ ㄐㄧㄝ ㄊㄤˊ ㄉㄚˋ ㄏㄜˊ	動漫	1	13	absent			-7.354194117						二階堂大和	二階堂大和	二/階/堂/大/和	二階堂大和	False	True	1		phrase.anime.tsv	113	
二階電路	ㄦˋ ㄐㄧㄝ ㄉㄧㄢˋ ㄌㄨˋ	電子電機	1	13	absent			-7.354194117		二街/電路	5.057528927	二街/電路	5.057528927	二階電路	二階電路	二/階/電路	二階電路	False	True	1		phrase.electronics.tsv	8	
二點五維	ㄦˋ ㄉㄧㄢˇ ㄨˇ ㄨㄟˊ	晶片半導體	1	11	absent			-7.354194117						二點五為	二點五維	二點/五/為	二點五維	True	True	1		phrase.semiconductor.tsv	3	
互動設計	ㄏㄨˋ ㄉㄨㄥˋ ㄕㄜˋ ㄐㄧˋ	媒體設計	1	12	absent			-7.354194117		互動/設計	0.656298147	互動/設計	0.656298147	互動設計	互動設計	互動/設計	互動/設計	False	True	1		phrase.media-design.tsv	3	
互文性	ㄏㄨˋ ㄨㄣˊ ㄒㄧㄥˋ	中文	1	12	absent			-7.354194117						護文性	互文性	護/文/性	互文性	True	True	1		phrase.chinese.tsv	13	
五代裕作	ㄨˇ ㄉㄞˋ ㄩˋ ㄗㄨㄛˋ	動漫	1	15	absent			-7.354194117						五待遇作	五代裕作	五/待遇/作	五代裕作	True	True	1		phrase.anime.tsv	114	
五十嵐雙葉	ㄨˇ ㄕˊ ㄌㄢˊ ㄕㄨㄤ ㄧㄝˋ	動漫	1	17	absent			-7.354194117						五十蘭雙業	五十嵐雙葉	五十/蘭/雙/業	五十嵐雙葉	True	True	1		phrase.anime.tsv	115	
五大人格	ㄨˇ ㄉㄚˋ ㄖㄣˊ ㄍㄜˊ	心理社會	1	10	absent			-7.354194117		五大/人格	2.676441208	五大/人格	2.676441208	五大人格	五大人格	五大/人格	五大人格	False	True	1		phrase.psychology-society.tsv	2	
五條悟	ㄨˇ ㄊㄧㄠˊ ㄨˋ	動漫	1	17	absent			-7.354194117						五條物	五條悟	五條/物	五條悟	True	True	1		phrase.anime.tsv	117	
五條新菜	ㄨˇ ㄊㄧㄠˊ ㄒㄧㄣ ㄘㄞˋ	動漫	1	22	absent			-7.354194117						五調薪菜	五條新菜	五/調薪/菜	五條新菜	True	True	1		phrase.anime.tsv	118	
五河士道	ㄨˇ ㄏㄜˊ ㄕˋ ㄉㄠˋ	動漫	1	22	absent			-7.354194117		五盒/市道	5.922830353	五盒/市道	5.922830353	五和是到	五河士道	五/和/是/到	五河士道	True	True	1		phrase.anime.tsv	119	
五河琴里	ㄨˇ ㄏㄜˊ ㄑㄧㄣˊ ㄌㄧˇ	動漫	1	15	absent			-7.354194117						五和琴理	五河琴里	五/和/琴/理	五河琴里	True	True	1		phrase.anime.tsv	120	
五等分	ㄨˇ ㄉㄥˇ ㄈㄣ	動漫	1	24	absent			-7.354194117						五等分	五等分	五/等/分	五等分	False	True	1		phrase.anime.tsv	121	
五軸加工	ㄨˇ ㄓㄡˊ ㄐㄧㄚ ㄍㄨㄥ	製造機械	1	13	absent			-7.354194117						五軸加工	五軸加工	五/軸/加工	五軸加工	False	True	1		phrase.manufacturing.tsv	5	
五郎	ㄨˇ ㄌㄤˊ	動漫	1	18	absent			-7.354194117						五郎	五郎	五/郎	五/郎	False	True	1		phrase.anime.tsv	122	
井上織姬	ㄐㄧㄥˇ ㄕㄤˋ ㄓ ㄐㄧ	動漫	1	18	absent			-7.354194117						景上之機	井上織姬	景/上/之/機	井上織姬	True	True	1		phrase.anime.tsv	123	
井之上瀧奈	ㄐㄧㄥˇ ㄓ ㄕㄤˋ ㄌㄨㄥˊ ㄋㄞˋ	動漫	1	19	absent			-7.354194117						景之上龍耐	井之上瀧奈	景/之/上/龍/耐	井之上瀧奈	True	True	1		phrase.anime.tsv	124	
井之原真人	ㄐㄧㄥˇ ㄓ ㄩㄢˊ ㄓㄣ ㄖㄣˊ	動漫	1	12	absent			-7.354194117						景支援真人	井之原真人	景/支援/真/人	井之原真人	True	True	1		phrase.anime.tsv	125	
亞也子	ㄧㄚˇ ㄧㄝˇ ㄗ˙	動漫	1	11	absent			-7.354194117						雅也子	亞也子	雅/也/子	亞也子	True	True	1		phrase.anime.tsv	126	
亞伯特	ㄧㄚˇ ㄅㄛˊ ㄊㄜˋ	動漫	1	17	absent			-7.354194117						亞伯特	亞伯特	亞伯/特	亞伯特	False	True	1		phrase.anime.tsv	127	
亞修	ㄧㄚˇ ㄒㄧㄡ	動漫	1	12	absent			-7.354194117						雅修	雅修	雅/修	雅/修	False	False	1		phrase.anime.tsv	128	
亞修林克斯	ㄧㄚˇ ㄒㄧㄡ ㄌㄧㄣˊ ㄎㄜˋ ㄙ	動漫	1	21	absent			-7.354194117						雅修林客司	亞修林克斯	雅/修/林/客/司	亞修林克斯	True	True	1		phrase.anime.tsv	129	
亞可卡嘉莉	ㄧㄚˇ ㄎㄜˇ ㄎㄚˇ ㄐㄧㄚ ㄌㄧˋ	動漫	1	19	absent			-7.354194117						雅可卡家力	亞可卡嘉莉	雅/可/卡/家/力	亞可卡嘉莉	True	True	1		phrase.anime.tsv	130	
亞左弔兵衛	ㄧㄚˇ ㄗㄨㄛˇ ㄉㄧㄠˋ ㄅㄧㄥ ㄨㄟˋ	動漫	1	14	absent			-7.354194117						雅左調兵為	亞左弔兵衛	雅/左/調兵/為	亞左弔兵衛	True	True	1		phrase.anime.tsv	131	
亞拉斯特爾	ㄧㄚˇ ㄌㄚ ㄙ ㄊㄜˋ ㄦˇ	動漫	1	16	absent			-7.354194117						雅拉絲特爾	亞拉斯特爾	雅/拉絲/特/爾	亞拉斯特爾	True	True	1		phrase.anime.tsv	132	
亞斯塔	ㄧㄚˇ ㄙ ㄊㄚˇ	動漫	1	21	absent			-7.354194117						亞斯塔	亞斯塔	亞斯/塔	亞斯塔	False	True	1		phrase.anime.tsv	133	
亞森羅蘋	ㄧㄚˇ ㄙㄣ ㄌㄨㄛˊ ㄆㄧㄥˊ	動漫	1	11	absent			-7.354194117						雅森羅平	亞森羅蘋	雅/森/羅/平	亞森羅蘋	True	True	1		phrase.anime.tsv	134	
亞爾加德	ㄧㄚˇ ㄦˇ ㄐㄧㄚ ㄉㄜˊ	動漫	1	11	absent			-7.354194117						雅爾家得	亞爾加德	雅/爾/家/得	亞爾加德	True	True	1		phrase.anime.tsv	135	
亞瑟波義耳	ㄧㄚˇ ㄙㄜˋ ㄅㄛ ㄧˋ ㄦˇ	動漫	1	17	absent			-7.354194117						雅色波一爾	亞瑟波義耳	雅/色/波/一/爾	亞瑟波義耳	True	True	1		phrase.anime.tsv	136	
亞白米娜	ㄧㄚˇ ㄅㄞˊ ㄇㄧˇ ㄋㄚˋ	動漫	1	18	absent			-7.354194117						雅白米那	亞白米娜	雅/白米/那	亞白米娜	True	True	1		phrase.anime.tsv	138	
亞童木	ㄧㄚˇ ㄊㄨㄥˊ ㄇㄨˋ	動漫	1	17	absent			-7.354194117						雅同目	亞童木	雅/同/目	亞童木	True	True	1		phrase.anime.tsv	139	
亞細亞實	ㄧㄚˇ ㄒㄧˋ ㄧㄚˇ ㄕˊ	動漫	1	14	absent			-7.354194117						亞細亞時	亞細亞實	亞細亞/時	亞細亞實	True	True	1		phrase.anime.tsv	140	
亞絲娜	ㄧㄚˇ ㄙ ㄋㄚˋ	動漫	1	21	absent			-7.354194117						亞斯那	亞絲娜	亞斯/那	亞絲娜	True	True	1		phrase.anime.tsv	141	
亞連沃克	ㄧㄚˇ ㄌㄧㄢˊ ㄨㄛˋ ㄎㄜˋ	動漫	1	18	absent			-7.354194117						雅連握客	亞連沃克	雅/連/握/客	亞連沃克	True	True	1		phrase.anime.tsv	142	
亞魯雷特	ㄧㄚˇ ㄌㄨˇ ㄌㄟˊ ㄊㄜˋ	動漫	1	19	absent			-7.354194117						雅魯雷特	亞魯雷特	雅/魯/雷/特	亞魯雷特	True	True	1		phrase.anime.tsv	143	
交互詰問	ㄐㄧㄠ ㄏㄨˋ ㄐㄧㄝˊ ㄨㄣˋ	法律	1	10	absent			-7.354194117		交互/詰問	4.244278254	交互/詰問	4.244278254	交互詰問	交互詰問	交互/詰問	交互詰問	False	True	1		phrase.law.tsv	14	
交叉驗證	ㄐㄧㄠ ㄔㄚ ㄧㄢˋ ㄓㄥˋ	AI資料科學	1	10	absent			-7.354194117		交叉/驗證	2.964850806	交叉/驗證	2.964850806	交叉驗證	交叉驗證	交叉/驗證	交叉/驗證	False	True	1		phrase.ai-data-science.tsv	7	
交換契約	ㄐㄧㄠ ㄏㄨㄢˋ ㄑㄧˋ ㄩㄝ	財會金融	1	11	absent			-7.354194117		交換/契約	1.70047233	交換/契約	1.70047233	交換契約	交換契約	交換/契約	交換/契約	False	True	1		phrase.finance.tsv	4	
交換式電源	ㄐㄧㄠ ㄏㄨㄢˋ ㄕˋ ㄉㄧㄢˋ ㄩㄢˊ	電子電機	1	4	absent			-7.354194117						交換是電源	交換式電源	交換/是/電源	交換式電源	True	True	1		phrase.electronics.tsv	9	
交通偵測器	ㄐㄧㄠ ㄊㄨㄥ ㄓㄣ ㄘㄜˋ ㄑㄧˋ	交通物流	1	5	absent			-7.354194117						交通偵測器	交通偵測器	交通/偵測/器	交通偵測器	False	True	1		phrase.transport-logistics.tsv	4	
交通壅塞	ㄐㄧㄠ ㄊㄨㄥ ㄩㄥ ㄙㄜˋ	交通物流	1	12	absent			-7.354194117		交通/壅塞	2.479480429	交通/壅塞	2.479480429	交通壅塞	交通壅塞	交通/壅塞	交通/壅塞	False	True	1		phrase.transport-logistics.tsv	5	
交通工程	ㄐㄧㄠ ㄊㄨㄥ ㄍㄨㄥ ㄔㄥˊ	交通物流	1	13	absent			-7.354194117		交通/工程	0.587571462	交通/工程	0.587571462	交通工程	交通工程	交通/工程	交通/工程	False	True	1		phrase.transport-logistics.tsv	6	
交通控制	ㄐㄧㄠ ㄊㄨㄥ ㄎㄨㄥˋ ㄓˋ	交通物流	1	13	absent			-7.354194117		交通/控制	0.748429157	交通/控制	0.748429157	交通控制	交通控制	交通/控制	交通/控制	False	True	1		phrase.transport-logistics.tsv	7	
交通模型	ㄐㄧㄠ ㄊㄨㄥ ㄇㄛˊ ㄒㄧㄥˊ	交通物流	1	13	absent			-7.354194117		交通/模型	1.442053931	交通/模型	1.442053931	交通模型	交通模型	交通/模型	交通/模型	False	True	1		phrase.transport-logistics.tsv	8	
交通規劃	ㄐㄧㄠ ㄊㄨㄥ ㄍㄨㄟ ㄏㄨㄚˋ	交通物流	1	13	absent			-7.354194117		交通/規劃	0.49962867	交通/規劃	0.49962867	交通規劃	交通規劃	交通/規劃	交通/規劃	False	True	1		phrase.transport-logistics.tsv	9	
交響詩篇	ㄐㄧㄠ ㄒㄧㄤˇ ㄕ ㄆㄧㄢ	動漫	1	18	absent			-7.354194117		交響/詩篇	3.813364303	交響/詩篇	3.813364303	交響詩篇	交響詩篇	交響/詩篇	交響詩篇	False	True	1		phrase.anime.tsv	146	
亥姆霍茲	ㄏㄞˋ ㄇㄨˇ ㄏㄨㄛˋ ㄗ	科學	1	11	absent			-7.354194117						害母或資	亥姆霍茲	害/母/或/資	亥姆霍茲	True	True	1		phrase.science.tsv	5	
人事案件	ㄖㄣˊ ㄕˋ ㄢˋ ㄐㄧㄢˋ	公務員公文	1	15	absent			-7.354194117		人士/案件	1.204851818	人士/案件	1.204851818	人事案件	人事案件	人事/案件	人事/案件	False	True	1		phrase.government.tsv	4	
人力優化	ㄖㄣˊ ㄌㄧˋ ㄧㄡ ㄏㄨㄚˋ	商業	1	11	absent			-7.354194117						人力優化	人力優化	人力/優/化	人力優化	False	True	1		phrase.business.tsv	3	
人力分析	ㄖㄣˊ ㄌㄧˋ ㄈㄣ ㄒㄧ	商業	1	12	absent			-7.354194117		人力/分析	1.059681157	人力/分析	1.059681157	人力分析	人力分析	人力/分析	人力/分析	False	True	1		phrase.business.tsv	4	
人力成本	ㄖㄣˊ ㄌㄧˋ ㄔㄥˊ ㄅㄣˇ	商業	1	11	absent			-7.354194117		人力/成本	1.248629436	人力/成本	1.248629436	人力成本	人力成本	人力/成本	人力/成本	False	True	1		phrase.business.tsv	5	
人力盤點	ㄖㄣˊ ㄌㄧˋ ㄆㄢˊ ㄉㄧㄢˇ	商業	1	11	absent			-7.354194117		人力/盤點	2.938519783	人力/盤點	2.938519783	人力盤點	人力盤點	人力/盤點	人力/盤點	False	True	1		phrase.business.tsv	6	
人力策略	ㄖㄣˊ ㄌㄧˋ ㄘㄜˋ ㄌㄩㄝˋ	商業	1	11	absent			-7.354194117		人力/策略	1.28100237	人力/策略	1.28100237	人力策略	人力策略	人力/策略	人力/策略	False	True	1		phrase.business.tsv	7	
人力管理	ㄖㄣˊ ㄌㄧˋ ㄍㄨㄢˇ ㄌㄧˇ	商業	1	12	absent			-7.354194117		人力/管理	0.77560533	人力/管理	0.77560533	人力管理	人力管理	人力/管理	人力/管理	False	True	1		phrase.business.tsv	8	
人力規劃	ㄖㄣˊ ㄌㄧˋ ㄍㄨㄟ ㄏㄨㄚˋ	商業	1	12	absent			-7.354194117		人力/規劃	0.943944767	人力/規劃	0.943944767	人力規劃	人力規劃	人力/規劃	人力/規劃	False	True	1		phrase.business.tsv	9	
人力預測	ㄖㄣˊ ㄌㄧˋ ㄩˋ ㄘㄜˋ	商業	1	11	absent			-7.354194117		人力/預測	1.636741648	人力/預測	1.636741648	人力預測	人力預測	人力/預測	人力/預測	False	True	1		phrase.business.tsv	10	
人口學	ㄖㄣˊ ㄎㄡˇ ㄒㄩㄝˊ	心理社會	1	12	absent			-7.354194117						人口學	人口學	人口/學	人口/學	False	True	1		phrase.psychology-society.tsv	3	
人口轉型	ㄖㄣˊ ㄎㄡˇ ㄓㄨㄢˇ ㄒㄧㄥˊ	心理社會	1	12	absent			-7.354194117		人口/轉型	1.581494768	人口/轉型	1.581494768	人口轉型	人口轉型	人口/轉型	人口/轉型	False	True	1		phrase.psychology-society.tsv	4	
人口遷移	ㄖㄣˊ ㄎㄡˇ ㄑㄧㄢ ㄧˊ	心理社會	1	12	absent			-7.354194117		人口/遷移	2.021632457	人口/遷移	2.021632457	人口遷移	人口遷移	人口/遷移	人口/遷移	False	True	1		phrase.psychology-society.tsv	5	
人員流動率	ㄖㄣˊ ㄩㄢˊ ㄌㄧㄡˊ ㄉㄨㄥˋ ㄌㄩˋ	商業	1	5	absent			-7.354194117		人員/流動率	2.287309374	人員/流動率	2.287309374	人員流動率	人員流動率	人員/流動率	人員/流動率	False	True	1		phrase.business.tsv	11	
人因工程	ㄖㄣˊ ㄧㄣ ㄍㄨㄥ ㄔㄥˊ	工業工程	1	11	absent			-7.354194117		人因/工程	1.874574185	人因/工程	1.874574185	人因工程	人因工程	人/因/工程	人因工程	False	True	1		phrase.industrial-engineering.tsv	4	
人因設計	ㄖㄣˊ ㄧㄣ ㄕㄜˋ ㄐㄧˋ	工業工程	1	12	absent			-7.354194117		人因/設計	1.556432302	人因/設計	1.556432302	人因設計	人因設計	人/因/設計	人因設計	False	True	1		phrase.industrial-engineering.tsv	5	
人才招募	ㄖㄣˊ ㄘㄞˊ ㄓㄠ ㄇㄨˋ	商業	1	11	absent			-7.354194117		人才/招募	2.175729422	人才/招募	2.175729422	人才招募	人才招募	人才/招募	人才/招募	False	True	1		phrase.business.tsv	12	
人才發展	ㄖㄣˊ ㄘㄞˊ ㄈㄚ ㄓㄢˇ	商業	1	11	absent			-7.354194117		人才/發展	0.335062159	人才/發展	0.335062159	人才發展	人才發展	人才/發展	人才/發展	False	True	1		phrase.business.tsv	13	
人才盤點	ㄖㄣˊ ㄘㄞˊ ㄆㄢˊ ㄉㄧㄢˇ	商業	1	11	absent			-7.354194117		人才/盤點	2.770236275	人才/盤點	2.770236275	人才盤點	人才盤點	人才/盤點	人才/盤點	False	True	1		phrase.business.tsv	14	
人格心理學	ㄖㄣˊ ㄍㄜˊ ㄒㄧㄣ ㄌㄧˇ ㄒㄩㄝˊ	心理社會	1	4	absent			-7.354194117		人格/心理學	2.533231175	人格/心理學	2.533231175	人格心理學	人格心理學	人格/心理學	人格/心理學	False	True	1		phrase.psychology-society.tsv	6	
人格特質	ㄖㄣˊ ㄍㄜˊ ㄊㄜˋ ㄓˊ	心理社會	1	11	absent			-7.354194117		人格/特質	2.15731081	人格/特質	2.15731081	人格特質	人格特質	人格/特質	人格/特質	False	True	1		phrase.psychology-society.tsv	7	
人權教育	ㄖㄣˊ ㄑㄩㄢˊ ㄐㄧㄠˋ ㄩˋ	教育	1	11	absent			-7.354194117		人權/教育	0.310425522	人權/教育	0.310425522	人權教育	人權教育	人權/教育	人權/教育	False	True	1		phrase.education.tsv	4	
人生清單	ㄖㄣˊ ㄕㄥ ㄑㄧㄥ ㄉㄢ	動漫	1	13	absent			-7.354194117		人生/清單	2.176196154	人生/清單	2.176196154	人生清單	人生清單	人生/清單	人生清單	False	True	1		phrase.anime.tsv	149	
人臉辨識	ㄖㄣˊ ㄌㄧㄢˇ ㄅㄧㄢˋ ㄕˋ	AI資料科學	1	14	absent			-7.354194117						人臉辨識	人臉辨識	人/臉/辨識	人臉辨識	False	True	1		phrase.ai-data-science.tsv	9	
人衣一體	ㄖㄣˊ ㄧ ㄧ ㄊㄧˇ	動漫	1	13	absent			-7.354194117		仁醫/一體	4.409711445	仁醫/一體	4.409711445	人一一體	人衣一體	人/一一/體	人衣一體	True	True	1		phrase.anime.tsv	150	
仁坂悠介	ㄖㄣˊ ㄅㄢˇ ㄧㄡ ㄐㄧㄝˋ	動漫	1	11	absent			-7.354194117						人版優界	仁坂悠介	人/版/優/界	仁坂悠介	True	True	1		phrase.anime.tsv	152	
今井綠	ㄐㄧㄣ ㄐㄧㄥˇ ㄌㄩˋ	動漫	1	11	absent			-7.354194117						今景率	今井綠	今/景/率	今井綠	True	True	1		phrase.anime.tsv	153	
今村耕平	ㄐㄧㄣ ㄘㄨㄣ ㄍㄥ ㄆㄧㄥˊ	動漫	1	17	absent			-7.354194117						今村更平	今村耕平	今/村/更/平	今村耕平	True	True	1		phrase.anime.tsv	155	
今泉俊輔	ㄐㄧㄣ ㄑㄩㄢˊ ㄐㄩㄣˋ ㄈㄨˇ	動漫	1	15	absent			-7.354194117						今全俊府	今泉俊輔	今/全/俊/府	今泉俊輔	True	True	1		phrase.anime.tsv	156	
介入術	ㄐㄧㄝˋ ㄖㄨˋ ㄕㄨˋ	醫學	1	12	absent			-7.354194117						介入術	介入術	介入/術	介入/術	False	True	1		phrase.medicine.tsv	21	
介電材料	ㄐㄧㄝˋ ㄉㄧㄢˋ ㄘㄞˊ ㄌㄧㄠˋ	材料化工	1	12	absent			-7.354194117						借電材料	介電材料	借/電/材料	介電材料	True	True	1		phrase.materials-chemistry.tsv	2	
仙石翔	ㄒㄧㄢ ㄕˊ ㄒㄧㄤˊ	動漫	1	12	absent			-7.354194117						先時祥	仙石翔	先/時/祥	仙石翔	True	True	1		phrase.anime.tsv	157	
代理制度	ㄉㄞˋ ㄌㄧˇ ㄓˋ ㄉㄨˋ	法律	1	11	absent			-7.354194117		代理/制度	1.299639662	代理/制度	1.299639662	代理制度	代理制度	代理/制度	代理/制度	False	True	1		phrase.law.tsv	15	
代理式	ㄉㄞˋ ㄌㄧˇ ㄕˋ	AI資料科學	1	11	absent			-7.354194117						代理是	代理是	代理/是	代理/是	False	False	1		phrase.ai-data-science.tsv	11	
代表性捷思	ㄉㄞˋ ㄅㄧㄠˇ ㄒㄧㄥˋ ㄐㄧㄝˊ ㄙ	心理社會	1	4	absent			-7.354194117						代表性捷思	代表性捷思	代表性/捷/思	代表性捷思	False	True	1		phrase.psychology-society.tsv	8	
代謝工程	ㄉㄞˋ ㄒㄧㄝˋ ㄍㄨㄥ ㄔㄥˊ	生技藥學	1	11	absent			-7.354194117		代謝/工程	1.848443328	代謝/工程	1.848443328	代謝工程	代謝工程	代謝/工程	代謝/工程	False	True	1		phrase.biotech-pharma.tsv	5	
代謝體學	ㄉㄞˋ ㄒㄧㄝˋ ㄊㄧˇ ㄒㄩㄝˊ	生技藥學	1	11	absent			-7.354194117						代謝體學	代謝體學	代謝/體/學	代謝體學	False	True	1		phrase.biotech-pharma.tsv	6	
令咒	ㄌㄧㄥˋ ㄓㄡˋ	動漫	1	14	absent			-7.354194117						另宙	另宙	另/宙	另/宙	False	False	1		phrase.anime.tsv	159	
以太幣	ㄧˇ ㄊㄞˋ ㄅㄧˋ	一般	1	12	absent			-7.354194117						以太必	以太幣	以/太/必	以太幣	True	True	1		phrase.general.tsv	6	
以爺爺	ㄧˇ ㄧㄝˊ ㄧㄝˊ	動漫	1	14	absent			-7.354194117						以爺爺	以爺爺	以/爺爺	以爺爺	False	True	1		phrase.anime.tsv	160	
仲村由理	ㄓㄨㄥˋ ㄘㄨㄣ ㄧㄡˊ ㄌㄧˇ	動漫	1	18	absent			-7.354194117						重村由理	仲村由理	重/村/由/理	仲村由理	True	True	1		phrase.anime.tsv	161	
任務完成	ㄖㄣˋ ㄨˋ ㄨㄢˊ ㄔㄥˊ	動漫	1	12	absent			-7.354194117		任務/完成	0.967388489	任務/完成	0.967388489	任務完成	任務完成	任務/完成	任務/完成	False	True	1		phrase.anime.tsv	162	
仿擬	ㄈㄤˇ ㄋㄧˇ	中文	1	11	absent			-7.354194117						放你	放你	放/你	放/你	False	False	1		phrase.chinese.tsv	14	
企業治理	ㄑㄧˋ ㄧㄝˋ ㄓˋ ㄌㄧˇ	商業	1	12	absent			-7.354194117		企業/治理	1.55147511	企業/治理	1.55147511	企業治理	企業治理	企業/治理	企業/治理	False	True	1		phrase.business.tsv	16	
伊井野御子	ㄧ ㄐㄧㄥˇ ㄧㄝˇ ㄩˋ ㄗ˙	動漫	1	12	absent			-7.354194117						一景也與子	伊井野御子	一/景/也/與/子	伊井野御子	True	True	1		phrase.anime.tsv	163	
伊佐木要	ㄧ ㄗㄨㄛˇ ㄇㄨˋ ㄧㄠˋ	動漫	1	12	absent			-7.354194117						一左目要	伊佐木要	一/左/目/要	伊佐木要	True	True	1		phrase.anime.tsv	164	
伊佐那社	ㄧ ㄗㄨㄛˇ ㄋㄚˋ ㄕㄜˋ	動漫	1	17	absent			-7.354194117						一左那設	伊佐那社	一/左/那/設	伊佐那社	True	True	1		phrase.anime.tsv	165	
伊原摩耶花	ㄧ ㄩㄢˊ ㄇㄛˊ ㄧㄝ ㄏㄨㄚ	動漫	1	15	absent			-7.354194117						一員模耶花	伊原摩耶花	一/員/模/耶/花	伊原摩耶花	True	True	1		phrase.anime.tsv	166	
伊吹風子	ㄧ ㄔㄨㄟ ㄈㄥ ㄗ˙	動漫	1	11	absent			-7.354194117						一吹風子	伊吹風子	一/吹風/子	伊吹風子	True	True	1		phrase.anime.tsv	167	
伊地知星歌	ㄧ ㄉㄧˋ ㄓ ㄒㄧㄥ ㄍㄜ	動漫	1	14	absent			-7.354194117						一地之星歌	伊地知星歌	一/地/之/星/歌	伊地知星歌	True	True	1		phrase.anime.tsv	168	
伊地知虹夏	ㄧ ㄉㄧˋ ㄓ ㄏㄨㄥˊ ㄒㄧㄚˋ	動漫	1	20	absent			-7.354194117						一地之紅下	伊地知虹夏	一/地/之/紅/下	伊地知虹夏	True	True	1		phrase.anime.tsv	169	
伊斯蘭興起	ㄧ ㄙ ㄌㄢˊ ㄒㄧㄥ ㄑㄧˇ	歷史	1	3	absent			-7.354194117		伊斯蘭/興起	3.143100286	伊斯蘭/興起	3.143100286	伊斯蘭興起	伊斯蘭興起	伊斯蘭/興起	伊斯蘭興起	False	True	1		phrase.history.tsv	10	
伊芙加登	ㄧ ㄈㄨˊ ㄐㄧㄚ ㄉㄥ	動漫	1	23	absent			-7.354194117		衣服/加登	4.443036509	衣服/加登	4.443036509	衣服家登	伊芙加登	衣服/家/登	伊芙加登	True	True	1		phrase.anime.tsv	170	
伊莉娜	ㄧ ㄌㄧˋ ㄋㄚˋ	動漫	1	11	absent			-7.354194117						一力那	伊莉娜	一/力/那	伊莉娜	True	True	1		phrase.anime.tsv	171	
伊莉雅	ㄧ ㄌㄧˋ ㄧㄚˇ	動漫	1	19	absent			-7.354194117						一力亞	伊莉雅	一/力/亞	伊莉雅	True	True	1		phrase.anime.tsv	173	
伊莉雅珊瑚	ㄧ ㄌㄧˋ ㄧㄚˇ ㄕㄢ ㄏㄨˊ	動漫	1	13	absent			-7.354194117						一力亞珊瑚	伊莉雅珊瑚	一/力/亞/珊瑚	伊莉雅珊瑚	True	True	1		phrase.anime.tsv	174	
伊莎貝拉	ㄧ ㄕㄚ ㄅㄟˋ ㄌㄚ	動漫	1	15	absent			-7.354194117						一殺貝拉	伊莎貝拉	一/殺/貝拉	伊莎貝拉	True	True	1		phrase.anime.tsv	175	
伊藤開司	ㄧ ㄊㄥˊ ㄎㄞ ㄙ	動漫	1	20	absent			-7.354194117						伊藤開私	伊藤開司	伊藤/開/私	伊藤開司	True	True	1		phrase.anime.tsv	176	
伊麗莎白	ㄧ ㄌㄧˋ ㄕㄚ ㄅㄞˊ	動漫	1	18	absent	伊莉莎白	-6.031974823	-7.354194117	-1.322219295			伊莉莎白	-1.322219295	伊莉莎白	伊莉莎白	伊莉莎白	伊莉莎白	False	False	2	伊莉莎白|依麗莎白	phrase.anime.tsv	177	
伏見猿比古	ㄈㄨˊ ㄐㄧㄢˋ ㄩㄢˊ ㄅㄧˇ ㄍㄨˇ	動漫	1	9	absent			-7.354194117						福建員比古	伏見猿比古	福建/員/比/古	伏見猿比古	True	True	1		phrase.anime.tsv	178	
伏黑惠	ㄈㄨˊ ㄏㄟ ㄏㄨㄟˋ	動漫	1	22	absent			-7.354194117						伏黑會	伏黑惠	伏/黑/會	伏黑惠	True	True	1		phrase.anime.tsv	179	
休安	ㄒㄧㄡ ㄢ	動漫	1	17	absent			-7.354194117						修安	修安	修/安	修/安	False	False	1		phrase.anime.tsv	180	
伯羅奔尼撒	ㄅㄛˊ ㄌㄨㄛˊ ㄅㄣ ㄋㄧˊ ㄙㄚ	歷史	1	4	absent			-7.354194117						柏羅奔尼三	伯羅奔尼撒	柏/羅/奔/尼/三	伯羅奔尼撒	True	True	1		phrase.history.tsv	11	
伯雷亞斯	ㄅㄛˊ ㄌㄟˊ ㄧㄚˇ ㄙ	動漫	1	15	absent			-7.354194117						柏雷亞斯	伯雷亞斯	柏/雷/亞斯	伯雷亞斯	True	True	1		phrase.anime.tsv	181	
伸縮裝置	ㄕㄣ ㄙㄨㄛ ㄓㄨㄤ ㄓˋ	建築土木	1	10	absent			-7.354194117		伸縮/裝置	3.50342539	伸縮/裝置	3.50342539	伸縮裝置	伸縮裝置	伸縮/裝置	伸縮/裝置	False	True	1		phrase.civil-engineering.tsv	3	
伺服器晶片	ㄙˋ ㄈㄨˊ ㄑㄧˋ ㄐㄧㄥ ㄆㄧㄢˋ	一般	1	8	absent			-7.354194117		伺服器/晶片	2.712244328	伺服器/晶片	2.712244328	伺服器晶片	伺服器晶片	伺服器/晶片	伺服器晶片	False	True	1		phrase.general.tsv	7	
伺服器稽核	ㄙˋ ㄈㄨˊ ㄑㄧˋ ㄐㄧ ㄏㄜˊ	網路資安	1	4	absent			-7.354194117		伺服器/稽核	3.397641525	伺服器/稽核	3.397641525	伺服器稽核	伺服器稽核	伺服器/稽核	伺服器/稽核	False	True	1		phrase.network-security.tsv	13	
伺服馬達	ㄙˋ ㄈㄨˊ ㄇㄚˇ ㄉㄚˊ	電子電機	1	10	absent			-7.354194117		伺服/馬達	3.044308558	伺服/馬達	3.044308558	伺服馬達	伺服馬達	伺服/馬達	伺服/馬達	False	True	1		phrase.electronics.tsv	10	
位元率	ㄨㄟˋ ㄩㄢˊ ㄌㄩˋ	媒體設計	1	10	absent			-7.354194117						位元率	位元率	位元/率	位元率	False	True	1		phrase.media-design.tsv	5	
位置編碼	ㄨㄟˋ ㄓˋ ㄅㄧㄢ ㄇㄚˇ	AI資料科學	1	11	absent			-7.354194117		位置/編碼	2.189127939	位置/編碼	2.189127939	位置編碼	位置編碼	位置/編碼	位置/編碼	False	True	1		phrase.ai-data-science.tsv	12	
位障	ㄨㄟˋ ㄓㄤˋ	晶片半導體	1	9	absent			-7.354194117						為障	為障	為/障	為/障	False	False	1		phrase.semiconductor.tsv	4	
低下症	ㄉㄧ ㄒㄧㄚˋ ㄓㄥˋ	醫學	1	10	absent			-7.354194117						低下政	低下政	低下/政	低下/政	False	False	1		phrase.medicine.tsv	22	
低介電	ㄉㄧ ㄐㄧㄝˋ ㄉㄧㄢˋ	晶片半導體	1	12	absent			-7.354194117						低介電	低介電	低/介/電	低介電	False	True	1		phrase.semiconductor.tsv	5	
低壓差	ㄉㄧ ㄧㄚ ㄔㄚˋ	電子電機	1	10	absent			-7.354194117						低壓差	低壓差	低壓/差	低壓/差	False	True	1		phrase.electronics.tsv	11	
低擬真原型	ㄉㄧ ㄋㄧˇ ㄓㄣ ㄩㄢˊ ㄒㄧㄥˊ	媒體設計	1	5	absent			-7.354194117						低你真原型	低擬真原型	低/你/真/原型	低擬真原型	True	True	1		phrase.media-design.tsv	6	
低秩適配	ㄉㄧ ㄓˋ ㄕˋ ㄆㄟˋ	AI資料科學	1	12	absent			-7.354194117						低秩是配	低秩適配	低/秩/是/配	低秩適配	True	True	1		phrase.ai-data-science.tsv	13	
低衝擊開發	ㄉㄧ ㄔㄨㄥ ㄐㄧˊ ㄎㄞ ㄈㄚ	建築土木	1	5	absent			-7.354194117						低衝擊開發	低衝擊開發	低/衝擊/開發	低衝擊開發	False	True	1		phrase.civil-engineering.tsv	4	
低通濾波器	ㄉㄧ ㄊㄨㄥ ㄌㄩˋ ㄅㄛ ㄑㄧˋ	電子電機	1	5	absent			-7.354194117						低通濾波器	低通濾波器	低/通/濾波器	低通濾波器	False	True	1		phrase.electronics.tsv	12	
佐佐原宗平	ㄗㄨㄛˇ ㄗㄨㄛˇ ㄩㄢˊ ㄗㄨㄥ ㄆㄧㄥˊ	動漫	1	12	absent			-7.354194117						左左員宗平	佐佐原宗平	左/左/員/宗/平	佐佐原宗平	True	True	1		phrase.anime.tsv	182	
佐佐木	ㄗㄨㄛˇ ㄗㄨㄛˇ ㄇㄨˋ	動漫	1	12	absent			-7.354194117						左左目	佐佐木	左/左/目	佐佐木	True	True	1		phrase.anime.tsv	183	
佐倉千代	ㄗㄨㄛˇ ㄘㄤ ㄑㄧㄢ ㄉㄞˋ	動漫	1	18	absent			-7.354194117						左蒼千代	佐倉千代	左/蒼/千/代	佐倉千代	True	True	1		phrase.anime.tsv	184	
佐倉慈	ㄗㄨㄛˇ ㄘㄤ ㄘˊ	動漫	1	11	absent			-7.354194117						左蒼詞	佐倉慈	左/蒼/詞	佐倉慈	True	True	1		phrase.anime.tsv	185	
佐倉杏子	ㄗㄨㄛˇ ㄘㄤ ㄒㄧㄥˋ ㄗˇ	動漫	1	14	absent			-7.354194117						左蒼性子	佐倉杏子	左/蒼/性/子	佐倉杏子	True	True	1		phrase.anime.tsv	186	
佐切	ㄗㄨㄛˇ ㄑㄧㄝˋ	動漫	1	16	absent			-7.354194117						左切	左切	左/切	左/切	False	False	1		phrase.anime.tsv	187	
佐原美代子	ㄗㄨㄛˇ ㄩㄢˊ ㄇㄟˇ ㄉㄞˋ ㄗˇ	動漫	1	13	absent			-7.354194117						左員美代子	佐原美代子	左/員/美/代子	佐原美代子	True	True	1		phrase.anime.tsv	188	
佐古下柳	ㄗㄨㄛˇ ㄍㄨˇ ㄒㄧㄚˋ ㄌㄧㄡˇ	動漫	1	15	absent			-7.354194117						左古下柳	佐古下柳	左/古/下/柳	佐古下柳	True	True	1		phrase.anime.tsv	189	
佐天淚子	ㄗㄨㄛˇ ㄊㄧㄢ ㄌㄟˋ ㄗ˙	動漫	1	15	absent			-7.354194117						左天類子	佐天淚子	左/天/類/子	佐天淚子	True	True	1		phrase.anime.tsv	190	
佐田恭也	ㄗㄨㄛˇ ㄊㄧㄢˊ ㄍㄨㄥ ㄧㄝˇ	動漫	1	15	absent			-7.354194117						左田公也	佐田恭也	左/田/公/也	佐田恭也	True	True	1		phrase.anime.tsv	191	
佐藤和真	ㄗㄨㄛˇ ㄊㄥˊ ㄏㄜˊ ㄓㄣ	動漫	1	23	absent			-7.354194117						佐籐和真	佐藤和真	佐籐/和/真	佐藤和真	True	True	1		phrase.anime.tsv	192	
佐藤壽也	ㄗㄨㄛˇ ㄊㄥˊ ㄕㄡˋ ㄧㄝˇ	動漫	1	15	absent			-7.354194117						佐籐受也	佐藤壽也	佐籐/受/也	佐藤壽也	True	True	1		phrase.anime.tsv	193	
佐藤正男	ㄗㄨㄛˇ ㄊㄥˊ ㄓㄥˋ ㄋㄢˊ	動漫	1	12	absent			-7.354194117		佐籐/正南	6.275012871	佐籐/正南	6.275012871	佐籐政南	佐藤正男	佐籐/政/南	佐藤正男	True	True	1		phrase.anime.tsv	194	
佐藤真冬	ㄗㄨㄛˇ ㄊㄥˊ ㄓㄣ ㄉㄨㄥ	動漫	1	18	absent			-7.354194117						佐籐真東	佐藤真冬	佐籐/真/東	佐藤真冬	True	True	1		phrase.anime.tsv	195	
佐賀	ㄗㄨㄛˇ ㄏㄜˋ	動漫	1	22	0			-7.354194117						左和	左和	左/和	左/和	False	False	1		phrase.anime.tsv	196	
佐野萬次郎	ㄗㄨㄛˇ ㄧㄝˇ ㄨㄢˋ ㄘˋ ㄌㄤˊ	動漫	1	19	absent			-7.354194117						左也萬次郎	佐野萬次郎	左/也/萬/次郎	佐野萬次郎	True	True	1		phrase.anime.tsv	197	
佛朗基	ㄈㄛˊ ㄌㄤˇ ㄐㄧ	動漫	1	10	absent			-7.354194117						佛朗機	佛朗基	佛/朗/機	佛朗基	True	True	1		phrase.anime.tsv	198	
佛爾帕斯塔	ㄈㄛˊ ㄦˇ ㄆㄚˋ ㄙ ㄊㄚˇ	動漫	1	17	absent			-7.354194117						佛爾怕司塔	佛爾帕斯塔	佛/爾/怕/司/塔	佛爾帕斯塔	True	True	1		phrase.anime.tsv	199	
作品研究	ㄗㄨㄛˋ ㄆㄧㄣˇ ㄧㄢˊ ㄐㄧㄡˋ	中文	1	22	absent			-7.354194117		作品/研究	-0.234687751	作品/研究	-0.234687751	作品研究	作品研究	作品/研究	作品/研究	False	True	1		phrase.chinese.tsv	16	
作業研究	ㄗㄨㄛˋ ㄧㄝˋ ㄧㄢˊ ㄐㄧㄡˋ	工業工程	1	12	absent			-7.354194117		作業/研究	0.123488987	作業/研究	0.123488987	作業研究	作業研究	作業/研究	作業/研究	False	True	1		phrase.industrial-engineering.tsv	8	
作業風險	ㄗㄨㄛˋ ㄧㄝˋ ㄈㄥ ㄒㄧㄢˇ	財會金融	1	12	absent			-7.354194117		作業/風險	1.345626732	作業/風險	1.345626732	作業風險	作業風險	作業/風險	作業/風險	False	True	1		phrase.finance.tsv	7	
作物育種	ㄗㄨㄛˋ ㄨˋ ㄩˋ ㄓㄨㄥˇ	農業食品	1	15	absent			-7.354194117		作物/育種	4.078192127	作物/育種	4.078192127	作物育種	作物育種	作物/育/種	作物育種	False	True	1		phrase.agriculture-food.tsv	2	
你已經死了	ㄋㄧˇ ㄧˇ ㄐㄧㄥ ㄙˇ ㄌㄜ˙	動漫	1	13	absent			-7.354194117						你已經死了	你已經死了	你/已經/死了	你已經死了	False	True	1		phrase.anime.tsv	200	
你的名字	ㄋㄧˇ ㄉㄜ˙ ㄇㄧㄥˊ ㄗˋ	動漫	1	28	absent			-7.354194117		你的/名字	1.264929444	你的/名字	1.264929444	你的名字	你的名字	你的/名字	你的/名字	False	True	1		phrase.anime.tsv	202	
你的名字是	ㄋㄧˇ ㄉㄜ˙ ㄇㄧㄥˊ ㄗˋ ㄕˋ	動漫	1	16	absent			-7.354194117						你的名字是	你的名字是	你的/名字/是	你的名字是	False	True	1		phrase.anime.tsv	203	
你的謊言	ㄋㄧˇ ㄉㄜ˙ ㄏㄨㄤˇ ㄧㄢˊ	動漫	1	14	absent			-7.354194117		你的/謊言	2.076229821	你的/謊言	2.076229821	你的謊言	你的謊言	你的/謊言	你的謊言	False	True	1		phrase.anime.tsv	204	
併網保護	ㄅㄧㄥˋ ㄨㄤˇ ㄅㄠˇ ㄏㄨˋ	環境能源	1	11	absent			-7.354194117						並網保護	併網保護	並/網/保護	併網保護	True	True	1		phrase.energy-environment.tsv	7	
使用後釋放	ㄕˇ ㄩㄥˋ ㄏㄡˋ ㄕˋ ㄈㄤˋ	網路資安	1	6	absent			-7.354194117						使用後釋放	使用後釋放	使用/後/釋放	使用後釋放	False	True	1		phrase.network-security.tsv	15	
使用權資產	ㄕˇ ㄩㄥˋ ㄑㄩㄢˊ ㄗ ㄔㄢˇ	財會金融	1	3	absent			-7.354194117		使用權/資產	2.813414311	使用權/資產	2.813414311	使用權資產	使用權資產	使用權/資產	使用權資產	False	True	1		phrase.finance.tsv	8	
使用者旅程	ㄕˇ ㄩㄥˋ ㄓㄜˇ ㄌㄩˇ ㄔㄥˊ	媒體設計	1	5	absent			-7.354194117		使用者/旅程	2.366152698	使用者/旅程	2.366152698	使用者旅程	使用者旅程	使用者/旅程	使用者/旅程	False	True	1		phrase.media-design.tsv	8	
使用者研究	ㄕˇ ㄩㄥˋ ㄓㄜˇ ㄧㄢˊ ㄐㄧㄡˋ	媒體設計	1	5	absent			-7.354194117		使用者/研究	0.444387425	使用者/研究	0.444387425	使用者研究	使用者研究	使用者/研究	使用者/研究	False	True	1		phrase.media-design.tsv	9	
使用者訪談	ㄕˇ ㄩㄥˋ ㄓㄜˇ ㄈㄤˇ ㄊㄢˊ	媒體設計	1	5	absent			-7.354194117		使用者/訪談	2.090527282	使用者/訪談	2.090527282	使用者訪談	使用者訪談	使用者/訪談	使用者/訪談	False	True	1		phrase.media-design.tsv	10	
來堂	ㄌㄞˊ ㄊㄤˊ	動漫	1	15	absent			-7.354194117						來堂	來堂	來/堂	來/堂	False	True	1		phrase.anime.tsv	205	
來自深淵	ㄌㄞˊ ㄗˋ ㄕㄣ ㄩㄢ	動漫	1	22	absent			-7.354194117		來自/深淵	2.453717746	來自/深淵	2.453717746	來自深淵	來自深淵	來自/深淵	來自深淵	False	True	1		phrase.anime.tsv	207	
侍奉社	ㄕˋ ㄈㄥˋ ㄕㄜˋ	動漫	1	13	absent			-7.354194117						侍奉社	侍奉社	侍奉/社	侍奉社	False	True	1		phrase.anime.tsv	208	
供應商管理	ㄍㄨㄥ ㄧㄥˋ ㄕㄤ ㄍㄨㄢˇ ㄌㄧˇ	商業	1	5	absent			-7.354194117		供應商/管理	1.716044442	供應商/管理	1.716044442	供應商管理	供應商管理	供應商/管理	供應商/管理	False	True	1		phrase.business.tsv	17	
供應鏈	ㄍㄨㄥ ㄧㄥˋ ㄌㄧㄢˋ	商業	1	16	0			-7.354194117						供應鏈	供應鏈	供應/鏈	供應/鏈	False	True	1		phrase.business.tsv	18	
供應鏈優化	ㄍㄨㄥ ㄧㄥˋ ㄌㄧㄢˋ ㄧㄡ ㄏㄨㄚˋ	商業	1	4	absent			-7.354194117						供應鏈優化	供應鏈優化	供應/鏈/優/化	供應鏈優化	False	True	1		phrase.business.tsv	19	
供應鏈分析	ㄍㄨㄥ ㄧㄥˋ ㄌㄧㄢˋ ㄈㄣ ㄒㄧ	商業	1	5	absent			-7.354194117						供應鏈分析	供應鏈分析	供應/鏈/分析	供應鏈分析	False	True	1		phrase.business.tsv	20	
供應鏈攻擊	ㄍㄨㄥ ㄧㄥˋ ㄌㄧㄢˋ ㄍㄨㄥ ㄐㄧˊ	網路資安	1	4	absent			-7.354194117						供應鏈攻擊	供應鏈攻擊	供應/鏈/攻擊	供應鏈攻擊	False	True	1		phrase.network-security.tsv	18	
供應鏈物流	ㄍㄨㄥ ㄧㄥˋ ㄌㄧㄢˋ ㄨˋ ㄌㄧㄡˊ	交通物流	1	4	absent			-7.354194117						供應鏈物流	供應鏈物流	供應/鏈/物流	供應鏈物流	False	True	1		phrase.transport-logistics.tsv	10	
供應鏈稽核	ㄍㄨㄥ ㄧㄥˋ ㄌㄧㄢˋ ㄐㄧ ㄏㄜˊ	網路資安	1	4	absent			-7.354194117						供應鏈稽核	供應鏈稽核	供應/鏈/稽核	供應鏈稽核	False	True	1		phrase.network-security.tsv	19	
供應鏈策略	ㄍㄨㄥ ㄧㄥˋ ㄌㄧㄢˋ ㄘㄜˋ ㄌㄩㄝˋ	商業	1	4	absent			-7.354194117						供應鏈策略	供應鏈策略	供應/鏈/策略	供應鏈策略	False	True	1		phrase.business.tsv	21	
供應鏈管理	ㄍㄨㄥ ㄧㄥˋ ㄌㄧㄢˋ ㄍㄨㄢˇ ㄌㄧˇ	商業	1	5	absent			-7.354194117						供應鏈管理	供應鏈管理	供應/鏈/管理	供應鏈管理	False	True	1		phrase.business.tsv	22	
供應鏈規劃	ㄍㄨㄥ ㄧㄥˋ ㄌㄧㄢˋ ㄍㄨㄟ ㄏㄨㄚˋ	商業	1	5	absent			-7.354194117						供應鏈規劃	供應鏈規劃	供應/鏈/規劃	供應鏈規劃	False	True	1		phrase.business.tsv	23	
供應鏈韌性	ㄍㄨㄥ ㄧㄥˋ ㄌㄧㄢˋ ㄖㄣˋ ㄒㄧㄥˋ	商業	1	4	absent			-7.354194117						供應鏈韌性	供應鏈韌性	供應/鏈/韌性	供應鏈韌性	False	True	1		phrase.business.tsv	24	
供應鏈預測	ㄍㄨㄥ ㄧㄥˋ ㄌㄧㄢˋ ㄩˋ ㄘㄜˋ	商業	1	4	absent			-7.354194117						供應鏈預測	供應鏈預測	供應/鏈/預測	供應鏈預測	False	True	1		phrase.business.tsv	25	
供應鏈風險	ㄍㄨㄥ ㄧㄥˋ ㄌㄧㄢˋ ㄈㄥ ㄒㄧㄢˇ	商業	1	4	absent			-7.354194117						供應鏈風險	供應鏈風險	供應/鏈/風險	供應鏈風險	False	True	1		phrase.business.tsv	26	
依法令行為	ㄧ ㄈㄚˇ ㄌㄧㄥˋ ㄒㄧㄥˊ ㄨㄟˋ	法律	1	4	absent			-7.354194117						依法另行為	依法令行為	依法/另行/為	依法令行為	True	True	1		phrase.law.tsv	16	
依附理論	ㄧ ㄈㄨˋ ㄌㄧˇ ㄌㄨㄣˋ	心理社會	1	10	absent			-7.354194117		依附/理論	2.461598695	依附/理論	2.461598695	依附理論	依附理論	依附/理論	依附/理論	False	True	1		phrase.psychology-society.tsv	9	
侵權行為	ㄑㄧㄣ ㄑㄩㄢˊ ㄒㄧㄥˊ ㄨㄟˊ	法律	1	10	absent			-7.354194117		侵權/行為	2.046805062	侵權/行為	2.046805062	侵權行為	侵權行為	侵權/行為	侵權/行為	False	True	1		phrase.law.tsv	17	
侵略地上	ㄑㄧㄣ ㄌㄩㄝˋ ㄉㄧˋ ㄕㄤˋ	動漫	1	12	absent			-7.354194117		侵略/地上	2.476845812	侵略/地上	2.476845812	侵略地上	侵略地上	侵略/地上	侵略地上	False	True	1		phrase.anime.tsv	210	
侵略藍星	ㄑㄧㄣ ㄌㄩㄝˋ ㄌㄢˊ ㄒㄧㄥ	動漫	1	13	absent			-7.354194117						侵略蘭星	侵略藍星	侵略/蘭/星	侵略藍星	True	True	1		phrase.anime.tsv	211	
促銷活動	ㄘㄨˋ ㄒㄧㄠ ㄏㄨㄛˊ ㄉㄨㄥˋ	商業	1	11	absent			-7.354194117		促銷/活動	0.976712289	促銷/活動	0.976712289	促銷活動	促銷活動	促銷/活動	促銷/活動	False	True	1		phrase.business.tsv	27	
保全程序	ㄅㄠˇ ㄑㄩㄢˊ ㄔㄥˊ ㄒㄩˋ	法律	1	10	absent			-7.354194117		保全/程序	2.215790359	保全/程序	2.215790359	保全程序	保全程序	保全/程序	保全/程序	False	True	1		phrase.law.tsv	18	
保坂	ㄅㄠˇ ㄅㄢˇ	動漫	1	11	absent			-7.354194117						保版	保版	保/版	保/版	False	False	1		phrase.anime.tsv	213	
保守力	ㄅㄠˇ ㄕㄡˇ ㄌㄧˋ	科學	1	11	absent			-7.354194117						保守力	保守力	保守/力	保守/力	False	True	1		phrase.science.tsv	6	
保甲制度	ㄅㄠˇ ㄐㄧㄚˇ ㄓˋ ㄉㄨˋ	歷史	1	10	absent			-7.354194117		保甲/制度	3.153945704	保甲/制度	3.153945704	保甲制度	保甲制度	保甲/制度	保甲制度	False	True	1		phrase.history.tsv	12	
保登心愛	ㄅㄠˇ ㄉㄥ ㄒㄧㄣ ㄞˋ	動漫	1	19	absent			-7.354194117						保登心愛	保登心愛	保/登/心愛	保登心愛	False	True	1		phrase.anime.tsv	214	
保科宗四郎	ㄅㄠˇ ㄎㄜ ㄗㄨㄥ ㄙˋ ㄌㄤˊ	動漫	1	12	absent			-7.354194117						保科宗四郎	保科宗四郎	保/科/宗/四/郎	保科宗四郎	False	True	1		phrase.anime.tsv	215	
保稅工廠	ㄅㄠˇ ㄕㄨㄟˋ ㄍㄨㄥ ㄔㄤˇ	交通物流	1	10	absent			-7.354194117		保稅/工廠	3.709263409	保稅/工廠	3.709263409	保稅工廠	保稅工廠	保稅/工廠	保稅/工廠	False	True	1		phrase.transport-logistics.tsv	11	
保育室	ㄅㄠˇ ㄩˋ ㄕˋ	動漫	1	11	absent			-7.354194117						保育是	保育是	保育/是	保育/是	False	False	1		phrase.anime.tsv	217	
保護接地	ㄅㄠˇ ㄏㄨˋ ㄐㄧㄝ ㄉㄧˋ	電子電機	1	12	absent			-7.354194117		保護/接地	2.367176203	保護/接地	2.367176203	保護接地	保護接地	保護/接地	保護/接地	False	True	1		phrase.electronics.tsv	13	
保護設計	ㄅㄠˇ ㄏㄨˋ ㄕㄜˋ ㄐㄧˋ	電子電機	1	19	absent			-7.354194117		保護/設計	0.224072143	保護/設計	0.224072143	保護設計	保護設計	保護/設計	保護/設計	False	True	1		phrase.electronics.tsv	14	
俟核定後	ㄑㄧˊ ㄏㄜˊ ㄉㄧㄥˋ ㄏㄡˋ	公務員公文	1	10	absent			-7.354194117						其核定後	俟核定後	其/核定/後	俟核定後	True	True	1		phrase.government.tsv	7	
俠義小說	ㄒㄧㄚˊ ㄧˋ ㄒㄧㄠˇ ㄕㄨㄛ	中文	1	10	absent			-7.354194117		狹義/小說	2.561788419	狹義/小說	2.561788419	俠義小說	俠義小說	俠義/小說	俠義/小說	False	True	1		phrase.chinese.tsv	17	
信用利差	ㄒㄧㄣˋ ㄩㄥˋ ㄌㄧˋ ㄔㄚˋ	財會金融	1	11	absent			-7.354194117						信用利差	信用利差	信用/利/差	信用利差	False	True	1		phrase.finance.tsv	10	
信用評等	ㄒㄧㄣˋ ㄩㄥˋ ㄆㄧㄥˊ ㄉㄥˇ	財會金融	1	11	absent			-7.354194117		信用/平等	1.596621977	信用/平等	1.596621977	信用評等	信用評等	信用/評等	信用/評等	False	True	1		phrase.finance.tsv	11	
修坦費爾德	ㄒㄧㄡ ㄊㄢˇ ㄈㄟˋ ㄦˇ ㄉㄜˊ	動漫	1	15	absent			-7.354194117						修坦費爾得	修坦費爾德	修/坦/費爾/得	修坦費爾德	True	True	1		phrase.anime.tsv	218	
修塔爾克	ㄒㄧㄡ ㄊㄚˇ ㄦˇ ㄎㄜˋ	動漫	1	18	absent			-7.354194117						修塔爾客	修塔爾克	修/塔/爾/客	修塔爾克	True	True	1		phrase.anime.tsv	219	
修格連氏症	ㄒㄧㄡ ㄍㄜˊ ㄌㄧㄢˊ ㄕˋ ㄓㄥˋ	醫學	1	5	absent			-7.354194117						修格連市政	修格連氏症	修/格/連/市政	修格連氏症	True	True	1		phrase.medicine.tsv	23	
修羅	ㄒㄧㄡ ㄌㄨㄛˊ	動漫	1	10	absent			-7.354194117						修羅	修羅	修/羅	修/羅	False	True	1		phrase.anime.tsv	221	
修補管理	ㄒㄧㄡ ㄅㄨˇ ㄍㄨㄢˇ ㄌㄧˇ	網路資安	1	12	absent			-7.354194117		修補/管理	1.936489977	修補/管理	1.936489977	修補管理	修補管理	修補/管理	修補/管理	False	True	1		phrase.network-security.tsv	20	
修雷因	ㄒㄧㄡ ㄌㄟˊ ㄧㄣ	動漫	1	10	absent			-7.354194117						修雷因	修雷因	修/雷/因	修雷因	False	True	1		phrase.anime.tsv	222	
俺物語	ㄢˇ ㄨˋ ㄩˇ	動漫	1	20	absent			-7.354194117						俺物語	俺物語	俺/物語	俺物語	False	True	1		phrase.anime.tsv	223	俺物語!!
倉位管理	ㄘㄤ ㄨㄟˋ ㄍㄨㄢˇ ㄌㄧˇ	交通物流	1	12	absent			-7.354194117		艙位/管理	2.825791679	艙位/管理	2.825791679	倉位管理	倉位管理	倉/位/管理	倉位管理	False	True	1		phrase.transport-logistics.tsv	12	
倉儲管理	ㄘㄤ ㄔㄨˊ ㄍㄨㄢˇ ㄌㄧˇ	交通物流	1	12	absent			-7.354194117		倉儲/管理	2.237519973	倉儲/管理	2.237519973	倉儲管理	倉儲管理	倉儲/管理	倉儲/管理	False	True	1		phrase.transport-logistics.tsv	13	
倉儲規劃	ㄘㄤ ㄔㄨˊ ㄍㄨㄟ ㄏㄨㄚˋ	工業工程	1	11	absent			-7.354194117		倉儲/規劃	2.40585941	倉儲/規劃	2.40585941	倉儲規劃	倉儲規劃	倉儲/規劃	倉儲/規劃	False	True	1		phrase.industrial-engineering.tsv	10	
倉嶋千百合	ㄘㄤ ㄉㄠˇ ㄑㄧㄢ ㄅㄞˇ ㄏㄜˊ	動漫	1	14	absent			-7.354194117						倉導千百合	倉嶋千百合	倉/導/千/百合	倉嶋千百合	True	True	1		phrase.anime.tsv	224	
倉持洋一	ㄘㄤ ㄔˊ ㄧㄤˊ ㄧ	動漫	1	11	absent			-7.354194117						倉持陽一	倉持洋一	倉/持/陽/一	倉持洋一	True	True	1		phrase.anime.tsv	225	
個人申請	ㄍㄜˋ ㄖㄣˊ ㄕㄣ ㄑㄧㄥˇ	一般	1	30	absent			-7.354194117		個人/申請	0.259523741	個人/申請	0.259523741	個人申請	個人申請	個人/申請	個人/申請	False	True	1		phrase.general.tsv	8	
個別化	ㄍㄜˋ ㄅㄧㄝˊ ㄏㄨㄚˋ	教育	1	14	absent			-7.354194117						個別化	個別化	個別/化	個別/化	False	True	1		phrase.education.tsv	5	
個別化教學	ㄍㄜˋ ㄅㄧㄝˊ ㄏㄨㄚˋ ㄐㄧㄠ ㄒㄩㄝˊ	教育	1	4	absent			-7.354194117						個別化教學	個別化教學	個別/化/教學	個別化教學	False	True	1		phrase.education.tsv	6	
倒文	ㄉㄠˋ ㄨㄣˊ	中文	1	12	absent	悼文	-7.053164122	-7.354194117	-0.301029996			悼文	-0.301029996	到文	到文	到/文	到/文	False	False	2	悼文	phrase.chinese.tsv	18	
借代	ㄐㄧㄝˋ ㄉㄞˋ	中文	1	11	absent	借貸	-5.362968042	-7.354194117	-1.991226076			借貸	-1.991226076	借貸	借貸	借貸	借貸	False	False	2	借貸	phrase.chinese.tsv	19	
借喻	ㄐㄧㄝˋ ㄩˋ	中文	1	11	absent			-7.354194117						借喻	借喻	借/喻	借/喻	False	True	1		phrase.chinese.tsv	20	
借物	ㄐㄧㄝˋ ㄨˋ	動漫	1	22	absent			-7.354194117						借物	借物	借/物	借/物	False	True	1		phrase.anime.tsv	227	
借物少女	ㄐㄧㄝˋ ㄨˋ ㄕㄠˋ ㄋㄩˇ	動漫	1	21	absent			-7.354194117						借物少女	借物少女	借/物/少女	借物少女	False	True	1		phrase.anime.tsv	228	
借貸法則	ㄐㄧㄝˋ ㄉㄞˋ ㄈㄚˇ ㄗㄜˊ	財會金融	1	10	absent			-7.354194117		借貸/法則	2.832768343	借貸/法則	2.832768343	借貸法則	借貸法則	借貸/法則	借貸/法則	False	True	1		phrase.finance.tsv	14	
假設檢定	ㄐㄧㄚˇ ㄕㄜˋ ㄐㄧㄢˇ ㄉㄧㄥˋ	工業工程	1	11	absent			-7.354194117		假設/檢定	2.513655199	假設/檢定	2.513655199	假設檢定	假設檢定	假設/檢定	假設/檢定	False	True	1		phrase.industrial-engineering.tsv	11	
假設複句	ㄐㄧㄚˇ ㄕㄜˋ ㄈㄨˋ ㄐㄩˋ	中文	1	11	absent			-7.354194117		假設/複句	2.715475294	假設/複句	2.715475294	假設複句	假設複句	假設/複句	假設/複句	False	True	1		phrase.chinese.tsv	21	
偏好最佳化	ㄆㄧㄢ ㄏㄠˋ ㄗㄨㄟˋ ㄐㄧㄚ ㄏㄨㄚˋ	AI資料科學	1	4	absent			-7.354194117		偏好/最佳化	3.161570917	偏好/最佳化	3.161570917	偏好最佳化	偏好最佳化	偏好/最佳化	偏好/最佳化	False	True	1		phrase.ai-data-science.tsv	15	
偏差行為	ㄆㄧㄢ ㄔㄚ ㄒㄧㄥˊ ㄨㄟˊ	心理社會	1	10	absent			-7.354194117		偏差/行為	1.9090291	偏差/行為	1.9090291	偏差行為	偏差行為	偏差/行為	偏差/行為	False	True	1		phrase.psychology-society.tsv	10	
偏正複句	ㄆㄧㄢ ㄓㄥˋ ㄈㄨˋ ㄐㄩˋ	中文	1	11	absent			-7.354194117						偏正複句	偏正複句	偏/正/複句	偏正複句	False	True	1		phrase.chinese.tsv	22	
偏正複詞	ㄆㄧㄢ ㄓㄥˋ ㄈㄨˋ ㄘˊ	中文	1	11	absent			-7.354194117						偏正副詞	偏正複詞	偏/正/副詞	偏正複詞	True	True	1		phrase.chinese.tsv	23	
偏義複詞	ㄆㄧㄢ ㄧˋ ㄈㄨˋ ㄘˊ	中文	1	11	absent			-7.354194117						偏一副詞	偏義複詞	偏/一/副詞	偏義複詞	True	True	1		phrase.chinese.tsv	24	
偏誤分析	ㄆㄧㄢ ㄨˋ ㄈㄣ ㄒㄧ	AI資料科學	1	15	absent			-7.354194117						偏誤分析	偏誤分析	偏/誤/分析	偏誤分析	False	True	1		phrase.ai-data-science.tsv	17	
健康心理學	ㄐㄧㄢˋ ㄎㄤ ㄒㄧㄣ ㄌㄧˇ ㄒㄩㄝˊ	心理社會	1	5	absent			-7.354194117		健康/心理學	1.820020732	健康/心理學	1.820020732	健康心理學	健康心理學	健康/心理學	健康/心理學	False	True	1		phrase.psychology-society.tsv	11	
健康與體育	ㄐㄧㄢˋ ㄎㄤ ㄩˇ ㄊㄧˇ ㄩˋ	教育	1	9	absent			-7.354194117						健康與體育	健康與體育	健康/與/體育	健康與體育	False	True	1		phrase.education.tsv	7	
側索	ㄘㄜˋ ㄙㄨㄛˇ	醫學	1	10	absent	廁所	-4.968587844	-7.354194117	-2.385606274			廁所	-2.385606274	廁所	廁所	廁所	廁所	False	False	2	廁所	phrase.medicine.tsv	24	
偵測回應	ㄓㄣ ㄘㄜˋ ㄏㄨㄟˊ ㄧㄥˋ	網路資安	1	13	absent			-7.354194117		偵測/回應	2.161141907	偵測/回應	2.161141907	偵測回應	偵測回應	偵測/回應	偵測/回應	False	True	1		phrase.network-security.tsv	22	
偶像大師	ㄡˇ ㄒㄧㄤˋ ㄉㄚˋ ㄕ	動漫	1	22	absent			-7.354194117		偶像/大師	2.177477924	偶像/大師	2.177477924	偶像大師	偶像大師	偶像/大師	偶像大師	False	True	1		phrase.anime.tsv	231	
偽造文書罪	ㄨㄟˋ ㄗㄠˋ ㄨㄣˊ ㄕㄨ ㄗㄨㄟˋ	法律	1	3	absent			-7.354194117						偽造文書最	偽造文書罪	偽造文書/最	偽造文書罪	True	True	1		phrase.law.tsv	22	
傑圖亞	ㄐㄧㄝˊ ㄊㄨˊ ㄧㄚˇ	動漫	1	13	absent			-7.354194117						截圖亞	傑圖亞	截/圖/亞	傑圖亞	True	True	1		phrase.anime.tsv	232	
傑特布萊克	ㄐㄧㄝˊ ㄊㄜˋ ㄅㄨˋ ㄌㄞˊ ㄎㄜˋ	動漫	1	17	absent			-7.354194117						截特不來客	傑特布萊克	截/特/不來/客	傑特布萊克	True	True	1		phrase.anime.tsv	233	
傑瑞米亞	ㄐㄧㄝˊ ㄖㄨㄟˋ ㄇㄧˇ ㄧㄚˇ	動漫	1	12	absent			-7.354194117						截瑞米亞	傑瑞米亞	截/瑞/米/亞	傑瑞米亞	True	True	1		phrase.anime.tsv	234	
傑諾斯	ㄐㄧㄝˊ ㄋㄨㄛˋ ㄙ	動漫	1	20	absent			-7.354194117						截諾司	傑諾斯	截/諾/司	傑諾斯	True	True	1		phrase.anime.tsv	235	
備品管理	ㄅㄟˋ ㄆㄧㄣˇ ㄍㄨㄢˇ ㄌㄧˇ	製造機械	1	16	absent			-7.354194117		備品/管理	3.728881666	備品/管理	3.728881666	被品管理	備品管理	被/品/管理	備品管理	True	True	1		phrase.manufacturing.tsv	8	
備轉容量	ㄅㄟˋ ㄓㄨㄢˇ ㄖㄨㄥˊ ㄌㄧㄤˋ	環境能源	1	12	absent			-7.354194117						被轉容量	備轉容量	被/轉/容量	備轉容量	True	True	1		phrase.energy-environment.tsv	8	
傳奇劇本	ㄔㄨㄢˊ ㄑㄧˊ ㄐㄩˋ ㄅㄣˇ	中文	1	11	absent			-7.354194117		傳奇/劇本	2.453892548	傳奇/劇本	2.453892548	船期劇本	傳奇劇本	船期/劇本	傳奇劇本	True	True	1		phrase.chinese.tsv	25	
傳導干擾	ㄔㄨㄢˊ ㄉㄠˇ ㄍㄢ ㄖㄠˇ	電子電機	1	10	absent			-7.354194117		傳導/干擾	3.325948301	傳導/干擾	3.325948301	傳導干擾	傳導干擾	傳導/干擾	傳導干擾	False	True	1		phrase.electronics.tsv	15	
傳聞法則	ㄔㄨㄢˊ ㄨㄣˊ ㄈㄚˇ ㄗㄜˊ	法律	1	10	absent			-7.354194117		傳聞/法則	2.744813173	傳聞/法則	2.744813173	傳聞法則	傳聞法則	傳聞/法則	傳聞/法則	False	True	1		phrase.law.tsv	23	
傳輸層	ㄔㄨㄢˊ ㄕㄨ ㄘㄥˊ	晶片半導體	1	10	absent			-7.354194117						傳輸層	傳輸層	傳輸/層	傳輸/層	False	True	1		phrase.semiconductor.tsv	9	
傳遞函數	ㄔㄨㄢˊ ㄉㄧˋ ㄏㄢˊ ㄕㄨˋ	電子電機	1	11	absent			-7.354194117		傳遞/函數	2.958256472	傳遞/函數	2.958256472	傳遞函數	傳遞函數	傳遞/函數	傳遞函數	False	True	1		phrase.electronics.tsv	16	
傳遞現象	ㄔㄨㄢˊ ㄉㄧˋ ㄒㄧㄢˋ ㄒㄧㄤˋ	材料化工	1	11	absent			-7.354194117		傳遞/現象	1.562079204	傳遞/現象	1.562079204	傳遞現象	傳遞現象	傳遞/現象	傳遞現象	False	True	1		phrase.materials-chemistry.tsv	4	
債券市場	ㄓㄞˋ ㄑㄩㄢˋ ㄕˋ ㄔㄤˇ	財會金融	1	11	absent			-7.354194117		債券/市場	1.247804653	債券/市場	1.247804653	債券市場	債券市場	債券/市場	債券/市場	False	True	1		phrase.finance.tsv	15	
債務不履行	ㄓㄞˋ ㄨˋ ㄅㄨˋ ㄌㄩˇ ㄒㄧㄥˊ	法律	1	4	absent			-7.354194117						債務不履行	債務不履行	債務/不/履行	債務不履行	False	True	1		phrase.law.tsv	24	
債務承擔	ㄓㄞˋ ㄨˋ ㄔㄥˊ ㄉㄢ	法律	1	11	absent			-7.354194117		債務/承擔	2.50416086	債務/承擔	2.50416086	債務承擔	債務承擔	債務/承擔	債務/承擔	False	True	1		phrase.law.tsv	25	
債權行為	ㄓㄞˋ ㄑㄩㄢˊ ㄒㄧㄥˊ ㄨㄟˊ	法律	1	10	absent			-7.354194117		債權/行為	2.143715075	債權/行為	2.143715075	債權行為	債權行為	債權/行為	債權/行為	False	True	1		phrase.law.tsv	26	
債權讓與	ㄓㄞˋ ㄑㄩㄢˊ ㄖㄤˋ ㄩˇ	法律	1	10	absent			-7.354194117		債權/讓與	4.496861621	債權/讓與	4.496861621	債權讓與	債權讓與	債權/讓/與	債權讓與	False	True	1		phrase.law.tsv	27	
價值主張	ㄐㄧㄚˋ ㄓˊ ㄓㄨˇ ㄓㄤ	商業	1	12	absent			-7.354194117		價值/主張	0.988586156	價值/主張	0.988586156	價值主張	價值主張	價值/主張	價值/主張	False	True	1		phrase.business.tsv	29	
價值鏈分析	ㄐㄧㄚˋ ㄓˊ ㄌㄧㄢˋ ㄈㄣ ㄒㄧ	商業	1	6	absent			-7.354194117						價值鏈分析	價值鏈分析	價值/鏈/分析	價值鏈分析	False	True	1		phrase.business.tsv	30	
價金	ㄐㄧㄚˋ ㄐㄧㄣ	公務員公文	1	11	absent			-7.354194117						價金	價金	價/金	價/金	False	True	1		phrase.government.tsv	10	
儀表放大器	ㄧˊ ㄅㄧㄠˇ ㄈㄤˋ ㄉㄚˋ ㄑㄧˋ	電子電機	1	2	absent			-7.354194117		儀表/放大器	5.429914831	儀表/放大器	5.429914831	儀表放大器	儀表放大器	儀表/放大器	儀表/放大器	False	True	1		phrase.electronics.tsv	17	
優娜	ㄧㄡ ㄋㄚˋ	動漫	1	20	absent			-7.354194117						優那	優那	優/那	優/那	False	False	1		phrase.anime.tsv	237	
優效性試驗	ㄧㄡ ㄒㄧㄠˋ ㄒㄧㄥˋ ㄕˋ ㄧㄢˋ	生技藥學	1	5	absent			-7.354194117						優效性試驗	優效性試驗	優/效/性/試驗	優效性試驗	False	True	1		phrase.biotech-pharma.tsv	7	
儲位管理	ㄔㄨˊ ㄨㄟˋ ㄍㄨㄢˇ ㄌㄧˇ	交通物流	1	12	absent			-7.354194117						除為管理	儲位管理	除/為/管理	儲位管理	True	True	1		phrase.transport-logistics.tsv	16	
儲能	ㄔㄨˇ ㄋㄥˊ	環境能源	1	12	absent			-7.354194117						處能	處能	處/能	處/能	False	False	1		phrase.energy-environment.tsv	9	
儲能系統	ㄔㄨˇ ㄋㄥˊ ㄒㄧˋ ㄊㄨㄥˇ	環境能源	1	12	absent			-7.354194117						處能系統	儲能系統	處/能/系統	儲能系統	True	True	1		phrase.energy-environment.tsv	10	
元件庫	ㄩㄢˊ ㄐㄧㄢˋ ㄎㄨˋ	媒體設計	1	10	absent			-7.354194117						原件庫	原件庫	原件/庫	原件/庫	False	False	1		phrase.media-design.tsv	12	
元首制	ㄩㄢˊ ㄕㄡˇ ㄓˋ	歷史	1	11	absent			-7.354194117						元首至	元首制	元首/至	元首制	True	True	1		phrase.history.tsv	14	
充電器校正	ㄔㄨㄥ ㄉㄧㄢˋ ㄑㄧˋ ㄐㄧㄠˋ ㄓㄥˋ	電子電機	1	2	absent			-7.354194117		充電器/校正	4.678415776	充電器/校正	4.678415776	充電器校正	充電器校正	充電器/校正	充電器/校正	False	True	1		phrase.electronics.tsv	19	
充電器模擬	ㄔㄨㄥ ㄉㄧㄢˋ ㄑㄧˋ ㄇㄛˊ ㄋㄧˇ	電子電機	1	3	absent			-7.354194117		充電器/模擬	3.98386611	充電器/模擬	3.98386611	充電器模擬	充電器模擬	充電器/模擬	充電器/模擬	False	True	1		phrase.electronics.tsv	20	
充電器設計	ㄔㄨㄥ ㄉㄧㄢˋ ㄑㄧˋ ㄕㄜˋ ㄐㄧˋ	電子電機	1	5	absent			-7.354194117		充電器/設計	2.888870762	充電器/設計	2.888870762	充電器設計	充電器設計	充電器/設計	充電器/設計	False	True	1		phrase.electronics.tsv	21	
充電器量測	ㄔㄨㄥ ㄉㄧㄢˋ ㄑㄧˋ ㄌㄧㄤˊ ㄘㄜˋ	電子電機	1	2	absent			-7.354194117		充電器/量測	4.769862893	充電器/量測	4.769862893	充電器量測	充電器量測	充電器/量測	充電器/量測	False	True	1		phrase.electronics.tsv	22	
充電器除錯	ㄔㄨㄥ ㄉㄧㄢˋ ㄑㄧˋ ㄔㄨˊ ㄘㄨㄛˋ	電子電機	1	2	absent			-7.354194117		充電器/除錯	5.462099515	充電器/除錯	5.462099515	充電器除錯	充電器除錯	充電器/除錯	充電器/除錯	False	True	1		phrase.electronics.tsv	23	
充電器驗證	ㄔㄨㄥ ㄉㄧㄢˋ ㄑㄧˋ ㄧㄢˋ ㄓㄥˋ	電子電機	1	2	absent			-7.354194117		充電器/驗證	4.297289266	充電器/驗證	4.297289266	充電器驗證	充電器驗證	充電器/驗證	充電器/驗證	False	True	1		phrase.electronics.tsv	24	
先到期先出	ㄒㄧㄢ ㄉㄠˋ ㄑㄧ ㄒㄧㄢ ㄔㄨ	交通物流	1	3	absent			-7.354194117						先到七先出	先到期先出	先/到/七/先/出	先到期先出	True	True	1		phrase.transport-logistics.tsv	17	
先導化合物	ㄒㄧㄢ ㄉㄠˇ ㄏㄨㄚˋ ㄏㄜˊ ㄨˋ	生技藥學	1	3	absent			-7.354194117		先導/化合物	3.38296467	先導/化合物	3.38296467	先導化合物	先導化合物	先導/化合物	先導/化合物	False	True	1		phrase.biotech-pharma.tsv	9	
先島光	ㄒㄧㄢ ㄉㄠˇ ㄍㄨㄤ	動漫	1	18	absent			-7.354194117						先導光	先導光	先導/光	先導/光	False	False	1		phrase.anime.tsv	240	
先進製程	ㄒㄧㄢ ㄐㄧㄣˋ ㄓˋ ㄔㄥˊ	一般	1	22	absent			-7.354194117		先進/製成	2.368022751	先進/製成	2.368022751	先進製程	先進製程	先進/製程	先進/製程	False	True	1		phrase.general.tsv	12	
光二極體	ㄍㄨㄤ ㄦˋ ㄐㄧˊ ㄊㄧˇ	電子電機	1	12	absent			-7.354194117						光二極體	光二極體	光/二極體	光/二極體	False	True	1		phrase.electronics.tsv	25	
光學顯微鏡	ㄍㄨㄤ ㄒㄩㄝˊ ㄒㄧㄢˇ ㄨㄟˊ ㄐㄧㄥˋ	材料化工	1	3	absent			-7.354194117		光學/顯微鏡	3.729087542	光學/顯微鏡	3.729087542	光學顯微鏡	光學顯微鏡	光學/顯微鏡	光學/顯微鏡	False	True	1		phrase.materials-chemistry.tsv	5	
光秀	ㄍㄨㄤ ㄒㄧㄡˋ	動漫	1	14	absent			-7.354194117						光秀	光秀	光/秀	光/秀	False	True	1		phrase.anime.tsv	241	
光罩	ㄍㄨㄤ ㄓㄠˋ	晶片半導體	1	14	absent	光照	-5.939220769	-7.354194117	-1.414973348			光照	-1.414973348	光罩	光罩	光/罩	光/罩	False	True	2	光照	phrase.semiconductor.tsv	12	
光耦合器	ㄍㄨㄤ ㄡˇ ㄏㄜˊ ㄑㄧˋ	電子電機	1	12	absent			-7.354194117						光耦合器	光耦合器	光/耦合/器	光耦合器	False	True	1		phrase.electronics.tsv	26	
光電工程	ㄍㄨㄤ ㄉㄧㄢˋ ㄍㄨㄥ ㄔㄥˊ	電子電機	1	11	absent			-7.354194117		光電/工程	1.95985803	光電/工程	1.95985803	光電工程	光電工程	光電/工程	光電/工程	False	True	1		phrase.electronics.tsv	27	
光電材料	ㄍㄨㄤ ㄉㄧㄢˋ ㄘㄞˊ ㄌㄧㄠˋ	材料化工	1	10	absent			-7.354194117		光電/材料	2.466756873	光電/材料	2.466756873	光電材料	光電材料	光電/材料	光電/材料	False	True	1		phrase.materials-chemistry.tsv	6	
克努特	ㄎㄜˋ ㄋㄨˇ ㄊㄜˋ	動漫	1	15	absent			-7.354194117						客努特	克努特	客/努/特	克努特	True	True	1		phrase.anime.tsv	242	
克勞迪亞	ㄎㄜˋ ㄌㄠˊ ㄉㄧˊ ㄧㄚˇ	動漫	1	17	absent			-7.354194117						客勞的亞	克勞迪亞	客/勞/的/亞	克勞迪亞	True	True	1		phrase.anime.tsv	243	
克希荷夫	ㄎㄜˋ ㄒㄧ ㄏㄜˊ ㄈㄨ	電子電機	1	12	absent			-7.354194117						客溪河不	克希荷夫	客/溪河/不	克希荷夫	True	True	1		phrase.electronics.tsv	28	
克彥	ㄎㄜˋ ㄧㄢˋ	動漫	1	15	absent			-7.354194117						客驗	客驗	客/驗	客/驗	False	False	1		phrase.anime.tsv	244	
克林	ㄎㄜˋ ㄌㄧㄣˊ	動漫	1	17	absent			-7.354194117						客林	客林	客/林	客/林	False	False	1		phrase.anime.tsv	246	
克洛伊	ㄎㄜˋ ㄌㄨㄛˋ ㄧ	動漫	1	13	absent			-7.354194117						客落一	克洛伊	客/落/一	克洛伊	True	True	1		phrase.anime.tsv	247	
克洛迪娜	ㄎㄜˋ ㄌㄨㄛˋ ㄉㄧˊ ㄋㄚˋ	動漫	1	12	absent			-7.354194117						客落的那	克洛迪娜	客/落/的/那	克洛迪娜	True	True	1		phrase.anime.tsv	248	
克羅姆	ㄎㄜˋ ㄌㄨㄛˊ ㄇㄨˇ	動漫	1	13	absent			-7.354194117						客羅母	克羅姆	客/羅/母	克羅姆	True	True	1		phrase.anime.tsv	249	
克羅涅	ㄎㄜˋ ㄌㄨㄛˊ ㄋㄧㄝˋ	動漫	1	13	absent			-7.354194117						客羅業	克羅涅	客/羅/業	克羅涅	True	True	1		phrase.anime.tsv	250	
克萊	ㄎㄜˋ ㄌㄞˊ	動漫	1	20	absent			-7.354194117						客來	客來	客/來	客/來	False	False	1		phrase.anime.tsv	251	
克萊因	ㄎㄜˋ ㄌㄞˊ ㄧㄣ	動漫	1	18	absent			-7.354194117						客來因	克萊因	客/來/因	克萊因	True	True	1		phrase.anime.tsv	252	
克蕾雅	ㄎㄜˋ ㄌㄟˇ ㄧㄚˇ	動漫	1	11	absent			-7.354194117						客累亞	克蕾雅	客/累/亞	克蕾雅	True	True	1		phrase.anime.tsv	253	
克里夫	ㄎㄜˋ ㄌㄧˇ ㄈㄨ	動漫	1	13	absent			-7.354194117						克里不	克里夫	克里/不	克里夫	True	True	1		phrase.anime.tsv	254	
克雷佛塞特	ㄎㄜˋ ㄌㄟˊ ㄈㄛˊ ㄙㄜˋ ㄊㄜˋ	動漫	1	13	absent			-7.354194117						客雷佛色特	克雷佛塞特	客/雷/佛/色/特	克雷佛塞特	True	True	1		phrase.anime.tsv	255	
克雷夫	ㄎㄜˋ ㄌㄟˊ ㄈㄨ	動漫	1	11	absent			-7.354194117						客雷不	克雷夫	客/雷/不	克雷夫	True	True	1		phrase.anime.tsv	256	
克魯斯克爾	ㄎㄜˋ ㄌㄨˇ ㄙ ㄎㄜˋ ㄦˇ	軟體科學	1	4	absent			-7.354194117						客魯斯克爾	克魯斯克爾	客/魯/斯/克爾	克魯斯克爾	True	True	1		phrase.software.tsv	10	
克魯茲威巴	ㄎㄜˋ ㄌㄨˇ ㄗ ㄨㄟ ㄅㄚ	動漫	1	13	absent			-7.354194117						客魯資威八	克魯茲威巴	客/魯/資/威/八	克魯茲威巴	True	True	1		phrase.anime.tsv	257	
免運	ㄇㄧㄢˇ ㄩㄣˋ	一般	1	32	absent			-7.354194117						免運	免運	免/運	免/運	False	True	1		phrase.general.tsv	13	
兒島弘道	ㄦˊ ㄉㄠˇ ㄏㄨㄥˊ ㄉㄠˋ	動漫	1	15	absent			-7.354194117						而導紅到	兒島弘道	而/導/紅/到	兒島弘道	True	True	1		phrase.anime.tsv	258	
入侵指標	ㄖㄨˋ ㄑㄧㄣ ㄓˇ ㄅㄧㄠ	網路資安	1	11	absent			-7.354194117		入侵/指標	2.152152858	入侵/指標	2.152152858	入侵指標	入侵指標	入侵/指標	入侵指標	False	True	1		phrase.network-security.tsv	26	
入滲設施	ㄖㄨˋ ㄕㄣˋ ㄕㄜˋ ㄕ	建築土木	1	10	absent			-7.354194117		入滲/設施	3.821694531	入滲/設施	3.821694531	入滲設施	入滲設施	入滲/設施	入滲設施	False	True	1		phrase.civil-engineering.tsv	8	
內固定術	ㄋㄟˋ ㄍㄨˋ ㄉㄧㄥˋ ㄕㄨˋ	醫學	1	11	absent			-7.354194117						內固定術	內固定術	內/固定/術	內固定術	False	True	1		phrase.medicine.tsv	29	
內圓磨削	ㄋㄟˋ ㄩㄢˊ ㄇㄛˊ ㄒㄩㄝ	製造機械	1	13	absent			-7.354194117						內員模薛	內圓磨削	內/員/模/薛	內圓磨削	True	True	1		phrase.manufacturing.tsv	9	
內在動機	ㄋㄟˋ ㄗㄞˋ ㄉㄨㄥˋ ㄐㄧ	教育	1	11	absent			-7.354194117		內在/動機	2.146802139	內在/動機	2.146802139	內在動機	內在動機	內在/動機	內在動機	False	True	1		phrase.education.tsv	8	
內容效度	ㄋㄟˋ ㄖㄨㄥˊ ㄒㄧㄠˋ ㄉㄨˋ	教育	1	12	absent			-7.354194117						內容效度	內容效度	內容/效/度	內容效度	False	True	1		phrase.education.tsv	9	
內容行銷	ㄋㄟˋ ㄖㄨㄥˊ ㄒㄧㄥˊ ㄒㄧㄠ	商業	1	12	absent			-7.354194117		內容/行銷	0.906036499	內容/行銷	0.906036499	內容行銷	內容行銷	內容/行銷	內容/行銷	False	True	1		phrase.business.tsv	31	
內控	ㄋㄟˋ ㄎㄨㄥˋ	心理社會	1	13	absent			-7.354194117						內控	內控	內/控	內/控	False	True	1		phrase.psychology-society.tsv	12	
內海將	ㄋㄟˋ ㄏㄞˇ ㄐㄧㄤ	動漫	1	14	absent			-7.354194117						內海將	內海將	內海/將	內海將	False	True	1		phrase.anime.tsv	259	
內藤鈴	ㄋㄟˋ ㄊㄥˊ ㄌㄧㄥˊ	動漫	1	19	absent			-7.354194117						內騰靈	內藤鈴	內/騰/靈	內藤鈴	True	True	1		phrase.anime.tsv	260	
內視鏡止血	ㄋㄟˋ ㄕˋ ㄐㄧㄥˋ ㄓˇ ㄒㄧㄝˇ	醫學	1	3	absent			-7.354194117		內視鏡/止血	4.464892415	內視鏡/止血	4.464892415	內視鏡止血	內視鏡止血	內視鏡/止血	內視鏡/止血	False	True	1		phrase.medicine.tsv	32	
內質網	ㄋㄟˋ ㄓˋ ㄨㄤˇ	科學	1	13	absent			-7.354194117						內至網	內質網	內/至/網	內質網	True	True	1		phrase.science.tsv	7	
內部報酬率	ㄋㄟˋ ㄅㄨˋ ㄅㄠˋ ㄔㄡˊ ㄌㄩˋ	財會金融	1	4	absent			-7.354194117		內部/報酬率	2.588935468	內部/報酬率	2.588935468	內部報酬率	內部報酬率	內部/報酬率	內部/報酬率	False	True	1		phrase.finance.tsv	16	
內部批判	ㄋㄟˋ ㄅㄨˋ ㄆㄧ ㄆㄢˋ	歷史	1	11	absent			-7.354194117		內部/批判	1.7371214	內部/批判	1.7371214	內部批判	內部批判	內部/批判	內部/批判	False	True	1		phrase.history.tsv	15	
內部控制	ㄋㄟˋ ㄅㄨˋ ㄎㄨㄥˋ ㄓˋ	商業	1	12	absent			-7.354194117		內部/控制	1.121125631	內部/控制	1.121125631	內部控制	內部控制	內部/控制	內部/控制	False	True	1		phrase.business.tsv	32	
內部稽核	ㄋㄟˋ ㄅㄨˋ ㄐㄧ ㄏㄜˊ	商業	1	11	absent			-7.354194117		內部/稽核	2.613294814	內部/稽核	2.613294814	內部稽核	內部稽核	內部/稽核	內部/稽核	False	True	1		phrase.business.tsv	33	
內閣制度	ㄋㄟˋ ㄍㄜˊ ㄓˋ ㄉㄨˋ	歷史	1	10	absent			-7.354194117		內閣/制度	1.302687355	內閣/制度	1.302687355	內閣制度	內閣制度	內閣/制度	內閣制度	False	True	1		phrase.history.tsv	16	
全基因體	ㄑㄩㄢˊ ㄐㄧ ㄧㄣ ㄊㄧˇ	生技藥學	1	13	absent			-7.354194117						全基因體	全基因體	全/基因體	全基因體	False	True	1		phrase.biotech-pharma.tsv	11	
全橋轉換器	ㄑㄩㄢˊ ㄑㄧㄠˊ ㄓㄨㄢˇ ㄏㄨㄢˋ ㄑㄧˋ	電子電機	1	6	absent			-7.354194117						全橋轉換器	全橋轉換器	全/橋/轉換器	全橋轉換器	False	True	1		phrase.electronics.tsv	29	
全清	ㄑㄩㄢˊ ㄑㄧㄥ	中文	1	13	absent			-7.354194117						全清	全清	全/清	全/清	False	True	1		phrase.chinese.tsv	26	
全濁	ㄑㄩㄢˊ ㄓㄨㄛˊ	中文	1	13	absent			-7.354194117						全濁	全濁	全/濁	全/濁	False	True	1	銓擢	phrase.chinese.tsv	27	
全球史	ㄑㄩㄢˊ ㄑㄧㄡˊ ㄕˇ	歷史	1	12	absent			-7.354194117						全球史	全球史	全球/史	全球/史	False	True	1		phrase.history.tsv	17	
全球素養	ㄑㄩㄢˊ ㄑㄧㄡˊ ㄙㄨˋ ㄧㄤˇ	教育	1	12	absent			-7.354194117		全球/素養	1.898851247	全球/素養	1.898851247	全球素養	全球素養	全球/素養	全球/素養	False	True	1		phrase.education.tsv	10	
全站儀測量	ㄑㄩㄢˊ ㄓㄢˋ ㄧˊ ㄘㄜˋ ㄌㄧㄤˊ	建築土木	1	6	absent			-7.354194117						全站一測量	全站儀測量	全/站/一/測量	全站儀測量	True	True	1		phrase.civil-engineering.tsv	9	
全英語教學	ㄑㄩㄢˊ ㄧㄥ ㄩˇ ㄐㄧㄠ ㄒㄩㄝˊ	教育	1	6	absent			-7.354194117						全英語教學	全英語教學	全/英語/教學	全英語教學	False	True	1		phrase.education.tsv	11	
全集中	ㄑㄩㄢˊ ㄐㄧˊ ㄓㄨㄥ	動漫	1	16	absent			-7.354194117						全集中	全集中	全/集中	全/集中	False	True	1		phrase.anime.tsv	261	
兩儀式	ㄌㄧㄤˇ ㄧˊ ㄕˋ	動漫	1	20	absent			-7.354194117						兩儀式	兩儀式	兩/儀式	兩/儀式	False	True	1		phrase.anime.tsv	262	
兩極體系	ㄌㄧㄤˇ ㄐㄧˊ ㄊㄧˇ ㄒㄧˋ	歷史	1	10	absent			-7.354194117		兩極/體系	2.497598133	兩極/體系	2.497598133	兩極體系	兩極體系	兩極/體系	兩極體系	False	True	1		phrase.history.tsv	18	
兩步驟驗證	ㄌㄧㄤˇ ㄅㄨˋ ㄓㄡˋ ㄧㄢˋ ㄓㄥˋ	一般	1	8	absent			-7.354194117						兩部宙驗證	兩步驟驗證	兩部/宙/驗證	兩步驟驗證	True	True	1		phrase.general.tsv	14	
兩津勘吉	ㄌㄧㄤˇ ㄐㄧㄣ ㄎㄢ ㄐㄧˊ	動漫	1	24	0			-7.354194117						兩今看及	兩津勘吉	兩/今/看/及	兩津勘吉	True	True	1		phrase.anime.tsv	263	
兩稅法	ㄌㄧㄤˇ ㄕㄨㄟˋ ㄈㄚˇ	歷史	1	13	absent			-7.354194117						兩稅法	兩稅法	兩/稅法	兩稅法	False	True	1		phrase.history.tsv	19	
兩面宿儺	ㄌㄧㄤˇ ㄇㄧㄢˋ ㄙㄨˋ ㄋㄨㄛˊ	動漫	1	15	absent			-7.354194117						兩面速那	兩面宿儺	兩/面/速/那	兩面宿儺	True	True	1		phrase.anime.tsv	264	
八九寺真宵	ㄅㄚ ㄐㄧㄡˇ ㄙˋ ㄓㄣ ㄒㄧㄠ	動漫	1	16	absent			-7.354194117						八九四真消	八九寺真宵	八/九四/真/消	八九寺真宵	True	True	1		phrase.anime.tsv	265	
八奈見杏菜	ㄅㄚ ㄋㄞˋ ㄐㄧㄢˋ ㄒㄧㄥˋ ㄘㄞˋ	動漫	1	17	absent			-7.354194117						八耐建性菜	八奈見杏菜	八/耐/建/性/菜	八奈見杏菜	True	True	1		phrase.anime.tsv	266	
八尋寧寧	ㄅㄚ ㄒㄩㄣˊ ㄋㄧㄥˊ ㄋㄧㄥˊ	動漫	1	17	absent			-7.354194117						八尋寧寧	八尋寧寧	八/尋/寧/寧	八尋寧寧	False	True	1		phrase.anime.tsv	267	
八王子直人	ㄅㄚ ㄨㄤˊ ㄗˇ ㄓˊ ㄖㄣˊ	動漫	1	15	absent			-7.354194117						八王子直人	八王子直人	八/王子/直/人	八王子直人	False	True	1		phrase.anime.tsv	268	
八神光	ㄅㄚ ㄕㄣˊ ㄍㄨㄤ	動漫	1	15	absent			-7.354194117						八什光	八神光	八/什/光	八神光	True	True	1		phrase.anime.tsv	269	
八神太一	ㄅㄚ ㄕㄣˊ ㄊㄞˋ ㄧ	動漫	1	22	absent			-7.354194117						八神態一	八神太一	八/神態/一	八神太一	True	True	1		phrase.anime.tsv	270	
八神疾風	ㄅㄚ ㄕㄣˊ ㄐㄧˊ ㄈㄥ	動漫	1	14	absent			-7.354194117						八什疾風	八神疾風	八/什/疾風	八神疾風	True	True	1		phrase.anime.tsv	271	
八聲	ㄅㄚ ㄕㄥ	中文	1	12	absent			-7.354194117						八生	八生	八/生	八/生	False	False	1		phrase.chinese.tsv	28	
八軒勇吾	ㄅㄚ ㄒㄩㄢ ㄩㄥˇ ㄨˊ	動漫	1	20	absent			-7.354194117						八宣永無	八軒勇吾	八/宣/永/無	八軒勇吾	True	True	1		phrase.anime.tsv	272	
公共史學	ㄍㄨㄥ ㄍㄨㄥˋ ㄕˇ ㄒㄩㄝˊ	歷史	1	12	absent			-7.354194117		公共/史學	1.827091618	公共/史學	1.827091618	公共史學	公共史學	公共/史學	公共/史學	False	True	1		phrase.history.tsv	20	
公共議題	ㄍㄨㄥ ㄍㄨㄥˋ ㄧˋ ㄊㄧˊ	心理社會	1	12	absent			-7.354194117		公共/議題	0.805763545	公共/議題	0.805763545	公共議題	公共議題	公共/議題	公共/議題	False	True	1		phrase.psychology-society.tsv	13	
公同共有	ㄍㄨㄥ ㄊㄨㄥˊ ㄍㄨㄥˋ ㄧㄡˇ	法律	1	13	absent			-7.354194117						工同共有	公同共有	工/同/共有	公同共有	True	True	1		phrase.law.tsv	28	
公安九課	ㄍㄨㄥ ㄢ ㄐㄧㄡˇ ㄎㄜˋ	動漫	1	13	absent			-7.354194117						工安九客	公安九課	工/安/九/客	公安九課	True	True	1		phrase.anime.tsv	273	
公差堆疊	ㄍㄨㄥ ㄔㄞ ㄉㄨㄟ ㄉㄧㄝˊ	製造機械	1	9	absent			-7.354194117		公差/堆疊	4.76312951	公差/堆疊	4.76312951	公差堆疊	公差堆疊	公差/堆疊	公差/堆疊	False	True	1		phrase.manufacturing.tsv	11	
公差配合	ㄍㄨㄥ ㄔㄞ ㄆㄟˋ ㄏㄜˊ	製造機械	1	10	absent			-7.354194117		公差/配合	2.929557453	公差/配合	2.929557453	公差配合	公差配合	公差/配合	公差/配合	False	True	1		phrase.manufacturing.tsv	12	
公案小說	ㄍㄨㄥ ㄢˋ ㄒㄧㄠˇ ㄕㄨㄛ	中文	1	10	absent			-7.354194117		公案/小說	2.910243064	公案/小說	2.910243064	工案小說	公案小說	工/案/小說	公案小說	True	True	1		phrase.chinese.tsv	29	
公路車	ㄍㄨㄥ ㄌㄨˋ ㄔㄜ	動漫	1	12	absent			-7.354194117						公路車	公路車	公路/車	公路/車	False	True	1		phrase.anime.tsv	274	
公路運輸	ㄍㄨㄥ ㄌㄨˋ ㄩㄣˋ ㄕㄨ	交通物流	1	11	absent			-7.354194117		公路/運輸	1.609295891	公路/運輸	1.609295891	公路運輸	公路運輸	公路/運輸	公路/運輸	False	True	1		phrase.transport-logistics.tsv	18	
公車系統	ㄍㄨㄥ ㄔㄜ ㄒㄧˋ ㄊㄨㄥˇ	交通物流	1	12	absent			-7.354194117		公車/系統	0.904529698	公車/系統	0.904529698	公車系統	公車系統	公車/系統	公車/系統	False	True	1		phrase.transport-logistics.tsv	20	
公開授課	ㄍㄨㄥ ㄎㄞ ㄕㄡˋ ㄎㄜˋ	教育	1	12	absent			-7.354194117		公開/授課	2.165712808	公開/授課	2.165712808	公開授課	公開授課	公開/授課	公開/授課	False	True	1		phrase.education.tsv	12	
公開金鑰	ㄍㄨㄥ ㄎㄞ ㄐㄧㄣ ㄧㄠˋ	網路資安	1	12	absent			-7.354194117		公開/金鑰	2.906075497	公開/金鑰	2.906075497	公開金鑰	公開金鑰	公開/金鑰	公開/金鑰	False	True	1		phrase.network-security.tsv	27	
六合塚彌生	ㄌㄧㄡˋ ㄏㄜˊ ㄓㄨㄥˇ ㄇㄧˊ ㄕㄥ	動漫	1	13	absent			-7.354194117						六何種迷生	六合塚彌生	六/何種/迷/生	六合塚彌生	True	True	1		phrase.anime.tsv	275	
六彌凪	ㄌㄧㄡˋ ㄇㄧˊ ㄓˇ	動漫	1	8	absent			-7.354194117						六迷只	六彌凪	六/迷/只	六彌凪	True	True	1		phrase.anime.tsv	276	
六文	ㄌㄧㄡˋ ㄨㄣˊ	動漫	1	13	absent			-7.354194117						六文	六文	六/文	六/文	False	True	1		phrase.anime.tsv	277	
六標準差	ㄌㄧㄡˋ ㄅㄧㄠ ㄓㄨㄣˇ ㄔㄚ	工業工程	1	13	absent			-7.354194117						六標準差	六標準差	六/標準差	六/標準差	False	True	1		phrase.industrial-engineering.tsv	13	
六道輪迴	ㄌㄧㄡˋ ㄉㄠˋ ㄌㄨㄣˊ ㄏㄨㄟˊ	動漫	1	17	0			-7.354194117		六道/輪迴	5.621800358	六道/輪迴	5.621800358	六到輪迴	六道輪迴	六/到/輪迴	六道輪迴	True	True	1		phrase.anime.tsv	278	
六道骸	ㄌㄧㄡˋ ㄉㄠˋ ㄏㄞˊ	動漫	1	10	absent			-7.354194117						六到還	六道骸	六/到/還	六道骸	True	True	1		phrase.anime.tsv	279	
共享機車	ㄍㄨㄥˋ ㄒㄧㄤˇ ㄐㄧ ㄔㄜ	一般	1	12	absent			-7.354194117		共享/機車	2.051568852	共享/機車	2.051568852	共享機車	共享機車	共享/機車	共享/機車	False	True	1		phrase.general.tsv	16	
共享經濟	ㄍㄨㄥˋ ㄒㄧㄤˇ ㄐㄧㄥ ㄐㄧˋ	一般	1	9	absent			-7.354194117		共享/經濟	1.008254506	共享/經濟	1.008254506	共享經濟	共享經濟	共享/經濟	共享/經濟	False	True	1		phrase.general.tsv	17	
共享運具	ㄍㄨㄥˋ ㄒㄧㄤˇ ㄩㄣˋ ㄐㄩˋ	交通物流	1	11	absent			-7.354194117						共享運具	共享運具	共享/運/具	共享運具	False	True	1		phrase.transport-logistics.tsv	21	
共同基金	ㄍㄨㄥˋ ㄊㄨㄥˊ ㄐㄧ ㄐㄧㄣ	財會金融	1	12	absent			-7.354194117		共同/基金	0.55484695	共同/基金	0.55484695	共同基金	共同基金	共同/基金	共同/基金	False	True	1		phrase.finance.tsv	17	
共同正犯	ㄍㄨㄥˋ ㄊㄨㄥˊ ㄓㄥˋ ㄈㄢˋ	法律	1	12	absent			-7.354194117						共同正犯	共同正犯	共同/正/犯	共同正犯	False	True	1		phrase.law.tsv	30	
共基極	ㄍㄨㄥˋ ㄐㄧ ㄐㄧˊ	電子電機	1	12	0			-7.354194117						共積極	共積極	共/積極	共/積極	False	False	1		phrase.electronics.tsv	30	
共射極	ㄍㄨㄥˋ ㄕㄜˋ ㄐㄧˊ	電子電機	1	12	absent			-7.354194117						共涉及	共涉及	共/涉及	共/涉及	False	False	1		phrase.electronics.tsv	31	
共晶反應	ㄍㄨㄥˋ ㄐㄧㄥ ㄈㄢˇ ㄧㄥˋ	材料化工	1	12	absent			-7.354194117						共經反應	共晶反應	共/經/反應	共晶反應	True	True	1		phrase.materials-chemistry.tsv	7	
共源極	ㄍㄨㄥˋ ㄩㄢˊ ㄐㄧˊ	電子電機	1	12	absent			-7.354194117						共源及	共源極	共/源/及	共源極	True	True	1		phrase.electronics.tsv	32	
共閘極	ㄍㄨㄥˋ ㄓㄚˊ ㄐㄧˊ	電子電機	1	12	absent			-7.354194117						共閘及	共閘極	共/閘/及	共閘極	True	True	1		phrase.electronics.tsv	33	
共集極	ㄍㄨㄥˋ ㄐㄧˊ ㄐㄧˊ	電子電機	1	12	absent			-7.354194117						共集集	共集極	共/集集	共集極	True	True	1		phrase.electronics.tsv	34	
兵役制度	ㄅㄧㄥ ㄧˋ ㄓˋ ㄉㄨˋ	歷史	1	11	absent			-7.354194117		兵役/制度	1.835186941	兵役/制度	1.835186941	兵役制度	兵役制度	兵役/制度	兵役/制度	False	True	1		phrase.history.tsv	22	
兵藤和尊	ㄅㄧㄥ ㄊㄥˊ ㄏㄜˊ ㄗㄨㄣ	動漫	1	15	absent			-7.354194117						冰騰和尊	兵藤和尊	冰/騰/和/尊	兵藤和尊	True	True	1		phrase.anime.tsv	280	
其他權益	ㄑㄧˊ ㄊㄚ ㄑㄩㄢˊ ㄧˋ	財會金融	1	12	absent			-7.354194117		其他/權益	0.603450974	其他/權益	0.603450974	其他權益	其他權益	其他/權益	其他/權益	False	True	1		phrase.finance.tsv	18	
兼語句	ㄐㄧㄢ ㄩˇ ㄐㄩˋ	中文	1	11	absent			-7.354194117						間語句	兼語句	間/語句	兼語句	True	True	1		phrase.chinese.tsv	30	
冊封體制	ㄘㄜˋ ㄈㄥ ㄊㄧˇ ㄓˋ	歷史	1	10	absent			-7.354194117		側風/體制	4.042016761	側風/體制	4.042016761	側風體制	冊封體制	側風/體制	冊封體制	True	True	1		phrase.history.tsv	23	
再借不難	ㄗㄞˋ ㄐㄧㄝˋ ㄅㄨˋ ㄋㄢˊ	動漫	1	15	0			-7.354194117		再借/不難	5.264289006	再借/不難	5.264289006	在界不難	再借不難	在/界/不難	再借不難	True	True	1		phrase.anime.tsv	281	
再審之訴	ㄗㄞˋ ㄕㄣˇ ㄓ ㄙㄨˋ	法律	1	10	absent			-7.354194117						再審之訴	再審之訴	再審/之/訴	再審之訴	False	True	1		phrase.law.tsv	31	
再現性	ㄗㄞˋ ㄒㄧㄢˋ ㄒㄧㄥˋ	工業工程	1	12	absent			-7.354194117						再現性	再現性	再現/性	再現性	False	True	1		phrase.industrial-engineering.tsv	14	
再生能源	ㄗㄞˋ ㄕㄥ ㄋㄥˊ ㄩㄢˊ	一般	1	32	absent			-7.354194117		再生/能源	1.752970949	再生/能源	1.752970949	再生能源	再生能源	再生/能源	再生能源	False	True	1		phrase.general.tsv	18	
冬彌	ㄉㄨㄥ ㄇㄧˊ	動漫	1	9	absent			-7.354194117						東迷	東迷	東/迷	東/迷	False	False	1		phrase.anime.tsv	282	
冬月梓	ㄉㄨㄥ ㄩㄝˋ ㄗˇ	動漫	1	17	absent			-7.354194117						東月子	冬月梓	東/月/子	冬月梓	True	True	1		phrase.anime.tsv	283	
冬獅郎	ㄉㄨㄥ ㄕ ㄌㄤˊ	動漫	1	10	absent			-7.354194117						東施琅	冬獅郎	東/施琅	冬獅郎	True	True	1		phrase.anime.tsv	284	
冬胺酸	ㄉㄨㄥ ㄢˋ ㄙㄨㄢ	醫學	1	12	absent			-7.354194117						東岸酸	東岸酸	東岸/酸	東岸/酸	False	False	1		phrase.medicine.tsv	35	
冰上的尤里	ㄅㄧㄥ ㄕㄤˋ ㄉㄜ˙ ㄧㄡˊ ㄌㄧˇ	動漫	1	22	absent			-7.354194117						冰上的由理	冰上的尤里	冰/上/的/由/理	冰上的尤里	True	True	1		phrase.anime.tsv	285	
冰菓	ㄅㄧㄥ ㄍㄨㄛˇ	動漫	1	24	absent			-7.354194117						冰果	冰果	冰/果	冰/果	False	False	1		phrase.anime.tsv	286	
冷鏈物流	ㄌㄥˇ ㄌㄧㄢˋ ㄨˋ ㄌㄧㄡˊ	交通物流	1	11	absent			-7.354194117						冷鏈物流	冷鏈物流	冷/鏈/物流	冷鏈物流	False	True	1		phrase.transport-logistics.tsv	22	
凍晶製劑	ㄉㄨㄥˋ ㄐㄧㄥ ㄓˋ ㄐㄧˋ	生技藥學	1	11	absent			-7.354194117						動精緻計	凍晶製劑	動/精緻/計	凍晶製劑	True	True	1		phrase.biotech-pharma.tsv	12	
凍結乾燥	ㄉㄨㄥˋ ㄐㄧㄝˊ ㄍㄢ ㄗㄠˋ	農業食品	1	14	absent			-7.354194117		凍結/乾燥	2.705677984	凍結/乾燥	2.705677984	凍結乾燥	凍結乾燥	凍結/乾燥	凍結乾燥	False	True	1		phrase.agriculture-food.tsv	3	
凝態物理	ㄋㄧㄥˊ ㄊㄞˋ ㄨˋ ㄌㄧˇ	科學	1	11	absent			-7.354194117						凝態物理	凝態物理	凝/態/物理	凝態物理	False	True	1		phrase.science.tsv	8	
凝膠電泳	ㄋㄧㄥˊ ㄐㄧㄠ ㄉㄧㄢˋ ㄩㄥˇ	生技藥學	1	11	absent			-7.354194117						凝膠電泳	凝膠電泳	凝/膠/電泳	凝膠電泳	False	True	1		phrase.biotech-pharma.tsv	13	
凝血酶原	ㄋㄧㄥˊ ㄒㄧㄝˇ ㄇㄟˊ ㄩㄢˊ	醫學	1	12	absent			-7.354194117		凝血/梅園	4.865643401	凝血/梅園	4.865643401	凝血沒員	凝血酶原	凝血/沒/員	凝血酶原	True	True	1		phrase.medicine.tsv	37	
凡爾賽體系	ㄈㄢˊ ㄦˇ ㄙㄞˋ ㄊㄧˇ ㄒㄧˋ	歷史	1	3	absent			-7.354194117		凡爾賽/體系	3.240584966	凡爾賽/體系	3.240584966	凡爾賽體系	凡爾賽體系	凡爾賽/體系	凡爾賽體系	False	True	1		phrase.history.tsv	24	
凪誠士郎	ㄓˇ ㄔㄥˊ ㄕˋ ㄌㄤˊ	動漫	1	17	absent			-7.354194117		只成/侍郎	6.053164122	只成/侍郎	6.053164122	只城市郎	凪誠士郎	只/城市/郎	凪誠士郎	True	True	1		phrase.anime.tsv	287	
凸守早苗	ㄊㄨˊ ㄕㄡˇ ㄗㄠˇ ㄇㄧㄠˊ	動漫	1	12	absent			-7.354194117						圖手早描	凸守早苗	圖/手/早/描	凸守早苗	True	True	1		phrase.anime.tsv	288	
出口智志	ㄔㄨ ㄎㄡˇ ㄓˋ ㄓˋ	動漫	1	12	absent			-7.354194117						出口至至	出口智志	出口/至/至	出口智志	True	True	1		phrase.anime.tsv	289	
出租女友	ㄔㄨ ㄗㄨ ㄋㄩˇ ㄧㄡˇ	動漫	1	12	absent			-7.354194117		出租/女友	2.852792487	出租/女友	2.852792487	出租女友	出租女友	出租/女友	出租女友	False	True	1		phrase.anime.tsv	291	
出貨檢驗	ㄔㄨ ㄏㄨㄛˋ ㄐㄧㄢˇ ㄧㄢˋ	製造機械	1	11	absent			-7.354194117		出貨/檢驗	2.480095158	出貨/檢驗	2.480095158	出貨檢驗	出貨檢驗	出貨/檢驗	出貨/檢驗	False	True	1		phrase.manufacturing.tsv	13	
出雲風子	ㄔㄨ ㄩㄣˊ ㄈㄥ ㄗ˙	動漫	1	15	absent			-7.354194117						出雲瘋子	出雲風子	出/雲/瘋子	出雲風子	True	True	1		phrase.anime.tsv	292	
函式呼叫	ㄏㄢˊ ㄕˋ ㄏㄨ ㄐㄧㄠˋ	AI資料科學	1	10	absent			-7.354194117		函式/呼叫	3.877072863	函式/呼叫	3.877072863	函式呼叫	函式呼叫	函式/呼叫	函式/呼叫	False	True	1		phrase.ai-data-science.tsv	19	
函復	ㄏㄢˊ ㄈㄨˋ	公務員公文	1	23	absent	函覆	-6.509096077	-7.354194117	-0.84509804			函覆	-0.84509804	含負	含負	含/負	含/負	False	False	2	函覆	phrase.government.tsv	16	
函知	ㄏㄢˊ ㄓ	公務員公文	1	14	absent			-7.354194117						含之	含之	含/之	含/之	False	False	1		phrase.government.tsv	17	
函轉	ㄏㄢˊ ㄓㄨㄢˇ	公務員公文	1	14	absent			-7.354194117						含轉	含轉	含/轉	含/轉	False	False	1		phrase.government.tsv	18	
刀具壽命	ㄉㄠ ㄐㄩˋ ㄕㄡˋ ㄇㄧㄥˋ	製造機械	1	9	absent			-7.354194117		刀具/壽命	4.746739094	刀具/壽命	4.746739094	刀具壽命	刀具壽命	刀具/壽命	刀具/壽命	False	True	1		phrase.manufacturing.tsv	14	
刀具磨耗	ㄉㄠ ㄐㄩˋ ㄇㄛˊ ㄏㄠˋ	製造機械	1	10	absent			-7.354194117						刀具磨耗	刀具磨耗	刀具/磨/耗	刀具磨耗	False	True	1		phrase.manufacturing.tsv	15	
刀劍神域	ㄉㄠ ㄐㄧㄢˋ ㄕㄣˊ ㄩˋ	動漫	1	26	absent			-7.354194117		刀劍/神諭	5.509096077	刀劍/神諭	5.509096077	刀建神諭	刀劍神域	刀/建/神諭	刀劍神域	True	True	1		phrase.anime.tsv	293	
刃牙	ㄖㄣˋ ㄧㄚˊ	動漫	1	21	absent			-7.354194117						認牙	認牙	認/牙	認/牙	False	False	1		phrase.anime.tsv	294	
分別共有	ㄈㄣ ㄅㄧㄝˊ ㄍㄨㄥˋ ㄧㄡˇ	法律	1	12	absent			-7.354194117		分別/共有	1.470805266	分別/共有	1.470805266	分別共有	分別共有	分別/共有	分別/共有	False	True	1		phrase.law.tsv	32	
分封制度	ㄈㄣ ㄈㄥ ㄓˋ ㄉㄨˋ	歷史	1	10	absent			-7.354194117		分封/制度	2.701648033	分封/制度	2.701648033	分封制度	分封制度	分封/制度	分封制度	False	True	1		phrase.history.tsv	25	
分層抽樣	ㄈㄣ ㄘㄥˊ ㄔㄡ ㄧㄤˋ	AI資料科學	1	10	absent			-7.354194117		分層/抽樣	4.35376004	分層/抽樣	4.35376004	分層抽樣	分層抽樣	分層/抽樣	分層/抽樣	False	True	1		phrase.ai-data-science.tsv	20	
分布體積	ㄈㄣ ㄅㄨˋ ㄊㄧˇ ㄐㄧ	生技藥學	1	11	absent			-7.354194117		分布/體積	2.627874505	分布/體積	2.627874505	分布體積	分布體積	分布/體積	分布/體積	False	True	1		phrase.biotech-pharma.tsv	14	
分散式系統	ㄈㄣ ㄙㄢˋ ㄕˋ ㄒㄧˋ ㄊㄨㄥˇ	軟體科學	1	24	absent			-7.354194117		分散式/系統	1.93425158	分散式/系統	1.93425158	分散式系統	分散式系統	分散式/系統	分散式/系統	False	True	1		phrase.software.tsv	12	
分散式能源	ㄈㄣ ㄙㄢˋ ㄕˋ ㄋㄥˊ ㄩㄢˊ	環境能源	1	3	absent			-7.354194117		分散式/能源	2.689777808	分散式/能源	2.689777808	分散式能源	分散式能源	分散式/能源	分散式/能源	False	True	1		phrase.energy-environment.tsv	11	
分流制	ㄈㄣ ㄌㄧㄡˊ ㄓˋ	建築土木	1	10	absent			-7.354194117						分流制	分流制	分流/制	分流/制	False	True	1		phrase.civil-engineering.tsv	13	
分裂互補	ㄈㄣ ㄌㄧㄝˋ ㄏㄨˋ ㄅㄨˇ	媒體設計	1	11	absent			-7.354194117		分裂/互補	3.103920531	分裂/互補	3.103920531	分裂互補	分裂互補	分裂/互補	分裂互補	False	True	1		phrase.media-design.tsv	13	
分頻	ㄈㄣ ㄆㄧㄣˊ	電子電機	1	11	absent			-7.354194117						分頻	分頻	分/頻	分/頻	False	True	1		phrase.electronics.tsv	35	
分類械鬥	ㄈㄣ ㄌㄟˋ ㄒㄧㄝˋ ㄉㄡˋ	歷史	1	11	absent			-7.354194117		分類/械鬥	3.434749907	分類/械鬥	3.434749907	分類械鬥	分類械鬥	分類/械鬥	分類械鬥	False	True	1		phrase.history.tsv	26	
分類模型	ㄈㄣ ㄌㄟˋ ㄇㄛˊ ㄒㄧㄥˊ	AI資料科學	1	15	absent			-7.354194117		分類/模型	2.034145507	分類/模型	2.034145507	分類模型	分類模型	分類/模型	分類/模型	False	True	1		phrase.ai-data-science.tsv	23	
切削加工	ㄑㄧㄝ ㄒㄧㄠ ㄐㄧㄚ ㄍㄨㄥ	製造機械	1	9	absent			-7.354194117		切削/加工	4.104751156	切削/加工	4.104751156	切削加工	切削加工	切削/加工	切削/加工	False	True	1		phrase.manufacturing.tsv	16	
切削深度	ㄑㄧㄝ ㄒㄧㄠ ㄕㄣ ㄉㄨˋ	製造機械	1	10	absent			-7.354194117		切削/深度	3.796927589	切削/深度	3.796927589	切削深度	切削深度	切削/深度	切削/深度	False	True	1		phrase.manufacturing.tsv	17	
切屑控制	ㄑㄧㄝ ㄒㄧㄝˋ ㄎㄨㄥˋ ㄓˋ	製造機械	1	13	absent			-7.354194117						切屑控制	切屑控制	切/屑/控制	切屑控制	False	True	1		phrase.manufacturing.tsv	18	
切換損耗	ㄑㄧㄝ ㄏㄨㄢˋ ㄙㄨㄣˇ ㄏㄠˋ	電子電機	1	10	absent			-7.354194117		切換/損耗	4.247663264	切換/損耗	4.247663264	切換損耗	切換損耗	切換/損耗	切換/損耗	False	True	1		phrase.electronics.tsv	36	
切除術	ㄑㄧㄝ ㄔㄨˊ ㄕㄨˋ	醫學	1	13	absent			-7.354194117						切除術	切除術	切除/術	切除/術	False	True	1		phrase.medicine.tsv	40	
切韻	ㄑㄧㄝˋ ㄩㄣˋ	中文	1	12	absent			-7.354194117						切韻	切韻	切/韻	切/韻	False	True	1		phrase.chinese.tsv	31	
刑法總則	ㄒㄧㄥˊ ㄈㄚˇ ㄗㄨㄥˇ ㄗㄜˊ	法律	1	10	absent			-7.354194117		刑法/總則	4.787167751	刑法/總則	4.787167751	刑法總則	刑法總則	刑法/總/則	刑法總則	False	True	1		phrase.law.tsv	34	
列管案件	ㄌㄧㄝˋ ㄍㄨㄢˇ ㄢˋ ㄐㄧㄢˋ	公務員公文	1	15	absent			-7.354194117		列管/案件	2.671507639	列管/案件	2.671507639	列管案件	列管案件	列管/案件	列管/案件	False	True	1		phrase.government.tsv	20	
列車控制	ㄌㄧㄝˋ ㄔㄜ ㄎㄨㄥˋ ㄓˋ	交通物流	1	11	absent			-7.354194117		列車/控制	1.840670221	列車/控制	1.840670221	列車控制	列車控制	列車/控制	列車/控制	False	True	1		phrase.transport-logistics.tsv	23	
初春飾利	ㄔㄨ ㄔㄨㄣ ㄕˋ ㄌㄧˋ	動漫	1	17	absent			-7.354194117		初春/市立	3.367422383	初春/市立	3.367422383	初春市立	初春飾利	初春/市立	初春飾利	True	True	1		phrase.anime.tsv	295	
初級市場	ㄔㄨ ㄐㄧˊ ㄕˋ ㄔㄤˇ	財會金融	1	11	absent			-7.354194117		出擊/市場	1.721291623	出擊/市場	1.721291623	初級市場	初級市場	初級/市場	初級/市場	False	True	1		phrase.finance.tsv	19	
初級社會化	ㄔㄨ ㄐㄧˊ ㄕㄜˋ ㄏㄨㄟˋ ㄏㄨㄚˋ	心理社會	1	2	absent			-7.354194117		出擊/社會化	3.807651454	出擊/社會化	3.807651454	初級社會化	初級社會化	初級/社會化	初級/社會化	False	True	1		phrase.psychology-society.tsv	14	
初級處理	ㄔㄨ ㄐㄧˊ ㄔㄨˇ ㄌㄧˇ	環境能源	1	11	absent			-7.354194117		出擊/處理	1.805878419	出擊/處理	1.805878419	初級處理	初級處理	初級/處理	初級/處理	False	True	1		phrase.energy-environment.tsv	12	
利姆路	ㄌㄧˋ ㄇㄨˇ ㄌㄨˋ	動漫	1	23	absent			-7.354194117						立母路	利姆路	立/母/路	利姆路	True	True	1		phrase.anime.tsv	296	
利根川幸雄	ㄌㄧˋ ㄍㄣ ㄔㄨㄢ ㄒㄧㄥˋ ㄒㄩㄥˊ	動漫	1	17	absent			-7.354194117						立跟穿性雄	利根川幸雄	立/跟/穿/性/雄	利根川幸雄	True	True	1		phrase.anime.tsv	297	
利率風險	ㄌㄧˋ ㄌㄩˋ ㄈㄥ ㄒㄧㄢˇ	財會金融	1	11	absent			-7.354194117		利率/風險	1.69640422	利率/風險	1.69640422	利率風險	利率風險	利率/風險	利率/風險	False	True	1		phrase.finance.tsv	21	
利迪	ㄌㄧˋ ㄉㄧˊ	動漫	1	14	absent			-7.354194117						立的	立的	立/的	立/的	False	False	1		phrase.anime.tsv	298	
到我	ㄉㄠˋ ㄨㄛˇ	動漫	1	19	absent			-7.354194117						到我	到我	到/我	到/我	False	True	1		phrase.anime.tsv	299	
到期殖利率	ㄉㄠˋ ㄑㄧˊ ㄓˊ ㄌㄧˋ ㄌㄩˋ	財會金融	1	3	absent			-7.354194117						到期殖利率	到期殖利率	到期/殖/利率	到期殖利率	False	True	1		phrase.finance.tsv	22	
制震設計	ㄓˋ ㄓㄣˋ ㄕㄜˋ ㄐㄧˋ	建築土木	1	13	absent			-7.354194117						志鎮設計	制震設計	志/鎮/設計	制震設計	True	True	1		phrase.civil-engineering.tsv	14	
刺激素	ㄘˋ ㄐㄧ ㄙㄨˋ	醫學	1	12	absent			-7.354194117						刺激速	刺激速	刺激/速	刺激/速	False	False	1		phrase.medicine.tsv	41	
前列腺肥大	ㄑㄧㄢˊ ㄌㄧㄝˋ ㄒㄧㄢˋ ㄈㄟˊ ㄉㄚˋ	醫學	1	3	absent			-7.354194117		前列腺/肥大	4.899349257	前列腺/肥大	4.899349257	前列腺肥大	前列腺肥大	前列腺/肥大	前列腺/肥大	False	True	1		phrase.medicine.tsv	42	
前原圭一	ㄑㄧㄢˊ ㄩㄢˊ ㄍㄨㄟ ㄧ	動漫	1	20	absent			-7.354194117		前緣/皈依	5.275012871	前緣/皈依	5.275012871	前員規一	前原圭一	前/員/規/一	前原圭一	True	True	1		phrase.anime.tsv	300	
前川未來	ㄑㄧㄢˊ ㄔㄨㄢ ㄨㄟˋ ㄌㄞˊ	動漫	1	11	absent			-7.354194117						前穿未來	前川未來	前/穿/未來	前川未來	True	True	1		phrase.anime.tsv	301	
前端應用	ㄑㄧㄢˊ ㄉㄨㄢ ㄧㄥˋ ㄩㄥˋ	軟體科學	1	11	absent			-7.354194117		前端/應用	2.423948265	前端/應用	2.423948265	前端應用	前端應用	前端/應用	前端/應用	False	True	1		phrase.software.tsv	14	
前端服務	ㄑㄧㄢˊ ㄉㄨㄢ ㄈㄨˊ ㄨˋ	軟體科學	1	24	absent			-7.354194117		前端/服務	1.924821405	前端/服務	1.924821405	前端服務	前端服務	前端/服務	前端/服務	False	True	1		phrase.software.tsv	15	
前綴微調	ㄑㄧㄢˊ ㄓㄨㄟˋ ㄨㄟˊ ㄊㄧㄠˊ	AI資料科學	1	13	absent			-7.354194117						前綴微調	前綴微調	前/綴/微調	前綴微調	False	True	1		phrase.ai-data-science.tsv	25	
前置	ㄑㄧㄢˊ ㄓˋ	工業工程	1	12	absent	箝制|鉗制	-5.907036086	-7.354194117	-1.447158031			箝制	-1.447158031	前置	前置	前/置	前/置	False	True	3	箝制|鉗制	phrase.industrial-engineering.tsv	16	
前臨床試驗	ㄑㄧㄢˊ ㄌㄧㄣˊ ㄔㄨㄤˊ ㄕˋ ㄧㄢˋ	生技藥學	1	6	absent			-7.354194117						前臨床試驗	前臨床試驗	前/臨床/試驗	前臨床試驗	False	True	1		phrase.biotech-pharma.tsv	16	
前輩有夠煩	ㄑㄧㄢˊ ㄅㄟˋ ㄧㄡˇ ㄍㄡˋ ㄈㄢˊ	動漫	1	19	absent			-7.354194117						前輩有夠繁	前輩有夠煩	前輩/有夠/繁	前輩有夠煩	True	True	1		phrase.anime.tsv	303	
前饋控制	ㄑㄧㄢˊ ㄎㄨㄟˋ ㄎㄨㄥˋ ㄓˋ	電子電機	1	14	absent			-7.354194117						前饋控制	前饋控制	前/饋/控制	前饋控制	False	True	1		phrase.electronics.tsv	37	
剎那艾弗塞耶	ㄔㄚˋ ㄋㄚˋ ㄞˋ ㄈㄨˊ ㄙㄜˋ ㄧㄝ	動漫	1	20	absent			-7.354194117						剎那愛服色耶	剎那艾弗塞耶	剎那/愛/服/色/耶	剎那艾弗塞耶	True	True	1		phrase.anime.tsv	305	剎那F塞耶
剛力	ㄍㄤ ㄌㄧˋ	動漫	1	14	absent			-7.354194117						剛力	剛力	剛/力	剛/力	False	True	1		phrase.anime.tsv	306	
剛性路面	ㄍㄤ ㄒㄧㄥˋ ㄌㄨˋ ㄇㄧㄢˋ	建築土木	1	9	absent			-7.354194117		剛性/路面	4.271408747	剛性/路面	4.271408747	剛性路面	剛性路面	剛性/路面	剛性/路面	False	True	1		phrase.civil-engineering.tsv	15	
剛田猛男	ㄍㄤ ㄊㄧㄢˊ ㄇㄥˇ ㄋㄢˊ	動漫	1	18	absent			-7.354194117						剛田猛男	剛田猛男	剛/田/猛男	剛田猛男	False	True	1		phrase.anime.tsv	307	
剛體力學	ㄍㄤ ㄊㄧˇ ㄌㄧˋ ㄒㄩㄝˊ	科學	1	12	absent			-7.354194117						剛體力學	剛體力學	剛/體力/學	剛體力學	False	True	1		phrase.science.tsv	9	
剝離術	ㄅㄛ ㄌㄧˊ ㄕㄨˋ	醫學	1	10	absent			-7.354194117						玻璃數	玻璃數	玻璃/數	玻璃/數	False	False	1		phrase.medicine.tsv	44	
剪切模數	ㄐㄧㄢˇ ㄑㄧㄝˋ ㄇㄛˊ ㄕㄨˋ	製造機械	1	11	absent			-7.354194117						減切魔術	剪切模數	減/切/魔術	剪切模數	True	True	1		phrase.manufacturing.tsv	19	
剪力牆	ㄐㄧㄢˇ ㄌㄧˋ ㄑㄧㄤˊ	建築土木	1	16	absent			-7.354194117						剪力牆	剪力牆	剪力/牆	剪力/牆	False	True	1		phrase.civil-engineering.tsv	16	
剪力牆修復	ㄐㄧㄢˇ ㄌㄧˋ ㄑㄧㄤˊ ㄒㄧㄡ ㄈㄨˋ	建築土木	1	2	absent			-7.354194117						剪力牆修復	剪力牆修復	剪力/牆/修復	剪力牆修復	False	True	1		phrase.civil-engineering.tsv	17	
剪力牆施工	ㄐㄧㄢˇ ㄌㄧˋ ㄑㄧㄤˊ ㄕ ㄍㄨㄥ	建築土木	1	3	absent			-7.354194117						剪力牆施工	剪力牆施工	剪力/牆/施工	剪力牆施工	False	True	1		phrase.civil-engineering.tsv	18	
剪力牆檢驗	ㄐㄧㄢˇ ㄌㄧˋ ㄑㄧㄤˊ ㄐㄧㄢˇ ㄧㄢˋ	建築土木	1	4	absent			-7.354194117						剪力牆檢驗	剪力牆檢驗	剪力/牆/檢驗	剪力牆檢驗	False	True	1		phrase.civil-engineering.tsv	19	
剪力牆監測	ㄐㄧㄢˇ ㄌㄧˋ ㄑㄧㄤˊ ㄐㄧㄢ ㄘㄜˋ	建築土木	1	3	absent			-7.354194117						剪力牆監測	剪力牆監測	剪力/牆/監測	剪力牆監測	False	True	1		phrase.civil-engineering.tsv	20	
剪力牆補強	ㄐㄧㄢˇ ㄌㄧˋ ㄑㄧㄤˊ ㄅㄨˇ ㄑㄧㄤˊ	建築土木	1	2	absent			-7.354194117						剪力牆補強	剪力牆補強	剪力/牆/補強	剪力牆補強	False	True	1		phrase.civil-engineering.tsv	21	
剪力牆設計	ㄐㄧㄢˇ ㄌㄧˋ ㄑㄧㄤˊ ㄕㄜˋ ㄐㄧˋ	建築土木	1	5	absent			-7.354194117						剪力牆設計	剪力牆設計	剪力/牆/設計	剪力牆設計	False	True	1		phrase.civil-engineering.tsv	22	
副甲狀腺	ㄈㄨˋ ㄐㄧㄚˇ ㄓㄨㄤˋ ㄒㄧㄢˋ	醫學	1	12	absent			-7.354194117						附甲狀腺	副甲狀腺	附/甲狀腺	副甲狀腺	True	True	1	副甲狀線	phrase.medicine.tsv	45	
創作特色	ㄔㄨㄤˋ ㄗㄨㄛˋ ㄊㄜˋ ㄙㄜˋ	中文	1	22	absent			-7.354194117		創作/特色	0.789634806	創作/特色	0.789634806	創作特色	創作特色	創作/特色	創作/特色	False	True	1		phrase.chinese.tsv	32	
創業投資	ㄔㄨㄤˋ ㄧㄝˋ ㄊㄡˊ ㄗ	財會金融	1	11	absent			-7.354194117		創業/投資	1.233691258	創業/投資	1.233691258	創業投資	創業投資	創業/投資	創業投資	False	True	1		phrase.finance.tsv	23	
劉昴星	ㄌㄧㄡˊ ㄇㄠˇ ㄒㄧㄥ	動漫	1	20	absent			-7.354194117						留卯星	劉昴星	留/卯/星	劉昴星	True	True	1		phrase.anime.tsv	309	
劉美羅	ㄌㄧㄡˊ ㄇㄟˇ ㄌㄨㄛˊ	動漫	1	13	absent			-7.354194117						留美羅	劉美羅	留/美/羅	劉美羅	True	True	1		phrase.anime.tsv	310	
劍之聖女	ㄐㄧㄢˋ ㄓ ㄕㄥˋ ㄋㄩˇ	動漫	1	10	absent			-7.354194117		艦隻/聖女	5.922830353	艦隻/聖女	5.922830353	建之聖女	劍之聖女	建/之/聖女	劍之聖女	True	True	1		phrase.anime.tsv	311	
劍宗次朗	ㄐㄧㄢˋ ㄗㄨㄥ ㄘˋ ㄌㄤˇ	動漫	1	15	absent			-7.354194117						建宗次朗	劍宗次朗	建/宗/次/朗	劍宗次朗	True	True	1		phrase.anime.tsv	312	
劍持勇	ㄐㄧㄢˋ ㄔˊ ㄩㄥˇ	動漫	1	17	absent			-7.354194117						建持永	劍持勇	建/持/永	劍持勇	True	True	1		phrase.anime.tsv	313	
劑型	ㄐㄧˋ ㄒㄧㄥˊ	生技藥學	1	11	absent	紀行	-6.752134126	-7.354194117	-0.602059991			紀行	-0.602059991	計行	計行	計/行	計/行	False	False	2	紀行	phrase.biotech-pharma.tsv	17	
力學性質	ㄌㄧˋ ㄒㄩㄝˊ ㄒㄧㄥˋ ㄓˊ	材料化工	1	15	absent			-7.354194117		力學/性質	2.638299361	力學/性質	2.638299361	力學性質	力學性質	力學/性質	力學/性質	False	True	1		phrase.materials-chemistry.tsv	8	
功率因數	ㄍㄨㄥ ㄌㄩˋ ㄧㄣ ㄕㄨˋ	電子電機	1	10	0			-7.354194117		功率/因數	4.479132854	功率/因數	4.479132854	功率因數	功率因數	功率/因/數	功率因數	False	True	1		phrase.electronics.tsv	39	
功率調度	ㄍㄨㄥ ㄌㄩˋ ㄉㄧㄠˋ ㄉㄨˋ	環境能源	1	10	absent			-7.354194117		功率/調度	3.291612133	功率/調度	3.291612133	功率調度	功率調度	功率/調度	功率/調度	False	True	1		phrase.energy-environment.tsv	13	
功能接地	ㄍㄨㄥ ㄋㄥˊ ㄐㄧㄝ ㄉㄧˋ	電子電機	1	12	absent			-7.354194117		功能/接地	2.337662176	功能/接地	2.337662176	功能接地	功能接地	功能/接地	功能/接地	False	True	1		phrase.electronics.tsv	40	
功能材料	ㄍㄨㄥ ㄋㄥˊ ㄘㄞˊ ㄌㄧㄠˋ	材料化工	1	12	absent			-7.354194117		功能/材料	1.019598841	功能/材料	1.019598841	功能材料	功能材料	功能/材料	功能/材料	False	True	1		phrase.materials-chemistry.tsv	9	
功能評估	ㄍㄨㄥ ㄋㄥˊ ㄆㄧㄥˊ ㄍㄨ	醫學	1	13	absent			-7.354194117		功能/評估	0.817646785	功能/評估	0.817646785	功能評估	功能評估	功能/評估	功能/評估	False	True	1		phrase.medicine.tsv	47	
加勁擋土牆	ㄐㄧㄚ ㄐㄧㄣˋ ㄉㄤˇ ㄊㄨˇ ㄑㄧㄤˊ	建築土木	1	6	absent			-7.354194117		加進/擋土牆	4.774410521	加進/擋土牆	4.774410521	加進擋土牆	加勁擋土牆	加進/擋土牆	加勁擋土牆	True	True	1		phrase.civil-engineering.tsv	23	
加密資產	ㄐㄧㄚ ㄇㄧˋ ㄗ ㄔㄢˇ	一般	1	8	absent			-7.354194117		加密/資產	2.927357664	加密/資產	2.927357664	加密資產	加密資產	加密/資產	加密資產	False	True	1		phrase.general.tsv	21	
加成聚合	ㄐㄧㄚ ㄔㄥˊ ㄐㄩˋ ㄏㄜˊ	材料化工	1	9	absent			-7.354194117		加成/聚合	3.989080686	加成/聚合	3.989080686	加成聚合	加成聚合	加/成/聚合	加成聚合	False	True	1		phrase.materials-chemistry.tsv	10	
加法混色	ㄐㄧㄚ ㄈㄚˇ ㄏㄨㄣˋ ㄙㄜˋ	媒體設計	1	11	absent			-7.354194117						加法混色	加法混色	加/法/混/色	加法混色	False	True	1		phrase.media-design.tsv	14	
加洛提莫斯	ㄐㄧㄚ ㄌㄨㄛˋ ㄊㄧˊ ㄇㄛˋ ㄙ	動漫	1	17	absent			-7.354194117						加落題默思	加洛提莫斯	加/落/題/默思	加洛提莫斯	True	True	1		phrase.anime.tsv	315	
加納咢	ㄐㄧㄚ ㄋㄚˋ ㄜˋ	動漫	1	11	absent			-7.354194117						加那惡	加納咢	加/那/惡	加納咢	True	True	1		phrase.anime.tsv	316	
加賀靜子	ㄐㄧㄚ ㄏㄜˋ ㄐㄧㄥˋ ㄗ˙	動漫	1	13	absent			-7.354194117						加和鏡子	加賀靜子	加/和/鏡子	加賀靜子	True	True	1		phrase.anime.tsv	317	
加賀香子	ㄐㄧㄚ ㄏㄜˋ ㄒㄧㄤ ㄗ˙	動漫	1	15	absent			-7.354194117						加和箱子	加賀香子	加/和/箱子	加賀香子	True	True	1		phrase.anime.tsv	318	
加速世界	ㄐㄧㄚ ㄙㄨˋ ㄕˋ ㄐㄧㄝˋ	動漫	1	20	absent			-7.354194117		加速/世界	0.778287971	加速/世界	0.778287971	加速世界	加速世界	加速/世界	加速世界	False	True	1		phrase.anime.tsv	320	
助六	ㄓㄨˋ ㄌㄧㄡˋ	動漫	1	15	absent			-7.354194117						住六	住六	住/六	住/六	False	False	1		phrase.anime.tsv	321	
勒索病毒	ㄌㄜˋ ㄙㄨㄛˇ ㄅㄧㄥˋ ㄉㄨˊ	網路資安	1	10	absent			-7.354194117		勒索/病毒	2.374941746	勒索/病毒	2.374941746	勒索病毒	勒索病毒	勒索/病毒	勒索/病毒	False	True	1		phrase.network-security.tsv	31	
勒索軟體	ㄌㄜˋ ㄙㄨㄛˇ ㄖㄨㄢˇ ㄊㄧˇ	一般	1	14	absent			-7.354194117		勒索/軟體	1.965933017	勒索/軟體	1.965933017	勒索軟體	勒索軟體	勒索/軟體	勒索/軟體	False	True	1		phrase.general.tsv	23	
動作研究	ㄉㄨㄥˋ ㄗㄨㄛˋ ㄧㄢˊ ㄐㄧㄡˋ	工業工程	1	11	absent			-7.354194117		動作/研究	0.219485213	動作/研究	0.219485213	動作研究	動作研究	動作/研究	動作/研究	False	True	1		phrase.industrial-engineering.tsv	18	
動感超人	ㄉㄨㄥˋ ㄍㄢˇ ㄔㄠ ㄖㄣˊ	動漫	1	16	absent			-7.354194117		動感/超人	3.635028623	動感/超人	3.635028623	動感超人	動感超人	動感/超人	動感超人	False	True	1		phrase.anime.tsv	322	
動態分析	ㄉㄨㄥˋ ㄊㄞˋ ㄈㄣ ㄒㄧ	網路資安	1	12	absent			-7.354194117		動態/分析	1.415262308	動態/分析	1.415262308	動態分析	動態分析	動態/分析	動態/分析	False	True	1		phrase.network-security.tsv	33	
動態圖形	ㄉㄨㄥˋ ㄊㄞˋ ㄊㄨˊ ㄒㄧㄥˊ	媒體設計	1	11	absent			-7.354194117		動態/圖形	2.510986264	動態/圖形	2.510986264	動態圖形	動態圖形	動態/圖形	動態/圖形	False	True	1		phrase.media-design.tsv	15	
動態範圍	ㄉㄨㄥˋ ㄊㄞˋ ㄈㄢˋ ㄨㄟˊ	媒體設計	1	11	absent			-7.354194117		動態/範圍	1.573229088	動態/範圍	1.573229088	動態範圍	動態範圍	動態/範圍	動態/範圍	False	True	1		phrase.media-design.tsv	16	
動態號誌	ㄉㄨㄥˋ ㄊㄞˋ ㄏㄠˋ ㄓˋ	交通物流	1	11	absent			-7.354194117		動態/號誌	3.225020014	動態/號誌	3.225020014	動態號誌	動態號誌	動態/號誌	動態/號誌	False	True	1		phrase.transport-logistics.tsv	24	
動態規劃	ㄉㄨㄥˋ ㄊㄞˋ ㄍㄨㄟ ㄏㄨㄚˋ	工業工程	1	12	absent			-7.354194117		動態/規劃	1.299525918	動態/規劃	1.299525918	動態規劃	動態規劃	動態/規劃	動態/規劃	False	True	1		phrase.industrial-engineering.tsv	19	
動態設計	ㄉㄨㄥˋ ㄊㄞˋ ㄕㄜˋ ㄐㄧˋ	媒體設計	1	12	absent			-7.354194117		動態/設計	1.069326827	動態/設計	1.069326827	動態設計	動態設計	動態/設計	動態/設計	False	True	1		phrase.media-design.tsv	17	
動態路由	ㄉㄨㄥˋ ㄊㄞˋ ㄌㄨˋ ㄧㄡˊ	網路資安	1	11	absent			-7.354194117		動態/陸游	3.802256422	動態/陸游	3.802256422	動態路由	動態路由	動態/路/由	動態路由	False	True	1		phrase.network-security.tsv	34	
動機理論	ㄉㄨㄥˋ ㄐㄧ ㄌㄧˇ ㄌㄨㄣˋ	教育	1	11	absent			-7.354194117		動機/理論	1.52727747	動機/理論	1.52727747	動機理論	動機理論	動機/理論	動機/理論	False	True	1		phrase.education.tsv	13	
動物用藥	ㄉㄨㄥˋ ㄨˋ ㄩㄥˋ ㄧㄠˋ	農業食品	1	15	absent			-7.354194117		動物/用藥	1.966672599	動物/用藥	1.966672599	動物用藥	動物用藥	動物/用藥	動物/用藥	False	True	1		phrase.agriculture-food.tsv	5	
動畫製作	ㄉㄨㄥˋ ㄏㄨㄚˋ ㄓˋ ㄗㄨㄛˋ	動漫	1	12	absent			-7.354194117		動畫/製作	1.398648751	動畫/製作	1.398648751	動畫製作	動畫製作	動畫/製作	動畫製作	False	True	1		phrase.anime.tsv	323	
動賓複詞	ㄉㄨㄥˋ ㄅㄧㄣ ㄈㄨˋ ㄘˊ	中文	1	13	absent			-7.354194117						動賓副詞	動賓複詞	動/賓/副詞	動賓複詞	True	True	1		phrase.chinese.tsv	33	
動量傳遞	ㄉㄨㄥˋ ㄌㄧㄤˋ ㄔㄨㄢˊ ㄉㄧˋ	材料化工	1	10	absent			-7.354194117		動量/傳遞	3.04970359	動量/傳遞	3.04970359	動量傳遞	動量傳遞	動量/傳遞	動量傳遞	False	True	1		phrase.materials-chemistry.tsv	11	
勝呂龍士	ㄕㄥˋ ㄌㄩˇ ㄌㄨㄥˊ ㄕˋ	動漫	1	12	absent			-7.354194117						剩旅龍是	勝呂龍士	剩/旅/龍/是	勝呂龍士	True	True	1		phrase.anime.tsv	324	
勝生勇利	ㄕㄥˋ ㄕㄥ ㄩㄥˇ ㄌㄧˋ	動漫	1	20	absent			-7.354194117						剩生永曆	勝生勇利	剩/生/永曆	勝生勇利	True	True	1		phrase.anime.tsv	325	
包晶反應	ㄅㄠ ㄐㄧㄥ ㄈㄢˇ ㄧㄥˋ	材料化工	1	12	absent			-7.354194117						包經反應	包晶反應	包/經/反應	包晶反應	True	True	1		phrase.materials-chemistry.tsv	12	
包裝設備	ㄅㄠ ㄓㄨㄤ ㄕㄜˋ ㄅㄟˋ	製造機械	1	13	absent			-7.354194117		包裝/設備	1.542295522	包裝/設備	1.542295522	包裝設備	包裝設備	包裝/設備	包裝/設備	False	True	1		phrase.manufacturing.tsv	20	
包裝設計	ㄅㄠ ㄓㄨㄤ ㄕㄜˋ ㄐㄧˋ	媒體設計	1	12	absent			-7.354194117		包裝/設計	0.992160872	包裝/設計	0.992160872	包裝設計	包裝設計	包裝/設計	包裝/設計	False	True	1		phrase.media-design.tsv	18	
化學動力學	ㄏㄨㄚˋ ㄒㄩㄝˊ ㄉㄨㄥˋ ㄌㄧˋ ㄒㄩㄝˊ	科學	1	4	absent			-7.354194117		化學/動力學	3.425593458	化學/動力學	3.425593458	化學動力學	化學動力學	化學/動力學	化學/動力學	False	True	1		phrase.science.tsv	11	
化學計量	ㄏㄨㄚˋ ㄒㄩㄝˊ ㄐㄧˋ ㄌㄧㄤˋ	科學	1	11	absent			-7.354194117		化學/劑量	2.491937479	化學/劑量	2.491937479	化學計量	化學計量	化學/計量	化學/計量	False	True	1		phrase.science.tsv	12	
化工熱力學	ㄏㄨㄚˋ ㄍㄨㄥ ㄖㄜˋ ㄌㄧˋ ㄒㄩㄝˊ	材料化工	1	3	absent			-7.354194117		化工/熱力學	4.275012871	化工/熱力學	4.275012871	化工熱力學	化工熱力學	化工/熱力學	化工熱力學	False	True	1		phrase.materials-chemistry.tsv	14	
化貓	ㄏㄨㄚˋ ㄇㄠ	動漫	1	11	absent			-7.354194117						話貓	話貓	話/貓	話/貓	False	False	1		phrase.anime.tsv	326	
化野	ㄏㄨㄚˋ ㄧㄝˇ	動漫	1	17	absent			-7.354194117						話也	話也	話/也	話/也	False	False	1		phrase.anime.tsv	327	
北原伊織	ㄅㄟˇ ㄩㄢˊ ㄧ ㄓ	動漫	1	20	absent			-7.354194117						北員一隻	北原伊織	北/員/一隻	北原伊織	True	True	1		phrase.anime.tsv	328	
北斗神拳	ㄅㄟˇ ㄉㄡˇ ㄕㄣˊ ㄑㄩㄢˊ	動漫	1	23	absent			-7.354194117		北斗/神權	5.036130782	北斗/神權	5.036130782	北斗什全	北斗神拳	北斗/什/全	北斗神拳	True	True	1		phrase.anime.tsv	329	
北方墨點法	ㄅㄟˇ ㄈㄤ ㄇㄛˋ ㄉㄧㄢˇ ㄈㄚˇ	生技藥學	1	4	absent			-7.354194117						北方沒點法	北方墨點法	北方/沒/點/法	北方墨點法	True	True	1		phrase.biotech-pharma.tsv	20	
北村元康	ㄅㄟˇ ㄘㄨㄣ ㄩㄢˊ ㄎㄤ	動漫	1	11	absent			-7.354194117						北村員康	北村元康	北/村/員/康	北村元康	True	True	1		phrase.anime.tsv	330	
北村祐作	ㄅㄟˇ ㄘㄨㄣ ㄧㄡˋ ㄗㄨㄛˋ	動漫	1	13	absent			-7.354194117						北村又做	北村祐作	北/村/又/做	北村祐作	True	True	1		phrase.anime.tsv	331	
北條時行	ㄅㄟˇ ㄊㄧㄠˊ ㄕˊ ㄒㄧㄥˊ	動漫	1	18	absent			-7.354194117		北條/實行	4.452191226	北條/實行	4.452191226	北條實行	北條時行	北/條/實行	北條時行	True	True	1		phrase.anime.tsv	332	
北條沙都子	ㄅㄟˇ ㄊㄧㄠˊ ㄕㄚ ㄉㄡ ㄗ˙	動漫	1	13	absent			-7.354194117						北條殺都子	北條沙都子	北/條/殺/都/子	北條沙都子	True	True	1		phrase.anime.tsv	333	
北洋時期	ㄅㄟˇ ㄧㄤˊ ㄕˊ ㄑㄧˊ	歷史	1	10	absent			-7.354194117		北洋/時期	3.295768093	北洋/時期	3.295768093	北洋時期	北洋時期	北洋/時期	北洋/時期	False	True	1		phrase.history.tsv	28	
北白川玉子	ㄅㄟˇ ㄅㄞˊ ㄔㄨㄢ ㄩˋ ㄗ˙	動漫	1	18	absent			-7.354194117						北白川與子	北白川玉子	北/白/川/與/子	北白川玉子	True	True	1		phrase.anime.tsv	334	
匯率風險	ㄏㄨㄟˋ ㄌㄩˋ ㄈㄥ ㄒㄧㄢˇ	財會金融	1	11	absent			-7.354194117		匯率/風險	2.03706301	匯率/風險	2.03706301	匯率風險	匯率風險	匯率/風險	匯率/風險	False	True	1		phrase.finance.tsv	25	
區域史	ㄑㄩ ㄩˋ ㄕˇ	歷史	1	11	absent			-7.354194117						區域使	區域使	區域/使	區域/使	False	False	1		phrase.history.tsv	29	
區段徵收	ㄑㄩ ㄉㄨㄢˋ ㄓㄥ ㄕㄡ	建築土木	1	10	absent			-7.354194117		區段/徵收	3.090321441	區段/徵收	3.090321441	區段徵收	區段徵收	區段/徵收	區段/徵收	False	True	1		phrase.civil-engineering.tsv	24	
區辨	ㄑㄩ ㄅㄧㄢˋ	心理社會	1	13	absent			-7.354194117						區辯	區辯	區/辯	區/辯	False	False	1		phrase.psychology-society.tsv	15	
十二年國教	ㄕˊ ㄦˋ ㄋㄧㄢˊ ㄍㄨㄛˊ ㄐㄧㄠˋ	教育	1	4	absent			-7.354194117		十二年/國教	2.404243306	十二年/國教	2.404243306	十二年國教	十二年國教	十二年/國教	十二年國教	False	True	1		phrase.education.tsv	14	
十二表法	ㄕˊ ㄦˋ ㄅㄧㄠˇ ㄈㄚˇ	歷史	1	12	absent			-7.354194117						十二表法	十二表法	十二/表/法	十二表法	False	True	1		phrase.history.tsv	30	
十鬼蛇王馬	ㄕˊ ㄍㄨㄟˇ ㄕㄜˊ ㄨㄤˊ ㄇㄚˇ	動漫	1	18	absent			-7.354194117						時鬼什王馬	十鬼蛇王馬	時/鬼/什/王/馬	十鬼蛇王馬	True	True	1		phrase.anime.tsv	336	
千反田愛瑠	ㄑㄧㄢ ㄈㄢˇ ㄊㄧㄢˊ ㄞˋ ㄌㄧㄡˊ	動漫	1	19	absent			-7.354194117						簽反田愛流	千反田愛瑠	簽/反/田/愛/流	千反田愛瑠	True	True	1		phrase.anime.tsv	337	
千堂武士	ㄑㄧㄢ ㄊㄤˊ ㄨˇ ㄕˋ	動漫	1	12	absent			-7.354194117						簽堂五是	千堂武士	簽/堂/五/是	千堂武士	True	True	1		phrase.anime.tsv	338	
千壽村征	ㄑㄧㄢ ㄕㄡˋ ㄘㄨㄣ ㄓㄥ	動漫	1	12	absent			-7.354194117						簽受村爭	千壽村征	簽/受/村/爭	千壽村征	True	True	1		phrase.anime.tsv	339	
千年伯爵	ㄑㄧㄢ ㄋㄧㄢˊ ㄅㄛˊ ㄐㄩㄝˊ	動漫	1	11	absent			-7.354194117		千年/伯爵	3.317525307	千年/伯爵	3.317525307	千年伯爵	千年伯爵	千年/伯爵	千年伯爵	False	True	1		phrase.anime.tsv	340	
千早瞬平	ㄑㄧㄢ ㄗㄠˇ ㄕㄨㄣˋ ㄆㄧㄥˊ	動漫	1	12	absent			-7.354194117						簽早順平	千早瞬平	簽/早/順/平	千早瞬平	True	True	1		phrase.anime.tsv	341	
千曳辰治	ㄑㄧㄢ ㄧˋ ㄔㄣˊ ㄓˋ	動漫	1	11	absent			-7.354194117						千億陳至	千曳辰治	千億/陳/至	千曳辰治	True	True	1		phrase.anime.tsv	342	
千石撫子	ㄑㄧㄢ ㄕˊ ㄈㄨˇ ㄗ˙	動漫	1	12	absent			-7.354194117						簽時府子	千石撫子	簽/時/府/子	千石撫子	True	True	1		phrase.anime.tsv	343	
千秋真一	ㄑㄧㄢ ㄑㄧㄡ ㄓㄣ ㄧ	動漫	1	18	absent			-7.354194117						千秋真一	千秋真一	千秋/真/一	千秋真一	False	True	1		phrase.anime.tsv	344	
千葉翔太郎	ㄑㄧㄢ ㄧㄝˋ ㄒㄧㄤˊ ㄊㄞˋ ㄌㄤˊ	動漫	1	16	absent			-7.354194117						簽業祥太郎	千葉翔太郎	簽/業/祥/太郎	千葉翔太郎	True	True	1		phrase.anime.tsv	345	
千都	ㄑㄧㄢ ㄉㄡ	動漫	1	18	absent			-7.354194117						簽都	簽都	簽/都	簽/都	False	False	1		phrase.anime.tsv	347	
千頭慎次郎	ㄑㄧㄢ ㄊㄡˊ ㄕㄣˋ ㄘˋ ㄌㄤˊ	動漫	1	13	absent			-7.354194117						簽頭甚次郎	千頭慎次郎	簽/頭/甚/次郎	千頭慎次郎	True	True	1		phrase.anime.tsv	348	
千鳥要	ㄑㄧㄢ ㄋㄧㄠˇ ㄧㄠˋ	動漫	1	16	absent			-7.354194117						簽鳥要	千鳥要	簽/鳥/要	千鳥要	True	True	1		phrase.anime.tsv	349	
升壓轉換器	ㄕㄥ ㄧㄚ ㄓㄨㄢˇ ㄏㄨㄢˋ ㄑㄧˋ	電子電機	1	5	absent			-7.354194117		聲押/轉換器	5.462099515	聲押/轉換器	5.462099515	生壓轉換器	升壓轉換器	生/壓/轉換器	升壓轉換器	True	True	1		phrase.electronics.tsv	41	
升降壓	ㄕㄥ ㄐㄧㄤˋ ㄧㄚ	電子電機	1	10	absent			-7.354194117						升降壓	升降壓	升降/壓	升降/壓	False	True	1		phrase.electronics.tsv	42	
半妖	ㄅㄢˋ ㄧㄠ	動漫	1	21	absent			-7.354194117						半要	半要	半/要	半/要	False	False	1		phrase.anime.tsv	350	
半導體材料	ㄅㄢˋ ㄉㄠˇ ㄊㄧˇ ㄘㄞˊ ㄌㄧㄠˋ	材料化工	1	4	absent			-7.354194117		半導體/材料	2.019306289	半導體/材料	2.019306289	半導體材料	半導體材料	半導體/材料	半導體材料	False	True	1		phrase.materials-chemistry.tsv	15	
半月板撕裂	ㄅㄢˋ ㄩㄝˋ ㄅㄢˇ ㄙ ㄌㄧㄝˋ	醫學	1	3	absent			-7.354194117						半月板撕裂	半月板撕裂	半月/板/撕裂	半月板撕裂	False	True	1		phrase.medicine.tsv	51	
半橋轉換器	ㄅㄢˋ ㄑㄧㄠˊ ㄓㄨㄢˇ ㄏㄨㄢˋ ㄑㄧˋ	電子電機	1	5	absent			-7.354194117						半橋轉換器	半橋轉換器	半/橋/轉換器	半橋轉換器	False	True	1		phrase.electronics.tsv	43	
半監督式	ㄅㄢˋ ㄐㄧㄢ ㄉㄨ ㄕˋ	AI資料科學	1	12	absent			-7.354194117						半監督是	半監督式	半/監督/是	半監督式	True	True	1		phrase.ai-data-science.tsv	26	
半結構化	ㄅㄢˋ ㄐㄧㄝˊ ㄍㄡˋ ㄏㄨㄚˋ	AI資料科學	1	13	absent			-7.354194117						半結構化	半結構化	半/結構化	半/結構化	False	True	1		phrase.ai-data-science.tsv	27	
卍解	ㄨㄢˋ ㄐㄧㄝˇ	動漫	1	15	absent			-7.354194117						萬解	萬解	萬/解	萬/解	False	False	1		phrase.anime.tsv	351	
協同學習	ㄒㄧㄝˊ ㄊㄨㄥˊ ㄒㄩㄝˊ ㄒㄧˊ	教育	1	10	absent			-7.354194117		協同/學習	2.22249848	協同/學習	2.22249848	協同學習	協同學習	協同/學習	協同學習	False	True	1		phrase.education.tsv	15	
協商程序	ㄒㄧㄝˊ ㄕㄤ ㄔㄥˊ ㄒㄩˋ	法律	1	11	absent			-7.354194117		協商/程序	1.557383969	協商/程序	1.557383969	協商程序	協商程序	協商/程序	協商/程序	False	True	1		phrase.law.tsv	37	
南千秋	ㄋㄢˊ ㄑㄧㄢ ㄑㄧㄡ	動漫	1	13	absent			-7.354194117						南千秋	南千秋	南/千秋	南千秋	False	True	1		phrase.anime.tsv	352	
南夏奈	ㄋㄢˊ ㄒㄧㄚˋ ㄋㄞˋ	動漫	1	15	absent			-7.354194117						南下耐	南夏奈	南下/耐	南夏奈	True	True	1		phrase.anime.tsv	353	
南夢芽	ㄋㄢˊ ㄇㄥˋ ㄧㄚˊ	動漫	1	14	absent			-7.354194117						南夢牙	南夢芽	南/夢/牙	南夢芽	True	True	1		phrase.anime.tsv	354	
南家	ㄋㄢˊ ㄐㄧㄚ	動漫	1	11	absent	男家	-6.877072863	-7.354194117	-0.477121255			男家	-0.477121255	南家	南家	南/家	南/家	False	True	2	男家	phrase.anime.tsv	355	
南家三姊妹	ㄋㄢˊ ㄐㄧㄚ ㄙㄢ ㄐㄧㄝˇ ㄇㄟˋ	動漫	1	19	absent			-7.354194117						南家三姊妹	南家三姊妹	南/家/三/姊妹	南家三姊妹	False	True	1		phrase.anime.tsv	356	
南小鳥	ㄋㄢˊ ㄒㄧㄠˇ ㄋㄧㄠˇ	動漫	1	17	absent			-7.354194117						南小鳥	南小鳥	南/小鳥	南小鳥	False	True	1		phrase.anime.tsv	357	
南戲	ㄋㄢˊ ㄒㄧˋ	中文	1	12	absent			-7.354194117						南戲	南戲	南/戲	南/戲	False	True	1		phrase.chinese.tsv	34	
南方墨點法	ㄋㄢˊ ㄈㄤ ㄇㄛˋ ㄉㄧㄢˇ ㄈㄚˇ	生技藥學	1	4	absent			-7.354194117						南方墨點法	南方墨點法	南方/墨/點/法	南方墨點法	False	True	1		phrase.biotech-pharma.tsv	21	
南方日鶴	ㄋㄢˊ ㄈㄤ ㄖˋ ㄏㄜˋ	動漫	1	15	absent			-7.354194117						南方日和	南方日鶴	南方/日/和	南方日鶴	True	True	1		phrase.anime.tsv	358	
南春香	ㄋㄢˊ ㄔㄨㄣ ㄒㄧㄤ	動漫	1	17	absent			-7.354194117						南春相	南春香	南/春/相	南春香	True	True	1		phrase.anime.tsv	359	
南雲	ㄋㄢˊ ㄩㄣˊ	動漫	1	14	absent			-7.354194117						南雲	南雲	南/雲	南/雲	False	True	1		phrase.anime.tsv	361	
南雲始	ㄋㄢˊ ㄩㄣˊ ㄕˇ	動漫	1	18	absent			-7.354194117						南雲使	南雲始	南/雲/使	南雲始	True	True	1		phrase.anime.tsv	362	
卜瓦松分布	ㄅㄛ˙ ㄨㄚˇ ㄙㄨㄥ ㄈㄣ ㄅㄨˋ	工業工程	1	3	absent			-7.354194117						蔔瓦松分布	卜瓦松分布	蔔/瓦/松/分布	卜瓦松分布	True	True	1		phrase.industrial-engineering.tsv	20	
卡佳里	ㄎㄚˇ ㄐㄧㄚ ㄌㄧˇ	動漫	1	15	absent			-7.354194117						卡家裡	卡家裡	卡/家裡	卡/家裡	False	False	1		phrase.anime.tsv	364	
卡塔雷特	ㄎㄚˇ ㄊㄚˇ ㄌㄟˊ ㄊㄜˋ	動漫	1	15	absent			-7.354194117						卡塔雷特	卡塔雷特	卡/塔/雷/特	卡塔雷特	False	True	1		phrase.anime.tsv	365	
卡多斯	ㄎㄚˇ ㄉㄨㄛ ㄙ	動漫	1	12	absent			-7.354194117						卡多司	卡多斯	卡/多/司	卡多斯	True	True	1		phrase.anime.tsv	366	
卡巴雷	ㄎㄚˇ ㄅㄚ ㄌㄟˊ	動漫	1	12	absent			-7.354194117						卡芭蕾	卡巴雷	卡/芭蕾	卡巴雷	True	True	1		phrase.anime.tsv	368	
卡文迪許	ㄎㄚˇ ㄨㄣˊ ㄉㄧˊ ㄒㄩˇ	動漫	1	13	absent			-7.354194117						卡文的許	卡文迪許	卡/文/的/許	卡文迪許	True	True	1		phrase.anime.tsv	369	
卡普羅尼	ㄎㄚˇ ㄆㄨˇ ㄌㄨㄛˊ ㄋㄧˊ	動漫	1	14	absent			-7.354194117						卡普羅呢	卡普羅尼	卡/普羅/呢	卡普羅尼	True	True	1		phrase.anime.tsv	370	
卡爾曼濾波	ㄎㄚˇ ㄦˇ ㄇㄢˋ ㄌㄩˋ ㄅㄛ	電子電機	1	3	absent			-7.354194117						卡爾曼濾波	卡爾曼濾波	卡爾/曼/濾波	卡爾曼濾波	False	True	1		phrase.electronics.tsv	44	
卡片分類	ㄎㄚˇ ㄆㄧㄢˋ ㄈㄣ ㄌㄟˋ	媒體設計	1	10	absent			-7.354194117		卡片/分類	2.300719993	卡片/分類	2.300719993	卡片分類	卡片分類	卡片/分類	卡片/分類	False	True	1		phrase.media-design.tsv	20	
卡特爾	ㄎㄚˇ ㄊㄜˋ ㄦˇ	動漫	1	12	absent			-7.354194117						卡特爾	卡特爾	卡特/爾	卡特爾	False	True	1		phrase.anime.tsv	371	
卡米那	ㄎㄚˇ ㄇㄧˇ ㄋㄚˋ	動漫	1	18	absent			-7.354194117						卡米那	卡米那	卡/米/那	卡米那	False	True	1		phrase.anime.tsv	372	
卡蓮	ㄎㄚˇ ㄌㄧㄢˊ	動漫	1	15	absent			-7.354194117						卡連	卡連	卡/連	卡/連	False	False	1		phrase.anime.tsv	373	
卡蜜拉	ㄎㄚˇ ㄇㄧˋ ㄌㄚ	動漫	1	13	absent			-7.354194117						卡密拉	卡蜜拉	卡/密/拉	卡蜜拉	True	True	1		phrase.anime.tsv	374	
卡西法	ㄎㄚˇ ㄒㄧ ㄈㄚˇ	動漫	1	18	absent			-7.354194117						卡西法	卡西法	卡/西/法	卡西法	False	True	1		phrase.anime.tsv	375	
卡諾循環	ㄎㄚˇ ㄋㄨㄛˋ ㄒㄩㄣˊ ㄏㄨㄢˊ	科學	1	10	absent			-7.354194117		卡諾/循環	3.844722765	卡諾/循環	3.844722765	卡諾循環	卡諾循環	卡諾/循環	卡諾/循環	False	True	1		phrase.science.tsv	13	
危害辨識	ㄨㄟˊ ㄏㄞˋ ㄅㄧㄢˋ ㄕˋ	工業工程	1	10	absent			-7.354194117		危害/便是	2.385832601	危害/便是	2.385832601	危害辨識	危害辨識	危害/辨識	危害辨識	False	True	1		phrase.industrial-engineering.tsv	21	
危老重建	ㄨㄟ ㄌㄠˇ ㄔㄨㄥˊ ㄐㄧㄢˋ	建築土木	1	11	absent			-7.354194117						微老重建	危老重建	微/老/重建	危老重建	True	True	1		phrase.civil-engineering.tsv	25	
危險品運輸	ㄨㄟˊ ㄒㄧㄢˇ ㄆㄧㄣˇ ㄩㄣˋ ㄕㄨ	交通物流	1	4	absent			-7.354194117						危險品運輸	危險品運輸	危險/品/運輸	危險品運輸	False	True	1		phrase.transport-logistics.tsv	26	
即時強制	ㄐㄧˊ ㄕˊ ㄑㄧㄤˇ ㄓˋ	法律	1	11	absent			-7.354194117		即時/強制	2.393304944	即時/強制	2.393304944	即時強制	即時強制	即時/強制	即時/強制	False	True	1		phrase.law.tsv	38	
即時監控	ㄐㄧˊ ㄕˊ ㄐㄧㄢ ㄎㄨㄥˋ	交通物流	1	13	absent			-7.354194117		即時/監控	2.697588097	即時/監控	2.697588097	即時監控	即時監控	即時/監控	即時/監控	False	True	1		phrase.transport-logistics.tsv	27	
即期利率	ㄐㄧˊ ㄑㄧˊ ㄌㄧˋ ㄌㄩˋ	財會金融	1	10	absent			-7.354194117		及其/利率	1.990266402	及其/利率	1.990266402	及其利率	即期利率	及其/利率	即期利率	True	True	1		phrase.finance.tsv	26	
卷島裕介	ㄐㄩㄢˇ ㄉㄠˇ ㄩˋ ㄐㄧㄝˋ	動漫	1	12	absent			-7.354194117						捲導預借	卷島裕介	捲/導/預借	卷島裕介	True	True	1		phrase.anime.tsv	376	
卷積	ㄐㄩㄢˇ ㄐㄧ	AI資料科學	1	11	absent			-7.354194117						捲機	捲機	捲/機	捲/機	False	False	1		phrase.ai-data-science.tsv	28	
厄卡倫	ㄜˋ ㄎㄚˇ ㄌㄨㄣˊ	動漫	1	13	absent			-7.354194117						呃卡輪	厄卡倫	呃/卡/輪	厄卡倫	True	True	1		phrase.anime.tsv	377	
厄德	ㄜˋ ㄉㄜˊ	動漫	1	14	absent			-7.354194117						呃得	呃得	呃/得	呃/得	False	False	1		phrase.anime.tsv	378	
原代細胞	ㄩㄢˊ ㄉㄞˋ ㄒㄧˋ ㄅㄠ	生技藥學	1	13	absent			-7.354194117		元代/細胞	2.867310452	元代/細胞	2.867310452	元代細胞	原代細胞	元代/細胞	原代細胞	True	True	1		phrase.biotech-pharma.tsv	23	
原住民族史	ㄩㄢˊ ㄓㄨˋ ㄇㄧㄣˊ ㄗㄨˊ ㄕˇ	歷史	1	4	absent			-7.354194117						原住民族使	原住民族史	原住民族/使	原住民族史	True	True	1		phrase.history.tsv	32	
原型設計	ㄩㄢˊ ㄒㄧㄥˊ ㄕㄜˋ ㄐㄧˋ	媒體設計	1	12	absent			-7.354194117		圓形/設計	1.496760297	圓形/設計	1.496760297	原型設計	原型設計	原型/設計	原型/設計	False	True	1		phrase.media-design.tsv	21	
原子層沉積	ㄩㄢˊ ㄗˇ ㄘㄥˊ ㄔㄣˊ ㄐㄧ	晶片半導體	1	3	absent			-7.354194117						原子層沉積	原子層沉積	原子/層/沉積	原子層沉積	False	True	1		phrase.semiconductor.tsv	19	
原子物理	ㄩㄢˊ ㄗˇ ㄨˋ ㄌㄧˇ	科學	1	10	absent			-7.354194117		原子/物理	2.217220022	原子/物理	2.217220022	原子物理	原子物理	原子/物理	原子/物理	False	True	1		phrase.science.tsv	14	
原料藥	ㄩㄢˊ ㄌㄧㄠˋ ㄧㄠˋ	生技藥學	1	11	absent			-7.354194117						原料要	原料要	原料/要	原料/要	False	False	1		phrase.biotech-pharma.tsv	24	
厭氧消化	ㄧㄢˋ ㄧㄤˇ ㄒㄧㄠ ㄏㄨㄚˋ	環境能源	1	11	absent			-7.354194117						驗養消化	厭氧消化	驗/養/消化	厭氧消化	True	True	1		phrase.energy-environment.tsv	14	
去個人化	ㄑㄩˋ ㄍㄜˋ ㄖㄣˊ ㄏㄨㄚˋ	心理社會	1	13	absent			-7.354194117						去個人化	去個人化	去/個人化	去/個人化	False	True	1		phrase.psychology-society.tsv	16	
去殖民化	ㄑㄩˋ ㄓˊ ㄇㄧㄣˊ ㄏㄨㄚˋ	歷史	1	13	absent			-7.354194117						去殖民化	去殖民化	去/殖民/化	去殖民化	False	True	1		phrase.history.tsv	33	
去顫器	ㄑㄩˋ ㄔㄢˋ ㄑㄧˋ	醫學	1	10	absent			-7.354194117						去顫器	去顫器	去/顫/器	去顫器	False	True	1		phrase.medicine.tsv	54	
參數最佳化	ㄘㄢ ㄕㄨˋ ㄗㄨㄟˋ ㄐㄧㄚ ㄏㄨㄚˋ	製造機械	1	15	absent			-7.354194117		參數/最佳化	3.651160813	參數/最佳化	3.651160813	參數最佳化	參數最佳化	參數/最佳化	參數/最佳化	False	True	1		phrase.manufacturing.tsv	21	
及川徹	ㄐㄧˊ ㄔㄨㄢ ㄔㄜˋ	動漫	1	11	absent			-7.354194117						及穿徹	及川徹	及/穿/徹	及川徹	True	True	1		phrase.anime.tsv	379	
友人帳	ㄧㄡˇ ㄖㄣˊ ㄓㄤˋ	動漫	1	26	absent			-7.354194117						有人障	有人障	有人/障	有人/障	False	False	1		phrase.anime.tsv	380	
友善農業	ㄧㄡˇ ㄕㄢˋ ㄋㄨㄥˊ ㄧㄝˋ	農業食品	1	14	absent			-7.354194117		友善/農業	2.169213253	友善/農業	2.169213253	友善農業	友善農業	友善/農業	友善/農業	False	True	1		phrase.agriculture-food.tsv	7	
反向傳播	ㄈㄢˇ ㄒㄧㄤˋ ㄔㄨㄢˊ ㄅㄛ	AI資料科學	1	10	absent			-7.354194117		反向/傳播	3.20590002	反向/傳播	3.20590002	反像傳播	反向傳播	反/像/傳播	反向傳播	True	True	1		phrase.ai-data-science.tsv	30	
反向形成	ㄈㄢˇ ㄒㄧㄤˋ ㄒㄧㄥˊ ㄔㄥˊ	心理社會	1	10	absent			-7.354194117		反向/形成	2.702102564	反向/形成	2.702102564	反向形成	反向形成	反向/形成	反向形成	False	True	1		phrase.psychology-society.tsv	17	
反序列化	ㄈㄢˇ ㄒㄩˋ ㄌㄧㄝˋ ㄏㄨㄚˋ	網路資安	1	11	absent			-7.354194117						反序列化	反序列化	反/序列/化	反序列化	False	True	1		phrase.network-security.tsv	38	
反應工程	ㄈㄢˇ ㄧㄥˋ ㄍㄨㄥ ㄔㄥˊ	材料化工	1	13	absent			-7.354194117		反應/工程	0.799621741	反應/工程	0.799621741	反應工程	反應工程	反應/工程	反應/工程	False	True	1		phrase.materials-chemistry.tsv	17	
反應槽	ㄈㄢˇ ㄧㄥˋ ㄘㄠˊ	環境能源	1	11	absent			-7.354194117						反應槽	反應槽	反應/槽	反應/槽	False	True	1		phrase.energy-environment.tsv	16	
反應機構	ㄈㄢˇ ㄧㄥˋ ㄐㄧ ㄍㄡˋ	科學	1	12	absent			-7.354194117		反應/機構	0.879732357	反應/機構	0.879732357	反應機構	反應機構	反應/機構	反應/機構	False	True	1		phrase.science.tsv	16	
反應級數	ㄈㄢˇ ㄧㄥˋ ㄐㄧˊ ㄕㄨˋ	材料化工	1	12	absent			-7.354194117		反應/級數	2.753678615	反應/級數	2.753678615	反應級數	反應級數	反應/級數	反應/級數	False	True	1		phrase.materials-chemistry.tsv	18	
反應速率	ㄈㄢˇ ㄧㄥˋ ㄙㄨˋ ㄌㄩˋ	材料化工	1	12	absent			-7.354194117		反應/速率	2.131225465	反應/速率	2.131225465	反應速率	反應速率	反應/速率	反應/速率	False	True	1		phrase.materials-chemistry.tsv	19	
取樣試驗	ㄑㄩˇ ㄧㄤˋ ㄕˋ ㄧㄢˋ	建築土木	1	13	absent			-7.354194117		取樣/試驗	2.806222609	取樣/試驗	2.806222609	取樣試驗	取樣試驗	取樣/試驗	取樣/試驗	False	True	1		phrase.civil-engineering.tsv	26	
受迫振動	ㄕㄡˋ ㄆㄛˋ ㄓㄣˋ ㄉㄨㄥˋ	科學	1	12	absent			-7.354194117						受迫振動	受迫振動	受/迫/振動	受迫振動	False	True	1		phrase.science.tsv	17	
叢集系統	ㄘㄨㄥˊ ㄐㄧˊ ㄒㄧˋ ㄊㄨㄥˇ	軟體科學	1	24	absent			-7.354194117		叢集/系統	3.138371562	叢集/系統	3.138371562	叢集系統	叢集系統	叢集/系統	叢集/系統	False	True	1		phrase.software.tsv	20	
口碑行銷	ㄎㄡˇ ㄅㄟ ㄒㄧㄥˊ ㄒㄧㄠ	商業	1	11	absent			-7.354194117		口碑/行銷	2.675275316	口碑/行銷	2.675275316	口碑行銷	口碑行銷	口碑/行銷	口碑行銷	False	True	1		phrase.business.tsv	38	
口述歷史	ㄎㄡˇ ㄕㄨˋ ㄌㄧˋ ㄕˇ	歷史	1	10	absent			-7.354194117		口述/歷史	1.981041111	口述/歷史	1.981041111	口述歷史	口述歷史	口述/歷史	口述/歷史	False	True	1		phrase.history.tsv	34	
古今字	ㄍㄨˇ ㄐㄧㄣ ㄗˋ	中文	1	11	absent			-7.354194117						古今自	古今自	古今/自	古今/自	False	False	1		phrase.chinese.tsv	35	
古代漢語	ㄍㄨˇ ㄉㄞˋ ㄏㄢˋ ㄩˇ	中文	1	11	absent			-7.354194117		古代/漢語	2.65876498	古代/漢語	2.65876498	古代漢語	古代漢語	古代/漢語	古代/漢語	False	True	1		phrase.chinese.tsv	36	
古典制約	ㄍㄨˇ ㄉㄧㄢˇ ㄓˋ ㄩㄝ	心理社會	1	11	absent			-7.354194117		古典/制約	3.011140194	古典/制約	3.011140194	古典制約	古典制約	古典/制約	古典/制約	False	True	1		phrase.psychology-society.tsv	18	
古典力學	ㄍㄨˇ ㄉㄧㄢˇ ㄌㄧˋ ㄒㄩㄝˊ	科學	1	11	absent			-7.354194117		古典/力學	2.750227422	古典/力學	2.750227422	古典力學	古典力學	古典/力學	古典/力學	False	True	1		phrase.science.tsv	18	
古屋純	ㄍㄨˇ ㄨ ㄔㄨㄣˊ	動漫	1	10	absent			-7.354194117						古屋純	古屋純	古屋/純	古屋純	False	True	1		phrase.anime.tsv	382	
古希臘文明	ㄍㄨˇ ㄒㄧ ㄌㄚˋ ㄨㄣˊ ㄇㄧㄥˊ	歷史	1	3	absent			-7.354194117		古希臘/文明	3.330653596	古希臘/文明	3.330653596	古希臘文明	古希臘文明	古希臘/文明	古希臘文明	False	True	1		phrase.history.tsv	36	
古戶繪梨花	ㄍㄨˇ ㄏㄨˋ ㄏㄨㄟˋ ㄌㄧˊ ㄏㄨㄚ	動漫	1	11	absent			-7.354194117						古互惠梨花	古戶繪梨花	古/互惠/梨花	古戶繪梨花	True	True	1		phrase.anime.tsv	383	
古手川	ㄍㄨˇ ㄕㄡˇ ㄔㄨㄢ	動漫	1	16	absent			-7.354194117						古手穿	古手川	古/手/穿	古手川	True	True	1		phrase.anime.tsv	384	
古手川千紗	ㄍㄨˇ ㄕㄡˇ ㄔㄨㄢ ㄑㄧㄢ ㄕㄚ	動漫	1	15	absent			-7.354194117						古手穿千殺	古手川千紗	古/手/穿/千/殺	古手川千紗	True	True	1		phrase.anime.tsv	385	
古手梨花	ㄍㄨˇ ㄕㄡˇ ㄌㄧˊ ㄏㄨㄚ	動漫	1	12	absent			-7.354194117		鼓手/梨花	5.467703392	鼓手/梨花	5.467703392	古手梨花	古手梨花	古/手/梨花	古手梨花	False	True	1		phrase.anime.tsv	386	
古河渚	ㄍㄨˇ ㄏㄜˊ ㄓㄨˇ	動漫	1	19	absent			-7.354194117						古和主	古河渚	古/和/主	古河渚	True	True	1		phrase.anime.tsv	387	
古泉一樹	ㄍㄨˇ ㄑㄩㄢˊ ㄧ ㄕㄨˋ	動漫	1	14	absent			-7.354194117		股權/醫術	4.04776909	股權/醫術	4.04776909	股權一束	古泉一樹	股權/一/束	古泉一樹	True	True	1		phrase.anime.tsv	388	
古立特	ㄍㄨˇ ㄌㄧˋ ㄊㄜˋ	動漫	1	11	absent			-7.354194117						鼓勵特	鼓勵特	鼓勵/特	鼓勵/特	False	False	1		phrase.anime.tsv	389	
古見	ㄍㄨˇ ㄐㄧㄢˋ	動漫	1	24	absent			-7.354194117						古建	古建	古/建	古/建	False	False	1		phrase.anime.tsv	390	
古見硝子	ㄍㄨˇ ㄐㄧㄢˋ ㄒㄧㄠ ㄗ˙	動漫	1	21	absent			-7.354194117						古建消子	古見硝子	古/建/消/子	古見硝子	True	True	1		phrase.anime.tsv	391	
古賀朋繪	ㄍㄨˇ ㄏㄜˋ ㄆㄥˊ ㄏㄨㄟˋ	動漫	1	15	absent			-7.354194117						古和朋會	古賀朋繪	古/和/朋/會	古賀朋繪	True	True	1		phrase.anime.tsv	392	
古雷溫德	ㄍㄨˇ ㄌㄟˊ ㄨㄣ ㄉㄜˊ	動漫	1	14	absent			-7.354194117						古雷溫得	古雷溫德	古/雷/溫/得	古雷溫德	True	True	1		phrase.anime.tsv	393	
句法剖析	ㄐㄩˋ ㄈㄚˇ ㄆㄡ ㄒㄧ	AI資料科學	1	10	absent			-7.354194117		句法/剖析	3.93556143	句法/剖析	3.93556143	句法剖析	句法剖析	句法/剖析	句法/剖析	False	True	1		phrase.ai-data-science.tsv	31	
句法學	ㄐㄩˋ ㄈㄚˇ ㄒㄩㄝˊ	中文	1	9	absent			-7.354194117						句法學	句法學	句法/學	句法/學	False	True	1		phrase.chinese.tsv	37	
只想告訴你	ㄓˇ ㄒㄧㄤˇ ㄍㄠˋ ㄙㄨˋ ㄋㄧˇ	動漫	1	22	absent			-7.354194117						只想告訴你	只想告訴你	只想/告訴/你	只想告訴你	False	True	1		phrase.anime.tsv	394	
只殺哥布林	ㄓˇ ㄕㄚ ㄍㄜ ㄅㄨˋ ㄌㄧㄣˊ	動漫	1	12	absent			-7.354194117						只殺歌不林	只殺哥布林	只/殺/歌/不/林	只殺哥布林	True	True	1		phrase.anime.tsv	396	
只野仁人	ㄓˇ ㄧㄝˇ ㄖㄣˊ ㄖㄣˊ	動漫	1	18	absent			-7.354194117						只也人人	只野仁人	只/也/人/人	只野仁人	True	True	1		phrase.anime.tsv	397	
叫我達令	ㄐㄧㄠˋ ㄨㄛˇ ㄉㄚˊ ㄌㄧㄥˋ	動漫	1	12	absent			-7.354194117						叫我答另	叫我達令	叫/我/答/另	叫我達令	True	True	1		phrase.anime.tsv	398	
叫車平台	ㄐㄧㄠˋ ㄔㄜ ㄆㄧㄥˊ ㄊㄞˊ	一般	1	10	absent			-7.354194117		轎車/平台	2.420403233	轎車/平台	2.420403233	叫車平台	叫車平台	叫車/平台	叫車/平台	False	True	1		phrase.general.tsv	25	
召喚獸	ㄓㄠˋ ㄏㄨㄢˋ ㄕㄡˋ	動漫	1	23	absent			-7.354194117						召喚受	召喚獸	召喚/受	召喚獸	True	True	1		phrase.anime.tsv	399	
可得性捷思	ㄎㄜˇ ㄉㄜˊ ㄒㄧㄥˋ ㄐㄧㄝˊ ㄙ	心理社會	1	4	absent			-7.354194117						可得性結司	可得性捷思	可/得/性/結/司	可得性捷思	True	True	1		phrase.psychology-society.tsv	19	
可用性測試	ㄎㄜˇ ㄩㄥˋ ㄒㄧㄥˋ ㄘㄜˋ ㄕˋ	媒體設計	1	4	absent			-7.354194117		可用性/測試	3.352287413	可用性/測試	3.352287413	可用性測試	可用性測試	可用性/測試	可用性測試	False	True	1		phrase.media-design.tsv	22	
可能性之獸	ㄎㄜˇ ㄋㄥˊ ㄒㄧㄥˋ ㄓ ㄕㄡˋ	動漫	1	12	absent			-7.354194117						可能性之受	可能性之獸	可能性/之/受	可能性之獸	True	True	1		phrase.anime.tsv	402	
可蕾娜	ㄎㄜˇ ㄌㄟˇ ㄋㄚˋ	動漫	1	12	absent			-7.354194117						可累那	可蕾娜	可/累/那	可蕾娜	True	True	1		phrase.anime.tsv	403	
可觀測性	ㄎㄜˇ ㄍㄨㄢ ㄘㄜˋ ㄒㄧㄥˋ	AI資料科學	1	12	absent			-7.354194117						可觀測性	可觀測性	可/觀測/性	可觀測性	False	True	1		phrase.ai-data-science.tsv	32	
可逆過程	ㄎㄜˇ ㄋㄧˋ ㄍㄨㄛˋ ㄔㄥˊ	科學	1	10	absent			-7.354194117		可逆/過程	2.88954066	可逆/過程	2.88954066	可逆過程	可逆過程	可逆/過程	可逆/過程	False	True	1		phrase.science.tsv	19	
可靠度	ㄎㄜˇ ㄎㄠˋ ㄉㄨˋ	工業工程	1	19	absent			-7.354194117						可靠度	可靠度	可靠/度	可靠/度	False	True	1		phrase.industrial-engineering.tsv	23	
可靠度分析	ㄎㄜˇ ㄎㄠˋ ㄉㄨˋ ㄈㄣ ㄒㄧ	電子電機	1	19	absent			-7.354194117						可靠度分析	可靠度分析	可靠/度/分析	可靠度分析	False	True	1		phrase.electronics.tsv	45	
可靠度工程	ㄎㄜˇ ㄎㄠˋ ㄉㄨˋ ㄍㄨㄥ ㄔㄥˊ	製造機械	1	4	absent			-7.354194117						可靠度工程	可靠度工程	可靠/度/工程	可靠度工程	False	True	1		phrase.manufacturing.tsv	22	
可靠度測試	ㄎㄜˇ ㄎㄠˋ ㄉㄨˋ ㄘㄜˋ ㄕˋ	晶片半導體	1	4	absent			-7.354194117						可靠度測試	可靠度測試	可靠/度/測試	可靠度測試	False	True	1		phrase.semiconductor.tsv	24	
可魯貝洛斯	ㄎㄜˇ ㄌㄨˇ ㄅㄟˋ ㄌㄨㄛˋ ㄙ	動漫	1	15	absent			-7.354194117						可魯被落司	可魯貝洛斯	可/魯/被/落/司	可魯貝洛斯	True	True	1		phrase.anime.tsv	404	
台灣高鐵	ㄊㄞˊ ㄨㄢ ㄍㄠ ㄊㄧㄝˇ	一般	1	28	absent			-7.354194117		台灣/高鐵	0.532646201	台灣/高鐵	0.532646201	台灣高鐵	台灣高鐵	台灣/高鐵	台灣高鐵	False	True	1		phrase.general.tsv	26	
史卡雷特	ㄕˇ ㄎㄚˇ ㄌㄟˊ ㄊㄜˋ	動漫	1	15	absent			-7.354194117						使卡雷特	史卡雷特	使/卡/雷/特	史卡雷特	True	True	1		phrase.anime.tsv	405	
史坦菲爾德	ㄕˇ ㄊㄢˇ ㄈㄟ ㄦˇ ㄉㄜˊ	動漫	1	11	absent			-7.354194117						使坦非爾得	史坦菲爾德	使/坦/非/爾/得	史坦菲爾德	True	True	1		phrase.anime.tsv	406	
史學方法	ㄕˇ ㄒㄩㄝˊ ㄈㄤ ㄈㄚˇ	歷史	1	10	absent			-7.354194117		史學/方法	1.668723786	史學/方法	1.668723786	史學方法	史學方法	史學/方法	史學方法	False	True	1		phrase.history.tsv	37	
史密斯圖	ㄕˇ ㄇㄧˋ ㄙ ㄊㄨˊ	電子電機	1	11	absent			-7.354194117						史密斯圖	史密斯圖	史密斯/圖	史密斯/圖	False	True	1		phrase.electronics.tsv	46	
史料批判	ㄕˇ ㄌㄧㄠˋ ㄆㄧ ㄆㄢˋ	歷史	1	10	absent			-7.354194117		史料/批判	2.552502345	史料/批判	2.552502345	史料批判	史料批判	史料/批判	史料/批判	False	True	1		phrase.history.tsv	38	
史比勒	ㄕˇ ㄅㄧˇ ㄌㄜˋ	動漫	1	13	absent			-7.354194117						使比樂	史比勒	使/比/樂	史比勒	True	True	1		phrase.anime.tsv	408	
史比格	ㄕˇ ㄅㄧˇ ㄍㄜˊ	動漫	1	20	absent			-7.354194117						使比格	史比格	使/比/格	史比格	True	True	1		phrase.anime.tsv	409	
史派克	ㄕˇ ㄆㄞˋ ㄎㄜˋ	動漫	1	20	absent			-7.354194117						使派客	史派克	使/派/客	史派克	True	True	1		phrase.anime.tsv	410	
史特拉托斯	ㄕˇ ㄊㄜˋ ㄌㄚ ㄊㄨㄛ ㄙ	動漫	1	17	absent			-7.354194117						使特拉他司	史特拉托斯	使/特/拉/他/司	史特拉托斯	True	True	1		phrase.anime.tsv	411	
史特路爾森	ㄕˇ ㄊㄜˋ ㄌㄨˋ ㄦˇ ㄙㄣ	動漫	1	10	absent			-7.354194117						使特路爾森	史特路爾森	使/特/路/爾/森	史特路爾森	True	True	1		phrase.anime.tsv	412	
史瑪特	ㄕˇ ㄇㄚˇ ㄊㄜˋ	動漫	1	13	absent			-7.354194117						使馬特	史瑪特	使/馬/特	史瑪特	True	True	1		phrase.anime.tsv	413	
右代宮戰人	ㄧㄡˋ ㄉㄞˋ ㄍㄨㄥ ㄓㄢˋ ㄖㄣˊ	動漫	1	17	absent			-7.354194117						又代工戰人	右代宮戰人	又/代工/戰/人	右代宮戰人	True	True	1		phrase.anime.tsv	415	
右代宮緣壽	ㄧㄡˋ ㄉㄞˋ ㄍㄨㄥ ㄩㄢˊ ㄕㄡˋ	動漫	1	13	absent			-7.354194117						又帶公園受	右代宮緣壽	又/帶/公園/受	右代宮緣壽	True	True	1		phrase.anime.tsv	416	
右心室肥厚	ㄧㄡˋ ㄒㄧㄣ ㄕˋ ㄈㄟˊ ㄏㄡˋ	醫學	1	5	absent			-7.354194117						又心是肥厚	右心室肥厚	又/心/是/肥厚	右心室肥厚	True	True	1		phrase.medicine.tsv	56	
司法審查	ㄙ ㄈㄚˇ ㄕㄣˇ ㄔㄚˊ	法律	1	11	absent			-7.354194117		司法/審查	1.158848059	司法/審查	1.158848059	司法審查	司法審查	司法/審查	司法/審查	False	True	1		phrase.law.tsv	40	
司瑛士	ㄙ ㄧㄥ ㄕˋ	動漫	1	14	absent			-7.354194117						私應是	司瑛士	私/應/是	司瑛士	True	True	1		phrase.anime.tsv	417	
各務原撫子	ㄍㄜˋ ㄨˋ ㄩㄢˊ ㄈㄨˇ ㄗ˙	動漫	1	22	absent			-7.354194117						各物員府子	各務原撫子	各/物/員/府/子	各務原撫子	True	True	1		phrase.anime.tsv	418	
合作學習	ㄏㄜˊ ㄗㄨㄛˋ ㄒㄩㄝˊ ㄒㄧˊ	教育	1	10	absent			-7.354194117		合作/學習	0.402097102	合作/學習	0.402097102	合作學習	合作學習	合作/學習	合作/學習	False	True	1		phrase.education.tsv	19	
合口呼	ㄏㄜˊ ㄎㄡˇ ㄏㄨ	中文	1	10	absent			-7.354194117						河口乎	河口乎	河口/乎	河口/乎	False	False	1		phrase.chinese.tsv	38	
合夥契約	ㄏㄜˊ ㄏㄨㄛˇ ㄑㄧˋ ㄩㄝ	法律	1	10	absent			-7.354194117		合夥/契約	2.931801281	合夥/契約	2.931801281	合夥契約	合夥契約	合夥/契約	合夥契約	False	True	1		phrase.law.tsv	41	
合意管轄	ㄏㄜˊ ㄧˋ ㄍㄨㄢˇ ㄒㄧㄚˊ	法律	1	9	absent			-7.354194117		合意/管轄	3.924764853	合意/管轄	3.924764853	和一管轄	合意管轄	和/一/管轄	合意管轄	True	True	1		phrase.law.tsv	42	
合成生物學	ㄏㄜˊ ㄔㄥˊ ㄕㄥ ㄨˋ ㄒㄩㄝˊ	生技藥學	1	4	absent			-7.354194117		合成/生物學	2.766370946	合成/生物學	2.766370946	合成生物學	合成生物學	合成/生物學	合成/生物學	False	True	1		phrase.biotech-pharma.tsv	26	
合成詞	ㄏㄜˊ ㄔㄥˊ ㄘˊ	中文	1	11	absent			-7.354194117						合成詞	合成詞	合成/詞	合成/詞	False	True	1		phrase.chinese.tsv	39	
合格商機	ㄏㄜˊ ㄍㄜˊ ㄕㄤ ㄐㄧ	商業	1	11	absent			-7.354194117		合格/商機	2.594141243	合格/商機	2.594141243	合格商機	合格商機	合格/商機	合格/商機	False	True	1		phrase.business.tsv	40	
合流制	ㄏㄜˊ ㄌㄧㄡˊ ㄓˋ	建築土木	1	9	absent			-7.354194117						河流至	河流至	河流/至	河流/至	False	False	1		phrase.civil-engineering.tsv	27	
合約負債	ㄏㄜˊ ㄩㄝ ㄈㄨˋ ㄓㄞˋ	財會金融	1	11	absent			-7.354194117		合約/負債	2.759470171	合約/負債	2.759470171	合約負債	合約負債	合約/負債	合約/負債	False	True	1		phrase.finance.tsv	27	
吉井明久	ㄐㄧˊ ㄐㄧㄥˇ ㄇㄧㄥˊ ㄐㄧㄡˇ	動漫	1	20	absent			-7.354194117		即景/名酒	5.877072863	即景/名酒	5.877072863	及井明九	吉井明久	及/井/明/九	吉井明久	True	True	1		phrase.anime.tsv	419	
吉伊卡哇	ㄐㄧˊ ㄧ ㄎㄚˇ ㄨㄚ˙	一般	1	8	absent			-7.354194117						及一卡哇	吉伊卡哇	及/一/卡/哇	吉伊卡哇	True	True	1		phrase.general.tsv	27	
吉吉	ㄐㄧˊ ㄐㄧˊ	動漫	1	20	absent	集集|汲汲|唧唧|寂寂|籍籍	-5.741410261	-7.354194117	-1.612783857			集集	-1.612783857	集集	集集	集集	集集	False	False	6	唧唧|寂寂|汲汲|籍籍|藉藉|集集	phrase.anime.tsv	420	
吉岡雙葉	ㄐㄧˊ ㄍㄤ ㄕㄨㄤ ㄧㄝˋ	動漫	1	19	absent			-7.354194117						及剛雙業	吉岡雙葉	及/剛/雙/業	吉岡雙葉	True	True	1		phrase.anime.tsv	421	
吉川由紀	ㄐㄧˊ ㄔㄨㄢ ㄧㄡˊ ㄐㄧˋ	動漫	1	13	absent			-7.354194117						及穿遊記	吉川由紀	及/穿/遊記	吉川由紀	True	True	1		phrase.anime.tsv	422	
吉布斯	ㄐㄧˊ ㄅㄨˋ ㄙ	科學	1	11	absent			-7.354194117						及不司	吉布斯	及/不/司	吉布斯	True	True	1		phrase.science.tsv	20	
吉爾伽美什	ㄐㄧˊ ㄦˇ ㄐㄧㄚ ㄇㄟˇ ㄕㄜˊ	動漫	1	14	absent			-7.354194117						吉爾家美什	吉爾伽美什	吉爾/家/美/什	吉爾伽美什	True	True	1		phrase.anime.tsv	423	
吉田一美	ㄐㄧˊ ㄊㄧㄢˊ ㄧ ㄇㄟˇ	動漫	1	14	absent			-7.354194117						及田一美	吉田一美	及/田/一/美	吉田一美	True	True	1		phrase.anime.tsv	424	
吉田千鶴	ㄐㄧˊ ㄊㄧㄢˊ ㄑㄧㄢ ㄏㄜˋ	動漫	1	13	absent			-7.354194117						及田千和	吉田千鶴	及/田/千/和	吉田千鶴	True	True	1		phrase.anime.tsv	425	
吉田春	ㄐㄧˊ ㄊㄧㄢˊ ㄔㄨㄣ	動漫	1	15	absent			-7.354194117						及田春	吉田春	及/田/春	吉田春	True	True	1		phrase.anime.tsv	426	
吉田芹那	ㄐㄧˊ ㄊㄧㄢˊ ㄑㄧㄣˊ ㄋㄚˋ	動漫	1	12	absent			-7.354194117						及田琴那	吉田芹那	及/田/琴/那	吉田芹那	True	True	1		phrase.anime.tsv	427	
吉貝爾	ㄐㄧˊ ㄅㄟˋ ㄦˇ	動漫	1	8	absent			-7.354194117						及貝爾	吉貝爾	及/貝爾	吉貝爾	True	True	1		phrase.anime.tsv	428	
同儕評量	ㄊㄨㄥˊ ㄔㄞˊ ㄆㄧㄥˊ ㄌㄧㄤˊ	教育	1	10	absent			-7.354194117		同儕/評量	3.437740169	同儕/評量	3.437740169	同儕評量	同儕評量	同儕/評量	同儕/評量	False	True	1		phrase.education.tsv	20	
同學是	ㄊㄨㄥˊ ㄒㄩㄝˊ ㄕˋ	動漫	1	23	absent			-7.354194117						同學是	同學是	同學/是	同學/是	False	True	1		phrase.anime.tsv	430	
同步馬達	ㄊㄨㄥˊ ㄅㄨˋ ㄇㄚˇ ㄉㄚˊ	電子電機	1	13	absent			-7.354194117		同步/馬達	2.723075176	同步/馬達	2.723075176	同步馬達	同步馬達	同步/馬達	同步/馬達	False	True	1		phrase.electronics.tsv	47	
名取周一	ㄇㄧㄥˊ ㄑㄩˇ ㄓㄡ ㄧ	動漫	1	17	absent			-7.354194117		名曲/週一	3.800796607	名曲/週一	3.800796607	明取週一	名取周一	明/取/週一	名取周一	True	True	1		phrase.anime.tsv	432	
名義發誓	ㄇㄧㄥˊ ㄧˋ ㄈㄚ ㄕˋ	動漫	1	14	absent			-7.354194117		名義/發誓	3.34000972	名義/發誓	3.34000972	名義發是	名義發誓	名義/發/是	名義發誓	True	True	1		phrase.anime.tsv	433	
向井戶愛花	ㄒㄧㄤˋ ㄐㄧㄥˇ ㄏㄨˋ ㄞˋ ㄏㄨㄚ	動漫	1	15	absent			-7.354194117						像景互愛花	向井戶愛花	像/景/互愛/花	向井戶愛花	True	True	1		phrase.anime.tsv	434	
向量控制	ㄒㄧㄤˋ ㄌㄧㄤˋ ㄎㄨㄥˋ ㄓˋ	電子電機	1	11	absent			-7.354194117		向量/控制	2.206502338	向量/控制	2.206502338	向量控制	向量控制	向量/控制	向量/控制	False	True	1		phrase.electronics.tsv	48	
向量搜尋	ㄒㄧㄤˋ ㄌㄧㄤˋ ㄙㄡ ㄒㄩㄣˊ	AI資料科學	1	10	absent			-7.354194117		向量/搜尋	2.626506494	向量/搜尋	2.626506494	向量搜尋	向量搜尋	向量/搜尋	向量/搜尋	False	True	1		phrase.ai-data-science.tsv	33	
君嶋綾乃	ㄐㄩㄣ ㄉㄠˇ ㄌㄧㄥˊ ㄋㄞˇ	動漫	1	11	absent			-7.354194117						均導靈乃	君嶋綾乃	均/導/靈/乃	君嶋綾乃	True	True	1		phrase.anime.tsv	436	
否定者	ㄈㄡˇ ㄉㄧㄥˋ ㄓㄜˇ	動漫	1	11	absent			-7.354194117						否定者	否定者	否定/者	否定/者	False	True	1		phrase.anime.tsv	437	
吳起變法	ㄨˊ ㄑㄧˇ ㄅㄧㄢˋ ㄈㄚˇ	歷史	1	12	absent			-7.354194117						無起變法	吳起變法	無/起/變/法	吳起變法	True	True	1		phrase.history.tsv	39	
吸血鬼騎士	ㄒㄧ ㄒㄧㄝˇ ㄍㄨㄟˇ ㄑㄧˊ ㄕˋ	動漫	1	20	absent			-7.354194117		吸血鬼/歧視	2.965382704	吸血鬼/歧視	2.965382704	吸血鬼歧視	吸血鬼騎士	吸血鬼/歧視	吸血鬼騎士	True	True	1		phrase.anime.tsv	439	
吸音性能	ㄒㄧ ㄧㄣ ㄒㄧㄥˋ ㄋㄥˊ	建築土木	1	12	absent			-7.354194117						西因性能	吸音性能	西/因/性能	吸音性能	True	True	1		phrase.civil-engineering.tsv	28	
吾代忍	ㄨˊ ㄉㄞˋ ㄖㄣˇ	動漫	1	11	absent			-7.354194117						無待忍	吾代忍	無/待/忍	吾代忍	True	True	1		phrase.anime.tsv	440	
呂布奉先	ㄌㄩˇ ㄅㄨˋ ㄈㄥˋ ㄒㄧㄢ	動漫	1	15	absent			-7.354194117		呂布/鳳仙	5.752134126	呂布/鳳仙	5.752134126	旅不鳳仙	呂布奉先	旅/不/鳳仙	呂布奉先	True	True	1		phrase.anime.tsv	441	
周防尊	ㄓㄡ ㄈㄤˊ ㄗㄨㄣ	動漫	1	11	absent			-7.354194117						周防尊	周防尊	周/防/尊	周防尊	False	True	1		phrase.anime.tsv	443	
周防有希	ㄓㄡ ㄈㄤˊ ㄧㄡˇ ㄒㄧ	動漫	1	14	absent			-7.354194117						周防有西	周防有希	周/防/有/西	周防有希	True	True	1		phrase.anime.tsv	444	
周防美琴	ㄓㄡ ㄈㄤˊ ㄇㄟˇ ㄑㄧㄣˊ	動漫	1	12	absent			-7.354194117						周防美琴	周防美琴	周/防/美/琴	周防美琴	False	True	1		phrase.anime.tsv	445	
呼吸器脫離	ㄏㄨ ㄒㄧ ㄑㄧˋ ㄊㄨㄛ ㄌㄧˊ	醫學	1	3	absent			-7.354194117		呼吸器/脫離	3.797891617	呼吸器/脫離	3.797891617	呼吸器脫離	呼吸器脫離	呼吸器/脫離	呼吸器脫離	False	True	1		phrase.medicine.tsv	60	
呼告	ㄏㄨ ㄍㄠˋ	中文	1	11	absent			-7.354194117						呼告	呼告	呼/告	呼/告	False	True	1		phrase.chinese.tsv	40	
命令注入	ㄇㄧㄥˋ ㄌㄧㄥˋ ㄓㄨˋ ㄖㄨˋ	網路資安	1	11	absent			-7.354194117		命令/注入	2.671507639	命令/注入	2.671507639	命令注入	命令注入	命令/注入	命令注入	False	True	1		phrase.network-security.tsv	40	
命題原則	ㄇㄧㄥˋ ㄊㄧˊ ㄩㄢˊ ㄗㄜˊ	教育	1	10	absent			-7.354194117		命題/原則	2.21109809	命題/原則	2.21109809	命題原則	命題原則	命題/原則	命題原則	False	True	1		phrase.education.tsv	21	
和倉結名	ㄏㄜˊ ㄘㄤ ㄐㄧㄝˊ ㄇㄧㄥˊ	動漫	1	11	absent			-7.354194117						和倉頡明	和倉結名	和/倉頡/明	和倉結名	True	True	1		phrase.anime.tsv	446	
和泉一織	ㄏㄜˊ ㄑㄩㄢˊ ㄧ ㄓ	動漫	1	15	absent			-7.354194117						和全一隻	和泉一織	和/全/一隻	和泉一織	True	True	1		phrase.anime.tsv	447	
和泉三月	ㄏㄜˊ ㄑㄩㄢˊ ㄙㄢ ㄩㄝˋ	動漫	1	11	absent			-7.354194117						和全三月	和泉三月	和/全/三月	和泉三月	True	True	1		phrase.anime.tsv	448	
和泉正宗	ㄏㄜˊ ㄑㄩㄢˊ ㄓㄥˋ ㄗㄨㄥ	動漫	1	18	absent			-7.354194117						和全正宗	和泉正宗	和/全/正宗	和泉正宗	True	True	1		phrase.anime.tsv	449	
和泉紗霧	ㄏㄜˊ ㄑㄩㄢˊ ㄕㄚ ㄨˋ	動漫	1	15	absent			-7.354194117						和全殺物	和泉紗霧	和/全/殺/物	和泉紗霧	True	True	1		phrase.anime.tsv	450	
和真	ㄏㄜˊ ㄓㄣ	動漫	1	15	absent			-7.354194117						和真	和真	和/真	和/真	False	True	1		phrase.anime.tsv	451	
和谷義高	ㄏㄜˊ ㄍㄨˇ ㄧˋ ㄍㄠ	動漫	1	12	absent			-7.354194117						河谷一高	和谷義高	河谷/一/高	和谷義高	True	True	1		phrase.anime.tsv	452	
咪啪	ㄇㄧ ㄆㄚ	動漫	1	13	absent			-7.354194117						咪拍	咪啪	咪/拍	咪啪	True	True	1		phrase.anime.tsv	454	
品德教育	ㄆㄧㄣˇ ㄉㄜˊ ㄐㄧㄠˋ ㄩˋ	教育	1	11	absent			-7.354194117		品德/教育	1.710790795	品德/教育	1.710790795	品德教育	品德教育	品德/教育	品德教育	False	True	1		phrase.education.tsv	22	
品牌優化	ㄆㄧㄣˇ ㄆㄞˊ ㄧㄡ ㄏㄨㄚˋ	商業	1	11	absent			-7.354194117						品牌優化	品牌優化	品牌/優/化	品牌優化	False	True	1		phrase.business.tsv	42	
品牌分析	ㄆㄧㄣˇ ㄆㄞˊ ㄈㄣ ㄒㄧ	商業	1	12	absent			-7.354194117		品牌/分析	1.308806977	品牌/分析	1.308806977	品牌分析	品牌分析	品牌/分析	品牌/分析	False	True	1		phrase.business.tsv	43	
品牌定位	ㄆㄧㄣˇ ㄆㄞˊ ㄉㄧㄥˋ ㄨㄟˋ	商業	1	11	absent			-7.354194117		品牌/定位	1.874069269	品牌/定位	1.874069269	品牌定位	品牌定位	品牌/定位	品牌/定位	False	True	1		phrase.business.tsv	44	
品牌延伸	ㄆㄧㄣˇ ㄆㄞˊ ㄧㄢˊ ㄕㄣ	商業	1	11	absent			-7.354194117		品牌/延伸	2.088942217	品牌/延伸	2.088942217	品牌延伸	品牌延伸	品牌/延伸	品牌/延伸	False	True	1		phrase.business.tsv	45	
品牌授權	ㄆㄧㄣˇ ㄆㄞˊ ㄕㄡˋ ㄑㄩㄢˊ	商業	1	11	absent			-7.354194117		品牌/授權	1.23041824	品牌/授權	1.23041824	品牌授權	品牌授權	品牌/授權	品牌/授權	False	True	1		phrase.business.tsv	46	
品牌權益	ㄆㄧㄣˇ ㄆㄞˊ ㄑㄩㄢˊ ㄧˋ	商業	1	11	absent			-7.354194117		品牌/權益	1.699192142	品牌/權益	1.699192142	品牌權益	品牌權益	品牌/權益	品牌/權益	False	True	1		phrase.business.tsv	47	
品牌策略	ㄆㄧㄣˇ ㄆㄞˊ ㄘㄜˋ ㄌㄩㄝˋ	商業	1	11	absent			-7.354194117		品牌/策略	1.53012819	品牌/策略	1.53012819	品牌策略	品牌策略	品牌/策略	品牌/策略	False	True	1		phrase.business.tsv	48	
品牌管理	ㄆㄧㄣˇ ㄆㄞˊ ㄍㄨㄢˇ ㄌㄧˇ	商業	1	12	absent			-7.354194117		品牌/管理	1.02473115	品牌/管理	1.02473115	品牌管理	品牌管理	品牌/管理	品牌/管理	False	True	1		phrase.business.tsv	49	
品牌規劃	ㄆㄧㄣˇ ㄆㄞˊ ㄍㄨㄟ ㄏㄨㄚˋ	商業	1	12	absent			-7.354194117		品牌/規劃	1.193070587	品牌/規劃	1.193070587	品牌規劃	品牌規劃	品牌/規劃	品牌/規劃	False	True	1		phrase.business.tsv	50	
品牌設計	ㄆㄧㄣˇ ㄆㄞˊ ㄕㄜˋ ㄐㄧˋ	媒體設計	1	12	absent			-7.354194117		品牌/設計	0.962871496	品牌/設計	0.962871496	品牌設計	品牌設計	品牌/設計	品牌/設計	False	True	1		phrase.media-design.tsv	23	
品牌識別	ㄆㄧㄣˇ ㄆㄞˊ ㄕˋ ㄅㄧㄝˊ	商業	1	11	absent			-7.354194117		品牌/識別	2.624737735	品牌/識別	2.624737735	品牌識別	品牌識別	品牌/識別	品牌/識別	False	True	1		phrase.business.tsv	51	
品牌預測	ㄆㄧㄣˇ ㄆㄞˊ ㄩˋ ㄘㄜˋ	商業	1	11	absent			-7.354194117		品牌/預測	1.885867468	品牌/預測	1.885867468	品牌預測	品牌預測	品牌/預測	品牌/預測	False	True	1		phrase.business.tsv	52	
品質工程	ㄆㄧㄣˇ ㄓˊ ㄍㄨㄥ ㄔㄥˊ	工業工程	1	13	absent			-7.354194117		品質/工程	0.679812526	品質/工程	0.679812526	品質工程	品質工程	品質/工程	品質/工程	False	True	1		phrase.industrial-engineering.tsv	26	
品質查驗	ㄆㄧㄣˇ ㄓˊ ㄔㄚˊ ㄧㄢˋ	建築土木	1	21	absent			-7.354194117		品質/查驗	2.300654721	品質/查驗	2.300654721	品質查驗	品質查驗	品質/查驗	品質/查驗	False	True	1		phrase.civil-engineering.tsv	30	
品質檢驗	ㄆㄧㄣˇ ㄓˊ ㄐㄧㄢˇ ㄧㄢˋ	建築土木	1	14	absent			-7.354194117		品質/檢驗	1.327032133	品質/檢驗	1.327032133	品質檢驗	品質檢驗	品質/檢驗	品質/檢驗	False	True	1		phrase.civil-engineering.tsv	31	
品質管理	ㄆㄧㄣˇ ㄓˊ ㄍㄨㄢˇ ㄌㄧˇ	建築土木	1	13	absent			-7.354194117		品質/管理	0.423530297	品質/管理	0.423530297	品質管理	品質管理	品質/管理	品質/管理	False	True	1		phrase.civil-engineering.tsv	32	
品質計畫書	ㄆㄧㄣˇ ㄓˊ ㄐㄧˋ ㄏㄨㄚˋ ㄕㄨ	建築土木	1	5	absent			-7.354194117		品質/計劃書	2.902714712	品質/計劃書	2.902714712	品質計畫書	品質計畫書	品質/計畫/書	品質計畫書	False	True	1		phrase.civil-engineering.tsv	33	
哆啦欸夢	ㄉㄨㄛ ㄌㄚ ㄟ ㄇㄥˋ	動漫	1	16	absent			-7.354194117						多拉ㄟ夢	哆啦欸夢	多/拉/ㄟ/夢	哆啦欸夢	True	True	1		phrase.anime.tsv	455	哆啦A夢
哆啦美	ㄉㄨㄛ ㄌㄚ ㄇㄟˇ	動漫	1	13	0			-7.354194117						多拉美	哆啦美	多/拉/美	哆啦美	True	True	1		phrase.anime.tsv	456	
哈克	ㄏㄚ ㄎㄜˋ	動漫	1	17	absent			-7.354194117						哈客	哈客	哈/客	哈/客	False	False	1		phrase.anime.tsv	457	
哈密頓力學	ㄏㄚ ㄇㄧˋ ㄉㄨㄣˋ ㄌㄧˋ ㄒㄩㄝˊ	科學	1	2	absent			-7.354194117						哈密頓力學	哈密頓力學	哈密/頓/力學	哈密頓力學	False	True	1		phrase.science.tsv	21	
哈文特	ㄏㄚ ㄨㄣˊ ㄊㄜˋ	動漫	1	15	absent			-7.354194117						哈文特	哈文特	哈/文/特	哈文特	False	True	1		phrase.anime.tsv	458	
哈普提茲姆	ㄏㄚ ㄆㄨˇ ㄊㄧˊ ㄗ ㄇㄨˇ	動漫	1	15	absent			-7.354194117						哈普題資母	哈普提茲姆	哈/普/題/資/母	哈普提茲姆	True	True	1		phrase.anime.tsv	459	
哈比	ㄏㄚ ㄅㄧˇ	動漫	1	13	absent			-7.354194117						哈比	哈比	哈/比	哈/比	False	True	1		phrase.anime.tsv	460	
哈特菲利亞	ㄏㄚ ㄊㄜˋ ㄈㄟ ㄌㄧˋ ㄧㄚˇ	動漫	1	19	absent			-7.354194117						哈特非力亞	哈特菲利亞	哈/特/非/力/亞	哈特菲利亞	True	True	1		phrase.anime.tsv	461	
哈魯	ㄏㄚ ㄌㄨˇ	動漫	1	11	absent			-7.354194117						哈魯	哈魯	哈/魯	哈/魯	False	True	1		phrase.anime.tsv	462	
員工敬業度	ㄩㄢˊ ㄍㄨㄥ ㄐㄧㄥˋ ㄧㄝˋ ㄉㄨˋ	商業	1	5	absent			-7.354194117						員工敬業度	員工敬業度	員工/敬業/度	員工敬業度	False	True	1		phrase.business.tsv	53	
員工體驗	ㄩㄢˊ ㄍㄨㄥ ㄊㄧˇ ㄧㄢˋ	商業	1	12	absent			-7.354194117		員工/體驗	1.295852758	員工/體驗	1.295852758	員工體驗	員工體驗	員工/體驗	員工/體驗	False	True	1		phrase.business.tsv	54	
哥布林殺手	ㄍㄜ ㄅㄨˋ ㄌㄧㄣˊ ㄕㄚ ㄕㄡˇ	動漫	1	21	absent			-7.354194117						哥不林殺手	哥布林殺手	哥/不/林/殺手	哥布林殺手	True	True	1		phrase.anime.tsv	463	
唐之杜志恩	ㄊㄤˊ ㄓ ㄉㄨˋ ㄓˋ ㄣ	動漫	1	11	absent			-7.354194117						糖之度至恩	唐之杜志恩	糖/之/度/至/恩	唐之杜志恩	True	True	1		phrase.anime.tsv	465	
唐澤	ㄊㄤˊ ㄗㄜˊ	動漫	1	12	absent			-7.354194117						糖則	糖則	糖/則	糖/則	False	False	1		phrase.anime.tsv	466	
商業模式	ㄕㄤ ㄧㄝˋ ㄇㄛˊ ㄕˋ	商業	1	13	absent			-7.354194117		商業/模式	0.900132608	商業/模式	0.900132608	商業模式	商業模式	商業/模式	商業/模式	False	True	1		phrase.business.tsv	55	
商業滅菌	ㄕㄤ ㄧㄝˋ ㄇㄧㄝˋ ㄐㄩㄣˋ	農業食品	1	10	absent			-7.354194117		商業/滅菌	3.184402164	商業/滅菌	3.184402164	商業滅菌	商業滅菌	商業/滅菌	商業/滅菌	False	True	1		phrase.agriculture-food.tsv	8	
商鞅變法	ㄕㄤ ㄧㄤ ㄅㄧㄢˋ ㄈㄚˇ	歷史	1	9	absent			-7.354194117		商鞅/變法	5.445709099	商鞅/變法	5.445709099	商鞅變法	商鞅變法	商鞅/變/法	商鞅變法	False	True	1		phrase.history.tsv	41	
問答系統	ㄨㄣˋ ㄉㄚˊ ㄒㄧˋ ㄊㄨㄥˇ	AI資料科學	1	12	absent			-7.354194117		問答/系統	1.823101127	問答/系統	1.823101127	問答系統	問答系統	問答/系統	問答/系統	False	True	1		phrase.ai-data-science.tsv	35	
問題解決	ㄨㄣˋ ㄊㄧˊ ㄐㄧㄝˇ ㄐㄩㄝˊ	心理社會	1	13	absent			-7.354194117		問題/解決	-0.269277041	問題/解決	-0.269277041	問題解決	問題解決	問題/解決	問題/解決	False	True	1		phrase.psychology-society.tsv	20	
啟發式評估	ㄑㄧˇ ㄈㄚ ㄕˋ ㄆㄧㄥˊ ㄍㄨ	媒體設計	1	4	absent			-7.354194117		啟發式/評估	3.68805069	啟發式/評估	3.68805069	啟發式評估	啟發式評估	啟發式/評估	啟發式評估	False	True	1		phrase.media-design.tsv	24	
善意取得	ㄕㄢˋ ㄧˋ ㄑㄩˇ ㄉㄜˊ	法律	1	10	absent			-7.354194117		善意/取得	1.871786507	善意/取得	1.871786507	善意取得	善意取得	善意/取得	善意/取得	False	True	1		phrase.law.tsv	44	
喉嚨異物感	ㄏㄡˊ ㄌㄨㄥˊ ㄧˋ ㄨˋ ㄍㄢˇ	醫學	1	4	absent			-7.354194117						喉嚨異物感	喉嚨異物感	喉嚨/異物/感	喉嚨異物感	False	True	1		phrase.medicine.tsv	62	
喜劇性	ㄒㄧˇ ㄐㄩˋ ㄒㄧㄥˋ	中文	1	11	absent			-7.354194117						喜劇性	喜劇性	喜劇/性	喜劇性	False	True	1		phrase.chinese.tsv	41	
喜多川海夢	ㄒㄧˇ ㄉㄨㄛ ㄔㄨㄢ ㄏㄞˇ ㄇㄥˋ	動漫	1	19	absent			-7.354194117						洗多穿海夢	喜多川海夢	洗/多/穿/海/夢	喜多川海夢	True	True	1		phrase.anime.tsv	467	
喜多郁代	ㄒㄧˇ ㄉㄨㄛ ㄩˋ ㄉㄞˋ	動漫	1	15	absent			-7.354194117						洗多與代	喜多郁代	洗/多/與/代	喜多郁代	True	True	1		phrase.anime.tsv	468	
喜歡你	ㄒㄧˇ ㄏㄨㄢ ㄋㄧˇ	動漫	1	20	absent			-7.354194117						喜歡你	喜歡你	喜歡/你	喜歡/你	False	True	1		phrase.anime.tsv	470	
喜翠莊	ㄒㄧˇ ㄘㄨㄟˋ ㄓㄨㄤ	動漫	1	11	absent			-7.354194117						洗脆裝	喜翠莊	洗/脆/裝	喜翠莊	True	True	1		phrase.anime.tsv	471	
喬巴	ㄑㄧㄠˊ ㄅㄚ	動漫	1	14	absent			-7.354194117						橋八	橋八	橋/八	橋/八	False	False	1		phrase.anime.tsv	472	
喬巴拿	ㄑㄧㄠˊ ㄅㄚ ㄋㄚˊ	動漫	1	14	absent			-7.354194117						橋八拿	喬巴拿	橋/八/拿	喬巴拿	True	True	1		phrase.anime.tsv	473	
喬斯達	ㄑㄧㄠˊ ㄙ ㄉㄚˊ	動漫	1	25	absent			-7.354194117						橋司達	喬斯達	橋/司/達	喬斯達	True	True	1		phrase.anime.tsv	474	
喬瑟夫	ㄑㄧㄠˊ ㄙㄜˋ ㄈㄨ	動漫	1	21	absent			-7.354194117						橋色不	喬瑟夫	橋/色/不	喬瑟夫	True	True	1		phrase.anime.tsv	475	
喬納森	ㄑㄧㄠˊ ㄋㄚˋ ㄙㄣ	動漫	1	24	absent			-7.354194117						橋那森	喬納森	橋/那/森	喬納森	True	True	1		phrase.anime.tsv	476	
喬魯諾	ㄑㄧㄠˊ ㄌㄨˇ ㄋㄨㄛˋ	動漫	1	14	absent			-7.354194117						橋魯諾	喬魯諾	橋/魯/諾	喬魯諾	True	True	1		phrase.anime.tsv	477	
單一登入	ㄉㄢ ㄧ ㄉㄥ ㄖㄨˋ	網路資安	1	11	absent			-7.354194117		單一/登入	2.83968621	單一/登入	2.83968621	單一登入	單一登入	單一/登入	單一/登入	False	True	1		phrase.network-security.tsv	42	
單元式製造	ㄉㄢ ㄩㄢˊ ㄕˋ ㄓˋ ㄗㄠˋ	工業工程	1	4	absent			-7.354194117						單元是製造	單元式製造	單元/是/製造	單元式製造	True	True	1		phrase.industrial-engineering.tsv	28	
單元操作	ㄉㄢ ㄩㄢˊ ㄘㄠ ㄗㄨㄛˋ	材料化工	1	11	absent			-7.354194117		單元/操作	1.907529601	單元/操作	1.907529601	單元操作	單元操作	單元/操作	單元操作	False	True	1		phrase.materials-chemistry.tsv	20	
單導核糖核酸	ㄉㄢ ㄉㄠˇ ㄏㄜˊ ㄊㄤˊ ㄏㄜˊ ㄙㄨㄢ	生技藥學	1	5	absent			-7.354194117						單導核醣核酸	單導核糖核酸	單/導/核醣核酸	單導核糖核酸	True	True	1		phrase.biotech-pharma.tsv	28	單導RNA
單機排程	ㄉㄢ ㄐㄧ ㄆㄞˊ ㄔㄥˊ	工業工程	1	11	absent			-7.354194117		單機/排成	4.345593946	單機/排成	4.345593946	單機排成	單機排程	單機/排/成	單機排程	True	True	1		phrase.industrial-engineering.tsv	29	
單次對焦	ㄉㄢ ㄘˋ ㄉㄨㄟˋ ㄐㄧㄠ	媒體設計	1	12	absent			-7.354194117						單次對焦	單次對焦	單/次/對焦	單次對焦	False	True	1		phrase.media-design.tsv	25	
單純詞	ㄉㄢ ㄔㄨㄣˊ ㄘˊ	中文	1	11	absent			-7.354194117						單純詞	單純詞	單純/詞	單純/詞	False	True	1		phrase.chinese.tsv	42	
單細胞分析	ㄉㄢ ㄒㄧˋ ㄅㄠ ㄈㄣ ㄒㄧ	生技藥學	1	4	absent			-7.354194117		單細胞/分析	3.234806244	單細胞/分析	3.234806244	單細胞分析	單細胞分析	單細胞/分析	單細胞分析	False	True	1		phrase.biotech-pharma.tsv	29	
喰種	ㄘㄢ ㄓㄨㄥˇ	動漫	1	13	absent			-7.354194117						餐種	餐種	餐/種	餐/種	False	False	1		phrase.anime.tsv	478	
喵太	ㄇㄧㄠ ㄊㄞˋ	動漫	1	12	absent			-7.354194117						喵太	喵太	喵/太	喵太	False	True	1		phrase.anime.tsv	479	
喵帕斯	ㄇㄧㄠ ㄆㄚˋ ㄙ	動漫	1	12	absent			-7.354194117						喵怕司	喵帕斯	喵/怕/司	喵帕斯	True	True	1		phrase.anime.tsv	480	
嗚咕	ㄨ ㄍㄨ	動漫	1	11	absent			-7.354194117						屋家	屋家	屋/家	屋/家	False	False	1		phrase.anime.tsv	481	
嘆詞	ㄊㄢˋ ㄘˊ	中文	1	11	absent	歎詞	-7.354194117	-7.354194117	0.0			歎詞	0.0	碳詞	碳詞	碳/詞	碳/詞	False	False	2	歎詞	phrase.chinese.tsv	43	
嘉德麗雅	ㄐㄧㄚ ㄉㄜˊ ㄌㄧˋ ㄧㄚˇ	動漫	1	15	absent			-7.354194117						加得利亞	嘉德麗雅	加/得利/亞	嘉德麗雅	True	True	1		phrase.anime.tsv	483	
嘴平伊之助	ㄗㄨㄟˇ ㄆㄧㄥˊ ㄧ ㄓ ㄓㄨˋ	動漫	1	17	absent			-7.354194117						嘴平一支柱	嘴平伊之助	嘴/平/一/支柱	嘴平伊之助	True	True	1		phrase.anime.tsv	485	
噪音污染	ㄗㄠˋ ㄧㄣ ㄨ ㄖㄢˇ	環境能源	1	10	absent			-7.354194117		噪音/污染	2.134761542	噪音/污染	2.134761542	噪音污染	噪音污染	噪音/污染	噪音/污染	False	True	1		phrase.energy-environment.tsv	17	
噬魂者	ㄕˋ ㄏㄨㄣˊ ㄓㄜˇ	動漫	1	19	absent			-7.354194117						是魂者	噬魂者	是/魂/者	噬魂者	True	True	1		phrase.anime.tsv	486	
噴凝土	ㄆㄣ ㄋㄧㄥˊ ㄊㄨˇ	建築土木	1	4	absent			-7.354194117						噴凝土	噴凝土	噴/凝/土	噴凝土	False	True	1		phrase.civil-engineering.tsv	34	
噴射混凝土	ㄆㄣ ㄕㄜˋ ㄏㄨㄣˋ ㄋㄧㄥˊ ㄊㄨˇ	建築土木	1	3	absent			-7.354194117		噴射/混凝土	3.783301081	噴射/混凝土	3.783301081	噴射混凝土	噴射混凝土	噴射/混凝土	噴射/混凝土	False	True	1		phrase.civil-engineering.tsv	36	
噴霧乾燥	ㄆㄣ ㄨˋ ㄍㄢ ㄗㄠˋ	農業食品	1	12	absent			-7.354194117		噴霧/乾燥	3.982018831	噴霧/乾燥	3.982018831	噴霧乾燥	噴霧乾燥	噴霧/乾燥	噴霧乾燥	False	True	1		phrase.agriculture-food.tsv	9	
四乃山	ㄙˋ ㄋㄞˇ ㄕㄢ	動漫	1	17	absent			-7.354194117						四乃山	四乃山	四/乃/山	四乃山	False	True	1		phrase.anime.tsv	487	
四之宮	ㄙˋ ㄓ ㄍㄨㄥ	動漫	1	14	absent			-7.354194117						四之公	四之宮	四/之/公	四之宮	True	True	1		phrase.anime.tsv	488	
四宮輝夜	ㄙˋ ㄍㄨㄥ ㄏㄨㄟ ㄧㄝˋ	動漫	1	21	absent			-7.354194117						四公揮業	四宮輝夜	四/公/揮/業	四宮輝夜	True	True	1		phrase.anime.tsv	489	
四次揮手	ㄙˋ ㄘˋ ㄏㄨㄟ ㄕㄡˇ	網路資安	1	10	absent			-7.354194117		四次/揮手	3.988706132	四次/揮手	3.988706132	四次揮手	四次揮手	四次/揮手	四次/揮手	False	True	1		phrase.network-security.tsv	44	
四糸乃	ㄙˋ ㄇㄧˋ ㄋㄞˇ	動漫	1	11	absent			-7.354194117						四密乃	四糸乃	四/密/乃	四糸乃	True	True	1		phrase.anime.tsv	491	
四葉環	ㄙˋ ㄧㄝˋ ㄏㄨㄢˊ	動漫	1	10	absent			-7.354194117						四頁環	四頁環	四頁/環	四頁/環	False	False	1		phrase.anime.tsv	492	
四谷	ㄙˋ ㄍㄨˇ	動漫	1	11	absent			-7.354194117						四古	四古	四/古	四/古	False	False	1		phrase.anime.tsv	493	
四郎	ㄙˋ ㄌㄤˊ	動漫	1	19	absent			-7.354194117						四郎	四郎	四/郎	四/郎	False	True	1		phrase.anime.tsv	494	
四龍	ㄙˋ ㄌㄨㄥˊ	動漫	1	13	absent			-7.354194117						四龍	四龍	四/龍	四/龍	False	True	1		phrase.anime.tsv	496	
回授控制	ㄏㄨㄟˊ ㄕㄡˋ ㄎㄨㄥˋ ㄓˋ	電子電機	1	14	absent			-7.354194117						回授控制	回授控制	回/授/控制	回授控制	False	True	1		phrase.electronics.tsv	49	
回收期間	ㄏㄨㄟˊ ㄕㄡ ㄑㄧˊ ㄐㄧㄢ	財會金融	1	11	absent			-7.354194117		回收/期間	1.365563824	回收/期間	1.365563824	回收期間	回收期間	回收/期間	回收/期間	False	True	1		phrase.finance.tsv	29	
回流路徑	ㄏㄨㄟˊ ㄌㄧㄡˊ ㄌㄨˋ ㄐㄧㄥˋ	電子電機	1	10	absent			-7.354194117		回流/路徑	3.269260542	回流/路徑	3.269260542	回流路徑	回流路徑	回流/路徑	回流路徑	False	True	1		phrase.electronics.tsv	50	
回顧會議	ㄏㄨㄟˊ ㄍㄨˋ ㄏㄨㄟˋ ㄧˋ	商業	1	11	absent			-7.354194117		回顧/會議	1.33969458	回顧/會議	1.33969458	回顧會議	回顧會議	回顧/會議	回顧/會議	False	True	1		phrase.business.tsv	56	
因果分析	ㄧㄣ ㄍㄨㄛˇ ㄈㄣ ㄒㄧ	歷史	1	11	absent			-7.354194117		因果/分析	1.923052383	因果/分析	1.923052383	因果分析	因果分析	因果/分析	因果/分析	False	True	1		phrase.history.tsv	42	
因果複句	ㄧㄣ ㄍㄨㄛˇ ㄈㄨˋ ㄐㄩˋ	中文	1	10	absent			-7.354194117		因果/複句	3.413030657	因果/複句	3.413030657	因果複句	因果複句	因果/複句	因果/複句	False	True	1		phrase.chinese.tsv	44	
固定床	ㄍㄨˋ ㄉㄧㄥˋ ㄔㄨㄤˊ	材料化工	1	11	0			-7.354194117						固定床	固定床	固定/床	固定/床	False	True	1		phrase.materials-chemistry.tsv	21	
固定污染源	ㄍㄨˋ ㄉㄧㄥˋ ㄨ ㄖㄢˇ ㄩㄢˊ	環境能源	1	4	absent			-7.354194117		固定/污染源	2.809258351	固定/污染源	2.809258351	固定污染源	固定污染源	固定/污染源	固定/污染源	False	True	1		phrase.energy-environment.tsv	18	
固態物理	ㄍㄨˋ ㄊㄞˋ ㄨˋ ㄌㄧˇ	科學	1	10	absent			-7.354194117		固態/物理	3.256728563	固態/物理	3.256728563	固態物理	固態物理	固態/物理	固態/物理	False	True	1		phrase.science.tsv	22	
固態繼電器	ㄍㄨˋ ㄊㄞˋ ㄐㄧˋ ㄉㄧㄢˋ ㄑㄧˋ	電子電機	1	2	absent			-7.354194117		固態/繼電器	6.031974823	固態/繼電器	6.031974823	固態繼電器	固態繼電器	固態/繼電器	固態/繼電器	False	True	1		phrase.electronics.tsv	51	
固溶強化	ㄍㄨˋ ㄖㄨㄥˊ ㄑㄧㄤˊ ㄏㄨㄚˋ	材料化工	1	11	absent			-7.354194117						故容強化	固溶強化	故/容/強化	固溶強化	True	True	1		phrase.materials-chemistry.tsv	22	
固溶處理	ㄍㄨˋ ㄖㄨㄥˊ ㄔㄨˇ ㄌㄧˇ	材料化工	1	11	absent			-7.354194117						故容處理	固溶處理	故/容/處理	固溶處理	True	True	1		phrase.materials-chemistry.tsv	23	
國中會考	ㄍㄨㄛˊ ㄓㄨㄥ ㄏㄨㄟˋ ㄎㄠˇ	一般	1	30	absent			-7.354194117		國中/會考	2.188151993	國中/會考	2.188151993	國中會考	國中會考	國中/會考	國中會考	False	True	1		phrase.general.tsv	31	
國共內戰	ㄍㄨㄛˊ ㄍㄨㄥˋ ㄋㄟˋ ㄓㄢˋ	歷史	1	13	absent			-7.354194117						國共內戰	國共內戰	國/共/內戰	國共內戰	False	True	1		phrase.history.tsv	43	
國共合作	ㄍㄨㄛˊ ㄍㄨㄥˋ ㄏㄜˊ ㄗㄨㄛˋ	歷史	1	13	absent			-7.354194117						國共合作	國共合作	國/共/合作	國共合作	False	True	1		phrase.history.tsv	44	
國家形成	ㄍㄨㄛˊ ㄐㄧㄚ ㄒㄧㄥˊ ㄔㄥˊ	歷史	1	12	absent			-7.354194117		國家/形成	0.242225643	國家/形成	0.242225643	國家形成	國家形成	國家/形成	國家/形成	False	True	1		phrase.history.tsv	45	
國家級警報	ㄍㄨㄛˊ ㄐㄧㄚ ㄐㄧˊ ㄐㄧㄥˇ ㄅㄠˋ	一般	1	12	absent			-7.354194117						國家及警報	國家級警報	國家/及/警報	國家級警報	True	True	1		phrase.general.tsv	32	
國家賠償	ㄍㄨㄛˊ ㄐㄧㄚ ㄆㄟˊ ㄔㄤˊ	法律	1	12	absent			-7.354194117		國家/賠償	0.779706212	國家/賠償	0.779706212	國家賠償	國家賠償	國家/賠償	國家/賠償	False	True	1		phrase.law.tsv	46	
國崎往人	ㄍㄨㄛˊ ㄑㄧˊ ㄨㄤˇ ㄖㄣˊ	動漫	1	17	absent			-7.354194117						國旗網人	國崎往人	國旗/網/人	國崎往人	True	True	1		phrase.anime.tsv	497	
國木田獨步	ㄍㄨㄛˊ ㄇㄨˋ ㄊㄧㄢˊ ㄉㄨˊ ㄅㄨˋ	動漫	1	17	absent			-7.354194117						國目田讀不	國木田獨步	國/目/田/讀/不	國木田獨步	True	True	1		phrase.anime.tsv	498	
國木田花丸	ㄍㄨㄛˊ ㄇㄨˋ ㄊㄧㄢˊ ㄏㄨㄚ ㄨㄢˊ	動漫	1	9	absent			-7.354194117						國目田花完	國木田花丸	國/目/田/花/完	國木田花丸	True	True	1		phrase.anime.tsv	499	
國際教育	ㄍㄨㄛˊ ㄐㄧˋ ㄐㄧㄠˋ ㄩˋ	教育	1	12	absent			-7.354194117		國際/教育	-0.379749404	國際/教育	-0.379749404	國際教育	國際教育	國際/教育	國際/教育	False	True	1		phrase.education.tsv	25	
國際物流	ㄍㄨㄛˊ ㄐㄧˋ ㄨˋ ㄌㄧㄡˊ	交通物流	1	12	absent			-7.354194117		國際/物流	1.808809058	國際/物流	1.808809058	國際物流	國際物流	國際/物流	國際/物流	False	True	1		phrase.transport-logistics.tsv	30	
國際移民	ㄍㄨㄛˊ ㄐㄧˋ ㄧˊ ㄇㄧㄣˊ	心理社會	1	12	absent			-7.354194117		國際/移民	0.694280008	國際/移民	0.694280008	國際移民	國際移民	國際/移民	國際/移民	False	True	1		phrase.psychology-society.tsv	21	
園原杏里	ㄩㄢˊ ㄩㄢˊ ㄒㄧㄥˋ ㄌㄧˇ	動漫	1	15	absent			-7.354194117		源源/性理	4.607559918	源源/性理	4.607559918	源源性理	園原杏里	源源/性/理	園原杏里	True	True	1		phrase.anime.tsv	500	
園崎詩音	ㄩㄢˊ ㄑㄧˊ ㄕ ㄧㄣ	動漫	1	10	absent			-7.354194117						原其師因	園崎詩音	原/其/師/因	園崎詩音	True	True	1		phrase.anime.tsv	501	
園崎魅音	ㄩㄢˊ ㄑㄧˊ ㄇㄟˋ ㄧㄣ	動漫	1	15	absent			-7.354194117						原其妹因	園崎魅音	原/其/妹/因	園崎魅音	True	True	1		phrase.anime.tsv	502	
園田海未	ㄩㄢˊ ㄊㄧㄢˊ ㄏㄞˇ ㄨㄟˋ	動漫	1	15	absent			-7.354194117						原填海為	園田海未	原/填/海/為	園田海未	True	True	1		phrase.anime.tsv	503	
園藝學	ㄩㄢˊ ㄧˋ ㄒㄩㄝˊ	農業食品	1	14	absent			-7.354194117						原意學	原意學	原意/學	原意/學	False	False	1		phrase.agriculture-food.tsv	10	
圓城寺仁	ㄩㄢˊ ㄔㄥˊ ㄙˋ ㄖㄣˊ	動漫	1	12	absent			-7.354194117		圓成/四人	4.600611058	圓成/四人	4.600611058	原成四人	圓城寺仁	原/成/四/人	圓城寺仁	True	True	1		phrase.anime.tsv	504	
圖像設計	ㄊㄨˊ ㄒㄧㄤˋ ㄕㄜˋ ㄐㄧˋ	媒體設計	1	12	absent			-7.354194117		圖像/設計	1.357391845	圖像/設計	1.357391845	圖像設計	圖像設計	圖像/設計	圖像/設計	False	True	1		phrase.media-design.tsv	26	
圖形處理器	ㄊㄨˊ ㄒㄧㄥˊ ㄔㄨˇ ㄌㄧˇ ㄑㄧˋ	晶片半導體	1	3	absent			-7.354194117		圖形/處理器	3.126410217	圖形/處理器	3.126410217	圖形處理器	圖形處理器	圖形/處理器	圖形/處理器	False	True	1		phrase.semiconductor.tsv	26	
圖靈	ㄊㄨˊ ㄌㄧㄥˊ	人名-歷史	1	11	0			-7.354194117						圖靈	圖靈	圖/靈	圖/靈	False	True	1		phrase.people-history.tsv	23	
團體迷思	ㄊㄨㄢˊ ㄊㄧˇ ㄇㄧˊ ㄙ	心理社會	1	12	absent			-7.354194117		團體/迷思	1.861566411	團體/迷思	1.861566411	團體迷思	團體迷思	團體/迷思	團體/迷思	False	True	1		phrase.psychology-society.tsv	22	
土司制度	ㄊㄨˇ ㄙ ㄓˋ ㄉㄨˋ	歷史	1	10	absent			-7.354194117		吐司/制度	2.517123606	吐司/制度	2.517123606	吐司制度	土司制度	吐司/制度	土司制度	True	True	1		phrase.history.tsv	47	
土地制度	ㄊㄨˇ ㄉㄧˋ ㄓˋ ㄉㄨˋ	歷史	1	11	absent			-7.354194117		土地/制度	0.624173251	土地/制度	0.624173251	土地制度	土地制度	土地/制度	土地/制度	False	True	1		phrase.history.tsv	48	
土地徵收	ㄊㄨˇ ㄉㄧˋ ㄓㄥ ㄕㄡ	建築土木	1	12	absent			-7.354194117		土地/徵收	1.560548987	土地/徵收	1.560548987	土地徵收	土地徵收	土地/徵收	土地/徵收	False	True	1		phrase.civil-engineering.tsv	39	
土地拓墾	ㄊㄨˇ ㄉㄧˋ ㄊㄨㄛˋ ㄎㄣˇ	歷史	1	12	absent			-7.354194117		土地/拓墾	3.569149159	土地/拓墾	3.569149159	土地拓墾	土地拓墾	土地/拓墾	土地/拓墾	False	True	1		phrase.history.tsv	49	
土地神	ㄊㄨˇ ㄉㄧˋ ㄕㄣˊ	動漫	1	13	absent			-7.354194117						土地什	土地什	土地/什	土地/什	False	False	1		phrase.anime.tsv	507	
土壤改良	ㄊㄨˇ ㄖㄤˇ ㄍㄞˇ ㄌㄧㄤˊ	農業食品	1	16	absent			-7.354194117		土壤/改良	2.758576663	土壤/改良	2.758576663	土壤改良	土壤改良	土壤/改良	土壤/改良	False	True	1		phrase.agriculture-food.tsv	11	
土壤污染	ㄊㄨˇ ㄖㄤˇ ㄨ ㄖㄢˇ	環境能源	1	10	absent			-7.354194117		土壤/污染	2.154441682	土壤/污染	2.154441682	土壤污染	土壤污染	土壤/污染	土壤/污染	False	True	1		phrase.energy-environment.tsv	20	
土壤監測	ㄊㄨˇ ㄖㄤˇ ㄐㄧㄢ ㄘㄜˋ	環境能源	1	11	absent			-7.354194117		土壤/監測	2.836760676	土壤/監測	2.836760676	土壤監測	土壤監測	土壤/監測	土壤/監測	False	True	1		phrase.energy-environment.tsv	21	
土壤盤查	ㄊㄨˇ ㄖㄤˇ ㄆㄢˊ ㄔㄚˊ	環境能源	1	10	absent			-7.354194117		土壤/盤查	3.712819172	土壤/盤查	3.712819172	土壤盤查	土壤盤查	土壤/盤查	土壤/盤查	False	True	1		phrase.energy-environment.tsv	22	
土壤稽核	ㄊㄨˇ ㄖㄤˇ ㄐㄧ ㄏㄜˊ	環境能源	1	10	absent			-7.354194117		土壤/稽核	3.459213826	土壤/稽核	3.459213826	土壤稽核	土壤稽核	土壤/稽核	土壤/稽核	False	True	1		phrase.energy-environment.tsv	23	
土方十四郎	ㄊㄨˇ ㄈㄤ ㄕˊ ㄙˋ ㄌㄤˊ	動漫	1	16	absent			-7.354194117						土方十四郎	土方十四郎	土/方/十四/郎	土方十四郎	False	True	1		phrase.anime.tsv	508	
土方歲三	ㄊㄨˇ ㄈㄤ ㄙㄨㄟˋ ㄙㄢ	動漫	1	12	absent			-7.354194117						土方歲三	土方歲三	土/方/歲/三	土方歲三	False	True	1		phrase.anime.tsv	509	
土石流防治	ㄊㄨˇ ㄕˊ ㄌㄧㄡˊ ㄈㄤˊ ㄓˋ	建築土木	1	3	absent			-7.354194117		土石流/防治	2.679957782	土石流/防治	2.679957782	土石流防治	土石流防治	土石流/防治	土石流防治	False	True	1		phrase.civil-engineering.tsv	40	
在地下城	ㄗㄞˋ ㄉㄧˋ ㄒㄧㄚˋ ㄔㄥˊ	動漫	1	23	absent			-7.354194117		在地/下成	3.213748929	在地/下成	3.213748929	在地下成	在地下城	在地/下/成	在地下城	True	True	1		phrase.anime.tsv	510	
在製品水準	ㄗㄞˋ ㄓˋ ㄆㄧㄣˇ ㄕㄨㄟˇ ㄓㄨㄣˇ	工業工程	1	7	absent			-7.354194117		再製品/水準	4.1452156	再製品/水準	4.1452156	在製品水準	在製品水準	在/製品/水準	在製品水準	False	True	1		phrase.industrial-engineering.tsv	31	
地上最強	ㄉㄧˋ ㄕㄤˋ ㄗㄨㄟˋ ㄑㄧㄤˊ	動漫	1	12	absent			-7.354194117						地上最強	地上最強	地上/最/強	地上最強	False	True	1		phrase.anime.tsv	511	
地下學生會	ㄉㄧˋ ㄒㄧㄚˋ ㄒㄩㄝˊ ㄕㄥ ㄏㄨㄟˋ	動漫	1	12	absent			-7.354194117		地下/學生會	2.109298784	地下/學生會	2.109298784	地下學生會	地下學生會	地下/學生會	地下學生會	False	True	1		phrase.anime.tsv	512	
地下水污染	ㄉㄧˋ ㄒㄧㄚˋ ㄕㄨㄟˇ ㄨ ㄖㄢˇ	環境能源	1	3	absent			-7.354194117		地下水/污染	2.28809565	地下水/污染	2.28809565	地下水污染	地下水污染	地下水/污染	地下水/污染	False	True	1		phrase.energy-environment.tsv	25	
地下水監測	ㄉㄧˋ ㄒㄧㄚˋ ㄕㄨㄟˇ ㄐㄧㄢ ㄘㄜˋ	環境能源	1	4	absent			-7.354194117		地下水/監測	2.970414645	地下水/監測	2.970414645	地下水監測	地下水監測	地下水/監測	地下水/監測	False	True	1		phrase.energy-environment.tsv	26	
地下水盤查	ㄉㄧˋ ㄒㄧㄚˋ ㄕㄨㄟˇ ㄆㄢˊ ㄔㄚˊ	環境能源	1	3	absent			-7.354194117		地下水/盤查	3.846473141	地下水/盤查	3.846473141	地下水盤查	地下水盤查	地下水/盤查	地下水/盤查	False	True	1		phrase.energy-environment.tsv	27	
地下水稽核	ㄉㄧˋ ㄒㄧㄚˋ ㄕㄨㄟˇ ㄐㄧ ㄏㄜˊ	環境能源	1	3	absent			-7.354194117		地下水/稽核	3.592867795	地下水/稽核	3.592867795	地下水稽核	地下水稽核	地下水/稽核	地下水/稽核	False	True	1		phrase.energy-environment.tsv	28	
地下連續壁	ㄉㄧˋ ㄒㄧㄚˋ ㄌㄧㄢˊ ㄒㄩˋ ㄅㄧˋ	建築土木	1	4	absent			-7.354194117						地下連續壁	地下連續壁	地下/連續/壁	地下連續壁	False	True	1		phrase.civil-engineering.tsv	43	
地動說	ㄉㄧˋ ㄉㄨㄥˋ ㄕㄨㄛ	動漫	1	12	absent			-7.354194117						地動說	地動說	地/動/說	地動說	False	True	1		phrase.anime.tsv	513	
地場衛	ㄉㄧˋ ㄔㄤˇ ㄨㄟˋ	動漫	1	12	absent			-7.354194117						地場為	地場衛	地/場/為	地場衛	True	True	1		phrase.anime.tsv	514	
地方史	ㄉㄧˋ ㄈㄤ ㄕˇ	歷史	1	12	absent			-7.354194117						地方史	地方史	地方/史	地方/史	False	True	1		phrase.history.tsv	50	
地滑監測	ㄉㄧˋ ㄏㄨㄚˊ ㄐㄧㄢ ㄘㄜˋ	建築土木	1	10	absent			-7.354194117		地滑/監測	4.237586373	地滑/監測	4.237586373	地滑監測	地滑監測	地滑/監測	地滑/監測	False	True	1		phrase.civil-engineering.tsv	44	
地熱發電	ㄉㄧˋ ㄖㄜˋ ㄈㄚ ㄉㄧㄢˋ	環境能源	1	10	absent			-7.354194117		地熱/發電	3.230669136	地熱/發電	3.230669136	地熱發電	地熱發電	地熱/發電	地熱發電	False	True	1		phrase.energy-environment.tsv	29	
地獄少女	ㄉㄧˋ ㄩˋ ㄕㄠˋ ㄋㄩˇ	動漫	1	22	absent			-7.354194117		地獄/少女	2.501988694	地獄/少女	2.501988694	地獄少女	地獄少女	地獄/少女	地獄少女	False	True	1		phrase.anime.tsv	518	
地獄樂	ㄉㄧˋ ㄩˋ ㄌㄜˋ	動漫	1	21	absent			-7.354194117						地獄樂	地獄樂	地獄/樂	地獄/樂	False	True	1		phrase.anime.tsv	519	
地獄的吹雪	ㄉㄧˋ ㄩˋ ㄉㄜ˙ ㄔㄨㄟ ㄒㄩㄝˇ	動漫	1	14	absent			-7.354194117						地獄的吹雪	地獄的吹雪	地獄/的/吹/雪	地獄的吹雪	False	True	1		phrase.anime.tsv	520	
地理大發現	ㄉㄧˋ ㄌㄧˇ ㄉㄚˋ ㄈㄚ ㄒㄧㄢˋ	歷史	1	4	absent			-7.354194117						地理大發現	地理大發現	地理/大/發現	地理大發現	False	True	1		phrase.history.tsv	51	
地盤修復	ㄉㄧˋ ㄆㄢˊ ㄒㄧㄡ ㄈㄨˋ	建築土木	1	10	absent			-7.354194117		地盤/修復	3.189098243	地盤/修復	3.189098243	地盤修復	地盤修復	地盤/修復	地盤/修復	False	True	1		phrase.civil-engineering.tsv	46	
地盤改良	ㄉㄧˋ ㄆㄢˊ ㄍㄞˇ ㄌㄧㄤˊ	建築土木	1	10	absent			-7.354194117		地盤/改良	3.062492347	地盤/改良	3.062492347	地盤改良	地盤改良	地盤/改良	地盤/改良	False	True	1		phrase.civil-engineering.tsv	47	
地盤施工	ㄉㄧˋ ㄆㄢˊ ㄕ ㄍㄨㄥ	建築土木	1	10	absent			-7.354194117		地盤/施工	2.794287492	地盤/施工	2.794287492	地盤施工	地盤施工	地盤/施工	地盤/施工	False	True	1		phrase.civil-engineering.tsv	48	
地盤檢驗	ㄉㄧˋ ㄆㄢˊ ㄐㄧㄢˇ ㄧㄢˋ	建築土木	1	11	absent			-7.354194117		地盤/檢驗	2.757322239	地盤/檢驗	2.757322239	地盤檢驗	地盤檢驗	地盤/檢驗	地盤/檢驗	False	True	1		phrase.civil-engineering.tsv	49	
地盤監測	ㄉㄧˋ ㄆㄢˊ ㄐㄧㄢ ㄘㄜˋ	建築土木	1	11	absent			-7.354194117		地盤/監測	3.14067636	地盤/監測	3.14067636	地盤監測	地盤監測	地盤/監測	地盤/監測	False	True	1		phrase.civil-engineering.tsv	50	
地盤補強	ㄉㄧˋ ㄆㄢˊ ㄅㄨˇ ㄑㄧㄤˊ	建築土木	1	10	absent			-7.354194117		地盤/補強	3.627874505	地盤/補強	3.627874505	地盤補強	地盤補強	地盤/補強	地盤/補強	False	True	1		phrase.civil-engineering.tsv	51	
地盤設計	ㄉㄧˋ ㄆㄢˊ ㄕㄜˋ ㄐㄧˋ	建築土木	1	12	absent			-7.354194117		地盤/設計	1.791960749	地盤/設計	1.791960749	地盤設計	地盤設計	地盤/設計	地盤/設計	False	True	1		phrase.civil-engineering.tsv	52	
地縛	ㄉㄧˋ ㄈㄨˊ	動漫	1	22	absent			-7.354194117						地服	地服	地/服	地/服	False	False	1	帝服	phrase.anime.tsv	522	
地質鑽探	ㄉㄧˋ ㄓˊ ㄗㄨㄢ ㄊㄢˋ	建築土木	1	10	absent			-7.354194117		地質/鑽探	4.534650182	地質/鑽探	4.534650182	地質鑽探	地質鑽探	地質/鑽探	地質/鑽探	False	True	1		phrase.civil-engineering.tsv	53	
坂上智代	ㄅㄢˇ ㄕㄤˋ ㄓˋ ㄉㄞˋ	動漫	1	15	absent			-7.354194117						版上志代	坂上智代	版/上/志/代	坂上智代	True	True	1		phrase.anime.tsv	523	
坂井悠二	ㄅㄢˇ ㄐㄧㄥˇ ㄧㄡ ㄦˋ	動漫	1	18	absent			-7.354194117						版景優二	坂井悠二	版/景/優/二	坂井悠二	True	True	1		phrase.anime.tsv	524	
坂木靜香	ㄅㄢˇ ㄇㄨˋ ㄐㄧㄥˋ ㄒㄧㄤ	動漫	1	14	absent			-7.354194117						版目競相	坂木靜香	版/目/競相	坂木靜香	True	True	1		phrase.anime.tsv	525	
坂本太郎	ㄅㄢˇ ㄅㄣˇ ㄊㄞˋ ㄌㄤˊ	動漫	1	21	absent			-7.354194117		版本/太郎	2.538510133	版本/太郎	2.538510133	版本太郎	坂本太郎	版本/太郎	坂本太郎	True	True	1		phrase.anime.tsv	526	
坂本日常	ㄅㄢˇ ㄅㄣˇ ㄖˋ ㄔㄤˊ	動漫	1	23	absent			-7.354194117		版本/日常	1.66945106	版本/日常	1.66945106	版本日常	坂本日常	版本/日常	坂本日常	True	True	1		phrase.anime.tsv	527	
坂本雄二	ㄅㄢˇ ㄅㄣˇ ㄒㄩㄥˊ ㄦˋ	動漫	1	13	absent			-7.354194117						版本雄二	坂本雄二	版本/雄/二	坂本雄二	True	True	1		phrase.anime.tsv	528	
坂田銀時	ㄅㄢˇ ㄊㄧㄢˊ ㄧㄣˊ ㄕˊ	動漫	1	24	absent			-7.354194117						版田銀時	坂田銀時	版/田/銀/時	坂田銀時	True	True	1		phrase.anime.tsv	529	
均勻性	ㄐㄩㄣ ㄩㄣˊ ㄒㄧㄥˋ	晶片半導體	1	11	absent			-7.354194117						均勻性	均勻性	均勻/性	均勻/性	False	True	1		phrase.semiconductor.tsv	27	
均方誤差	ㄐㄩㄣ ㄈㄤ ㄨˋ ㄔㄚ	AI資料科學	1	12	absent			-7.354194117		軍方/誤差	3.201600039	軍方/誤差	3.201600039	軍方誤差	均方誤差	軍方/誤差	均方誤差	True	True	1		phrase.ai-data-science.tsv	39	
坦派斯特	ㄊㄢˇ ㄆㄞˋ ㄙ ㄊㄜˋ	動漫	1	23	absent			-7.354194117						坦派司特	坦派斯特	坦/派/司/特	坦派斯特	True	True	1		phrase.anime.tsv	530	
垂直越權	ㄔㄨㄟˊ ㄓˊ ㄩㄝˋ ㄑㄩㄢˊ	網路資安	1	11	absent			-7.354194117						垂直越權	垂直越權	垂直/越/權	垂直越權	False	True	1		phrase.network-security.tsv	46	
埃爾	ㄞ ㄦˇ	動漫	1	22	absent			-7.354194117						唉爾	唉爾	唉/爾	唉/爾	False	False	1		phrase.anime.tsv	531	
埃爾梅羅	ㄞ ㄦˇ ㄇㄟˊ ㄌㄨㄛˊ	動漫	1	21	absent			-7.354194117						唉爾沒羅	埃爾梅羅	唉/爾/沒/羅	埃爾梅羅	True	True	1		phrase.anime.tsv	532	
城之內克也	ㄔㄥˊ ㄓ ㄋㄟˋ ㄎㄜˋ ㄧㄝˇ	動漫	1	15	absent			-7.354194117						成之內客也	城之內克也	成/之內/客/也	城之內克也	True	True	1		phrase.anime.tsv	533	
城太郎	ㄔㄥˊ ㄊㄞˋ ㄌㄤˊ	動漫	1	12	absent			-7.354194117						成太郎	城太郎	成/太郎	城太郎	True	True	1		phrase.anime.tsv	534	
城市革命	ㄔㄥˊ ㄕˋ ㄍㄜˊ ㄇㄧㄥˋ	歷史	1	12	absent			-7.354194117		城市/革命	1.14454401	城市/革命	1.14454401	城市革命	城市革命	城市/革命	城市/革命	False	True	1		phrase.history.tsv	52	
城惠	ㄔㄥˊ ㄏㄨㄟˋ	動漫	1	18	absent			-7.354194117						成會	成會	成/會	成/會	False	False	1		phrase.anime.tsv	535	
城戶丈	ㄔㄥˊ ㄏㄨˋ ㄓㄤˋ	動漫	1	11	absent			-7.354194117						成護障	城戶丈	成/護/障	城戶丈	True	True	1		phrase.anime.tsv	536	
城次郎	ㄔㄥˊ ㄘˋ ㄌㄤˊ	動漫	1	11	absent			-7.354194117						成次郎	城次郎	成/次郎	城次郎	True	True	1		phrase.anime.tsv	537	
域間路由	ㄩˋ ㄐㄧㄢ ㄌㄨˋ ㄧㄡˊ	網路資安	1	13	absent			-7.354194117						育間路由	域間路由	育/間/路/由	域間路由	True	True	1		phrase.network-security.tsv	47	
埴之塚光邦	ㄓˊ ㄓ ㄓㄨㄥˇ ㄍㄨㄤ ㄅㄤ	動漫	1	11	absent			-7.354194117						職之種光幫	埴之塚光邦	職/之/種/光/幫	埴之塚光邦	True	True	1		phrase.anime.tsv	538	
執行進度	ㄓˊ ㄒㄧㄥˊ ㄐㄧㄣˋ ㄉㄨˋ	公務員公文	1	20	absent			-7.354194117		執行/進度	1.358553659	執行/進度	1.358553659	執行進度	執行進度	執行/進度	執行/進度	False	True	1		phrase.government.tsv	22	
基利艾拉特	ㄐㄧ ㄌㄧˋ ㄞˋ ㄌㄚ ㄊㄜˋ	動漫	1	20	absent			-7.354194117						激勵愛拉特	基利艾拉特	激勵/愛/拉/特	基利艾拉特	True	True	1		phrase.anime.tsv	539	
基因克隆	ㄐㄧ ㄧㄣ ㄎㄜˋ ㄌㄨㄥˊ	生技藥學	1	11	absent			-7.354194117						基因克隆	基因克隆	基因/克/隆	基因克隆	False	True	1		phrase.biotech-pharma.tsv	30	
基因定序	ㄐㄧ ㄧㄣ ㄉㄧㄥˋ ㄒㄩˋ	生技藥學	1	11	absent			-7.354194117						基因定序	基因定序	基因/定/序	基因定序	False	True	1		phrase.biotech-pharma.tsv	31	
基因敲入	ㄐㄧ ㄧㄣ ㄑㄧㄠ ㄖㄨˋ	生技藥學	1	11	absent			-7.354194117		基因/敲入	3.993411428	基因/敲入	3.993411428	基因敲入	基因敲入	基因/敲入	基因/敲入	False	True	1		phrase.biotech-pharma.tsv	32	
基因敲除	ㄐㄧ ㄧㄣ ㄑㄧㄠ ㄔㄨˊ	生技藥學	1	11	absent			-7.354194117						基因敲除	基因敲除	基因/敲/除	基因敲除	False	True	1		phrase.biotech-pharma.tsv	33	
基因編輯	ㄐㄧ ㄧㄣ ㄅㄧㄢ ㄐㄧˊ	生技藥學	1	11	absent			-7.354194117		基因/編輯	1.562047663	基因/編輯	1.562047663	基因編輯	基因編輯	基因/編輯	基因/編輯	False	True	1		phrase.biotech-pharma.tsv	34	
基因表現	ㄐㄧ ㄧㄣ ㄅㄧㄠˇ ㄒㄧㄢˋ	科學	1	11	absent			-7.354194117		基因/表現	1.044672537	基因/表現	1.044672537	基因表現	基因表現	基因/表現	基因/表現	False	True	1		phrase.science.tsv	23	
基因調控	ㄐㄧ ㄧㄣ ㄊㄧㄠˊ ㄎㄨㄥˋ	科學	1	11	absent			-7.354194117		基因/調控	2.890749086	基因/調控	2.890749086	基因調控	基因調控	基因/調控	基因/調控	False	True	1		phrase.science.tsv	24	
基因體學	ㄐㄧ ㄧㄣ ㄊㄧˇ ㄒㄩㄝˊ	生技藥學	1	11	absent			-7.354194117						基因體學	基因體學	基因體/學	基因體/學	False	True	1		phrase.biotech-pharma.tsv	35	
基本權	ㄐㄧ ㄅㄣˇ ㄑㄩㄢˊ	法律	1	12	absent			-7.354194117						基本權	基本權	基本/權	基本/權	False	True	1		phrase.law.tsv	47	
基準計畫	ㄐㄧ ㄓㄨㄣˇ ㄐㄧˋ ㄏㄨㄚˋ	商業	1	12	absent			-7.354194117		基準/計畫	1.420840479	基準/計畫	1.420840479	基準計畫	基準計畫	基準/計畫	基準/計畫	False	True	1		phrase.business.tsv	57	
基爾伯特	ㄐㄧ ㄦˇ ㄅㄛˊ ㄊㄜˋ	動漫	1	20	absent			-7.354194117						機爾博特	基爾伯特	機/爾/博/特	基爾伯特	True	True	1		phrase.anime.tsv	540	
基爾巴奈特	ㄐㄧ ㄦˇ ㄅㄚ ㄋㄞˋ ㄊㄜˋ	動漫	1	14	absent			-7.354194117						機爾八耐特	基爾巴奈特	機/爾/八/耐/特	基爾巴奈特	True	True	1		phrase.anime.tsv	541	
基督教化	ㄐㄧ ㄉㄨ ㄐㄧㄠˋ ㄏㄨㄚˋ	歷史	1	11	absent			-7.354194117		基督/教化	2.978347681	基督/教化	2.978347681	基督教化	基督教化	基督教/化	基督教化	False	True	1		phrase.history.tsv	53	
基礎修復	ㄐㄧ ㄔㄨˇ ㄒㄧㄡ ㄈㄨˋ	建築土木	1	12	absent			-7.354194117		基礎/修復	1.836529856	基礎/修復	1.836529856	基礎修復	基礎修復	基礎/修復	基礎/修復	False	True	1		phrase.civil-engineering.tsv	56	
基礎施工	ㄐㄧ ㄔㄨˇ ㄕ ㄍㄨㄥ	建築土木	1	12	absent			-7.354194117		基礎/施工	1.441719106	基礎/施工	1.441719106	基礎施工	基礎施工	基礎/施工	基礎/施工	False	True	1		phrase.civil-engineering.tsv	57	
基礎模型	ㄐㄧ ㄔㄨˇ ㄇㄛˊ ㄒㄧㄥˊ	AI資料科學	1	13	absent			-7.354194117		基礎/模型	1.612016715	基礎/模型	1.612016715	基礎模型	基礎模型	基礎/模型	基礎模型	False	True	1		phrase.ai-data-science.tsv	40	
基礎檢驗	ㄐㄧ ㄔㄨˇ ㄐㄧㄢˇ ㄧㄢˋ	建築土木	1	13	absent			-7.354194117		基礎/檢驗	1.404753853	基礎/檢驗	1.404753853	基礎檢驗	基礎檢驗	基礎/檢驗	基礎/檢驗	False	True	1		phrase.civil-engineering.tsv	58	
基礎監測	ㄐㄧ ㄔㄨˇ ㄐㄧㄢ ㄘㄜˋ	建築土木	1	13	absent			-7.354194117		基礎/監測	1.788107974	基礎/監測	1.788107974	基礎監測	基礎監測	基礎/監測	基礎/監測	False	True	1		phrase.civil-engineering.tsv	59	
基礎補強	ㄐㄧ ㄔㄨˇ ㄅㄨˇ ㄑㄧㄤˊ	建築土木	1	12	absent			-7.354194117		基礎/補強	2.275306119	基礎/補強	2.275306119	基礎補強	基礎補強	基礎/補強	基礎/補強	False	True	1		phrase.civil-engineering.tsv	60	
基礎設施	ㄐㄧ ㄔㄨˇ ㄕㄜˋ ㄕ	軟體科學	1	4	absent			-7.354194117		基礎/設施	1.071186136	基礎/設施	1.071186136	基礎設施	基礎設施	基礎/設施	基礎/設施	False	True	1		phrase.software.tsv	24	
基礎設計	ㄐㄧ ㄔㄨˇ ㄕㄜˋ ㄐㄧˋ	建築土木	1	13	absent			-7.354194117		基礎/設計	0.439392363	基礎/設計	0.439392363	基礎設計	基礎設計	基礎/設計	基礎/設計	False	True	1		phrase.civil-engineering.tsv	61	
基載電力	ㄐㄧ ㄗㄞˋ ㄉㄧㄢˋ ㄌㄧˋ	環境能源	1	12	absent			-7.354194117		積在/電力	3.589271133	積在/電力	3.589271133	機在電力	基載電力	機/在/電力	基載電力	True	True	1		phrase.energy-environment.tsv	31	
堀京子	ㄐㄩㄝˊ ㄐㄧㄥ ㄗ˙	動漫	1	20	absent			-7.354194117						覺經子	堀京子	覺/經/子	堀京子	True	True	1		phrase.anime.tsv	543	
堀政行	ㄐㄩㄝˊ ㄓㄥˋ ㄒㄧㄥˊ	動漫	1	11	absent			-7.354194117						覺政行	堀政行	覺/政/行	堀政行	True	True	1		phrase.anime.tsv	544	
堀與宮村	ㄐㄩㄝˊ ㄩˇ ㄍㄨㄥ ㄘㄨㄣ	動漫	1	22	absent			-7.354194117						覺與工村	堀與宮村	覺/與/工/村	堀與宮村	True	True	1		phrase.anime.tsv	545	
堀越二郎	ㄐㄩㄝˊ ㄩㄝˋ ㄦˋ ㄌㄤˊ	動漫	1	18	absent			-7.354194117						覺月二郎	堀越二郎	覺/月/二/郎	堀越二郎	True	True	1		phrase.anime.tsv	546	
場地圭介	ㄔㄤˇ ㄉㄧˋ ㄍㄨㄟ ㄐㄧㄝˋ	動漫	1	15	absent			-7.354194117						場地規界	場地圭介	場地/規/界	場地圭介	True	True	1		phrase.anime.tsv	547	
場效電晶體	ㄔㄤˇ ㄒㄧㄠˋ ㄉㄧㄢˋ ㄐㄧㄥ ㄊㄧˇ	電子電機	1	6	absent			-7.354194117						廠校電晶體	場效電晶體	廠/校/電晶體	場效電晶體	True	True	1		phrase.electronics.tsv	52	
場站規劃	ㄔㄤˇ ㄓㄢˋ ㄍㄨㄟ ㄏㄨㄚˋ	交通物流	1	14	absent			-7.354194117						廠戰規劃	場站規劃	廠/戰/規劃	場站規劃	True	True	1		phrase.transport-logistics.tsv	31	
塔兒朵	ㄊㄚˇ ㄦˊ ㄉㄨㄛˇ	動漫	1	11	absent			-7.354194117						塔而躲	塔兒朵	塔/而/躲	塔兒朵	True	True	1		phrase.anime.tsv	548	
塔帕莎	ㄊㄚˇ ㄆㄚˋ ㄕㄚ	動漫	1	12	absent			-7.354194117						塔怕殺	塔帕莎	塔/怕/殺	塔帕莎	True	True	1		phrase.anime.tsv	549	
塔矢亮	ㄊㄚˇ ㄕˇ ㄌㄧㄤˋ	動漫	1	15	absent			-7.354194117						塔使量	塔矢亮	塔/使/量	塔矢亮	True	True	1		phrase.anime.tsv	550	
塔矢行洋	ㄊㄚˇ ㄕˇ ㄒㄧㄥˊ ㄧㄤˊ	動漫	1	13	absent			-7.354194117						塔使行陽	塔矢行洋	塔/使/行/陽	塔矢行洋	True	True	1		phrase.anime.tsv	551	
塔羅沙	ㄊㄚˇ ㄌㄨㄛˊ ㄕㄚ	動漫	1	16	absent			-7.354194117						塔羅殺	塔羅沙	塔/羅/殺	塔羅沙	True	True	1		phrase.anime.tsv	552	
塔茲米	ㄊㄚˇ ㄗ ㄇㄧˇ	動漫	1	15	absent			-7.354194117						塔資米	塔茲米	塔/資/米	塔茲米	True	True	1		phrase.anime.tsv	553	
塔荷	ㄊㄚˇ ㄏㄜˊ	動漫	1	11	absent			-7.354194117						塔和	塔和	塔/和	塔/和	False	False	1		phrase.anime.tsv	554	
塚本天滿	ㄓㄨㄥˇ ㄅㄣˇ ㄊㄧㄢ ㄇㄢˇ	動漫	1	18	absent			-7.354194117						種本天滿	塚本天滿	種/本/天/滿	塚本天滿	True	True	1		phrase.anime.tsv	555	
塞爾堤	ㄙㄜˋ ㄦˇ ㄊㄧˊ	動漫	1	10	absent			-7.354194117						色爾題	塞爾堤	色/爾/題	塞爾堤	True	True	1		phrase.anime.tsv	556	
境界之輪迴	ㄐㄧㄥˋ ㄐㄧㄝˋ ㄓ ㄌㄨㄣˊ ㄏㄨㄟˊ	動漫	1	19	absent			-7.354194117						境界之輪迴	境界之輪迴	境界/之/輪迴	境界之輪迴	False	True	1		phrase.anime.tsv	557	
增多症	ㄗㄥ ㄉㄨㄛ ㄓㄥˋ	醫學	1	9	absent			-7.354194117						增多政	增多政	增多/政	增多/政	False	False	1		phrase.medicine.tsv	63	
增材製造	ㄗㄥ ㄘㄞˊ ㄓˋ ㄗㄠˋ	製造機械	1	12	absent			-7.354194117						增材製造	增材製造	增/材/製造	增材製造	False	True	1		phrase.manufacturing.tsv	25	
增益裕度	ㄗㄥ ㄧˋ ㄩˋ ㄉㄨˋ	電子電機	1	11	absent			-7.354194117						增益裕度	增益裕度	增益/裕/度	增益裕度	False	True	1		phrase.electronics.tsv	53	
增稠劑	ㄗㄥ ㄔㄡˊ ㄐㄧˋ	農業食品	1	14	absent			-7.354194117						增稠劑	增稠劑	增/稠/劑	增稠劑	False	True	1		phrase.agriculture-food.tsv	12	
增量學習	ㄗㄥ ㄌㄧㄤˋ ㄒㄩㄝˊ ㄒㄧˊ	AI資料科學	1	12	absent			-7.354194117						增量學習	增量學習	增/量/學習	增量學習	False	True	1		phrase.ai-data-science.tsv	42	
增額成本	ㄗㄥ ㄜˊ ㄔㄥˊ ㄅㄣˇ	財會金融	1	12	absent			-7.354194117						增額成本	增額成本	增/額/成本	增額成本	False	True	1		phrase.finance.tsv	33	
壓力測試	ㄧㄚ ㄌㄧˋ ㄘㄜˋ ㄕˋ	財會金融	1	13	absent			-7.354194117		壓力/測試	1.212670661	壓力/測試	1.212670661	壓力測試	壓力測試	壓力/測試	壓力/測試	False	True	1		phrase.finance.tsv	34	
壓縮彈簧	ㄧㄚ ㄙㄨㄛ ㄊㄢˊ ㄏㄨㄤˊ	製造機械	1	10	absent			-7.354194117		壓縮/彈簧	3.760243822	壓縮/彈簧	3.760243822	壓縮彈簧	壓縮彈簧	壓縮/彈簧	壓縮/彈簧	False	True	1		phrase.manufacturing.tsv	26	
壓縮試驗	ㄧㄚ ㄙㄨㄛ ㄕˋ ㄧㄢˋ	材料化工	1	10	absent			-7.354194117		壓縮/試驗	2.660669417	壓縮/試驗	2.660669417	壓縮試驗	壓縮試驗	壓縮/試驗	壓縮/試驗	False	True	1		phrase.materials-chemistry.tsv	24	
壓迫性骨折	ㄧㄚ ㄆㄛˋ ㄒㄧㄥˋ ㄍㄨˇ ㄓㄜˊ	醫學	1	4	absent			-7.354194117						壓迫性骨折	壓迫性骨折	壓迫/性/骨折	壓迫性骨折	False	True	1		phrase.medicine.tsv	65	
壓鑄模具	ㄧㄚ ㄓㄨˋ ㄇㄨˊ ㄐㄩˋ	製造機械	1	9	absent			-7.354194117						壓鑄模具	壓鑄模具	壓鑄/模/具	壓鑄模具	False	True	1		phrase.manufacturing.tsv	27	
壓鑄機	ㄧㄚ ㄓㄨˋ ㄐㄧ	製造機械	1	14	absent			-7.354194117						壓鑄機	壓鑄機	壓鑄/機	壓鑄/機	False	True	1		phrase.manufacturing.tsv	28	
壓電材料	ㄧㄚ ㄉㄧㄢˋ ㄘㄞˊ ㄌㄧㄠˋ	材料化工	1	10	absent			-7.354194117		壓電/材料	3.094122729	壓電/材料	3.094122729	壓電材料	壓電材料	壓電/材料	壓電材料	False	True	1		phrase.materials-chemistry.tsv	25	
壞死性	ㄏㄨㄞˋ ㄙˇ ㄒㄧㄥˋ	醫學	1	10	absent			-7.354194117						壞死性	壞死性	壞死/性	壞死性	False	True	1		phrase.medicine.tsv	66	
士遠	ㄕˋ ㄩㄢˇ	動漫	1	13	absent			-7.354194117						是遠	是遠	是/遠	是/遠	False	False	1		phrase.anime.tsv	558	
壬氏	ㄖㄣˊ ㄕˋ	動漫	1	19	absent	人士|人事|人世|人氏	-4.042440256	-7.354194117	-3.311753861			人士	-3.311753861	人事	人事	人事	人事	False	False	5	人世|人事|人士|人氏	phrase.anime.tsv	559	
壬生浪士組	ㄖㄣˊ ㄕㄥ ㄌㄤˋ ㄕˋ ㄗㄨˇ	動漫	1	10	absent			-7.354194117						人生浪是組	壬生浪士組	人生/浪/是/組	壬生浪士組	True	True	1		phrase.anime.tsv	560	
夏娜	ㄒㄧㄚˋ ㄋㄚˋ	動漫	1	24	absent			-7.354194117						下那	下那	下/那	下/那	False	False	1		phrase.anime.tsv	561	
夏子	ㄒㄧㄚˋ ㄗ˙	動漫	1	15	absent	下子	-4.847689085	-7.354194117	-2.506505032			下子	-2.506505032	下子	下子	下子	下子	False	False	2	下子	phrase.anime.tsv	562	
夏提雅	ㄒㄧㄚˋ ㄊㄧˊ ㄧㄚˇ	動漫	1	17	absent			-7.354194117						下題亞	夏提雅	下/題/亞	夏提雅	True	True	1		phrase.anime.tsv	563	
夏日大作戰	ㄒㄧㄚˋ ㄖˋ ㄉㄚˋ ㄗㄨㄛˋ ㄓㄢˋ	動漫	1	22	absent			-7.354194117						夏日大作戰	夏日大作戰	夏日/大/作戰	夏日大作戰	False	True	1		phrase.anime.tsv	564	
夏日重現	ㄒㄧㄚˋ ㄖˋ ㄔㄨㄥˊ ㄒㄧㄢˋ	動漫	1	24	absent			-7.354194117		夏日/重現	3.250390396	夏日/重現	3.250390396	夏日重現	夏日重現	夏日/重現	夏日重現	False	True	1		phrase.anime.tsv	565	
夏油傑	ㄒㄧㄚˋ ㄧㄡˊ ㄐㄧㄝˊ	動漫	1	13	absent			-7.354194117						下游結	下游結	下游/結	下游/結	False	False	1		phrase.anime.tsv	566	
夏洛特貝琉	ㄒㄧㄚˋ ㄌㄨㄛˋ ㄊㄜˋ ㄅㄟˋ ㄌㄧㄡˊ	動漫	1	13	absent			-7.354194117						夏洛特被流	夏洛特貝琉	夏洛特/被/流	夏洛特貝琉	True	True	1		phrase.anime.tsv	568	
夏目友人帳	ㄒㄧㄚˋ ㄇㄨˋ ㄧㄡˇ ㄖㄣˊ ㄓㄤˋ	動漫	1	25	absent			-7.354194117						下目有人障	夏目友人帳	下/目/有人/障	夏目友人帳	True	True	1		phrase.anime.tsv	569	
夏目朝子	ㄒㄧㄚˋ ㄇㄨˋ ㄔㄠˊ ㄗ˙	動漫	1	14	absent			-7.354194117						下目潮子	夏目朝子	下/目/潮/子	夏目朝子	True	True	1		phrase.anime.tsv	570	
夏目貴志	ㄒㄧㄚˋ ㄇㄨˋ ㄍㄨㄟˋ ㄓˋ	動漫	1	23	absent			-7.354194117						下目會至	夏目貴志	下/目/會/至	夏目貴志	True	True	1		phrase.anime.tsv	571	
夏莉歐	ㄒㄧㄚˋ ㄌㄧˋ ㄡ	動漫	1	11	absent			-7.354194117						下力歐	夏莉歐	下/力/歐	夏莉歐	True	True	1		phrase.anime.tsv	573	
夏蘿蘭茲	ㄒㄧㄚˋ ㄌㄨㄛˊ ㄌㄢˊ ㄗ	動漫	1	11	absent			-7.354194117						下羅蘭資	夏蘿蘭茲	下/羅蘭/資	夏蘿蘭茲	True	True	1		phrase.anime.tsv	574	
夕霧	ㄒㄧˋ ㄨˋ	動漫	1	12	absent			-7.354194117						係物	係物	係/物	係/物	False	False	1		phrase.anime.tsv	575	
外圓磨削	ㄨㄞˋ ㄩㄢˊ ㄇㄛˊ ㄒㄩㄝ	製造機械	1	13	absent			-7.354194117						外員模薛	外圓磨削	外/員/模/薛	外圓磨削	True	True	1		phrase.manufacturing.tsv	29	
外在動機	ㄨㄞˋ ㄗㄞˋ ㄉㄨㄥˋ ㄐㄧ	教育	1	11	absent			-7.354194117		外在/動機	2.105289467	外在/動機	2.105289467	外在動機	外在動機	外在/動機	外在動機	False	True	1		phrase.education.tsv	26	
外控	ㄨㄞˋ ㄎㄨㄥˋ	心理社會	1	13	absent			-7.354194117						外控	外控	外/控	外/控	False	True	1		phrase.psychology-society.tsv	23	
外殼節能	ㄨㄞˋ ㄎㄜˊ ㄐㄧㄝˊ ㄋㄥˊ	建築土木	1	11	absent			-7.354194117						外殼節能	外殼節能	外殼/節/能	外殼節能	False	True	1		phrase.civil-engineering.tsv	63	
外牆工程	ㄨㄞˋ ㄑㄧㄤˊ ㄍㄨㄥ ㄔㄥˊ	建築土木	1	11	absent			-7.354194117		外牆/工程	2.809072637	外牆/工程	2.809072637	外牆工程	外牆工程	外牆/工程	外牆/工程	False	True	1		phrase.civil-engineering.tsv	64	
外送平台	ㄨㄞˋ ㄙㄨㄥˋ ㄆㄧㄥˊ ㄊㄞˊ	一般	1	20	absent			-7.354194117						外送平台	外送平台	外/送/平台	外送平台	False	True	1		phrase.general.tsv	34	
外送服務	ㄨㄞˋ ㄙㄨㄥˋ ㄈㄨˊ ㄨˋ	一般	1	18	absent			-7.354194117						外送服務	外送服務	外/送/服務	外送服務	False	True	1		phrase.general.tsv	35	
外部批判	ㄨㄞˋ ㄅㄨˋ ㄆㄧ ㄆㄢˋ	歷史	1	10	absent			-7.354194117		外部/批判	2.487859511	外部/批判	2.487859511	外部批判	外部批判	外部/批判	外部/批判	False	True	1		phrase.history.tsv	54	
外顯子定序	ㄨㄞˋ ㄒㄧㄢˇ ㄗˇ ㄉㄧㄥˋ ㄒㄩˋ	生技藥學	1	6	absent			-7.354194117						外顯子定序	外顯子定序	外/顯/子/定/序	外顯子定序	False	True	1		phrase.biotech-pharma.tsv	36	
多代理系統	ㄉㄨㄛ ㄉㄞˋ ㄌㄧˇ ㄒㄧˋ ㄊㄨㄥˇ	AI資料科學	1	7	absent			-7.354194117						多代理系統	多代理系統	多/代理/系統	多代理系統	False	True	1		phrase.ai-data-science.tsv	43	
多任務學習	ㄉㄨㄛ ㄖㄣˋ ㄨˋ ㄒㄩㄝˊ ㄒㄧˊ	AI資料科學	1	6	absent			-7.354194117						多任務學習	多任務學習	多/任務/學習	多任務學習	False	True	1		phrase.ai-data-science.tsv	44	
多元評量	ㄉㄨㄛ ㄩㄢˊ ㄆㄧㄥˊ ㄌㄧㄤˊ	教育	1	11	absent			-7.354194117		多元/評量	2.314978351	多元/評量	2.314978351	多元評量	多元評量	多元/評量	多元/評量	False	True	1		phrase.education.tsv	27	
多元選修	ㄉㄨㄛ ㄩㄢˊ ㄒㄩㄢˇ ㄒㄧㄡ	教育	1	11	absent			-7.354194117		多元/選修	2.299466185	多元/選修	2.299466185	多元選修	多元選修	多元/選修	多元/選修	False	True	1		phrase.education.tsv	28	
多品種	ㄉㄨㄛ ㄆㄧㄣˇ ㄓㄨㄥˇ	工業工程	1	13	absent			-7.354194117						多品種	多品種	多/品種	多/品種	False	True	1		phrase.industrial-engineering.tsv	32	
多囊性	ㄉㄨㄛ ㄋㄤˊ ㄒㄧㄥˋ	醫學	1	12	absent			-7.354194117						多囊性	多囊性	多/囊/性	多囊性	False	True	1		phrase.medicine.tsv	67	
多因素驗證	ㄉㄨㄛ ㄧㄣ ㄙㄨˋ ㄧㄢˋ ㄓㄥˋ	一般	1	9	absent			-7.354194117						多因素驗證	多因素驗證	多/因素/驗證	多因素驗證	False	True	1		phrase.general.tsv	36	
多姆海伍	ㄉㄨㄛ ㄇㄨˇ ㄏㄞˇ ㄨˇ	動漫	1	22	absent			-7.354194117						多母海五	多姆海伍	多/母/海/五	多姆海伍	True	True	1		phrase.anime.tsv	576	
多尼多尼	ㄉㄨㄛ ㄋㄧˊ ㄉㄨㄛ ㄋㄧˊ	動漫	1	13	absent			-7.354194117						多呢多呢	多尼多尼	多/呢/多/呢	多尼多尼	True	True	1		phrase.anime.tsv	577	
多工	ㄉㄨㄛ ㄍㄨㄥ	電子電機	1	11	0			-7.354194117						多工	多工	多/工	多/工	False	True	1		phrase.electronics.tsv	54	
多式聯運	ㄉㄨㄛ ㄕˋ ㄌㄧㄢˊ ㄩㄣˋ	交通物流	1	13	absent			-7.354194117		多是/聯運	4.463773099	多是/聯運	4.463773099	多是連運	多式聯運	多/是/連/運	多式聯運	True	True	1		phrase.transport-logistics.tsv	32	
多拉格尼爾	ㄉㄨㄛ ㄌㄚ ㄍㄜˊ ㄋㄧˊ ㄦˇ	動漫	1	22	absent			-7.354194117						多拉格呢爾	多拉格尼爾	多/拉/格/呢/爾	多拉格尼爾	True	True	1		phrase.anime.tsv	578	
多明尼克	ㄉㄨㄛ ㄇㄧㄥˊ ㄋㄧˊ ㄎㄜˋ	動漫	1	8	absent			-7.354194117						多明尼克	多明尼克	多/明/尼克	多明尼克	False	True	1		phrase.anime.tsv	579	
多模態	ㄉㄨㄛ ㄇㄛˊ ㄊㄞˋ	一般	1	8	absent			-7.354194117						多模態	多模態	多/模/態	多模態	False	True	1		phrase.general.tsv	37	
多模態模型	ㄉㄨㄛ ㄇㄛˊ ㄊㄞˋ ㄇㄛˊ ㄒㄧㄥˊ	AI資料科學	1	15	absent			-7.354194117						多模態模型	多模態模型	多/模/態/模型	多模態模型	False	True	1		phrase.ai-data-science.tsv	45	
多準則決策	ㄉㄨㄛ ㄓㄨㄣˇ ㄗㄜˊ ㄐㄩㄝˊ ㄘㄜˋ	工業工程	1	6	absent			-7.354194117						多準則決策	多準則決策	多/準則/決策	多準則決策	False	True	1		phrase.industrial-engineering.tsv	33	
多版本	ㄉㄨㄛ ㄅㄢˇ ㄅㄣˇ	軟體科學	1	14	absent			-7.354194117						多版本	多版本	多/版本	多/版本	False	True	1		phrase.software.tsv	25	
多田萬里	ㄉㄨㄛ ㄊㄧㄢˊ ㄨㄢˋ ㄌㄧˇ	動漫	1	18	absent			-7.354194117						多甜萬里	多田萬里	多/甜/萬里	多田萬里	True	True	1		phrase.anime.tsv	580	
多能	ㄉㄨㄛ ㄋㄥˊ	生技藥學	1	9	absent			-7.354194117						多能	多能	多/能	多/能	False	True	1		phrase.biotech-pharma.tsv	37	
多莉	ㄉㄨㄛ ㄌㄧˋ	動漫	1	13	absent			-7.354194117						多力	多力	多/力	多/力	False	False	1		phrase.anime.tsv	581	
多軌透	ㄉㄨㄛ ㄍㄨㄟˇ ㄊㄡˋ	動漫	1	14	absent			-7.354194117						多鬼透	多軌透	多/鬼/透	多軌透	True	True	1		phrase.anime.tsv	582	
多軸加工	ㄉㄨㄛ ㄓㄡˊ ㄐㄧㄚ ㄍㄨㄥ	製造機械	1	13	absent			-7.354194117						多軸加工	多軸加工	多/軸/加工	多軸加工	False	True	1		phrase.manufacturing.tsv	30	
多輸入	ㄉㄨㄛ ㄕㄨ ㄖㄨˋ	電子電機	1	10	absent			-7.354194117						多輸入	多輸入	多/輸入	多/輸入	False	True	1		phrase.electronics.tsv	55	
多輸出	ㄉㄨㄛ ㄕㄨ ㄔㄨ	電子電機	1	10	absent			-7.354194117						多輸出	多輸出	多/輸出	多/輸出	False	True	1		phrase.electronics.tsv	56	
多重圖案化	ㄉㄨㄛ ㄔㄨㄥˊ ㄊㄨˊ ㄢˋ ㄏㄨㄚˋ	晶片半導體	1	4	absent			-7.354194117						多重圖案化	多重圖案化	多重/圖案/化	多重圖案化	False	True	1		phrase.semiconductor.tsv	30	
多重障礙	ㄉㄨㄛ ㄔㄨㄥˊ ㄓㄤˋ ㄞˋ	教育	1	10	absent			-7.354194117		多重/障礙	1.961063087	多重/障礙	1.961063087	多重障礙	多重障礙	多重/障礙	多重/障礙	False	True	1		phrase.education.tsv	29	
多項式迴歸	ㄉㄨㄛ ㄒㄧㄤˋ ㄕˋ ㄏㄨㄟˊ ㄍㄨㄟ	AI資料科學	1	3	absent			-7.354194117		多項式/回歸	4.519138016	多項式/回歸	4.519138016	多項式迴歸	多項式迴歸	多項式/迴歸	多項式迴歸	False	True	1		phrase.ai-data-science.tsv	46	
多頭注意力	ㄉㄨㄛ ㄊㄡˊ ㄓㄨˋ ㄧˋ ㄌㄧˋ	AI資料科學	1	3	absent			-7.354194117		多頭/注意力	3.283048827	多頭/注意力	3.283048827	多頭注意力	多頭注意力	多頭/注意力	多頭注意力	False	True	1		phrase.ai-data-science.tsv	47	
夜刀神十香	ㄧㄝˋ ㄉㄠ ㄕㄣˊ ㄕˊ ㄒㄧㄤ	動漫	1	19	absent			-7.354194117						業刀什時相	夜刀神十香	業/刀/什/時/相	夜刀神十香	True	True	1		phrase.anime.tsv	583	
夜刀神狗朗	ㄧㄝˋ ㄉㄠ ㄕㄣˊ ㄍㄡˇ ㄌㄤˇ	動漫	1	15	absent			-7.354194117						業刀什狗朗	夜刀神狗朗	業/刀/什/狗/朗	夜刀神狗朗	True	True	1		phrase.anime.tsv	584	
夜叉姬	ㄧㄝˋ ㄔㄚ ㄐㄧ	動漫	1	20	absent			-7.354194117						業差機	夜叉姬	業/差/機	夜叉姬	True	True	1		phrase.anime.tsv	585	
夜叉神天衣	ㄧㄝˋ ㄔㄚ ㄕㄣˊ ㄊㄧㄢ ㄧ	動漫	1	11	absent			-7.354194117						業差什天一	夜叉神天衣	業/差/什/天/一	夜叉神天衣	True	True	1		phrase.anime.tsv	586	
夜城	ㄧㄝˋ ㄔㄥˊ	動漫	1	14	absent			-7.354194117						業成	業成	業/成	業/成	False	False	1		phrase.anime.tsv	587	
夜櫻	ㄧㄝˋ ㄧㄥ	動漫	1	24	absent	夜鶯|夜鷹	-5.752134126	-7.354194117	-1.602059991			夜鶯	-1.602059991	夜鶯	夜鶯	夜鶯	夜鶯	False	False	3	夜鶯|夜鷹	phrase.anime.tsv	589	
夜櫻二刃	ㄧㄝˋ ㄧㄥ ㄦˋ ㄖㄣˋ	動漫	1	12	absent			-7.354194117		夜鶯/二任	4.60600609	夜鶯/二任	4.60600609	夜鶯二認	夜櫻二刃	夜鶯/二/認	夜櫻二刃	True	True	1		phrase.anime.tsv	590	
夜櫻六美	ㄧㄝˋ ㄧㄥ ㄌㄧㄡˋ ㄇㄟˇ	動漫	1	15	absent			-7.354194117						夜鶯六美	夜櫻六美	夜鶯/六/美	夜櫻六美	True	True	1		phrase.anime.tsv	591	
夜櫻凶一郎	ㄧㄝˋ ㄧㄥ ㄒㄩㄥ ㄧ ㄌㄤˊ	動漫	1	14	absent			-7.354194117						夜鶯兄一郎	夜櫻凶一郎	夜鶯/兄/一/郎	夜櫻凶一郎	True	True	1		phrase.anime.tsv	592	
夜櫻家	ㄧㄝˋ ㄧㄥ ㄐㄧㄚ	動漫	1	12	absent			-7.354194117						夜鶯家	夜櫻家	夜鶯/家	夜櫻家	True	True	1		phrase.anime.tsv	593	
夜櫻辛三	ㄧㄝˋ ㄧㄥ ㄒㄧㄣ ㄙㄢ	動漫	1	11	absent			-7.354194117						夜鶯心三	夜櫻辛三	夜鶯/心/三	夜櫻辛三	True	True	1		phrase.anime.tsv	594	
夜神月	ㄧㄝˋ ㄕㄣˊ ㄩㄝˋ	動漫	1	24	absent			-7.354194117						業什月	夜神月	業/什/月	夜神月	True	True	1		phrase.anime.tsv	595	
夜見介大	ㄧㄝˋ ㄐㄧㄢˋ ㄐㄧㄝˋ ㄉㄚˋ	動漫	1	14	absent			-7.354194117						業建界大	夜見介大	業/建/界/大	夜見介大	True	True	1		phrase.anime.tsv	597	
夢幻島	ㄇㄥˋ ㄏㄨㄢˋ ㄉㄠˇ	動漫	1	24	absent			-7.354194117						夢幻導	夢幻島	夢幻/導	夢幻島	True	True	1		phrase.anime.tsv	598	
大冒險	ㄉㄚˋ ㄇㄠˋ ㄒㄧㄢˇ	動漫	1	24	absent			-7.354194117						大冒險	大冒險	大/冒險	大冒險	False	True	1		phrase.anime.tsv	601	
大原大次郎	ㄉㄚˋ ㄩㄢˊ ㄉㄚˋ ㄘˋ ㄌㄤˊ	動漫	1	16	absent			-7.354194117						大員大次郎	大原大次郎	大/員/大/次郎	大原大次郎	True	True	1		phrase.anime.tsv	602	
大和凜子	ㄉㄚˋ ㄏㄜˊ ㄌㄧㄣˇ ㄗ˙	動漫	1	15	absent			-7.354194117						大和凜子	大和凜子	大/和/凜/子	大和凜子	False	True	1		phrase.anime.tsv	603	
大垣千明	ㄉㄚˋ ㄩㄢˊ ㄑㄧㄢ ㄇㄧㄥˊ	動漫	1	17	absent			-7.354194117		大園/簽名	3.377569065	大園/簽名	3.377569065	大員簽名	大垣千明	大/員/簽名	大垣千明	True	True	1		phrase.anime.tsv	604	
大城光	ㄉㄚˋ ㄔㄥˊ ㄍㄨㄤ	動漫	1	13	absent			-7.354194117						大成光	大城光	大/成/光	大城光	True	True	1		phrase.anime.tsv	605	
大場奈奈	ㄉㄚˋ ㄔㄤˇ ㄋㄞˋ ㄋㄞˋ	動漫	1	9	absent			-7.354194117						大場耐耐	大場奈奈	大/場/耐/耐	大場奈奈	True	True	1		phrase.anime.tsv	606	
大學生活	ㄉㄚˋ ㄒㄩㄝˊ ㄕㄥ ㄏㄨㄛˊ	動漫	1	12	absent			-7.354194117		大學/生活	-0.316798998	大學/生活	-0.316798998	大學生活	大學生活	大學/生活	大學/生活	False	True	1		phrase.anime.tsv	607	
大宮忍	ㄉㄚˋ ㄍㄨㄥ ㄖㄣˇ	動漫	1	17	absent			-7.354194117						大公忍	大宮忍	大公/忍	大宮忍	True	True	1		phrase.anime.tsv	608	
大崎娜娜	ㄉㄚˋ ㄑㄧˊ ㄋㄚˋ ㄋㄚˋ	動漫	1	21	absent			-7.354194117						大其那那	大崎娜娜	大/其/那/那	大崎娜娜	True	True	1		phrase.anime.tsv	609	
大木大樹	ㄉㄚˋ ㄇㄨˋ ㄉㄚˋ ㄕㄨˋ	動漫	1	19	absent			-7.354194117						大目大樹	大木大樹	大/目/大樹	大木大樹	True	True	1		phrase.anime.tsv	610	
大正民主	ㄉㄚˋ ㄓㄥˋ ㄇㄧㄣˊ ㄓㄨˇ	歷史	1	13	absent			-7.354194117						大正民主	大正民主	大/正/民主	大正民主	False	True	1		phrase.history.tsv	55	
大江奏	ㄉㄚˋ ㄐㄧㄤ ㄗㄡˋ	動漫	1	12	absent			-7.354194117						大將奏	大江奏	大/將/奏	大江奏	True	True	1		phrase.anime.tsv	611	
大腸憩室炎	ㄉㄚˋ ㄔㄤˊ ㄑㄧˋ ㄕˋ ㄧㄢˊ	醫學	1	3	absent			-7.354194117						大腸憩是研	大腸憩室炎	大腸/憩/是/研	大腸憩室炎	True	True	1		phrase.medicine.tsv	70	
大腸鏡檢查	ㄉㄚˋ ㄔㄤˊ ㄐㄧㄥˋ ㄐㄧㄢˇ ㄔㄚˊ	醫學	1	4	absent			-7.354194117						大腸鏡檢查	大腸鏡檢查	大腸/鏡/檢查	大腸鏡檢查	False	True	1		phrase.medicine.tsv	71	
大航海時代	ㄉㄚˋ ㄏㄤˊ ㄏㄞˇ ㄕˊ ㄉㄞˋ	歷史	1	6	absent			-7.354194117						大航海時代	大航海時代	大/航海/時代	大航海時代	False	True	1		phrase.history.tsv	56	
大語言模型	ㄉㄚˋ ㄩˇ ㄧㄢˊ ㄇㄛˊ ㄒㄧㄥˊ	一般	1	18	absent			-7.354194117						大語言模型	大語言模型	大/語言/模型	大語言模型	False	True	1		phrase.general.tsv	39	
大賢者	ㄉㄚˋ ㄒㄧㄢˊ ㄓㄜˇ	動漫	1	15	absent			-7.354194117						大嫌者	大賢者	大/嫌/者	大賢者	True	True	1		phrase.anime.tsv	615	
大路餅藏	ㄉㄚˋ ㄌㄨˋ ㄅㄧㄥˇ ㄗㄤˋ	動漫	1	15	absent			-7.354194117						大陸餅臟	大路餅藏	大陸/餅/臟	大路餅藏	True	True	1		phrase.anime.tsv	616	
大道寺知世	ㄉㄚˋ ㄉㄠˋ ㄙˋ ㄓ ㄕˋ	動漫	1	19	absent			-7.354194117						大到四知識	大道寺知世	大/到/四/知識	大道寺知世	True	True	1		phrase.anime.tsv	617	
大門兄弟	ㄉㄚˋ ㄇㄣˊ ㄒㄩㄥ ㄉㄧˋ	動漫	1	12	absent			-7.354194117		大門/兄弟	2.219274689	大門/兄弟	2.219274689	大門兄弟	大門兄弟	大門/兄弟	大門兄弟	False	True	1		phrase.anime.tsv	618	
天下大將軍	ㄊㄧㄢ ㄒㄧㄚˋ ㄉㄚˋ ㄐㄧㄤ ㄐㄩㄣ	動漫	1	13	absent			-7.354194117		天下/大將軍	4.05099806	天下/大將軍	4.05099806	天下大將軍	天下大將軍	天下/大將軍	天下大將軍	False	True	1		phrase.anime.tsv	620	
天國大魔境	ㄊㄧㄢ ㄍㄨㄛˊ ㄉㄚˋ ㄇㄛˊ ㄐㄧㄥˋ	動漫	1	22	absent			-7.354194117						天國大魔鏡	天國大魔境	天/國大/魔鏡	天國大魔境	True	True	1		phrase.anime.tsv	624	
天堂之吻	ㄊㄧㄢ ㄊㄤˊ ㄓ ㄨㄣˇ	動漫	1	19	absent			-7.354194117						天堂之穩	天堂之吻	天堂/之/穩	天堂之吻	True	True	1		phrase.anime.tsv	625	
天堂真矢	ㄊㄧㄢ ㄊㄤˊ ㄓㄣ ㄕˇ	動漫	1	14	absent			-7.354194117						天堂真使	天堂真矢	天堂/真/使	天堂真矢	True	True	1		phrase.anime.tsv	626	
天天座理世	ㄊㄧㄢ ㄊㄧㄢ ㄗㄨㄛˋ ㄌㄧˇ ㄕˋ	動漫	1	14	absent			-7.354194117						天天作理事	天天座理世	天天/作/理事	天天座理世	True	True	1		phrase.anime.tsv	627	
天才千金	ㄊㄧㄢ ㄘㄞˊ ㄑㄧㄢ ㄐㄧㄣ	動漫	1	19	absent			-7.354194117		天才/千金	3.335202523	天才/千金	3.335202523	天才千金	天才千金	天才/千金	天才千金	False	True	1		phrase.anime.tsv	628	
天敵昆蟲	ㄊㄧㄢ ㄉㄧˊ ㄎㄨㄣ ㄔㄨㄥˊ	農業食品	1	12	absent			-7.354194117		天敵/昆蟲	2.967891387	天敵/昆蟲	2.967891387	天敵昆蟲	天敵昆蟲	天敵/昆蟲	天敵昆蟲	False	True	1		phrase.agriculture-food.tsv	13	
天木鍊	ㄊㄧㄢ ㄇㄨˋ ㄌㄧㄢˋ	動漫	1	13	absent			-7.354194117						天目練	天木鍊	天/目/練	天木鍊	True	True	1		phrase.anime.tsv	629	
天氣之子	ㄊㄧㄢ ㄑㄧˋ ㄓ ㄗˇ	動漫	1	25	absent			-7.354194117		天氣/之子	2.361199019	天氣/之子	2.361199019	天氣之子	天氣之子	天氣/之子	天氣之子	False	True	1		phrase.anime.tsv	631	
天海春香	ㄊㄧㄢ ㄏㄞˇ ㄔㄨㄣ ㄒㄧㄤ	動漫	1	20	absent			-7.354194117						天海春相	天海春香	天/海/春/相	天海春香	True	True	1		phrase.anime.tsv	632	
天線增益	ㄊㄧㄢ ㄒㄧㄢˋ ㄗㄥ ㄧˋ	電子電機	1	10	absent			-7.354194117		天線/增益	4.436163781	天線/增益	4.436163781	天線增益	天線增益	天線/增益	天線/增益	False	True	1		phrase.electronics.tsv	58	
天線工程	ㄊㄧㄢ ㄒㄧㄢˋ ㄍㄨㄥ ㄔㄥˊ	電子電機	1	11	absent			-7.354194117		天線/工程	2.021376068	天線/工程	2.021376068	天線工程	天線工程	天線/工程	天線/工程	False	True	1		phrase.electronics.tsv	59	
天線校正	ㄊㄧㄢ ㄒㄧㄢˋ ㄐㄧㄠˋ ㄓㄥˋ	電子電機	1	10	absent			-7.354194117		天線/校正	3.492779199	天線/校正	3.492779199	天線校正	天線校正	天線/校正	天線/校正	False	True	1		phrase.electronics.tsv	60	
天線模擬	ㄊㄧㄢ ㄒㄧㄢˋ ㄇㄛˊ ㄋㄧˇ	電子電機	1	10	absent			-7.354194117		天線/模擬	2.798229533	天線/模擬	2.798229533	天線模擬	天線模擬	天線/模擬	天線/模擬	False	True	1		phrase.electronics.tsv	61	
天線熱分析	ㄊㄧㄢ ㄒㄧㄢˋ ㄖㄜˋ ㄈㄣ ㄒㄧ	電子電機	1	4	absent			-7.354194117						天線熱分析	天線熱分析	天線/熱/分析	天線熱分析	False	True	1		phrase.electronics.tsv	62	
天線設計	ㄊㄧㄢ ㄒㄧㄢˋ ㄕㄜˋ ㄐㄧˋ	電子電機	1	12	absent			-7.354194117		天線/設計	1.703234185	天線/設計	1.703234185	天線設計	天線設計	天線/設計	天線/設計	False	True	1		phrase.electronics.tsv	63	
天線量測	ㄊㄧㄢ ㄒㄧㄢˋ ㄌㄧㄤˊ ㄘㄜˋ	電子電機	1	10	absent			-7.354194117		天線/量測	3.584226316	天線/量測	3.584226316	天線量測	天線量測	天線/量測	天線/量測	False	True	1		phrase.electronics.tsv	64	
天線除錯	ㄊㄧㄢ ㄒㄧㄢˋ ㄔㄨˊ ㄘㄨㄛˋ	電子電機	1	10	absent			-7.354194117		天線/除錯	4.276462938	天線/除錯	4.276462938	天線除錯	天線除錯	天線/除錯	天線/除錯	False	True	1		phrase.electronics.tsv	65	
天線驗證	ㄊㄧㄢ ㄒㄧㄢˋ ㄧㄢˋ ㄓㄥˋ	電子電機	1	10	absent			-7.354194117		天線/驗證	3.111652689	天線/驗證	3.111652689	天線驗證	天線驗證	天線/驗證	天線/驗證	False	True	1		phrase.electronics.tsv	66	
天草篠	ㄊㄧㄢ ㄘㄠˇ ㄒㄧㄠˇ	動漫	1	15	absent			-7.354194117						天草小	天草篠	天/草/小	天草篠	True	True	1		phrase.anime.tsv	635	
天道茜	ㄊㄧㄢ ㄉㄠˋ ㄑㄧㄢˋ	動漫	1	20	absent			-7.354194117						天道歉	天道茜	天/道歉	天道茜	True	True	1		phrase.anime.tsv	636	
天道輝	ㄊㄧㄢ ㄉㄠˋ ㄏㄨㄟ	動漫	1	20	absent			-7.354194117						天到揮	天道輝	天/到/揮	天道輝	True	True	1		phrase.anime.tsv	637	
天道靡	ㄊㄧㄢ ㄉㄠˋ ㄇㄧˇ	動漫	1	12	absent			-7.354194117						天稻米	天道靡	天/稻米	天道靡	True	True	1		phrase.anime.tsv	638	
天野凪	ㄊㄧㄢ ㄧㄝˇ ㄓˇ	動漫	1	17	absent			-7.354194117						天也只	天野凪	天/也/只	天野凪	True	True	1		phrase.anime.tsv	639	
天野陽菜	ㄊㄧㄢ ㄧㄝˇ ㄧㄤˊ ㄘㄞˋ	動漫	1	20	absent			-7.354194117						天也洋菜	天野陽菜	天/也/洋菜	天野陽菜	True	True	1		phrase.anime.tsv	640	
天野雪輝	ㄊㄧㄢ ㄧㄝˇ ㄒㄩㄝˇ ㄏㄨㄟ	動漫	1	20	absent			-7.354194117						天也雪揮	天野雪輝	天/也/雪/揮	天野雪輝	True	True	1		phrase.anime.tsv	641	
天馬賢三	ㄊㄧㄢ ㄇㄚˇ ㄒㄧㄢˊ ㄙㄢ	動漫	1	22	absent			-7.354194117						天馬嫌三	天馬賢三	天馬/嫌/三	天馬賢三	True	True	1		phrase.anime.tsv	642	
天體物理	ㄊㄧㄢ ㄊㄧˇ ㄨˋ ㄌㄧˇ	科學	1	10	absent			-7.354194117		天體/物理	3.060433918	天體/物理	3.060433918	天體物理	天體物理	天/體/物理	天體物理	False	True	1		phrase.science.tsv	25	
太刀川美美	ㄊㄞˋ ㄉㄠ ㄔㄨㄢ ㄇㄟˇ ㄇㄟˇ	動漫	1	13	absent			-7.354194117						太刀穿每每	太刀川美美	太刀/穿/每每	太刀川美美	True	True	1		phrase.anime.tsv	643	
太宰治	ㄊㄞˋ ㄗㄞˇ ㄓˋ	動漫	1	19	absent			-7.354194117						太宰制	太宰治	太/宰制	太宰治	True	True	1		phrase.anime.tsv	644	
太陽之手	ㄊㄞˋ ㄧㄤˊ ㄓ ㄕㄡˇ	動漫	1	10	absent			-7.354194117		太陽/隻手	2.713831954	太陽/隻手	2.713831954	太陽隻手	太陽之手	太陽/隻手	太陽之手	True	True	1		phrase.anime.tsv	645	
太陽光電	ㄊㄞˋ ㄧㄤˊ ㄍㄨㄤ ㄉㄧㄢˋ	環境能源	1	10	absent			-7.354194117		太陽/光電	2.321994544	太陽/光電	2.321994544	太陽光電	太陽光電	太陽光/電	太陽光電	False	True	1		phrase.energy-environment.tsv	33	
太陽熱能	ㄊㄞˋ ㄧㄤˊ ㄖㄜˋ ㄋㄥˊ	環境能源	1	10	absent			-7.354194117		太陽/熱能	3.143180427	太陽/熱能	3.143180427	太陽熱能	太陽熱能	太陽熱/能	太陽熱/能	False	True	1		phrase.energy-environment.tsv	34	
失憶投捕	ㄕ ㄧˋ ㄊㄡˊ ㄅㄨˇ	動漫	1	20	absent			-7.354194117						失一頭補	失憶投捕	失/一頭/補	失憶投捕	True	True	1		phrase.anime.tsv	646	
失效分析	ㄕ ㄒㄧㄠˋ ㄈㄣ ㄒㄧ	材料化工	1	16	absent			-7.354194117		失效/分析	2.340859636	失效/分析	2.340859636	失效分析	失效分析	失效/分析	失效/分析	False	True	1		phrase.materials-chemistry.tsv	26	
失效模式	ㄕ ㄒㄧㄠˋ ㄇㄛˊ ㄕˋ	工業工程	1	10	absent			-7.354194117		失效/模式	2.552728664	失效/模式	2.552728664	失效模式	失效模式	失效/模式	失效/模式	False	True	1		phrase.industrial-engineering.tsv	34	
失馬	ㄕ ㄇㄚˇ	動漫	1	9	absent			-7.354194117						失馬	失馬	失/馬	失/馬	False	True	1		phrase.anime.tsv	647	
奇佐爾緹	ㄑㄧˊ ㄗㄨㄛˇ ㄦˇ ㄊㄧˊ	動漫	1	14	absent			-7.354194117						其左耳題	奇佐爾緹	其/左耳/題	奇佐爾緹	True	True	1		phrase.anime.tsv	648	
奇古	ㄑㄧˊ ㄍㄨˇ	動漫	1	12	absent			-7.354194117						其古	其古	其/古	其/古	False	False	1		phrase.anime.tsv	649	
奇巧計程車	ㄑㄧˊ ㄑㄧㄠˇ ㄐㄧˋ ㄔㄥˊ ㄔㄜ	動漫	1	23	absent			-7.354194117		奇巧/計程車	4.490871257	奇巧/計程車	4.490871257	其巧計程車	奇巧計程車	其/巧/計程車	奇巧計程車	True	True	1		phrase.anime.tsv	650	
奇犽	ㄑㄧˊ ㄧㄚˊ	動漫	1	21	absent			-7.354194117						其牙	其牙	其/牙	其/牙	False	False	1		phrase.anime.tsv	651	
奈奈華	ㄋㄞˋ ㄋㄞˋ ㄏㄨㄚˊ	動漫	1	13	absent			-7.354194117						耐耐華	奈奈華	耐/耐/華	奈奈華	True	True	1		phrase.anime.tsv	652	
奈奎斯特圖	ㄋㄞˋ ㄎㄨㄟˊ ㄙ ㄊㄜˋ ㄊㄨˊ	電子電機	1	4	absent			-7.354194117						耐魁司特圖	奈奎斯特圖	耐/魁/司/特/圖	奈奎斯特圖	True	True	1		phrase.electronics.tsv	67	
奈米壓痕	ㄋㄞˋ ㄇㄧˇ ㄧㄚ ㄏㄣˊ	材料化工	1	11	absent			-7.354194117						奈米壓痕	奈米壓痕	奈米/壓/痕	奈米壓痕	False	True	1		phrase.materials-chemistry.tsv	27	
奈米片	ㄋㄞˋ ㄇㄧˇ ㄆㄧㄢˋ	晶片半導體	1	11	absent			-7.354194117						奈米片	奈米片	奈米/片	奈米/片	False	True	1		phrase.semiconductor.tsv	31	
奈米線	ㄋㄞˋ ㄇㄧˇ ㄒㄧㄢˋ	晶片半導體	1	11	absent			-7.354194117						奈米現	奈米現	奈米/現	奈米/現	False	False	1		phrase.semiconductor.tsv	32	
奈米過濾	ㄋㄞˋ ㄇㄧˇ ㄍㄨㄛˋ ㄌㄩˋ	材料化工	1	11	absent			-7.354194117		奈米/過濾	2.835522281	奈米/過濾	2.835522281	奈米過濾	奈米過濾	奈米/過濾	奈米/過濾	False	True	1		phrase.materials-chemistry.tsv	29	
奈落	ㄋㄞˋ ㄌㄨㄛˋ	動漫	1	11	absent			-7.354194117						耐落	耐落	耐/落	耐/落	False	False	1		phrase.anime.tsv	653	
奈葉	ㄋㄞˋ ㄧㄝˋ	動漫	1	22	absent			-7.354194117						耐業	耐業	耐/業	耐/業	False	False	1		phrase.anime.tsv	654	
契約成立	ㄑㄧˋ ㄩㄝ ㄔㄥˊ ㄌㄧˋ	法律	1	11	absent			-7.354194117		契約/成立	1.168502407	契約/成立	1.168502407	契約成立	契約成立	契約/成立	契約/成立	False	True	1		phrase.law.tsv	49	
契約終止	ㄑㄧˋ ㄩㄝ ㄓㄨㄥ ㄓˇ	法律	1	11	absent			-7.354194117		契約/終止	2.462233164	契約/終止	2.462233164	契約終止	契約終止	契約/終止	契約/終止	False	True	1		phrase.law.tsv	50	
契約自由	ㄑㄧˋ ㄩㄝ ㄗˋ ㄧㄡˊ	法律	1	11	absent			-7.354194117		契約/自由	1.072290306	契約/自由	1.072290306	契約自由	契約自由	契約/自由	契約/自由	False	True	1		phrase.law.tsv	51	
契約解除	ㄑㄧˋ ㄩㄝ ㄐㄧㄝˇ ㄔㄨˊ	法律	1	11	absent			-7.354194117		契約/解除	2.267094481	契約/解除	2.267094481	契約解除	契約解除	契約/解除	契約/解除	False	True	1		phrase.law.tsv	52	
套索迴歸	ㄊㄠˋ ㄙㄨㄛˇ ㄏㄨㄟˊ ㄍㄨㄟ	AI資料科學	1	12	absent			-7.354194117						套所回歸	套索迴歸	套/所/回歸	套索迴歸	True	True	1		phrase.ai-data-science.tsv	48	
套袋	ㄊㄠˋ ㄉㄞˋ	農業食品	1	13	absent			-7.354194117						套袋	套袋	套/袋	套/袋	False	True	1		phrase.agriculture-food.tsv	14	
奧伊卡茲	ㄠˋ ㄧ ㄎㄚˇ ㄗ	動漫	1	15	absent			-7.354194117						奧一卡資	奧伊卡茲	奧/一/卡/資	奧伊卡茲	True	True	1		phrase.anime.tsv	655	
奧克茲	ㄠˋ ㄎㄜˋ ㄗ	動漫	1	14	absent			-7.354194117						奧客資	奧克茲	奧/客/資	奧克茲	True	True	1		phrase.anime.tsv	656	
奧寺美紀	ㄠˋ ㄙˋ ㄇㄟˇ ㄐㄧˋ	動漫	1	17	absent			-7.354194117						奧四美計	奧寺美紀	奧/四美/計	奧寺美紀	True	True	1		phrase.anime.tsv	657	
奧山真澄	ㄠˋ ㄕㄢ ㄓㄣ ㄔㄥˊ	動漫	1	12	absent			-7.354194117						奧山真誠	奧山真澄	奧/山/真誠	奧山真澄	True	True	1		phrase.anime.tsv	658	
奧村燐	ㄠˋ ㄘㄨㄣ ㄌㄧㄣˊ	動漫	1	18	absent			-7.354194117						奧村林	奧村燐	奧/村/林	奧村燐	True	True	1		phrase.anime.tsv	659	
奧村英二	ㄠˋ ㄘㄨㄣ ㄧㄥ ㄦˋ	動漫	1	18	absent			-7.354194117						奧村應二	奧村英二	奧/村/應/二	奧村英二	True	True	1		phrase.anime.tsv	660	
奧村雪男	ㄠˋ ㄘㄨㄣ ㄒㄩㄝˇ ㄋㄢˊ	動漫	1	15	absent			-7.354194117						奧村雪南	奧村雪男	奧/村/雪/南	奧村雪男	True	True	1		phrase.anime.tsv	661	
奧森	ㄠˋ ㄙㄣ	動漫	1	12	absent			-7.354194117						奧森	奧森	奧/森	奧森	False	True	1		phrase.anime.tsv	662	
奧茲貝	ㄠˋ ㄗ ㄅㄟˋ	動漫	1	18	absent			-7.354194117						奧資被	奧茲貝	奧/資/被	奧茲貝	True	True	1		phrase.anime.tsv	663	
奧黛莉伯恩	ㄠˋ ㄉㄞˋ ㄌㄧˋ ㄅㄛˊ ㄣ	動漫	1	15	absent			-7.354194117						奧代力伯恩	奧黛莉伯恩	奧/代/力/伯恩	奧黛莉伯恩	True	True	1		phrase.anime.tsv	664	
女亂馬	ㄋㄩˇ ㄌㄨㄢˋ ㄇㄚˇ	動漫	1	15	absent			-7.354194117						女亂碼	女亂馬	女/亂碼	女亂馬	True	True	1		phrase.anime.tsv	665	
女僕拿鐵	ㄋㄩˇ ㄆㄨˊ ㄋㄚˊ ㄊㄧㄝˇ	動漫	1	12	absent			-7.354194117						女僕拿鐵	女僕拿鐵	女僕/拿/鐵	女僕拿鐵	False	True	1		phrase.anime.tsv	667	
女神咖啡廳	ㄋㄩˇ ㄕㄣˊ ㄎㄚ ㄈㄟ ㄊㄧㄥ	動漫	1	20	absent			-7.354194117		女神/咖啡廳	3.835680178	女神/咖啡廳	3.835680178	女神咖啡廳	女神咖啡廳	女神/咖啡廳	女神咖啡廳	False	True	1		phrase.anime.tsv	670	
女神官	ㄋㄩˇ ㄕㄣˊ ㄍㄨㄢ	動漫	1	16	absent			-7.354194117						女神關	女神關	女神/關	女神/關	False	False	1		phrase.anime.tsv	671	
奴良滑瓢	ㄋㄨˊ ㄌㄧㄤˊ ㄏㄨㄚˊ ㄆㄧㄠˊ	動漫	1	11	absent			-7.354194117						奴良華瓢	奴良滑瓢	奴/良/華/瓢	奴良滑瓢	True	True	1		phrase.anime.tsv	673	
奴良陸生	ㄋㄨˊ ㄌㄧㄤˊ ㄌㄨˋ ㄕㄥ	動漫	1	18	absent			-7.354194117						奴良路生	奴良陸生	奴/良/路/生	奴良陸生	True	True	1		phrase.anime.tsv	674	
好氧消化	ㄏㄠˋ ㄧㄤˇ ㄒㄧㄠ ㄏㄨㄚˋ	環境能源	1	13	absent			-7.354194117		耗氧/消化	4.700981604	耗氧/消化	4.700981604	號養消化	好氧消化	號/養/消化	好氧消化	True	True	1		phrase.energy-environment.tsv	36	
如月千早	ㄖㄨˊ ㄩㄝˋ ㄑㄧㄢ ㄗㄠˇ	動漫	1	17	absent			-7.354194117						如月千早	如月千早	如/月/千/早	如月千早	False	True	1		phrase.anime.tsv	675	
妄想學生會	ㄨㄤˋ ㄒㄧㄤˇ ㄒㄩㄝˊ ㄕㄥ ㄏㄨㄟˋ	動漫	1	20	absent			-7.354194117		妄想/學生會	3.343470252	妄想/學生會	3.343470252	妄想學生會	妄想學生會	妄想/學生會	妄想學生會	False	True	1		phrase.anime.tsv	676	
妊娠糖尿病	ㄖㄣˋ ㄔㄣˊ ㄊㄤˊ ㄋㄧㄠˋ ㄅㄧㄥˋ	醫學	1	3	absent			-7.354194117		妊娠/糖尿病	4.389227743	妊娠/糖尿病	4.389227743	妊娠糖尿病	妊娠糖尿病	妊娠/糖尿病	妊娠/糖尿病	False	True	1		phrase.medicine.tsv	73	
妖怪少爺	ㄧㄠ ㄍㄨㄞˋ ㄕㄠˋ ㄧㄝˊ	動漫	1	20	absent			-7.354194117		妖怪/少爺	3.972537635	妖怪/少爺	3.972537635	妖怪少爺	妖怪少爺	妖怪/少爺	妖怪少爺	False	True	1		phrase.anime.tsv	677	
妖精尾巴	ㄧㄠ ㄐㄧㄥ ㄨㄟˇ ㄅㄚ	動漫	1	14	absent			-7.354194117		妖精/尾巴	4.76090805	妖精/尾巴	4.76090805	邀經尾巴	妖精尾巴	邀/經/尾巴	妖精尾巴	True	True	1		phrase.anime.tsv	678	
妖精弓手	ㄧㄠ ㄐㄧㄥ ㄍㄨㄥ ㄕㄡˇ	動漫	1	14	absent			-7.354194117		妖精/攻守	5.275012871	妖精/攻守	5.275012871	邀經公手	妖精弓手	邀/經/公/手	妖精弓手	True	True	1		phrase.anime.tsv	679	
妨害公務罪	ㄈㄤˊ ㄏㄞˋ ㄍㄨㄥ ㄨˋ ㄗㄨㄟˋ	法律	1	3	absent			-7.354194117						妨害公務最	妨害公務罪	妨害/公務/最	妨害公務罪	True	True	1		phrase.law.tsv	53	
妨害名譽罪	ㄈㄤˊ ㄏㄞˋ ㄇㄧㄥˊ ㄩˋ ㄗㄨㄟˋ	法律	1	3	absent			-7.354194117						妨害名譽最	妨害名譽罪	妨害/名譽/最	妨害名譽罪	True	True	1		phrase.law.tsv	54	
妨害生命罪	ㄈㄤˊ ㄏㄞˋ ㄕㄥ ㄇㄧㄥˋ ㄗㄨㄟˋ	法律	1	3	absent			-7.354194117						妨害生命最	妨害生命罪	妨害/生命/最	妨害生命罪	True	True	1		phrase.law.tsv	55	
妨害秘密罪	ㄈㄤˊ ㄏㄞˋ ㄇㄧˋ ㄇㄧˋ ㄗㄨㄟˋ	法律	1	3	absent			-7.354194117						妨害秘密最	妨害秘密罪	妨害/秘密/最	妨害秘密罪	True	True	1		phrase.law.tsv	56	
妨害自由罪	ㄈㄤˊ ㄏㄞˋ ㄗˋ ㄧㄡˊ ㄗㄨㄟˋ	法律	1	3	absent			-7.354194117						妨害自由最	妨害自由罪	妨害自由/最	妨害自由罪	True	True	1		phrase.law.tsv	57	
妮亞	ㄋㄧˊ ㄧㄚˇ	動漫	1	14	absent			-7.354194117						呢亞	呢亞	呢/亞	呢/亞	False	False	1		phrase.anime.tsv	681	
妮可羅賓	ㄋㄧˊ ㄎㄜˇ ㄌㄨㄛˊ ㄅㄧㄣ	動漫	1	12	absent			-7.354194117						呢可羅賓	妮可羅賓	呢/可/羅/賓	妮可羅賓	True	True	1		phrase.anime.tsv	682	
妮娜弗多拿	ㄋㄧˊ ㄋㄚˋ ㄈㄨˊ ㄉㄨㄛ ㄋㄚˊ	動漫	1	17	absent			-7.354194117						呢那服多拿	妮娜弗多拿	呢/那/服/多/拿	妮娜弗多拿	True	True	1		phrase.anime.tsv	683	
妮絲	ㄋㄧˊ ㄙ	動漫	1	19	absent	尼斯	-5.031974823	-7.354194117	-2.322219295			尼斯	-2.322219295	尼斯	尼斯	尼斯	尼斯	False	False	2	尼斯	phrase.anime.tsv	684	
妹尾愛子	ㄇㄟˋ ㄨㄟˇ ㄞˋ ㄗˇ	動漫	1	15	absent			-7.354194117						妹委愛子	妹尾愛子	妹/委/愛子	妹尾愛子	True	True	1		phrase.anime.tsv	686	
妹控	ㄇㄟˋ ㄎㄨㄥˋ	動漫	1	13	absent			-7.354194117						妹控	妹控	妹/控	妹/控	False	True	1		phrase.anime.tsv	687	
姆魯姆魯	ㄇㄨˇ ㄌㄨˇ ㄇㄨˇ ㄌㄨˇ	動漫	1	12	absent			-7.354194117						母魯母魯	姆魯姆魯	母/魯/母/魯	姆魯姆魯	True	True	1		phrase.anime.tsv	688	
委任契約	ㄨㄟˇ ㄖㄣˋ ㄑㄧˋ ㄩㄝ	法律	1	10	absent			-7.354194117		委任/契約	2.856380184	委任/契約	2.856380184	委任契約	委任契約	委任/契約	委任契約	False	True	1		phrase.law.tsv	58	
委辦案件	ㄨㄟˇ ㄅㄢˋ ㄢˋ ㄐㄧㄢˋ	公務員公文	1	15	absent			-7.354194117		委辦/案件	2.985126762	委辦/案件	2.985126762	委辦案件	委辦案件	委辦/案件	委辦案件	False	True	1		phrase.government.tsv	24	
姬坂乃愛	ㄐㄧ ㄅㄢˇ ㄋㄞˇ ㄞˋ	動漫	1	11	absent			-7.354194117						機板乃愛	姬坂乃愛	機板/乃/愛	姬坂乃愛	True	True	1		phrase.anime.tsv	689	
姬路瑞希	ㄐㄧ ㄌㄨˋ ㄖㄨㄟˋ ㄒㄧ	動漫	1	17	absent			-7.354194117						機路瑞西	姬路瑞希	機/路/瑞/西	姬路瑞希	True	True	1		phrase.anime.tsv	690	
姿態估計	ㄗ ㄊㄞˋ ㄍㄨ ㄐㄧˋ	AI資料科學	1	10	absent			-7.354194117		姿態/估計	2.346860354	姿態/估計	2.346860354	姿態估計	姿態估計	姿態/估計	姿態估計	False	True	1		phrase.ai-data-science.tsv	49	
威脅偵測	ㄨㄟ ㄒㄧㄝˊ ㄓㄣ ㄘㄜˋ	網路資安	1	13	absent			-7.354194117		威脅/偵測	2.299634683	威脅/偵測	2.299634683	威脅偵測	威脅偵測	威脅/偵測	威脅/偵測	False	True	1		phrase.network-security.tsv	50	
威脅建模	ㄨㄟ ㄒㄧㄝˊ ㄐㄧㄢˋ ㄇㄛˊ	網路資安	1	11	absent			-7.354194117						威脅建模	威脅建模	威脅/建/模	威脅建模	False	True	1		phrase.network-security.tsv	51	
威脅情資	ㄨㄟ ㄒㄧㄝˊ ㄑㄧㄥˊ ㄗ	網路資安	1	11	absent			-7.354194117						威脅情資	威脅情資	威脅/情/資	威脅情資	False	True	1		phrase.network-security.tsv	52	
威脅獵捕	ㄨㄟ ㄒㄧㄝˊ ㄌㄧㄝˋ ㄅㄨˇ	網路資安	1	11	absent			-7.354194117		威脅/獵捕	2.684644807	威脅/獵捕	2.684644807	威脅獵捕	威脅獵捕	威脅/獵捕	威脅/獵捕	False	True	1		phrase.network-security.tsv	53	
娜娜奇	ㄋㄚˋ ㄋㄚˋ ㄑㄧˊ	動漫	1	15	absent			-7.354194117						那那其	娜娜奇	那/那/其	娜娜奇	True	True	1		phrase.anime.tsv	693	
娜娜莉	ㄋㄚˋ ㄋㄚˋ ㄌㄧˋ	動漫	1	14	absent			-7.354194117						那那力	娜娜莉	那/那/力	娜娜莉	True	True	1		phrase.anime.tsv	694	
娜潔希坦	ㄋㄚˋ ㄐㄧㄝˊ ㄒㄧ ㄊㄢˇ	動漫	1	9	absent			-7.354194117						那潔西坦	娜潔希坦	那/潔西/坦	娜潔希坦	True	True	1		phrase.anime.tsv	695	
娜美	ㄋㄚˋ ㄇㄟˇ	動漫	1	19	absent			-7.354194117						那美	那美	那/美	那/美	False	False	1		phrase.anime.tsv	696	
娜貝拉爾	ㄋㄚˋ ㄅㄟˋ ㄌㄚ ㄦˇ	動漫	1	11	absent			-7.354194117						那被拉爾	娜貝拉爾	那/被/拉/爾	娜貝拉爾	True	True	1		phrase.anime.tsv	697	
婉曲	ㄨㄢˇ ㄑㄩ	中文	1	10	absent			-7.354194117						晚區	晚區	晚/區	晚/區	False	False	1		phrase.chinese.tsv	45	
婚姻撤銷	ㄏㄨㄣ ㄧㄣ ㄔㄜˋ ㄒㄧㄠ	法律	1	11	absent			-7.354194117		婚姻/撤銷	2.634688816	婚姻/撤銷	2.634688816	婚姻撤銷	婚姻撤銷	婚姻/撤銷	婚姻/撤銷	False	True	1		phrase.law.tsv	59	
婚姻無效	ㄏㄨㄣ ㄧㄣ ㄨˊ ㄒㄧㄠˋ	法律	1	11	absent			-7.354194117		婚姻/無效	2.473489112	婚姻/無效	2.473489112	婚姻無效	婚姻無效	婚姻/無效	婚姻/無效	False	True	1		phrase.law.tsv	60	
嬴政	ㄧㄥˊ ㄓㄥˋ	動漫	1	18	absent			-7.354194117						營政	營政	營/政	營/政	False	False	1		phrase.anime.tsv	698	
子宮腺肌症	ㄗˇ ㄍㄨㄥ ㄒㄧㄢˋ ㄐㄧ ㄓㄥˋ	醫學	1	3	absent			-7.354194117						子宮現機政	子宮腺肌症	子宮/現/機/政	子宮腺肌症	True	True	1		phrase.medicine.tsv	75	
子網路遮罩	ㄗˇ ㄨㄤˇ ㄌㄨˋ ㄓㄜ ㄓㄠˋ	網路資安	1	6	absent			-7.354194117						子網路遮罩	子網路遮罩	子/網路/遮罩	子網路遮罩	False	True	1		phrase.network-security.tsv	54	
字型設計	ㄗˋ ㄒㄧㄥˊ ㄕㄜˋ ㄐㄧˋ	媒體設計	1	12	absent			-7.354194117		自行/設計	0.632794752	自行/設計	0.632794752	自行設計	自行設計	自行/設計	自行/設計	False	False	1		phrase.media-design.tsv	27	
字級	ㄗˋ ㄐㄧˊ	媒體設計	1	12	absent	字集	-6.240250765	-7.354194117	-1.113943352			字集	-1.113943352	字及	字及	字/及	字/及	False	False	2	字集	phrase.media-design.tsv	28	
字距	ㄗˋ ㄐㄩˋ	媒體設計	1	12	absent	字句|字據	-5.554853568	-7.354194117	-1.799340549			字句	-1.799340549	字句	字句	字句	字句	False	False	3	字句|字據	phrase.media-design.tsv	29	
字重	ㄗˋ ㄓㄨㄥˋ	媒體設計	1	12	absent	自重|自種	-5.891796119	-7.354194117	-1.462397998			自重	-1.462397998	字重	字重	字/重	字/重	False	True	3	自種|自重	phrase.media-design.tsv	30	
字體排印	ㄗˋ ㄊㄧˇ ㄆㄞˊ ㄧㄣˋ	媒體設計	1	10	absent			-7.354194117		字體/排印	4.501714124	字體/排印	4.501714124	字體排印	字體排印	字體/排印	字體排印	False	True	1		phrase.media-design.tsv	31	
字體設計	ㄗˋ ㄊㄧˇ ㄕㄜˋ ㄐㄧˋ	媒體設計	1	12	absent			-7.354194117		字體/設計	1.41660201	字體/設計	1.41660201	字體設計	字體設計	字體/設計	字體設計	False	True	1		phrase.media-design.tsv	32	
存取控制	ㄘㄨㄣˊ ㄑㄩˇ ㄎㄨㄥˋ ㄓˋ	網路資安	1	15	absent			-7.354194117		存取/控制	2.270960327	存取/控制	2.270960327	存取控制	存取控制	存取/控制	存取/控制	False	True	1		phrase.network-security.tsv	55	
存在艾克斯	ㄘㄨㄣˊ ㄗㄞˋ ㄞˋ ㄎㄜˋ ㄙ	動漫	1	12	absent			-7.354194117		存在/愛克斯	4.032181679	存在/愛克斯	4.032181679	存在愛克斯	存在艾克斯	存在/愛克斯	存在艾克斯	True	True	1		phrase.anime.tsv	699	存在X
存現句	ㄘㄨㄣˊ ㄒㄧㄢˋ ㄐㄩˋ	中文	1	12	absent			-7.354194117						存現句	存現句	存/現/句	存現句	False	True	1		phrase.chinese.tsv	46	
存續期間	ㄘㄨㄣˊ ㄒㄩˋ ㄑㄧˊ ㄐㄧㄢ	財會金融	1	13	absent			-7.354194117		存續/期間	2.759139028	存續/期間	2.759139028	存續期間	存續期間	存續/期間	存續期間	False	True	1		phrase.finance.tsv	35	
存貨週轉率	ㄘㄨㄣˊ ㄏㄨㄛˋ ㄓㄡ ㄓㄨㄢˇ ㄌㄩˋ	財會金融	1	3	absent			-7.354194117		存貨/周轉率	4.922830353	存貨/周轉率	4.922830353	存貨週轉率	存貨週轉率	存貨/週轉率	存貨/週轉率	False	True	1		phrase.finance.tsv	37	
存貨預測	ㄘㄨㄣˊ ㄏㄨㄛˋ ㄩˋ ㄘㄜˋ	財會金融	1	10	absent			-7.354194117		存貨/預測	2.936805471	存貨/預測	2.936805471	存貨預測	存貨預測	存貨/預測	存貨/預測	False	True	1		phrase.finance.tsv	38	
孟德爾遺傳	ㄇㄥˋ ㄉㄜˊ ㄦˇ ㄧˊ ㄔㄨㄢˊ	科學	1	2	absent			-7.354194117		孟德爾/遺傳	3.911714348	孟德爾/遺傳	3.911714348	孟德爾遺傳	孟德爾遺傳	孟德爾/遺傳	孟德爾遺傳	False	True	1		phrase.science.tsv	26	
季夏	ㄐㄧˋ ㄒㄧㄚˋ	動漫	1	15	absent	記下|稷下	-5.385711169	-7.354194117	-1.968482949			記下	-1.968482949	記下	記下	記下	記下	False	False	3	稷下|記下	phrase.anime.tsv	701	
孤島效應	ㄍㄨ ㄉㄠˇ ㄒㄧㄠˋ ㄧㄥˋ	環境能源	1	10	absent			-7.354194117		孤島/效應	3.2937985	孤島/效應	3.2937985	孤島效應	孤島效應	孤島/效應	孤島/效應	False	True	1		phrase.energy-environment.tsv	37	
孤爪研磨	ㄍㄨ ㄓㄠˇ ㄧㄢˊ ㄇㄛˊ	動漫	1	10	absent			-7.354194117						家找研磨	孤爪研磨	家/找/研磨	孤爪研磨	True	True	1		phrase.anime.tsv	702	
孤獨搖滾	ㄍㄨ ㄉㄨˊ ㄧㄠˊ ㄍㄨㄣˇ	動漫	1	25	absent			-7.354194117		孤獨/搖滾	3.029335729	孤獨/搖滾	3.029335729	孤獨搖滾	孤獨搖滾	孤獨/搖滾	孤獨搖滾	False	True	1		phrase.anime.tsv	703	
孫悟飯	ㄙㄨㄣ ㄨˋ ㄈㄢˋ	動漫	1	19	absent			-7.354194117						孫物範	孫悟飯	孫/物/範	孫悟飯	True	True	1		phrase.anime.tsv	705	
學務行政	ㄒㄩㄝˊ ㄨˋ ㄒㄧㄥˊ ㄓㄥˋ	教育	1	13	absent			-7.354194117						學務行政	學務行政	學/務/行政	學務行政	False	True	1		phrase.education.tsv	31	
學園奶爸	ㄒㄩㄝˊ ㄩㄢˊ ㄋㄞˇ ㄅㄚˋ	動漫	1	19	absent			-7.354194117		學員/奶爸	3.805681861	學員/奶爸	3.805681861	學員奶爸	學園奶爸	學員/奶爸	學園奶爸	True	True	1		phrase.anime.tsv	706	
學園孤島	ㄒㄩㄝˊ ㄩㄢˊ ㄍㄨ ㄉㄠˇ	動漫	1	20	absent			-7.354194117		學員/孤島	3.504651865	學員/孤島	3.504651865	學員孤島	學園孤島	學員/孤島	學園孤島	True	True	1		phrase.anime.tsv	707	
學園生活部	ㄒㄩㄝˊ ㄩㄢˊ ㄕㄥ ㄏㄨㄛˊ ㄅㄨˋ	動漫	1	12	absent			-7.354194117						學員生活不	學園生活部	學員/生活/不	學園生活部	True	True	1		phrase.anime.tsv	708	
學妹	ㄒㄩㄝˊ ㄇㄟˋ	動漫	1	20	absent			-7.354194117						學妹	學妹	學/妹	學/妹	False	True	1		phrase.anime.tsv	709	
學生自治	ㄒㄩㄝˊ ㄕㄥ ㄗˋ ㄓˋ	教育	1	13	absent			-7.354194117		學生/自治	0.884886198	學生/自治	0.884886198	學生自治	學生自治	學生/自治	學生/自治	False	True	1		phrase.education.tsv	33	
學生輔導	ㄒㄩㄝˊ ㄕㄥ ㄈㄨˇ ㄉㄠˇ	教育	1	13	absent			-7.354194117		學生/輔導	0.306192425	學生/輔導	0.306192425	學生輔導	學生輔導	學生/輔導	學生/輔導	False	True	1		phrase.education.tsv	34	
學習活動	ㄒㄩㄝˊ ㄒㄧˊ ㄏㄨㄛˊ ㄉㄨㄥˋ	教育	1	16	absent			-7.354194117		學習/活動	0.018319494	學習/活動	0.018319494	學習活動	學習活動	學習/活動	學習/活動	False	True	1		phrase.education.tsv	36	
學習率排程	ㄒㄩㄝˊ ㄒㄧˊ ㄌㄩˋ ㄆㄞˊ ㄔㄥˊ	AI資料科學	1	5	absent			-7.354194117						學習率排程	學習率排程	學習/率/排/程	學習率排程	False	True	1		phrase.ai-data-science.tsv	52	
學習診斷	ㄒㄩㄝˊ ㄒㄧˊ ㄓㄣˇ ㄉㄨㄢˋ	教育	1	16	absent			-7.354194117		學習/診斷	1.525420829	學習/診斷	1.525420829	學習診斷	學習診斷	學習/診斷	學習/診斷	False	True	1		phrase.education.tsv	37	
宅男腐女	ㄓㄞˊ ㄋㄢˊ ㄈㄨˇ ㄋㄩˇ	動漫	1	23	absent			-7.354194117						宅男府女	宅男腐女	宅男/府/女	宅男腐女	True	True	1		phrase.anime.tsv	713	
宅配	ㄓㄞˊ ㄆㄟˋ	一般	1	65	absent			-7.354194117						宅配	宅配	宅/配	宅/配	False	True	1		phrase.general.tsv	41	
宇宙學	ㄩˇ ㄓㄡˋ ㄒㄩㄝˊ	科學	1	11	absent			-7.354194117						宇宙學	宇宙學	宇宙/學	宇宙/學	False	True	1		phrase.science.tsv	27	
宇崎	ㄩˇ ㄑㄧˊ	動漫	1	22	absent	與其	-4.657837729	-7.354194117	-2.696356389			與其	-2.696356389	與其	與其	與其	與其	False	False	2	羽騎|與其	phrase.anime.tsv	714	
宇崎月	ㄩˇ ㄑㄧˊ ㄩㄝˋ	動漫	1	11	absent			-7.354194117						與其月	與其月	與其/月	與其/月	False	False	1		phrase.anime.tsv	715	
宇崎花	ㄩˇ ㄑㄧˊ ㄏㄨㄚ	動漫	1	18	absent			-7.354194117						與其花	與其花	與其/花	與其/花	False	False	1		phrase.anime.tsv	716	
宇智波佐助	ㄩˇ ㄓˋ ㄅㄛ ㄗㄨㄛˇ ㄓㄨˋ	動漫	1	22	absent			-7.354194117						與志波左助	宇智波佐助	與/志/波/左/助	宇智波佐助	True	True	1		phrase.anime.tsv	717	
宇智波鼬	ㄩˇ ㄓˋ ㄅㄛ ㄧㄡˋ	動漫	1	13	absent			-7.354194117						與志波又	宇智波鼬	與/志/波/又	宇智波鼬	True	True	1		phrase.anime.tsv	718	
宇治松千夜	ㄩˇ ㄓˋ ㄙㄨㄥ ㄑㄧㄢ ㄧㄝˋ	動漫	1	13	absent			-7.354194117						與志鬆千業	宇治松千夜	與/志/鬆/千/業	宇治松千夜	True	True	1		phrase.anime.tsv	719	
守屋菖蒲	ㄕㄡˇ ㄨ ㄔㄤ ㄆㄨˊ	動漫	1	12	absent			-7.354194117						手於菖蒲	守屋菖蒲	手/於/菖蒲	守屋菖蒲	True	True	1		phrase.anime.tsv	720	
守門理論	ㄕㄡˇ ㄇㄣˊ ㄌㄧˇ ㄌㄨㄣˋ	媒體設計	1	10	absent			-7.354194117		守門/理論	2.770315519	守門/理論	2.770315519	守門理論	守門理論	守門/理論	守門/理論	False	True	1		phrase.media-design.tsv	33	
安倍晉三	ㄢ ㄅㄟˋ ㄐㄧㄣˋ ㄙㄢ	人名-當代	1	13	0			-7.354194117						安倍進三	安倍晉三	安/倍/進/三	安倍晉三	True	True	1		phrase.people-contemporary.tsv	7	
安全依附	ㄢ ㄑㄩㄢˊ ㄧ ㄈㄨˋ	心理社會	1	12	absent			-7.354194117		安全/依附	2.118887925	安全/依附	2.118887925	安全依附	安全依附	安全/依附	安全/依附	False	True	1		phrase.psychology-society.tsv	24	
安全基線	ㄢ ㄑㄩㄢˊ ㄐㄧ ㄒㄧㄢˋ	網路資安	1	12	absent			-7.354194117		安全/基線	3.87476278	安全/基線	3.87476278	安全基現	安全基線	安全/基/現	安全基線	True	True	1		phrase.network-security.tsv	57	
安全對齊	ㄢ ㄑㄩㄢˊ ㄉㄨㄟˋ ㄑㄧˊ	AI資料科學	1	12	absent			-7.354194117		安全/對齊	2.971672793	安全/對齊	2.971672793	安全對齊	安全對齊	安全/對齊	安全/對齊	False	True	1		phrase.ai-data-science.tsv	53	
安全工程	ㄢ ㄑㄩㄢˊ ㄍㄨㄥ ㄔㄥˊ	工業工程	1	13	absent			-7.354194117		安全/工程	0.505732558	安全/工程	0.505732558	安全工程	安全工程	安全/工程	安全/工程	False	True	1		phrase.industrial-engineering.tsv	36	
安全庫存	ㄢ ㄑㄩㄢˊ ㄎㄨˋ ㄘㄨㄣˊ	商業	1	12	absent			-7.354194117		安全/庫存	1.667936904	安全/庫存	1.667936904	安全庫存	安全庫存	安全/庫存	安全/庫存	False	True	1		phrase.business.tsv	58	
安全強化	ㄢ ㄑㄩㄢˊ ㄑㄧㄤˊ ㄏㄨㄚˋ	網路資安	1	13	absent			-7.354194117		安全/強化	1.195334884	安全/強化	1.195334884	安全強化	安全強化	安全/強化	安全/強化	False	True	1		phrase.network-security.tsv	58	
安全採收期	ㄢ ㄑㄩㄢˊ ㄘㄞˇ ㄕㄡ ㄑㄧ	農業食品	1	5	absent			-7.354194117						安全採收七	安全採收期	安全/採/收/七	安全採收期	True	True	1		phrase.agriculture-food.tsv	15	
安全評估	ㄢ ㄑㄩㄢˊ ㄆㄧㄥˊ ㄍㄨ	交通物流	1	14	absent			-7.354194117		安全/評估	0.810679344	安全/評估	0.810679344	安全評估	安全評估	安全/評估	安全/評估	False	True	1		phrase.transport-logistics.tsv	33	
安原繪麻	ㄢ ㄩㄢˊ ㄏㄨㄟˋ ㄇㄚˊ	動漫	1	16	absent			-7.354194117						安員會麻	安原繪麻	安/員/會/麻	安原繪麻	True	True	1		phrase.anime.tsv	721	
安城鳴子	ㄢ ㄔㄥˊ ㄇㄧㄥˊ ㄗ˙	動漫	1	17	absent			-7.354194117						安成名字	安城鳴子	安/成/名字	安城鳴子	True	True	1		phrase.anime.tsv	722	
安培定律	ㄢ ㄆㄟˊ ㄉㄧㄥˋ ㄌㄩˋ	科學	1	9	absent			-7.354194117		安培/定律	4.855883564	安培/定律	4.855883564	安培定律	安培定律	安培/定律	安培/定律	False	True	1		phrase.science.tsv	28	
安堂麗治	ㄢ ㄊㄤˊ ㄌㄧˋ ㄓˋ	動漫	1	11	absent			-7.354194117		庵堂/立志	5.15553703	庵堂/立志	5.15553703	安堂立志	安堂麗治	安/堂/立志	安堂麗治	True	True	1		phrase.anime.tsv	723	
安妮亞	ㄢ ㄋㄧˊ ㄧㄚˇ	動漫	1	16	absent			-7.354194117						安妮亞	安妮亞	安妮/亞	安妮亞	False	True	1		phrase.anime.tsv	725	
安妮亞佛傑	ㄢ ㄋㄧˊ ㄧㄚˇ ㄈㄛˊ ㄐㄧㄝˊ	動漫	1	18	absent			-7.354194117						安妮亞佛結	安妮亞佛傑	安妮/亞/佛/結	安妮亞佛傑	True	True	1		phrase.anime.tsv	726	
安定性試驗	ㄢ ㄉㄧㄥˋ ㄒㄧㄥˋ ㄕˋ ㄧㄢˋ	生技藥學	1	3	absent			-7.354194117		安定性/試驗	4.061495114	安定性/試驗	4.061495114	安定性試驗	安定性試驗	安定性/試驗	安定性試驗	False	True	1		phrase.biotech-pharma.tsv	40	
安室透	ㄢ ㄕˋ ㄊㄡˋ	動漫	1	10	absent			-7.354194117						安是透	安室透	安/是/透	安室透	True	True	1		phrase.anime.tsv	727	
安德羅	ㄢ ㄉㄜˊ ㄌㄨㄛˊ	動漫	1	12	absent			-7.354194117						安得羅	安德羅	安/得/羅	安德羅	True	True	1		phrase.anime.tsv	728	
安德里希	ㄢ ㄉㄜˊ ㄌㄧˇ ㄒㄧ	動漫	1	16	absent			-7.354194117						安德里西	安德里希	安/德里/西	安德里希	True	True	1		phrase.anime.tsv	729	
安慰劑對照	ㄢ ㄨㄟˋ ㄐㄧˋ ㄉㄨㄟˋ ㄓㄠˋ	生技藥學	1	2	absent			-7.354194117		安慰劑/對照	4.563205642	安慰劑/對照	4.563205642	安慰劑對照	安慰劑對照	安慰劑/對照	安慰劑/對照	False	True	1		phrase.biotech-pharma.tsv	41	
安曇小太郎	ㄢ ㄊㄢˊ ㄒㄧㄠˇ ㄊㄞˋ ㄌㄤˊ	動漫	1	17	absent			-7.354194117						安談小太郎	安曇小太郎	安/談/小/太郎	安曇小太郎	True	True	1		phrase.anime.tsv	730	
安潔莉	ㄢ ㄐㄧㄝˊ ㄌㄧˋ	動漫	1	12	absent			-7.354194117						安竭力	安潔莉	安/竭力	安潔莉	True	True	1		phrase.anime.tsv	731	
安琪艾瑪	ㄢ ㄑㄧˊ ㄞˋ ㄇㄚˇ	動漫	1	13	absent			-7.354194117		安琪/艾瑪	5.395152725	安琪/艾瑪	5.395152725	安其艾瑪	安琪艾瑪	安/其/艾瑪	安琪艾瑪	True	True	1		phrase.anime.tsv	732	
安索夫矩陣	ㄢ ㄙㄨㄛˇ ㄈㄨ ㄐㄩˇ ㄓㄣˋ	商業	1	5	absent			-7.354194117						安所不矩陣	安索夫矩陣	安/所/不/矩陣	安索夫矩陣	True	True	1		phrase.business.tsv	59	
安茲	ㄢ ㄗ	動漫	1	24	absent			-7.354194117						安資	安資	安/資	安/資	False	False	1		phrase.anime.tsv	733	
安茲大人	ㄢ ㄗ ㄉㄚˋ ㄖㄣˊ	動漫	1	14	absent			-7.354194117						安資大人	安茲大人	安/資/大人	安茲大人	True	True	1		phrase.anime.tsv	734	
安茲烏爾恭	ㄢ ㄗ ㄨ ㄦˇ ㄍㄨㄥ	動漫	1	22	absent			-7.354194117						安資烏爾公	安茲烏爾恭	安/資/烏爾/公	安茲烏爾恭	True	True	1		phrase.anime.tsv	735	
安西教練	ㄢ ㄒㄧ ㄐㄧㄠˋ ㄌㄧㄢˋ	動漫	1	13	absent			-7.354194117						安西教練	安西教練	安/西/教練	安西教練	False	True	1		phrase.anime.tsv	736	
宋遼金元	ㄙㄨㄥˋ ㄌㄧㄠˊ ㄐㄧㄣ ㄩㄢˊ	歷史	1	11	absent			-7.354194117						送療今員	宋遼金元	送/療/今/員	宋遼金元	True	True	1		phrase.history.tsv	59	
完整性驗證	ㄨㄢˊ ㄓㄥˇ ㄒㄧㄥˋ ㄧㄢˋ ㄓㄥˋ	網路資安	1	3	absent			-7.354194117		完整性/驗證	3.598319262	完整性/驗證	3.598319262	完整性驗證	完整性驗證	完整性/驗證	完整性驗證	False	True	1		phrase.network-security.tsv	59	
宗介	ㄗㄨㄥ ㄐㄧㄝˋ	動漫	1	19	absent			-7.354194117						縱界	縱界	縱/界	縱/界	False	False	1		phrase.anime.tsv	738	
宗像禮司	ㄗㄨㄥ ㄒㄧㄤˋ ㄌㄧˇ ㄙ	動漫	1	10	absent			-7.354194117						縱像李斯	宗像禮司	縱/像/李斯	宗像禮司	True	True	1		phrase.anime.tsv	739	
宗像草太	ㄗㄨㄥ ㄒㄧㄤˋ ㄘㄠˇ ㄊㄞˋ	動漫	1	20	absent			-7.354194117						縱像草太	宗像草太	縱/像/草/太	宗像草太	True	True	1		phrase.anime.tsv	740	
定價優化	ㄉㄧㄥˋ ㄐㄧㄚˋ ㄧㄡ ㄏㄨㄚˋ	商業	1	11	absent			-7.354194117						定價優化	定價優化	定價/優/化	定價優化	False	True	1		phrase.business.tsv	61	
定價分析	ㄉㄧㄥˋ ㄐㄧㄚˋ ㄈㄣ ㄒㄧ	商業	1	12	absent			-7.354194117		定價/分析	1.895686198	定價/分析	1.895686198	定價分析	定價分析	定價/分析	定價/分析	False	True	1		phrase.business.tsv	62	
定價策略	ㄉㄧㄥˋ ㄐㄧㄚˋ ㄘㄜˋ ㄌㄩㄝˋ	商業	1	11	absent			-7.354194117		定價/策略	2.117007411	定價/策略	2.117007411	定價策略	定價策略	定價/策略	定價/策略	False	True	1		phrase.business.tsv	63	
定價管理	ㄉㄧㄥˋ ㄐㄧㄚˋ ㄍㄨㄢˇ ㄌㄧˇ	商業	1	12	absent			-7.354194117		定價/管理	1.611610371	定價/管理	1.611610371	定價管理	定價管理	定價/管理	定價/管理	False	True	1		phrase.business.tsv	64	
定價規劃	ㄉㄧㄥˋ ㄐㄧㄚˋ ㄍㄨㄟ ㄏㄨㄚˋ	商業	1	12	absent			-7.354194117		定價/規劃	1.779949808	定價/規劃	1.779949808	定價規劃	定價規劃	定價/規劃	定價/規劃	False	True	1		phrase.business.tsv	65	
定價預測	ㄉㄧㄥˋ ㄐㄧㄚˋ ㄩˋ ㄘㄜˋ	商業	1	11	absent			-7.354194117		定價/預測	2.472746689	定價/預測	2.472746689	定價預測	定價預測	定價/預測	定價/預測	False	True	1		phrase.business.tsv	66	
定序	ㄉㄧㄥˋ ㄒㄩˋ	生技藥學	1	17	absent			-7.354194117						訂續	訂續	訂/續	訂/續	False	False	1		phrase.biotech-pharma.tsv	42	
定期定額	ㄉㄧㄥˋ ㄑㄧˊ ㄉㄧㄥˋ ㄜˊ	一般	1	30	absent			-7.354194117		定期/定額	3.075326243	定期/定額	3.075326243	定期定額	定期定額	定期/定額	定期/定額	False	True	1		phrase.general.tsv	42	
定語	ㄉㄧㄥˋ ㄩˇ	中文	1	13	absent			-7.354194117						訂與	訂與	訂/與	訂/與	False	False	1		phrase.chinese.tsv	47	
定錨效應	ㄉㄧㄥˋ ㄇㄠˊ ㄒㄧㄠˋ ㄧㄥˋ	心理社會	1	13	absent			-7.354194117						訂毛效應	定錨效應	訂/毛/效應	定錨效應	True	True	1		phrase.psychology-society.tsv	25	
宜野座伸元	ㄧˊ ㄧㄝˇ ㄗㄨㄛˋ ㄕㄣ ㄩㄢˊ	動漫	1	15	absent			-7.354194117						一也做身員	宜野座伸元	一/也/做/身/員	宜野座伸元	True	True	1		phrase.anime.tsv	741	
客單價	ㄎㄜˋ ㄉㄢ ㄐㄧㄚˋ	商業	1	17	absent			-7.354194117						客單價	客單價	客/單價	客/單價	False	True	1		phrase.business.tsv	67	
客單價分析	ㄎㄜˋ ㄉㄢ ㄐㄧㄚˋ ㄈㄣ ㄒㄧ	商業	1	6	absent			-7.354194117						客單價分析	客單價分析	客/單價/分析	客單價分析	False	True	1		phrase.business.tsv	68	
客單價目標	ㄎㄜˋ ㄉㄢ ㄐㄧㄚˋ ㄇㄨˋ ㄅㄧㄠ	商業	1	5	absent			-7.354194117						客單價目標	客單價目標	客/單價/目標	客單價目標	False	True	1		phrase.business.tsv	69	
客單價趨勢	ㄎㄜˋ ㄉㄢ ㄐㄧㄚˋ ㄑㄩ ㄕˋ	商業	1	5	absent			-7.354194117						客單價趨勢	客單價趨勢	客/單價/趨勢	客單價趨勢	False	True	1		phrase.business.tsv	70	
客單價預測	ㄎㄜˋ ㄉㄢ ㄐㄧㄚˋ ㄩˋ ㄘㄜˋ	商業	1	5	absent			-7.354194117						客單價預測	客單價預測	客/單價/預測	客單價預測	False	True	1		phrase.business.tsv	71	
客戶優化	ㄎㄜˋ ㄏㄨˋ ㄧㄡ ㄏㄨㄚˋ	商業	1	11	absent			-7.354194117						客戶優化	客戶優化	客戶/優/化	客戶優化	False	True	1		phrase.business.tsv	73	
客戶分析	ㄎㄜˋ ㄏㄨˋ ㄈㄣ ㄒㄧ	商業	1	12	absent			-7.354194117		客戶/分析	1.129296059	客戶/分析	1.129296059	客戶分析	客戶分析	客戶/分析	客戶/分析	False	True	1		phrase.business.tsv	74	
客戶區隔	ㄎㄜˋ ㄏㄨˋ ㄑㄩ ㄍㄜˊ	商業	1	11	absent			-7.354194117		客戶/區隔	2.315196645	客戶/區隔	2.315196645	客戶區隔	客戶區隔	客戶/區隔	客戶/區隔	False	True	1		phrase.business.tsv	75	
客戶成功	ㄎㄜˋ ㄏㄨˋ ㄔㄥˊ ㄍㄨㄥ	商業	1	11	absent			-7.354194117		客戶/成功	1.07311414	客戶/成功	1.07311414	客戶成功	客戶成功	客戶/成功	客戶/成功	False	True	1		phrase.business.tsv	76	
客戶流失率	ㄎㄜˋ ㄏㄨˋ ㄌㄧㄡˊ ㄕ ㄌㄩˋ	商業	1	4	absent			-7.354194117						客戶流失率	客戶流失率	客戶/流失/率	客戶流失率	False	True	1		phrase.business.tsv	77	
客戶留存率	ㄎㄜˋ ㄏㄨˋ ㄌㄧㄡˊ ㄘㄨㄣˊ ㄌㄩˋ	商業	1	4	absent			-7.354194117						客戶留存率	客戶留存率	客戶/留存/率	客戶留存率	False	True	1		phrase.business.tsv	78	
客戶策略	ㄎㄜˋ ㄏㄨˋ ㄘㄜˋ ㄌㄩㄝˋ	商業	1	11	absent			-7.354194117		客戶/策略	1.350617272	客戶/策略	1.350617272	客戶策略	客戶策略	客戶/策略	客戶/策略	False	True	1		phrase.business.tsv	79	
客戶管理	ㄎㄜˋ ㄏㄨˋ ㄍㄨㄢˇ ㄌㄧˇ	商業	1	12	absent			-7.354194117		客戶/管理	0.845220231	客戶/管理	0.845220231	客戶管理	客戶管理	客戶/管理	客戶/管理	False	True	1		phrase.business.tsv	80	
客戶規劃	ㄎㄜˋ ㄏㄨˋ ㄍㄨㄟ ㄏㄨㄚˋ	商業	1	12	absent			-7.354194117		客戶/規劃	1.013559669	客戶/規劃	1.013559669	客戶規劃	客戶規劃	客戶/規劃	客戶/規劃	False	True	1		phrase.business.tsv	81	
客觀歸責	ㄎㄜˋ ㄍㄨㄢ ㄍㄨㄟ ㄗㄜˊ	法律	1	11	absent			-7.354194117		客觀/規則	1.908901348	客觀/規則	1.908901348	客觀規則	客觀歸責	客觀/規則	客觀歸責	True	True	1		phrase.law.tsv	62	
宣告監護	ㄒㄩㄢ ㄍㄠˋ ㄐㄧㄢ ㄏㄨˋ	法律	1	11	absent			-7.354194117		宣告/監護	3.094122729	宣告/監護	3.094122729	宣告監護	宣告監護	宣告/監護	宣告監護	False	True	1		phrase.law.tsv	63	
宣告輔助	ㄒㄩㄢ ㄍㄠˋ ㄈㄨˇ ㄓㄨˋ	法律	1	11	absent			-7.354194117		宣告/輔助	2.408725532	宣告/輔助	2.408725532	宣告輔助	宣告輔助	宣告/輔助	宣告輔助	False	True	1		phrase.law.tsv	64	
室井靜信	ㄕˋ ㄐㄧㄥˇ ㄐㄧㄥˋ ㄒㄧㄣˋ	動漫	1	14	absent			-7.354194117						是景境信	室井靜信	是/景/境/信	室井靜信	True	True	1		phrase.anime.tsv	742	
宮內一穗	ㄍㄨㄥ ㄋㄟˋ ㄧ ㄙㄨㄟˋ	動漫	1	11	absent			-7.354194117						工內一歲	宮內一穗	工/內/一歲	宮內一穗	True	True	1		phrase.anime.tsv	743	
宮內蓮華	ㄍㄨㄥ ㄋㄟˋ ㄌㄧㄢˊ ㄏㄨㄚˊ	動漫	1	19	absent			-7.354194117						工內聯華	宮內蓮華	工/內/聯華	宮內蓮華	True	True	1		phrase.anime.tsv	744	
宮園薰	ㄍㄨㄥ ㄩㄢˊ ㄒㄩㄣ	動漫	1	19	absent			-7.354194117						公園勳	宮園薰	公園/勳	宮園薰	True	True	1		phrase.anime.tsv	745	
宮城良田	ㄍㄨㄥ ㄔㄥˊ ㄌㄧㄤˊ ㄊㄧㄢˊ	動漫	1	17	absent			-7.354194117		工程/良田	3.286193891	工程/良田	3.286193891	工程良田	宮城良田	工程/良田	宮城良田	True	True	1		phrase.anime.tsv	746	
宮姐	ㄍㄨㄥ ㄐㄧㄝˇ	動漫	1	11	absent			-7.354194117						工解	工解	工/解	工/解	False	False	1		phrase.anime.tsv	747	
宮尾音夢	ㄍㄨㄥ ㄨㄟˇ ㄧㄣ ㄇㄥˋ	動漫	1	11	absent			-7.354194117						工委因夢	宮尾音夢	工/委/因/夢	宮尾音夢	True	True	1		phrase.anime.tsv	748	
宮村伊澄	ㄍㄨㄥ ㄘㄨㄣ ㄧ ㄔㄥˊ	動漫	1	17	absent			-7.354194117						工村一成	宮村伊澄	工/村/一/成	宮村伊澄	True	True	1		phrase.anime.tsv	749	
宮森葵	ㄍㄨㄥ ㄙㄣ ㄎㄨㄟˊ	動漫	1	19	absent			-7.354194117						工森魁	宮森葵	工/森/魁	宮森葵	True	True	1		phrase.anime.tsv	750	
宮水三葉	ㄍㄨㄥ ㄕㄨㄟˇ ㄙㄢ ㄧㄝˋ	動漫	1	22	absent			-7.354194117		供水/三頁	4.169502687	供水/三頁	4.169502687	供水三業	宮水三葉	供水/三/業	宮水三葉	True	True	1		phrase.anime.tsv	751	
宮水四葉	ㄍㄨㄥ ㄕㄨㄟˇ ㄙˋ ㄧㄝˋ	動漫	1	19	absent			-7.354194117		供水/四頁	4.424775192	供水/四頁	4.424775192	供水四業	宮水四葉	供水/四/業	宮水四葉	True	True	1		phrase.anime.tsv	752	
宮澤謙吾	ㄍㄨㄥ ㄗㄜˊ ㄑㄧㄢ ㄨˊ	動漫	1	11	absent			-7.354194117						工則千無	宮澤謙吾	工/則/千/無	宮澤謙吾	True	True	1		phrase.anime.tsv	753	
宮田一郎	ㄍㄨㄥ ㄊㄧㄢˊ ㄧ ㄌㄤˊ	動漫	1	14	absent			-7.354194117						工田一郎	宮田一郎	工/田/一/郎	宮田一郎	True	True	1		phrase.anime.tsv	754	
容器化	ㄖㄨㄥˊ ㄑㄧˋ ㄏㄨㄚˋ	一般	1	12	absent			-7.354194117						容器化	容器化	容器/化	容器/化	False	True	1		phrase.general.tsv	43	
容器平台	ㄖㄨㄥˊ ㄑㄧˋ ㄆㄧㄥˊ ㄊㄞˊ	軟體科學	1	24	absent			-7.354194117		容器/平台	2.556199897	容器/平台	2.556199897	容器平台	容器平台	容器/平台	容器/平台	False	True	1		phrase.software.tsv	28	
容器格式	ㄖㄨㄥˊ ㄑㄧˋ ㄍㄜˊ ㄕˋ	媒體設計	1	10	absent			-7.354194117		容器/格式	2.795701548	容器/格式	2.795701548	容器格式	容器格式	容器/格式	容器/格式	False	True	1		phrase.media-design.tsv	34	
容積移轉	ㄖㄨㄥˊ ㄐㄧ ㄧˊ ㄓㄨㄢˇ	建築土木	1	10	absent			-7.354194117		容積/移轉	2.74622468	容積/移轉	2.74622468	容積移轉	容積移轉	容積/移轉	容積移轉	False	True	1		phrase.civil-engineering.tsv	70	
容量分析	ㄖㄨㄥˊ ㄌㄧㄤˋ ㄈㄣ ㄒㄧ	交通物流	1	14	absent			-7.354194117		容量/分析	1.682543721	容量/分析	1.682543721	容量分析	容量分析	容量/分析	容量/分析	False	True	1		phrase.transport-logistics.tsv	34	
容量規劃	ㄖㄨㄥˊ ㄌㄧㄤˋ ㄍㄨㄟ ㄏㄨㄚˋ	軟體科學	1	37	absent			-7.354194117		容量/規劃	1.56680733	容量/規劃	1.56680733	容量規劃	容量規劃	容量/規劃	容量/規劃	False	True	1		phrase.software.tsv	29	
容錯	ㄖㄨㄥˊ ㄘㄨㄛˋ	軟體科學	1	10	absent			-7.354194117						容錯	容錯	容/錯	容/錯	False	True	1		phrase.software.tsv	30	
容錯設計	ㄖㄨㄥˊ ㄘㄨㄛˋ ㄕㄜˋ ㄐㄧˋ	軟體科學	1	19	absent			-7.354194117						容錯設計	容錯設計	容/錯/設計	容錯設計	False	True	1		phrase.software.tsv	31	
宿海仁太	ㄙㄨˋ ㄏㄞˇ ㄖㄣˊ ㄊㄞˋ	動漫	1	22	absent			-7.354194117						素海人太	宿海仁太	素/海/人/太	宿海仁太	True	True	1		phrase.anime.tsv	757	
寄生獸	ㄐㄧˋ ㄕㄥ ㄕㄡˋ	動漫	1	23	absent			-7.354194117						寄生受	寄生受	寄生/受	寄生/受	False	False	1		phrase.anime.tsv	758	
寄託契約	ㄐㄧˋ ㄊㄨㄛ ㄑㄧˋ ㄩㄝ	法律	1	10	absent			-7.354194117		寄託/契約	3.061760819	寄託/契約	3.061760819	寄託契約	寄託契約	寄託/契約	寄託契約	False	True	1		phrase.law.tsv	65	
密度分群	ㄇㄧˋ ㄉㄨˋ ㄈㄣ ㄑㄩㄣˊ	AI資料科學	1	11	absent			-7.354194117		密度/分群	4.428366543	密度/分群	4.428366543	密度分群	密度分群	密度/分/群	密度分群	False	True	1		phrase.ai-data-science.tsv	54	
密碼加鹽	ㄇㄧˋ ㄇㄚˇ ㄐㄧㄚ ㄧㄢˊ	網路資安	1	10	absent			-7.354194117		密碼/加鹽	4.419695666	密碼/加鹽	4.419695666	密碼加鹽	密碼加鹽	密碼/加鹽	密碼/加鹽	False	True	1		phrase.network-security.tsv	60	
密碼原則	ㄇㄧˋ ㄇㄚˇ ㄩㄢˊ ㄗㄜˊ	網路資安	1	10	absent			-7.354194117		密碼/原則	1.851787483	密碼/原則	1.851787483	密碼原則	密碼原則	密碼/原則	密碼/原則	False	True	1		phrase.network-security.tsv	61	
密碼噴灑	ㄇㄧˋ ㄇㄚˇ ㄆㄣ ㄙㄚˇ	網路資安	1	10	absent			-7.354194117		密碼/噴灑	3.388287202	密碼/噴灑	3.388287202	密碼噴灑	密碼噴灑	密碼/噴灑	密碼/噴灑	False	True	1		phrase.network-security.tsv	62	
密碼管理器	ㄇㄧˋ ㄇㄚˇ ㄍㄨㄢˇ ㄌㄧˇ ㄑㄧˋ	一般	1	5	absent			-7.354194117						密碼管理氣	密碼管理器	密碼/管理/氣	密碼管理器	True	True	1		phrase.general.tsv	44	
密碼雜湊	ㄇㄧˋ ㄇㄚˇ ㄗㄚˊ ㄘㄡˋ	網路資安	1	10	absent			-7.354194117		密碼/雜湊	4.720725662	密碼/雜湊	4.720725662	密碼雜湊	密碼雜湊	密碼/雜湊	密碼/雜湊	False	True	1		phrase.network-security.tsv	63	
富岡義勇	ㄈㄨˋ ㄍㄤ ㄧˋ ㄩㄥˇ	動漫	1	15	absent			-7.354194117						附剛義勇	富岡義勇	附/剛/義勇	富岡義勇	True	True	1		phrase.anime.tsv	759	
富樫勇太	ㄈㄨˋ ㄐㄧㄢ ㄩㄥˇ ㄊㄞˋ	動漫	1	20	absent			-7.354194117						附箋永太	富樫勇太	附/箋/永/太	富樫勇太	True	True	1		phrase.anime.tsv	760	
寒蟬鳴泣	ㄏㄢˊ ㄔㄢˊ ㄇㄧㄥˊ ㄑㄧˋ	動漫	1	22	absent			-7.354194117		寒蟬/名氣	4.339253768	寒蟬/名氣	4.339253768	寒蟬名氣	寒蟬鳴泣	寒蟬/名氣	寒蟬鳴泣	True	True	1		phrase.anime.tsv	761	
察舉制度	ㄔㄚˊ ㄐㄩˇ ㄓˋ ㄉㄨˋ	歷史	1	12	absent			-7.354194117						查舉制度	察舉制度	查/舉/制度	察舉制度	True	True	1		phrase.history.tsv	60	
實例分割	ㄕˊ ㄌㄧˋ ㄈㄣ ㄍㄜ	AI資料科學	1	10	absent			-7.354194117		實力/分割	2.461231793	實力/分割	2.461231793	實例分割	實例分割	實例/分割	實例/分割	False	True	1		phrase.ai-data-science.tsv	55	
實玖瑠	ㄕˊ ㄐㄧㄡˇ ㄌㄧㄡˊ	動漫	1	15	absent			-7.354194117						十九流	十九流	十九/流	十九/流	False	False	1		phrase.anime.tsv	762	
實莉	ㄕˊ ㄌㄧˋ	動漫	1	11	absent	實力|實例|實利|十粒	-4.654356392	-7.354194117	-2.699837726			實力	-2.699837726	實例	實例	實例	實例	False	False	5	十粒|實例|實利|實力	phrase.anime.tsv	763	
實證史學	ㄕˊ ㄓㄥˋ ㄕˇ ㄒㄩㄝˊ	歷史	1	10	absent			-7.354194117		實證/史學	3.147584093	實證/史學	3.147584093	實證史學	實證史學	實證/史學	實證史學	False	True	1		phrase.history.tsv	61	
實質競合	ㄕˊ ㄓˊ ㄐㄧㄥˋ ㄏㄜˊ	法律	1	11	absent			-7.354194117						實質競和	實質競合	實質/競/和	實質競合	True	True	1		phrase.law.tsv	66	
實驗室檢查	ㄕˊ ㄧㄢˋ ㄕˋ ㄐㄧㄢˇ ㄔㄚˊ	醫學	1	13	absent			-7.354194117		實驗室/檢查	1.521541528	實驗室/檢查	1.521541528	實驗室檢查	實驗室檢查	實驗室/檢查	實驗室/檢查	False	True	1		phrase.medicine.tsv	76	
實驗設計	ㄕˊ ㄧㄢˋ ㄕㄜˋ ㄐㄧˋ	工業工程	1	13	absent			-7.354194117		實驗/設計	0.330362189	實驗/設計	0.330362189	實驗設計	實驗設計	實驗/設計	實驗/設計	False	True	1		phrase.industrial-engineering.tsv	37	
實體風險	ㄕˊ ㄊㄧˇ ㄈㄥ ㄒㄧㄢˇ	環境能源	1	10	absent			-7.354194117		實體/風險	2.172264822	實體/風險	2.172264822	實體風險	實體風險	實體/風險	實體/風險	False	True	1		phrase.energy-environment.tsv	38	
審判程序	ㄕㄣˇ ㄆㄢˋ ㄔㄥˊ ㄒㄩˋ	法律	1	10	absent			-7.354194117		審判/程序	2.053755164	審判/程序	2.053755164	審判程序	審判程序	審判/程序	審判/程序	False	True	1		phrase.law.tsv	67	
審計委員會	ㄕㄣˇ ㄐㄧˋ ㄨㄟˇ ㄩㄢˊ ㄏㄨㄟˋ	商業	1	4	absent			-7.354194117		審計/委員會	1.175348629	審計/委員會	1.175348629	審計委員會	審計委員會	審計/委員會	審計/委員會	False	True	1		phrase.business.tsv	82	
寶多六花	ㄅㄠˇ ㄉㄨㄛ ㄌㄧㄡˋ ㄏㄨㄚ	動漫	1	15	absent			-7.354194117						保多六花	寶多六花	保/多/六/花	寶多六花	True	True	1		phrase.anime.tsv	765	
寶月夜宵	ㄅㄠˇ ㄩㄝˋ ㄧㄝˋ ㄒㄧㄠ	動漫	1	15	absent			-7.354194117						保月業消	寶月夜宵	保/月/業/消	寶月夜宵	True	True	1		phrase.anime.tsv	766	
寶月詠子	ㄅㄠˇ ㄩㄝˋ ㄩㄥˇ ㄗ˙	動漫	1	14	absent			-7.354194117						保月永子	寶月詠子	保/月/永/子	寶月詠子	True	True	1		phrase.anime.tsv	767	
寺島伸夫	ㄙˋ ㄉㄠˇ ㄕㄣ ㄈㄨ	動漫	1	14	absent			-7.354194117						四導身不	寺島伸夫	四/導/身/不	寺島伸夫	True	True	1		phrase.anime.tsv	768	
封包遺失	ㄈㄥ ㄅㄠ ㄧˊ ㄕ	網路資安	1	10	absent			-7.354194117		封包/遺失	4.333004818	封包/遺失	4.333004818	封包遺失	封包遺失	封包/遺失	封包遺失	False	True	1		phrase.network-security.tsv	64	
封印解除	ㄈㄥ ㄧㄣˋ ㄐㄧㄝˇ ㄔㄨˊ	動漫	1	14	absent			-7.354194117		封印/解除	4.022969336	封印/解除	4.022969336	風印解除	封印解除	風/印/解除	封印解除	True	True	1		phrase.anime.tsv	769	
封建莊園	ㄈㄥ ㄐㄧㄢˋ ㄓㄨㄤ ㄩㄢˊ	歷史	1	10	absent			-7.354194117		封建/莊園	3.886290171	封建/莊園	3.886290171	封建莊園	封建莊園	封建/莊園	封建/莊園	False	True	1		phrase.history.tsv	62	
封裝	ㄈㄥ ㄓㄨㄤ	晶片半導體	1	15	absent			-7.354194117						風裝	風裝	風/裝	風/裝	False	False	1	封装	phrase.semiconductor.tsv	35	
封裝製程	ㄈㄥ ㄓㄨㄤ ㄓˋ ㄔㄥˊ	晶片半導體	1	8	absent			-7.354194117						風裝製程	封裝製程	風/裝/製程	封裝製程	True	True	1		phrase.semiconductor.tsv	36	
封裝設備	ㄈㄥ ㄓㄨㄤ ㄕㄜˋ ㄅㄟˋ	晶片半導體	1	14	absent			-7.354194117						風裝設備	封裝設備	風/裝/設備	封裝設備	True	True	1		phrase.semiconductor.tsv	37	
封閉型基金	ㄈㄥ ㄅㄧˋ ㄒㄧㄥˊ ㄐㄧ ㄐㄧㄣ	財會金融	1	3	absent			-7.354194117						封閉行基金	封閉型基金	封閉/行/基金	封閉型基金	True	True	1		phrase.finance.tsv	40	
射出成形	ㄕㄜˋ ㄔㄨ ㄔㄥˊ ㄒㄧㄥˊ	製造機械	1	12	absent			-7.354194117		射出/成形	3.473094899	射出/成形	3.473094899	射出成形	射出成形	射出/成形	射出/成形	False	True	1		phrase.manufacturing.tsv	32	
射出模具	ㄕㄜˋ ㄔㄨ ㄇㄨˊ ㄐㄩˋ	製造機械	1	10	absent			-7.354194117						射出模具	射出模具	射出/模/具	射出模具	False	True	1		phrase.manufacturing.tsv	33	
射出機	ㄕㄜˋ ㄔㄨ ㄐㄧ	製造機械	1	14	absent			-7.354194117						射出機	射出機	射出/機	射出/機	False	True	1		phrase.manufacturing.tsv	34	
射線檢測	ㄕㄜˋ ㄒㄧㄢˋ ㄐㄧㄢˇ ㄘㄜˋ	製造機械	1	10	absent			-7.354194117		射線/檢測	3.008310904	射線/檢測	3.008310904	射線檢測	射線檢測	射線/檢測	射線/檢測	False	True	1		phrase.manufacturing.tsv	35	
射頻校正	ㄕㄜˋ ㄆㄧㄣˊ ㄐㄧㄠˋ ㄓㄥˋ	電子電機	1	9	absent			-7.354194117		射頻/校正	4.757597022	射頻/校正	4.757597022	射頻校正	射頻校正	射頻/校正	射頻/校正	False	True	1		phrase.electronics.tsv	70	
射頻模擬	ㄕㄜˋ ㄆㄧㄣˊ ㄇㄛˊ ㄋㄧˇ	電子電機	1	10	absent			-7.354194117		射頻/模擬	4.063047356	射頻/模擬	4.063047356	射頻模擬	射頻模擬	射頻/模擬	射頻/模擬	False	True	1		phrase.electronics.tsv	71	
射頻熱分析	ㄕㄜˋ ㄆㄧㄣˊ ㄖㄜˋ ㄈㄣ ㄒㄧ	電子電機	1	4	absent			-7.354194117						射頻熱分析	射頻熱分析	射頻/熱/分析	射頻熱分析	False	True	1		phrase.electronics.tsv	72	
射頻設計	ㄕㄜˋ ㄆㄧㄣˊ ㄕㄜˋ ㄐㄧˋ	電子電機	1	12	absent			-7.354194117		射頻/設計	2.968052008	射頻/設計	2.968052008	射頻設計	射頻設計	射頻/設計	射頻/設計	False	True	1		phrase.electronics.tsv	73	
射頻量測	ㄕㄜˋ ㄆㄧㄣˊ ㄌㄧㄤˊ ㄘㄜˋ	電子電機	1	9	absent			-7.354194117		射頻/量測	4.849044139	射頻/量測	4.849044139	射頻量測	射頻量測	射頻/量測	射頻/量測	False	True	1		phrase.electronics.tsv	74	
射頻除錯	ㄕㄜˋ ㄆㄧㄣˊ ㄔㄨˊ ㄘㄨㄛˋ	電子電機	1	9	absent			-7.354194117		射頻/除錯	5.541280761	射頻/除錯	5.541280761	射頻除錯	射頻除錯	射頻/除錯	射頻/除錯	False	True	1		phrase.electronics.tsv	75	
射頻電路	ㄕㄜˋ ㄆㄧㄣˊ ㄉㄧㄢˋ ㄌㄨˋ	電子電機	1	9	absent			-7.354194117		射頻/電路	4.659588918	射頻/電路	4.659588918	射頻電路	射頻電路	射頻/電路	射頻/電路	False	True	1		phrase.electronics.tsv	76	
射頻驗證	ㄕㄜˋ ㄆㄧㄣˊ ㄧㄢˋ ㄓㄥˋ	電子電機	1	9	absent			-7.354194117		射頻/驗證	4.376470512	射頻/驗證	4.376470512	射頻驗證	射頻驗證	射頻/驗證	射頻/驗證	False	True	1		phrase.electronics.tsv	77	
將棋	ㄐㄧㄤ ㄑㄧˊ	動漫	1	13	absent			-7.354194117						將其	將其	將/其	將/其	False	False	1		phrase.anime.tsv	770	
專屬管轄	ㄓㄨㄢ ㄕㄨˇ ㄍㄨㄢˇ ㄒㄧㄚˊ	法律	1	10	absent			-7.354194117		專屬/管轄	3.037804366	專屬/管轄	3.037804366	專屬管轄	專屬管轄	專屬/管轄	專屬管轄	False	True	1		phrase.law.tsv	68	
對外關係	ㄉㄨㄟˋ ㄨㄞˋ ㄍㄨㄢ ㄒㄧˋ	歷史	1	12	absent			-7.354194117		對外/關係	1.010385881	對外/關係	1.010385881	對外關係	對外關係	對外/關係	對外/關係	False	True	1		phrase.history.tsv	63	
對比學習	ㄉㄨㄟˋ ㄅㄧˇ ㄒㄩㄝˊ ㄒㄧˊ	AI資料科學	1	11	absent			-7.354194117		對比/學習	1.462010438	對比/學習	1.462010438	對比學習	對比學習	對比/學習	對比學習	False	True	1		phrase.ai-data-science.tsv	59	
對焦模式	ㄉㄨㄟˋ ㄐㄧㄠ ㄇㄛˊ ㄕˋ	媒體設計	1	10	absent			-7.354194117		對焦/模式	2.552728664	對焦/模式	2.552728664	對焦模式	對焦模式	對焦/模式	對焦模式	False	True	1		phrase.media-design.tsv	35	
對稱式	ㄉㄨㄟˋ ㄔㄣˋ ㄕˋ	網路資安	1	11	absent			-7.354194117						對稱是	對稱是	對稱/是	對稱/是	False	False	1		phrase.network-security.tsv	65	
對稱式加密	ㄉㄨㄟˋ ㄔㄣˋ ㄕˋ ㄐㄧㄚ ㄇㄧˋ	網路資安	1	3	absent			-7.354194117						對稱是加密	對稱式加密	對稱/是/加密	對稱式加密	True	True	1		phrase.network-security.tsv	66	
導向學習	ㄉㄠˇ ㄒㄧㄤˋ ㄒㄩㄝˊ ㄒㄧˊ	教育	1	14	absent			-7.354194117		導向/學習	1.506858411	導向/學習	1.506858411	導向學習	導向學習	導向/學習	導向/學習	False	True	1		phrase.education.tsv	43	
導通損耗	ㄉㄠˇ ㄊㄨㄥ ㄙㄨㄣˇ ㄏㄠˋ	電子電機	1	12	absent			-7.354194117						倒通損耗	導通損耗	倒/通/損耗	導通損耗	True	True	1		phrase.electronics.tsv	78	
小丸	ㄒㄧㄠˇ ㄨㄢˊ	動漫	1	17	absent			-7.354194117						小完	小完	小/完	小/完	False	False	1		phrase.anime.tsv	772	
小傑	ㄒㄧㄠˇ ㄐㄧㄝˊ	動漫	1	24	absent	小節|小結|小截	-5.891796119	-7.354194117	-1.462397998			小節	-1.462397998	小傑	小傑	小/傑	小/傑	False	True	4	小劫|小截|小節|小結	phrase.anime.tsv	773	
小剛	ㄒㄧㄠˇ ㄍㄤ	動漫	1	17	absent			-7.354194117						小剛	小剛	小/剛	小/剛	False	True	1		phrase.anime.tsv	774	
小原鞠莉	ㄒㄧㄠˇ ㄩㄢˊ ㄐㄩˊ ㄌㄧˋ	動漫	1	8	absent			-7.354194117						小員局力	小原鞠莉	小/員/局/力	小原鞠莉	True	True	1		phrase.anime.tsv	775	
小夏	ㄒㄧㄠˇ ㄒㄧㄚˋ	動漫	1	14	absent			-7.354194117						小下	小下	小/下	小/下	False	False	1		phrase.anime.tsv	777	
小夫	ㄒㄧㄠˇ ㄈㄨ	動漫	1	15	absent			-7.354194117						小不	小不	小/不	小/不	False	False	1		phrase.anime.tsv	778	
小川杠	ㄒㄧㄠˇ ㄔㄨㄢ ㄍㄤ	動漫	1	17	absent			-7.354194117						小穿剛	小川杠	小/穿/剛	小川杠	True	True	1		phrase.anime.tsv	779	
小戶川	ㄒㄧㄠˇ ㄏㄨˋ ㄔㄨㄢ	動漫	1	21	absent			-7.354194117						小護穿	小戶川	小/護/穿	小戶川	True	True	1		phrase.anime.tsv	780	
小批量生產	ㄒㄧㄠˇ ㄆㄧ ㄌㄧㄤˋ ㄕㄥ ㄔㄢˇ	工業工程	1	6	absent			-7.354194117						小批量生產	小批量生產	小/批量/生產	小批量生產	False	True	1		phrase.industrial-engineering.tsv	38	
小晶片架構	ㄒㄧㄠˇ ㄐㄧㄥ ㄆㄧㄢˋ ㄐㄧㄚˋ ㄍㄡˋ	晶片半導體	1	6	absent			-7.354194117						小晶片架構	小晶片架構	小/晶片/架構	小晶片架構	False	True	1		phrase.semiconductor.tsv	39	
小智	ㄒㄧㄠˇ ㄓˋ	動漫	1	25	absent			-7.354194117						小至	小至	小/至	小/至	False	False	1		phrase.anime.tsv	781	
小書痴	ㄒㄧㄠˇ ㄕㄨ ㄔ	動漫	1	21	absent			-7.354194117						小書吃	小書痴	小/書/吃	小書痴	True	True	1		phrase.anime.tsv	782	
小杉權藏	ㄒㄧㄠˇ ㄕㄢ ㄑㄩㄢˊ ㄗㄤˋ	動漫	1	12	absent			-7.354194117						小珊全臟	小杉權藏	小/珊/全/臟	小杉權藏	True	True	1		phrase.anime.tsv	783	
小松奈奈	ㄒㄧㄠˇ ㄙㄨㄥ ㄋㄞˋ ㄋㄞˋ	動漫	1	18	absent			-7.354194117						小鬆耐耐	小松奈奈	小/鬆/耐/耐	小松奈奈	True	True	1		phrase.anime.tsv	784	
小林千尋	ㄒㄧㄠˇ ㄌㄧㄣˊ ㄑㄧㄢ ㄒㄩㄣˊ	動漫	1	15	absent			-7.354194117						小林千尋	小林千尋	小林/千/尋	小林千尋	False	True	1		phrase.anime.tsv	785	
小林龍膽	ㄒㄧㄠˇ ㄌㄧㄣˊ ㄌㄨㄥˊ ㄉㄢˇ	動漫	1	12	absent			-7.354194117						小林龍膽	小林龍膽	小林/龍/膽	小林龍膽	False	True	1		phrase.anime.tsv	786	
小柳花子	ㄒㄧㄠˇ ㄌㄧㄡˇ ㄏㄨㄚ ㄗˇ	動漫	1	15	absent			-7.354194117						小柳花子	小柳花子	小/柳/花子	小柳花子	False	True	1		phrase.anime.tsv	787	
小桑	ㄒㄧㄠˇ ㄙㄤ	動漫	1	20	absent			-7.354194117						小桑	小桑	小/桑	小桑	False	True	1		phrase.anime.tsv	788	
小次郎	ㄒㄧㄠˇ ㄘˋ ㄌㄤˊ	動漫	1	13	absent			-7.354194117						小次郎	小次郎	小/次郎	小次郎	False	True	1		phrase.anime.tsv	789	
小泉花陽	ㄒㄧㄠˇ ㄑㄩㄢˊ ㄏㄨㄚ ㄧㄤˊ	動漫	1	9	absent			-7.354194117						小全花陽	小泉花陽	小/全/花/陽	小泉花陽	True	True	1		phrase.anime.tsv	790	
小泉讓二	ㄒㄧㄠˇ ㄑㄩㄢˊ ㄖㄤˋ ㄦˋ	動漫	1	15	absent			-7.354194117						小全讓二	小泉讓二	小/全/讓/二	小泉讓二	True	True	1		phrase.anime.tsv	791	
小淵澤報瀨	ㄒㄧㄠˇ ㄩㄢ ㄗㄜˊ ㄅㄠˋ ㄌㄞˋ	動漫	1	17	absent			-7.354194117						小淵則報來	小淵澤報瀨	小/淵/則/報/來	小淵澤報瀨	True	True	1		phrase.anime.tsv	792	
小湊亞耶	ㄒㄧㄠˇ ㄘㄡˋ ㄧㄚˇ ㄧㄝ	動漫	1	11	absent			-7.354194117						小湊亞耶	小湊亞耶	小/湊/亞/耶	小湊亞耶	False	True	1		phrase.anime.tsv	793	
小湊春市	ㄒㄧㄠˇ ㄘㄡˋ ㄔㄨㄣ ㄕˋ	動漫	1	13	absent			-7.354194117						小湊春是	小湊春市	小/湊/春/是	小湊春市	True	True	1		phrase.anime.tsv	794	
小玲	ㄒㄧㄠˇ ㄌㄧㄥˊ	動漫	1	13	absent			-7.354194117						小玲	小玲	小/玲	小/玲	False	True	1		phrase.anime.tsv	795	
小珊	ㄒㄧㄠˇ ㄕㄢ	動漫	1	15	absent			-7.354194117						小珊	小珊	小/珊	小/珊	False	True	1		phrase.anime.tsv	796	
小磯健二	ㄒㄧㄠˇ ㄐㄧ ㄐㄧㄢˋ ㄦˋ	動漫	1	20	absent			-7.354194117						小機建二	小磯健二	小/機/建/二	小磯健二	True	True	1		phrase.anime.tsv	797	
小紅書	ㄒㄧㄠˇ ㄏㄨㄥˊ ㄕㄨ	一般	1	26	absent			-7.354194117						小紅書	小紅書	小/紅/書	小紅書	False	True	1		phrase.general.tsv	47	
小舟潮	ㄒㄧㄠˇ ㄓㄡ ㄔㄠˊ	動漫	1	19	absent			-7.354194117						小周朝	小舟潮	小/周朝	小舟潮	True	True	1		phrase.anime.tsv	798	
小舟澪	ㄒㄧㄠˇ ㄓㄡ ㄌㄧㄥˊ	動漫	1	17	absent			-7.354194117						小周靈	小舟澪	小/周/靈	小舟澪	True	True	1		phrase.anime.tsv	799	
小蘭	ㄒㄧㄠˇ ㄌㄢˊ	動漫	1	11	absent			-7.354194117						小欄	小欄	小/欄	小/欄	False	False	1		phrase.anime.tsv	801	
小豪	ㄒㄧㄠˇ ㄏㄠˊ	動漫	1	15	absent			-7.354194117						小豪	小豪	小/豪	小/豪	False	True	1		phrase.anime.tsv	802	
小路綾	ㄒㄧㄠˇ ㄌㄨˋ ㄌㄧㄥˊ	動漫	1	13	absent			-7.354194117						小路靈	小路靈	小路/靈	小路/靈	False	False	1		phrase.anime.tsv	803	
小酒窩	ㄒㄧㄠˇ ㄐㄧㄡˇ ㄨㄛ	動漫	1	13	absent			-7.354194117						小酒窩	小酒窩	小/酒窩	小酒窩	False	True	1		phrase.anime.tsv	804	
小野田坂道	ㄒㄧㄠˇ ㄧㄝˇ ㄊㄧㄢˊ ㄅㄢˇ ㄉㄠˋ	動漫	1	18	absent			-7.354194117						小也田版到	小野田坂道	小/也/田/版/到	小野田坂道	True	True	1		phrase.anime.tsv	805	
小野白菊	ㄒㄧㄠˇ ㄧㄝˇ ㄅㄞˊ ㄐㄩˊ	動漫	1	11	absent			-7.354194117						小也白局	小野白菊	小/也/白/局	小野白菊	True	True	1		phrase.anime.tsv	806	
小閻王	ㄒㄧㄠˇ ㄧㄢˊ ㄨㄤˊ	動漫	1	11	absent			-7.354194117						小閻王	小閻王	小/閻王	小閻王	False	True	1		phrase.anime.tsv	807	
小霞	ㄒㄧㄠˇ ㄒㄧㄚˊ	動漫	1	19	absent			-7.354194117						小匣	小匣	小/匣	小/匣	False	False	1		phrase.anime.tsv	808	
小鞠知花	ㄒㄧㄠˇ ㄐㄩˊ ㄓ ㄏㄨㄚ	動漫	1	13	absent			-7.354194117						小局之花	小鞠知花	小/局/之/花	小鞠知花	True	True	1		phrase.anime.tsv	809	
小魔女	ㄒㄧㄠˇ ㄇㄛˊ ㄋㄩˇ	動漫	1	23	absent			-7.354194117						小魔女	小魔女	小/魔女	小魔女	False	True	1		phrase.anime.tsv	810	
小魔女學園	ㄒㄧㄠˇ ㄇㄛˊ ㄋㄩˇ ㄒㄩㄝˊ ㄩㄢˊ	動漫	1	21	absent			-7.354194117						小魔女學員	小魔女學園	小/魔女/學員	小魔女學園	True	True	1		phrase.anime.tsv	811	
小鳥遊六花	ㄒㄧㄠˇ ㄋㄧㄠˇ ㄧㄡˊ ㄌㄧㄡˋ ㄏㄨㄚ	動漫	1	17	absent			-7.354194117						小鳥由六花	小鳥遊六花	小鳥/由/六/花	小鳥遊六花	True	True	1		phrase.anime.tsv	812	
少女歌劇	ㄕㄠˋ ㄋㄩˇ ㄍㄜ ㄐㄩˋ	動漫	1	20	absent			-7.354194117		少女/歌劇	2.291386584	少女/歌劇	2.291386584	少女歌劇	少女歌劇	少女/歌劇	少女歌劇	False	True	1		phrase.anime.tsv	814	
少女漫畫家	ㄕㄠˋ ㄋㄩˇ ㄇㄢˋ ㄏㄨㄚˋ ㄐㄧㄚ	動漫	1	13	absent			-7.354194117		少女/漫畫家	2.630205141	少女/漫畫家	2.630205141	少女漫畫家	少女漫畫家	少女/漫畫家	少女漫畫家	False	True	1		phrase.anime.tsv	815	
少子化	ㄕㄠˋ ㄗˇ ㄏㄨㄚˋ	一般	1	38	absent			-7.354194117						少子化	少子化	少/子/化	少子化	False	True	1		phrase.general.tsv	48	
少年之	ㄕㄠˋ ㄋㄧㄢˊ ㄓ	動漫	1	24	absent			-7.354194117						少年之	少年之	少年/之	少年/之	False	True	1		phrase.anime.tsv	817	
尖峰負載	ㄐㄧㄢ ㄈㄥ ㄈㄨˋ ㄗㄞˇ	環境能源	1	10	absent			-7.354194117		尖峰/負載	4.27356763	尖峰/負載	4.27356763	尖峰負載	尖峰負載	尖峰/負載	尖峰/負載	False	True	1		phrase.energy-environment.tsv	39	
尚文	ㄕㄤˋ ㄨㄣˊ	動漫	1	10	absent	上文	-5.774410521	-7.354194117	-1.579783597			上文	-1.579783597	上文	上文	上/文	上/文	False	False	2	上文	phrase.anime.tsv	818	
尤吉歐	ㄧㄡˊ ㄐㄧˊ ㄡ	動漫	1	14	absent			-7.354194117						游擊歐	尤吉歐	游擊/歐	尤吉歐	True	True	1		phrase.anime.tsv	819	
尤拉	ㄧㄡˊ ㄌㄚ	動漫	1	15	absent			-7.354194117						由拉	由拉	由/拉	由/拉	False	False	1		phrase.anime.tsv	820	
尤比緹利亞	ㄧㄡˊ ㄅㄧˇ ㄊㄧˊ ㄌㄧˋ ㄧㄚˇ	動漫	1	15	absent			-7.354194117						由比提力亞	尤比緹利亞	由/比/提/力/亞	尤比緹利亞	True	True	1		phrase.anime.tsv	821	
尤莉	ㄧㄡˊ ㄌㄧˋ	動漫	1	15	absent	遊歷	-5.797891617	-7.354194117	-1.556302501			遊歷	-1.556302501	遊歷	遊歷	遊歷	遊歷	False	False	2	遊歷	phrase.anime.tsv	822	
尤莉亞	ㄧㄡˊ ㄌㄧˋ ㄧㄚˇ	動漫	1	18	absent			-7.354194117						遊歷亞	尤莉亞	遊歷/亞	尤莉亞	True	True	1		phrase.anime.tsv	823	
尤菲莉亞	ㄧㄡˊ ㄈㄟ ㄌㄧˋ ㄧㄚˇ	動漫	1	15	absent			-7.354194117						由非力亞	尤菲莉亞	由/非/力/亞	尤菲莉亞	True	True	1		phrase.anime.tsv	824	
尤諾	ㄧㄡˊ ㄋㄨㄛˋ	動漫	1	18	absent			-7.354194117						由諾	由諾	由/諾	由/諾	False	False	1		phrase.anime.tsv	825	
尤里	ㄧㄡˊ ㄌㄧˇ	動漫	1	24	absent			-7.354194117						由理	由理	由/理	由/理	False	False	1		phrase.anime.tsv	826	
尺寸公差	ㄔˇ ㄘㄨㄣˋ ㄍㄨㄥ ㄔㄞ	製造機械	1	10	absent			-7.354194117		尺寸/公差	3.876638785	尺寸/公差	3.876638785	尺寸公差	尺寸公差	尺寸/公差	尺寸/公差	False	True	1		phrase.manufacturing.tsv	36	
尼亞	ㄋㄧˊ ㄧㄚˇ	動漫	1	14	absent			-7.354194117						呢亞	呢亞	呢/亞	呢/亞	False	False	2		phrase.anime.tsv	828	
尼基福羅夫	ㄋㄧˊ ㄐㄧ ㄈㄨˊ ㄌㄨㄛˊ ㄈㄨ	動漫	1	17	absent			-7.354194117						呢機服羅不	尼基福羅夫	呢/機/服/羅/不	尼基福羅夫	True	True	1		phrase.anime.tsv	829	
尼爾瓦修	ㄋㄧˊ ㄦˇ ㄨㄚˇ ㄒㄧㄡ	動漫	1	10	absent			-7.354194117						呢爾瓦修	尼爾瓦修	呢/爾/瓦/修	尼爾瓦修	True	True	1		phrase.anime.tsv	831	
尼特羅	ㄋㄧˊ ㄊㄜˋ ㄌㄨㄛˊ	動漫	1	11	absent			-7.354194117						呢特羅	尼特羅	呢/特/羅	尼特羅	True	True	1		phrase.anime.tsv	832	
尼祿瓦內提	ㄋㄧˊ ㄌㄨˋ ㄨㄚˇ ㄋㄟˋ ㄊㄧˊ	動漫	1	15	absent			-7.354194117						呢路瓦內題	尼祿瓦內提	呢/路/瓦/內/題	尼祿瓦內提	True	True	1		phrase.anime.tsv	833	
尾崎敏夫	ㄨㄟˇ ㄑㄧˊ ㄇㄧㄣˇ ㄈㄨ	動漫	1	15	absent			-7.354194117						委其敏不	尾崎敏夫	委/其/敏/不	尾崎敏夫	True	True	1		phrase.anime.tsv	834	
尾形百之助	ㄨㄟˇ ㄒㄧㄥˊ ㄅㄞˇ ㄓ ㄓㄨˋ	動漫	1	11	absent			-7.354194117						委行百支柱	尾形百之助	委/行/百/支柱	尾形百之助	True	True	1		phrase.anime.tsv	835	
尿動力學	ㄋㄧㄠˋ ㄉㄨㄥˋ ㄌㄧˋ ㄒㄩㄝˊ	醫學	1	12	absent			-7.354194117						尿動力學	尿動力學	尿/動力學	尿/動力學	False	True	1		phrase.medicine.tsv	77	
尿流速檢查	ㄋㄧㄠˋ ㄌㄧㄡˊ ㄙㄨˋ ㄐㄧㄢˇ ㄔㄚˊ	醫學	1	5	absent			-7.354194117						尿流速檢查	尿流速檢查	尿/流速/檢查	尿流速檢查	False	True	1		phrase.medicine.tsv	78	
尿素氮數值	ㄋㄧㄠˋ ㄙㄨˋ ㄉㄢˋ ㄕㄨˋ ㄓˊ	醫學	1	3	absent			-7.354194117						尿素但數值	尿素氮數值	尿素/但/數值	尿素氮數值	True	True	1		phrase.medicine.tsv	79	
尿素氮檢驗	ㄋㄧㄠˋ ㄙㄨˋ ㄉㄢˋ ㄐㄧㄢˇ ㄧㄢˋ	醫學	1	4	absent			-7.354194117						尿素但檢驗	尿素氮檢驗	尿素/但/檢驗	尿素氮檢驗	True	True	1		phrase.medicine.tsv	80	
尿素氮異常	ㄋㄧㄠˋ ㄙㄨˋ ㄉㄢˋ ㄧˋ ㄔㄤˊ	醫學	1	3	absent			-7.354194117						尿素但異常	尿素氮異常	尿素/但/異常	尿素氮異常	True	True	1		phrase.medicine.tsv	81	
尿蛋白	ㄋㄧㄠˋ ㄉㄢˋ ㄅㄞˊ	醫學	1	11	absent			-7.354194117						尿蛋白	尿蛋白	尿/蛋白	尿/蛋白	False	True	1		phrase.medicine.tsv	82	
居家隔離	ㄐㄩ ㄐㄧㄚ ㄍㄜˊ ㄌㄧˊ	一般	1	22	absent			-7.354194117		居家/隔離	2.977982267	居家/隔離	2.977982267	居家隔離	居家隔離	居家/隔離	居家隔離	False	True	1		phrase.general.tsv	50	
居間契約	ㄐㄩ ㄐㄧㄢ ㄑㄧˋ ㄩㄝ	法律	1	10	absent			-7.354194117		居間/契約	3.464780353	居間/契約	3.464780353	居間契約	居間契約	居間/契約	居間契約	False	True	1		phrase.law.tsv	70	
屍神殿	ㄕ ㄕㄣˊ ㄉㄧㄢˋ	動漫	1	15	absent			-7.354194117						失神殿	屍神殿	失/神殿	屍神殿	True	True	1		phrase.anime.tsv	836	
屍體如山	ㄕ ㄊㄧˇ ㄖㄨˊ ㄕㄢ	動漫	1	19	absent			-7.354194117						屍體如山	屍體如山	屍體/如/山	屍體如山	False	True	1		phrase.anime.tsv	837	
屍鬼	ㄕ ㄍㄨㄟˇ	動漫	1	20	absent			-7.354194117						失鬼	失鬼	失/鬼	失/鬼	False	False	1		phrase.anime.tsv	838	
屏風浦帆稀	ㄆㄧㄥˊ ㄈㄥ ㄆㄨˇ ㄈㄢˊ ㄒㄧ	動漫	1	11	absent			-7.354194117						屏風普繁西	屏風浦帆稀	屏風/普/繁/西	屏風浦帆稀	True	True	1		phrase.anime.tsv	839	
展示設計	ㄓㄢˇ ㄕˋ ㄕㄜˋ ㄐㄧˋ	媒體設計	1	12	absent			-7.354194117		展示/設計	0.785637356	展示/設計	0.785637356	展示設計	展示設計	展示/設計	展示/設計	False	True	1		phrase.media-design.tsv	36	
層正規化	ㄘㄥˊ ㄓㄥˋ ㄍㄨㄟ ㄏㄨㄚˋ	AI資料科學	1	12	absent			-7.354194117						曾政規劃	層正規化	曾/政/規劃	層正規化	True	True	1		phrase.ai-data-science.tsv	61	
層遞	ㄘㄥˊ ㄉㄧˋ	中文	1	12	absent			-7.354194117						曾的	曾的	曾/的	曾/的	False	False	1		phrase.chinese.tsv	49	
屬性型	ㄕㄨˇ ㄒㄧㄥˋ ㄒㄧㄥˊ	網路資安	1	11	absent			-7.354194117						屬性行	屬性型	屬性/行	屬性型	True	True	1		phrase.network-security.tsv	67	
山下一夫	ㄕㄢ ㄒㄧㄚˋ ㄧ ㄈㄨ	動漫	1	15	absent			-7.354194117		山下/一夫	4.60600609	山下/一夫	4.60600609	山下一不	山下一夫	山下/一/不	山下一夫	True	True	1		phrase.anime.tsv	840	
山中曆	ㄕㄢ ㄓㄨㄥ ㄌㄧˋ	動漫	1	12	absent			-7.354194117						山中立	山中曆	山/中立	山中曆	True	True	1		phrase.anime.tsv	841	
山井戀	ㄕㄢ ㄐㄧㄥˇ ㄌㄧㄢˋ	動漫	1	14	absent			-7.354194117						山景練	山井戀	山/景/練	山井戀	True	True	1		phrase.anime.tsv	842	
山口賢二	ㄕㄢ ㄎㄡˇ ㄒㄧㄢˊ ㄦˋ	動漫	1	11	absent			-7.354194117						山口嫌二	山口賢二	山口/嫌/二	山口賢二	True	True	1		phrase.anime.tsv	843	
山吹沙綾	ㄕㄢ ㄔㄨㄟ ㄕㄚ ㄌㄧㄥˊ	動漫	1	13	absent			-7.354194117						山吹殺靈	山吹沙綾	山/吹/殺/靈	山吹沙綾	True	True	1		phrase.anime.tsv	844	
山崩防治	ㄕㄢ ㄅㄥ ㄈㄤˊ ㄓˋ	建築土木	1	10	absent			-7.354194117		山崩/防治	3.361199019	山崩/防治	3.361199019	山崩防治	山崩防治	山崩/防治	山崩/防治	False	True	1		phrase.civil-engineering.tsv	73	
山本武	ㄕㄢ ㄅㄣˇ ㄨˇ	動漫	1	13	absent			-7.354194117						山本五	山本武	山/本/五	山本武	True	True	1		phrase.anime.tsv	845	
山田亞由美	ㄕㄢ ㄊㄧㄢˊ ㄧㄚˇ ㄧㄡˊ ㄇㄟˇ	動漫	1	12	absent			-7.354194117						山田亞由美	山田亞由美	山田/亞/由/美	山田亞由美	False	True	1		phrase.anime.tsv	847	
山田太郎	ㄕㄢ ㄊㄧㄢˊ ㄊㄞˋ ㄌㄤˊ	動漫	1	11	absent			-7.354194117		山田/太郎	4.317565222	山田/太郎	4.317565222	山田太郎	山田太郎	山田/太郎	山田太郎	False	True	1		phrase.anime.tsv	848	
山田妖精	ㄕㄢ ㄊㄧㄢˊ ㄧㄠ ㄐㄧㄥ	動漫	1	14	absent			-7.354194117		山田/妖精	5.371922884	山田/妖精	5.371922884	山田要經	山田妖精	山田/要/經	山田妖精	True	True	1		phrase.anime.tsv	849	
山田杏奈	ㄕㄢ ㄊㄧㄢˊ ㄒㄧㄥˋ ㄋㄞˋ	動漫	1	17	absent			-7.354194117						山田性耐	山田杏奈	山田/性/耐	山田杏奈	True	True	1		phrase.anime.tsv	850	
山田涼	ㄕㄢ ㄊㄧㄢˊ ㄌㄧㄤˊ	動漫	1	17	absent			-7.354194117						山田良	山田良	山田/良	山田/良	False	False	1		phrase.anime.tsv	851	
山童	ㄕㄢ ㄊㄨㄥˊ	動漫	1	12	absent			-7.354194117						山同	山同	山/同	山/同	False	False	1		phrase.anime.tsv	852	
岡崎朋也	ㄍㄤ ㄑㄧˊ ㄆㄥˊ ㄧㄝˇ	動漫	1	22	absent			-7.354194117						剛其朋也	岡崎朋也	剛/其/朋/也	岡崎朋也	True	True	1		phrase.anime.tsv	853	
岩倉美津未	ㄧㄢˊ ㄘㄤ ㄇㄟˇ ㄐㄧㄣ ㄨㄟˋ	動漫	1	19	absent			-7.354194117						沿蒼美金為	岩倉美津未	沿/蒼/美金/為	岩倉美津未	True	True	1		phrase.anime.tsv	854	
岩戶環	ㄧㄢˊ ㄏㄨˋ ㄏㄨㄢˊ	動漫	1	15	absent			-7.354194117						沿護環	岩戶環	沿/護/環	岩戶環	True	True	1		phrase.anime.tsv	855	
岩戶鈴芽	ㄧㄢˊ ㄏㄨˋ ㄌㄧㄥˊ ㄧㄚˊ	動漫	1	23	absent			-7.354194117						沿護靈牙	岩戶鈴芽	沿/護/靈/牙	岩戶鈴芽	True	True	1		phrase.anime.tsv	856	
岩永琴子	ㄧㄢˊ ㄩㄥˇ ㄑㄧㄣˊ ㄗ˙	動漫	1	19	absent			-7.354194117						沿永琴子	岩永琴子	沿/永/琴/子	岩永琴子	True	True	1		phrase.anime.tsv	857	
岩谷尚文	ㄧㄢˊ ㄍㄨˇ ㄕㄤˋ ㄨㄣˊ	動漫	1	19	absent			-7.354194117						沿古上文	岩谷尚文	沿/古/上/文	岩谷尚文	True	True	1		phrase.anime.tsv	858	
峰龍太郎	ㄈㄥ ㄌㄨㄥˊ ㄊㄞˋ ㄌㄤˊ	動漫	1	16	absent			-7.354194117						風龍太郎	峰龍太郎	風/龍/太郎	峰龍太郎	True	True	1		phrase.anime.tsv	859	
島村卯月	ㄉㄠˇ ㄘㄨㄣ ㄇㄠˇ ㄩㄝˋ	動漫	1	18	absent			-7.354194117						倒村卯月	島村卯月	倒/村/卯/月	島村卯月	True	True	1		phrase.anime.tsv	860	
島田美波	ㄉㄠˇ ㄊㄧㄢˊ ㄇㄟˇ ㄅㄛ	動漫	1	15	absent			-7.354194117						倒甜美波	島田美波	倒/甜美/波	島田美波	True	True	1		phrase.anime.tsv	861	
崎宮美咲	ㄑㄧˊ ㄍㄨㄥ ㄇㄟˇ ㄒㄧㄠˋ	動漫	1	13	absent			-7.354194117						其公美校	崎宮美咲	其/公/美/校	崎宮美咲	True	True	1		phrase.anime.tsv	862	
崖上的波妞	ㄧㄞˊ ㄕㄤˋ ㄉㄜ˙ ㄅㄛ ㄋㄧㄡ	動漫	1	24	absent			-7.354194117						崖上的波妞	崖上的波妞	崖/上/的/波/妞	崖上的波妞	False	True	1		phrase.anime.tsv	863	
嵌入模型	ㄑㄧㄢ ㄖㄨˋ ㄇㄛˊ ㄒㄧㄥˊ	AI資料科學	1	14	absent			-7.354194117		嵌入/模型	2.790428342	嵌入/模型	2.790428342	嵌入模型	嵌入模型	嵌入/模型	嵌入/模型	False	True	1		phrase.ai-data-science.tsv	62	
嵐山悟郎	ㄌㄢˊ ㄕㄢ ㄨˋ ㄌㄤˊ	動漫	1	11	absent			-7.354194117						欄山物郎	嵐山悟郎	欄/山/物/郎	嵐山悟郎	True	True	1		phrase.anime.tsv	864	
川嶋亞美	ㄔㄨㄢ ㄉㄠˇ ㄧㄚˇ ㄇㄟˇ	動漫	1	15	absent			-7.354194117						穿導亞美	川嶋亞美	穿/導/亞美	川嶋亞美	True	True	1		phrase.anime.tsv	865	
川本日向	ㄔㄨㄢ ㄅㄣˇ ㄖˋ ㄒㄧㄤˋ	動漫	1	15	absent			-7.354194117						穿本日像	川本日向	穿/本/日/像	川本日向	True	True	1		phrase.anime.tsv	866	
川本明里	ㄔㄨㄢ ㄅㄣˇ ㄇㄧㄥˊ ㄌㄧˇ	動漫	1	17	absent			-7.354194117						穿本名理	川本明里	穿/本名/理	川本明里	True	True	1		phrase.anime.tsv	867	
川本桃	ㄔㄨㄢ ㄅㄣˇ ㄊㄠˊ	動漫	1	13	absent			-7.354194117						穿本桃	川本桃	穿/本/桃	川本桃	True	True	1		phrase.anime.tsv	868	
川澄舞	ㄔㄨㄢ ㄔㄥˊ ㄨˇ	動漫	1	10	absent			-7.354194117						穿成五	川澄舞	穿/成/五	川澄舞	True	True	1		phrase.anime.tsv	869	
州廳制	ㄓㄡ ㄊㄧㄥ ㄓˋ	歷史	1	11	absent			-7.354194117						周聽至	州廳制	周/聽/至	州廳制	True	True	1		phrase.history.tsv	64	
工作型	ㄍㄨㄥ ㄗㄨㄛˋ ㄒㄧㄥˊ	工業工程	1	13	absent			-7.354194117						工作行	工作行	工作/行	工作/行	False	False	1		phrase.industrial-engineering.tsv	41	
工作抽樣	ㄍㄨㄥ ㄗㄨㄛˋ ㄔㄡ ㄧㄤˋ	工業工程	1	13	absent			-7.354194117		工作/抽樣	1.341805333	工作/抽樣	1.341805333	工作抽樣	工作抽樣	工作/抽樣	工作/抽樣	False	True	1		phrase.industrial-engineering.tsv	42	
工作研究	ㄍㄨㄥ ㄗㄨㄛˋ ㄧㄢˊ ㄐㄧㄡˋ	工業工程	1	13	absent			-7.354194117		工作/研究	-0.741492479	工作/研究	-0.741492479	工作研究	工作研究	工作/研究	工作/研究	False	True	1		phrase.industrial-engineering.tsv	43	
工作細胞	ㄍㄨㄥ ㄗㄨㄛˋ ㄒㄧˋ ㄅㄠ	動漫	1	24	absent			-7.354194117		工作/細胞	0.276361058	工作/細胞	0.276361058	工作細胞	工作細胞	工作/細胞	工作/細胞	False	True	1		phrase.anime.tsv	871	
工作記憶	ㄍㄨㄥ ㄗㄨㄛˋ ㄐㄧˋ ㄧˋ	心理社會	1	13	absent			-7.354194117		工作/記憶	0.274313461	工作/記憶	0.274313461	工作記憶	工作記憶	工作/記憶	工作/記憶	False	True	1		phrase.psychology-society.tsv	26	
工作負荷	ㄍㄨㄥ ㄗㄨㄛˋ ㄈㄨˋ ㄏㄜˋ	工業工程	1	13	absent			-7.354194117		工作/負荷	1.113326004	工作/負荷	1.113326004	工作負荷	工作負荷	工作/負荷	工作/負荷	False	True	1		phrase.industrial-engineering.tsv	44	
工具使用	ㄍㄨㄥ ㄐㄩˋ ㄕˇ ㄩㄥˋ	AI資料科學	1	12	absent			-7.354194117		工具/使用	0.229816254	工具/使用	0.229816254	工具使用	工具使用	工具/使用	工具/使用	False	True	1		phrase.ai-data-science.tsv	63	
工單	ㄍㄨㄥ ㄉㄢ	工業工程	1	16	absent			-7.354194117						工單	工單	工/單	工/單	False	True	1		phrase.industrial-engineering.tsv	45	
工單管理	ㄍㄨㄥ ㄉㄢ ㄍㄨㄢˇ ㄌㄧˇ	製造機械	1	14	absent			-7.354194117						工單管理	工單管理	工/單/管理	工單管理	False	True	1		phrase.manufacturing.tsv	37	
工地放樣	ㄍㄨㄥ ㄉㄧˋ ㄈㄤˋ ㄧㄤˋ	建築土木	1	11	absent			-7.354194117						工地放樣	工地放樣	工地/放/樣	工地放樣	False	True	1		phrase.civil-engineering.tsv	77	
工廠佈置	ㄍㄨㄥ ㄔㄤˇ ㄅㄨˋ ㄓˋ	工業工程	1	11	absent			-7.354194117		工廠/佈置	2.412598219	工廠/佈置	2.412598219	工廠佈置	工廠佈置	工廠/佈置	工廠/佈置	False	True	1		phrase.industrial-engineering.tsv	47	
工業工程	ㄍㄨㄥ ㄧㄝˋ ㄍㄨㄥ ㄔㄥˊ	工業工程	1	13	absent			-7.354194117		工業/工程	0.753439512	工業/工程	0.753439512	工業工程	工業工程	工業/工程	工業/工程	False	True	1		phrase.industrial-engineering.tsv	48	
工法	ㄍㄨㄥ ㄈㄚˇ	建築土木	1	17	absent	公法	-5.877072863	-7.354194117	-1.477121255			公法	-1.477121255	工法	工法	工/法	工/法	False	True	2	公法	phrase.civil-engineering.tsv	78	
工程估價	ㄍㄨㄥ ㄔㄥˊ ㄍㄨ ㄐㄧㄚˋ	建築土木	1	12	absent			-7.354194117		工程/估價	2.522765898	工程/估價	2.522765898	工程估價	工程估價	工程/估價	工程/估價	False	True	1		phrase.civil-engineering.tsv	80	
工程案件	ㄍㄨㄥ ㄔㄥˊ ㄢˋ ㄐㄧㄢˋ	公務員公文	1	16	absent			-7.354194117		工程/案件	1.147575457	工程/案件	1.147575457	工程案件	工程案件	工程/案件	工程/案件	False	True	1		phrase.government.tsv	26	
工程測量	ㄍㄨㄥ ㄔㄥˊ ㄘㄜˋ ㄌㄧㄤˊ	建築土木	1	12	absent			-7.354194117		工程/測量	1.561918022	工程/測量	1.561918022	工程測量	工程測量	工程/測量	工程/測量	False	True	1		phrase.civil-engineering.tsv	81	
工程經濟	ㄍㄨㄥ ㄔㄥˊ ㄐㄧㄥ ㄐㄧˋ	工業工程	1	12	absent			-7.354194117		工程/經濟	0.073793188	工程/經濟	0.073793188	工程經濟	工程經濟	工程/經濟	工程/經濟	False	True	1		phrase.industrial-engineering.tsv	49	
工藤新一	ㄍㄨㄥ ㄊㄥˊ ㄒㄧㄣ ㄧ	動漫	1	22	absent			-7.354194117						工騰心一	工藤新一	工/騰/心/一	工藤新一	True	True	1		phrase.anime.tsv	872	
左心室肥厚	ㄗㄨㄛˇ ㄒㄧㄣ ㄕˋ ㄈㄟˊ ㄏㄡˋ	醫學	1	5	absent			-7.354194117						左心室肥厚	左心室肥厚	左/心室/肥厚	左心室肥厚	False	True	1		phrase.medicine.tsv	83	
左王子蘭子	ㄗㄨㄛˇ ㄨㄤˊ ㄗˇ ㄌㄢˊ ㄗ˙	動漫	1	12	absent			-7.354194117						左王子籃子	左王子蘭子	左/王子/籃子	左王子蘭子	True	True	1		phrase.anime.tsv	873	
巨球性貧血	ㄐㄩˋ ㄑㄧㄡˊ ㄒㄧㄥˋ ㄆㄧㄣˊ ㄒㄧㄝˇ	醫學	1	4	absent			-7.354194117						據求性貧血	巨球性貧血	據/求/性/貧血	巨球性貧血	True	True	1		phrase.medicine.tsv	84	
差動放大器	ㄔㄚ ㄉㄨㄥˋ ㄈㄤˋ ㄉㄚˋ ㄑㄧˋ	電子電機	1	5	absent			-7.354194117						插動放大器	差動放大器	插/動/放大器	差動放大器	True	True	1		phrase.electronics.tsv	79	
差異分析	ㄔㄚ ㄧˋ ㄈㄣ ㄒㄧ	財會金融	1	18	absent			-7.354194117		差異/分析	1.010359513	差異/分析	1.010359513	差異分析	差異分析	差異/分析	差異/分析	False	True	1		phrase.finance.tsv	42	
差異化教學	ㄔㄚ ㄧˋ ㄏㄨㄚˋ ㄐㄧㄠ ㄒㄩㄝˊ	教育	1	25	absent			-7.354194117						差異化教學	差異化教學	差異/化/教學	差異化教學	False	True	1		phrase.education.tsv	44	
差示	ㄔㄚˋ ㄕˋ	材料化工	1	12	absent			-7.354194117						差是	差是	差/是	差/是	False	False	1		phrase.materials-chemistry.tsv	30	
巴布	ㄅㄚ ㄅㄨˋ	動漫	1	9	absent	八部	-6.075440516	-7.354194117	-1.278753601			八部	-1.278753601	八不	八不	八/不	八/不	False	False	2	八步|八部	phrase.anime.tsv	875	
巴德尼	ㄅㄚ ㄉㄜˊ ㄋㄧˊ	動漫	1	13	absent			-7.354194117						八德呢	巴德尼	八德/呢	巴德尼	True	True	1		phrase.anime.tsv	876	
巴斯德殺菌	ㄅㄚ ㄙ ㄉㄜˊ ㄕㄚ ㄐㄩㄣˋ	農業食品	1	5	absent			-7.354194117						八司得殺菌	巴斯德殺菌	八/司/得/殺菌	巴斯德殺菌	True	True	1		phrase.agriculture-food.tsv	16	
巴特	ㄅㄚ ㄊㄜˋ	動漫	1	18	absent			-7.354194117						八特	八特	八/特	八/特	False	False	1		phrase.anime.tsv	877	
巴納吉	ㄅㄚ ㄋㄚˋ ㄐㄧˊ	動漫	1	18	absent			-7.354194117						八那及	巴納吉	八/那/及	巴納吉	True	True	1		phrase.anime.tsv	878	
巴衛	ㄅㄚ ㄨㄟˋ	動漫	1	17	absent	八位	-5.613831428	-7.354194117	-1.740362689			八位	-1.740362689	八位	八位	八位	八位	False	False	2	八位	phrase.anime.tsv	879	
巴魯	ㄅㄚ ㄌㄨˇ	動漫	1	23	absent			-7.354194117						八魯	八魯	八/魯	八/魯	False	False	1		phrase.anime.tsv	880	
巴麻美	ㄅㄚ ㄇㄚˊ ㄇㄟˇ	動漫	1	18	absent			-7.354194117						八麻美	巴麻美	八/麻/美	巴麻美	True	True	1		phrase.anime.tsv	881	
巽幸太郎	ㄒㄩㄣˋ ㄒㄧㄥˋ ㄊㄞˋ ㄌㄤˊ	動漫	1	9	absent			-7.354194117						訊性太郎	巽幸太郎	訊/性/太郎	巽幸太郎	True	True	1		phrase.anime.tsv	882	
市之宮行	ㄕˋ ㄓ ㄍㄨㄥ ㄒㄧㄥˊ	動漫	1	18	absent			-7.354194117		適之/弓形	5.161069519	適之/弓形	5.161069519	是之公行	市之宮行	是/之/公/行	市之宮行	True	True	1		phrase.anime.tsv	883	
市占率分析	ㄕˋ ㄓㄢˋ ㄌㄩˋ ㄈㄣ ㄒㄧ	商業	1	5	absent			-7.354194117		市占率/分析	2.734203893	市占率/分析	2.734203893	市占率分析	市占率分析	市占率/分析	市占率/分析	False	True	1		phrase.business.tsv	86	
市占率目標	ㄕˋ ㄓㄢˋ ㄌㄩˋ ㄇㄨˋ ㄅㄧㄠ	商業	1	4	absent			-7.354194117		市占率/目標	2.721716579	市占率/目標	2.721716579	市占率目標	市占率目標	市占率/目標	市占率/目標	False	True	1		phrase.business.tsv	87	
市占率趨勢	ㄕˋ ㄓㄢˋ ㄌㄩˋ ㄑㄩ ㄕˋ	商業	1	4	absent			-7.354194117		市占率/趨勢	3.088668782	市占率/趨勢	3.088668782	市占率趨勢	市占率趨勢	市占率/趨勢	市占率/趨勢	False	True	1		phrase.business.tsv	88	
市占率預測	ㄕˋ ㄓㄢˋ ㄌㄩˋ ㄩˋ ㄘㄜˋ	商業	1	4	absent			-7.354194117		市占率/預測	3.311264384	市占率/預測	3.311264384	市占率預測	市占率預測	市占率/預測	市占率/預測	False	True	1		phrase.business.tsv	89	
市地重劃	ㄕˋ ㄉㄧˋ ㄔㄨㄥˊ ㄏㄨㄚˋ	建築土木	1	10	absent			-7.354194117		市地/重劃	3.617240164	市地/重劃	3.617240164	是的重劃	市地重劃	是/的/重劃	市地重劃	True	True	1		phrase.civil-engineering.tsv	82	
市場契合	ㄕˋ ㄔㄤˇ ㄑㄧˋ ㄏㄜˊ	商業	1	12	absent			-7.354194117		市場/契合	1.943140373	市場/契合	1.943140373	市場契合	市場契合	市場/契合	市場/契合	False	True	1		phrase.business.tsv	91	
市場滲透率	ㄕˋ ㄔㄤˇ ㄕㄣˋ ㄊㄡˋ ㄌㄩˋ	商業	1	5	absent			-7.354194117						市場滲透率	市場滲透率	市場/滲透/率	市場滲透率	False	True	1		phrase.business.tsv	92	
市場集中度	ㄕˋ ㄔㄤˇ ㄐㄧˊ ㄓㄨㄥ ㄉㄨˋ	商業	1	5	absent			-7.354194117						市場集中度	市場集中度	市場/集中/度	市場集中度	False	True	1		phrase.business.tsv	93	
市場風險	ㄕˋ ㄔㄤˇ ㄈㄥ ㄒㄧㄢˇ	財會金融	1	12	absent			-7.354194117		市場/風險	0.804180151	市場/風險	0.804180151	市場風險	市場風險	市場/風險	市場/風險	False	True	1		phrase.finance.tsv	43	
市川京太郎	ㄕˋ ㄔㄨㄢ ㄐㄧㄥ ㄊㄞˋ ㄌㄤˊ	動漫	1	20	absent			-7.354194117						是穿經太郎	市川京太郎	是/穿/經/太郎	市川京太郎	True	True	1		phrase.anime.tsv	884	
市川雷諾	ㄕˋ ㄔㄨㄢ ㄌㄟˊ ㄋㄨㄛˋ	動漫	1	16	absent			-7.354194117		試穿/雷諾	4.89480163	試穿/雷諾	4.89480163	是穿雷諾	市川雷諾	是/穿/雷諾	市川雷諾	True	True	1		phrase.anime.tsv	885	
市谷有咲	ㄕˋ ㄍㄨˇ ㄧㄡˇ ㄒㄧㄠˋ	動漫	1	12	absent			-7.354194117		釋股/有效	2.713911488	釋股/有效	2.713911488	是鼓有效	市谷有咲	是/鼓/有效	市谷有咲	True	True	1		phrase.anime.tsv	886	
布倫希爾德	ㄅㄨˋ ㄌㄨㄣˊ ㄒㄧ ㄦˇ ㄉㄜˊ	動漫	1	20	absent			-7.354194117						不倫希爾得	布倫希爾德	不倫/希爾/得	布倫希爾德	True	True	1		phrase.anime.tsv	887	
布忍斯特	ㄅㄨˋ ㄖㄣˇ ㄙ ㄊㄜˋ	科學	1	12	absent			-7.354194117						不忍司特	布忍斯特	不忍/司/特	布忍斯特	True	True	1		phrase.science.tsv	29	
布拉德弗倫	ㄅㄨˋ ㄌㄚ ㄉㄜˊ ㄈㄨˊ ㄌㄨㄣˊ	動漫	1	17	absent			-7.354194117						不拉德服輪	布拉德弗倫	不/拉德/服/輪	布拉德弗倫	True	True	1		phrase.anime.tsv	888	
布朗德	ㄅㄨˋ ㄌㄤˇ ㄉㄜˊ	動漫	1	13	absent			-7.354194117						布朗得	布朗德	布朗/得	布朗德	True	True	1		phrase.anime.tsv	890	
布氏硬度	ㄅㄨˋ ㄕˋ ㄧㄥˋ ㄉㄨˋ	材料化工	1	12	absent			-7.354194117						不適應度	布氏硬度	不/適應/度	布氏硬度	True	True	1		phrase.materials-chemistry.tsv	31	
布洛瓦	ㄅㄨˋ ㄌㄨㄛˋ ㄨㄚˇ	動漫	1	16	absent			-7.354194117						部落瓦	布洛瓦	部落/瓦	布洛瓦	True	True	1		phrase.anime.tsv	891	
布瑪	ㄅㄨˋ ㄇㄚˇ	動漫	1	13	absent			-7.354194117						不馬	不馬	不/馬	不/馬	False	False	1		phrase.anime.tsv	892	
布甘比利亞	ㄅㄨˋ ㄍㄢ ㄅㄧˇ ㄌㄧˋ ㄧㄚˇ	動漫	1	20	absent			-7.354194117						不甘比例亞	布甘比利亞	不甘/比例/亞	布甘比利亞	True	True	1		phrase.anime.tsv	893	
布盧	ㄅㄨˋ ㄌㄨˊ	動漫	1	14	absent			-7.354194117						不爐	不爐	不/爐	不/爐	False	False	1		phrase.anime.tsv	894	
布萊克貝爾	ㄅㄨˋ ㄌㄞˊ ㄎㄜˋ ㄅㄟˋ ㄦˇ	動漫	1	12	absent			-7.354194117						不來客貝爾	布萊克貝爾	不/來客/貝爾	布萊克貝爾	True	True	1		phrase.anime.tsv	895	
布蘭卡	ㄅㄨˋ ㄌㄢˊ ㄎㄚˇ	動漫	1	12	absent			-7.354194117						不蘭卡	布蘭卡	不/蘭/卡	布蘭卡	True	True	1		phrase.anime.tsv	896	
布里德加賀	ㄅㄨˋ ㄌㄧˇ ㄉㄜˊ ㄐㄧㄚ ㄏㄜˋ	動漫	1	13	absent			-7.354194117						不理得家和	布里德加賀	不理/得/家/和	布里德加賀	True	True	1		phrase.anime.tsv	897	
布雷克	ㄅㄨˋ ㄌㄟˊ ㄎㄜˋ	動漫	1	12	absent			-7.354194117						布雷客	布雷克	布雷/客	布雷克	True	True	1		phrase.anime.tsv	898	
布魯克	ㄅㄨˋ ㄌㄨˇ ㄎㄜˋ	動漫	1	9	absent			-7.354194117						不魯客	布魯克	不/魯/客	布魯克	True	True	1		phrase.anime.tsv	899	
希倫克	ㄒㄧ ㄌㄨㄣˊ ㄎㄜˋ	動漫	1	15	absent			-7.354194117						西輪客	希倫克	西/輪/客	希倫克	True	True	1		phrase.anime.tsv	901	
希波戰爭	ㄒㄧ ㄅㄛ ㄓㄢˋ ㄓㄥ	歷史	1	12	absent			-7.354194117						西波戰爭	希波戰爭	西/波/戰爭	希波戰爭	True	True	1		phrase.history.tsv	65	
希洛唯	ㄒㄧ ㄌㄨㄛˋ ㄨㄟˊ	動漫	1	18	absent			-7.354194117						奚落為	希洛唯	奚落/為	希洛唯	True	True	1		phrase.anime.tsv	902	
希爾法	ㄒㄧ ㄦˇ ㄈㄚˇ	動漫	1	16	absent			-7.354194117						希爾法	希爾法	希爾/法	希爾法	False	True	1		phrase.anime.tsv	903	
希臘化時代	ㄒㄧ ㄌㄚˋ ㄏㄨㄚˋ ㄕˊ ㄉㄞˋ	歷史	1	3	absent			-7.354194117		希臘/劃時代	3.691436286	希臘/劃時代	3.691436286	希臘化時代	希臘化時代	希臘/化/時代	希臘化時代	False	True	1		phrase.history.tsv	66	
希達	ㄒㄧ ㄉㄚˊ	動漫	1	20	absent			-7.354194117						西達	西達	西/達	西/達	False	False	1		phrase.anime.tsv	904	
希雅郝里亞	ㄒㄧ ㄧㄚˇ ㄏㄠˇ ㄌㄧˇ ㄧㄚˇ	動漫	1	14	absent			-7.354194117						西亞好理亞	希雅郝里亞	西亞/好/理/亞	希雅郝里亞	True	True	1		phrase.anime.tsv	905	
希露菲葉特	ㄒㄧ ㄌㄨˋ ㄈㄟ ㄧㄝˋ ㄊㄜˋ	動漫	1	17	absent			-7.354194117						西路非業特	希露菲葉特	西路/非/業/特	希露菲葉特	True	True	1		phrase.anime.tsv	906	
帕瓦	ㄆㄚˋ ㄨㄚˇ	動漫	1	20	absent			-7.354194117						怕瓦	怕瓦	怕/瓦	怕/瓦	False	False	1		phrase.anime.tsv	907	
帝國衰亡	ㄉㄧˋ ㄍㄨㄛˊ ㄕㄨㄞ ㄨㄤˊ	歷史	1	11	absent			-7.354194117		帝國/衰亡	3.998551067	帝國/衰亡	3.998551067	帝國衰亡	帝國衰亡	帝國/衰亡	帝國/衰亡	False	True	1		phrase.history.tsv	68	
帶通濾波器	ㄉㄞˋ ㄊㄨㄥ ㄌㄩˋ ㄅㄛ ㄑㄧˋ	電子電機	1	5	absent			-7.354194117						代通濾波器	帶通濾波器	代/通/濾波器	帶通濾波器	True	True	1		phrase.electronics.tsv	80	
帶阻濾波器	ㄉㄞˋ ㄗㄨˇ ㄌㄩˋ ㄅㄛ ㄑㄧˋ	電子電機	1	5	absent			-7.354194117						代組濾波器	帶阻濾波器	代/組/濾波器	帶阻濾波器	True	True	1		phrase.electronics.tsv	81	
帷幕牆	ㄨㄟˊ ㄇㄨˋ ㄑㄧㄤˊ	建築土木	1	16	0			-7.354194117						帷幕牆	帷幕牆	帷幕/牆	帷幕/牆	False	True	1		phrase.civil-engineering.tsv	83	
帷幕牆修復	ㄨㄟˊ ㄇㄨˋ ㄑㄧㄤˊ ㄒㄧㄡ ㄈㄨˋ	建築土木	1	2	absent			-7.354194117						帷幕牆修復	帷幕牆修復	帷幕/牆/修復	帷幕牆修復	False	True	1		phrase.civil-engineering.tsv	84	
帷幕牆工程	ㄨㄟˊ ㄇㄨˋ ㄑㄧㄤˊ ㄍㄨㄥ ㄔㄥˊ	建築土木	1	4	absent			-7.354194117						帷幕牆工程	帷幕牆工程	帷幕/牆/工程	帷幕牆工程	False	True	1		phrase.civil-engineering.tsv	85	
帷幕牆施工	ㄨㄟˊ ㄇㄨˋ ㄑㄧㄤˊ ㄕ ㄍㄨㄥ	建築土木	1	3	absent			-7.354194117						帷幕牆施工	帷幕牆施工	帷幕/牆/施工	帷幕牆施工	False	True	1		phrase.civil-engineering.tsv	86	
帷幕牆檢驗	ㄨㄟˊ ㄇㄨˋ ㄑㄧㄤˊ ㄐㄧㄢˇ ㄧㄢˋ	建築土木	1	4	absent			-7.354194117						帷幕牆檢驗	帷幕牆檢驗	帷幕/牆/檢驗	帷幕牆檢驗	False	True	1		phrase.civil-engineering.tsv	87	
帷幕牆監測	ㄨㄟˊ ㄇㄨˋ ㄑㄧㄤˊ ㄐㄧㄢ ㄘㄜˋ	建築土木	1	3	absent			-7.354194117						帷幕牆監測	帷幕牆監測	帷幕/牆/監測	帷幕牆監測	False	True	1		phrase.civil-engineering.tsv	88	
帷幕牆補強	ㄨㄟˊ ㄇㄨˋ ㄑㄧㄤˊ ㄅㄨˇ ㄑㄧㄤˊ	建築土木	1	2	absent			-7.354194117						帷幕牆補強	帷幕牆補強	帷幕/牆/補強	帷幕牆補強	False	True	1		phrase.civil-engineering.tsv	89	
帷幕牆設計	ㄨㄟˊ ㄇㄨˋ ㄑㄧㄤˊ ㄕㄜˋ ㄐㄧˋ	建築土木	1	5	absent			-7.354194117						帷幕牆設計	帷幕牆設計	帷幕/牆/設計	帷幕牆設計	False	True	1		phrase.civil-engineering.tsv	90	
常守朱	ㄔㄤˊ ㄕㄡˇ ㄓㄨ	動漫	1	22	absent			-7.354194117						常手諸	常守朱	常/手/諸	常守朱	True	True	1		phrase.anime.tsv	908	
常態分布	ㄔㄤˊ ㄊㄞˋ ㄈㄣ ㄅㄨˋ	工業工程	1	10	absent	常態分佈	-6.877072863	-7.354194117	-0.477121255	常態/分布	2.502935769	常態分佈	-0.477121255	常態分布	常態分布	常態/分布	常態/分布	False	True	2	常態分佈	phrase.industrial-engineering.tsv	50	
常模	ㄔㄤˊ ㄇㄛˊ	教育	1	13	absent			-7.354194117						常模	常模	常/模	常/模	False	True	1		phrase.education.tsv	45	
常盤惠次	ㄔㄤˊ ㄆㄢˊ ㄏㄨㄟˋ ㄘˋ	動漫	1	13	absent			-7.354194117						常盤會次	常盤惠次	常/盤/會/次	常盤惠次	True	True	1		phrase.anime.tsv	909	
常盤綠	ㄔㄤˊ ㄆㄢˊ ㄌㄩˋ	動漫	1	14	absent			-7.354194117						常盤率	常盤綠	常/盤/率	常盤綠	True	True	1		phrase.anime.tsv	910	
常陸院光	ㄔㄤˊ ㄌㄨˋ ㄩㄢˋ ㄍㄨㄤ	動漫	1	14	absent			-7.354194117						常路院光	常陸院光	常/路/院/光	常陸院光	True	True	1		phrase.anime.tsv	911	
常陸院馨	ㄔㄤˊ ㄌㄨˋ ㄩㄢˋ ㄒㄧㄣ	動漫	1	12	absent			-7.354194117						常路院心	常陸院馨	常/路/院/心	常陸院馨	True	True	1		phrase.anime.tsv	912	
幕之內一步	ㄇㄨˋ ㄓ ㄋㄟˋ ㄧ ㄅㄨˋ	動漫	1	18	absent			-7.354194117						木之內一步	幕之內一步	木/之內/一步	幕之內一步	True	True	1		phrase.anime.tsv	913	
幕澤櫻花	ㄇㄨˋ ㄗㄜˊ ㄧㄥ ㄏㄨㄚ	動漫	1	9	absent			-7.354194117						木則櫻花	幕澤櫻花	木/則/櫻花	幕澤櫻花	True	True	1		phrase.anime.tsv	914	
幫助犯	ㄅㄤ ㄓㄨˋ ㄈㄢˋ	法律	1	12	absent			-7.354194117						幫助犯	幫助犯	幫助/犯	幫助/犯	False	True	1		phrase.law.tsv	72	
平凡職業	ㄆㄧㄥˊ ㄈㄢˊ ㄓˊ ㄧㄝˋ	動漫	1	21	absent			-7.354194117		平凡/職業	2.273812982	平凡/職業	2.273812982	平凡職業	平凡職業	平凡/職業	平凡職業	False	True	1		phrase.anime.tsv	915	
平和島靜雄	ㄆㄧㄥˊ ㄏㄜˊ ㄉㄠˇ ㄐㄧㄥˋ ㄒㄩㄥˊ	動漫	1	12	absent			-7.354194117						平和導境雄	平和島靜雄	平和/導/境/雄	平和島靜雄	True	True	1		phrase.anime.tsv	916	
平均精確率	ㄆㄧㄥˊ ㄐㄩㄣ ㄐㄧㄥ ㄑㄩㄝˋ ㄌㄩˋ	AI資料科學	1	4	absent			-7.354194117						平均精確率	平均精確率	平均/精確/率	平均精確率	False	True	1		phrase.ai-data-science.tsv	65	
平澤唯	ㄆㄧㄥˊ ㄗㄜˊ ㄨㄟˊ	動漫	1	22	absent			-7.354194117						憑則為	平澤唯	憑/則為	平澤唯	True	True	1		phrase.anime.tsv	917	
平等原則	ㄆㄧㄥˊ ㄉㄥˇ ㄩㄢˊ ㄗㄜˊ	法律	1	11	absent			-7.354194117		平等/原則	1.257883497	平等/原則	1.257883497	平等原則	平等原則	平等/原則	平等/原則	False	True	1		phrase.law.tsv	73	
平等權	ㄆㄧㄥˊ ㄉㄥˇ ㄑㄩㄢˊ	法律	1	11	absent			-7.354194117						平等權	平等權	平等/權	平等/權	False	True	1		phrase.law.tsv	74	
平行機排程	ㄆㄧㄥˊ ㄒㄧㄥˊ ㄐㄧ ㄆㄞˊ ㄔㄥˊ	工業工程	1	4	absent			-7.354194117						平行機排成	平行機排程	平行/機/排成	平行機排程	True	True	1		phrase.industrial-engineering.tsv	51	
平衡計分卡	ㄆㄧㄥˊ ㄏㄥˊ ㄐㄧˋ ㄈㄣ ㄎㄚˇ	商業	1	4	absent			-7.354194117						平衡計分卡	平衡計分卡	平衡/計分/卡	平衡計分卡	False	True	1		phrase.business.tsv	94	
平賀才人	ㄆㄧㄥˊ ㄏㄜˋ ㄘㄞˊ ㄖㄣˊ	動漫	1	17	absent			-7.354194117						憑和裁人	平賀才人	憑/和/裁/人	平賀才人	True	True	1		phrase.anime.tsv	918	
平面型	ㄆㄧㄥˊ ㄇㄧㄢˋ ㄒㄧㄥˊ	晶片半導體	1	11	absent			-7.354194117						平面行	平面行	平面/行	平面/行	False	False	1		phrase.semiconductor.tsv	42	
平面磨削	ㄆㄧㄥˊ ㄇㄧㄢˋ ㄇㄛˊ ㄒㄩㄝ	製造機械	1	11	absent			-7.354194117						平面磨薛	平面磨削	平面/磨/薛	平面磨削	True	True	1		phrase.manufacturing.tsv	39	
平面線形	ㄆㄧㄥˊ ㄇㄧㄢˋ ㄒㄧㄢˋ ㄒㄧㄥˊ	建築土木	1	11	absent			-7.354194117		平面/現行	2.190257908	平面/現行	2.190257908	平面線形	平面線形	平面/線形	平面/線形	False	True	1		phrase.civil-engineering.tsv	92	
年度計畫	ㄋㄧㄢˊ ㄉㄨˋ ㄐㄧˋ ㄏㄨㄚˋ	公務員公文	1	16	absent			-7.354194117		年度/計畫	0.400498584	年度/計畫	0.400498584	年度計畫	年度計畫	年度/計畫	年度/計畫	False	True	1		phrase.government.tsv	28	
年鑑學派	ㄋㄧㄢˊ ㄐㄧㄢˋ ㄒㄩㄝˊ ㄆㄞˋ	歷史	1	9	absent			-7.354194117		年鑑/學派	3.637523142	年鑑/學派	3.637523142	年建學派	年鑑學派	年/建/學派	年鑑學派	True	True	1		phrase.history.tsv	69	
幸平創真	ㄒㄧㄥˋ ㄆㄧㄥˊ ㄔㄨㄤˋ ㄓㄣ	動漫	1	21	absent			-7.354194117						姓平創真	幸平創真	姓/平/創/真	幸平創真	True	True	1		phrase.anime.tsv	919	
幸村祥一郎	ㄒㄧㄥˋ ㄘㄨㄣ ㄒㄧㄤˊ ㄧ ㄌㄤˊ	動漫	1	11	absent			-7.354194117						姓村祥一郎	幸村祥一郎	姓/村/祥/一/郎	幸村祥一郎	True	True	1		phrase.anime.tsv	920	
幸村精市	ㄒㄧㄥˋ ㄘㄨㄣ ㄐㄧㄥ ㄕˋ	動漫	1	11	absent			-7.354194117						姓村經是	幸村精市	姓/村/經/是	幸村精市	True	True	1		phrase.anime.tsv	921	
幸福婚約	ㄒㄧㄥˋ ㄈㄨˊ ㄏㄨㄣ ㄩㄝ	動漫	1	21	absent			-7.354194117		幸福/婚約	3.871320534	幸福/婚約	3.871320534	幸福婚約	幸福婚約	幸福/婚約	幸福婚約	False	True	1		phrase.anime.tsv	922	
幸運星	ㄒㄧㄥˋ ㄩㄣˋ ㄒㄧㄥ	動漫	1	22	absent			-7.354194117						幸運星	幸運星	幸運/星	幸運星	False	True	1		phrase.anime.tsv	923	幸運☆星
幹線公車	ㄍㄢˋ ㄒㄧㄢˋ ㄍㄨㄥ ㄔㄜ	交通物流	1	10	absent			-7.354194117		幹線/公車	2.927227655	幹線/公車	2.927227655	幹線公車	幹線公車	幹線/公車	幹線公車	False	True	1		phrase.transport-logistics.tsv	36	
幹道連鎖	ㄍㄢˋ ㄉㄠˋ ㄌㄧㄢˊ ㄙㄨㄛˇ	交通物流	1	9	absent			-7.354194117		幹道/連鎖	3.75529423	幹道/連鎖	3.75529423	幹道連鎖	幹道連鎖	幹道/連鎖	幹道/連鎖	False	True	1		phrase.transport-logistics.tsv	37	
幻之第六人	ㄏㄨㄢˋ ㄓ ㄉㄧˋ ㄌㄧㄡˋ ㄖㄣˊ	動漫	1	13	absent			-7.354194117						換之第六人	幻之第六人	換/之/第六/人	幻之第六人	True	True	1		phrase.anime.tsv	925	
幻想殺手	ㄏㄨㄢˋ ㄒㄧㄤˇ ㄕㄚ ㄕㄡˇ	動漫	1	13	absent			-7.354194117		幻想/殺手	2.880415283	幻想/殺手	2.880415283	幻想殺手	幻想殺手	幻想/殺手	幻想殺手	False	True	1		phrase.anime.tsv	926	
幻書	ㄏㄨㄢˋ ㄕㄨ	動漫	1	11	absent			-7.354194117						換書	換書	換/書	換/書	False	False	1		phrase.anime.tsv	927	
幼女戰記	ㄧㄡˋ ㄋㄩˇ ㄓㄢˋ ㄐㄧˋ	動漫	1	21	absent			-7.354194117		幼女/戰技	6.275012871	幼女/戰技	6.275012871	又女戰計	幼女戰記	又/女/戰/計	幼女戰記	True	True	1		phrase.anime.tsv	929	
幾何光學	ㄐㄧˇ ㄏㄜˊ ㄍㄨㄤ ㄒㄩㄝˊ	科學	1	10	absent			-7.354194117		幾何/光學	3.405781152	幾何/光學	3.405781152	幾何光學	幾何光學	幾何/光學	幾何/光學	False	True	1		phrase.science.tsv	30	
幾何公差	ㄐㄧˇ ㄏㄜˊ ㄍㄨㄥ ㄔㄞ	製造機械	1	10	absent			-7.354194117		幾何/公差	4.161069519	幾何/公差	4.161069519	幾何公差	幾何公差	幾何/公差	幾何/公差	False	True	1		phrase.manufacturing.tsv	40	
序批式	ㄒㄩˋ ㄆㄧ ㄕˋ	環境能源	1	11	absent			-7.354194117						續批是	序批式	續/批/是	序批式	True	True	1		phrase.energy-environment.tsv	40	
序號管理	ㄒㄩˋ ㄏㄠˋ ㄍㄨㄢˇ ㄌㄧˇ	交通物流	1	12	absent			-7.354194117		序號/管理	2.029911662	序號/管理	2.029911662	序號管理	序號管理	序號/管理	序號/管理	False	True	1		phrase.transport-logistics.tsv	38	
度量學習	ㄉㄨˋ ㄌㄧㄤˊ ㄒㄩㄝˊ ㄒㄧˊ	AI資料科學	1	10	absent			-7.354194117		度量/學習	2.864067013	度量/學習	2.864067013	度量學習	度量學習	度量/學習	度量學習	False	True	1		phrase.ai-data-science.tsv	66	
座敷童子	ㄗㄨㄛˋ ㄈㄨ ㄊㄨㄥˊ ㄗˇ	動漫	1	15	absent			-7.354194117						作不童子	座敷童子	作/不/童子	座敷童子	True	True	1		phrase.anime.tsv	932	
庫克米拉	ㄎㄨˋ ㄎㄜˋ ㄇㄧˇ ㄌㄚ	動漫	1	12	absent			-7.354194117						庫客米拉	庫克米拉	庫/客/米/拉	庫克米拉	True	True	1		phrase.anime.tsv	933	
庫存週轉率	ㄎㄨˋ ㄘㄨㄣˊ ㄓㄡ ㄓㄨㄢˇ ㄌㄩˋ	商業	1	10	absent			-7.354194117		庫存/周轉率	4.369216991	庫存/周轉率	4.369216991	庫存週轉率	庫存週轉率	庫存/週轉率	庫存/週轉率	False	True	1		phrase.business.tsv	96	
庫拉魯斯	ㄎㄨˋ ㄌㄚ ㄌㄨˇ ㄙ	動漫	1	12	absent			-7.354194117						庫拉魯斯	庫拉魯斯	庫/拉/魯/斯	庫拉魯斯	False	True	1		phrase.anime.tsv	934	
庫洛洛	ㄎㄨˋ ㄌㄨㄛˋ ㄌㄨㄛˋ	動漫	1	12	absent			-7.354194117						庫落落	庫洛洛	庫/落落	庫洛洛	True	True	1		phrase.anime.tsv	935	
庫洛魔法使	ㄎㄨˋ ㄌㄨㄛˋ ㄇㄛˊ ㄈㄚˇ ㄕˇ	動漫	1	24	0			-7.354194117						庫落魔法使	庫洛魔法使	庫/落/魔法/使	庫洛魔法使	True	True	1		phrase.anime.tsv	936	
庫魯斯	ㄎㄨˋ ㄌㄨˇ ㄙ	動漫	1	11	absent			-7.354194117						庫魯斯	庫魯斯	庫/魯/斯	庫魯斯	False	True	1		phrase.anime.tsv	937	
庸子	ㄩㄥ ㄗ˙	動漫	1	16	absent			-7.354194117						擁子	庸子	擁/子	庸子	True	True	1		phrase.anime.tsv	938	
廢棄物監測	ㄈㄟˋ ㄑㄧˋ ㄨˋ ㄐㄧㄢ ㄘㄜˋ	環境能源	1	5	absent			-7.354194117		廢棄物/監測	2.888632825	廢棄物/監測	2.888632825	廢棄物監測	廢棄物監測	廢棄物/監測	廢棄物/監測	False	True	1		phrase.energy-environment.tsv	42	
廢棄物盤查	ㄈㄟˋ ㄑㄧˋ ㄨˋ ㄆㄢˊ ㄔㄚˊ	環境能源	1	4	absent			-7.354194117		廢棄物/盤查	3.764691321	廢棄物/盤查	3.764691321	廢棄物盤查	廢棄物盤查	廢棄物/盤查	廢棄物/盤查	False	True	1		phrase.energy-environment.tsv	43	
廢棄物稽核	ㄈㄟˋ ㄑㄧˋ ㄨˋ ㄐㄧ ㄏㄜˊ	環境能源	1	4	absent			-7.354194117		廢棄物/稽核	3.511085975	廢棄物/稽核	3.511085975	廢棄物稽核	廢棄物稽核	廢棄物/稽核	廢棄物/稽核	False	True	1		phrase.energy-environment.tsv	44	
廢棄物管理	ㄈㄟˋ ㄑㄧˋ ㄨˋ ㄍㄨㄢˇ ㄌㄧˇ	環境能源	1	5	absent			-7.354194117		廢棄物/管理	1.601776868	廢棄物/管理	1.601776868	廢棄物管理	廢棄物管理	廢棄物/管理	廢棄物/管理	False	True	1		phrase.energy-environment.tsv	45	
廢氣洗滌	ㄈㄟˋ ㄑㄧˋ ㄒㄧˇ ㄉㄧˊ	材料化工	1	9	absent			-7.354194117		廢棄/洗滌	3.218235025	廢棄/洗滌	3.218235025	廢氣洗滌	廢氣洗滌	廢氣/洗滌	廢氣/洗滌	False	True	1		phrase.materials-chemistry.tsv	32	
廢水處理	ㄈㄟˋ ㄕㄨㄟˇ ㄔㄨˇ ㄌㄧˇ	環境能源	1	10	absent			-7.354194117		廢水/處理	1.598378696	廢水/處理	1.598378696	廢水處理	廢水處理	廢水/處理	廢水/處理	False	True	1		phrase.energy-environment.tsv	46	
廢電子電器	ㄈㄟˋ ㄉㄧㄢˋ ㄗˇ ㄉㄧㄢˋ ㄑㄧˋ	環境能源	1	4	absent			-7.354194117						費電子電器	廢電子電器	費/電子/電器	廢電子電器	True	True	1		phrase.energy-environment.tsv	47	
廣義相對論	ㄍㄨㄤˇ ㄧˋ ㄒㄧㄤ ㄉㄨㄟˋ ㄌㄨㄣˋ	科學	1	3	absent			-7.354194117		廣義/相對論	3.38440558	廣義/相對論	3.38440558	廣義相對論	廣義相對論	廣義/相對論	廣義/相對論	False	True	1		phrase.science.tsv	31	
廣角鏡頭	ㄍㄨㄤˇ ㄐㄧㄠˇ ㄐㄧㄥˋ ㄊㄡˊ	媒體設計	1	10	absent			-7.354194117						廣角鏡頭	廣角鏡頭	廣角鏡/頭	廣角鏡頭	False	True	1		phrase.media-design.tsv	37	
廣韻	ㄍㄨㄤˇ ㄩㄣˋ	中文	1	12	absent			-7.354194117						廣韻	廣韻	廣/韻	廣/韻	False	True	1		phrase.chinese.tsv	50	
延時曲線	ㄧㄢˊ ㄕˊ ㄑㄩ ㄒㄧㄢˋ	建築土木	1	11	absent			-7.354194117		岩石/曲線	2.929312481	岩石/曲線	2.929312481	岩石曲線	延時曲線	岩石/曲線	延時曲線	True	True	1		phrase.civil-engineering.tsv	93	
建構反應題	ㄐㄧㄢˋ ㄍㄡˋ ㄈㄢˇ ㄧㄥˋ ㄊㄧˊ	教育	1	4	absent			-7.354194117						建構反應題	建構反應題	建構/反應/題	建構反應題	False	True	1		phrase.education.tsv	46	
建築節能	ㄐㄧㄢˋ ㄓㄨˊ ㄐㄧㄝˊ ㄋㄥˊ	建築土木	1	12	absent			-7.354194117						建築節能	建築節能	建築/節/能	建築節能	False	True	1		phrase.civil-engineering.tsv	95	
建築聲學	ㄐㄧㄢˋ ㄓㄨˊ ㄕㄥ ㄒㄩㄝˊ	建築土木	1	12	absent			-7.354194117		建築/升學	1.391223721	建築/升學	1.391223721	建築升學	建築聲學	建築/升學	建築聲學	True	True	1		phrase.civil-engineering.tsv	96	
弓原紗季	ㄍㄨㄥ ㄩㄢˊ ㄕㄚ ㄐㄧˋ	動漫	1	14	absent			-7.354194117						公園殺計	弓原紗季	公園/殺/計	弓原紗季	True	True	1		phrase.anime.tsv	939	
引導線	ㄧㄣˇ ㄉㄠˇ ㄒㄧㄢˋ	媒體設計	1	11	absent			-7.354194117						引導現	引導現	引導/現	引導/現	False	False	1		phrase.media-design.tsv	38	
弗利沙	ㄈㄨˊ ㄌㄧˋ ㄕㄚ	動漫	1	12	absent			-7.354194117						福利殺	弗利沙	福利/殺	弗利沙	True	True	1		phrase.anime.tsv	940	
弗爾伏朗托	ㄈㄨˊ ㄦˇ ㄈㄨˊ ㄌㄤˇ ㄊㄨㄛ	動漫	1	12	absent			-7.354194117						伏爾服朗他	弗爾伏朗托	伏/爾/服/朗/他	弗爾伏朗托	True	True	1		phrase.anime.tsv	941	
弧次郎	ㄏㄨˊ ㄘˋ ㄌㄤˊ	動漫	1	12	absent			-7.354194117						湖次郎	弧次郎	湖/次郎	弧次郎	True	True	1		phrase.anime.tsv	942	
弱電工程	ㄖㄨㄛˋ ㄉㄧㄢˋ ㄍㄨㄥ ㄔㄥˊ	建築土木	1	12	absent			-7.354194117						若店工程	弱電工程	若/店/工程	弱電工程	True	True	1		phrase.civil-engineering.tsv	97	
弱點掃描	ㄖㄨㄛˋ ㄉㄧㄢˇ ㄙㄠˇ ㄇㄧㄠˊ	網路資安	1	14	absent			-7.354194117		弱點/掃描	3.129531589	弱點/掃描	3.129531589	弱點掃描	弱點掃描	弱點/掃描	弱點掃描	False	True	1		phrase.network-security.tsv	70	
張五飛	ㄓㄤ ㄨˇ ㄈㄟ	動漫	1	11	absent			-7.354194117						張五非	張五飛	張/五/非	張五飛	True	True	1		phrase.anime.tsv	943	
張力結構	ㄓㄤ ㄌㄧˋ ㄐㄧㄝˊ ㄍㄡˋ	建築土木	1	10	absent			-7.354194117		張力/結構	2.215329569	張力/結構	2.215329569	張力結構	張力結構	張力/結構	張力結構	False	True	1		phrase.civil-engineering.tsv	98	
張居正改革	ㄓㄤ ㄐㄩ ㄓㄥˋ ㄍㄞˇ ㄍㄜˊ	歷史	1	5	absent			-7.354194117						張居政改革	張居正改革	張/居/政/改革	張居正改革	True	True	1		phrase.history.tsv	70	
強化學習	ㄑㄧㄤˊ ㄏㄨㄚˋ ㄒㄩㄝˊ ㄒㄧˊ	AI資料科學	1	12	absent			-7.354194117		強化/學習	1.205828415	強化/學習	1.205828415	強化學習	強化學習	強化/學習	強化學習	False	True	1		phrase.ai-data-science.tsv	67	
強盜罪	ㄑㄧㄤˊ ㄉㄠˋ ㄗㄨㄟˋ	法律	1	10	absent			-7.354194117						強盜最	強盜罪	強盜/最	強盜罪	True	True	1		phrase.law.tsv	75	
強風吹拂	ㄑㄧㄤˊ ㄈㄥ ㄔㄨㄟ ㄈㄨˊ	動漫	1	20	absent			-7.354194117		強風/吹拂	4.683948264	強風/吹拂	4.683948264	牆風吹服	強風吹拂	牆/風吹/服	強風吹拂	True	True	1		phrase.anime.tsv	944	
彈性模數	ㄊㄢˊ ㄒㄧㄥˋ ㄇㄛˊ ㄕㄨˋ	製造機械	1	11	absent			-7.354194117		彈性/魔術	2.408120305	彈性/魔術	2.408120305	彈性魔術	彈性模數	彈性/魔術	彈性模數	True	True	1		phrase.manufacturing.tsv	41	
彈性網路	ㄊㄢˊ ㄒㄧㄥˋ ㄨㄤˇ ㄌㄨˋ	AI資料科學	1	11	absent			-7.354194117		彈性/網路	0.892141746	彈性/網路	0.892141746	彈性網路	彈性網路	彈性/網路	彈性/網路	False	True	1		phrase.ai-data-science.tsv	68	
彌海砂	ㄇㄧˊ ㄏㄞˇ ㄕㄚ	動漫	1	18	absent			-7.354194117						迷海殺	彌海砂	迷/海/殺	彌海砂	True	True	1		phrase.anime.tsv	946	
彌漫性	ㄇㄧˊ ㄇㄢˋ ㄒㄧㄥˋ	醫學	1	9	absent	瀰漫性	-7.053164122	-7.354194117	-0.301029996			瀰漫性	-0.301029996	彌漫性	彌漫性	彌漫/性	彌漫/性	False	True	2	瀰漫性	phrase.medicine.tsv	85	
彎曲應力	ㄨㄢ ㄑㄩ ㄧㄥˋ ㄌㄧˋ	製造機械	1	10	absent			-7.354194117		彎曲/應力	3.863673808	彎曲/應力	3.863673808	彎曲應力	彎曲應力	彎曲/應/力	彎曲應力	False	True	1		phrase.manufacturing.tsv	42	
彎曲試驗	ㄨㄢ ㄑㄩ ㄕˋ ㄧㄢˋ	材料化工	1	10	absent			-7.354194117		彎曲/試驗	2.764099403	彎曲/試驗	2.764099403	彎曲試驗	彎曲試驗	彎曲/試驗	彎曲試驗	False	True	1		phrase.materials-chemistry.tsv	33	
形成性評量	ㄒㄧㄥˊ ㄔㄥˊ ㄒㄧㄥˋ ㄆㄧㄥˊ ㄌㄧㄤˊ	教育	1	14	absent			-7.354194117						行程性評量	形成性評量	行程/性/評量	形成性評量	True	True	1		phrase.education.tsv	48	
形真理	ㄒㄧㄥˊ ㄓㄣ ㄌㄧˇ	動漫	1	12	absent			-7.354194117						行真理	形真理	行/真理	形真理	True	True	1		phrase.anime.tsv	947	
形訓	ㄒㄧㄥˊ ㄒㄩㄣˋ	中文	1	12	absent	刑訊	-7.354194117	-7.354194117	0.0			刑訊	0.0	行訊	行訊	行/訊	行/訊	False	False	2	刑訊	phrase.chinese.tsv	51	
彩川恒雄	ㄘㄞˇ ㄔㄨㄢ ㄏㄥˊ ㄒㄩㄥˊ	動漫	1	14	absent			-7.354194117						採穿衡雄	彩川恒雄	採/穿/衡/雄	彩川恒雄	True	True	1		phrase.anime.tsv	948	
彭德佛傑	ㄆㄥˊ ㄉㄜˊ ㄈㄛˊ ㄐㄧㄝˊ	動漫	1	16	absent			-7.354194117						棚得佛結	彭德佛傑	棚/得/佛/結	彭德佛傑	True	True	1		phrase.anime.tsv	949	
影像分割	ㄧㄥˇ ㄒㄧㄤˋ ㄈㄣ ㄍㄜ	AI資料科學	1	11	absent			-7.354194117		影像/分割	2.019619746	影像/分割	2.019619746	影像分割	影像分割	影像/分割	影像/分割	False	True	1		phrase.ai-data-science.tsv	69	
影像分類	ㄧㄥˇ ㄒㄧㄤˋ ㄈㄣ ㄌㄟˋ	AI資料科學	1	11	absent			-7.354194117		影像/分類	1.407243486	影像/分類	1.407243486	影像分類	影像分類	影像/分類	影像/分類	False	True	1		phrase.ai-data-science.tsv	70	
影像剪輯	ㄧㄥˇ ㄒㄧㄤˋ ㄐㄧㄢˇ ㄐㄧˊ	媒體設計	1	11	absent			-7.354194117		影像/剪輯	2.40656437	影像/剪輯	2.40656437	影像剪輯	影像剪輯	影像/剪輯	影像/剪輯	False	True	1		phrase.media-design.tsv	39	
影像檢查	ㄧㄥˇ ㄒㄧㄤˋ ㄐㄧㄢˇ ㄔㄚˊ	醫學	1	13	absent			-7.354194117		影像/檢查	1.139759599	影像/檢查	1.139759599	影像檢查	影像檢查	影像/檢查	影像/檢查	False	True	1		phrase.medicine.tsv	86	
影像生成	ㄧㄥˇ ㄒㄧㄤˋ ㄕㄥ ㄔㄥˊ	AI資料科學	1	11	absent			-7.354194117		影像/生成	2.244261395	影像/生成	2.244261395	影像生成	影像生成	影像/生/成	影像生成	False	True	1		phrase.ai-data-science.tsv	71	
影山律	ㄧㄥˇ ㄕㄢ ㄌㄩˋ	動漫	1	17	absent			-7.354194117						影山率	影山律	影/山/率	影山律	True	True	1		phrase.anime.tsv	951	
影山茂夫	ㄧㄥˇ ㄕㄢ ㄇㄠˋ ㄈㄨ	動漫	1	22	absent			-7.354194117						影山貿不	影山茂夫	影/山/貿/不	影山茂夫	True	True	1		phrase.anime.tsv	952	
影山飛雄	ㄧㄥˇ ㄕㄢ ㄈㄟ ㄒㄩㄥˊ	動漫	1	21	absent			-7.354194117						影山非雄	影山飛雄	影/山/非/雄	影山飛雄	True	True	1		phrase.anime.tsv	953	
影格率	ㄧㄥˇ ㄍㄜˊ ㄌㄩˋ	媒體設計	1	13	absent			-7.354194117						影格率	影格率	影/格/率	影格率	False	True	1		phrase.media-design.tsv	40	
影響者行銷	ㄧㄥˇ ㄒㄧㄤˇ ㄓㄜˇ ㄒㄧㄥˊ ㄒㄧㄠ	商業	1	5	absent			-7.354194117						影響者行銷	影響者行銷	影響/者/行銷	影響者行銷	False	True	1		phrase.business.tsv	97	
往返時間	ㄨㄤˇ ㄈㄢˇ ㄕˊ ㄐㄧㄢ	網路資安	1	11	absent			-7.354194117		往返/時間	1.479832922	往返/時間	1.479832922	往返時間	往返時間	往返/時間	往返/時間	False	True	1		phrase.network-security.tsv	71	
律師權	ㄌㄩˋ ㄕ ㄑㄩㄢˊ	法律	1	11	absent			-7.354194117						律師權	律師權	律師/權	律師/權	False	True	1		phrase.law.tsv	76	
後殖民史學	ㄏㄡˋ ㄓˊ ㄇㄧㄣˊ ㄕˇ ㄒㄩㄝˊ	歷史	1	6	absent			-7.354194117						後殖民史學	後殖民史學	後/殖民/史學	後殖民史學	False	True	1		phrase.history.tsv	71	
後端服務	ㄏㄡˋ ㄉㄨㄢ ㄈㄨˊ ㄨˋ	軟體科學	1	28	absent			-7.354194117		後端/服務	1.961804972	後端/服務	1.961804972	後端服務	後端服務	後端/服務	後端/服務	False	True	1		phrase.software.tsv	35	
後藤	ㄏㄡˋ ㄊㄥˊ	動漫	1	12	absent			-7.354194117						後謄	後謄	後/謄	後/謄	False	False	1		phrase.anime.tsv	955	
後藤一里	ㄏㄡˋ ㄊㄥˊ ㄧ ㄌㄧˇ	動漫	1	23	absent			-7.354194117						後謄一理	後藤一里	後/謄/一/理	後藤一里	True	True	1		phrase.anime.tsv	956	
後起字	ㄏㄡˋ ㄑㄧˇ ㄗˋ	中文	1	11	absent			-7.354194117						後起自	後起字	後/起/自	後起字	True	True	1		phrase.chinese.tsv	52	
徒然喜歡你	ㄊㄨˊ ㄖㄢˊ ㄒㄧˇ ㄏㄨㄢ ㄋㄧˇ	動漫	1	19	absent			-7.354194117						突然喜歡你	徒然喜歡你	突然/喜歡/你	徒然喜歡你	True	True	1		phrase.anime.tsv	957	
從眾	ㄘㄨㄥˊ ㄓㄨㄥˋ	心理社會	1	13	absent			-7.354194117						從眾	從眾	從/眾	從/眾	False	True	1		phrase.psychology-society.tsv	28	
御坂美琴	ㄩˋ ㄅㄢˇ ㄇㄟˇ ㄑㄧㄣˊ	動漫	1	22	absent			-7.354194117						育版每琴	御坂美琴	育/版/每/琴	御坂美琴	True	True	1		phrase.anime.tsv	958	
御子柴實琴	ㄩˋ ㄗ˙ ㄔㄞˊ ㄕˊ ㄑㄧㄣˊ	動漫	1	16	absent			-7.354194117						育子柴時琴	御子柴實琴	育/子/柴/時/琴	御子柴實琴	True	True	1		phrase.anime.tsv	959	
御幸一也	ㄩˋ ㄒㄧㄥˋ ㄧ ㄧㄝˇ	動漫	1	14	absent			-7.354194117						育性一也	御幸一也	育/性/一/也	御幸一也	True	True	1		phrase.anime.tsv	960	
御影玲王	ㄩˋ ㄧㄥˇ ㄌㄧㄥˊ ㄨㄤˊ	動漫	1	15	absent			-7.354194117						育影靈王	御影玲王	育/影/靈/王	御影玲王	True	True	1		phrase.anime.tsv	961	
御影秋	ㄩˋ ㄧㄥˇ ㄑㄧㄡ	動漫	1	17	absent			-7.354194117						育影秋	御影秋	育/影/秋	御影秋	True	True	1		phrase.anime.tsv	962	
復健治療	ㄈㄨˋ ㄐㄧㄢˋ ㄓˋ ㄌㄧㄠˊ	醫學	1	13	absent			-7.354194117		復健/治療	1.97983993	復健/治療	1.97983993	附件治療	附件治療	附件/治療	附件/治療	False	False	1		phrase.medicine.tsv	87	
循環盤點	ㄒㄩㄣˊ ㄏㄨㄢˊ ㄆㄢˊ ㄉㄧㄢˇ	交通物流	1	11	absent			-7.354194117		循環/盤點	3.285414754	循環/盤點	3.285414754	循環盤點	循環盤點	循環/盤點	循環/盤點	False	True	1		phrase.transport-logistics.tsv	39	
循環經濟	ㄒㄩㄣˊ ㄏㄨㄢˊ ㄐㄧㄥ ㄐㄧˋ	環境能源	1	11	absent			-7.354194117		循環/經濟	0.836442045	循環/經濟	0.836442045	循環經濟	循環經濟	循環/經濟	循環/經濟	False	True	1		phrase.energy-environment.tsv	48	
微分控制	ㄨㄟˊ ㄈㄣ ㄎㄨㄥˋ ㄓˋ	電子電機	1	11	absent			-7.354194117		微分/控制	2.765810349	微分/控制	2.765810349	微分控制	微分控制	微分/控制	微分/控制	False	True	1		phrase.electronics.tsv	82	
微型隧道	ㄨㄟˊ ㄒㄧㄥˊ ㄙㄨㄟˋ ㄉㄠˋ	建築土木	1	10	absent			-7.354194117		微型/隧道	3.358558923	微型/隧道	3.358558923	微型隧道	微型隧道	微型/隧道	微型隧道	False	True	1		phrase.civil-engineering.tsv	99	
微影	ㄨㄟˊ ㄧㄥˇ	晶片半導體	1	16	absent			-7.354194117						為影	為影	為/影	為/影	False	False	1		phrase.semiconductor.tsv	43	
微影製程	ㄨㄟˊ ㄧㄥˇ ㄓˋ ㄔㄥˊ	晶片半導體	1	9	absent			-7.354194117						為影製程	微影製程	為/影/製程	微影製程	True	True	1		phrase.semiconductor.tsv	44	
微服務	ㄨㄟ ㄈㄨˊ ㄨˋ	一般	1	14	absent			-7.354194117						微服務	微服務	微/服務	微/服務	False	True	1		phrase.general.tsv	52	
微波電路	ㄨㄟˊ ㄅㄛ ㄉㄧㄢˋ ㄌㄨˋ	電子電機	1	10	absent			-7.354194117		微波/電路	3.833514116	微波/電路	3.833514116	微波電路	微波電路	微波/電路	微波電路	False	True	1		phrase.electronics.tsv	83	
微生物限量	ㄨㄟˊ ㄕㄥ ㄨˋ ㄒㄧㄢˋ ㄌㄧㄤˋ	農業食品	1	3	absent			-7.354194117		微生物/限量	3.824763763	微生物/限量	3.824763763	微生物限量	微生物限量	微生物/限量	微生物/限量	False	True	1		phrase.agriculture-food.tsv	17	
微結構分析	ㄨㄟ ㄐㄧㄝˊ ㄍㄡˋ ㄈㄣ ㄒㄧ	材料化工	1	16	absent			-7.354194117						微結構分析	微結構分析	微/結構/分析	微結構分析	False	True	1		phrase.materials-chemistry.tsv	34	
微觀史	ㄨㄟˊ ㄍㄨㄢ ㄕˇ	歷史	1	10	absent			-7.354194117						微觀史	微觀史	微觀/史	微觀/史	False	True	1		phrase.history.tsv	72	
微距鏡頭	ㄨㄟ ㄐㄩˋ ㄐㄧㄥˋ ㄊㄡˊ	媒體設計	1	12	absent			-7.354194117						微距鏡頭	微距鏡頭	微/距/鏡頭	微距鏡頭	False	True	1		phrase.media-design.tsv	41	
德古沙	ㄉㄜˊ ㄍㄨˇ ㄕㄚ	動漫	1	16	absent			-7.354194117						得古殺	德古沙	得/古/殺	德古沙	True	True	1		phrase.anime.tsv	964	
德布洛瓦	ㄉㄜˊ ㄅㄨˋ ㄌㄨㄛˋ ㄨㄚˇ	動漫	1	17	absent			-7.354194117						得部落瓦	德布洛瓦	得/部落/瓦	德布洛瓦	True	True	1		phrase.anime.tsv	965	
德拉	ㄉㄜˊ ㄌㄚ	動漫	1	14	absent			-7.354194117						得拉	得拉	得/拉	得/拉	False	False	1		phrase.anime.tsv	966	
德斯蒙	ㄉㄜˊ ㄙ ㄇㄥˊ	動漫	1	14	absent			-7.354194117						得司盟	德斯蒙	得/司/盟	德斯蒙	True	True	1		phrase.anime.tsv	967	
心內膜炎	ㄒㄧㄣ ㄋㄟˋ ㄇㄛˊ ㄧㄢˊ	醫學	1	10	absent			-7.354194117						心內膜炎	心內膜炎	心內膜/炎	心內膜炎	False	True	1		phrase.medicine.tsv	88	
心因性休克	ㄒㄧㄣ ㄧㄣ ㄒㄧㄥˋ ㄒㄧㄡ ㄎㄜˋ	醫學	1	6	absent			-7.354194117						心因性修課	心因性休克	心/因/性/修課	心因性休克	True	True	1		phrase.medicine.tsv	89	
心導管檢查	ㄒㄧㄣ ㄉㄠˇ ㄍㄨㄢˇ ㄐㄧㄢˇ ㄔㄚˊ	醫學	1	7	absent			-7.354194117						心導管檢查	心導管檢查	心/導管/檢查	心導管檢查	False	True	1		phrase.medicine.tsv	90	
心就是你	ㄒㄧㄣ ㄐㄧㄡˋ ㄕˋ ㄋㄧˇ	動漫	1	12	absent			-7.354194117						新舊是你	心就是你	新舊/是/你	心就是你	True	True	1		phrase.anime.tsv	969	
心愛智乃	ㄒㄧㄣ ㄞˋ ㄓˋ ㄋㄞˇ	動漫	1	12	absent			-7.354194117						心愛至乃	心愛智乃	心愛/至/乃	心愛智乃	True	True	1		phrase.anime.tsv	970	
心智負荷	ㄒㄧㄣ ㄓˋ ㄈㄨˋ ㄏㄜˋ	工業工程	1	10	absent			-7.354194117		心智/負荷	2.938786692	心智/負荷	2.938786692	心智負荷	心智負荷	心智/負荷	心智負荷	False	True	1		phrase.industrial-engineering.tsv	53	
心理語言學	ㄒㄧㄣ ㄌㄧˇ ㄩˇ ㄧㄢˊ ㄒㄩㄝˊ	中文	1	4	absent			-7.354194117		心理/語言學	2.188457296	心理/語言學	2.188457296	心裡語言學	心理語言學	心裡/語言學	心理語言學	True	True	1		phrase.chinese.tsv	54	
心肌纖維化	ㄒㄧㄣ ㄐㄧ ㄒㄧㄢ ㄨㄟˊ ㄏㄨㄚˋ	醫學	1	4	absent			-7.354194117						心肌纖維化	心肌纖維化	心肌/纖維/化	心肌纖維化	False	True	1		phrase.medicine.tsv	91	
心臟節律器	ㄒㄧㄣ ㄗㄤˋ ㄐㄧㄝˊ ㄌㄩˋ ㄑㄧˋ	醫學	1	4	absent			-7.354194117						心臟節律器	心臟節律器	心臟/節律/器	心臟節律器	False	True	1		phrase.medicine.tsv	94	
心臟超音波	ㄒㄧㄣ ㄗㄤˋ ㄔㄠ ㄧㄣ ㄅㄛ	醫學	1	4	absent			-7.354194117		心臟/超音波	3.298510052	心臟/超音波	3.298510052	心臟超音波	心臟超音波	心臟/超音波	心臟/超音波	False	True	1		phrase.medicine.tsv	95	
忍野忍	ㄖㄣˇ ㄧㄝˇ ㄖㄣˇ	動漫	1	11	absent			-7.354194117						忍也忍	忍野忍	忍/也/忍	忍野忍	True	True	1		phrase.anime.tsv	971	
志人	ㄓˋ ㄖㄣˊ	中文	1	12	absent	至人|智人	-6.399951608	-7.354194117	-0.954242509			至人	-0.954242509	志人	志人	志/人	志/人	False	True	3	智人|至人	phrase.chinese.tsv	55	
志喜屋夢子	ㄓˋ ㄒㄧˇ ㄨ ㄇㄥˋ ㄗ˙	動漫	1	12	absent			-7.354194117						志喜於夢子	志喜屋夢子	志/喜/於/夢/子	志喜屋夢子	True	True	1		phrase.anime.tsv	972	
志志雄真實	ㄓˋ ㄓˋ ㄒㄩㄥˊ ㄓㄣ ㄕˊ	動漫	1	11	absent			-7.354194117						志至雄真實	志志雄真實	志/至/雄/真實	志志雄真實	True	True	1		phrase.anime.tsv	973	
志怪	ㄓˋ ㄍㄨㄞˋ	中文	1	12	absent			-7.354194117						志怪	志怪	志/怪	志/怪	False	True	1		phrase.chinese.tsv	56	
志摩凜	ㄓˋ ㄇㄛˊ ㄌㄧㄣˇ	動漫	1	19	absent			-7.354194117						志模凜	志摩凜	志/模/凜	志摩凜	True	True	1		phrase.anime.tsv	974	
志摩聰介	ㄓˋ ㄇㄛˊ ㄘㄨㄥ ㄐㄧㄝˋ	動漫	1	16	absent			-7.354194117						志模從界	志摩聰介	志/模/從/界	志摩聰介	True	True	1		phrase.anime.tsv	975	
志村新八	ㄓˋ ㄘㄨㄣ ㄒㄧㄣ ㄅㄚ	動漫	1	21	absent			-7.354194117						志村心八	志村新八	志/村/心/八	志村新八	True	True	1		phrase.anime.tsv	976	
忠實表述	ㄓㄨㄥ ㄕˊ ㄅㄧㄠˇ ㄕㄨˋ	財會金融	1	10	absent			-7.354194117		中時/表述	3.456292243	中時/表述	3.456292243	忠實表述	忠實表述	忠實/表述	忠實/表述	False	True	1		phrase.finance.tsv	46	
忠邦	ㄓㄨㄥ ㄅㄤ	動漫	1	20	absent			-7.354194117						中幫	中幫	中/幫	中/幫	False	False	1		phrase.anime.tsv	977	
快取系統	ㄎㄨㄞˋ ㄑㄩˇ ㄒㄧˋ ㄊㄨㄥˇ	軟體科學	1	24	absent			-7.354194117		快取/系統	2.501549465	快取/系統	2.501549465	快取系統	快取系統	快取/系統	快取/系統	False	True	1		phrase.software.tsv	38	
快篩試劑	ㄎㄨㄞˋ ㄕㄞ ㄕˋ ㄐㄧˋ	一般	1	18	absent			-7.354194117						快篩世紀	快篩試劑	快/篩/世紀	快篩試劑	True	True	1		phrase.general.tsv	55	
快速公車	ㄎㄨㄞˋ ㄙㄨˋ ㄍㄨㄥ ㄔㄜ	交通物流	1	11	absent			-7.354194117		快速/公車	1.638479843	快速/公車	1.638479843	快速公車	快速公車	快速/公車	快速/公車	False	True	1		phrase.transport-logistics.tsv	40	
快速恢復	ㄎㄨㄞˋ ㄙㄨˋ ㄏㄨㄟ ㄈㄨˋ	網路資安	1	11	absent			-7.354194117		快速/恢復	1.451266478	快速/恢復	1.451266478	快速恢復	快速恢復	快速/恢復	快速/恢復	False	True	1		phrase.network-security.tsv	72	
快速換模	ㄎㄨㄞˋ ㄙㄨˋ ㄏㄨㄢˋ ㄇㄛˊ	製造機械	1	11	absent			-7.354194117						快速換模	快速換模	快速/換/模	快速換模	False	True	1		phrase.manufacturing.tsv	43	
快速熱退火	ㄎㄨㄞˋ ㄙㄨˋ ㄖㄜˋ ㄊㄨㄟˋ ㄏㄨㄛˇ	晶片半導體	1	4	absent			-7.354194117						快速熱退火	快速熱退火	快速/熱/退火	快速熱退火	False	True	1		phrase.semiconductor.tsv	45	
快速重傳	ㄎㄨㄞˋ ㄙㄨˋ ㄓㄨㄥˋ ㄔㄨㄢˊ	網路資安	1	11	absent			-7.354194117						快速重傳	快速重傳	快速/重/傳	快速重傳	False	True	1		phrase.network-security.tsv	73	
快門速度	ㄎㄨㄞˋ ㄇㄣˊ ㄙㄨˋ ㄉㄨˋ	媒體設計	1	10	absent			-7.354194117		快門/速度	2.457849813	快門/速度	2.457849813	快門速度	快門速度	快門/速度	快門/速度	False	True	1		phrase.media-design.tsv	42	
念能力	ㄋㄧㄢˋ ㄋㄥˊ ㄌㄧˋ	動漫	1	15	absent			-7.354194117						念能力	念能力	念/能力	念/能力	False	True	1		phrase.anime.tsv	978	
思想史	ㄙ ㄒㄧㄤˇ ㄕˇ	歷史	1	11	absent			-7.354194117						思想史	思想史	思想/史	思想/史	False	True	1		phrase.history.tsv	73	
急性冠心症	ㄐㄧˊ ㄒㄧㄥˋ ㄍㄨㄢ ㄒㄧㄣ ㄓㄥˋ	醫學	1	3	absent			-7.354194117						急性關心政	急性冠心症	急性/關心/政	急性冠心症	True	True	1		phrase.medicine.tsv	98	
急性腎損傷	ㄐㄧˊ ㄒㄧㄥˋ ㄕㄣˋ ㄙㄨㄣˇ ㄕㄤ	醫學	1	3	absent			-7.354194117						急性腎損傷	急性腎損傷	急性/腎/損傷	急性腎損傷	False	True	1		phrase.medicine.tsv	99	
急性骨髓炎	ㄐㄧˊ ㄒㄧㄥˋ ㄍㄨˇ ㄙㄨㄟˇ ㄧㄢˊ	醫學	1	3	absent			-7.354194117		急性/骨髓炎	4.506005	急性/骨髓炎	4.506005	急性骨髓炎	急性骨髓炎	急性/骨髓炎	急性/骨髓炎	False	True	1		phrase.medicine.tsv	100	
性別史	ㄒㄧㄥˋ ㄅㄧㄝˊ ㄕˇ	歷史	1	11	absent			-7.354194117						性別使	性別史	性別/使	性別史	True	True	1		phrase.history.tsv	74	
性能式設計	ㄒㄧㄥˋ ㄋㄥˊ ㄕˋ ㄕㄜˋ ㄐㄧˋ	建築土木	1	5	absent			-7.354194117						性能是設計	性能式設計	性能/是/設計	性能式設計	True	True	1		phrase.civil-engineering.tsv	100	
性費洛蒙	ㄒㄧㄥˋ ㄈㄟˋ ㄌㄨㄛˋ ㄇㄥˊ	農業食品	1	10	absent			-7.354194117						姓費洛蒙	性費洛蒙	姓/費洛蒙	性費洛蒙	True	True	1		phrase.agriculture-food.tsv	18	
怪化貓	ㄍㄨㄞˋ ㄏㄨㄚˋ ㄇㄠ	動漫	1	20	absent			-7.354194117						怪話貓	怪化貓	怪/話/貓	怪化貓	True	True	1		phrase.anime.tsv	980	
怪同學	ㄍㄨㄞˋ ㄊㄨㄥˊ ㄒㄩㄝˊ	動漫	1	20	absent			-7.354194117						怪同學	怪同學	怪/同學	怪/同學	False	True	1		phrase.anime.tsv	981	
怪獸八號	ㄍㄨㄞˋ ㄕㄡˋ ㄅㄚ ㄏㄠˋ	動漫	1	23	absent			-7.354194117		怪獸/八號	3.249024689	怪獸/八號	3.249024689	怪獸八號	怪獸八號	怪獸/八號	怪獸八號	False	True	1		phrase.anime.tsv	983	怪獸8號
怪盜基德	ㄍㄨㄞˋ ㄉㄠˋ ㄐㄧ ㄉㄜˊ	動漫	1	12	absent			-7.354194117		怪到/積德	5.877072863	怪到/積德	5.877072863	怪到機得	怪盜基德	怪/到/機/得	怪盜基德	True	True	1		phrase.anime.tsv	985	
怪盜艾克斯	ㄍㄨㄞˋ ㄉㄠˋ ㄞˋ ㄎㄜˋ ㄙ	動漫	1	10	absent			-7.354194117		怪到/愛克斯	6.576042867	怪到/愛克斯	6.576042867	怪到愛克斯	怪盜艾克斯	怪/到/愛克斯	怪盜艾克斯	True	True	1		phrase.anime.tsv	984	怪盜X
恐嚇取財罪	ㄎㄨㄥˇ ㄏㄜˋ ㄑㄩˇ ㄘㄞˊ ㄗㄨㄟˋ	法律	1	3	absent			-7.354194117						恐嚇取材最	恐嚇取財罪	恐嚇/取材/最	恐嚇取財罪	True	True	1		phrase.law.tsv	77	
恐山安娜	ㄎㄨㄥˇ ㄕㄢ ㄢ ㄋㄚˋ	動漫	1	15	absent			-7.354194117						恐山安娜	恐山安娜	恐/山/安娜	恐山安娜	False	True	1		phrase.anime.tsv	986	
恩滋華斯	ㄣ ㄗ ㄏㄨㄚˊ ㄙ	動漫	1	17	absent			-7.354194117						嗯資華司	恩滋華斯	嗯/資/華/司	恩滋華斯	True	True	1		phrase.anime.tsv	987	
悠遊付	ㄧㄡ ㄧㄡˊ ㄈㄨˋ	一般	1	9	absent			-7.354194117						悠遊付	悠遊付	悠遊/付	悠遊/付	False	True	1		phrase.general.tsv	56	
情事變更	ㄑㄧㄥˊ ㄕˋ ㄅㄧㄢˋ ㄍㄥ	法律	1	10	absent			-7.354194117		情勢/變更	2.340640687	情勢/變更	2.340640687	情勢變更	情事變更	情勢/變更	情事變更	True	True	1		phrase.law.tsv	78	
情境分析	ㄑㄧㄥˊ ㄐㄧㄥˋ ㄈㄣ ㄒㄧ	財會金融	1	17	absent			-7.354194117		情境/分析	1.553565006	情境/分析	1.553565006	情境分析	情境分析	情境/分析	情境/分析	False	True	1		phrase.finance.tsv	47	
情境訪查	ㄑㄧㄥˊ ㄐㄧㄥˋ ㄈㄤˇ ㄔㄚˊ	媒體設計	1	11	absent			-7.354194117		情境/訪查	3.463437865	情境/訪查	3.463437865	情境訪查	情境訪查	情境/訪查	情境/訪查	False	True	1		phrase.media-design.tsv	43	
情感分析	ㄑㄧㄥˊ ㄍㄢˇ ㄈㄣ ㄒㄧ	AI資料科學	1	12	absent			-7.354194117		情感/分析	1.237711234	情感/分析	1.237711234	情感分析	情感分析	情感/分析	情感/分析	False	True	1		phrase.ai-data-science.tsv	74	
情節記憶	ㄑㄧㄥˊ ㄐㄧㄝˊ ㄐㄧˋ ㄧˋ	心理社會	1	10	absent			-7.354194117		情節/記憶	1.951083896	情節/記憶	1.951083896	情節記憶	情節記憶	情節/記憶	情節記憶	False	True	1		phrase.psychology-society.tsv	30	
情色	ㄑㄧㄥˊ ㄙㄜˋ	動漫	1	20	absent			-7.354194117						情色	情色	情/色	情/色	False	True	1		phrase.anime.tsv	989	
情色漫畫	ㄑㄧㄥˊ ㄙㄜˋ ㄇㄢˋ ㄏㄨㄚˋ	動漫	1	20	absent			-7.354194117						情色漫畫	情色漫畫	情/色/漫畫	情色漫畫	False	True	1		phrase.anime.tsv	990	
惠惠	ㄏㄨㄟˋ ㄏㄨㄟˋ	動漫	1	17	absent			-7.354194117						會會	會會	會/會	會/會	False	False	1		phrase.anime.tsv	991	
惠飛須澤	ㄏㄨㄟˋ ㄈㄟ ㄒㄩ ㄗㄜˊ	動漫	1	15	absent			-7.354194117						會非需則	惠飛須澤	會/非/需/則	惠飛須澤	True	True	1		phrase.anime.tsv	992	
惡意巨集	ㄜˋ ㄧˋ ㄐㄩˋ ㄐㄧˊ	網路資安	1	10	absent			-7.354194117		惡意/聚集	2.903821822	惡意/聚集	2.903821822	惡意巨集	惡意巨集	惡意/巨集	惡意/巨集	False	True	1		phrase.network-security.tsv	75	
惡意軟體	ㄜˋ ㄧˋ ㄖㄨㄢˇ ㄊㄧˇ	一般	1	18	absent			-7.354194117		惡意/軟體	2.112817005	惡意/軟體	2.112817005	惡意軟體	惡意軟體	惡意/軟體	惡意/軟體	False	True	1		phrase.general.tsv	57	
惡羅王	ㄜˋ ㄌㄨㄛˊ ㄨㄤˊ	動漫	1	12	absent			-7.354194117						呃羅王	惡羅王	呃/羅/王	惡羅王	True	True	1		phrase.anime.tsv	993	
惡靈	ㄜˋ ㄌㄧㄥˊ	動漫	1	12	absent			-7.354194117						呃靈	呃靈	呃/靈	呃/靈	False	False	1		phrase.anime.tsv	994	
惡魔人	ㄜˋ ㄇㄛˊ ㄖㄣˊ	動漫	1	12	absent			-7.354194117						惡魔人	惡魔人	惡魔/人	惡魔人	False	True	1		phrase.anime.tsv	995	
惡魔的足跡	ㄜˋ ㄇㄛˊ ㄉㄜ˙ ㄗㄨˊ ㄐㄧ	動漫	1	13	absent			-7.354194117						惡魔的足跡	惡魔的足跡	惡魔/的/足跡	惡魔的足跡	False	True	1		phrase.anime.tsv	996	
惣流明日香	ㄗㄨㄥˇ ㄌㄧㄡˊ ㄇㄧㄥˊ ㄖˋ ㄒㄧㄤ	動漫	1	17	absent			-7.354194117						總流明日相	惣流明日香	總/流/明日/相	惣流明日香	True	True	1		phrase.anime.tsv	997	
想像競合	ㄒㄧㄤˇ ㄒㄧㄤˋ ㄐㄧㄥˋ ㄏㄜˊ	法律	1	11	absent			-7.354194117						想像競合	想像競合	想像/競/合	想像競合	False	True	1		phrase.law.tsv	79	
想要玩	ㄒㄧㄤˇ ㄧㄠˋ ㄨㄢˊ	動漫	1	20	absent			-7.354194117						想要完	想要完	想要/完	想要/完	False	False	1		phrase.anime.tsv	998	
意思表示	ㄧˋ ㄙ ㄅㄧㄠˇ ㄕˋ	法律	1	12	absent			-7.354194117		意思/表示	0.665110309	意思/表示	0.665110309	意思表示	意思表示	意思/表示	意思/表示	False	True	1		phrase.law.tsv	80	
愚地獨步	ㄩˊ ㄉㄧˋ ㄉㄨˊ ㄅㄨˋ	動漫	1	14	absent			-7.354194117		餘地/獨步	4.37738578	餘地/獨步	4.37738578	於的讀不	愚地獨步	於/的/讀/不	愚地獨步	True	True	1		phrase.anime.tsv	999	
愛因茲貝倫	ㄞˋ ㄧㄣ ㄗ ㄅㄟˋ ㄌㄨㄣˊ	動漫	1	17	absent			-7.354194117						愛因資被輪	愛因茲貝倫	愛/因/資/被/輪	愛因茲貝倫	True	True	1		phrase.anime.tsv	1000	
愛城華戀	ㄞˋ ㄔㄥˊ ㄏㄨㄚˊ ㄌㄧㄢˋ	動漫	1	18	absent			-7.354194117						愛成華練	愛城華戀	愛/成/華/練	愛城華戀	True	True	1		phrase.anime.tsv	1001	
愛姆露	ㄞˋ ㄇㄨˇ ㄌㄨˋ	動漫	1	13	absent			-7.354194117						愛母路	愛姆露	愛/母/路	愛姆露	True	True	1		phrase.anime.tsv	1002	
愛德	ㄞˋ ㄉㄜˊ	動漫	1	13	absent			-7.354194117						愛得	愛得	愛/得	愛/得	False	False	1		phrase.anime.tsv	1003	
愛莉兒	ㄞˋ ㄌㄧˋ ㄦˊ	動漫	1	13	absent			-7.354194117						愛力而	愛莉兒	愛/力/而	愛莉兒	True	True	1		phrase.anime.tsv	1005	
愛蜜莉雅	ㄞˋ ㄇㄧˋ ㄌㄧˋ ㄧㄚˇ	動漫	1	21	absent			-7.354194117						愛密力亞	愛蜜莉雅	愛/密/力/亞	愛蜜莉雅	True	True	1		phrase.anime.tsv	1006	
愛野美奈子	ㄞˋ ㄧㄝˇ ㄇㄟˇ ㄋㄞˋ ㄗˇ	動漫	1	14	absent			-7.354194117						愛也美耐子	愛野美奈子	愛/也/美/耐/子	愛野美奈子	True	True	1		phrase.anime.tsv	1007	
愛麗絲菲爾	ㄞˋ ㄌㄧˋ ㄙ ㄈㄟ ㄦˇ	動漫	1	17	absent			-7.354194117						愛麗絲非爾	愛麗絲菲爾	愛麗絲/非/爾	愛麗絲菲爾	True	True	1		phrase.anime.tsv	1009	
感嘆句	ㄍㄢˇ ㄊㄢˋ ㄐㄩˋ	中文	1	10	absent			-7.354194117						感嘆句	感嘆句	感嘆/句	感嘆/句	False	True	1		phrase.chinese.tsv	57	
感應式號誌	ㄍㄢˇ ㄧㄥˋ ㄕˋ ㄏㄠˋ ㄓˋ	交通物流	1	3	absent			-7.354194117						感應是號誌	感應式號誌	感應/是/號誌	感應式號誌	True	True	1		phrase.transport-logistics.tsv	41	
感應馬達	ㄍㄢˇ ㄧㄥˋ ㄇㄚˇ ㄉㄚˊ	電子電機	1	10	absent			-7.354194117		感應/馬達	3.200196431	感應/馬達	3.200196431	感應馬達	感應馬達	感應/馬達	感應/馬達	False	True	1		phrase.electronics.tsv	85	
感測器校正	ㄍㄢˇ ㄘㄜˋ ㄑㄧˋ ㄐㄧㄠˋ ㄓㄥˋ	電子電機	1	2	absent			-7.354194117		感測器/校正	4.415174341	感測器/校正	4.415174341	感測器校正	感測器校正	感測器/校正	感測器/校正	False	True	1		phrase.electronics.tsv	87	
感測器模擬	ㄍㄢˇ ㄘㄜˋ ㄑㄧˋ ㄇㄛˊ ㄋㄧˇ	電子電機	1	3	absent			-7.354194117		感測器/模擬	3.720624675	感測器/模擬	3.720624675	感測器模擬	感測器模擬	感測器/模擬	感測器/模擬	False	True	1		phrase.electronics.tsv	88	
感測器設計	ㄍㄢˇ ㄘㄜˋ ㄑㄧˋ ㄕㄜˋ ㄐㄧˋ	電子電機	1	5	absent			-7.354194117		感測器/設計	2.625629328	感測器/設計	2.625629328	感測器設計	感測器設計	感測器/設計	感測器/設計	False	True	1		phrase.electronics.tsv	89	
感測器量測	ㄍㄢˇ ㄘㄜˋ ㄑㄧˋ ㄌㄧㄤˊ ㄘㄜˋ	電子電機	1	2	absent			-7.354194117		感測器/量測	4.506621458	感測器/量測	4.506621458	感測器量測	感測器量測	感測器/量測	感測器/量測	False	True	1		phrase.electronics.tsv	90	
感測器除錯	ㄍㄢˇ ㄘㄜˋ ㄑㄧˋ ㄔㄨˊ ㄘㄨㄛˋ	電子電機	1	2	absent			-7.354194117		感測器/除錯	5.19885808	感測器/除錯	5.19885808	感測器除錯	感測器除錯	感測器/除錯	感測器/除錯	False	True	1		phrase.electronics.tsv	91	
感測器驗證	ㄍㄢˇ ㄘㄜˋ ㄑㄧˋ ㄧㄢˋ ㄓㄥˋ	電子電機	1	2	absent			-7.354194117		感測器/驗證	4.034047831	感測器/驗證	4.034047831	感測器驗證	感測器驗證	感測器/驗證	感測器/驗證	False	True	1		phrase.electronics.tsv	92	
態度形成	ㄊㄞˋ ㄉㄨˋ ㄒㄧㄥˊ ㄔㄥˊ	心理社會	1	12	absent			-7.354194117		態度/形成	0.898840593	態度/形成	0.898840593	態度形成	態度形成	態度/形成	態度/形成	False	True	1		phrase.psychology-society.tsv	31	
態度改變	ㄊㄞˋ ㄉㄨˋ ㄍㄞˇ ㄅㄧㄢˋ	心理社會	1	12	absent			-7.354194117		態度/改變	0.723743867	態度/改變	0.723743867	態度改變	態度改變	態度/改變	態度/改變	False	True	1		phrase.psychology-society.tsv	32	
慢性腎臟病	ㄇㄢˋ ㄒㄧㄥˋ ㄕㄣˋ ㄗㄤˋ ㄅㄧㄥˋ	醫學	1	4	absent			-7.354194117		慢性/腎臟病	3.56595502	慢性/腎臟病	3.56595502	慢性腎臟病	慢性腎臟病	慢性/腎臟病	慢性腎臟病	False	True	1		phrase.medicine.tsv	103	
慣性矩	ㄍㄨㄢˋ ㄒㄧㄥˋ ㄐㄩˇ	科學	1	10	absent			-7.354194117						慣性矩	慣性矩	慣性/矩	慣性矩	False	True	1		phrase.science.tsv	32	
憑證填充	ㄆㄧㄥˊ ㄓㄥˋ ㄊㄧㄢˊ ㄔㄨㄥ	網路資安	1	10	absent			-7.354194117		憑證/填充	3.920264352	憑證/填充	3.920264352	憑證填充	憑證填充	憑證/填充	憑證/填充	False	True	1		phrase.network-security.tsv	77	
憑證撤銷	ㄆㄧㄥˊ ㄓㄥˋ ㄔㄜˋ ㄒㄧㄠ	網路資安	1	10	absent			-7.354194117		憑證/撤銷	3.418032376	憑證/撤銷	3.418032376	憑證撤銷	憑證撤銷	憑證/撤銷	憑證/撤銷	False	True	1		phrase.network-security.tsv	78	
憑證釘選	ㄆㄧㄥˊ ㄓㄥˋ ㄉㄧㄥ ㄒㄩㄢˇ	網路資安	1	11	absent			-7.354194117						憑證釘選	憑證釘選	憑證/釘/選	憑證釘選	False	True	1		phrase.network-security.tsv	79	
憲法基本權	ㄒㄧㄢˋ ㄈㄚˇ ㄐㄧ ㄅㄣˇ ㄑㄩㄢˊ	法律	1	4	absent			-7.354194117						憲法基本權	憲法基本權	憲法/基本/權	憲法基本權	False	True	1		phrase.law.tsv	81	
憲法法庭	ㄒㄧㄢˋ ㄈㄚˇ ㄈㄚˇ ㄊㄧㄥˊ	法律	1	11	absent			-7.354194117		憲法/法庭	2.341112407	憲法/法庭	2.341112407	憲法法庭	憲法法庭	憲法/法庭	憲法/法庭	False	True	1		phrase.law.tsv	82	
憲法訴訟	ㄒㄧㄢˋ ㄈㄚˇ ㄙㄨˋ ㄙㄨㄥˋ	法律	1	11	absent			-7.354194117		憲法/訴訟	2.106073657	憲法/訴訟	2.106073657	憲法訴訟	憲法訴訟	憲法/訴訟	憲法/訴訟	False	True	1		phrase.law.tsv	83	
應付帳款	ㄧㄥˋ ㄈㄨˋ ㄓㄤˋ ㄎㄨㄢˇ	財會金融	1	12	absent			-7.354194117		應付/帳款	3.777162132	應付/帳款	3.777162132	應付帳款	應付帳款	應付/帳款	應付/帳款	False	True	1		phrase.finance.tsv	48	
應付票據	ㄧㄥˋ ㄈㄨˋ ㄆㄧㄠˋ ㄐㄩˋ	財會金融	1	10	absent			-7.354194117		應付/票據	3.54991835	應付/票據	3.54991835	應付票據	應付票據	應付/票據	應付/票據	False	True	1		phrase.finance.tsv	49	
應力集中	ㄧㄥˋ ㄌㄧˋ ㄐㄧˊ ㄓㄨㄥ	製造機械	1	10	absent			-7.354194117		應力/集中	3.036130782	應力/集中	3.036130782	硬立即中	應力集中	硬/立即/中	應力集中	True	True	1		phrase.manufacturing.tsv	45	
應力鬆弛	ㄧㄥˋ ㄌㄧˋ ㄙㄨㄥ ㄔˊ	製造機械	1	9	absent			-7.354194117		應力/鬆弛	3.994738097	應力/鬆弛	3.994738097	硬力鬆弛	應力鬆弛	硬/力/鬆弛	應力鬆弛	True	True	1		phrase.manufacturing.tsv	46	
應收帳款	ㄧㄥ ㄕㄡ ㄓㄤˋ ㄎㄨㄢˇ	財會金融	1	15	absent			-7.354194117						應收帳款	應收帳款	應/收/帳款	應收帳款	False	True	1		phrase.finance.tsv	50	
應收票據	ㄧㄥ ㄕㄡ ㄆㄧㄠˋ ㄐㄩˋ	財會金融	1	13	absent			-7.354194117						應收票據	應收票據	應/收/票據	應收票據	False	True	1		phrase.finance.tsv	51	
應用處理器	ㄧㄥˋ ㄩㄥˋ ㄔㄨˇ ㄌㄧˇ ㄑㄧˋ	晶片半導體	1	5	absent			-7.354194117		應用/處理器	2.131873112	應用/處理器	2.131873112	應用處理器	應用處理器	應用/處理器	應用/處理器	False	True	1		phrase.semiconductor.tsv	47	
應繼分	ㄧㄥ ㄐㄧˋ ㄈㄣ	法律	1	13	absent			-7.354194117						應計分	應繼分	應/計分	應繼分	True	True	1		phrase.law.tsv	84	
應計基礎	ㄧㄥ ㄐㄧˋ ㄐㄧ ㄔㄨˇ	財會金融	1	13	absent			-7.354194117						應計基礎	應計基礎	應/計/基礎	應計基礎	False	True	1		phrase.finance.tsv	52	
懲罰你	ㄔㄥˊ ㄈㄚˊ ㄋㄧˇ	動漫	1	15	absent			-7.354194117						懲罰你	懲罰你	懲罰/你	懲罰你	False	True	1		phrase.anime.tsv	1012	
懸浮固體	ㄒㄩㄢˊ ㄈㄨˊ ㄍㄨˋ ㄊㄧˇ	環境能源	1	10	absent			-7.354194117		懸浮/固體	4.561802428	懸浮/固體	4.561802428	懸浮固體	懸浮固體	懸浮/固體	懸浮固體	False	True	1		phrase.energy-environment.tsv	49	
懸索結構	ㄒㄩㄢˊ ㄙㄨㄛˇ ㄐㄧㄝˊ ㄍㄡˋ	建築土木	1	10	absent			-7.354194117						懸所結構	懸索結構	懸/所/結構	懸索結構	True	True	1		phrase.civil-engineering.tsv	101	
戀愛與謊言	ㄌㄧㄢˋ ㄞˋ ㄩˇ ㄏㄨㄤˇ ㄧㄢˊ	動漫	1	18	absent			-7.354194117						戀愛與謊言	戀愛與謊言	戀愛/與/謊言	戀愛與謊言	False	True	1		phrase.anime.tsv	1014	
成分分析	ㄔㄥˊ ㄈㄣˋ ㄈㄣ ㄒㄧ	AI資料科學	1	14	absent			-7.354194117		成分/分析	1.435465694	成分/分析	1.435465694	成分分析	成分分析	成分/分析	成分/分析	False	True	1		phrase.ai-data-science.tsv	75	
成名錄	ㄔㄥˊ ㄇㄧㄥˊ ㄌㄨˋ	動漫	1	21	absent			-7.354194117						成名路	成名錄	成名/路	成名錄	True	True	1		phrase.anime.tsv	1015	
成本分析	ㄔㄥˊ ㄅㄣˇ ㄈㄣ ㄒㄧ	工業工程	1	18	absent			-7.354194117		成本/分析	0.86066915	成本/分析	0.86066915	成本分析	成本分析	成本/分析	成本/分析	False	True	1		phrase.industrial-engineering.tsv	54	
成本制	ㄔㄥˊ ㄅㄣˇ ㄓˋ	財會金融	1	12	absent			-7.354194117						成本制	成本制	成本/制	成本/制	False	True	1		phrase.finance.tsv	54	
成本控制	ㄔㄥˊ ㄅㄣˇ ㄎㄨㄥˋ ㄓˋ	建築土木	1	12	absent			-7.354194117		成本/控制	0.993733246	成本/控制	0.993733246	成本控制	成本控制	成本/控制	成本/控制	False	True	1		phrase.civil-engineering.tsv	102	
成本行為	ㄔㄥˊ ㄅㄣˇ ㄒㄧㄥˊ ㄨㄟˊ	財會金融	1	11	absent			-7.354194117		成本/行為	0.769577981	成本/行為	0.769577981	成本行為	成本行為	成本/行為	成本/行為	False	True	1		phrase.finance.tsv	55	
成本預測	ㄔㄥˊ ㄅㄣˇ ㄩˋ ㄘㄜˋ	財會金融	1	11	absent			-7.354194117		成本/預測	1.437729641	成本/預測	1.437729641	成本預測	成本預測	成本/預測	成本/預測	False	True	1		phrase.finance.tsv	56	
成果報告	ㄔㄥˊ ㄍㄨㄛˇ ㄅㄠˋ ㄍㄠˋ	公務員公文	1	20	absent			-7.354194117		成果/報告	0.826644768	成果/報告	0.826644768	成果報告	成果報告	成果/報告	成果/報告	False	True	1		phrase.government.tsv	31	
成瀨翔	ㄔㄥˊ ㄌㄞˋ ㄒㄧㄤˊ	動漫	1	15	absent			-7.354194117						成來祥	成瀨翔	成/來/祥	成瀨翔	True	True	1		phrase.anime.tsv	1016	
我們這一家	ㄨㄛˇ ㄇㄣˊ ㄓㄜˋ ㄧ ㄐㄧㄚ	動漫	1	26	absent			-7.354194117						我們這一家	我們這一家	我們/這一/家	我們這一家	False	True	1		phrase.anime.tsv	1018	
我出發了	ㄨㄛˇ ㄔㄨ ㄈㄚ ㄌㄜ˙	動漫	1	15	absent			-7.354194117						我出發了	我出發了	我/出發/了	我出發了	False	True	1		phrase.anime.tsv	1019	
我妻善逸	ㄨㄛˇ ㄑㄧ ㄕㄢˋ ㄧˋ	動漫	1	19	absent			-7.354194117						我七善意	我妻善逸	我/七/善意	我妻善逸	True	True	1		phrase.anime.tsv	1020	
我妻由乃	ㄨㄛˇ ㄑㄧ ㄧㄡˊ ㄋㄞˇ	動漫	1	17	absent			-7.354194117						我七由乃	我妻由乃	我/七/由/乃	我妻由乃	True	True	1		phrase.anime.tsv	1021	
我很好奇	ㄨㄛˇ ㄏㄣˇ ㄏㄠˇ ㄑㄧˊ	動漫	1	14	absent			-7.354194117						我很好其	我很好奇	我/很好/其	我很好奇	True	True	1		phrase.anime.tsv	1022	
我愛羅	ㄨㄛˇ ㄞˋ ㄌㄨㄛˊ	動漫	1	15	absent			-7.354194117						我愛羅	我愛羅	我/愛/羅	我愛羅	False	True	1		phrase.anime.tsv	1023	
我是天才	ㄨㄛˇ ㄕˋ ㄊㄧㄢ ㄘㄞˊ	動漫	1	16	absent			-7.354194117		我是/天才	1.548268008	我是/天才	1.548268008	我是天才	我是天才	我是/天才	我是天才	False	True	1		phrase.anime.tsv	1025	
我是鋼彈	ㄨㄛˇ ㄕˋ ㄍㄤ ㄉㄢˋ	動漫	1	13	absent			-7.354194117		我是/鋼彈	3.075897909	我是/鋼彈	3.075897909	我是鋼彈	我是鋼彈	我是/鋼彈	我是鋼彈	False	True	1		phrase.anime.tsv	1026	
我的回合	ㄨㄛˇ ㄉㄜ˙ ㄏㄨㄟˊ ㄏㄜˊ	動漫	1	14	absent			-7.354194117		我的/回合	1.378555551	我的/回合	1.378555551	我的回合	我的回合	我的/回合	我的回合	False	True	1		phrase.anime.tsv	1027	
戰場原黑儀	ㄓㄢˋ ㄔㄤˇ ㄩㄢˊ ㄏㄟ ㄧˊ	動漫	1	18	absent			-7.354194117						戰場員黑一	戰場原黑儀	戰場/員/黑/一	戰場原黑儀	True	True	1		phrase.anime.tsv	1029	
戰後臺灣	ㄓㄢˋ ㄏㄡˋ ㄊㄞˊ ㄨㄢ	歷史	1	11	absent			-7.354194117		戰後/台灣	0.527934098	戰後/台灣	0.527934098	戰後台灣	戰後台灣	戰後/台灣	戰後/台灣	False	False	1		phrase.history.tsv	75	
戰慄的龍卷	ㄓㄢˋ ㄌㄧˋ ㄉㄜ˙ ㄌㄨㄥˊ ㄐㄩㄢˇ	動漫	1	15	absent			-7.354194117						戰力的龍卷	戰慄的龍卷	戰力/的/龍卷	戰慄的龍卷	True	True	1		phrase.anime.tsv	1030	
戴克斯特拉	ㄉㄞˋ ㄎㄜˋ ㄙ ㄊㄜˋ ㄌㄚ	軟體科學	1	3	absent			-7.354194117						代客司特拉	戴克斯特拉	代/客/司/特/拉	戴克斯特拉	True	True	1		phrase.software.tsv	40	
戴拿賽諾	ㄉㄞˋ ㄋㄚˊ ㄙㄞˋ ㄋㄨㄛˋ	動漫	1	10	absent			-7.354194117						代拿賽諾	戴拿賽諾	代/拿/賽/諾	戴拿賽諾	True	True	1		phrase.anime.tsv	1034	
戴潮春事件	ㄉㄞˋ ㄔㄠˊ ㄔㄨㄣ ㄕˋ ㄐㄧㄢˋ	歷史	1	4	absent			-7.354194117						代潮春事件	戴潮春事件	代/潮/春/事件	戴潮春事件	True	True	1		phrase.history.tsv	77	
戴維寧等效	ㄉㄞˋ ㄨㄟˊ ㄋㄧㄥˊ ㄉㄥˇ ㄒㄧㄠˋ	電子電機	1	2	absent			-7.354194117						代為寧等效	戴維寧等效	代為/寧/等效	戴維寧等效	True	True	1		phrase.electronics.tsv	93	
戴資穎	ㄉㄞˋ ㄗ ㄧㄥˇ	人名-當代	1	18	0			-7.354194117						代資影	戴資穎	代/資/影	戴資穎	True	True	1		phrase.people-contemporary.tsv	12	
戴露塔	ㄉㄞˋ ㄌㄨˋ ㄊㄚˇ	動漫	1	10	absent			-7.354194117						代路塔	戴露塔	代/路/塔	戴露塔	True	True	1		phrase.anime.tsv	1035	
戶塚彩加	ㄏㄨˋ ㄓㄨㄥˇ ㄘㄞˇ ㄐㄧㄚ	動漫	1	12	absent			-7.354194117						護種採家	戶塚彩加	護/種/採/家	戶塚彩加	True	True	1		phrase.anime.tsv	1036	
戶山香澄	ㄏㄨˋ ㄕㄢ ㄒㄧㄤ ㄔㄥˊ	動漫	1	20	absent			-7.354194117						護山鄉成	戶山香澄	護/山鄉/成	戶山香澄	True	True	1		phrase.anime.tsv	1037	
戶愚呂弟	ㄏㄨˋ ㄩˊ ㄌㄩˇ ㄉㄧˋ	動漫	1	12	absent			-7.354194117						護於旅的	戶愚呂弟	護/於/旅/的	戶愚呂弟	True	True	1		phrase.anime.tsv	1038	
所得稅費用	ㄙㄨㄛˇ ㄉㄜˊ ㄕㄨㄟˋ ㄈㄟˋ ㄩㄥˋ	財會金融	1	4	absent			-7.354194117		所得稅/費用	2.07392314	所得稅/費用	2.07392314	所得稅費用	所得稅費用	所得稅/費用	所得稅/費用	False	True	1		phrase.finance.tsv	57	
扇入型封裝	ㄕㄢˋ ㄖㄨˋ ㄒㄧㄥˊ ㄈㄥ ㄓㄨㄤ	晶片半導體	1	3	absent			-7.354194117						扇入行風裝	扇入型封裝	扇/入/行/風/裝	扇入型封裝	True	True	1		phrase.semiconductor.tsv	48	
扇出型封裝	ㄕㄢˋ ㄔㄨ ㄒㄧㄥˊ ㄈㄥ ㄓㄨㄤ	晶片半導體	1	3	absent			-7.354194117						扇出行風裝	扇出型封裝	扇/出/行/風/裝	扇出型封裝	True	True	1		phrase.semiconductor.tsv	49	
手塚國光	ㄕㄡˇ ㄓㄨㄥˇ ㄍㄨㄛˊ ㄍㄨㄤ	動漫	1	18	absent			-7.354194117						手種國光	手塚國光	手/種/國光	手塚國光	True	True	1		phrase.anime.tsv	1039	
手機應用	ㄕㄡˇ ㄐㄧ ㄧㄥˋ ㄩㄥˋ	一般	1	12	absent			-7.354194117		手機/應用	1.246087983	手機/應用	1.246087983	手機應用	手機應用	手機/應用	手機/應用	False	True	1		phrase.general.tsv	58	
手機條碼	ㄕㄡˇ ㄐㄧ ㄊㄧㄠˊ ㄇㄚˇ	一般	1	10	absent			-7.354194117		手機/條碼	2.862888465	手機/條碼	2.862888465	手機條碼	手機條碼	手機/條碼	手機/條碼	False	True	1		phrase.general.tsv	59	
托席	ㄊㄨㄛ ㄒㄧˊ	動漫	1	14	absent			-7.354194117						託習	託習	託/習	託/習	False	False	1		phrase.anime.tsv	1041	
托爾芬	ㄊㄨㄛ ㄦˇ ㄈㄣ	動漫	1	20	absent			-7.354194117						託爾分	托爾芬	託/爾/分	托爾芬	True	True	1		phrase.anime.tsv	1042	
托爾茲	ㄊㄨㄛ ㄦˇ ㄗ	動漫	1	13	absent			-7.354194117						託爾資	托爾茲	託/爾/資	托爾茲	True	True	1		phrase.anime.tsv	1043	
扭力彈簧	ㄋㄧㄡˇ ㄌㄧˋ ㄊㄢˊ ㄏㄨㄤˊ	製造機械	1	9	absent			-7.354194117		扭力/彈簧	5.240250765	扭力/彈簧	5.240250765	扭力彈簧	扭力彈簧	扭力/彈簧	扭力/彈簧	False	True	1		phrase.manufacturing.tsv	48	
扭轉應力	ㄋㄧㄡˇ ㄓㄨㄢˇ ㄧㄥˋ ㄌㄧˋ	製造機械	1	10	absent			-7.354194117		扭轉/應力	3.961497164	扭轉/應力	3.961497164	扭轉應力	扭轉應力	扭轉/應/力	扭轉應力	False	True	1		phrase.manufacturing.tsv	49	
扶養比	ㄈㄨˊ ㄧㄤˇ ㄅㄧˇ	心理社會	1	11	absent			-7.354194117						扶養比	扶養比	扶養/比	扶養比	False	True	1		phrase.psychology-society.tsv	33	
批校本	ㄆㄧ ㄐㄧㄠˋ ㄅㄣˇ	中文	1	11	absent			-7.354194117						批校本	批校本	批/校本	批/校本	False	True	1		phrase.chinese.tsv	58	
批次作業	ㄆㄧ ㄘˋ ㄗㄨㄛˋ ㄧㄝˋ	軟體科學	1	19	absent			-7.354194117		批次/作業	3.124435506	批次/作業	3.124435506	批次作業	批次作業	批次/作業	批次/作業	False	True	1		phrase.software.tsv	41	
批次反應器	ㄆㄧ ㄘˋ ㄈㄢˇ ㄧㄥˋ ㄑㄧˋ	材料化工	1	2	absent			-7.354194117		批次/反應器	5.233620186	批次/反應器	5.233620186	批次反應器	批次反應器	批次/反應器	批次/反應器	False	True	1		phrase.materials-chemistry.tsv	37	
批次正規化	ㄆㄧ ㄘˋ ㄓㄥˋ ㄍㄨㄟ ㄏㄨㄚˋ	AI資料科學	1	4	absent			-7.354194117						批次正規化	批次正規化	批次/正規/化	批次正規化	False	True	1		phrase.ai-data-science.tsv	76	
批次處理	ㄆㄧ ㄘˋ ㄔㄨˇ ㄌㄧˇ	AI資料科學	1	11	absent			-7.354194117		批次/處理	2.667575721	批次/處理	2.667575721	批次處理	批次處理	批次/處理	批次/處理	False	True	1		phrase.ai-data-science.tsv	77	
批號管理	ㄆㄧ ㄏㄠˋ ㄍㄨㄢˇ ㄌㄧˇ	交通物流	1	12	absent			-7.354194117		批號/管理	3.126821675	批號/管理	3.126821675	批號管理	批號管理	批號/管理	批號/管理	False	True	1		phrase.transport-logistics.tsv	42	
找到你了	ㄓㄠˇ ㄉㄠˋ ㄋㄧˇ ㄌㄜ˙	動漫	1	14	absent			-7.354194117						找到你了	找到你了	找到/你/了	找到你了	False	True	1		phrase.anime.tsv	1044	
承接複句	ㄔㄥˊ ㄐㄧㄝ ㄈㄨˋ ㄐㄩˋ	中文	1	10	absent			-7.354194117		承接/複句	3.627874505	承接/複句	3.627874505	承接複句	承接複句	承接/複句	承接/複句	False	True	1		phrase.chinese.tsv	59	
承攬契約	ㄔㄥˊ ㄌㄢˇ ㄑㄧˋ ㄩㄝ	法律	1	10	absent			-7.354194117		承攬/契約	2.850131235	承攬/契約	2.850131235	承攬契約	承攬契約	承攬/契約	承攬/契約	False	True	1		phrase.law.tsv	86	
把字句	ㄅㄚˇ ㄗˋ ㄐㄩˋ	中文	1	12	absent			-7.354194117						把字句	把字句	把/字句	把/字句	False	True	1		phrase.chinese.tsv	60	
投手丘	ㄊㄡˊ ㄕㄡˇ ㄑㄧㄡ	動漫	1	10	absent			-7.354194117						投手丘	投手丘	投手/丘	投手/丘	False	True	1		phrase.anime.tsv	1046	
投資性	ㄊㄡˊ ㄗ ㄒㄧㄥˋ	財會金融	1	12	absent			-7.354194117						投資性	投資性	投資/性	投資/性	False	True	1		phrase.finance.tsv	59	
投資現金流	ㄊㄡˊ ㄗ ㄒㄧㄢˋ ㄐㄧㄣ ㄌㄧㄡˊ	財會金融	1	5	absent			-7.354194117						投資現金流	投資現金流	投資/現金/流	投資現金流	False	True	1		phrase.finance.tsv	60	
抖音	ㄉㄡˇ ㄧㄣ	一般	1	30	absent			-7.354194117						抖因	抖因	抖/因	抖/因	False	False	1		phrase.general.tsv	61	
抗磷脂	ㄎㄤˋ ㄌㄧㄣˊ ㄓ	醫學	1	12	absent			-7.354194117						抗林之	抗磷脂	抗/林/之	抗磷脂	True	True	1		phrase.medicine.tsv	104	
折原臨也	ㄓㄜˊ ㄩㄢˊ ㄌㄧㄣˊ ㄧㄝˇ	動漫	1	13	absent			-7.354194117						折員林也	折原臨也	折/員林/也	折原臨也	True	True	1		phrase.anime.tsv	1047	
折木奉太郎	ㄓㄜˊ ㄇㄨˋ ㄈㄥˋ ㄊㄞˋ ㄌㄤˊ	動漫	1	22	absent			-7.354194117						折目鳳太郎	折木奉太郎	折/目/鳳/太郎	折木奉太郎	True	True	1		phrase.anime.tsv	1048	
折現回收期	ㄓㄜˊ ㄒㄧㄢˋ ㄏㄨㄟˊ ㄕㄡ ㄑㄧ	財會金融	1	4	absent			-7.354194117						折現回收七	折現回收期	折/現/回收/七	折現回收期	True	True	1		phrase.finance.tsv	61	
披集朱拉暖	ㄆㄧ ㄐㄧˊ ㄓㄨ ㄌㄚ ㄋㄨㄢˇ	動漫	1	13	absent			-7.354194117						批及諸拉暖	披集朱拉暖	批/及/諸/拉/暖	披集朱拉暖	True	True	1		phrase.anime.tsv	1049	
押水菜子	ㄧㄚ ㄕㄨㄟˇ ㄘㄞˋ ㄗˇ	動漫	1	13	absent			-7.354194117						壓水菜子	押水菜子	壓/水/菜子	押水菜子	True	True	1		phrase.anime.tsv	1050	
抽樣檢驗	ㄔㄡ ㄧㄤˋ ㄐㄧㄢˇ ㄧㄢˋ	工業工程	1	11	absent			-7.354194117		抽樣/檢驗	2.67334211	抽樣/檢驗	2.67334211	抽樣檢驗	抽樣檢驗	抽樣/檢驗	抽樣/檢驗	False	True	1		phrase.industrial-engineering.tsv	55	
抽蓄水力	ㄔㄡ ㄒㄩˋ ㄕㄨㄟˇ ㄌㄧˋ	環境能源	1	11	absent			-7.354194117						抽蓄水力	抽蓄水力	抽/蓄水/力	抽蓄水力	False	True	1		phrase.energy-environment.tsv	50	
拈連	ㄋㄧㄢ ㄌㄧㄢˊ	中文	1	11	absent			-7.354194117						蔫連	拈連	蔫/連	拈連	True	True	1		phrase.chinese.tsv	61	
拉伸彈簧	ㄌㄚ ㄕㄣ ㄊㄢˊ ㄏㄨㄤˊ	製造機械	1	9	absent			-7.354194117		拉伸/彈簧	5.638190774	拉伸/彈簧	5.638190774	拉伸彈簧	拉伸彈簧	拉伸/彈簧	拉伸/彈簧	False	True	1		phrase.manufacturing.tsv	51	
拉伸試驗	ㄌㄚ ㄕㄣ ㄕˋ ㄧㄢˋ	材料化工	1	10	absent			-7.354194117		拉伸/試驗	4.538616369	拉伸/試驗	4.538616369	拉伸試驗	拉伸試驗	拉伸/試驗	拉伸/試驗	False	True	1		phrase.materials-chemistry.tsv	38	
拉克絲	ㄌㄚ ㄎㄜˋ ㄙ	動漫	1	17	absent			-7.354194117						拉客司	拉克絲	拉/客/司	拉克絲	True	True	1		phrase.anime.tsv	1051	
拉克萊科	ㄌㄚ ㄎㄜˋ ㄌㄞˊ ㄎㄜ	動漫	1	13	absent			-7.354194117						拉客來科	拉克萊科	拉/客/來/科	拉克萊科	True	True	1		phrase.anime.tsv	1052	
拉姆	ㄌㄚ ㄇㄨˇ	動漫	1	17	absent			-7.354194117						拉母	拉母	拉/母	拉/母	False	False	1		phrase.anime.tsv	1053	
拉姆達	ㄌㄚ ㄇㄨˇ ㄉㄚˊ	動漫	1	10	absent			-7.354194117						拉母達	拉姆達	拉/母/達	拉姆達	True	True	1		phrase.anime.tsv	1054	
拉巴伯溫拿	ㄌㄚ ㄅㄚ ㄅㄛˊ ㄨㄣ ㄋㄚˊ	動漫	1	12	absent			-7.354194117						拉八博溫拿	拉巴伯溫拿	拉/八/博/溫/拿	拉巴伯溫拿	True	True	1		phrase.anime.tsv	1055	
拉德魯索	ㄌㄚ ㄉㄜˊ ㄌㄨˇ ㄙㄨㄛˇ	動漫	1	10	absent			-7.354194117						拉得魯所	拉德魯索	拉/得/魯/所	拉德魯索	True	True	1		phrase.anime.tsv	1056	
拉普達	ㄌㄚ ㄆㄨˇ ㄉㄚˊ	動漫	1	15	absent			-7.354194117						拉普達	拉普達	拉/普/達	拉普達	False	True	1		phrase.anime.tsv	1059	
拉曼光譜	ㄌㄚ ㄇㄢˋ ㄍㄨㄤ ㄆㄨˇ	材料化工	1	12	absent			-7.354194117						拉曼光譜	拉曼光譜	拉/曼/光譜	拉曼光譜	False	True	1		phrase.materials-chemistry.tsv	39	
拉格朗日	ㄌㄚ ㄍㄜˊ ㄌㄤˇ ㄖˋ	科學	1	12	absent			-7.354194117						拉格朗日	拉格朗日	拉/格/朗/日	拉格朗日	False	True	1		phrase.science.tsv	33	
拉歐	ㄌㄚ ㄡ	動漫	1	16	absent			-7.354194117						拉歐	拉歐	拉/歐	拉/歐	False	True	1		phrase.anime.tsv	1060	
拉比	ㄌㄚ ㄅㄧˇ	動漫	1	12	absent			-7.354194117						拉比	拉比	拉/比	拉/比	False	True	1		phrase.anime.tsv	1061	
拉芙塔莉雅	ㄌㄚ ㄈㄨˊ ㄊㄚˇ ㄌㄧˋ ㄧㄚˇ	動漫	1	16	absent			-7.354194117						拉服塔力亞	拉芙塔莉雅	拉/服/塔/力/亞	拉芙塔莉雅	True	True	1		phrase.anime.tsv	1062	
拉雪特	ㄌㄚ ㄒㄩㄝˇ ㄊㄜˋ	動漫	1	11	absent			-7.354194117						拉雪特	拉雪特	拉/雪/特	拉雪特	False	True	1		phrase.anime.tsv	1063	
拋棄繼承	ㄆㄠ ㄑㄧˋ ㄐㄧˋ ㄔㄥˊ	法律	1	10	absent			-7.354194117		拋棄/計程	2.738770164	拋棄/計程	2.738770164	拋棄繼承	拋棄繼承	拋棄/繼承	拋棄/繼承	False	True	1		phrase.law.tsv	88	
招待不周	ㄓㄠ ㄉㄞˋ ㄅㄨˋ ㄓㄡ	動漫	1	13	absent			-7.354194117		招待/不周	3.654356392	招待/不周	3.654356392	招待不周	招待不周	招待/不周	招待不周	False	True	1	招待不週	phrase.anime.tsv	1064	
拜占庭帝國	ㄅㄞˋ ㄓㄢˋ ㄊㄧㄥˊ ㄉㄧˋ ㄍㄨㄛˊ	歷史	1	2	absent			-7.354194117		拜占庭/帝國	4.04970359	拜占庭/帝國	4.04970359	拜占庭帝國	拜占庭帝國	拜占庭/帝國	拜占庭/帝國	False	True	1		phrase.history.tsv	78	
拜登	ㄅㄞˋ ㄉㄥ	人名-當代	1	13	0			-7.354194117						拜登	拜登	拜/登	拜/登	False	True	1		phrase.people-contemporary.tsv	13	
拳四郎	ㄑㄩㄢˊ ㄙˋ ㄌㄤˊ	動漫	1	21	absent			-7.354194117						全四郎	拳四郎	全/四/郎	拳四郎	True	True	1		phrase.anime.tsv	1065	
拳願競技	ㄑㄩㄢˊ ㄩㄢˋ ㄐㄧㄥˋ ㄐㄧˋ	動漫	1	12	absent			-7.354194117						全院競技	拳願競技	全/院/競技	拳願競技	True	True	1		phrase.anime.tsv	1067	
拳願阿修羅	ㄑㄩㄢˊ ㄩㄢˋ ㄚ ㄒㄧㄡ ㄌㄨㄛˊ	動漫	1	20	absent			-7.354194117						全院阿修羅	拳願阿修羅	全/院/阿修羅	拳願阿修羅	True	True	1		phrase.anime.tsv	1068	
拿破崙戰爭	ㄋㄚˊ ㄆㄛˋ ㄌㄨㄣˊ ㄓㄢˋ ㄓㄥ	歷史	1	3	absent			-7.354194117		拿破崙/戰爭	2.60597507	拿破崙/戰爭	2.60597507	拿破崙戰爭	拿破崙戰爭	拿破崙/戰爭	拿破崙/戰爭	False	True	1		phrase.history.tsv	79	
指令微調	ㄓˇ ㄌㄧㄥˋ ㄨㄟˊ ㄊㄧㄠˊ	AI資料科學	1	11	absent			-7.354194117		指令/微調	3.362790815	指令/微調	3.362790815	指令微調	指令微調	指令/微調	指令微調	False	True	1		phrase.ai-data-science.tsv	78	
指數分布	ㄓˇ ㄕㄨˋ ㄈㄣ ㄅㄨˋ	工業工程	1	11	absent			-7.354194117		指數/分布	2.077238555	指數/分布	2.077238555	指數分布	指數分布	指數/分布	指數/分布	False	True	1		phrase.industrial-engineering.tsv	57	
指數型基金	ㄓˇ ㄕㄨˋ ㄒㄧㄥˊ ㄐㄧ ㄐㄧㄣ	財會金融	1	4	absent			-7.354194117						指數行基金	指數型基金	指數/行/基金	指數型基金	True	True	1		phrase.finance.tsv	62	
指數投資	ㄓˇ ㄕㄨˋ ㄊㄡˊ ㄗ	一般	1	9	absent			-7.354194117		指數/投資	1.087889025	指數/投資	1.087889025	指數投資	指數投資	指數/投資	指數/投資	False	True	1		phrase.general.tsv	62	
指派問題	ㄓˇ ㄆㄞˋ ㄨㄣˋ ㄊㄧˊ	工業工程	1	11	absent			-7.354194117		指派/問題	1.276957065	指派/問題	1.276957065	指派問題	指派問題	指派/問題	指派問題	False	True	1		phrase.industrial-engineering.tsv	58	
捉弄人	ㄓㄨㄛ ㄋㄨㄥˋ ㄖㄣˊ	動漫	1	23	absent			-7.354194117						捉弄人	捉弄人	捉弄/人	捉弄人	False	True	1		phrase.anime.tsv	1071	
掃碼支付	ㄙㄠˇ ㄇㄚˇ ㄓ ㄈㄨˋ	一般	1	10	absent			-7.354194117						掃碼支付	掃碼支付	掃/碼/支付	掃碼支付	False	True	1		phrase.general.tsv	63	
授權服務	ㄕㄡˋ ㄑㄩㄢˊ ㄈㄨˊ ㄨˋ	軟體科學	1	9	absent			-7.354194117		授權/服務	0.195392125	授權/服務	0.195392125	授權服務	授權服務	授權/服務	授權/服務	False	True	1		phrase.software.tsv	42	
授權系統	ㄕㄡˋ ㄑㄩㄢˊ ㄒㄧˋ ㄊㄨㄥˇ	軟體科學	1	9	absent			-7.354194117		授權/系統	0.195867456	授權/系統	0.195867456	授權系統	授權系統	授權/系統	授權/系統	False	True	1		phrase.software.tsv	43	
掌中老虎	ㄓㄤˇ ㄓㄨㄥ ㄌㄠˇ ㄏㄨˇ	動漫	1	14	absent			-7.354194117						長中老虎	掌中老虎	長/中/老虎	掌中老虎	True	True	1		phrase.anime.tsv	1072	
排名指標	ㄆㄞˊ ㄇㄧㄥˊ ㄓˇ ㄅㄧㄠ	AI資料科學	1	11	absent			-7.354194117		排名/指標	1.825850859	排名/指標	1.825850859	排名指標	排名指標	排名/指標	排名/指標	False	True	1		phrase.ai-data-science.tsv	79	
排序模型	ㄆㄞˊ ㄒㄩˋ ㄇㄛˊ ㄒㄧㄥˊ	AI資料科學	1	14	absent			-7.354194117		排序/模型	3.040305815	排序/模型	3.040305815	排序模型	排序模型	排序/模型	排序/模型	False	True	1		phrase.ai-data-science.tsv	80	
排放交易	ㄆㄞˊ ㄈㄤˋ ㄐㄧㄠ ㄧˋ	環境能源	1	10	absent			-7.354194117		排放/交易	2.060239646	排放/交易	2.060239646	排放交易	排放交易	排放/交易	排放/交易	False	True	1		phrase.energy-environment.tsv	51	
排放係數	ㄆㄞˊ ㄈㄤˋ ㄒㄧˋ ㄕㄨˋ	環境能源	1	10	absent			-7.354194117		排放/係數	3.264359629	排放/係數	3.264359629	排放係數	排放係數	排放/係數	排放/係數	False	True	1		phrase.energy-environment.tsv	52	
排煙系統	ㄆㄞˊ ㄧㄢ ㄒㄧˋ ㄊㄨㄥˇ	建築土木	1	13	absent			-7.354194117						排煙系統	排煙系統	排/煙/系統	排煙系統	False	True	1		phrase.civil-engineering.tsv	105	
排程	ㄆㄞˊ ㄔㄥˊ	工業工程	1	21	0	排成	-5.576042867	-7.354194117	-1.77815125			排成	-1.77815125	排成	排成	排成	排成	False	False	2	排成	phrase.industrial-engineering.tsv	59	
排程最佳化	ㄆㄞˊ ㄔㄥˊ ㄗㄨㄟˋ ㄐㄧㄚ ㄏㄨㄚˋ	工業工程	1	17	absent			-7.354194117		排成/最佳化	3.885846787	排成/最佳化	3.885846787	排成最佳化	排程最佳化	排成/最佳化	排程最佳化	True	True	1		phrase.industrial-engineering.tsv	60	
排程服務	ㄆㄞˊ ㄔㄥˊ ㄈㄨˊ ㄨˋ	軟體科學	1	9	absent			-7.354194117		排成/服務	1.836866235	排成/服務	1.836866235	排成服務	排成服務	排成/服務	排成/服務	False	False	1		phrase.software.tsv	44	
排程系統	ㄆㄞˊ ㄔㄥˊ ㄒㄧˋ ㄊㄨㄥˇ	軟體科學	1	9	absent			-7.354194117		排成/系統	1.837341567	排成/系統	1.837341567	排成系統	排成系統	排成/系統	排成/系統	False	False	1		phrase.software.tsv	45	
排隊長度	ㄆㄞˊ ㄉㄨㄟˋ ㄔㄤˊ ㄉㄨˋ	交通物流	1	10	absent			-7.354194117		排隊/長度	2.737750113	排隊/長度	2.737750113	排隊長度	排隊長度	排隊/長度	排隊/長度	False	True	1		phrase.transport-logistics.tsv	45	
採光分析	ㄘㄞˇ ㄍㄨㄤ ㄈㄣ ㄒㄧ	建築土木	1	11	absent			-7.354194117		採光/分析	2.5215958	採光/分析	2.5215958	採光分析	採光分析	採光/分析	採光/分析	False	True	1		phrase.civil-engineering.tsv	106	
採購案件	ㄘㄞˇ ㄍㄡˋ ㄢˋ ㄐㄧㄢˋ	公務員公文	1	15	absent			-7.354194117		採購/案件	1.740631348	採購/案件	1.740631348	採購案件	採購案件	採購/案件	採購/案件	False	True	1		phrase.government.tsv	32	
探究式學習	ㄊㄢˋ ㄐㄧㄡˋ ㄕˋ ㄒㄩㄝˊ ㄒㄧˊ	教育	1	3	absent			-7.354194117						探究是學習	探究式學習	探究/是/學習	探究式學習	True	True	1		phrase.education.tsv	51	
探究與實作	ㄊㄢˋ ㄐㄧㄡˋ ㄩˇ ㄕˊ ㄗㄨㄛˋ	教育	1	3	absent			-7.354194117						探究與實作	探究與實作	探究/與/實作	探究與實作	False	True	1		phrase.education.tsv	52	
探針台	ㄊㄢˋ ㄓㄣ ㄊㄞˊ	晶片半導體	1	13	absent			-7.354194117						碳真台	探針台	碳/真/台	探針台	True	True	1		phrase.semiconductor.tsv	51	
探針台保養	ㄊㄢˋ ㄓㄣ ㄊㄞˊ ㄅㄠˇ ㄧㄤˇ	晶片半導體	1	4	absent			-7.354194117						碳真台保養	探針台保養	碳/真/台/保養	探針台保養	True	True	1		phrase.semiconductor.tsv	52	
探針台校正	ㄊㄢˋ ㄓㄣ ㄊㄞˊ ㄐㄧㄠˋ ㄓㄥˋ	晶片半導體	1	4	absent			-7.354194117						碳真台校正	探針台校正	碳/真/台/校正	探針台校正	True	True	1		phrase.semiconductor.tsv	53	
接地平面	ㄐㄧㄝ ㄉㄧˋ ㄆㄧㄥˊ ㄇㄧㄢˋ	電子電機	1	9	absent			-7.354194117		接地/平面	3.35376004	接地/平面	3.35376004	接地平面	接地平面	接地/平面	接地/平面	False	True	1		phrase.electronics.tsv	95	
接地系統	ㄐㄧㄝ ㄉㄧˋ ㄒㄧˋ ㄊㄨㄥˇ	電子電機	1	12	absent			-7.354194117		接地/系統	2.071424773	接地/系統	2.071424773	接地系統	接地系統	接地/系統	接地/系統	False	True	1		phrase.electronics.tsv	96	
接案	ㄐㄧㄝ ㄢˋ	一般	1	22	absent			-7.354194117						接案	接案	接/案	接/案	False	True	1		phrase.general.tsv	65	
接班人計畫	ㄐㄧㄝ ㄅㄢ ㄖㄣˊ ㄐㄧˋ ㄏㄨㄚˋ	商業	1	5	absent			-7.354194117		接班人/計畫	2.051776598	接班人/計畫	2.051776598	接班人計畫	接班人計畫	接班人/計畫	接班人/計畫	False	True	1		phrase.business.tsv	101	
接駁運輸	ㄐㄧㄝ ㄅㄛˊ ㄩㄣˋ ㄕㄨ	交通物流	1	10	absent			-7.354194117		接駁/運輸	2.689467547	接駁/運輸	2.689467547	接駁運輸	接駁運輸	接駁/運輸	接駁/運輸	False	True	1		phrase.transport-logistics.tsv	46	
控制系統	ㄎㄨㄥˋ ㄓˋ ㄒㄧˋ ㄊㄨㄥˇ	電子電機	1	13	absent			-7.354194117		控制/系統	0.40732029	控制/系統	0.40732029	控制系統	控制系統	控制/系統	控制/系統	False	True	1		phrase.electronics.tsv	98	
控釋製劑	ㄎㄨㄥˋ ㄕˋ ㄓˋ ㄐㄧˋ	生技藥學	1	12	absent			-7.354194117						控是志計	控釋製劑	控/是/志/計	控釋製劑	True	True	1		phrase.biotech-pharma.tsv	44	
推的孩子	ㄊㄨㄟ ㄉㄜ˙ ㄏㄞˊ ㄗ˙	動漫	1	15	absent			-7.354194117		推的/孩子	2.033713408	推的/孩子	2.033713408	推的孩子	推的孩子	推/的/孩子	推的孩子	False	True	1		phrase.anime.tsv	1074	
推薦指標	ㄊㄨㄟ ㄐㄧㄢˋ ㄓˇ ㄅㄧㄠ	AI資料科學	1	11	absent			-7.354194117		推薦/指標	1.702821112	推薦/指標	1.702821112	推薦指標	推薦指標	推薦/指標	推薦/指標	False	True	1		phrase.ai-data-science.tsv	81	
推薦模型	ㄊㄨㄟ ㄐㄧㄢˋ ㄇㄛˊ ㄒㄧㄥˊ	AI資料科學	1	15	absent			-7.354194117		推薦/模型	2.006499253	推薦/模型	2.006499253	推薦模型	推薦模型	推薦/模型	推薦/模型	False	True	1		phrase.ai-data-science.tsv	82	
推論加速	ㄊㄨㄟ ㄌㄨㄣˋ ㄐㄧㄚ ㄙㄨˋ	AI資料科學	1	10	absent			-7.354194117		推論/加速	2.570862354	推論/加速	2.570862354	推論加速	推論加速	推論/加速	推論/加速	False	True	1		phrase.ai-data-science.tsv	83	
推論最佳化	ㄊㄨㄟ ㄌㄨㄣˋ ㄗㄨㄟˋ ㄐㄧㄚ ㄏㄨㄚˋ	AI資料科學	1	14	absent			-7.354194117		推論/最佳化	3.603300197	推論/最佳化	3.603300197	推論最佳化	推論最佳化	推論/最佳化	推論/最佳化	False	True	1		phrase.ai-data-science.tsv	84	
提前停止	ㄊㄧˊ ㄑㄧㄢˊ ㄊㄧㄥˊ ㄓˇ	AI資料科學	1	11	absent			-7.354194117		提前/停止	2.025423214	提前/停止	2.025423214	提前停止	提前停止	提前/停止	提前/停止	False	True	1		phrase.ai-data-science.tsv	85	
提示工程	ㄊㄧˊ ㄕˋ ㄍㄨㄥ ㄔㄥˊ	一般	1	13	absent			-7.354194117		提示/工程	1.998392161	提示/工程	1.998392161	提示工程	提示工程	提示/工程	提示/工程	False	True	1		phrase.general.tsv	66	
提示微調	ㄊㄧˊ ㄕˋ ㄨㄟˊ ㄊㄧㄠˊ	AI資料科學	1	10	absent			-7.354194117		提示/微調	3.787638786	提示/微調	3.787638786	提示微調	提示微調	提示/微調	提示/微調	False	True	1		phrase.ai-data-science.tsv	87	
提示詞	ㄊㄧˊ ㄕˋ ㄘˊ	一般	1	9	absent			-7.354194117						提示詞	提示詞	提示/詞	提示/詞	False	True	1		phrase.general.tsv	67	
提耶利亞	ㄊㄧˊ ㄧㄝ ㄌㄧˋ ㄧㄚˇ	動漫	1	13	absent			-7.354194117						提耶力亞	提耶利亞	提/耶/力/亞	提耶利亞	True	True	1		phrase.anime.tsv	1075	
插畫設計	ㄔㄚ ㄏㄨㄚˋ ㄕㄜˋ ㄐㄧˋ	媒體設計	1	12	absent			-7.354194117		插畫/設計	1.780531288	插畫/設計	1.780531288	插畫設計	插畫設計	插畫/設計	插畫/設計	False	True	1		phrase.media-design.tsv	44	
換裝娃娃	ㄏㄨㄢˋ ㄓㄨㄤ ㄨㄚˊ ㄨㄚˊ	動漫	1	25	absent			-7.354194117		換裝/娃娃	3.939889429	換裝/娃娃	3.939889429	換裝娃娃	換裝娃娃	換裝/娃娃	換裝娃娃	False	True	1		phrase.anime.tsv	1077	
損失補償	ㄙㄨㄣˇ ㄕ ㄅㄨˇ ㄔㄤˊ	法律	1	11	absent			-7.354194117		損失/補償	2.084786257	損失/補償	2.084786257	損失補償	損失補償	損失/補償	損失/補償	False	True	1		phrase.law.tsv	90	
損益兩平	ㄙㄨㄣˇ ㄧˋ ㄌㄧㄤˇ ㄆㄧㄥˊ	財會金融	1	11	absent			-7.354194117		損益/兩瓶	4.568152907	損益/兩瓶	4.568152907	損益兩平	損益兩平	損益/兩/平	損益兩平	False	True	1		phrase.finance.tsv	63	
損益相抵	ㄙㄨㄣˇ ㄧˋ ㄒㄧㄤ ㄉㄧˇ	法律	1	10	absent			-7.354194117		損益/相抵	4.403342658	損益/相抵	4.403342658	損益相抵	損益相抵	損益/相抵	損益/相抵	False	True	1		phrase.law.tsv	91	
搖曳露營	ㄧㄠˊ ㄧˋ ㄌㄨˋ ㄧㄥˊ	動漫	1	24	absent			-7.354194117		搖曳/露營	3.613910398	搖曳/露營	3.613910398	搖曳露營	搖曳露營	搖曳/露營	搖曳露營	False	True	1		phrase.anime.tsv	1078	
搜尋服務	ㄙㄡ ㄒㄩㄣˊ ㄈㄨˊ ㄨˋ	軟體科學	1	8	absent			-7.354194117		搜尋/服務	0.826849114	搜尋/服務	0.826849114	搜尋服務	搜尋服務	搜尋/服務	搜尋/服務	False	True	1		phrase.software.tsv	49	
摘心	ㄓㄞ ㄒㄧㄣ	農業食品	1	10	absent			-7.354194117						摘心	摘心	摘/心	摘/心	False	True	1	齋心	phrase.agriculture-food.tsv	19	
摩擦攪拌焊	ㄇㄛˊ ㄘㄚ ㄐㄧㄠˇ ㄅㄢˋ ㄏㄢˋ	製造機械	1	3	absent			-7.354194117						摩擦攪拌焊	摩擦攪拌焊	摩擦/攪拌/焊	摩擦攪拌焊	False	True	1		phrase.manufacturing.tsv	53	
摩訶亞爾邦	ㄇㄛˊ ㄏㄜ ㄧㄚˇ ㄦˇ ㄅㄤ	動漫	1	17	absent			-7.354194117						磨喝亞爾幫	摩訶亞爾邦	磨/喝/亞/爾/幫	摩訶亞爾邦	True	True	1		phrase.anime.tsv	1079	
撒旦之子	ㄙㄚ ㄉㄢˋ ㄓ ㄗˇ	動漫	1	12	absent			-7.354194117		撒旦/之子	4.225794849	撒旦/之子	4.225794849	撒旦之子	撒旦之子	撒旦/之子	撒旦之子	False	True	1		phrase.anime.tsv	1080	
撤銷權	ㄔㄜˋ ㄒㄧㄠ ㄑㄩㄢˊ	法律	1	11	absent			-7.354194117						撤銷權	撤銷權	撤銷/權	撤銷/權	False	True	1		phrase.law.tsv	92	
撤銷訴訟	ㄔㄜˋ ㄒㄧㄠ ㄙㄨˋ ㄙㄨㄥˋ	法律	1	10	absent			-7.354194117		撤銷/訴訟	2.813739504	撤銷/訴訟	2.813739504	撤銷訴訟	撤銷訴訟	撤銷/訴訟	撤銷/訴訟	False	True	1		phrase.law.tsv	93	
播磨拳兒	ㄅㄛˋ ㄇㄛˊ ㄑㄩㄢˊ ㄦˊ	動漫	1	15	absent			-7.354194117						薄模全而	播磨拳兒	薄/模/全/而	播磨拳兒	True	True	1		phrase.anime.tsv	1081	
擁塞控制	ㄩㄥˇ ㄙㄜˋ ㄎㄨㄥˋ ㄓˋ	網路資安	1	11	absent			-7.354194117		擁塞/控制	2.915572669	擁塞/控制	2.915572669	擁塞控制	擁塞控制	擁塞/控制	擁塞/控制	False	True	1		phrase.network-security.tsv	86	
擅長逃跑	ㄕㄢˋ ㄔㄤˊ ㄊㄠˊ ㄆㄠˇ	動漫	1	20	absent			-7.354194117		擅長/逃跑	3.619794375	擅長/逃跑	3.619794375	擅長逃跑	擅長逃跑	擅長/逃跑	擅長逃跑	False	True	1		phrase.anime.tsv	1083	
擋土設施	ㄉㄤˇ ㄊㄨˇ ㄕㄜˋ ㄕ	建築土木	1	14	absent			-7.354194117						擋土設施	擋土設施	擋/土/設施	擋土設施	False	True	1		phrase.civil-engineering.tsv	107	
操作制約	ㄘㄠ ㄗㄨㄛˋ ㄓˋ ㄩㄝ	心理社會	1	11	absent			-7.354194117		操作/制約	2.740288899	操作/制約	2.740288899	操作制約	操作制約	操作/制約	操作/制約	False	True	1		phrase.psychology-society.tsv	34	
擬物	ㄋㄧˇ ㄨˋ	中文	1	11	absent			-7.354194117						你物	你物	你/物	你/物	False	False	1		phrase.chinese.tsv	62	
擬聲詞	ㄋㄧˇ ㄕㄥ ㄘˊ	中文	1	11	absent			-7.354194117						你生詞	擬聲詞	你/生/詞	擬聲詞	True	True	1		phrase.chinese.tsv	63	
擴張症	ㄎㄨㄛˋ ㄓㄤ ㄓㄥˋ	醫學	1	10	absent			-7.354194117						擴張政	擴張政	擴張/政	擴張/政	False	False	1		phrase.medicine.tsv	109	
擴散模型	ㄎㄨㄛˋ ㄙㄢˋ ㄇㄛˊ ㄒㄧㄥˊ	AI資料科學	1	11	absent			-7.354194117		擴散/模型	2.532150327	擴散/模型	2.532150327	擴散模型	擴散模型	擴散/模型	擴散/模型	False	True	1		phrase.ai-data-science.tsv	88	
擴散製程	ㄎㄨㄛˋ ㄙㄢˋ ㄓˋ ㄔㄥˊ	晶片半導體	1	14	absent			-7.354194117		擴散/製成	2.774856473	擴散/製成	2.774856473	擴散製程	擴散製程	擴散/製程	擴散/製程	False	True	1		phrase.semiconductor.tsv	58	
攝影構圖	ㄕㄜˋ ㄧㄥˇ ㄍㄡˋ ㄊㄨˊ	媒體設計	1	12	absent			-7.354194117		攝影/構圖	2.11089805	攝影/構圖	2.11089805	攝影構圖	攝影構圖	攝影/構圖	攝影/構圖	False	True	1		phrase.media-design.tsv	45	
攤丁入畝	ㄊㄢ ㄉㄧㄥ ㄖㄨˋ ㄇㄨˇ	歷史	1	11	absent			-7.354194117						攤丁入畝	攤丁入畝	攤/丁/入/畝	攤丁入畝	False	True	1		phrase.history.tsv	80	
攪拌槽	ㄐㄧㄠˇ ㄅㄢˋ ㄘㄠˊ	材料化工	1	10	absent			-7.354194117						攪拌槽	攪拌槽	攪拌/槽	攪拌/槽	False	True	1		phrase.materials-chemistry.tsv	42	
支付命令	ㄓ ㄈㄨˋ ㄇㄧㄥˋ ㄌㄧㄥˋ	法律	1	11	absent			-7.354194117		支付/命令	2.02384529	支付/命令	2.02384529	支付命令	支付命令	支付/命令	支付/命令	False	True	1		phrase.law.tsv	94	
支持治療	ㄓ ㄔˊ ㄓˋ ㄌㄧㄠˊ	醫學	1	13	absent			-7.354194117		支持/治療	0.741534211	支持/治療	0.741534211	支持治療	支持治療	支持/治療	支持/治療	False	True	1		phrase.medicine.tsv	112	
支援向量機	ㄓ ㄩㄢˊ ㄒㄧㄤˋ ㄌㄧㄤˋ ㄐㄧ	AI資料科學	1	4	absent			-7.354194117						支援向量機	支援向量機	支援/向量/機	支援向量機	False	True	1		phrase.ai-data-science.tsv	89	
收入認列	ㄕㄡ ㄖㄨˋ ㄖㄣˋ ㄌㄧㄝˋ	財會金融	1	11	absent			-7.354194117		收入/認列	3.332880752	收入/認列	3.332880752	收入認列	收入認列	收入/認列	收入/認列	False	True	1		phrase.finance.tsv	65	
收入預測	ㄕㄡ ㄖㄨˋ ㄩˋ ㄘㄜˋ	財會金融	1	11	absent			-7.354194117		收入/預測	1.522947129	收入/預測	1.522947129	收入預測	收入預測	收入/預測	收入/預測	False	True	1		phrase.finance.tsv	66	
攸關成本	ㄧㄡ ㄍㄨㄢ ㄔㄥˊ ㄅㄣˇ	財會金融	1	10	absent			-7.354194117		攸關/成本	2.031644058	攸關/成本	2.031644058	攸關成本	攸關成本	攸關/成本	攸關成本	False	True	1		phrase.finance.tsv	67	
改善措施	ㄍㄞˇ ㄕㄢˋ ㄘㄨㄛˋ ㄕ	公務員公文	1	20	absent			-7.354194117		改善/措施	0.978295043	改善/措施	0.978295043	改善措施	改善措施	改善/措施	改善/措施	False	True	1		phrase.government.tsv	34	
改善計畫	ㄍㄞˇ ㄕㄢˋ ㄐㄧˋ ㄏㄨㄚˋ	環境能源	1	14	absent			-7.354194117		改善/計畫	0.40244174	改善/計畫	0.40244174	改善計畫	改善計畫	改善/計畫	改善/計畫	False	True	1		phrase.energy-environment.tsv	54	
放電加工	ㄈㄤˋ ㄉㄧㄢˋ ㄐㄧㄚ ㄍㄨㄥ	製造機械	1	10	absent			-7.354194117		放電/加工	3.168992052	放電/加工	3.168992052	放電加工	放電加工	放電/加工	放電/加工	False	True	1		phrase.manufacturing.tsv	54	
政府會計	ㄓㄥˋ ㄈㄨˇ ㄎㄨㄞˋ ㄐㄧˋ	財會金融	1	13	absent			-7.354194117		政府/會計	0.744595653	政府/會計	0.744595653	政府會計	政府會計	政府/會計	政府/會計	False	True	1		phrase.finance.tsv	68	
政府通知	ㄓㄥˋ ㄈㄨˇ ㄊㄨㄥ ㄓ	動漫	1	10	absent			-7.354194117		政府/通知	0.605028633	政府/通知	0.605028633	政府通知	政府通知	政府/通知	政府通知	False	True	1		phrase.anime.tsv	1085	
政治制度	ㄓㄥˋ ㄓˋ ㄓˋ ㄉㄨˋ	歷史	1	11	absent			-7.354194117		政治/制度	0.300146128	政治/制度	0.300146128	政治制度	政治制度	政治/制度	政治/制度	False	True	1		phrase.history.tsv	81	
故障樹分析	ㄍㄨˋ ㄓㄤˋ ㄕㄨˋ ㄈㄣ ㄒㄧ	工業工程	1	4	absent			-7.354194117						故障數分析	故障樹分析	故障/數/分析	故障樹分析	True	True	1		phrase.industrial-engineering.tsv	61	
故障診斷	ㄍㄨˋ ㄓㄤˋ ㄓㄣˇ ㄉㄨㄢˋ	製造機械	1	15	absent			-7.354194117		故障/診斷	2.977325296	故障/診斷	2.977325296	故障診斷	故障診斷	故障/診斷	故障/診斷	False	True	1		phrase.manufacturing.tsv	56	
故障轉移	ㄍㄨˋ ㄓㄤˋ ㄓㄨㄢˇ ㄧˊ	軟體科學	1	18	absent			-7.354194117		故障/轉移	2.800602336	故障/轉移	2.800602336	故障轉移	故障轉移	故障/轉移	故障/轉移	False	True	1		phrase.software.tsv	51	
效度	ㄒㄧㄠˋ ㄉㄨˋ	教育	1	13	absent			-7.354194117						笑度	笑度	笑/度	笑/度	False	False	1		phrase.education.tsv	54	
效應分析	ㄒㄧㄠˋ ㄧㄥˋ ㄈㄣ ㄒㄧ	工業工程	1	10	absent			-7.354194117		效應/分析	1.367535225	效應/分析	1.367535225	效應分析	效應分析	效應/分析	效應分析	False	True	1		phrase.industrial-engineering.tsv	62	
效標	ㄒㄧㄠˋ ㄅㄧㄠ	教育	1	12	absent			-7.354194117						笑標	笑標	笑/標	笑/標	False	False	1		phrase.education.tsv	55	
效率改善	ㄒㄧㄠˋ ㄌㄩˋ ㄍㄞˇ ㄕㄢˋ	工業工程	1	17	absent			-7.354194117		效率/改善	1.123706367	效率/改善	1.123706367	效率改善	效率改善	效率/改善	效率/改善	False	True	1		phrase.industrial-engineering.tsv	63	
效能分析	ㄒㄧㄠˋ ㄋㄥˊ ㄈㄣ ㄒㄧ	軟體科學	1	24	absent			-7.354194117		效能/分析	1.692811208	效能/分析	1.692811208	效能分析	效能分析	效能/分析	效能/分析	False	True	1		phrase.software.tsv	52	
效能調校	ㄒㄧㄠˋ ㄋㄥˊ ㄊㄧㄠˊ ㄐㄧㄠˋ	軟體科學	1	18	absent			-7.354194117		效能/調教	3.65383659	效能/調教	3.65383659	效能調校	效能調校	效能/調校	效能/調校	False	True	1		phrase.software.tsv	53	
敏感度分析	ㄇㄧㄣˇ ㄍㄢˇ ㄉㄨˋ ㄈㄣ ㄒㄧ	財會金融	1	17	absent			-7.354194117		敏感度/分析	2.456654993	敏感度/分析	2.456654993	敏感度分析	敏感度分析	敏感度/分析	敏感度分析	False	True	1		phrase.finance.tsv	69	
敕使	ㄔˋ ㄕˇ	動漫	1	16	absent			-7.354194117						赤使	敕使	赤/使	敕使	True	True	1		phrase.anime.tsv	1086	
敗北女角	ㄅㄞˋ ㄅㄟˇ ㄋㄩˇ ㄐㄧㄠˇ	動漫	1	23	absent			-7.354194117						敗北女較	敗北女角	敗北/女/較	敗北女角	True	True	1		phrase.anime.tsv	1087	
敘事學	ㄒㄩˋ ㄕˋ ㄒㄩㄝˊ	中文	1	11	absent			-7.354194117						敘事學	敘事學	敘事/學	敘事/學	False	True	1		phrase.chinese.tsv	64	
敘事時間	ㄒㄩˋ ㄕˋ ㄕˊ ㄐㄧㄢ	中文	1	11	absent			-7.354194117		敘事/時間	1.062587758	敘事/時間	1.062587758	敘事時間	敘事時間	敘事/時間	敘事/時間	False	True	1		phrase.chinese.tsv	65	
敘事結構	ㄒㄩˋ ㄕˋ ㄐㄧㄝˊ ㄍㄡˋ	中文	1	10	absent			-7.354194117		敘事/結構	1.767415585	敘事/結構	1.767415585	敘事結構	敘事結構	敘事/結構	敘事/結構	False	True	1		phrase.chinese.tsv	66	
敘事者	ㄒㄩˋ ㄕˋ ㄓㄜˇ	中文	1	13	absent			-7.354194117						敘事者	敘事者	敘事/者	敘事/者	False	True	1		phrase.chinese.tsv	67	
敘事視角	ㄒㄩˋ ㄕˋ ㄕˋ ㄐㄧㄠˇ	中文	1	10	absent			-7.354194117		敘事/視角	3.561102517	敘事/視角	3.561102517	敘事視角	敘事視角	敘事/視角	敘事/視角	False	True	1		phrase.chinese.tsv	68	
教學研究	ㄐㄧㄠ ㄒㄩㄝˊ ㄧㄢˊ ㄐㄧㄡˋ	教育	1	16	absent			-7.354194117		教學/研究	0.289220373	教學/研究	0.289220373	教學研究	教學研究	教學/研究	教學/研究	False	True	1		phrase.education.tsv	57	
教學研究會	ㄐㄧㄠ ㄒㄩㄝˊ ㄧㄢˊ ㄐㄧㄡˋ ㄏㄨㄟˋ	教育	1	5	absent			-7.354194117		教學/研究會	2.36777175	教學/研究會	2.36777175	教學研究會	教學研究會	教學/研究會	教學/研究會	False	True	1		phrase.education.tsv	58	
教學策略	ㄐㄧㄠ ㄒㄩㄝˊ ㄘㄜˋ ㄌㄩㄝˋ	教育	1	16	absent			-7.354194117		教學/策略	1.211644167	教學/策略	1.211644167	教學策略	教學策略	教學/策略	教學/策略	False	True	1		phrase.education.tsv	59	
教學設計	ㄐㄧㄠ ㄒㄩㄝˊ ㄕㄜˋ ㄐㄧˋ	教育	1	14	absent			-7.354194117		教學/設計	0.644387473	教學/設計	0.644387473	教學設計	教學設計	教學/設計	教學/設計	False	True	1		phrase.education.tsv	60	
教材設計	ㄐㄧㄠˋ ㄘㄞˊ ㄕㄜˋ ㄐㄧˋ	教育	1	17	absent			-7.354194117		教材/設計	0.887425522	教材/設計	0.887425522	教材設計	教材設計	教材/設計	教材/設計	False	True	1		phrase.education.tsv	62	
教育社會學	ㄐㄧㄠˋ ㄩˋ ㄕㄜˋ ㄏㄨㄟˋ ㄒㄩㄝˊ	教育	1	6	absent			-7.354194117		教育/社會學	1.152082225	教育/社會學	1.152082225	教育社會學	教育社會學	教育/社會學	教育/社會學	False	True	1		phrase.education.tsv	63	
散射參數	ㄙㄢˋ ㄕㄜˋ ㄘㄢ ㄕㄨˋ	電子電機	1	9	absent			-7.354194117		散射/參數	4.019137598	散射/參數	4.019137598	散射參數	散射參數	散射/參數	散射參數	False	True	1		phrase.electronics.tsv	100	
散華禮彌	ㄙㄢˋ ㄏㄨㄚˊ ㄌㄧˇ ㄇㄧˊ	動漫	1	18	absent			-7.354194117						散華理迷	散華禮彌	散/華/理/迷	散華禮彌	True	True	1		phrase.anime.tsv	1089	
散裝運輸	ㄙㄢˇ ㄓㄨㄤ ㄩㄣˋ ㄕㄨ	交通物流	1	10	absent			-7.354194117		散裝/運輸	3.322341486	散裝/運輸	3.322341486	散裝運輸	散裝運輸	散裝/運輸	散裝運輸	False	True	1		phrase.transport-logistics.tsv	49	
整數溢位	ㄓㄥˇ ㄕㄨˋ ㄧˋ ㄨㄟˋ	網路資安	1	11	absent			-7.354194117		整數/意味	2.934684452	整數/意味	2.934684452	整數意味	整數溢位	整數/意味	整數溢位	True	True	1		phrase.network-security.tsv	87	
整流二極體	ㄓㄥˇ ㄌㄧㄡˊ ㄦˋ ㄐㄧˊ ㄊㄧˇ	電子電機	1	2	absent			-7.354194117		整流/二極體	5.445709099	整流/二極體	5.445709099	整流二極體	整流二極體	整流/二極體	整流/二極體	False	True	1		phrase.electronics.tsv	101	
數位憑證	ㄕㄨˋ ㄨㄟˋ ㄆㄧㄥˊ ㄓㄥˋ	網路資安	1	11	absent			-7.354194117		數位/憑證	2.245862539	數位/憑證	2.245862539	數位憑證	數位憑證	數位/憑證	數位/憑證	False	True	1		phrase.network-security.tsv	88	
數位校正	ㄕㄨˋ ㄨㄟˋ ㄐㄧㄠˋ ㄓㄥˋ	電子電機	1	11	absent			-7.354194117		數位/校正	2.335007182	數位/校正	2.335007182	數位校正	數位校正	數位/校正	數位/校正	False	True	1		phrase.electronics.tsv	103	
數位模擬	ㄕㄨˋ ㄨㄟˋ ㄇㄛˊ ㄋㄧˇ	電子電機	1	11	absent			-7.354194117		數位/模擬	1.640457516	數位/模擬	1.640457516	數位模擬	數位模擬	數位/模擬	數位/模擬	False	True	1		phrase.electronics.tsv	104	
數位熱分析	ㄕㄨˋ ㄨㄟˋ ㄖㄜˋ ㄈㄣ ㄒㄧ	電子電機	1	5	absent			-7.354194117						數位熱分析	數位熱分析	數位/熱/分析	數位熱分析	False	True	1		phrase.electronics.tsv	105	
數位簽章	ㄕㄨˋ ㄨㄟˋ ㄑㄧㄢ ㄓㄤ	網路資安	1	11	absent			-7.354194117		數位/簽章	2.785476242	數位/簽章	2.785476242	數位簽章	數位簽章	數位/簽章	數位/簽章	False	True	1		phrase.network-security.tsv	89	
數位設計	ㄕㄨˋ ㄨㄟˋ ㄕㄜˋ ㄐㄧˋ	電子電機	1	12	absent			-7.354194117		數位/設計	0.545462169	數位/設計	0.545462169	數位設計	數位設計	數位/設計	數位/設計	False	True	1		phrase.electronics.tsv	106	
數位貨幣	ㄕㄨˋ ㄨㄟˋ ㄏㄨㄛˋ ㄅㄧˋ	一般	1	14	absent			-7.354194117		數位/貨幣	1.226168231	數位/貨幣	1.226168231	數位貨幣	數位貨幣	數位/貨幣	數位/貨幣	False	True	1		phrase.general.tsv	69	
數位轉型	ㄕㄨˋ ㄨㄟˋ ㄓㄨㄢˇ ㄒㄧㄥˊ	一般	1	16	absent			-7.354194117		數位/轉型	1.62517925	數位/轉型	1.62517925	數位轉型	數位轉型	數位/轉型	數位轉型	False	True	1		phrase.general.tsv	70	
數位邏輯	ㄕㄨˋ ㄨㄟˋ ㄌㄨㄛˊ ㄐㄧˊ	電子電機	1	11	absent			-7.354194117		數位/邏輯	1.629489901	數位/邏輯	1.629489901	數位邏輯	數位邏輯	數位/邏輯	數位/邏輯	False	True	1		phrase.electronics.tsv	107	
數位量測	ㄕㄨˋ ㄨㄟˋ ㄌㄧㄤˊ ㄘㄜˋ	電子電機	1	11	absent			-7.354194117		數位/量測	2.426454299	數位/量測	2.426454299	數位量測	數位量測	數位/量測	數位/量測	False	True	1		phrase.electronics.tsv	108	
數位鑑識	ㄕㄨˋ ㄨㄟˋ ㄐㄧㄢˋ ㄕˋ	網路資安	1	11	absent			-7.354194117		數位/見識	2.142729162	數位/見識	2.142729162	數位鑑識	數位鑑識	數位/鑑識	數位/鑑識	False	True	1		phrase.network-security.tsv	90	
數位除錯	ㄕㄨˋ ㄨㄟˋ ㄔㄨˊ ㄘㄨㄛˋ	電子電機	1	11	absent			-7.354194117		數位/除錯	3.118690921	數位/除錯	3.118690921	數位除錯	數位除錯	數位/除錯	數位/除錯	False	True	1		phrase.electronics.tsv	109	
數位電路	ㄕㄨˋ ㄨㄟˋ ㄉㄧㄢˋ ㄌㄨˋ	電子電機	1	11	absent			-7.354194117		數位/電路	2.236999079	數位/電路	2.236999079	數位電路	數位電路	數位/電路	數位/電路	False	True	1		phrase.electronics.tsv	110	
數位驗證	ㄕㄨˋ ㄨㄟˋ ㄧㄢˋ ㄓㄥˋ	電子電機	1	11	absent			-7.354194117		數位/驗證	1.953880672	數位/驗證	1.953880672	數位驗證	數位驗證	數位/驗證	數位/驗證	False	True	1		phrase.electronics.tsv	111	
數據分析	ㄕㄨˋ ㄐㄩˋ ㄈㄣ ㄒㄧ	一般	1	18	absent			-7.354194117		數據/分析	1.171598024	數據/分析	1.171598024	數據分析	數據分析	數據/分析	數據/分析	False	True	1		phrase.general.tsv	71	
數碼寶貝	ㄕㄨˋ ㄇㄚˇ ㄅㄠˇ ㄅㄟˋ	動漫	1	25	absent			-7.354194117						數馬寶貝	數碼寶貝	數/馬/寶貝	數碼寶貝	True	True	1		phrase.anime.tsv	1090	
數詞	ㄕㄨˋ ㄘˊ	中文	1	12	absent			-7.354194117						數詞	數詞	數/詞	數/詞	False	True	1	述詞	phrase.chinese.tsv	69	
文化協會	ㄨㄣˊ ㄏㄨㄚˋ ㄒㄧㄝˊ ㄏㄨㄟˋ	歷史	1	12	absent			-7.354194117		文化/協會	0.32449557	文化/協會	0.32449557	文化協會	文化協會	文化/協會	文化/協會	False	True	1		phrase.history.tsv	82	
文化資本	ㄨㄣˊ ㄏㄨㄚˋ ㄗ ㄅㄣˇ	心理社會	1	12	absent			-7.354194117		文化/資本	0.49469946	文化/資本	0.49469946	文化資本	文化資本	文化/資本	文化/資本	False	True	1		phrase.psychology-society.tsv	36	
文學少女	ㄨㄣˊ ㄒㄩㄝˊ ㄕㄠˋ ㄋㄩˇ	動漫	1	13	absent			-7.354194117		文學/少女	1.393606814	文學/少女	1.393606814	文學少女	文學少女	文學/少女	文學少女	False	True	1		phrase.anime.tsv	1091	
文學批評	ㄨㄣˊ ㄒㄩㄝˊ ㄆㄧ ㄆㄧㄥˊ	中文	1	12	absent			-7.354194117		文學/批評	1.135636819	文學/批評	1.135636819	文學批評	文學批評	文學/批評	文學/批評	False	True	1		phrase.chinese.tsv	70	
文學理論	ㄨㄣˊ ㄒㄩㄝˊ ㄌㄧˇ ㄌㄨㄣˋ	中文	1	12	absent			-7.354194117		文學/理論	0.985240029	文學/理論	0.985240029	文學理論	文學理論	文學/理論	文學/理論	False	True	1		phrase.chinese.tsv	71	
文學風格	ㄨㄣˊ ㄒㄩㄝˊ ㄈㄥ ㄍㄜˊ	中文	1	22	absent			-7.354194117		文學/風格	1.131621741	文學/風格	1.131621741	文學風格	文學風格	文學/風格	文學/風格	False	True	1		phrase.chinese.tsv	72	
文明起源	ㄨㄣˊ ㄇㄧㄥˊ ㄑㄧˇ ㄩㄢˊ	歷史	1	11	absent			-7.354194117		文明/起源	2.367977919	文明/起源	2.367977919	文明起源	文明起源	文明/起源	文明/起源	False	True	1		phrase.history.tsv	83	
文本分析	ㄨㄣˊ ㄅㄣˇ ㄈㄣ ㄒㄧ	中文	1	11	absent			-7.354194117		文本/分析	1.866829458	文本/分析	1.866829458	文本分析	文本分析	文本/分析	文本分析	False	True	1		phrase.chinese.tsv	73	
文本分類	ㄨㄣˊ ㄅㄣˇ ㄈㄣ ㄌㄟˋ	AI資料科學	1	10	absent			-7.354194117		文本/分類	2.402565224	文本/分類	2.402565224	文本分類	文本分類	文本/分類	文本分類	False	True	1		phrase.ai-data-science.tsv	91	
文本嵌入	ㄨㄣˊ ㄅㄣˇ ㄑㄧㄢ ㄖㄨˋ	AI資料科學	1	10	absent			-7.354194117		文本/嵌入	3.158848059	文本/嵌入	3.158848059	文本嵌入	文本嵌入	文本/嵌入	文本嵌入	False	True	1		phrase.ai-data-science.tsv	92	
文本摘要	ㄨㄣˊ ㄅㄣˇ ㄓㄞ ㄧㄠˋ	AI資料科學	1	10	absent			-7.354194117		文本/摘要	3.154987638	文本/摘要	3.154987638	文本摘要	文本摘要	文本/摘要	文本摘要	False	True	1		phrase.ai-data-science.tsv	93	
文獻學	ㄨㄣˊ ㄒㄧㄢˋ ㄒㄩㄝˊ	中文	1	11	absent			-7.354194117						文獻學	文獻學	文獻/學	文獻/學	False	True	1		phrase.chinese.tsv	74	
文體學	ㄨㄣˊ ㄊㄧˇ ㄒㄩㄝˊ	中文	1	11	absent			-7.354194117						文體學	文體學	文體/學	文體/學	False	True	1		phrase.chinese.tsv	75	
斐迪南	ㄈㄟˇ ㄉㄧˊ ㄋㄢˊ	動漫	1	16	absent			-7.354194117						非的南	斐迪南	非/的/南	斐迪南	True	True	1		phrase.anime.tsv	1093	
斜槓	ㄒㄧㄝˊ ㄍㄤˋ	一般	1	18	absent			-7.354194117						協鋼	斜槓	協/鋼	斜槓	True	True	1		phrase.general.tsv	72	
斬子	ㄓㄢˇ ㄗ˙	動漫	1	20	absent			-7.354194117						展子	展子	展/子	展/子	False	False	1		phrase.anime.tsv	1094	
斯克	ㄙ ㄎㄜˋ	動漫	1	13	absent			-7.354194117						私客	私客	私/客	私/客	False	False	1		phrase.anime.tsv	1095	
斯卡	ㄙ ㄎㄚˇ	動漫	1	12	absent			-7.354194117						私卡	私卡	私/卡	私/卡	False	False	1		phrase.anime.tsv	1096	
斯巴達城邦	ㄙ ㄅㄚ ㄉㄚˊ ㄔㄥˊ ㄅㄤ	歷史	1	2	absent			-7.354194117		斯巴達/城邦	4.922830353	斯巴達/城邦	4.922830353	斯巴達城邦	斯巴達城邦	斯巴達/城邦	斯巴達城邦	False	True	1		phrase.history.tsv	84	
斯芬古	ㄙ ㄈㄣ ㄍㄨˇ	動漫	1	11	absent			-7.354194117						私分古	斯芬古	私/分/古	斯芬古	True	True	1		phrase.anime.tsv	1097	
斯雷因	ㄙ ㄌㄟˊ ㄧㄣ	動漫	1	15	absent			-7.354194117						私雷因	斯雷因	私/雷/因	斯雷因	True	True	1		phrase.anime.tsv	1098	
斯露	ㄙ ㄌㄨˋ	動漫	1	20	absent	思路|絲路	-5.891796119	-7.354194117	-1.462397998			思路	-1.462397998	私路	私路	私/路	私/路	False	False	3	思路|絲路	phrase.anime.tsv	1099	
新冠疫情	ㄒㄧㄣ ㄍㄨㄢˋ ㄧˋ ㄑㄧㄥˊ	一般	1	18	absent			-7.354194117						心慣疫情	新冠疫情	心/慣/疫情	新冠疫情	True	True	1		phrase.general.tsv	73	
新創公司	ㄒㄧㄣ ㄔㄨㄤˋ ㄍㄨㄥ ㄙ	一般	1	18	absent			-7.354194117		新創/公司	1.602761036	新創/公司	1.602761036	新創公司	新創公司	新創/公司	新創/公司	False	True	1		phrase.general.tsv	74	
新垣綾瀨	ㄒㄧㄣ ㄩㄢˊ ㄌㄧㄥˊ ㄌㄞˋ	動漫	1	12	absent			-7.354194117						心員靈來	新垣綾瀨	心/員/靈/來	新垣綾瀨	True	True	1		phrase.anime.tsv	1102	
新奧工法	ㄒㄧㄣ ㄠˋ ㄍㄨㄥ ㄈㄚˇ	建築土木	1	13	absent			-7.354194117						心奧工法	新奧工法	心/奧/工/法	新奧工法	True	True	1		phrase.civil-engineering.tsv	111	
新條直輝	ㄒㄧㄣ ㄊㄧㄠˊ ㄓˊ ㄏㄨㄟ	動漫	1	14	absent			-7.354194117						心條直揮	新條直輝	心/條/直/揮	新條直輝	True	True	1		phrase.anime.tsv	1104	
新條茜	ㄒㄧㄣ ㄊㄧㄠˊ ㄑㄧㄢˋ	動漫	1	12	absent			-7.354194117						心條欠	新條茜	心/條/欠	新條茜	True	True	1		phrase.anime.tsv	1105	
新機動	ㄒㄧㄣ ㄐㄧ ㄉㄨㄥˋ	動漫	1	20	absent			-7.354194117						心激動	新機動	心/激動	新機動	True	True	1		phrase.anime.tsv	1106	
新產品開發	ㄒㄧㄣ ㄔㄢˇ ㄆㄧㄣˇ ㄎㄞ ㄈㄚ	商業	1	4	absent			-7.354194117		新產品/開發	2.029648284	新產品/開發	2.029648284	新產品開發	新產品開發	新產品/開發	新產品/開發	False	True	1		phrase.business.tsv	105	
新聞倫理	ㄒㄧㄣ ㄨㄣˊ ㄌㄨㄣˊ ㄌㄧˇ	媒體設計	1	12	absent			-7.354194117		新聞/倫理	1.068510814	新聞/倫理	1.068510814	新聞倫理	新聞倫理	新聞/倫理	新聞/倫理	False	True	1		phrase.media-design.tsv	46	
新聞價值	ㄒㄧㄣ ㄨㄣˊ ㄐㄧㄚˋ ㄓˊ	媒體設計	1	12	absent			-7.354194117		新聞/價值	0.20500208	新聞/價值	0.20500208	新聞價值	新聞價值	新聞/價值	新聞/價值	False	True	1		phrase.media-design.tsv	47	
新聞採訪	ㄒㄧㄣ ㄨㄣˊ ㄘㄞˇ ㄈㄤˇ	媒體設計	1	12	absent			-7.354194117		新聞/採訪	0.601921201	新聞/採訪	0.601921201	新聞採訪	新聞採訪	新聞/採訪	新聞/採訪	False	True	1		phrase.media-design.tsv	48	
新聞編輯	ㄒㄧㄣ ㄨㄣˊ ㄅㄧㄢ ㄐㄧˊ	媒體設計	1	12	absent			-7.354194117		新聞/編輯	0.665175773	新聞/編輯	0.665175773	新聞編輯	新聞編輯	新聞/編輯	新聞/編輯	False	True	1		phrase.media-design.tsv	49	
新藥研發	ㄒㄧㄣ ㄧㄠˋ ㄧㄢˊ ㄈㄚ	生技藥學	1	13	absent			-7.354194117						心要研發	新藥研發	心/要/研發	新藥研發	True	True	1		phrase.biotech-pharma.tsv	46	
新門紅丸	ㄒㄧㄣ ㄇㄣˊ ㄏㄨㄥˊ ㄨㄢˊ	動漫	1	10	absent			-7.354194117						心們紅完	新門紅丸	心/們/紅/完	新門紅丸	True	True	1		phrase.anime.tsv	1107	
斷裂力學	ㄉㄨㄢˋ ㄌㄧㄝˋ ㄌㄧˋ ㄒㄩㄝˊ	製造機械	1	10	absent			-7.354194117		斷裂/力學	3.695515089	斷裂/力學	3.695515089	斷裂力學	斷裂力學	斷裂/力學	斷裂力學	False	True	1		phrase.manufacturing.tsv	58	
方塊圖	ㄈㄤ ㄎㄨㄞˋ ㄊㄨˊ	工業工程	1	11	0			-7.354194117						方塊圖	方塊圖	方塊/圖	方塊圖	False	True	1		phrase.industrial-engineering.tsv	64	
方法學	ㄈㄤ ㄈㄚˇ ㄒㄩㄝˊ	晶片半導體	1	10	absent			-7.354194117						方法學	方法學	方法/學	方法/學	False	True	1		phrase.semiconductor.tsv	66	
施工查核	ㄕ ㄍㄨㄥ ㄔㄚˊ ㄏㄜˊ	建築土木	1	21	absent			-7.354194117		施工/查核	2.510986264	施工/查核	2.510986264	施工查核	施工查核	施工/查核	施工/查核	False	True	1		phrase.civil-engineering.tsv	113	
施工規範	ㄕ ㄍㄨㄥ ㄍㄨㄟ ㄈㄢˋ	建築土木	1	13	absent			-7.354194117		施工/規範	1.702737769	施工/規範	1.702737769	施工規範	施工規範	施工/規範	施工/規範	False	True	1		phrase.civil-engineering.tsv	114	
施工計畫書	ㄕ ㄍㄨㄥ ㄐㄧˋ ㄏㄨㄚˋ ㄕㄨ	建築土木	1	4	absent			-7.354194117		施工/計劃書	3.52322072	施工/計劃書	3.52322072	施工計畫書	施工計畫書	施工/計畫/書	施工計畫書	False	True	1		phrase.civil-engineering.tsv	115	
旅次分布	ㄌㄩˇ ㄘˋ ㄈㄣ ㄅㄨˋ	交通物流	1	12	absent			-7.354194117		屢次/分布	3.201905773	屢次/分布	3.201905773	旅次分布	旅次分布	旅/次/分布	旅次分布	False	True	1		phrase.transport-logistics.tsv	50	
旅次產生	ㄌㄩˇ ㄘˋ ㄔㄢˇ ㄕㄥ	交通物流	1	12	absent			-7.354194117		屢次/產生	2.297746659	屢次/產生	2.297746659	旅次產生	旅次產生	旅/次/產生	旅次產生	False	True	1		phrase.transport-logistics.tsv	51	
旅行時間	ㄌㄩˇ ㄒㄧㄥˊ ㄕˊ ㄐㄧㄢ	交通物流	1	12	absent			-7.354194117		旅行/時間	0.498488019	旅行/時間	0.498488019	旅行時間	旅行時間	旅行/時間	旅行/時間	False	True	1		phrase.transport-logistics.tsv	52	
旅運需求	ㄌㄩˇ ㄩㄣˋ ㄒㄩ ㄑㄧㄡˊ	交通物流	1	12	absent			-7.354194117						旅運需求	旅運需求	旅/運/需求	旅運需求	False	True	1		phrase.transport-logistics.tsv	53	
旋轉編碼器	ㄒㄩㄢˊ ㄓㄨㄢˇ ㄅㄧㄢ ㄇㄚˇ ㄑㄧˋ	電子電機	1	3	absent			-7.354194117						旋轉編碼器	旋轉編碼器	旋轉/編碼/器	旋轉編碼器	False	True	1		phrase.electronics.tsv	113	
旋風管家	ㄒㄩㄢˋ ㄈㄥ ㄍㄨㄢˇ ㄐㄧㄚ	動漫	1	22	absent			-7.354194117		旋風/管家	4.022766821	旋風/管家	4.022766821	旋風管家	旋風管家	旋風/管家	旋風管家	False	True	1		phrase.anime.tsv	1109	
旗木卡卡西	ㄑㄧˊ ㄇㄨˋ ㄎㄚˇ ㄎㄚˇ ㄒㄧ	動漫	1	17	absent			-7.354194117						其目卡卡西	旗木卡卡西	其/目/卡/卡/西	旗木卡卡西	True	True	1		phrase.anime.tsv	1110	
日向冬樹	ㄖˋ ㄒㄧㄤˋ ㄉㄨㄥ ㄕㄨˋ	動漫	1	11	absent			-7.354194117						日向東數	日向冬樹	日/向/東/數	日向冬樹	True	True	1		phrase.anime.tsv	1111	
日向夏美	ㄖˋ ㄒㄧㄤˋ ㄒㄧㄚˋ ㄇㄟˇ	動漫	1	10	absent			-7.354194117						日向下美	日向夏美	日/向下/美	日向夏美	True	True	1		phrase.anime.tsv	1112	
日向秀樹	ㄖˋ ㄒㄧㄤˋ ㄒㄧㄡˋ ㄕㄨˋ	動漫	1	14	absent			-7.354194117						日向秀數	日向秀樹	日/向/秀/數	日向秀樹	True	True	1		phrase.anime.tsv	1113	
日向翔陽	ㄖˋ ㄒㄧㄤˋ ㄒㄧㄤˊ ㄧㄤˊ	動漫	1	24	absent			-7.354194117						日向祥陽	日向翔陽	日/向/祥/陽	日向翔陽	True	True	1		phrase.anime.tsv	1114	
日向雛田	ㄖˋ ㄒㄧㄤˋ ㄔㄨˊ ㄊㄧㄢˊ	動漫	1	12	absent			-7.354194117						日向除田	日向雛田	日/向/除/田	日向雛田	True	True	1		phrase.anime.tsv	1115	
日和	ㄖˋ ㄏㄜˊ	動漫	1	21	absent			-7.354194117						日和	日和	日/和	日/和	False	True	1		phrase.anime.tsv	1116	
日暮永遠	ㄖˋ ㄇㄨˋ ㄩㄥˇ ㄩㄢˇ	動漫	1	18	absent			-7.354194117						日目永遠	日暮永遠	日/目/永遠	日暮永遠	True	True	1		phrase.anime.tsv	1118	
日暮籬	ㄖˋ ㄇㄨˋ ㄌㄧˊ	動漫	1	20	absent			-7.354194117						日目離	日暮籬	日/目/離	日暮籬	True	True	1		phrase.anime.tsv	1119	
日比野	ㄖˋ ㄅㄧˇ ㄧㄝˇ	動漫	1	21	absent			-7.354194117						日比也	日比野	日/比/也	日比野	True	True	1		phrase.anime.tsv	1120	
日治臺灣	ㄖˋ ㄓˋ ㄊㄞˊ ㄨㄢ	歷史	1	13	absent			-7.354194117		日誌/台灣	1.318766381	日誌/台灣	1.318766381	日誌台灣	日誌台灣	日誌/台灣	日誌/台灣	False	False	1		phrase.history.tsv	85	
日照分析	ㄖˋ ㄓㄠˋ ㄈㄣ ㄒㄧ	建築土木	1	11	absent			-7.354194117		日照/分析	2.565799463	日照/分析	2.565799463	日照分析	日照分析	日照/分析	日照/分析	False	True	1		phrase.civil-engineering.tsv	116	
日番谷	ㄖˋ ㄈㄢ ㄍㄨˇ	動漫	1	10	absent			-7.354194117						日翻古	日番谷	日/翻/古	日番谷	True	True	1		phrase.anime.tsv	1121	
日誌分析	ㄖˋ ㄓˋ ㄈㄣ ㄒㄧ	軟體科學	1	24	absent			-7.354194117		日誌/分析	2.35974498	日誌/分析	2.35974498	日誌分析	日誌分析	日誌/分析	日誌/分析	False	True	1		phrase.software.tsv	55	
日誌式	ㄖˋ ㄓˋ ㄕˋ	軟體科學	1	12	absent			-7.354194117						日誌是	日誌是	日誌/是	日誌/是	False	False	1		phrase.software.tsv	56	
日誌監控	ㄖˋ ㄓˋ ㄐㄧㄢ ㄎㄨㄥˋ	網路資安	1	13	absent			-7.354194117		日誌/監控	3.577129963	日誌/監控	3.577129963	日誌監控	日誌監控	日誌/監控	日誌/監控	False	True	1		phrase.network-security.tsv	91	
早乙女亂馬	ㄗㄠˇ ㄧˇ ㄋㄩˇ ㄌㄨㄢˋ ㄇㄚˇ	動漫	1	23	absent			-7.354194117		早乙女/亂碼	5.240250765	早乙女/亂碼	5.240250765	早乙女亂碼	早乙女亂馬	早乙女/亂碼	早乙女亂馬	True	True	1		phrase.anime.tsv	1122	
早坂愛	ㄗㄠˇ ㄅㄢˇ ㄞˋ	動漫	1	11	absent			-7.354194117						早版愛	早坂愛	早/版/愛	早坂愛	True	True	1		phrase.anime.tsv	1123	
早坂紫	ㄗㄠˇ ㄅㄢˇ ㄗˇ	動漫	1	17	absent			-7.354194117						早版子	早坂紫	早/版/子	早坂紫	True	True	1		phrase.anime.tsv	1124	
早川秋	ㄗㄠˇ ㄔㄨㄢ ㄑㄧㄡ	動漫	1	17	absent			-7.354194117						早穿秋	早川秋	早/穿/秋	早川秋	True	True	1		phrase.anime.tsv	1125	
早期國家	ㄗㄠˇ ㄑㄧˊ ㄍㄨㄛˊ ㄐㄧㄚ	歷史	1	11	absent			-7.354194117		早期/國家	0.567489959	早期/國家	0.567489959	早期國家	早期國家	早期/國家	早期/國家	False	True	1		phrase.history.tsv	86	
旭日之心	ㄒㄩˋ ㄖˋ ㄓ ㄒㄧㄣ	動漫	1	12	absent			-7.354194117		旭日/知心	4.885846787	旭日/知心	4.885846787	續日之心	旭日之心	續/日/之/心	旭日之心	True	True	1		phrase.anime.tsv	1126	
昆阿圭羅	ㄎㄨㄣ ㄚ ㄍㄨㄟ ㄌㄨㄛˊ	動漫	1	15	absent			-7.354194117						混阿規羅	昆阿圭羅	混/阿/規/羅	昆阿圭羅	True	True	1		phrase.anime.tsv	1127	
明挖	ㄇㄧㄥˊ ㄨㄚ	建築土木	1	13	absent			-7.354194117						明挖	明挖	明/挖	明/挖	False	True	1		phrase.civil-engineering.tsv	117	
明智健悟	ㄇㄧㄥˊ ㄓˋ ㄐㄧㄢˋ ㄨˋ	動漫	1	15	absent			-7.354194117		明治/建物	2.873454382	明治/建物	2.873454382	明志建物	明智健悟	明志/建物	明智健悟	True	True	1		phrase.anime.tsv	1129	
明清時期	ㄇㄧㄥˊ ㄑㄧㄥ ㄕˊ ㄑㄧˊ	歷史	1	10	absent			-7.354194117		明清/時期	2.783884732	明清/時期	2.783884732	明清時期	明清時期	明清/時期	明清/時期	False	True	1		phrase.history.tsv	88	
明神彌彥	ㄇㄧㄥˊ ㄕㄣˊ ㄇㄧˊ ㄧㄢˋ	動漫	1	15	absent			-7.354194117						明什迷驗	明神彌彥	明/什/迷/驗	明神彌彥	True	True	1		phrase.anime.tsv	1130	
明鄭時期	ㄇㄧㄥˊ ㄓㄥˋ ㄕˊ ㄑㄧˊ	歷史	1	13	absent			-7.354194117		明政/時期	2.897828084	明政/時期	2.897828084	明政時期	明鄭時期	明/政/時期	明鄭時期	True	True	1		phrase.history.tsv	89	
星井美希	ㄒㄧㄥ ㄐㄧㄥˇ ㄇㄟˇ ㄒㄧ	動漫	1	15	absent			-7.354194117						星景美溪	星井美希	星/景美溪	星井美希	True	True	1		phrase.anime.tsv	1131	
星型綱要	ㄒㄧㄥ ㄒㄧㄥˊ ㄍㄤ ㄧㄠˋ	AI資料科學	1	12	absent			-7.354194117		星形/綱要	5.297289266	星形/綱要	5.297289266	星行綱要	星型綱要	星/行/綱要	星型綱要	True	True	1		phrase.ai-data-science.tsv	94	
星川莉莉	ㄒㄧㄥ ㄔㄨㄢ ㄌㄧˋ ㄌㄧˋ	動漫	1	10	absent			-7.354194117						星穿莉莉	星川莉莉	星/穿/莉莉	星川莉莉	True	True	1		phrase.anime.tsv	1133	
星空凜	ㄒㄧㄥ ㄎㄨㄥ ㄌㄧㄣˇ	動漫	1	13	absent			-7.354194117						星空凜	星空凜	星空/凜	星空凜	False	True	1		phrase.anime.tsv	1135	
星野宮子	ㄒㄧㄥ ㄧㄝˇ ㄍㄨㄥ ㄗ˙	動漫	1	17	absent			-7.354194117						星也公子	星野宮子	星/也/公/子	星野宮子	True	True	1		phrase.anime.tsv	1136	
星野愛	ㄒㄧㄥ ㄧㄝˇ ㄞˋ	動漫	1	24	absent			-7.354194117						星也愛	星野愛	星/也/愛	星野愛	True	True	1		phrase.anime.tsv	1137	
星野日向	ㄒㄧㄥ ㄧㄝˇ ㄖˋ ㄒㄧㄤˋ	動漫	1	13	absent			-7.354194117						星也日向	星野日向	星/也/日/向	星野日向	True	True	1		phrase.anime.tsv	1138	
星際牛仔	ㄒㄧㄥ ㄐㄧˋ ㄋㄧㄡˊ ㄗㄞˇ	動漫	1	22	absent			-7.354194117		星際/牛仔	3.888068247	星際/牛仔	3.888068247	星際牛仔	星際牛仔	星際/牛仔	星際牛仔	False	True	1		phrase.anime.tsv	1139	
星馳阿魯斯	ㄒㄧㄥ ㄔˊ ㄚ ㄌㄨˇ ㄙ	動漫	1	11	absent			-7.354194117						星馳阿魯斯	星馳阿魯斯	星馳/阿/魯/斯	星馳阿魯斯	False	True	1		phrase.anime.tsv	1140	
映像研	ㄧㄥˋ ㄒㄧㄤˋ ㄧㄢˊ	動漫	1	20	absent			-7.354194117						映像研	映像研	映像/研	映像研	False	True	1		phrase.anime.tsv	1141	
春野櫻	ㄔㄨㄣ ㄧㄝˇ ㄧㄥ	動漫	1	19	absent			-7.354194117						春也應	春野櫻	春/也/應	春野櫻	True	True	1		phrase.anime.tsv	1142	
時崎狂三	ㄕˊ ㄑㄧˊ ㄎㄨㄤˊ ㄙㄢ	動漫	1	13	absent			-7.354194117						時期狂三	時崎狂三	時期/狂/三	時崎狂三	True	True	1		phrase.anime.tsv	1145	
時延頻寬積	ㄕˊ ㄧㄢˊ ㄆㄧㄣˊ ㄎㄨㄢ ㄐㄧ	網路資安	1	6	absent			-7.354194117						時研頻寬機	時延頻寬積	時/研/頻寬/機	時延頻寬積	True	True	1		phrase.network-security.tsv	92	
時效取得	ㄕˊ ㄒㄧㄠˋ ㄑㄩˇ ㄉㄜˊ	法律	1	10	absent			-7.354194117		時效/取得	2.221249577	時效/取得	2.221249577	時效取得	時效取得	時效/取得	時效/取得	False	True	1		phrase.law.tsv	97	
時效處理	ㄕˊ ㄒㄧㄠˋ ㄔㄨˇ ㄌㄧˇ	材料化工	1	11	absent			-7.354194117		時效/處理	1.759578399	時效/處理	1.759578399	時效處理	時效處理	時效/處理	時效/處理	False	True	1		phrase.materials-chemistry.tsv	44	
時脈校正	ㄕˊ ㄇㄞˋ ㄐㄧㄠˋ ㄓㄥˋ	電子電機	1	9	absent			-7.354194117		時脈/校正	4.456567026	時脈/校正	4.456567026	時脈校正	時脈校正	時脈/校正	時脈/校正	False	True	1		phrase.electronics.tsv	115	
時脈模擬	ㄕˊ ㄇㄞˋ ㄇㄛˊ ㄋㄧˇ	電子電機	1	10	absent			-7.354194117		時脈/模擬	3.76201736	時脈/模擬	3.76201736	時脈模擬	時脈模擬	時脈/模擬	時脈/模擬	False	True	1		phrase.electronics.tsv	116	
時脈熱分析	ㄕˊ ㄇㄞˋ ㄖㄜˋ ㄈㄣ ㄒㄧ	電子電機	1	4	absent			-7.354194117						時脈熱分析	時脈熱分析	時脈/熱/分析	時脈熱分析	False	True	1		phrase.electronics.tsv	117	
時脈設計	ㄕˊ ㄇㄞˋ ㄕㄜˋ ㄐㄧˋ	電子電機	1	12	absent			-7.354194117		時脈/設計	2.667022013	時脈/設計	2.667022013	時脈設計	時脈設計	時脈/設計	時脈/設計	False	True	1		phrase.electronics.tsv	118	
時脈量測	ㄕˊ ㄇㄞˋ ㄌㄧㄤˊ ㄘㄜˋ	電子電機	1	9	absent			-7.354194117		時脈/量測	4.548014143	時脈/量測	4.548014143	時脈量測	時脈量測	時脈/量測	時脈/量測	False	True	1		phrase.electronics.tsv	119	
時脈除錯	ㄕˊ ㄇㄞˋ ㄔㄨˊ ㄘㄨㄛˋ	電子電機	1	9	absent			-7.354194117		時脈/除錯	5.240250765	時脈/除錯	5.240250765	時脈除錯	時脈除錯	時脈/除錯	時脈/除錯	False	True	1		phrase.electronics.tsv	120	
時脈驗證	ㄕˊ ㄇㄞˋ ㄧㄢˋ ㄓㄥˋ	電子電機	1	9	absent			-7.354194117		時脈/驗證	4.075440516	時脈/驗證	4.075440516	時脈驗證	時脈驗證	時脈/驗證	時脈/驗證	False	True	1		phrase.electronics.tsv	121	
時鐘樹合成	ㄕˊ ㄓㄨㄥ ㄕㄨˋ ㄏㄜˊ ㄔㄥˊ	晶片半導體	1	3	absent			-7.354194117						時鐘樹合成	時鐘樹合成	時鐘/樹/合成	時鐘樹合成	False	True	1		phrase.semiconductor.tsv	68	
時間軸	ㄕˊ ㄐㄧㄢ ㄓㄡˊ	媒體設計	1	13	absent			-7.354194117						時間軸	時間軸	時間/軸	時間/軸	False	True	1		phrase.media-design.tsv	50	
時雄	ㄕˊ ㄒㄩㄥˊ	動漫	1	15	absent			-7.354194117						時雄	時雄	時/雄	時/雄	False	True	1		phrase.anime.tsv	1146	
晨曦公主	ㄔㄣˊ ㄒㄧ ㄍㄨㄥ ㄓㄨˇ	動漫	1	22	absent			-7.354194117		晨曦/公主	3.529287646	晨曦/公主	3.529287646	陳西公主	晨曦公主	陳/西/公主	晨曦公主	True	True	1		phrase.anime.tsv	1147	
普利謝茨基	ㄆㄨˇ ㄌㄧˋ ㄒㄧㄝˋ ㄘˊ ㄐㄧ	動漫	1	15	absent			-7.354194117						普力謝詞機	普利謝茨基	普/力/謝/詞/機	普利謝茨基	True	True	1		phrase.anime.tsv	1148	
普通公司債	ㄆㄨˇ ㄊㄨㄥ ㄍㄨㄥ ㄙ ㄓㄞˋ	財會金融	1	4	absent			-7.354194117		普通/公司債	3.558105689	普通/公司債	3.558105689	普通公司債	普通公司債	普通/公司債	普通/公司債	False	True	1		phrase.finance.tsv	70	
普魯托	ㄆㄨˇ ㄌㄨˇ ㄊㄨㄛ	動漫	1	10	absent			-7.354194117						普魯他	普魯托	普/魯/他	普魯托	True	True	1		phrase.anime.tsv	1150	
景觀工程	ㄐㄧㄥˇ ㄍㄨㄢ ㄍㄨㄥ ㄔㄥˊ	建築土木	1	12	absent			-7.354194117		景觀/工程	1.218751048	景觀/工程	1.218751048	景觀工程	景觀工程	景觀/工程	景觀/工程	False	True	1		phrase.civil-engineering.tsv	118	
晶圓級封裝	ㄐㄧㄥ ㄩㄢˊ ㄐㄧˊ ㄈㄥ ㄓㄨㄤ	晶片半導體	1	3	absent			-7.354194117						晶圓及風裝	晶圓級封裝	晶圓/及/風/裝	晶圓級封裝	True	True	1		phrase.semiconductor.tsv	70	
晶粒成長	ㄐㄧㄥ ㄌㄧˋ ㄔㄥˊ ㄓㄤˇ	材料化工	1	10	absent			-7.354194117		經歷/成長	1.173880108	經歷/成長	1.173880108	晶粒成長	晶粒成長	晶粒/成長	晶粒/成長	False	True	1		phrase.materials-chemistry.tsv	45	
晶體結構	ㄐㄧㄥ ㄊㄧˇ ㄐㄧㄝˊ ㄍㄡˋ	材料化工	1	10	absent			-7.354194117		晶體/結構	2.296634509	晶體/結構	2.296634509	晶體結構	晶體結構	晶體/結構	晶體結構	False	True	1		phrase.materials-chemistry.tsv	46	
智將	ㄓˋ ㄐㄧㄤ	動漫	1	12	absent			-7.354194117						志將	志將	志/將	志/將	False	False	1		phrase.anime.tsv	1151	
智慧之神	ㄓˋ ㄏㄨㄟˋ ㄓ ㄕㄣˊ	動漫	1	12	absent			-7.354194117						智慧之什	智慧之神	智慧/之/什	智慧之神	True	True	1		phrase.anime.tsv	1152	
智慧代理	ㄓˋ ㄏㄨㄟˋ ㄉㄞˋ ㄌㄧˇ	AI資料科學	1	12	absent			-7.354194117		智慧/代理	1.557086609	智慧/代理	1.557086609	智慧代理	智慧代理	智慧/代理	智慧/代理	False	True	1		phrase.ai-data-science.tsv	95	
智慧材料	ㄓˋ ㄏㄨㄟˋ ㄘㄞˊ ㄌㄧㄠˋ	材料化工	1	12	absent			-7.354194117		智慧/材料	1.327412522	智慧/材料	1.327412522	智慧材料	智慧材料	智慧/材料	智慧/材料	False	True	1		phrase.materials-chemistry.tsv	47	
智慧農業	ㄓˋ ㄏㄨㄟˋ ㄋㄨㄥˊ ㄧㄝˋ	農業食品	1	15	absent			-7.354194117		智慧/農業	1.203220124	智慧/農業	1.203220124	智慧農業	智慧農業	智慧/農業	智慧/農業	False	True	1		phrase.agriculture-food.tsv	20	
暗殺教室	ㄢˋ ㄕㄚ ㄐㄧㄠˋ ㄕˋ	動漫	1	24	absent			-7.354194117		暗殺/教室	3.089824982	暗殺/教室	3.089824982	暗殺教室	暗殺教室	暗殺/教室	暗殺教室	False	True	1		phrase.anime.tsv	1153	
暗殺時間	ㄢˋ ㄕㄚ ㄕˊ ㄐㄧㄢ	動漫	1	14	absent			-7.354194117		暗殺/時間	1.905801654	暗殺/時間	1.905801654	案殺時間	暗殺時間	案/殺時間	暗殺時間	True	True	1		phrase.anime.tsv	1154	
暗殺者	ㄢˋ ㄕㄚ ㄓㄜˇ	動漫	1	17	absent			-7.354194117						暗殺者	暗殺者	暗殺/者	暗殺者	False	True	1		phrase.anime.tsv	1155	
暫存器	ㄓㄢˋ ㄘㄨㄣˊ ㄑㄧˋ	晶片半導體	1	11	0			-7.354194117						暫存器	暫存器	暫存/器	暫存/器	False	True	1		phrase.semiconductor.tsv	73	
暫存器檔案	ㄓㄢˋ ㄘㄨㄣˊ ㄑㄧˋ ㄉㄤˇ ㄢˋ	晶片半導體	1	3	absent			-7.354194117						暫存器檔案	暫存器檔案	暫存/器/檔案	暫存器檔案	False	True	1		phrase.semiconductor.tsv	74	
暫態	ㄗㄢˋ ㄊㄞˋ	電子電機	1	12	absent			-7.354194117						暫態	暫態	暫/態	暫/態	False	True	1		phrase.electronics.tsv	122	
暫態響應	ㄗㄢˋ ㄊㄞˋ ㄒㄧㄤˇ ㄧㄥˋ	電子電機	1	11	absent			-7.354194117						暫態響應	暫態響應	暫/態/響應	暫態響應	False	True	1		phrase.electronics.tsv	123	
暴力破解	ㄅㄠˋ ㄌㄧˋ ㄆㄛˋ ㄐㄧㄝˇ	網路資安	1	11	absent			-7.354194117		暴力/破解	2.74302332	暴力/破解	2.74302332	暴力破解	暴力破解	暴力/破解	暴力破解	False	True	1		phrase.network-security.tsv	93	
曉美焰	ㄒㄧㄠˇ ㄇㄟˇ ㄧㄢˋ	動漫	1	21	absent			-7.354194117						小美驗	曉美焰	小/美/驗	曉美焰	True	True	1		phrase.anime.tsv	1156	
曝光機	ㄆㄨˋ ㄍㄨㄤ ㄐㄧ	晶片半導體	1	13	absent			-7.354194117						曝光機	曝光機	曝光/機	曝光/機	False	True	1		phrase.semiconductor.tsv	75	
曝光機保養	ㄆㄨˋ ㄍㄨㄤ ㄐㄧ ㄅㄠˇ ㄧㄤˇ	晶片半導體	1	4	absent			-7.354194117						曝光機保養	曝光機保養	曝光/機/保養	曝光機保養	False	True	1		phrase.semiconductor.tsv	76	
曝光機校正	ㄆㄨˋ ㄍㄨㄤ ㄐㄧ ㄐㄧㄠˋ ㄓㄥˋ	晶片半導體	1	4	absent			-7.354194117						曝光機校正	曝光機校正	曝光/機/校正	曝光機校正	False	True	1		phrase.semiconductor.tsv	77	
曝光補償	ㄆㄨˋ ㄍㄨㄤ ㄅㄨˇ ㄔㄤˊ	媒體設計	1	11	absent			-7.354194117		曝光/補償	2.389863761	曝光/補償	2.389863761	曝光補償	曝光補償	曝光/補償	曝光/補償	False	True	1		phrase.media-design.tsv	51	
曲線下面積	ㄑㄩ ㄒㄧㄢˋ ㄒㄧㄚˋ ㄇㄧㄢˋ ㄐㄧ	AI資料科學	1	3	absent			-7.354194117						曲線下面積	曲線下面積	曲線/下/面積	曲線下面積	False	True	1		phrase.ai-data-science.tsv	96	
更科瑠夏	ㄍㄥˋ ㄎㄜ ㄌㄧㄡˊ ㄒㄧㄚˋ	動漫	1	12	absent			-7.354194117						更科留下	更科瑠夏	更/科/留下	更科瑠夏	True	True	1		phrase.anime.tsv	1157	
曼恩	ㄇㄢˋ ㄣ	動漫	1	15	absent			-7.354194117						慢恩	慢恩	慢/恩	慢/恩	False	False	1		phrase.anime.tsv	1160	
最小成本流	ㄗㄨㄟˋ ㄒㄧㄠˇ ㄔㄥˊ ㄅㄣˇ ㄌㄧㄡˊ	工業工程	1	4	absent			-7.354194117						最小成本流	最小成本流	最小/成本/流	最小成本流	False	True	1		phrase.industrial-engineering.tsv	68	
最小權限	ㄗㄨㄟˋ ㄒㄧㄠˇ ㄑㄩㄢˊ ㄒㄧㄢˋ	網路資安	1	10	absent			-7.354194117		最小/權限	3.126410217	最小/權限	3.126410217	最小權限	最小權限	最小/權限	最小/權限	False	True	1		phrase.network-security.tsv	95	
最強	ㄗㄨㄟˋ ㄑㄧㄤˊ	動漫	1	22	absent			-7.354194117						最強	最強	最/強	最/強	False	True	1		phrase.anime.tsv	1162	
最強的世界	ㄗㄨㄟˋ ㄑㄧㄤˊ ㄉㄜ˙ ㄕˋ ㄐㄧㄝˋ	動漫	1	12	absent			-7.354194117		最強的/世界	1.932720169	最強的/世界	1.932720169	最強的世界	最強的世界	最強的/世界	最強的世界	False	True	1		phrase.anime.tsv	1163	
最後一哩	ㄗㄨㄟˋ ㄏㄡˋ ㄧ ㄌㄧ	交通物流	1	12	absent			-7.354194117						最後一哩	最後一哩	最後/一/哩	最後一哩	False	True	1		phrase.transport-logistics.tsv	55	
最有利標	ㄗㄨㄟˋ ㄧㄡˇ ㄌㄧˋ ㄅㄧㄠ	公務員公文	1	12	absent			-7.354194117						最有利標	最有利標	最/有利/標	最有利標	False	True	1		phrase.government.tsv	37	
最終處置	ㄗㄨㄟˋ ㄓㄨㄥ ㄔㄨˇ ㄓˋ	環境能源	1	11	absent			-7.354194117		最終/處置	2.504197666	最終/處置	2.504197666	最終處置	最終處置	最終/處置	最終/處置	False	True	1		phrase.energy-environment.tsv	55	
最近發展區	ㄗㄨㄟˋ ㄐㄧㄣˋ ㄈㄚ ㄓㄢˇ ㄑㄩ	教育	1	5	absent			-7.354194117						最近發展區	最近發展區	最近/發展/區	最近發展區	False	True	1		phrase.education.tsv	66	
最近鄰	ㄗㄨㄟˋ ㄐㄧㄣˋ ㄌㄧㄣˊ	AI資料科學	1	12	absent			-7.354194117						最近鄰	最近鄰	最近/鄰	最近/鄰	False	True	1		phrase.ai-data-science.tsv	98	
會計估計	ㄎㄨㄞˋ ㄐㄧˋ ㄍㄨ ㄐㄧˋ	財會金融	1	11	absent			-7.354194117		會計/估計	2.119062271	會計/估計	2.119062271	會計估計	會計估計	會計/估計	會計/估計	False	True	1		phrase.finance.tsv	71	
會計循環	ㄎㄨㄞˋ ㄐㄧˋ ㄒㄩㄣˊ ㄏㄨㄢˊ	財會金融	1	11	absent			-7.354194117		會計/循環	2.212518632	會計/循環	2.212518632	會計循環	會計循環	會計/循環	會計/循環	False	True	1		phrase.finance.tsv	72	
會計政策	ㄎㄨㄞˋ ㄐㄧˋ ㄓㄥˋ ㄘㄜˋ	財會金融	1	11	absent			-7.354194117		會計/政策	1.268549325	會計/政策	1.268549325	會計政策	會計政策	會計/政策	會計/政策	False	True	1		phrase.finance.tsv	73	
會計錯誤	ㄎㄨㄞˋ ㄐㄧˋ ㄘㄨㄛˋ ㄨˋ	財會金融	1	11	absent			-7.354194117		會計/錯誤	1.800199499	會計/錯誤	1.800199499	會計錯誤	會計錯誤	會計/錯誤	會計/錯誤	False	True	1		phrase.finance.tsv	74	
會議紀錄	ㄏㄨㄟˋ ㄧˋ ㄐㄧˋ ㄌㄨˋ	公務員公文	1	20	absent	會議記錄	-6.312801432	-7.354194117	-1.041392685	會議/紀錄	0.162579644	會議記錄	-1.041392685	會議記錄	會議記錄	會議記錄	會議記錄	False	False	2	會議記錄	phrase.government.tsv	38	
會辦	ㄏㄨㄟˋ ㄅㄢˋ	公務員公文	1	23	absent			-7.354194117						會辦	會辦	會/辦	會/辦	False	True	1		phrase.government.tsv	39	
會長是	ㄏㄨㄟˋ ㄓㄤˇ ㄕˋ	動漫	1	21	absent			-7.354194117						會長是	會長是	會長/是	會長/是	False	True	1		phrase.anime.tsv	1165	
月光下	ㄩㄝˋ ㄍㄨㄤ ㄒㄧㄚˋ	動漫	1	19	absent			-7.354194117						月光下	月光下	月光/下	月光下	False	True	1		phrase.anime.tsv	1167	
月城雪兔	ㄩㄝˋ ㄔㄥˊ ㄒㄩㄝˇ ㄊㄨˋ	動漫	1	13	absent			-7.354194117						月成雪兔	月城雪兔	月/成/雪/兔	月城雪兔	True	True	1		phrase.anime.tsv	1169	
月宮亞由	ㄩㄝˋ ㄍㄨㄥ ㄧㄚˇ ㄧㄡˊ	動漫	1	15	absent			-7.354194117						月公亞由	月宮亞由	月/公/亞/由	月宮亞由	True	True	1		phrase.anime.tsv	1170	
月山習	ㄩㄝˋ ㄕㄢ ㄒㄧˊ	動漫	1	16	absent			-7.354194117						月山習	月山習	月/山/習	月山習	False	True	1		phrase.anime.tsv	1171	
月島流星	ㄩㄝˋ ㄉㄠˇ ㄌㄧㄡˊ ㄒㄧㄥ	動漫	1	14	absent			-7.354194117						月導流星	月島流星	月/導/流星	月島流星	True	True	1		phrase.anime.tsv	1172	
月島螢	ㄩㄝˋ ㄉㄠˇ ㄧㄥˊ	動漫	1	14	absent			-7.354194117						月導營	月島螢	月/導/營	月島螢	True	True	1		phrase.anime.tsv	1173	
月色真美	ㄩㄝˋ ㄙㄜˋ ㄓㄣ ㄇㄟˇ	動漫	1	19	absent			-7.354194117						月色真美	月色真美	月色/真/美	月色真美	False	True	1		phrase.anime.tsv	1174	
月野兔	ㄩㄝˋ ㄧㄝˇ ㄊㄨˋ	動漫	1	23	absent			-7.354194117						月野兔	月野兔	月/野兔	月野兔	False	True	1		phrase.anime.tsv	1175	
有借有還	ㄧㄡˇ ㄐㄧㄝˋ ㄧㄡˇ ㄏㄞˊ	動漫	1	15	absent			-7.354194117						有界有還	有借有還	有/界/有/還	有借有還	True	True	1		phrase.anime.tsv	1176	
有功功率	ㄧㄡˇ ㄍㄨㄥ ㄍㄨㄥ ㄌㄩˋ	電子電機	1	10	absent			-7.354194117		有功/功率	3.422228003	有功/功率	3.422228003	有公功率	有功功率	有/公/功率	有功功率	True	True	1		phrase.electronics.tsv	125	
有害廢棄物	ㄧㄡˇ ㄏㄞˋ ㄈㄟˋ ㄑㄧˋ ㄨˋ	環境能源	1	3	absent			-7.354194117		有害/廢棄物	3.166391479	有害/廢棄物	3.166391479	有害廢棄物	有害廢棄物	有害/廢棄物	有害/廢棄物	False	True	1		phrase.energy-environment.tsv	57	
有樂亭八雲	ㄧㄡˇ ㄌㄜˋ ㄊㄧㄥˊ ㄅㄚ ㄩㄣˊ	動漫	1	18	absent			-7.354194117						有樂停八雲	有樂亭八雲	有/樂/停/八/雲	有樂亭八雲	True	True	1		phrase.anime.tsv	1177	
有機農業	ㄧㄡˇ ㄐㄧ ㄋㄨㄥˊ ㄧㄝˋ	農業食品	1	18	absent			-7.354194117		有機/農業	1.396594492	有機/農業	1.396594492	有機農業	有機農業	有機/農業	有機/農業	False	True	1		phrase.agriculture-food.tsv	21	
有田春雪	ㄧㄡˇ ㄊㄧㄢˊ ㄔㄨㄣ ㄒㄩㄝˇ	動漫	1	18	absent			-7.354194117						有填春雪	有田春雪	有/填/春/雪	有田春雪	True	True	1		phrase.anime.tsv	1178	
有責性	ㄧㄡˇ ㄗㄜˊ ㄒㄧㄥˋ	法律	1	14	absent			-7.354194117						有責性	有責性	有/責/性	有責性	False	True	1		phrase.law.tsv	99	
有馬佳奈	ㄧㄡˇ ㄇㄚˇ ㄐㄧㄚ ㄋㄞˋ	動漫	1	16	absent			-7.354194117						有馬家耐	有馬佳奈	有/馬/家/耐	有馬佳奈	True	True	1		phrase.anime.tsv	1179	
有馬公生	ㄧㄡˇ ㄇㄚˇ ㄍㄨㄥ ㄕㄥ	動漫	1	22	absent			-7.354194117		有馬/公升	3.794766318	有馬/公升	3.794766318	有馬公生	有馬公生	有/馬公/生	有馬公生	False	True	1		phrase.anime.tsv	1180	
有馬貴將	ㄧㄡˇ ㄇㄚˇ ㄍㄨㄟˋ ㄐㄧㄤ	動漫	1	11	absent			-7.354194117						有馬會將	有馬貴將	有/馬/會/將	有馬貴將	True	True	1		phrase.anime.tsv	1181	
服務水準	ㄈㄨˊ ㄨˋ ㄕㄨㄟˇ ㄓㄨㄣˇ	交通物流	1	15	absent			-7.354194117		服務/水準	0.707068964	服務/水準	0.707068964	服務水準	服務水準	服務/水準	服務/水準	False	True	1		phrase.transport-logistics.tsv	56	
服務法	ㄈㄨˊ ㄨˋ ㄈㄚˇ	公務員公文	1	11	absent			-7.354194117						服務法	服務法	服務/法	服務/法	False	True	1		phrase.government.tsv	40	
服務流程	ㄈㄨˊ ㄨˋ ㄌㄧㄡˊ ㄔㄥˊ	工業工程	1	14	absent			-7.354194117		服務/流程	1.011873113	服務/流程	1.011873113	服務流程	服務流程	服務/流程	服務/流程	False	True	1		phrase.industrial-engineering.tsv	69	
服務藍圖	ㄈㄨˊ ㄨˋ ㄌㄢˊ ㄊㄨˊ	媒體設計	1	12	absent			-7.354194117		服務/藍圖	1.577590988	服務/藍圖	1.577590988	服務藍圖	服務藍圖	服務/藍圖	服務/藍圖	False	True	1		phrase.media-design.tsv	52	
服務設計	ㄈㄨˊ ㄨˋ ㄕㄜˋ ㄐㄧˋ	媒體設計	1	13	absent			-7.354194117		服務/設計	-0.072154619	服務/設計	-0.072154619	服務設計	服務設計	服務/設計	服務/設計	False	True	1		phrase.media-design.tsv	53	
服部平次	ㄈㄨˊ ㄅㄨˋ ㄆㄧㄥˊ ㄘˋ	動漫	1	13	absent			-7.354194117						伏不平次	服部平次	伏/不平/次	服部平次	True	True	1		phrase.anime.tsv	1183	
望遠鏡頭	ㄨㄤˋ ㄩㄢˇ ㄐㄧㄥˋ ㄊㄡˊ	媒體設計	1	11	absent			-7.354194117		望遠/鏡頭	2.352114491	望遠/鏡頭	2.352114491	望遠鏡頭	望遠鏡頭	望遠鏡/頭	望遠鏡頭	False	True	1		phrase.media-design.tsv	54	
朝倉新	ㄔㄠˊ ㄘㄤ ㄒㄧㄣ	動漫	1	18	absent			-7.354194117						潮蒼心	朝倉新	潮/蒼/心	朝倉新	True	True	1		phrase.anime.tsv	1184	
朝比奈	ㄔㄠˊ ㄅㄧˇ ㄋㄞˋ	動漫	1	15	absent			-7.354194117						潮比耐	朝比奈	潮/比/耐	朝比奈	True	True	1		phrase.anime.tsv	1185	
朝田詩乃	ㄔㄠˊ ㄊㄧㄢˊ ㄕ ㄋㄞˇ	動漫	1	15	absent			-7.354194117						潮田師奶	朝田詩乃	潮/田/師奶	朝田詩乃	True	True	1		phrase.anime.tsv	1186	
朝貢體系	ㄔㄠˊ ㄍㄨㄥˋ ㄊㄧˇ ㄒㄧˋ	歷史	1	10	absent			-7.354194117		朝貢/體系	3.571578185	朝貢/體系	3.571578185	朝貢體系	朝貢體系	朝貢/體系	朝貢體系	False	True	1		phrase.history.tsv	91	
朝野太陽	ㄔㄠˊ ㄧㄝˇ ㄊㄞˋ ㄧㄤˊ	動漫	1	18	absent			-7.354194117		朝野/太陽	1.649199864	朝野/太陽	1.649199864	朝野太陽	朝野太陽	朝野/太陽	朝野太陽	False	True	1		phrase.anime.tsv	1187	
期待可能性	ㄑㄧˊ ㄉㄞˋ ㄎㄜˇ ㄋㄥˊ ㄒㄧㄥˋ	法律	1	4	absent			-7.354194117		期待/可能性	1.707623764	期待/可能性	1.707623764	期待可能性	期待可能性	期待/可能性	期待/可能性	False	True	1		phrase.law.tsv	100	
期限內	ㄑㄧˊ ㄒㄧㄢˋ ㄋㄟˋ	公務員公文	1	5	absent			-7.354194117						期限內	期限內	期限/內	期限/內	False	True	1		phrase.government.tsv	41	
木下秀吉	ㄇㄨˋ ㄒㄧㄚˋ ㄒㄧㄡˋ ㄐㄧˊ	動漫	1	12	absent			-7.354194117						木下秀及	木下秀吉	木/下/秀/及	木下秀吉	True	True	1		phrase.anime.tsv	1188	
木之下和也	ㄇㄨˋ ㄓ ㄒㄧㄚˋ ㄏㄜˊ ㄧㄝˇ	動漫	1	18	absent			-7.354194117						木之下和也	木之下和也	木/之下/和/也	木之下和也	False	True	1		phrase.anime.tsv	1189	
木之本桃矢	ㄇㄨˋ ㄓ ㄅㄣˇ ㄊㄠˊ ㄕˇ	動漫	1	11	absent			-7.354194117						木之本桃使	木之本桃矢	木/之/本/桃/使	木之本桃矢	True	True	1		phrase.anime.tsv	1190	
木之本櫻	ㄇㄨˋ ㄓ ㄅㄣˇ ㄧㄥ	動漫	1	22	absent			-7.354194117						木之本應	木之本櫻	木/之/本應	木之本櫻	True	True	1		phrase.anime.tsv	1191	
木刀之龍	ㄇㄨˋ ㄉㄠ ㄓ ㄌㄨㄥˊ	動漫	1	12	absent			-7.354194117						木刀之龍	木刀之龍	木/刀/之/龍	木刀之龍	False	True	1		phrase.anime.tsv	1192	
木原紡	ㄇㄨˋ ㄩㄢˊ ㄈㄤˇ	動漫	1	11	absent			-7.354194117						木員訪	木原紡	木/員/訪	木原紡	True	True	1		phrase.anime.tsv	1193	
木木	ㄇㄨˋ ㄇㄨˋ	動漫	1	12	absent	穆穆|墓木	-6.576042867	-7.354194117	-0.77815125			穆穆	-0.77815125	木目	木目	木/目	木/目	False	False	3	墓木|穆穆|苜苜	phrase.anime.tsv	1194	
木村達也	ㄇㄨˋ ㄘㄨㄣ ㄉㄚˊ ㄧㄝˇ	動漫	1	9	absent			-7.354194117						木村達也	木村達也	木村/達/也	木村達也	False	True	1		phrase.anime.tsv	1195	
木野真琴	ㄇㄨˋ ㄧㄝˇ ㄓㄣ ㄑㄧㄣˊ	動漫	1	15	absent			-7.354194117						木也珍禽	木野真琴	木/也/珍禽	木野真琴	True	True	1		phrase.anime.tsv	1196	
未來日記	ㄨㄟˋ ㄌㄞˊ ㄖˋ ㄐㄧˋ	動漫	1	22	absent			-7.354194117		未來/日記	1.273033387	未來/日記	1.273033387	未來日記	未來日記	未來/日記	未來日記	False	True	1		phrase.anime.tsv	1197	
未來的信	ㄨㄟˋ ㄌㄞˊ ㄉㄜ˙ ㄒㄧㄣˋ	動漫	1	12	absent			-7.354194117						未來的信	未來的信	未來的/信	未來的/信	False	True	1		phrase.anime.tsv	1198	
未聞花名	ㄨㄟˋ ㄨㄣˊ ㄏㄨㄚ ㄇㄧㄥˊ	動漫	1	24	absent			-7.354194117		未聞/花名	5.922830353	未聞/花名	5.922830353	未聞花明	未聞花名	未聞/花/明	未聞花名	True	True	1		phrase.anime.tsv	1199	
未遂犯	ㄨㄟˋ ㄙㄨㄟˋ ㄈㄢˋ	法律	1	10	absent			-7.354194117						未遂犯	未遂犯	未遂/犯	未遂/犯	False	True	1		phrase.law.tsv	101	
末端配送	ㄇㄛˋ ㄉㄨㄢ ㄆㄟˋ ㄙㄨㄥˋ	交通物流	1	10	absent			-7.354194117						末端配送	末端配送	末端/配/送	末端配送	False	True	1		phrase.transport-logistics.tsv	57	
本土語教育	ㄅㄣˇ ㄊㄨˇ ㄩˇ ㄐㄧㄠˋ ㄩˋ	教育	1	4	absent			-7.354194117						本土語教育	本土語教育	本土/語/教育	本土語教育	False	True	1		phrase.education.tsv	67	
本城蓮	ㄅㄣˇ ㄔㄥˊ ㄌㄧㄢˊ	動漫	1	16	absent			-7.354194117						本成連	本城蓮	本/成/連	本城蓮	True	True	1		phrase.anime.tsv	1200	
本字	ㄅㄣˇ ㄗˋ	中文	1	13	absent			-7.354194117						本自	本自	本/自	本/自	False	False	1		phrase.chinese.tsv	77	
本田未央	ㄅㄣˇ ㄊㄧㄢˊ ㄨㄟˋ ㄧㄤ	動漫	1	14	absent			-7.354194117		本田/未央	5.144679103	本田/未央	5.144679103	本甜味央	本田未央	本/甜味/央	本田未央	True	True	1		phrase.anime.tsv	1201	
本田透	ㄅㄣˇ ㄊㄧㄢˊ ㄊㄡˋ	動漫	1	22	absent			-7.354194117						本田透	本田透	本田/透	本田透	False	True	1		phrase.anime.tsv	1202	
本田速人	ㄅㄣˇ ㄊㄧㄢˊ ㄙㄨˋ ㄖㄣˊ	動漫	1	14	absent			-7.354194117						本田速人	本田速人	本田/速/人	本田速人	False	True	1		phrase.anime.tsv	1203	
本間芽衣子	ㄅㄣˇ ㄐㄧㄢ ㄧㄚˊ ㄧ ㄗ˙	動漫	1	19	absent			-7.354194117						本箋牙醫子	本間芽衣子	本/箋/牙醫/子	本間芽衣子	True	True	1		phrase.anime.tsv	1204	
札克席茲	ㄓㄚˊ ㄎㄜˋ ㄒㄧˊ ㄗ	動漫	1	12	absent			-7.354194117						閘客習資	札克席茲	閘/客/習/資	札克席茲	True	True	1		phrase.anime.tsv	1205	
朱一貴事件	ㄓㄨ ㄧ ㄍㄨㄟˋ ㄕˋ ㄐㄧㄢˋ	歷史	1	4	absent			-7.354194117						列一貴事件	朱一貴事件	列/一/貴/事件	朱一貴事件	True	True	1		phrase.history.tsv	92	
朱伊斯	ㄓㄨ ㄧ ㄙ	動漫	1	11	absent			-7.354194117						列一司	朱伊斯	列/一/司	朱伊斯	True	True	1		phrase.anime.tsv	1206	
朱菜	ㄓㄨ ㄘㄞˋ	動漫	1	15	absent	豬菜	-7.053164122	-7.354194117	-0.301029996			豬菜	-0.301029996	豬菜	豬菜	豬菜	豬菜	False	False	2	豬菜	phrase.anime.tsv	1207	
朴武真	ㄆㄨˊ ㄨˇ ㄓㄣ	動漫	1	11	absent			-7.354194117						葡五針	朴武真	葡/五/針	朴武真	True	True	1		phrase.anime.tsv	1208	
朵拉	ㄉㄨㄛˇ ㄌㄚ	動漫	1	15	absent			-7.354194117						躲拉	朵拉	躲/拉	朵拉	True	True	1		phrase.anime.tsv	1209	
朽木白哉	ㄒㄧㄡˇ ㄇㄨˋ ㄅㄞˊ ㄗㄞ	動漫	1	12	absent			-7.354194117						朽木白災	朽木白哉	朽木/白/災	朽木白哉	True	True	1		phrase.anime.tsv	1210	
朽木露琪亞	ㄒㄧㄡˇ ㄇㄨˋ ㄌㄨˋ ㄑㄧˊ ㄧㄚˇ	動漫	1	21	absent			-7.354194117						休目錄其亞	朽木露琪亞	休/目錄/其/亞	朽木露琪亞	True	True	1		phrase.anime.tsv	1211	
杉下京太郎	ㄕㄢ ㄒㄧㄚˋ ㄐㄧㄥ ㄊㄞˋ ㄌㄤˊ	動漫	1	15	absent			-7.354194117						山下經太郎	杉下京太郎	山下/經/太郎	杉下京太郎	True	True	1		phrase.anime.tsv	1212	
杉元	ㄕㄢ ㄩㄢˊ	動漫	1	14	absent	山園	-7.354194117	-7.354194117	0.0			山園	0.0	山員	山員	山/員	山/員	False	False	2	山園	phrase.anime.tsv	1213	
杉元佐一	ㄕㄢ ㄩㄢˊ ㄗㄨㄛˇ ㄧ	動漫	1	21	absent			-7.354194117						山員左一	杉元佐一	山/員/左/一	杉元佐一	True	True	1		phrase.anime.tsv	1214	
杉山高志	ㄕㄢ ㄕㄢ ㄍㄠ ㄓˋ	動漫	1	14	absent			-7.354194117						山山高至	杉山高志	山/山高/至	杉山高志	True	True	1		phrase.anime.tsv	1215	
杉崎鍵	ㄕㄢ ㄑㄧˊ ㄐㄧㄢˋ	動漫	1	18	absent			-7.354194117						山旗艦	杉崎鍵	山/旗艦	杉崎鍵	True	True	1		phrase.anime.tsv	1216	
李娜莉李	ㄌㄧˇ ㄋㄚˋ ㄌㄧˋ ㄌㄧˇ	動漫	1	14	absent			-7.354194117						理那力理	李娜莉李	理/那/力/理	李娜莉李	True	True	1		phrase.anime.tsv	1217	
李小狼	ㄌㄧˇ ㄒㄧㄠˇ ㄌㄤˊ	動漫	1	17	absent			-7.354194117						理小郎	李小狼	理/小/郎	李小狼	True	True	1		phrase.anime.tsv	1218	
李斯特菌	ㄌㄧˇ ㄙ ㄊㄜˋ ㄐㄩㄣ	農業食品	1	12	absent			-7.354194117						李斯特軍	李斯特軍	李斯特/軍	李斯特/軍	False	False	1		phrase.agriculture-food.tsv	22	
李月龍	ㄌㄧˇ ㄩㄝˋ ㄌㄨㄥˊ	動漫	1	16	absent			-7.354194117						禮樂龍	禮樂龍	禮樂/龍	禮樂/龍	False	False	1		phrase.anime.tsv	1219	
李牧	ㄌㄧˇ ㄇㄨˋ	動漫	1	11	absent			-7.354194117						理目	理目	理/目	理/目	False	False	1		phrase.anime.tsv	1220	
材料工程	ㄘㄞˊ ㄌㄧㄠˋ ㄍㄨㄥ ㄔㄥˊ	材料化工	1	12	absent			-7.354194117		材料/工程	1.123032516	材料/工程	1.123032516	材料工程	材料工程	材料/工程	材料/工程	False	True	1		phrase.materials-chemistry.tsv	48	
材料科學	ㄘㄞˊ ㄌㄧㄠˋ ㄎㄜ ㄒㄩㄝˊ	材料化工	1	11	absent			-7.354194117		材料/科學	1.054787941	材料/科學	1.054787941	材料科學	材料科學	材料/科學	材料/科學	False	True	1		phrase.materials-chemistry.tsv	49	
材料試驗	ㄘㄞˊ ㄌㄧㄠˋ ㄕˋ ㄧㄢˋ	建築土木	1	13	absent			-7.354194117		材料/試驗	1.977514985	材料/試驗	1.977514985	材料試驗	材料試驗	材料/試驗	材料/試驗	False	True	1		phrase.civil-engineering.tsv	119	
村坂梓	ㄘㄨㄣ ㄅㄢˇ ㄗˇ	動漫	1	12	absent			-7.354194117						村版子	村坂梓	村/版/子	村坂梓	True	True	1		phrase.anime.tsv	1221	
村尾修子	ㄘㄨㄣ ㄨㄟˇ ㄒㄧㄡ ㄗ˙	動漫	1	13	absent			-7.354194117						村委修子	村尾修子	村/委/修/子	村尾修子	True	True	1		phrase.anime.tsv	1222	
村重結月	ㄘㄨㄣ ㄓㄨㄥˋ ㄐㄧㄝˊ ㄩㄝˋ	動漫	1	13	absent			-7.354194117						村重結月	村重結月	村/重/結/月	村重結月	False	True	1		phrase.anime.tsv	1223	
村野里美	ㄘㄨㄣ ㄧㄝˇ ㄌㄧˇ ㄇㄟˇ	動漫	1	16	absent			-7.354194117						村也理美	村野里美	村/也/理/美	村野里美	True	True	1		phrase.anime.tsv	1224	
杜山詩惠美	ㄉㄨˋ ㄕㄢ ㄕ ㄏㄨㄟˋ ㄇㄟˇ	動漫	1	14	absent			-7.354194117						度山師會美	杜山詩惠美	度/山/師/會/美	杜山詩惠美	True	True	1		phrase.anime.tsv	1226	
杜拉瓦利	ㄉㄨˋ ㄌㄚ ㄨㄚˇ ㄌㄧˋ	動漫	1	20	absent			-7.354194117						度拉瓦礫	杜拉瓦利	度/拉/瓦礫	杜拉瓦利	True	True	1		phrase.anime.tsv	1227	
杜諾爾	ㄉㄨˋ ㄋㄨㄛˋ ㄦˇ	動漫	1	11	absent			-7.354194117						度諾爾	杜諾爾	度/諾/爾	杜諾爾	True	True	1		phrase.anime.tsv	1228	
杰哈	ㄐㄧㄝˊ ㄏㄚ	動漫	1	13	absent			-7.354194117						截哈	截哈	截/哈	截/哈	False	False	1		phrase.anime.tsv	1229	
東京卍會	ㄉㄨㄥ ㄐㄧㄥ ㄨㄢˋ ㄏㄨㄟˋ	動漫	1	14	absent			-7.354194117						東京萬會	東京卍會	東京/萬/會	東京卍會	True	True	1		phrase.anime.tsv	1230	
東京喰種	ㄉㄨㄥ ㄐㄧㄥ ㄘㄢ ㄓㄨㄥˇ	動漫	1	23	absent			-7.354194117						東京參種	東京喰種	東京/參/種	東京喰種	True	True	1		phrase.anime.tsv	1231	
東京復仇者	ㄉㄨㄥ ㄐㄧㄥ ㄈㄨˋ ㄔㄡˊ ㄓㄜˇ	動漫	1	24	absent			-7.354194117		東京/復仇者	3.740457976	東京/復仇者	3.740457976	東京復仇者	東京復仇者	東京/復仇者	東京復仇者	False	True	1		phrase.anime.tsv	1232	
東和馬	ㄉㄨㄥ ㄏㄜˊ ㄇㄚˇ	動漫	1	16	absent			-7.354194117						東荷馬	東和馬	東/荷馬	東和馬	True	True	1		phrase.anime.tsv	1233	
東堂盡八	ㄉㄨㄥ ㄊㄤˊ ㄐㄧㄣˋ ㄅㄚ	動漫	1	11	absent			-7.354194117						東堂進八	東堂盡八	東/堂/進/八	東堂盡八	True	True	1		phrase.anime.tsv	1234	
東方仗助	ㄉㄨㄥ ㄈㄤ ㄓㄤˋ ㄓㄨˋ	動漫	1	16	absent			-7.354194117						東方障助	東方仗助	東方/障/助	東方仗助	True	True	1		phrase.anime.tsv	1235	
東條希	ㄉㄨㄥ ㄊㄧㄠˊ ㄒㄧ	動漫	1	10	absent			-7.354194117						東條西	東條希	東/條/西	東條希	True	True	1		phrase.anime.tsv	1236	
東雲名乃	ㄉㄨㄥ ㄩㄣˊ ㄇㄧㄥˊ ㄋㄞˇ	動漫	1	14	absent			-7.354194117						東雲明乃	東雲名乃	東/雲/明/乃	東雲名乃	True	True	1		phrase.anime.tsv	1237	
松前緒花	ㄙㄨㄥ ㄑㄧㄢˊ ㄒㄩˋ ㄏㄨㄚ	動漫	1	17	absent			-7.354194117						鬆前續花	松前緒花	鬆/前/續/花	松前緒花	True	True	1		phrase.anime.tsv	1238	
松岡凜	ㄙㄨㄥ ㄍㄤ ㄌㄧㄣˇ	動漫	1	14	absent			-7.354194117						鬆剛凜	松岡凜	鬆/剛/凜	松岡凜	True	True	1		phrase.anime.tsv	1239	
松浦果南	ㄙㄨㄥ ㄆㄨˇ ㄍㄨㄛˇ ㄋㄢˊ	動漫	1	15	absent			-7.354194117						鬆普果南	松浦果南	鬆/普/果/南	松浦果南	True	True	1		phrase.anime.tsv	1240	
松野千冬	ㄙㄨㄥ ㄧㄝˇ ㄑㄧㄢ ㄉㄨㄥ	動漫	1	13	absent			-7.354194117						鬆也簽東	松野千冬	鬆/也/簽/東	松野千冬	True	True	1		phrase.anime.tsv	1241	
松雪集	ㄙㄨㄥ ㄒㄩㄝˇ ㄐㄧˊ	動漫	1	15	absent			-7.354194117						鬆雪及	松雪集	鬆/雪/及	松雪集	True	True	1		phrase.anime.tsv	1242	
析出強化	ㄒㄧ ㄔㄨ ㄑㄧㄤˊ ㄏㄨㄚˋ	材料化工	1	10	absent			-7.354194117		西出/強化	3.33234354	西出/強化	3.33234354	西出強化	析出強化	西/出/強化	析出強化	True	True	1		phrase.materials-chemistry.tsv	50	
析字	ㄒㄧ ㄗˋ	中文	1	11	absent			-7.354194117						西自	西自	西/自	西/自	False	False	1		phrase.chinese.tsv	81	
林克斯	ㄌㄧㄣˊ ㄎㄜˋ ㄙ	動漫	1	18	absent			-7.354194117						林客司	林克斯	林/客/司	林克斯	True	True	1		phrase.anime.tsv	1243	
林爽文事件	ㄌㄧㄣˊ ㄕㄨㄤˇ ㄨㄣˊ ㄕˋ ㄐㄧㄢˋ	歷史	1	5	absent			-7.354194117						林爽文事件	林爽文事件	林/爽/文/事件	林爽文事件	False	True	1		phrase.history.tsv	93	
林田奈奈	ㄌㄧㄣˊ ㄊㄧㄢˊ ㄋㄞˋ ㄋㄞˋ	動漫	1	14	absent			-7.354194117						林田耐耐	林田奈奈	林/田/耐/耐	林田奈奈	True	True	1		phrase.anime.tsv	1244	
架印	ㄐㄧㄚˋ ㄧㄣˋ	動漫	1	10	absent			-7.354194117						價印	價印	價/印	價/印	False	False	1		phrase.anime.tsv	1245	
柊司	ㄓㄨㄥ ㄙ	動漫	1	15	absent	螽斯	-5.973982876	-7.354194117	-1.380211242			螽斯	-1.380211242	中司	中司	中/司	中/司	False	False	2	螽斯	phrase.anime.tsv	1246	
柊鏡	ㄓㄨㄥ ㄐㄧㄥˋ	動漫	1	17	absent			-7.354194117						中境	中境	中/境	中/境	False	False	1		phrase.anime.tsv	1247	
柏崎茜	ㄅㄛˊ ㄑㄧˊ ㄑㄧㄢˋ	動漫	1	9	absent			-7.354194117						柏其欠	柏崎茜	柏/其/欠	柏崎茜	True	True	1		phrase.anime.tsv	1248	
柏林危機	ㄅㄛˊ ㄌㄧㄣˊ ㄨㄟˊ ㄐㄧ	歷史	1	10	absent			-7.354194117		柏林/危機	2.123244768	柏林/危機	2.123244768	柏林危機	柏林危機	柏林/危機	柏林/危機	False	True	1		phrase.history.tsv	94	
柔性路面	ㄖㄡˊ ㄒㄧㄥˋ ㄌㄨˋ ㄇㄧㄢˋ	建築土木	1	9	absent			-7.354194117		柔性/路面	3.970378751	柔性/路面	3.970378751	柔性路面	柔性路面	柔性/路面	柔性/路面	False	True	1		phrase.civil-engineering.tsv	120	
查士丁尼	ㄔㄚˊ ㄕˋ ㄉㄧㄥ ㄋㄧˊ	歷史	1	12	absent			-7.354194117						查是丁呢	查士丁尼	查/是/丁/呢	查士丁尼	True	True	1		phrase.history.tsv	95	
柯魯特奧	ㄎㄜ ㄌㄨˇ ㄊㄜˋ ㄠˋ	動漫	1	14	absent			-7.354194117						科魯特奧	柯魯特奧	科/魯/特/奧	柯魯特奧	True	True	1		phrase.anime.tsv	1250	
柳之	ㄌㄧㄡˇ ㄓ	動漫	1	15	absent	柳枝	-6.178102858	-7.354194117	-1.176091259			柳枝	-1.176091259	柳枝	柳枝	柳枝	柳枝	False	False	2	柳枝	phrase.anime.tsv	1251	
柳澤光央	ㄌㄧㄡˇ ㄗㄜˊ ㄍㄨㄤ ㄧㄤ	動漫	1	12	absent			-7.354194117						柳則光央	柳澤光央	柳/則/光/央	柳澤光央	True	True	1		phrase.anime.tsv	1252	
柿花	ㄕˋ ㄏㄨㄚ	動漫	1	16	absent			-7.354194117						是花	是花	是/花	是/花	False	False	1		phrase.anime.tsv	1253	
栗原萬里	ㄌㄧˋ ㄩㄢˊ ㄨㄢˋ ㄌㄧˇ	動漫	1	9	absent			-7.354194117		利源/萬里	5.139350269	利源/萬里	5.139350269	立員萬里	栗原萬里	立/員/萬里	栗原萬里	True	True	1		phrase.anime.tsv	1254	
校讎	ㄒㄧㄠˋ ㄔㄡˊ	中文	1	12	absent			-7.354194117						笑籌	笑籌	笑/籌	笑/籌	False	False	1		phrase.chinese.tsv	83	
核備	ㄏㄜˊ ㄅㄟˋ	公務員公文	1	8	0			-7.354194117						和被	和被	和/被	和/被	False	False	1		phrase.government.tsv	43	
核子物理	ㄏㄜˊ ㄗˇ ㄨˋ ㄌㄧˇ	科學	1	10	absent			-7.354194117		核子/物理	2.553641992	核子/物理	2.553641992	核子物理	核子物理	核子/物理	核子/物理	False	True	1		phrase.science.tsv	35	
核心筒構造	ㄏㄜˊ ㄒㄧㄣ ㄊㄨㄥˇ ㄍㄡˋ ㄗㄠˋ	建築土木	1	4	absent			-7.354194117						核心筒構造	核心筒構造	核心/筒/構造	核心筒構造	False	True	1		phrase.civil-engineering.tsv	121	
核銷案件	ㄏㄜˊ ㄒㄧㄠ ㄢˋ ㄐㄧㄢˋ	公務員公文	1	15	absent			-7.354194117		核銷/案件	3.215575683	核銷/案件	3.215575683	核銷案件	核銷案件	核銷/案件	核銷案件	False	True	1		phrase.government.tsv	47	
根島由佳吏	ㄍㄣ ㄉㄠˇ ㄧㄡˊ ㄐㄧㄚ ㄌㄧˋ	動漫	1	16	absent			-7.354194117						跟導尤加利	根島由佳吏	跟/導/尤加利	根島由佳吏	True	True	1		phrase.anime.tsv	1256	
根津讓二	ㄍㄣ ㄐㄧㄣ ㄖㄤˋ ㄦˋ	動漫	1	12	absent			-7.354194117						跟今讓二	根津讓二	跟/今/讓/二	根津讓二	True	True	1		phrase.anime.tsv	1257	
格蕾	ㄍㄜˊ ㄌㄟˇ	動漫	1	17	absent			-7.354194117						隔累	隔累	隔/累	隔/累	False	False	1		phrase.anime.tsv	1258	
格雷	ㄍㄜˊ ㄌㄟˊ	動漫	1	26	absent			-7.354194117						隔雷	隔雷	隔/雷	隔/雷	False	False	1		phrase.anime.tsv	1259	
格雷拉特	ㄍㄜˊ ㄌㄟˊ ㄌㄚ ㄊㄜˋ	動漫	1	22	absent			-7.354194117						隔雷拉特	格雷拉特	隔/雷/拉/特	格雷拉特	True	True	1		phrase.anime.tsv	1260	
桂小太郎	ㄍㄨㄟˋ ㄒㄧㄠˇ ㄊㄞˋ ㄌㄤˊ	動漫	1	12	absent			-7.354194117						貴小太郎	桂小太郎	貴/小/太郎	桂小太郎	True	True	1		phrase.anime.tsv	1261	
桂木彌子	ㄍㄨㄟˋ ㄇㄨˋ ㄇㄧˊ ㄗ˙	動漫	1	15	absent			-7.354194117						貴目迷子	桂木彌子	貴/目/迷/子	桂木彌子	True	True	1		phrase.anime.tsv	1262	
桂雛菊	ㄍㄨㄟˋ ㄔㄨˊ ㄐㄩˊ	動漫	1	13	absent			-7.354194117						貴雛菊	桂雛菊	貴/雛菊	桂雛菊	True	True	1		phrase.anime.tsv	1263	
桃喰綺羅莉	ㄊㄠˊ ㄘㄢ ㄑㄧˇ ㄌㄨㄛˊ ㄌㄧˋ	動漫	1	14	absent			-7.354194117						桃參起蘿莉	桃喰綺羅莉	桃/參/起/蘿莉	桃喰綺羅莉	True	True	1		phrase.anime.tsv	1264	
桃園奈奈生	ㄊㄠˊ ㄩㄢˊ ㄋㄞˋ ㄋㄞˋ ㄕㄥ	動漫	1	20	absent			-7.354194117						桃園耐耐生	桃園奈奈生	桃園/耐/耐/生	桃園奈奈生	True	True	1		phrase.anime.tsv	1265	
桃源暗鬼	ㄊㄠˊ ㄩㄢˊ ㄢˋ ㄍㄨㄟˇ	動漫	1	19	absent			-7.354194117						桃園案鬼	桃源暗鬼	桃園/案/鬼	桃源暗鬼	True	True	1		phrase.anime.tsv	1267	
桃瀨成海	ㄊㄠˊ ㄌㄞˋ ㄔㄥˊ ㄏㄞˇ	動漫	1	20	absent			-7.354194117						桃來成海	桃瀨成海	桃/來/成/海	桃瀨成海	True	True	1		phrase.anime.tsv	1268	
框架效應	ㄎㄨㄤ ㄐㄧㄚˋ ㄒㄧㄠˋ ㄧㄥˋ	心理社會	1	10	absent			-7.354194117		框架/效應	2.744984021	框架/效應	2.744984021	框架效應	框架效應	框架/效應	框架/效應	False	True	1		phrase.psychology-society.tsv	37	
框架理論	ㄎㄨㄤ ㄐㄧㄚˋ ㄌㄧˇ ㄌㄨㄣˋ	媒體設計	1	10	absent			-7.354194117		框架/理論	2.253685723	框架/理論	2.253685723	框架理論	框架理論	框架/理論	框架/理論	False	True	1		phrase.media-design.tsv	55	
桐人	ㄊㄨㄥˊ ㄖㄣˊ	動漫	1	24	absent	同仁|同人|瞳仁	-4.510961339	-7.354194117	-2.843232778			同仁	-2.843232778	同仁	同仁	同仁	同仁	False	False	4	同人|同仁|瞳仁|銅人	phrase.anime.tsv	1269	
桐山零	ㄊㄨㄥˊ ㄕㄢ ㄌㄧㄥˊ	動漫	1	20	absent			-7.354194117						同山陵	桐山零	同/山陵	桐山零	True	True	1		phrase.anime.tsv	1270	
桐敷沙子	ㄊㄨㄥˊ ㄈㄨ ㄕㄚ ㄗ˙	動漫	1	12	absent			-7.354194117						同不沙子	桐敷沙子	同/不/沙子	桐敷沙子	True	True	1		phrase.anime.tsv	1271	
桐生剎那	ㄊㄨㄥˊ ㄕㄥ ㄔㄚˋ ㄋㄚˋ	動漫	1	12	absent			-7.354194117		同聲/剎那	3.392678106	同聲/剎那	3.392678106	同生剎那	桐生剎那	同/生/剎那	桐生剎那	True	True	1		phrase.anime.tsv	1272	
桐谷和人	ㄊㄨㄥˊ ㄍㄨˇ ㄏㄜˊ ㄖㄣˊ	動漫	1	22	absent			-7.354194117		銅鼓/何人	3.460432355	銅鼓/何人	3.460432355	銅鼓何人	桐谷和人	銅鼓/何人	桐谷和人	True	True	1		phrase.anime.tsv	1273	
桐谷直葉	ㄊㄨㄥˊ ㄍㄨˇ ㄓˊ ㄧㄝˋ	動漫	1	16	absent			-7.354194117		銅鼓/職業	2.747705267	銅鼓/職業	2.747705267	銅鼓職業	桐谷直葉	銅鼓/職業	桐谷直葉	True	True	1		phrase.anime.tsv	1274	
桐間紗路	ㄊㄨㄥˊ ㄐㄧㄢ ㄕㄚ ㄌㄨˋ	動漫	1	11	absent			-7.354194117						同間殺戮	桐間紗路	同/間/殺戮	桐間紗路	True	True	1		phrase.anime.tsv	1275	
桑原和真	ㄙㄤ ㄩㄢˊ ㄏㄜˊ ㄓㄣ	動漫	1	18	absent			-7.354194117						桑員和真	桑原和真	桑/員/和/真	桑原和真	True	True	1		phrase.anime.tsv	1276	
梁柱修復	ㄌㄧㄤˊ ㄓㄨˋ ㄒㄧㄡ ㄈㄨˋ	建築土木	1	9	absent			-7.354194117		梁柱/修復	4.76312951	梁柱/修復	4.76312951	梁柱修復	梁柱修復	梁柱/修復	梁柱/修復	False	True	1		phrase.civil-engineering.tsv	123	
梁柱施工	ㄌㄧㄤˊ ㄓㄨˋ ㄕ ㄍㄨㄥ	建築土木	1	10	absent			-7.354194117		梁柱/施工	4.36831876	梁柱/施工	4.36831876	梁柱施工	梁柱施工	梁柱/施工	梁柱/施工	False	True	1		phrase.civil-engineering.tsv	124	
梁柱檢驗	ㄌㄧㄤˊ ㄓㄨˋ ㄐㄧㄢˇ ㄧㄢˋ	建築土木	1	11	absent			-7.354194117		梁柱/檢驗	4.331353507	梁柱/檢驗	4.331353507	梁柱檢驗	梁柱檢驗	梁柱/檢驗	梁柱/檢驗	False	True	1		phrase.civil-engineering.tsv	125	
梁柱監測	ㄌㄧㄤˊ ㄓㄨˋ ㄐㄧㄢ ㄘㄜˋ	建築土木	1	10	absent			-7.354194117		梁柱/監測	4.714707628	梁柱/監測	4.714707628	梁柱監測	梁柱監測	梁柱/監測	梁柱/監測	False	True	1		phrase.civil-engineering.tsv	126	
梁柱補強	ㄌㄧㄤˊ ㄓㄨˋ ㄅㄨˇ ㄑㄧㄤˊ	建築土木	1	9	absent			-7.354194117		梁柱/補強	5.201905773	梁柱/補強	5.201905773	梁柱補強	梁柱補強	梁柱/補強	梁柱/補強	False	True	1		phrase.civil-engineering.tsv	127	
梁柱設計	ㄌㄧㄤˊ ㄓㄨˋ ㄕㄜˋ ㄐㄧˋ	建築土木	1	12	absent			-7.354194117		梁柱/設計	3.365992017	梁柱/設計	3.365992017	梁柱設計	梁柱設計	梁柱/設計	梁柱/設計	False	True	1		phrase.civil-engineering.tsv	128	
梅克爾	ㄇㄟˊ ㄎㄜˋ ㄦˇ	人名-當代	1	13	0			-7.354194117						沒克爾	梅克爾	沒/克爾	梅克爾	True	True	1		phrase.people-contemporary.tsv	24	
梅宮一	ㄇㄟˊ ㄍㄨㄥ ㄧ	動漫	1	17	absent			-7.354194117						沒公一	梅宮一	沒/公/一	梅宮一	True	True	1		phrase.anime.tsv	1278	
梅茵	ㄇㄟˊ ㄧㄣ	動漫	1	19	absent			-7.354194117						沒因	沒因	沒/因	沒/因	False	False	1		phrase.anime.tsv	1279	
梅菲斯特	ㄇㄟˊ ㄈㄟ ㄙ ㄊㄜˋ	動漫	1	11	absent			-7.354194117						沒非司特	梅菲斯特	沒/非/司/特	梅菲斯特	True	True	1		phrase.anime.tsv	1280	
梅迪西斯	ㄇㄟˊ ㄉㄧˊ ㄒㄧ ㄙ	動漫	1	16	absent			-7.354194117						沒的溪司	梅迪西斯	沒/的/溪/司	梅迪西斯	True	True	1		phrase.anime.tsv	1281	
梅里奧達斯	ㄇㄟˊ ㄌㄧˇ ㄠˋ ㄉㄚˊ ㄙ	動漫	1	20	absent			-7.354194117						沒理奧達司	梅里奧達斯	沒/理/奧/達/司	梅里奧達斯	True	True	1		phrase.anime.tsv	1282	
梅麗莎毛	ㄇㄟˊ ㄌㄧˋ ㄕㄚ ㄇㄠˊ	動漫	1	11	absent			-7.354194117						沒力殺毛	梅麗莎毛	沒/力/殺/毛	梅麗莎毛	True	True	1		phrase.anime.tsv	1283	
梓川咲太	ㄗˇ ㄔㄨㄢ ㄒㄧㄠˋ ㄊㄞˋ	動漫	1	20	absent			-7.354194117						子穿校太	梓川咲太	子/穿/校/太	梓川咲太	True	True	1		phrase.anime.tsv	1284	
梓川月乃	ㄗˇ ㄔㄨㄢ ㄩㄝˋ ㄋㄞˇ	動漫	1	12	absent			-7.354194117						子穿越乃	梓川月乃	子/穿越/乃	梓川月乃	True	True	1		phrase.anime.tsv	1285	
條件與期限	ㄊㄧㄠˊ ㄐㄧㄢˋ ㄩˇ ㄑㄧˊ ㄒㄧㄢˋ	法律	1	5	absent			-7.354194117						條件與期限	條件與期限	條件/與/期限	條件與期限	False	True	1		phrase.law.tsv	102	
條件複句	ㄊㄧㄠˊ ㄐㄧㄢˋ ㄈㄨˋ ㄐㄩˋ	中文	1	12	absent			-7.354194117		條件/複句	2.204082692	條件/複句	2.204082692	條件複句	條件複句	條件/複句	條件/複句	False	True	1		phrase.chinese.tsv	84	
條形基礎	ㄊㄧㄠˊ ㄒㄧㄥˊ ㄐㄧ ㄔㄨˇ	建築土木	1	10	absent			-7.354194117		條型/基礎	3.348413217	條型/基礎	3.348413217	調行基礎	條形基礎	調/行/基礎	條形基礎	True	True	1		phrase.civil-engineering.tsv	129	
條碼支付	ㄊㄧㄠˊ ㄇㄚˇ ㄓ ㄈㄨˋ	一般	1	8	absent			-7.354194117		條碼/支付	2.937154442	條碼/支付	2.937154442	條碼支付	條碼支付	條碼/支付	條碼支付	False	True	1		phrase.general.tsv	77	
條碼管理	ㄊㄧㄠˊ ㄇㄚˇ ㄍㄨㄢˇ ㄌㄧˇ	交通物流	1	12	absent			-7.354194117		條碼/管理	2.105632376	條碼/管理	2.105632376	條碼管理	條碼管理	條碼/管理	條碼/管理	False	True	1		phrase.transport-logistics.tsv	58	
條約體系	ㄊㄧㄠˊ ㄩㄝ ㄊㄧˇ ㄒㄧˋ	歷史	1	10	absent			-7.354194117		條約/體系	2.215279101	條約/體系	2.215279101	條約體系	條約體系	條約/體系	條約體系	False	True	1		phrase.history.tsv	96	
梨花妃	ㄌㄧˊ ㄏㄨㄚ ㄈㄟ	動漫	1	13	absent			-7.354194117						離花非	梨花妃	離/花/非	梨花妃	True	True	1		phrase.anime.tsv	1286	
梯度下降	ㄊㄧ ㄉㄨˋ ㄒㄧㄚˋ ㄐㄧㄤˋ	AI資料科學	1	11	absent			-7.354194117		梯度/下降	3.844319832	梯度/下降	3.844319832	梯度下降	梯度下降	梯度/下降	梯度下降	False	True	1		phrase.ai-data-science.tsv	100	
梶秋彥	ㄨㄟˇ ㄑㄧㄡ ㄧㄢˋ	動漫	1	12	absent			-7.354194117						委秋驗	梶秋彥	委/秋/驗	梶秋彥	True	True	1		phrase.anime.tsv	1287	
棋靈王	ㄑㄧˊ ㄌㄧㄥˊ ㄨㄤˊ	動漫	1	22	absent			-7.354194117						其靈王	棋靈王	其/靈/王	棋靈王	True	True	1		phrase.anime.tsv	1288	
棒球大聯盟	ㄅㄤˋ ㄑㄧㄡˊ ㄉㄚˋ ㄌㄧㄢˊ ㄇㄥˊ	動漫	1	20	absent			-7.354194117		棒球/大聯盟	2.540833334	棒球/大聯盟	2.540833334	棒球大聯盟	棒球大聯盟	棒球/大聯盟	棒球大聯盟	False	True	1		phrase.anime.tsv	1289	
棗恭介	ㄗㄠˇ ㄍㄨㄥ ㄐㄧㄝˋ	動漫	1	14	absent			-7.354194117						早公界	棗恭介	早/公/界	棗恭介	True	True	1		phrase.anime.tsv	1290	
棗鈴	ㄗㄠˇ ㄌㄧㄥˊ	動漫	1	15	absent			-7.354194117						早靈	早靈	早/靈	早/靈	False	False	1		phrase.anime.tsv	1291	
森之宮羊子	ㄙㄣ ㄓ ㄍㄨㄥ ㄧㄤˊ ㄗ˙	動漫	1	10	absent			-7.354194117						森之公羊子	森之宮羊子	森/之/公羊/子	森之宮羊子	True	True	1		phrase.anime.tsv	1292	
森嶋帆高	ㄙㄣ ㄉㄠˇ ㄈㄢˊ ㄍㄠ	動漫	1	23	absent			-7.354194117						森導繁高	森嶋帆高	森/導/繁/高	森嶋帆高	True	True	1		phrase.anime.tsv	1293	
森田忍	ㄙㄣ ㄊㄧㄢˊ ㄖㄣˇ	動漫	1	11	absent			-7.354194117						森田忍	森田忍	森/田/忍	森田忍	False	True	1		phrase.anime.tsv	1294	
森羅日下部	ㄙㄣ ㄌㄨㄛˊ ㄖˋ ㄒㄧㄚˋ ㄅㄨˋ	動漫	1	20	absent			-7.354194117						森羅日下不	森羅日下部	森/羅/日下/不	森羅日下部	True	True	1		phrase.anime.tsv	1295	
植入式	ㄓˊ ㄖㄨˋ ㄕˋ	醫學	1	10	absent			-7.354194117						植入是	植入式	植入/是	植入式	True	True	1		phrase.medicine.tsv	122	
植栽工程	ㄓˊ ㄗㄞ ㄍㄨㄥ ㄔㄥˊ	建築土木	1	12	absent			-7.354194117						職災工程	植栽工程	職/災/工程	植栽工程	True	True	1		phrase.civil-engineering.tsv	130	
植野直花	ㄓˊ ㄧㄝˇ ㄓˊ ㄏㄨㄚ	動漫	1	15	absent			-7.354194117						職也直花	植野直花	職/也/直/花	植野直花	True	True	1		phrase.anime.tsv	1296	
椎名深夏	ㄓㄨㄟ ㄇㄧㄥˊ ㄕㄣ ㄒㄧㄚˋ	動漫	1	12	absent			-7.354194117						追明身下	椎名深夏	追/明/身/下	椎名深夏	True	True	1		phrase.anime.tsv	1297	
椎名真冬	ㄓㄨㄟ ㄇㄧㄥˊ ㄓㄣ ㄉㄨㄥ	動漫	1	11	absent			-7.354194117						追明真東	椎名真冬	追/明/真/東	椎名真冬	True	True	1		phrase.anime.tsv	1298	
椎間盤突出	ㄓㄨㄟ ㄐㄧㄢ ㄆㄢˊ ㄊㄨˊ ㄔㄨ	醫學	1	3	absent			-7.354194117		椎間盤/突出	4.462099515	椎間盤/突出	4.462099515	椎間盤突出	椎間盤突出	椎間盤/突出	椎間盤/突出	False	True	1		phrase.medicine.tsv	123	
楓子	ㄈㄥ ㄗ˙	動漫	1	11	absent	瘋子	-5.877072863	-7.354194117	-1.477121255			瘋子	-1.477121255	風子	風子	風/子	風/子	False	False	2	瘋子	phrase.anime.tsv	1299	
楞次定律	ㄌㄥˊ ㄘˋ ㄉㄧㄥˋ ㄌㄩˋ	科學	1	9	absent			-7.354194117						楞次定律	楞次定律	楞/次/定律	楞次定律	False	True	1		phrase.science.tsv	36	
楡井秋彥	ㄩˊ ㄐㄧㄥˇ ㄑㄧㄡ ㄧㄢˋ	動漫	1	12	absent			-7.354194117						於井秋驗	楡井秋彥	於/井/秋/驗	楡井秋彥	True	True	1		phrase.anime.tsv	1300	
業外收支	ㄧㄝˋ ㄨㄞˋ ㄕㄡ ㄓ	財會金融	1	13	absent			-7.354194117						業外收支	業外收支	業/外/收支	業外收支	False	True	1		phrase.finance.tsv	75	
極紫外光	ㄐㄧˊ ㄗˇ ㄨㄞˋ ㄍㄨㄤ	晶片半導體	1	12	absent			-7.354194117						及紫外光	極紫外光	及/紫外光	極紫外光	True	True	1		phrase.semiconductor.tsv	81	
榊原恆一	ㄕㄣˊ ㄩㄢˊ ㄏㄥˊ ㄧ	動漫	1	18	absent			-7.354194117						什員衡一	榊原恆一	什/員/衡/一	榊原恆一	True	True	1		phrase.anime.tsv	1301	
榊逸仁	ㄕㄣˊ ㄧˋ ㄖㄣˊ	動漫	1	12	absent			-7.354194117						什一人	榊逸仁	什/一/人	榊逸仁	True	True	1		phrase.anime.tsv	1302	
構詞學	ㄍㄡˋ ㄘˊ ㄒㄩㄝˊ	中文	1	11	absent			-7.354194117						構詞學	構詞學	構詞/學	構詞/學	False	True	1		phrase.chinese.tsv	85	
槙島聖護	ㄉㄧㄢ ㄉㄠˇ ㄕㄥˋ ㄏㄨˋ	動漫	1	17	absent			-7.354194117						顛倒聖護	槙島聖護	顛倒/聖/護	槙島聖護	True	True	1		phrase.anime.tsv	1303	
槙田悠里	ㄉㄧㄢ ㄊㄧㄢˊ ㄧㄡ ㄌㄧˇ	動漫	1	14	absent			-7.354194117						拈田優理	槙田悠里	拈/田/優/理	槙田悠里	True	True	1		phrase.anime.tsv	1304	
樓板修復	ㄌㄡˊ ㄅㄢˇ ㄒㄧㄡ ㄈㄨˋ	建築土木	1	9	absent			-7.354194117		樓板/修復	3.520091462	樓板/修復	3.520091462	樓板修復	樓板修復	樓板/修復	樓板/修復	False	True	1		phrase.civil-engineering.tsv	133	
樓板施工	ㄌㄡˊ ㄅㄢˇ ㄕ ㄍㄨㄥ	建築土木	1	10	absent			-7.354194117		樓板/施工	3.125280711	樓板/施工	3.125280711	樓板施工	樓板施工	樓板/施工	樓板/施工	False	True	1		phrase.civil-engineering.tsv	134	
樓板檢驗	ㄌㄡˊ ㄅㄢˇ ㄐㄧㄢˇ ㄧㄢˋ	建築土木	1	11	absent			-7.354194117		樓板/檢驗	3.088315458	樓板/檢驗	3.088315458	樓板檢驗	樓板檢驗	樓板/檢驗	樓板/檢驗	False	True	1		phrase.civil-engineering.tsv	135	
樓板監測	ㄌㄡˊ ㄅㄢˇ ㄐㄧㄢ ㄘㄜˋ	建築土木	1	10	absent			-7.354194117		樓板/監測	3.471669579	樓板/監測	3.471669579	樓板監測	樓板監測	樓板/監測	樓板/監測	False	True	1		phrase.civil-engineering.tsv	136	
樓板補強	ㄌㄡˊ ㄅㄢˇ ㄅㄨˇ ㄑㄧㄤˊ	建築土木	1	9	absent			-7.354194117		樓板/補強	3.958867724	樓板/補強	3.958867724	樓板補強	樓板補強	樓板/補強	樓板/補強	False	True	1		phrase.civil-engineering.tsv	137	
樓板設計	ㄌㄡˊ ㄅㄢˇ ㄕㄜˋ ㄐㄧˋ	建築土木	1	12	absent			-7.354194117		樓板/設計	2.122953968	樓板/設計	2.122953968	樓板設計	樓板設計	樓板/設計	樓板/設計	False	True	1		phrase.civil-engineering.tsv	138	
標準元件庫	ㄅㄧㄠ ㄓㄨㄣˇ ㄩㄢˊ ㄐㄧㄢˋ ㄎㄨˋ	晶片半導體	1	5	absent			-7.354194117						標準元件庫	標準元件庫	標準/元件/庫	標準元件庫	False	True	1		phrase.semiconductor.tsv	82	
標準工時	ㄅㄧㄠ ㄓㄨㄣˇ ㄍㄨㄥ ㄕˊ	製造機械	1	12	absent			-7.354194117		標準/工時	2.042584339	標準/工時	2.042584339	標準工時	標準工時	標準/工時	標準/工時	False	True	1		phrase.manufacturing.tsv	60	
標準成本	ㄅㄧㄠ ㄓㄨㄣˇ ㄔㄥˊ ㄅㄣˇ	財會金融	1	12	absent			-7.354194117		標準/成本	0.849337387	標準/成本	0.849337387	標準成本	標準成本	標準/成本	標準/成本	False	True	1		phrase.finance.tsv	76	
標準鏡頭	ㄅㄧㄠ ㄓㄨㄣˇ ㄐㄧㄥˋ ㄊㄡˊ	媒體設計	1	12	absent			-7.354194117		標準/鏡頭	1.195445757	標準/鏡頭	1.195445757	標準鏡頭	標準鏡頭	標準/鏡頭	標準/鏡頭	False	True	1		phrase.media-design.tsv	56	
標籤理論	ㄅㄧㄠ ㄑㄧㄢ ㄌㄧˇ ㄌㄨㄣˋ	心理社會	1	10	absent			-7.354194117		標籤/理論	1.974435502	標籤/理論	1.974435502	標籤理論	標籤理論	標籤/理論	標籤/理論	False	True	1		phrase.psychology-society.tsv	38	
標註	ㄅㄧㄠ ㄓㄨˋ	AI資料科學	1	10	absent	標注	-6.354194117	-7.354194117	-1.0			標注	-1.0	標註	標註	標/註	標/註	False	True	2	標注	phrase.ai-data-science.tsv	102	
樞木朱雀	ㄕㄨ ㄇㄨˋ ㄓㄨ ㄑㄩㄝˋ	動漫	1	20	absent			-7.354194117						書目諸卻	樞木朱雀	書目/諸/卻	樞木朱雀	True	True	1		phrase.anime.tsv	1305	
模具壽命	ㄇㄨˊ ㄐㄩˋ ㄕㄡˋ ㄇㄧㄥˋ	製造機械	1	10	absent			-7.354194117						模具壽命	模具壽命	模/具/壽命	模具壽命	False	True	1		phrase.manufacturing.tsv	61	
模型推論	ㄇㄛˊ ㄒㄧㄥˊ ㄊㄨㄟ ㄌㄨㄣˋ	一般	1	13	absent			-7.354194117		模型/推論	2.778948524	模型/推論	2.778948524	模型推論	模型推論	模型/推論	模型/推論	False	True	1		phrase.general.tsv	79	
模型服務	ㄇㄛˊ ㄒㄧㄥˊ ㄈㄨˊ ㄨˋ	軟體科學	1	8	absent			-7.354194117		模型/服務	1.100469733	模型/服務	1.100469733	模型服務	模型服務	模型/服務	模型/服務	False	True	1		phrase.software.tsv	59	
模型訓練	ㄇㄛˊ ㄒㄧㄥˊ ㄒㄩㄣˋ ㄌㄧㄢˋ	一般	1	8	absent			-7.354194117		模型/訓練	1.489204508	模型/訓練	1.489204508	模型訓練	模型訓練	模型/訓練	模型/訓練	False	True	1		phrase.general.tsv	80	
模型風險	ㄇㄛˊ ㄒㄧㄥˊ ㄈㄥ ㄒㄧㄢˇ	財會金融	1	11	absent			-7.354194117		模型/風險	2.019444905	模型/風險	2.019444905	模型風險	模型風險	模型/風險	模型/風險	False	True	1		phrase.finance.tsv	78	
模擬分析	ㄇㄛˊ ㄋㄧˇ ㄈㄣ ㄒㄧ	工業工程	1	18	absent			-7.354194117		模擬/分析	1.420780737	模擬/分析	1.420780737	模擬分析	模擬分析	模擬/分析	模擬/分析	False	True	1		phrase.industrial-engineering.tsv	71	
模板修復	ㄇㄛˊ ㄅㄢˇ ㄒㄧㄡ ㄈㄨˋ	建築土木	1	9	absent			-7.354194117		模版/修復	3.617001475	模版/修復	3.617001475	模板修復	模板修復	模板/修復	模板/修復	False	True	1		phrase.civil-engineering.tsv	142	
模板工程	ㄇㄛˊ ㄅㄢˇ ㄍㄨㄥ ㄔㄥˊ	建築土木	1	11	absent			-7.354194117		模版/工程	2.538005864	模版/工程	2.538005864	模板工程	模板工程	模板/工程	模板/工程	False	True	1		phrase.civil-engineering.tsv	143	
模板施工	ㄇㄛˊ ㄅㄢˇ ㄕ ㄍㄨㄥ	建築土木	1	10	absent			-7.354194117		模版/施工	3.222190724	模版/施工	3.222190724	模板施工	模板施工	模板/施工	模板/施工	False	True	1		phrase.civil-engineering.tsv	144	
模流分析	ㄇㄛˊ ㄌㄧㄡˊ ㄈㄣ ㄒㄧ	製造機械	1	13	absent			-7.354194117						磨流分析	模流分析	磨/流/分析	模流分析	True	True	1		phrase.manufacturing.tsv	62	
樣式指南	ㄧㄤˋ ㄕˋ ㄓˇ ㄋㄢˊ	媒體設計	1	10	absent			-7.354194117		樣式/指南	3.276753533	樣式/指南	3.276753533	樣式指南	樣式指南	樣式/指南	樣式/指南	False	True	1		phrase.media-design.tsv	57	
樣本不平衡	ㄧㄤˋ ㄅㄣˇ ㄅㄨˋ ㄆㄧㄥˊ ㄏㄥˊ	AI資料科學	1	3	absent			-7.354194117		樣本/不平衡	3.795485547	樣本/不平衡	3.795485547	樣本不平衡	樣本不平衡	樣本/不平衡	樣本/不平衡	False	True	1		phrase.ai-data-science.tsv	104	
樺倉太郎	ㄏㄨㄚˋ ㄘㄤ ㄊㄞˋ ㄌㄤˊ	動漫	1	13	absent			-7.354194117						話蒼太郎	樺倉太郎	話/蒼/太郎	樺倉太郎	True	True	1		phrase.anime.tsv	1306	
橋式起重機	ㄑㄧㄠˊ ㄕˋ ㄑㄧˇ ㄓㄨㄥˋ ㄐㄧ	交通物流	1	4	absent			-7.354194117						橋是起重機	橋式起重機	橋/是/起重機	橋式起重機	True	True	1		phrase.transport-logistics.tsv	59	
橘真琴	ㄐㄩˊ ㄓㄣ ㄑㄧㄣˊ	動漫	1	16	absent			-7.354194117						局珍禽	橘真琴	局/珍禽	橘真琴	True	True	1		phrase.anime.tsv	1308	
機密管理	ㄐㄧ ㄇㄧˋ ㄍㄨㄢˇ ㄌㄧˇ	網路資安	1	12	absent			-7.354194117		機密/管理	1.476028635	機密/管理	1.476028635	機密管理	機密管理	機密/管理	機密/管理	False	True	1		phrase.network-security.tsv	98	
機械元件	ㄐㄧ ㄒㄧㄝˋ ㄩㄢˊ ㄐㄧㄢˋ	製造機械	1	11	absent			-7.354194117		機械/元件	2.847283392	機械/元件	2.847283392	機械元件	機械元件	機械/元件	機械/元件	False	True	1		phrase.manufacturing.tsv	63	
機械取栓術	ㄐㄧ ㄒㄧㄝˋ ㄑㄩˇ ㄕㄨㄢ ㄕㄨˋ	醫學	1	4	absent			-7.354194117						機械取栓術	機械取栓術	機械/取/栓/術	機械取栓術	False	True	1		phrase.medicine.tsv	124	
機械手臂	ㄐㄧ ㄒㄧㄝˋ ㄕㄡˇ ㄅㄟˋ	製造機械	1	13	absent			-7.354194117		機械/手臂	2.970522344	機械/手臂	2.970522344	機械手臂	機械手臂	機械/手臂	機械/手臂	False	True	1		phrase.manufacturing.tsv	64	
機械製圖	ㄐㄧ ㄒㄧㄝˋ ㄓˋ ㄊㄨˊ	製造機械	1	11	absent			-7.354194117		機械/製圖	3.546253396	機械/製圖	3.546253396	機械製圖	機械製圖	機械/製圖	機械/製圖	False	True	1		phrase.manufacturing.tsv	65	
機械設計	ㄐㄧ ㄒㄧㄝˋ ㄕㄜˋ ㄐㄧˋ	製造機械	1	12	absent			-7.354194117		機械/設計	1.089530213	機械/設計	1.089530213	機械設計	機械設計	機械/設計	機械/設計	False	True	1		phrase.manufacturing.tsv	66	
機械軸封	ㄐㄧ ㄒㄧㄝˋ ㄓㄡˊ ㄈㄥ	製造機械	1	11	absent			-7.354194117						機械軸封	機械軸封	機械/軸/封	機械軸封	False	True	1		phrase.manufacturing.tsv	67	
機構設計	ㄐㄧ ㄍㄡˋ ㄕㄜˋ ㄐㄧˋ	製造機械	1	13	absent			-7.354194117		機構/設計	0.378102407	機構/設計	0.378102407	機構設計	機構設計	機構/設計	機構/設計	False	True	1		phrase.manufacturing.tsv	68	
機能亢進	ㄐㄧ ㄋㄥˊ ㄎㄤˋ ㄐㄧㄣˋ	醫學	1	10	absent			-7.354194117		機能/亢進	4.252103592	機能/亢進	4.252103592	機能亢進	機能亢進	機能/亢進	機能亢進	False	True	1		phrase.medicine.tsv	125	
機能低下	ㄐㄧ ㄋㄥˊ ㄉㄧ ㄒㄧㄚˋ	醫學	1	10	absent			-7.354194117		機能/低下	3.210710907	機能/低下	3.210710907	機能低下	機能低下	機能/低下	機能低下	False	True	1		phrase.medicine.tsv	126	
橫斷面設計	ㄏㄥˊ ㄉㄨㄢˋ ㄇㄧㄢˋ ㄕㄜˋ ㄐㄧˋ	建築土木	1	5	absent			-7.354194117						橫斷面設計	橫斷面設計	橫斷/面/設計	橫斷面設計	False	True	1		phrase.civil-engineering.tsv	146	
檔案服務	ㄉㄤˇ ㄢˋ ㄈㄨˊ ㄨˋ	軟體科學	1	8	absent			-7.354194117		檔案/服務	0.523350528	檔案/服務	0.523350528	檔案服務	檔案服務	檔案/服務	檔案/服務	False	True	1		phrase.software.tsv	61	
檔案系統	ㄉㄤˇ ㄢˋ ㄒㄧˋ ㄊㄨㄥˇ	軟體科學	1	15	absent			-7.354194117		檔案/系統	0.523825859	檔案/系統	0.523825859	檔案系統	檔案系統	檔案/系統	檔案/系統	False	True	1		phrase.software.tsv	62	
檢測機台	ㄐㄧㄢˇ ㄘㄜˋ ㄐㄧ ㄊㄞˊ	晶片半導體	1	13	absent			-7.354194117						檢測機台	檢測機台	檢測/機/台	檢測機台	False	True	1		phrase.semiconductor.tsv	86	
檢測設備	ㄐㄧㄢˇ ㄘㄜˋ ㄕㄜˋ ㄅㄟˋ	製造機械	1	13	absent			-7.354194117		檢測/設備	1.795552736	檢測/設備	1.795552736	檢測設備	檢測設備	檢測/設備	檢測/設備	False	True	1		phrase.manufacturing.tsv	69	
檢索模型	ㄐㄧㄢˇ ㄙㄨㄛˇ ㄇㄛˊ ㄒㄧㄥˊ	AI資料科學	1	14	absent			-7.354194117		檢索/模型	2.719072434	檢索/模型	2.719072434	檢索模型	檢索模型	檢索/模型	檢索/模型	False	True	1		phrase.ai-data-science.tsv	107	
櫛枝實乃梨	ㄐㄧㄝˊ ㄓ ㄕˊ ㄋㄞˇ ㄌㄧˊ	動漫	1	17	absent			-7.354194117						截之時乃離	櫛枝實乃梨	截/之/時/乃/離	櫛枝實乃梨	True	True	1		phrase.anime.tsv	1312	
櫻井桃子	ㄧㄥ ㄐㄧㄥˇ ㄊㄠˊ ㄗ˙	動漫	1	13	absent			-7.354194117		櫻井/桃子	5.638190774	櫻井/桃子	5.638190774	應景桃子	櫻井桃子	應/景/桃子	櫻井桃子	True	True	1		phrase.anime.tsv	1313	
櫻井真一	ㄧㄥ ㄐㄧㄥˇ ㄓㄣ ㄧ	動漫	1	15	absent			-7.354194117						應景真一	櫻井真一	應/景/真/一	櫻井真一	True	True	1		phrase.anime.tsv	1314	
櫻內梨子	ㄧㄥ ㄋㄟˋ ㄌㄧˊ ㄗ˙	動漫	1	17	absent			-7.354194117						應內梨子	櫻內梨子	應/內/梨子	櫻內梨子	True	True	1		phrase.anime.tsv	1315	
櫻島麻衣	ㄧㄥ ㄉㄠˇ ㄇㄚˊ ㄧ	動漫	1	17	absent			-7.354194117						應導麻一	櫻島麻衣	應/導/麻/一	櫻島麻衣	True	True	1		phrase.anime.tsv	1316	
櫻川九郎	ㄧㄥ ㄔㄨㄢ ㄐㄧㄡˇ ㄌㄤˊ	動漫	1	16	absent			-7.354194117						應穿久郎	櫻川九郎	應/穿/久/郎	櫻川九郎	True	True	1		phrase.anime.tsv	1317	
櫻木花道	ㄧㄥ ㄇㄨˋ ㄏㄨㄚ ㄉㄠˋ	動漫	1	25	absent			-7.354194117						應目花到	櫻木花道	應/目/花/到	櫻木花道	True	True	1		phrase.anime.tsv	1318	
櫻澤墨	ㄧㄥ ㄗㄜˊ ㄇㄛˋ	動漫	1	11	absent			-7.354194117						應則沒	櫻澤墨	應/則/沒	櫻澤墨	True	True	1		phrase.anime.tsv	1319	
櫻田妮妮	ㄧㄥ ㄊㄧㄢˊ ㄋㄧˊ ㄋㄧˊ	動漫	1	13	absent			-7.354194117						應填呢呢	櫻田妮妮	應/填/呢/呢	櫻田妮妮	True	True	1		phrase.anime.tsv	1320	
櫻田實和子	ㄧㄥ ㄊㄧㄢˊ ㄕˊ ㄏㄜˊ ㄗ˙	動漫	1	13	absent			-7.354194117						應填十盒子	櫻田實和子	應/填/十/盒子	櫻田實和子	True	True	1		phrase.anime.tsv	1321	
櫻蘭	ㄧㄥ ㄌㄢˊ	動漫	1	23	absent			-7.354194117						應蘭	應蘭	應/蘭	應/蘭	False	False	1		phrase.anime.tsv	1322	
櫻遙	ㄧㄥ ㄧㄠˊ	動漫	1	20	absent			-7.354194117						應搖	應搖	應/搖	應/搖	False	False	1		phrase.anime.tsv	1323	
櫻野栗夢	ㄧㄥ ㄧㄝˇ ㄌㄧˋ ㄇㄥˋ	動漫	1	15	absent			-7.354194117						應也力夢	櫻野栗夢	應/也/力/夢	櫻野栗夢	True	True	1		phrase.anime.tsv	1324	
權力分立	ㄑㄩㄢˊ ㄌㄧˋ ㄈㄣ ㄌㄧˋ	法律	1	11	absent			-7.354194117		權力/分立	2.499888076	權力/分立	2.499888076	權利分立	權力分立	權利/分立	權力分立	True	True	1		phrase.law.tsv	106	
權益乘數	ㄑㄩㄢˊ ㄧˋ ㄔㄥˊ ㄕㄨˋ	財會金融	1	11	absent			-7.354194117		權益/成數	2.780093368	權益/成數	2.780093368	權益乘數	權益乘數	權益/乘數	權益/乘數	False	True	1		phrase.finance.tsv	80	
權益變動表	ㄑㄩㄢˊ ㄧˋ ㄅㄧㄢˋ ㄉㄨㄥˋ ㄅㄧㄠˇ	財會金融	1	4	absent			-7.354194117						權益變動表	權益變動表	權益/變動/表	權益變動表	False	True	1		phrase.finance.tsv	81	
權責發生制	ㄑㄩㄢˊ ㄗㄜˊ ㄈㄚ ㄕㄥ ㄓˋ	財會金融	1	4	absent			-7.354194117						權責發生制	權責發生制	權責/發生/制	權責發生制	False	True	1		phrase.finance.tsv	82	
權限控管	ㄑㄩㄢˊ ㄒㄧㄢˋ ㄎㄨㄥˋ ㄍㄨㄢˇ	軟體科學	1	23	absent			-7.354194117		權限/控管	3.220782961	權限/控管	3.220782961	權限控管	權限控管	權限/控管	權限/控管	False	True	1		phrase.software.tsv	63	
權限提升	ㄑㄩㄢˊ ㄒㄧㄢˋ ㄊㄧˊ ㄕㄥ	網路資安	1	10	absent			-7.354194117		權限/提升	2.147972898	權限/提升	2.147972898	權限提升	權限提升	權限/提升	權限/提升	False	True	1		phrase.network-security.tsv	99	
權限檢查	ㄑㄩㄢˊ ㄒㄧㄢˋ ㄐㄧㄢˇ ㄔㄚˊ	網路資安	1	14	absent			-7.354194117		權限/檢查	2.160635442	權限/檢查	2.160635442	權限檢查	權限檢查	權限/檢查	權限/檢查	False	True	1		phrase.network-security.tsv	100	
次世代定序	ㄘˋ ㄕˋ ㄉㄞˋ ㄉㄧㄥˋ ㄒㄩˋ	生技藥學	1	3	absent			-7.354194117						次世代定續	次世代定序	次世代/定/續	次世代定序	True	True	1		phrase.biotech-pharma.tsv	49	
次清	ㄘˋ ㄑㄧㄥ	中文	1	13	absent	刺青	-5.655224113	-7.354194117	-1.698970004			刺青	-1.698970004	刺青	刺青	刺青	刺青	False	False	2	刺青	phrase.chinese.tsv	86	
次濁	ㄘˋ ㄓㄨㄛˊ	中文	1	13	absent			-7.354194117						次濁	次濁	次/濁	次/濁	False	True	1		phrase.chinese.tsv	87	
次級市場	ㄘˋ ㄐㄧˊ ㄕˋ ㄔㄤˇ	財會金融	1	11	absent			-7.354194117		次級/市場	1.853529599	次級/市場	1.853529599	次級市場	次級市場	次級/市場	次級/市場	False	True	1		phrase.finance.tsv	83	
次級社會化	ㄘˋ ㄐㄧˊ ㄕㄜˋ ㄏㄨㄟˋ ㄏㄨㄚˋ	心理社會	1	3	absent			-7.354194117		次級/社會化	3.939889429	次級/社會化	3.939889429	次級社會化	次級社會化	次級/社會化	次級/社會化	False	True	1		phrase.psychology-society.tsv	39	
次臨界擺幅	ㄘˋ ㄌㄧㄣˊ ㄐㄧㄝˋ ㄅㄞˇ ㄈㄨˊ	晶片半導體	1	6	absent			-7.354194117						次臨界擺幅	次臨界擺幅	次/臨界/擺/幅	次臨界擺幅	False	True	1		phrase.semiconductor.tsv	87	
次要終點	ㄘˋ ㄧㄠˋ ㄓㄨㄥ ㄉㄧㄢˇ	生技藥學	1	10	absent			-7.354194117		次要/終點	3.424519799	次要/終點	3.424519799	次要終點	次要終點	次要/終點	次要/終點	False	True	1		phrase.biotech-pharma.tsv	50	
欣梅爾	ㄒㄧㄣ ㄇㄟˊ ㄦˇ	動漫	1	16	absent			-7.354194117						心梅爾	欣梅爾	心/梅爾	欣梅爾	True	True	1		phrase.anime.tsv	1325	
欺負我	ㄑㄧ ㄈㄨˋ ㄨㄛˇ	動漫	1	20	absent			-7.354194117						欺負我	欺負我	欺負/我	欺負我	False	True	1		phrase.anime.tsv	1326	
歐洲整合	ㄡ ㄓㄡ ㄓㄥˇ ㄏㄜˊ	歷史	1	11	absent			-7.354194117		歐洲/整合	1.219007381	歐洲/整合	1.219007381	歐洲整合	歐洲整合	歐洲/整合	歐洲/整合	False	True	1		phrase.history.tsv	97	
歐爾麥特	ㄡ ㄦˇ ㄇㄞˋ ㄊㄜˋ	動漫	1	14	absent			-7.354194117						歐爾賣特	歐爾麥特	歐/爾/賣/特	歐爾麥特	True	True	1		phrase.anime.tsv	1327	
歐畢	ㄡ ㄅㄧˋ	動漫	1	11	absent			-7.354194117						歐必	歐必	歐/必	歐/必	False	False	1		phrase.anime.tsv	1328	
歐索娜	ㄡ ㄙㄨㄛˇ ㄋㄚˋ	動漫	1	15	absent			-7.354194117						歐嗩吶	歐索娜	歐/嗩吶	歐索娜	True	True	1		phrase.anime.tsv	1329	
正向心理學	ㄓㄥˋ ㄒㄧㄤˋ ㄒㄧㄣ ㄌㄧˇ ㄒㄩㄝˊ	心理社會	1	3	absent			-7.354194117		正向/心理學	3.258676075	正向/心理學	3.258676075	正向心理學	正向心理學	正向/心理學	正向心理學	False	True	1		phrase.psychology-society.tsv	40	
正增強	ㄓㄥˋ ㄗㄥ ㄑㄧㄤˊ	心理社會	1	13	absent			-7.354194117						正增強	正增強	正/增強	正/增強	False	True	1		phrase.psychology-society.tsv	41	
正式控制	ㄓㄥˋ ㄕˋ ㄎㄨㄥˋ ㄓˋ	心理社會	1	13	absent			-7.354194117		正式/控制	0.776620177	正式/控制	0.776620177	正式控制	正式控制	正式/控制	正式/控制	False	True	1		phrase.psychology-society.tsv	42	
正懲罰	ㄓㄥˋ ㄔㄥˊ ㄈㄚˊ	心理社會	1	13	absent			-7.354194117						正懲罰	正懲罰	正/懲罰	正/懲罰	False	True	1		phrase.psychology-society.tsv	43	
正當防衛	ㄓㄥˋ ㄉㄤ ㄈㄤˊ ㄨㄟˋ	法律	1	11	absent			-7.354194117		正當/防衛	2.757322239	正當/防衛	2.757322239	正當防衛	正當防衛	正當/防衛	正當防衛	False	True	1		phrase.law.tsv	109	
步行環境	ㄅㄨˋ ㄒㄧㄥˊ ㄏㄨㄢˊ ㄐㄧㄥˋ	交通物流	1	11	absent			-7.354194117		不行/環境	0.844240767	不行/環境	0.844240767	不行環境	不行環境	不行/環境	不行/環境	False	False	1		phrase.transport-logistics.tsv	61	
武之內空	ㄨˇ ㄓ ㄋㄟˋ ㄎㄨㄥ	動漫	1	17	absent			-7.354194117						五之內空	武之內空	五/之內/空	武之內空	True	True	1		phrase.anime.tsv	1330	
武內樹	ㄨˇ ㄋㄟˋ ㄕㄨˋ	動漫	1	15	absent			-7.354194117						五內數	武內樹	五/內/數	武內樹	True	True	1		phrase.anime.tsv	1331	
武漢會戰	ㄨˇ ㄏㄢˋ ㄏㄨㄟˋ ㄓㄢˋ	歷史	1	9	absent			-7.354194117		武漢/會戰	4.730944827	武漢/會戰	4.730944827	武漢會占	武漢會戰	武漢/會/占	武漢會戰	True	True	1		phrase.history.tsv	98	
武田晴海	ㄨˇ ㄊㄧㄢˊ ㄑㄧㄥˊ ㄏㄞˇ	動漫	1	15	absent			-7.354194117						五田情海	武田晴海	五/田/情/海	武田晴海	True	True	1		phrase.anime.tsv	1332	
武藤遊戲	ㄨˇ ㄊㄥˊ ㄧㄡˊ ㄒㄧˋ	動漫	1	22	absent			-7.354194117		武藤/遊戲	3.038580585	武藤/遊戲	3.038580585	武藤遊戲	武藤遊戲	武藤/遊戲	武藤遊戲	False	True	1		phrase.anime.tsv	1334	
武裝偵探社	ㄨˇ ㄓㄨㄤ ㄓㄣ ㄊㄢˋ ㄕㄜˋ	動漫	1	14	absent			-7.354194117		武裝/偵探社	4.746739094	武裝/偵探社	4.746739094	武裝偵探社	武裝偵探社	武裝/偵探社	武裝偵探社	False	True	1		phrase.anime.tsv	1335	
歷史敘事	ㄌㄧˋ ㄕˇ ㄒㄩˋ ㄕˋ	歷史	1	12	absent			-7.354194117		歷史/敘事	1.40464311	歷史/敘事	1.40464311	歷史敘事	歷史敘事	歷史/敘事	歷史/敘事	False	True	1		phrase.history.tsv	99	
歷史解釋	ㄌㄧˋ ㄕˇ ㄐㄧㄝˇ ㄕˋ	歷史	1	12	absent			-7.354194117		歷史/解釋	0.574361353	歷史/解釋	0.574361353	歷史解釋	歷史解釋	歷史/解釋	歷史/解釋	False	True	1		phrase.history.tsv	100	
歷史語言學	ㄌㄧˋ ㄕˇ ㄩˇ ㄧㄢˊ ㄒㄩㄝˊ	中文	1	5	absent			-7.354194117		歷史/語言學	1.753533721	歷史/語言學	1.753533721	歷史語言學	歷史語言學	歷史/語言學	歷史/語言學	False	True	1		phrase.chinese.tsv	89	
歸因	ㄍㄨㄟ ㄧㄣ	心理社會	1	11	absent			-7.354194117						規因	規因	規/因	規/因	False	False	1		phrase.psychology-society.tsv	44	
死亡回歸	ㄙˇ ㄨㄤˊ ㄏㄨㄟˊ ㄍㄨㄟ	動漫	1	15	absent			-7.354194117		死亡/回歸	1.823218763	死亡/回歸	1.823218763	死亡回歸	死亡回歸	死亡/回歸	死亡回歸	False	True	1		phrase.anime.tsv	1336	
死亡筆記本	ㄙˇ ㄨㄤˊ ㄅㄧˇ ㄐㄧˋ ㄅㄣˇ	動漫	1	26	absent			-7.354194117		死亡/筆記本	2.723776413	死亡/筆記本	2.723776413	死亡筆記本	死亡筆記本	死亡/筆記本	死亡筆記本	False	True	1		phrase.anime.tsv	1337	
死亡遊戲	ㄙˇ ㄨㄤˊ ㄧㄡˊ ㄒㄧˋ	動漫	1	19	absent			-7.354194117		死亡/遊戲	1.155574689	死亡/遊戲	1.155574689	死亡遊戲	死亡遊戲	死亡/遊戲	死亡遊戲	False	True	1		phrase.anime.tsv	1338	
死區時間	ㄙˇ ㄑㄩ ㄕˊ ㄐㄧㄢ	電子電機	1	12	absent			-7.354194117						死區時間	死區時間	死/區/時間	死區時間	False	True	1		phrase.electronics.tsv	129	
死後世界	ㄙˇ ㄏㄡˋ ㄕˋ ㄐㄧㄝˋ	動漫	1	13	absent			-7.354194117		死後/世界	1.888138037	死後/世界	1.888138037	死後世界	死後世界	死後/世界	死後世界	False	True	1		phrase.anime.tsv	1339	
死柄木弔	ㄙˇ ㄅㄧㄥˇ ㄇㄨˋ ㄉㄧㄠˋ	動漫	1	11	absent			-7.354194117						死餅目調	死柄木弔	死/餅/目/調	死柄木弔	True	True	1		phrase.anime.tsv	1340	
死氣之炎	ㄙˇ ㄑㄧˋ ㄓ ㄧㄢˊ	動漫	1	13	absent			-7.354194117						死氣之研	死氣之炎	死/氣/之/研	死氣之炎	True	True	1		phrase.anime.tsv	1341	
死神之子	ㄙˇ ㄕㄣˊ ㄓ ㄗˇ	動漫	1	10	absent			-7.354194117		死神/之子	3.973982876	死神/之子	3.973982876	死神之子	死神之子	死神/之子	死神之子	False	True	1		phrase.anime.tsv	1343	
死靈術士	ㄙˇ ㄌㄧㄥˊ ㄕㄨˋ ㄕˋ	動漫	1	11	absent			-7.354194117						死靈數是	死靈術士	死/靈/數/是	死靈術士	True	True	1		phrase.anime.tsv	1344	
殖利率曲線	ㄓˊ ㄌㄧˋ ㄌㄩˋ ㄑㄩ ㄒㄧㄢˋ	財會金融	1	3	absent			-7.354194117						職利率曲線	殖利率曲線	職/利率/曲線	殖利率曲線	True	True	1		phrase.finance.tsv	84	
殭屍少女	ㄐㄧㄤ ㄕ ㄕㄠˋ ㄋㄩˇ	動漫	1	10	absent			-7.354194117		殭屍/少女	3.347086734	殭屍/少女	3.347086734	殭屍少女	殭屍少女	殭屍/少女	殭屍少女	False	True	1		phrase.anime.tsv	1345	
殭屍網路	ㄐㄧㄤ ㄕ ㄨㄤˇ ㄌㄨˋ	網路資安	1	11	absent			-7.354194117		殭屍/網路	2.31148869	殭屍/網路	2.31148869	殭屍網路	殭屍網路	殭屍/網路	殭屍/網路	False	True	1		phrase.network-security.tsv	101	
段距	ㄉㄨㄢˋ ㄐㄩˋ	媒體設計	1	12	absent	斷句	-5.76312951	-7.354194117	-1.591064607			斷句	-1.591064607	斷句	斷句	斷句	斷句	False	False	2	斷句	phrase.media-design.tsv	58	
殺手踢細胞	ㄕㄚ ㄕㄡˇ ㄊㄧ ㄒㄧˋ ㄅㄠ	動漫	1	15	absent			-7.354194117						殺手梯細胞	殺手踢細胞	殺手/梯/細胞	殺手踢細胞	True	True	1		phrase.anime.tsv	1347	殺手T細胞
殺生丸	ㄕㄚ ㄕㄥ ㄨㄢˊ	動漫	1	17	absent			-7.354194117						沙生完	殺生丸	沙/生/完	殺生丸	True	True	1		phrase.anime.tsv	1348	
殺老師	ㄕㄚ ㄌㄠˇ ㄕ	動漫	1	22	absent			-7.354194117						沙老師	沙老師	沙/老師	沙/老師	False	False	1		phrase.anime.tsv	1349	
母題	ㄇㄨˇ ㄊㄧˊ	中文	1	12	absent			-7.354194117						母題	母題	母/題	母/題	False	True	1		phrase.chinese.tsv	90	
每股盈餘	ㄇㄟˇ ㄍㄨˇ ㄧㄥˊ ㄩˊ	財會金融	1	11	absent			-7.354194117		美股/盈餘	3.408725532	美股/盈餘	3.408725532	每股盈餘	每股盈餘	每股/盈餘	每股/盈餘	False	True	1		phrase.finance.tsv	85	
比企谷八幡	ㄅㄧˇ ㄑㄧˋ ㄍㄨˇ ㄅㄚ ㄈㄢ	動漫	1	20	absent			-7.354194117						比氣古巴翻	比企谷八幡	比/氣/古巴/翻	比企谷八幡	True	True	1		phrase.anime.tsv	1351	
比例原則	ㄅㄧˇ ㄌㄧˋ ㄩㄢˊ ㄗㄜˊ	法律	1	11	absent			-7.354194117		比例/原則	1.113080653	比例/原則	1.113080653	比例原則	比例原則	比例/原則	比例/原則	False	True	1		phrase.law.tsv	110	
比例控制	ㄅㄧˇ ㄌㄧˋ ㄎㄨㄥˋ ㄓˋ	電子電機	1	12	absent			-7.354194117		比例/控制	1.0748763	比例/控制	1.0748763	比例控制	比例控制	比例/控制	比例/控制	False	True	1		phrase.electronics.tsv	130	
比克	ㄅㄧˇ ㄎㄜˋ	動漫	1	15	absent			-7.354194117						比客	比客	比/客	比/客	False	False	1		phrase.anime.tsv	1352	
比宇宙	ㄅㄧˇ ㄩˇ ㄓㄡˋ	動漫	1	22	absent			-7.354194117						比宇宙	比宇宙	比/宇宙	比宇宙	False	True	1		phrase.anime.tsv	1354	
比率分析	ㄅㄧˇ ㄌㄩˋ ㄈㄣ ㄒㄧ	財會金融	1	17	absent			-7.354194117		比率/分析	1.5215958	比率/分析	1.5215958	比率分析	比率分析	比率/分析	比率/分析	False	True	1		phrase.finance.tsv	86	
比良平千咲	ㄅㄧˇ ㄌㄧㄤˊ ㄆㄧㄥˊ ㄑㄧㄢ ㄒㄧㄠˋ	動漫	1	14	absent			-7.354194117						比量平千校	比良平千咲	比/量/平/千/校	比良平千咲	True	True	1		phrase.anime.tsv	1355	
比良拓海	ㄅㄧˇ ㄌㄧㄤˊ ㄊㄨㄛˋ ㄏㄞˇ	動漫	1	13	absent			-7.354194117						比量拓海	比良拓海	比/量/拓/海	比良拓海	True	True	1		phrase.anime.tsv	1356	
比較史學	ㄅㄧˇ ㄐㄧㄠˇ ㄕˇ ㄒㄩㄝˊ	歷史	1	13	absent			-7.354194117		比較/史學	1.533087234	比較/史學	1.533087234	比較史學	比較史學	比較/史學	比較史學	False	True	1		phrase.history.tsv	101	
毛利小五郎	ㄇㄠˊ ㄌㄧˋ ㄒㄧㄠˇ ㄨˇ ㄌㄤˊ	動漫	1	17	absent			-7.354194117						毛利小五郎	毛利小五郎	毛利/小五/郎	毛利小五郎	False	True	1		phrase.anime.tsv	1357	
毛利成長率	ㄇㄠˊ ㄌㄧˋ ㄔㄥˊ ㄓㄤˇ ㄌㄩˋ	商業	1	4	absent			-7.354194117		毛利/成長率	3.715605034	毛利/成長率	3.715605034	毛利成長率	毛利成長率	毛利/成長率	毛利/成長率	False	True	1		phrase.business.tsv	108	
毛利蘭	ㄇㄠˊ ㄌㄧˋ ㄌㄢˊ	動漫	1	19	absent			-7.354194117						毛利蘭	毛利蘭	毛利/蘭	毛利/蘭	False	True	1		phrase.anime.tsv	1358	
毛利達成率	ㄇㄠˊ ㄌㄧˋ ㄉㄚˊ ㄔㄥˊ ㄌㄩˋ	商業	1	4	absent			-7.354194117						毛利達成率	毛利達成率	毛利/達成/率	毛利達成率	False	True	1		phrase.business.tsv	109	
毛利預測	ㄇㄠˊ ㄌㄧˋ ㄩˋ ㄘㄜˋ	財會金融	1	10	absent			-7.354194117		毛利/預測	3.311264384	毛利/預測	3.311264384	毛利預測	毛利預測	毛利/預測	毛利/預測	False	True	1		phrase.finance.tsv	88	
毛細管電泳	ㄇㄠˊ ㄒㄧˋ ㄍㄨㄢˇ ㄉㄧㄢˋ ㄩㄥˇ	生技藥學	1	2	absent			-7.354194117		毛細管/電泳	5.8227152	毛細管/電泳	5.8227152	毛細管電泳	毛細管電泳	毛細管/電泳	毛細管/電泳	False	True	1		phrase.biotech-pharma.tsv	51	
民主化時期	ㄇㄧㄣˊ ㄓㄨˇ ㄏㄨㄚˋ ㄕˊ ㄑㄧˊ	歷史	1	4	absent			-7.354194117		民主化/時期	2.09164811	民主化/時期	2.09164811	民主化時期	民主化時期	民主化/時期	民主化時期	False	True	1		phrase.history.tsv	102	
民法總則	ㄇㄧㄣˊ ㄈㄚˇ ㄗㄨㄥˇ ㄗㄜˊ	法律	1	10	absent			-7.354194117		民法/總則	4.877072863	民法/總則	4.877072863	民法總則	民法總則	民法/總/則	民法總則	False	True	1		phrase.law.tsv	111	
氣候減緩	ㄑㄧˋ ㄏㄡˋ ㄐㄧㄢˇ ㄏㄨㄢˇ	環境能源	1	11	absent			-7.354194117		氣候/減緩	2.811518044	氣候/減緩	2.811518044	氣候減緩	氣候減緩	氣候/減緩	氣候/減緩	False	True	1		phrase.energy-environment.tsv	59	
氣候調適	ㄑㄧˋ ㄏㄡˋ ㄊㄧㄠˊ ㄕˋ	環境能源	1	11	absent			-7.354194117		氣候/調適	2.783184445	氣候/調適	2.783184445	氣候調適	氣候調適	氣候/調適	氣候/調適	False	True	1		phrase.energy-environment.tsv	60	
氣候變遷	ㄑㄧˋ ㄏㄡˋ ㄅㄧㄢˋ ㄑㄧㄢ	環境能源	1	11	absent			-7.354194117		氣候/變遷	2.201001425	氣候/變遷	2.201001425	氣候變遷	氣候變遷	氣候/變遷	氣候/變遷	False	True	1		phrase.energy-environment.tsv	61	
氣候風險	ㄑㄧˋ ㄏㄡˋ ㄈㄥ ㄒㄧㄢˇ	環境能源	1	11	absent			-7.354194117		氣候/風險	1.940706591	氣候/風險	1.940706591	氣候風險	氣候風險	氣候/風險	氣候/風險	False	True	1		phrase.energy-environment.tsv	62	
氣液平衡	ㄑㄧˋ ㄧㄝˋ ㄆㄧㄥˊ ㄏㄥˊ	材料化工	1	12	absent			-7.354194117		企業/平衡	0.797567223	企業/平衡	0.797567223	企業平衡	企業平衡	企業/平衡	企業/平衡	False	False	1		phrase.materials-chemistry.tsv	51	
氣相	ㄑㄧˋ ㄒㄧㄤ	晶片半導體	1	12	absent			-7.354194117						氣相	氣相	氣/相	氣/相	False	True	1		phrase.semiconductor.tsv	88	
氣調包裝	ㄑㄧˋ ㄉㄧㄠˋ ㄅㄠ ㄓㄨㄤ	農業食品	1	10	absent			-7.354194117						氣調包裝	氣調包裝	氣/調/包裝	氣調包裝	False	True	1		phrase.agriculture-food.tsv	25	
氧化數	ㄧㄤˇ ㄏㄨㄚˋ ㄕㄨˋ	科學	1	11	absent			-7.354194117						氧化數	氧化數	氧化/數	氧化/數	False	True	1		phrase.science.tsv	37	
氧化還原	ㄧㄤˇ ㄏㄨㄚˋ ㄏㄨㄢˊ ㄩㄢˊ	材料化工	1	11	absent			-7.354194117		氧化/還原	3.094982624	氧化/還原	3.094982624	氧化還原	氧化還原	氧化/還原	氧化/還原	False	True	1		phrase.materials-chemistry.tsv	52	
氫原子模型	ㄑㄧㄥ ㄩㄢˊ ㄗˇ ㄇㄛˊ ㄒㄧㄥˊ	科學	1	4	absent			-7.354194117		氫原子/模型	4.061495114	氫原子/模型	4.061495114	氫原子模型	氫原子模型	氫原子/模型	氫原子模型	False	True	1		phrase.science.tsv	38	
氮化鎵	ㄉㄢˋ ㄏㄨㄚˋ ㄐㄧㄚ	晶片半導體	1	10	absent			-7.354194117						但畫家	氮化鎵	但/畫家	氮化鎵	True	True	1		phrase.semiconductor.tsv	89	
水上麻衣	ㄕㄨㄟˇ ㄕㄤˋ ㄇㄚˊ ㄧ	動漫	1	16	absent			-7.354194117		水上/麻衣	4.930948243	水上/麻衣	4.930948243	水上麻一	水上麻衣	水/上/麻/一	水上麻衣	True	True	1		phrase.anime.tsv	1359	
水刀加工	ㄕㄨㄟˇ ㄉㄠ ㄐㄧㄚ ㄍㄨㄥ	製造機械	1	13	absent			-7.354194117						水刀加工	水刀加工	水/刀/加工	水刀加工	False	True	1		phrase.manufacturing.tsv	71	
水原千鶴	ㄕㄨㄟˇ ㄩㄢˊ ㄑㄧㄢ ㄏㄜˋ	動漫	1	15	absent			-7.354194117						水源千和	水原千鶴	水源/千/和	水原千鶴	True	True	1		phrase.anime.tsv	1360	
水圳開發	ㄕㄨㄟˇ ㄓㄣˋ ㄎㄞ ㄈㄚ	歷史	1	13	absent			-7.354194117						水圳開發	水圳開發	水/圳/開發	水圳開發	False	True	1		phrase.history.tsv	103	
水島太太	ㄕㄨㄟˇ ㄉㄠˇ ㄊㄞˋ ㄊㄞˋ	動漫	1	14	absent			-7.354194117						水導太太	水島太太	水/導/太太	水島太太	True	True	1		phrase.anime.tsv	1361	
水崎燕	ㄕㄨㄟˇ ㄑㄧˊ ㄧㄢˋ	動漫	1	14	absent			-7.354194117						水其驗	水崎燕	水/其/驗	水崎燕	True	True	1		phrase.anime.tsv	1362	
水平越權	ㄕㄨㄟˇ ㄆㄧㄥˊ ㄩㄝˋ ㄑㄩㄢˊ	網路資安	1	11	absent			-7.354194117						水平越權	水平越權	水平/越/權	水平越權	False	True	1		phrase.network-security.tsv	102	
水果籃子	ㄕㄨㄟˇ ㄍㄨㄛˇ ㄌㄢˊ ㄗ˙	動漫	1	24	absent			-7.354194117		水果/籃子	3.263231041	水果/籃子	3.263231041	水果籃子	水果籃子	水果/籃子	水果籃子	False	True	1		phrase.anime.tsv	1363	
水瀨伊織	ㄕㄨㄟˇ ㄌㄞˋ ㄧ ㄓ	動漫	1	10	absent			-7.354194117						水來一隻	水瀨伊織	水/來/一隻	水瀨伊織	True	True	1		phrase.anime.tsv	1365	
水瀨名雪	ㄕㄨㄟˇ ㄌㄞˋ ㄇㄧㄥˊ ㄒㄩㄝˇ	動漫	1	13	absent			-7.354194117						水來明雪	水瀨名雪	水/來/明/雪	水瀨名雪	True	True	1		phrase.anime.tsv	1366	
水篠颯太	ㄕㄨㄟˇ ㄒㄧㄠˇ ㄙㄚˋ ㄊㄞˋ	動漫	1	18	absent			-7.354194117						水小蔡太	水篠颯太	水/小/蔡/太	水篠颯太	True	True	1		phrase.anime.tsv	1367	
水耕栽培	ㄕㄨㄟˇ ㄍㄥ ㄗㄞ ㄆㄟˊ	農業食品	1	14	absent			-7.354194117		水耕/栽培	4.816375022	水耕/栽培	4.816375022	水耕栽培	水耕栽培	水耕/栽培	水耕/栽培	False	True	1		phrase.agriculture-food.tsv	26	
水谷雫	ㄕㄨㄟˇ ㄍㄨˇ ㄋㄚˇ	動漫	1	18	absent			-7.354194117						水古那	水谷雫	水/古/那	水谷雫	True	True	1		phrase.anime.tsv	1368	
水質指標	ㄕㄨㄟˇ ㄓˊ ㄓˇ ㄅㄧㄠ	環境能源	1	11	absent			-7.354194117		水質/指標	2.15036195	水質/指標	2.15036195	水質指標	水質指標	水質/指標	水質/指標	False	True	1		phrase.energy-environment.tsv	64	
水質監測	ㄕㄨㄟˇ ㄓˊ ㄐㄧㄢ ㄘㄜˋ	環境能源	1	12	absent			-7.354194117		水質/監測	2.63013135	水質/監測	2.63013135	水質監測	水質監測	水質/監測	水質/監測	False	True	1		phrase.energy-environment.tsv	65	
水質盤查	ㄕㄨㄟˇ ㄓˊ ㄆㄢˊ ㄔㄚˊ	環境能源	1	11	absent			-7.354194117		水質/盤查	3.506189846	水質/盤查	3.506189846	水質盤查	水質盤查	水質/盤查	水質/盤查	False	True	1		phrase.energy-environment.tsv	66	
水質稽核	ㄕㄨㄟˇ ㄓˊ ㄐㄧ ㄏㄜˊ	環境能源	1	11	absent			-7.354194117		水質/稽核	3.2525845	水質/稽核	3.2525845	水質稽核	水質稽核	水質/稽核	水質/稽核	False	True	1		phrase.energy-environment.tsv	67	
水野亞美	ㄕㄨㄟˇ ㄧㄝˇ ㄧㄚˇ ㄇㄟˇ	動漫	1	20	absent			-7.354194117		水野/亞美	5.646623941	水野/亞美	5.646623941	水也亞美	水野亞美	水/也/亞美	水野亞美	True	True	1		phrase.anime.tsv	1369	
水野愛	ㄕㄨㄟˇ ㄧㄝˇ ㄞˋ	動漫	1	15	absent			-7.354194117						水也愛	水野愛	水/也/愛	水野愛	True	True	1		phrase.anime.tsv	1370	
水野茜	ㄕㄨㄟˇ ㄧㄝˇ ㄑㄧㄢˋ	動漫	1	15	absent			-7.354194117						水也欠	水野茜	水/也/欠	水野茜	True	True	1		phrase.anime.tsv	1371	
水鏡凍季也	ㄕㄨㄟˇ ㄐㄧㄥˋ ㄉㄨㄥˋ ㄐㄧˋ ㄧㄝˇ	動漫	1	10	absent			-7.354194117						水境動計也	水鏡凍季也	水/境/動/計/也	水鏡凍季也	True	True	1		phrase.anime.tsv	1372	
永瀨嵐	ㄩㄥˇ ㄌㄞˋ ㄌㄢˊ	動漫	1	11	absent			-7.354194117						永來蘭	永瀨嵐	永/來/蘭	永瀨嵐	True	True	1		phrase.anime.tsv	1374	
永磁	ㄩㄥˇ ㄘˊ	電子電機	1	12	0			-7.354194117						永磁	永磁	永/磁	永/磁	False	True	1	永辭	phrase.electronics.tsv	131	
永續報告書	ㄩㄥˇ ㄒㄩˋ ㄅㄠˋ ㄍㄠˋ ㄕㄨ	商業	1	4	absent			-7.354194117		永續/報告書	3.029459079	永續/報告書	3.029459079	永續報告書	永續報告書	永續/報告書	永續/報告書	False	True	1		phrase.business.tsv	111	
永續農業	ㄩㄥˇ ㄒㄩˋ ㄋㄨㄥˊ ㄧㄝˋ	農業食品	1	16	absent			-7.354194117		永續/農業	1.813987314	永續/農業	1.813987314	永續農業	永續農業	永續/農業	永續/農業	False	True	1		phrase.agriculture-food.tsv	27	
江戶川亂步	ㄐㄧㄤ ㄏㄨˋ ㄔㄨㄢ ㄌㄨㄢˋ ㄅㄨˋ	動漫	1	11	0			-7.354194117						江戶川亂不	江戶川亂步	江戶川/亂/不	江戶川亂步	True	True	1		phrase.anime.tsv	1376	
江戶川柯南	ㄐㄧㄤ ㄏㄨˋ ㄔㄨㄢ ㄎㄜ ㄋㄢˊ	動漫	1	25	absent			-7.354194117		江戶川/柯南	6.275012871	江戶川/柯南	6.275012871	江戶川柯南	江戶川柯南	江戶川/柯南	江戶川柯南	False	True	1		phrase.anime.tsv	1377	
江頭美嘉	ㄐㄧㄤ ㄊㄡˊ ㄇㄟˇ ㄐㄧㄚ	動漫	1	14	absent			-7.354194117						將頭美家	江頭美嘉	將/頭/美/家	江頭美嘉	True	True	1		phrase.anime.tsv	1378	
池澤佳主馬	ㄔˊ ㄗㄜˊ ㄐㄧㄚ ㄓㄨˇ ㄇㄚˇ	動漫	1	13	absent			-7.354194117						持則家主馬	池澤佳主馬	持/則/家/主/馬	池澤佳主馬	True	True	1		phrase.anime.tsv	1379	
污名化	ㄨ ㄇㄧㄥˊ ㄏㄨㄚˋ	心理社會	1	11	absent			-7.354194117						污名化	污名化	污名/化	污名化	False	True	1		phrase.psychology-society.tsv	45	
污染控制	ㄨ ㄖㄢˇ ㄎㄨㄥˋ ㄓˋ	環境能源	1	14	absent			-7.354194117		污染/控制	1.125246103	污染/控制	1.125246103	污染控制	污染控制	污染/控制	污染/控制	False	True	1		phrase.energy-environment.tsv	69	
污染防治	ㄨ ㄖㄢˇ ㄈㄤˊ ㄓˋ	環境能源	1	11	absent			-7.354194117		污染/防治	1.641453526	污染/防治	1.641453526	污染防治	污染防治	污染/防治	污染/防治	False	True	1		phrase.energy-environment.tsv	71	
污水下水道	ㄨ ㄕㄨㄟˇ ㄒㄧㄚˋ ㄕㄨㄟˇ ㄉㄠˋ	建築土木	1	3	absent			-7.354194117		污水/下水道	3.382037582	污水/下水道	3.382037582	污水下水道	污水下水道	污水/下水道	污水/下水道	False	True	1		phrase.civil-engineering.tsv	148	
汲極	ㄐㄧˊ ㄐㄧˊ	晶片半導體	1	9	absent	集集|汲汲|唧唧|寂寂|籍籍	-5.741410261	-7.354194117	-1.612783857			集集	-1.612783857	集集	集集	集集	集集	False	False	7	唧唧|寂寂|汲汲|籍籍|藉藉|集集	phrase.semiconductor.tsv	91	
沉沒成本	ㄔㄣˊ ㄇㄛˋ ㄔㄥˊ ㄅㄣˇ	財會金融	1	10	absent			-7.354194117		沉默/成本	2.172521995	沉默/成本	2.172521995	沉默成本	沉默成本	沉默/成本	沉默/成本	False	False	1		phrase.finance.tsv	89	
沉浸式教學	ㄔㄣˊ ㄐㄧㄣˋ ㄕˋ ㄐㄧㄠ ㄒㄩㄝˊ	教育	1	3	absent			-7.354194117						沉浸是教學	沉浸式教學	沉浸/是/教學	沉浸式教學	True	True	1		phrase.education.tsv	69	
沉降	ㄔㄣˊ ㄐㄧㄤˋ	醫學	1	12	0	沈降	-7.354194117	-7.354194117	0.0			沈降	0.0	陳將	陳將	陳/將	陳/將	False	False	2	沈降	phrase.medicine.tsv	131	
沉默螺旋	ㄔㄣˊ ㄇㄛˋ ㄌㄨㄛˊ ㄒㄩㄢˊ	媒體設計	1	10	absent			-7.354194117		沉默/螺旋	3.249263378	沉默/螺旋	3.249263378	沉默螺旋	沉默螺旋	沉默/螺旋	沉默/螺旋	False	True	1		phrase.media-design.tsv	59	
沖壓模具	ㄔㄨㄥ ㄧㄚ ㄇㄨˊ ㄐㄩˋ	製造機械	1	11	absent			-7.354194117						沖壓模具	沖壓模具	沖/壓/模/具	沖壓模具	False	True	1		phrase.manufacturing.tsv	73	
沖床	ㄔㄨㄥ ㄔㄨㄤˊ	製造機械	1	14	0			-7.354194117						沖床	沖床	沖/床	沖/床	False	True	1		phrase.manufacturing.tsv	74	
沖田總司	ㄔㄨㄥ ㄊㄧㄢˊ ㄗㄨㄥˇ ㄙ	動漫	1	11	absent			-7.354194117						充填總司	沖田總司	充填/總/司	沖田總司	True	True	1		phrase.anime.tsv	1382	
沖田總悟	ㄔㄨㄥ ㄊㄧㄢˊ ㄗㄨㄥˇ ㄨˋ	動漫	1	14	absent			-7.354194117		充填/總務	4.664885258	充填/總務	4.664885258	充填總務	沖田總悟	充填/總務	沖田總悟	True	True	1		phrase.anime.tsv	1383	
沙箱分析	ㄕㄚ ㄒㄧㄤ ㄈㄣ ㄒㄧ	網路資安	1	12	absent			-7.354194117						沙箱分析	沙箱分析	沙/箱/分析	沙箱分析	False	True	1		phrase.network-security.tsv	103	
沙織巴吉納	ㄕㄚ ㄓ ㄅㄚ ㄐㄧˊ ㄋㄚˋ	動漫	1	13	absent			-7.354194117						沙之八及那	沙織巴吉納	沙/之/八/及/那	沙織巴吉納	True	True	1		phrase.anime.tsv	1384	
河了貂	ㄏㄜˊ ㄌㄜ˙ ㄉㄧㄠ	動漫	1	16	absent			-7.354194117						和了雕	河了貂	和/了/雕	河了貂	True	True	1		phrase.anime.tsv	1385	
河內恭介	ㄏㄜˊ ㄋㄟˋ ㄍㄨㄥ ㄐㄧㄝˋ	動漫	1	14	absent			-7.354194117						盒內公界	河內恭介	盒內/公/界	河內恭介	True	True	1		phrase.anime.tsv	1386	
河原	ㄏㄜˊ ㄩㄢˊ	動漫	1	16	absent			-7.354194117						和原	和原	和/原	和/原	False	False	1		phrase.anime.tsv	1387	
河螢多朗	ㄏㄜˊ ㄧㄥˊ ㄉㄨㄛ ㄌㄤˇ	動漫	1	18	absent			-7.354194117						和營多朗	河螢多朗	和/營/多/朗	河螢多朗	True	True	1		phrase.anime.tsv	1388	
油電車	ㄧㄡˊ ㄉㄧㄢˋ ㄔㄜ	一般	1	18	absent			-7.354194117						由電車	油電車	由/電車	油電車	True	True	1		phrase.general.tsv	83	
治療指數	ㄓˋ ㄌㄧㄠˊ ㄓˇ ㄕㄨˋ	生技藥學	1	12	absent			-7.354194117		治療/指數	1.414480724	治療/指數	1.414480724	治療指數	治療指數	治療/指數	治療/指數	False	True	1		phrase.biotech-pharma.tsv	53	
泉光子郎	ㄑㄩㄢˊ ㄍㄨㄤ ㄗˇ ㄌㄤˊ	動漫	1	15	absent			-7.354194117						全光子郎	泉光子郎	全/光子/郎	泉光子郎	True	True	1		phrase.anime.tsv	1389	
泉孝介	ㄑㄩㄢˊ ㄒㄧㄠˋ ㄐㄧㄝˋ	動漫	1	9	absent			-7.354194117						全校界	泉孝介	全校/界	泉孝介	True	True	1		phrase.anime.tsv	1390	
泉新一	ㄑㄩㄢˊ ㄒㄧㄣ ㄧ	動漫	1	21	absent			-7.354194117						全新一	全新一	全新/一	全新/一	False	False	1		phrase.anime.tsv	1391	
泉此方	ㄑㄩㄢˊ ㄘˇ ㄈㄤ	動漫	1	20	absent			-7.354194117						全此方	泉此方	全/此/方	泉此方	True	True	1		phrase.anime.tsv	1392	
泉鏡花	ㄑㄩㄢˊ ㄐㄧㄥˋ ㄏㄨㄚ	動漫	1	10	absent			-7.354194117						全境花	泉鏡花	全/境/花	泉鏡花	True	True	1		phrase.anime.tsv	1393	
泌尿系統	ㄇㄧˋ ㄋㄧㄠˋ ㄒㄧˋ ㄊㄨㄥˇ	醫學	1	12	absent			-7.354194117		泌尿/系統	2.03570922	泌尿/系統	2.03570922	泌尿系統	泌尿系統	泌尿/系統	泌尿/系統	False	True	1		phrase.medicine.tsv	133	
法定繼承	ㄈㄚˇ ㄉㄧㄥˋ ㄐㄧˋ ㄔㄥˊ	法律	1	10	absent			-7.354194117		法定/計程	2.527309819	法定/計程	2.527309819	法定繼承	法定繼承	法定/繼承	法定/繼承	False	True	1		phrase.law.tsv	112	
法定財產制	ㄈㄚˇ ㄉㄧㄥˋ ㄘㄞˊ ㄔㄢˇ ㄓˋ	法律	1	4	absent			-7.354194117						法定財產制	法定財產制	法定/財產/制	法定財產制	False	True	1		phrase.law.tsv	113	
法拉第定律	ㄈㄚˇ ㄌㄚ ㄉㄧˋ ㄉㄧㄥˋ ㄌㄩˋ	科學	1	2	absent			-7.354194117		法拉第/定律	5.700981604	法拉第/定律	5.700981604	法拉第定律	法拉第定律	法拉第/定律	法拉第/定律	False	True	1		phrase.science.tsv	39	
法蘭秀秀	ㄈㄚˇ ㄌㄢˊ ㄒㄧㄡˋ ㄒㄧㄡˋ	動漫	1	13	absent			-7.354194117						法蘭秀秀	法蘭秀秀	法/蘭/秀/秀	法蘭秀秀	False	True	1		phrase.anime.tsv	1395	
法規案件	ㄈㄚˇ ㄍㄨㄟ ㄢˋ ㄐㄧㄢˋ	公務員公文	1	15	absent			-7.354194117		法規/案件	1.69970184	法規/案件	1.69970184	法規案件	法規案件	法規/案件	法規/案件	False	True	1		phrase.government.tsv	49	
法規符合性	ㄈㄚˇ ㄍㄨㄟ ㄈㄨˊ ㄏㄜˊ ㄒㄧㄥˋ	環境能源	1	13	absent			-7.354194117						法規符合性	法規符合性	法規/符合/性	法規符合性	False	True	1		phrase.energy-environment.tsv	72	
法馬	ㄈㄚˇ ㄇㄚˇ	動漫	1	16	absent			-7.354194117						法馬	法馬	法/馬	法/馬	False	True	1		phrase.anime.tsv	1397	
泛化	ㄈㄢˋ ㄏㄨㄚˋ	心理社會	1	11	absent			-7.354194117						飯化	飯化	飯/化	飯/化	False	False	1		phrase.psychology-society.tsv	47	
泡利	ㄆㄠˋ ㄌㄧˋ	科學	1	11	absent			-7.354194117						泡利	泡利	泡/利	泡/利	False	True	1		phrase.science.tsv	40	
波函數	ㄅㄛ ㄏㄢˊ ㄕㄨˋ	科學	1	12	absent			-7.354194117						撥函數	波函數	撥/函數	波函數	True	True	1		phrase.science.tsv	41	
波動光學	ㄅㄛ ㄉㄨㄥˋ ㄍㄨㄤ ㄒㄩㄝˊ	科學	1	10	absent			-7.354194117		波動/光學	3.558105689	波動/光學	3.558105689	波動光學	波動光學	波動/光學	波動/光學	False	True	1		phrase.science.tsv	42	
波動方程	ㄅㄛ ㄉㄨㄥˋ ㄈㄤ ㄔㄥˊ	科學	1	10	absent			-7.354194117		波動/方程	3.402031543	波動/方程	3.402031543	波動方程	波動方程	波動/方程	波動/方程	False	True	1		phrase.science.tsv	43	
波印廷向量	ㄅㄛ ㄧㄣˋ ㄊㄧㄥˊ ㄒㄧㄤˋ ㄌㄧㄤˋ	科學	1	5	absent			-7.354194117						撥印廷向量	波印廷向量	撥/印/廷/向量	波印廷向量	True	True	1		phrase.science.tsv	44	
波士頓矩陣	ㄅㄛ ㄕˋ ㄉㄨㄣˋ ㄐㄩˇ ㄓㄣˋ	商業	1	4	absent			-7.354194117		波士頓/矩陣	3.882242663	波士頓/矩陣	3.882242663	波士頓矩陣	波士頓矩陣	波士頓/矩陣	波士頓矩陣	False	True	1		phrase.business.tsv	113	
波奇塔	ㄅㄛ ㄑㄧˊ ㄊㄚˇ	動漫	1	12	absent			-7.354194117						撥其塔	波奇塔	撥/其/塔	波奇塔	True	True	1		phrase.anime.tsv	1398	
波妞	ㄅㄛ ㄋㄧㄡ	動漫	1	25	absent			-7.354194117						撥妞	波妞	撥/妞	波妞	True	True	1		phrase.anime.tsv	1399	
波德萊爾	ㄅㄛ ㄉㄜˊ ㄌㄞˊ ㄦˇ	動漫	1	15	absent			-7.354194117						撥得來爾	波德萊爾	撥/得/來/爾	波德萊爾	True	True	1		phrase.anime.tsv	1400	
波爾卡	ㄅㄛ ㄦˇ ㄎㄚˇ	動漫	1	17	absent			-7.354194117						波爾卡	波爾卡	波爾/卡	波爾卡	False	True	1		phrase.anime.tsv	1401	
注意力機制	ㄓㄨˋ ㄧˋ ㄌㄧˋ ㄐㄧ ㄓˋ	AI資料科學	1	4	absent			-7.354194117		注意力/機制	2.293224456	注意力/機制	2.293224456	注意力機制	注意力機制	注意力/機制	注意力/機制	False	True	1		phrase.ai-data-science.tsv	109	
泰斯塔羅莎	ㄊㄞˋ ㄙ ㄊㄚˇ ㄌㄨㄛˊ ㄕㄚ	動漫	1	14	absent			-7.354194117						太司塔羅殺	泰斯塔羅莎	太/司/塔/羅/殺	泰斯塔羅莎	True	True	1		phrase.anime.tsv	1402	
泰莎	ㄊㄞˋ ㄕㄚ	動漫	1	14	absent			-7.354194117						太殺	太殺	太/殺	太/殺	False	False	1	汰沙	phrase.anime.tsv	1403	
洗錢罪	ㄒㄧˇ ㄑㄧㄢˊ ㄗㄨㄟˋ	法律	1	10	absent			-7.354194117						洗錢最	洗錢最	洗錢/最	洗錢/最	False	False	1		phrase.law.tsv	114	
洛伊德佛傑	ㄌㄨㄛˋ ㄧ ㄉㄜˊ ㄈㄛˊ ㄐㄧㄝˊ	動漫	1	24	absent			-7.354194117						洛一得佛結	洛伊德佛傑	洛/一/得/佛/結	洛伊德佛傑	True	True	1		phrase.anime.tsv	1404	
洛克昂	ㄌㄨㄛˋ ㄎㄜˋ ㄤˊ	動漫	1	17	absent			-7.354194117						洛客昂	洛克昂	洛/客/昂	洛克昂	True	True	1		phrase.anime.tsv	1405	
洛氏硬度	ㄌㄨㄛˋ ㄕˋ ㄧㄥˋ ㄉㄨˋ	材料化工	1	11	absent			-7.354194117						洛適應度	洛氏硬度	洛/適應/度	洛氏硬度	True	True	1		phrase.materials-chemistry.tsv	53	
洛琪希	ㄌㄨㄛˋ ㄑㄧˊ ㄒㄧ	動漫	1	19	absent			-7.354194117						洛其西	洛琪希	洛/其/西	洛琪希	True	True	1		phrase.anime.tsv	1408	
洛蒂楊森	ㄌㄨㄛˋ ㄉㄧˋ ㄧㄤˊ ㄙㄣ	動漫	1	16	absent			-7.354194117						落地陽森	洛蒂楊森	落地/陽/森	洛蒂楊森	True	True	1		phrase.anime.tsv	1409	
津島善子	ㄐㄧㄣ ㄉㄠˇ ㄕㄢˋ ㄗ˙	動漫	1	10	absent			-7.354194117						今導扇子	津島善子	今/導/扇子	津島善子	True	True	1		phrase.anime.tsv	1410	
津田隆利	ㄐㄧㄣ ㄊㄧㄢˊ ㄌㄨㄥˊ ㄌㄧˋ	動漫	1	18	absent			-7.354194117						今田龍力	津田隆利	今/田/龍/力	津田隆利	True	True	1		phrase.anime.tsv	1411	
活字本	ㄏㄨㄛˊ ㄗˋ ㄅㄣˇ	中文	1	11	absent			-7.354194117						活自本	活字本	活/自/本	活字本	True	True	1		phrase.chinese.tsv	91	
活性污泥法	ㄏㄨㄛˊ ㄒㄧㄥˋ ㄨ ㄋㄧˊ ㄈㄚˇ	環境能源	1	4	absent			-7.354194117						活性污泥法	活性污泥法	活性/污泥/法	活性污泥法	False	True	1		phrase.energy-environment.tsv	73	
活性碳吸附	ㄏㄨㄛˊ ㄒㄧㄥˋ ㄊㄢˋ ㄒㄧ ㄈㄨˋ	環境能源	1	3	absent			-7.354194117		活性碳/吸附	4.990582137	活性碳/吸附	4.990582137	活性碳吸附	活性碳吸附	活性碳/吸附	活性碳/吸附	False	True	1		phrase.energy-environment.tsv	74	
活酶	ㄏㄨㄛˊ ㄇㄟˊ	醫學	1	11	absent			-7.354194117						活沒	活沒	活/沒	活/沒	False	False	1		phrase.medicine.tsv	135	
派生詞	ㄆㄞˋ ㄕㄥ ㄘˊ	中文	1	10	absent			-7.354194117						派生詞	派生詞	派/生/詞	派生詞	False	True	1		phrase.chinese.tsv	92	
流動性風險	ㄌㄧㄡˊ ㄉㄨㄥˋ ㄒㄧㄥˋ ㄈㄥ ㄒㄧㄢˇ	財會金融	1	3	absent			-7.354194117		流動性/風險	3.07159466	流動性/風險	3.07159466	流動性風險	流動性風險	流動性/風險	流動性/風險	False	True	1		phrase.finance.tsv	90	
流動負債	ㄌㄧㄡˊ ㄉㄨㄥˋ ㄈㄨˋ ㄓㄞˋ	財會金融	1	10	absent			-7.354194117		流動/負債	3.025203262	流動/負債	3.025203262	流動負債	流動負債	流動/負債	流動/負債	False	True	1		phrase.finance.tsv	91	
流失率	ㄌㄧㄡˊ ㄕ ㄌㄩˋ	商業	1	16	absent			-7.354194117						流失率	流失率	流失/率	流失/率	False	True	1		phrase.business.tsv	114	
流失率分析	ㄌㄧㄡˊ ㄕ ㄌㄩˋ ㄈㄣ ㄒㄧ	商業	1	5	absent			-7.354194117						流失率分析	流失率分析	流失/率/分析	流失率分析	False	True	1		phrase.business.tsv	115	
流失率目標	ㄌㄧㄡˊ ㄕ ㄌㄩˋ ㄇㄨˋ ㄅㄧㄠ	商業	1	4	absent			-7.354194117						流失率目標	流失率目標	流失/率/目標	流失率目標	False	True	1		phrase.business.tsv	116	
流失率趨勢	ㄌㄧㄡˊ ㄕ ㄌㄩˋ ㄑㄩ ㄕˋ	商業	1	4	absent			-7.354194117						流失率趨勢	流失率趨勢	流失/率/趨勢	流失率趨勢	False	True	1		phrase.business.tsv	117	
流失率預測	ㄌㄧㄡˊ ㄕ ㄌㄩˋ ㄩˋ ㄘㄜˋ	商業	1	4	absent			-7.354194117						流失率預測	流失率預測	流失/率/預測	流失率預測	False	True	1		phrase.business.tsv	118	
流川楓	ㄌㄧㄡˊ ㄔㄨㄢ ㄈㄥ	動漫	1	22	absent			-7.354194117						留穿風	流川楓	留/穿/風	流川楓	True	True	1		phrase.anime.tsv	1414	
流式細胞儀	ㄌㄧㄡˊ ㄕˋ ㄒㄧˋ ㄅㄠ ㄧˊ	生技藥學	1	5	absent			-7.354194117						留是細胞一	流式細胞儀	留/是/細胞/一	流式細胞儀	True	True	1		phrase.biotech-pharma.tsv	54	
流程型	ㄌㄧㄡˊ ㄔㄥˊ ㄒㄧㄥˊ	工業工程	1	11	absent			-7.354194117						流程行	流程行	流程/行	流程/行	False	False	1		phrase.industrial-engineering.tsv	74	
流程改善	ㄌㄧㄡˊ ㄔㄥˊ ㄍㄞˇ ㄕㄢˋ	商業	1	19	absent			-7.354194117		流程/改善	1.499654895	流程/改善	1.499654895	流程改善	流程改善	流程/改善	流程/改善	False	True	1		phrase.business.tsv	119	
流程最佳化	ㄌㄧㄡˊ ㄔㄥˊ ㄗㄨㄟˋ ㄐㄧㄚ ㄏㄨㄚˋ	工業工程	1	17	absent			-7.354194117		流程/最佳化	3.060853665	流程/最佳化	3.060853665	流程最佳化	流程最佳化	流程/最佳化	流程/最佳化	False	True	1		phrase.industrial-engineering.tsv	75	
流體化床	ㄌㄧㄡˊ ㄊㄧˇ ㄏㄨㄚˋ ㄔㄨㄤˊ	材料化工	1	2	absent			-7.354194117						留體化床	流體化床	留/體/化/床	流體化床	True	True	1		phrase.materials-chemistry.tsv	55	
流體輸送	ㄌㄧㄡˊ ㄊㄧˇ ㄕㄨ ㄙㄨㄥˋ	材料化工	1	9	absent			-7.354194117		流體/輸送	4.394199279	流體/輸送	4.394199279	流體輸送	流體輸送	流體/輸送	流體輸送	False	True	1		phrase.materials-chemistry.tsv	56	
浦飯幽助	ㄆㄨˇ ㄈㄢˋ ㄧㄡ ㄓㄨˋ	動漫	1	21	absent			-7.354194117						普範優助	浦飯幽助	普/範/優/助	浦飯幽助	True	True	1		phrase.anime.tsv	1415	
海因里	ㄏㄞˇ ㄧㄣ ㄌㄧˇ	動漫	1	15	absent			-7.354194117						海因理	海因里	海/因/理	海因里	True	True	1		phrase.anime.tsv	1416	
海坊主	ㄏㄞˇ ㄈㄤ ㄓㄨˇ	動漫	1	14	absent			-7.354194117						海方主	海坊主	海/方/主	海坊主	True	True	1		phrase.anime.tsv	1417	
海塔	ㄏㄞˇ ㄊㄚˇ	動漫	1	14	absent			-7.354194117						海塔	海塔	海/塔	海/塔	False	True	1		phrase.anime.tsv	1418	
海村	ㄏㄞˇ ㄘㄨㄣ	動漫	1	12	absent			-7.354194117						海村	海村	海/村	海/村	False	True	1		phrase.anime.tsv	1419	
海森堡	ㄏㄞˇ ㄙㄣ ㄅㄠˇ	科學	1	11	absent			-7.354194117						海森保	海森堡	海/森/保	海森堡	True	True	1		phrase.science.tsv	45	
海禁政策	ㄏㄞˇ ㄐㄧㄣˋ ㄓㄥˋ ㄘㄜˋ	歷史	1	10	absent			-7.354194117		海禁/政策	3.104873441	海禁/政策	3.104873441	海禁政策	海禁政策	海禁/政策	海禁/政策	False	True	1		phrase.history.tsv	106	
海藤瞬	ㄏㄞˇ ㄊㄥˊ ㄕㄨㄣˋ	動漫	1	17	absent			-7.354194117						海騰順	海藤瞬	海/騰/順	海藤瞬	True	True	1		phrase.anime.tsv	1420	
海貓	ㄏㄞˇ ㄇㄠ	動漫	1	19	absent			-7.354194117						海貓	海貓	海/貓	海/貓	False	True	1		phrase.anime.tsv	1421	
海運提單	ㄏㄞˇ ㄩㄣˋ ㄊㄧˊ ㄉㄢ	交通物流	1	10	absent			-7.354194117		海運/提單	5.15553703	海運/提單	5.15553703	海運提單	海運提單	海運/提/單	海運提單	False	True	1		phrase.transport-logistics.tsv	62	
海運物流	ㄏㄞˇ ㄩㄣˋ ㄨˋ ㄌㄧㄡˊ	交通物流	1	10	absent			-7.354194117		海運/物流	3.70069217	海運/物流	3.70069217	海運物流	海運物流	海運/物流	海運/物流	False	True	1		phrase.transport-logistics.tsv	63	
海馬瀨人	ㄏㄞˇ ㄇㄚˇ ㄌㄞˋ ㄖㄣˊ	動漫	1	17	absent			-7.354194117						海馬來人	海馬瀨人	海馬/來/人	海馬瀨人	True	True	1		phrase.anime.tsv	1423	
浸潤式微影	ㄐㄧㄣˋ ㄖㄨㄣˋ ㄕˋ ㄨㄟˊ ㄧㄥˇ	晶片半導體	1	4	absent			-7.354194117						浸潤式微影	浸潤式微影	浸潤/式微/影	浸潤式微影	False	True	1		phrase.semiconductor.tsv	93	
消弱	ㄒㄧㄠ ㄖㄨㄛˋ	心理社會	1	12	absent	削弱	-5.730944827	-7.354194117	-1.62324929			削弱	-1.62324929	削弱	削弱	削弱	削弱	False	False	2	削弱	phrase.psychology-society.tsv	48	
消滅時效	ㄒㄧㄠ ㄇㄧㄝˋ ㄕˊ ㄒㄧㄠˋ	法律	1	10	absent			-7.354194117		消滅/時效	3.211679512	消滅/時效	3.211679512	消滅時效	消滅時效	消滅/時效	消滅時效	False	True	1		phrase.law.tsv	115	
液液平衡	ㄧㄝˋ ㄧㄝˋ ㄆㄧㄥˊ ㄏㄥˊ	材料化工	1	11	absent			-7.354194117		夜夜/平衡	3.064738952	夜夜/平衡	3.064738952	業業平衡	液液平衡	業/業/平衡	液液平衡	True	True	1		phrase.materials-chemistry.tsv	57	
液滲檢測	ㄧㄝˋ ㄕㄣˋ ㄐㄧㄢˇ ㄘㄜˋ	製造機械	1	11	absent			-7.354194117						業甚檢測	液滲檢測	業/甚/檢測	液滲檢測	True	True	1		phrase.manufacturing.tsv	75	
液相層析	ㄧㄝˋ ㄒㄧㄤ ㄘㄥˊ ㄒㄧ	生技藥學	1	12	absent			-7.354194117						業相層析	液相層析	業/相/層/析	液相層析	True	True	1		phrase.biotech-pharma.tsv	55	
涼宮春日	ㄌㄧㄤˊ ㄍㄨㄥ ㄔㄨㄣ ㄖˋ	動漫	1	26	absent			-7.354194117						涼公春日	涼宮春日	涼/公/春日	涼宮春日	True	True	1		phrase.anime.tsv	1424	
涼風青葉	ㄌㄧㄤˊ ㄈㄥ ㄑㄧㄥ ㄧㄝˋ	動漫	1	18	absent			-7.354194117		涼風/青葉	5.429914831	涼風/青葉	5.429914831	涼風清業	涼風青葉	涼風/清/業	涼風青葉	True	True	1		phrase.anime.tsv	1425	
淀治	ㄉㄧㄢˋ ㄓˋ	動漫	1	23	absent			-7.354194117						電至	電至	電/至	電/至	False	False	1		phrase.anime.tsv	1426	
淞滬會戰	ㄙㄨㄥ ㄏㄨˋ ㄏㄨㄟˋ ㄓㄢˋ	歷史	1	9	absent			-7.354194117						鬆互惠戰	淞滬會戰	鬆/互惠/戰	淞滬會戰	True	True	1		phrase.history.tsv	107	
淨利成長率	ㄐㄧㄥˋ ㄌㄧˋ ㄔㄥˊ ㄓㄤˇ ㄌㄩˋ	商業	1	4	absent			-7.354194117		淨利/成長率	3.763909714	淨利/成長率	3.763909714	淨利成長率	淨利成長率	淨利/成長率	淨利/成長率	False	True	1		phrase.business.tsv	120	
淨利達成率	ㄐㄧㄥˋ ㄌㄧˋ ㄉㄚˊ ㄔㄥˊ ㄌㄩˋ	商業	1	4	absent			-7.354194117						淨利達成率	淨利達成率	淨利/達成/率	淨利達成率	False	True	1		phrase.business.tsv	121	
淨零	ㄐㄧㄥˋ ㄌㄧㄥˊ	一般	1	25	absent			-7.354194117						竟靈	竟靈	竟/靈	竟/靈	False	False	1	竟陵	phrase.general.tsv	84	
淨零排放	ㄐㄧㄥˋ ㄌㄧㄥˊ ㄆㄞˊ ㄈㄤˋ	一般	1	18	absent			-7.354194117						竟靈排放	淨零排放	竟/靈/排放	淨零排放	True	True	1		phrase.general.tsv	85	
淨零路徑	ㄐㄧㄥˋ ㄌㄧㄥˊ ㄌㄨˋ ㄐㄧㄥˋ	環境能源	1	10	absent			-7.354194117						竟靈路徑	淨零路徑	竟/靈/路徑	淨零路徑	True	True	1		phrase.energy-environment.tsv	75	
深反應	ㄕㄣ ㄈㄢˇ ㄧㄥˋ	晶片半導體	1	12	absent			-7.354194117						深反應	深反應	深/反應	深/反應	False	True	1		phrase.semiconductor.tsv	94	
深度報導	ㄕㄣ ㄉㄨˋ ㄅㄠˋ ㄉㄠˇ	媒體設計	1	11	absent			-7.354194117		深度/報導	1.079569191	深度/報導	1.079569191	深度報導	深度報導	深度/報導	深度/報導	False	True	1		phrase.media-design.tsv	61	
深澄真	ㄕㄣ ㄔㄥˊ ㄓㄣ	動漫	1	17	absent			-7.354194117						深成真	深澄真	深/成真	深澄真	True	True	1		phrase.anime.tsv	1429	
深紫外光	ㄕㄣ ㄗˇ ㄨㄞˋ ㄍㄨㄤ	晶片半導體	1	12	absent			-7.354194117						深紫外光	深紫外光	深/紫外光	深/紫外光	False	True	1		phrase.semiconductor.tsv	95	
深部	ㄕㄣ ㄅㄨˋ	醫學	1	12	absent			-7.354194117						深不	深不	深/不	深/不	False	False	1		phrase.medicine.tsv	137	
混凝土修復	ㄏㄨㄣˋ ㄋㄧㄥˊ ㄊㄨˇ ㄒㄧㄡ ㄈㄨˋ	建築土木	1	3	absent			-7.354194117		混凝土/修復	3.200836646	混凝土/修復	3.200836646	混凝土修復	混凝土修復	混凝土/修復	混凝土/修復	False	True	1		phrase.civil-engineering.tsv	153	
混凝土工程	ㄏㄨㄣˋ ㄋㄧㄥˊ ㄊㄨˇ ㄍㄨㄥ ㄔㄥˊ	建築土木	1	4	absent			-7.354194117		混凝土/工程	2.121841035	混凝土/工程	2.121841035	混凝土工程	混凝土工程	混凝土/工程	混凝土/工程	False	True	1		phrase.civil-engineering.tsv	154	
混凝土施工	ㄏㄨㄣˋ ㄋㄧㄥˊ ㄊㄨˇ ㄕ ㄍㄨㄥ	建築土木	1	3	absent			-7.354194117		混凝土/施工	2.806025896	混凝土/施工	2.806025896	混凝土施工	混凝土施工	混凝土/施工	混凝土/施工	False	True	1		phrase.civil-engineering.tsv	155	
混凝土構造	ㄏㄨㄣˇ ㄋㄧㄥˊ ㄊㄨˇ ㄍㄡˋ ㄗㄠˋ	建築土木	1	2	absent			-7.354194117						混寧土構造	混凝土構造	混/寧/土/構造	混凝土構造	True	True	1		phrase.civil-engineering.tsv	156	
混凝土檢驗	ㄏㄨㄣˋ ㄋㄧㄥˊ ㄊㄨˇ ㄐㄧㄢˇ ㄧㄢˋ	建築土木	1	4	absent			-7.354194117		混凝土/檢驗	2.769060642	混凝土/檢驗	2.769060642	混凝土檢驗	混凝土檢驗	混凝土/檢驗	混凝土/檢驗	False	True	1		phrase.civil-engineering.tsv	157	
混凝土監測	ㄏㄨㄣˋ ㄋㄧㄥˊ ㄊㄨˇ ㄐㄧㄢ ㄘㄜˋ	建築土木	1	4	absent			-7.354194117		混凝土/監測	3.152414764	混凝土/監測	3.152414764	混凝土監測	混凝土監測	混凝土/監測	混凝土/監測	False	True	1		phrase.civil-engineering.tsv	158	
混凝土補強	ㄏㄨㄣˋ ㄋㄧㄥˊ ㄊㄨˇ ㄅㄨˇ ㄑㄧㄤˊ	建築土木	1	3	absent			-7.354194117		混凝土/補強	3.639612909	混凝土/補強	3.639612909	混凝土補強	混凝土補強	混凝土/補強	混凝土/補強	False	True	1		phrase.civil-engineering.tsv	159	
混凝土設計	ㄏㄨㄣˋ ㄋㄧㄥˊ ㄊㄨˇ ㄕㄜˋ ㄐㄧˋ	建築土木	1	5	absent			-7.354194117		混凝土/設計	1.803699153	混凝土/設計	1.803699153	混凝土設計	混凝土設計	混凝土/設計	混凝土/設計	False	True	1		phrase.civil-engineering.tsv	160	
混凝土鋪面	ㄏㄨㄣˋ ㄋㄧㄥˊ ㄊㄨˇ ㄆㄨ ㄇㄧㄢˋ	建築土木	1	2	absent			-7.354194117		混凝土/鋪面	4.168651963	混凝土/鋪面	4.168651963	混凝土鋪面	混凝土鋪面	混凝土/鋪面	混凝土/鋪面	False	True	1		phrase.civil-engineering.tsv	161	
混合成本	ㄏㄨㄣˋ ㄏㄜˊ ㄔㄥˊ ㄅㄣˇ	財會金融	1	11	absent			-7.354194117		混合/成本	1.738012784	混合/成本	1.738012784	混合成本	混合成本	混合/成本	混合/成本	False	True	1		phrase.finance.tsv	92	
混合辦公	ㄏㄨㄣˋ ㄏㄜˊ ㄅㄢˋ ㄍㄨㄥ	一般	1	8	absent			-7.354194117		混合/辦公	1.870769444	混合/辦公	1.870769444	混合辦公	混合辦公	混合/辦公	混合辦公	False	True	1		phrase.general.tsv	87	
淺右	ㄑㄧㄢˇ ㄧㄡˋ	動漫	1	17	absent			-7.354194117						淺又	淺右	淺/又	淺右	True	True	1		phrase.anime.tsv	1430	
淺草綠	ㄑㄧㄢˇ ㄘㄠˇ ㄌㄩˋ	動漫	1	18	absent			-7.354194117						淺草率	淺草率	淺草/率	淺草/率	False	False	1		phrase.anime.tsv	1431	
清峰葉流火	ㄑㄧㄥ ㄈㄥ ㄧㄝˋ ㄌㄧㄡˊ ㄏㄨㄛˇ	動漫	1	18	absent			-7.354194117						清風業流火	清峰葉流火	清風/業/流火	清峰葉流火	True	True	1		phrase.anime.tsv	1432	
清末新政	ㄑㄧㄥ ㄇㄛˋ ㄒㄧㄣ ㄓㄥˋ	歷史	1	12	absent			-7.354194117						清末新政	清末新政	清/末/新政	清末新政	False	True	1		phrase.history.tsv	109	
清水惠	ㄑㄧㄥ ㄕㄨㄟˇ ㄏㄨㄟˋ	動漫	1	11	absent			-7.354194117						清水會	清水會	清水/會	清水/會	False	False	1		phrase.anime.tsv	1433	
清水薰	ㄑㄧㄥ ㄕㄨㄟˇ ㄒㄩㄣ	動漫	1	14	absent			-7.354194117						清水勳	清水薰	清水/勳	清水薰	True	True	1		phrase.anime.tsv	1434	
清治臺灣	ㄑㄧㄥ ㄓˋ ㄊㄞˊ ㄨㄢ	歷史	1	12	absent			-7.354194117						清治台灣	清治臺灣	清/治/台灣	清治臺灣	True	True	1		phrase.history.tsv	110	
清洗機	ㄑㄧㄥ ㄒㄧˇ ㄐㄧ	晶片半導體	1	12	absent			-7.354194117						清洗機	清洗機	清洗/機	清洗/機	False	True	1		phrase.semiconductor.tsv	98	
清洗機保養	ㄑㄧㄥ ㄒㄧˇ ㄐㄧ ㄅㄠˇ ㄧㄤˇ	晶片半導體	1	3	absent			-7.354194117						清洗機保養	清洗機保養	清洗/機/保養	清洗機保養	False	True	1		phrase.semiconductor.tsv	99	
清洗機校正	ㄑㄧㄥ ㄒㄧˇ ㄐㄧ ㄐㄧㄠˋ ㄓㄥˋ	晶片半導體	1	3	absent			-7.354194117						清洗機校正	清洗機校正	清洗/機/校正	清洗機校正	False	True	1		phrase.semiconductor.tsv	100	
清洗製程	ㄑㄧㄥ ㄒㄧˇ ㄓˋ ㄔㄥˊ	晶片半導體	1	14	absent			-7.354194117		清洗/製成	3.113869562	清洗/製成	3.113869562	清洗製程	清洗製程	清洗/製程	清洗/製程	False	True	1		phrase.semiconductor.tsv	101	
清潔生產	ㄑㄧㄥ ㄐㄧㄝˊ ㄕㄥ ㄔㄢˇ	環境能源	1	11	absent			-7.354194117		清潔/生產	1.374031609	清潔/生產	1.374031609	清潔生產	清潔生產	清潔/生產	清潔/生產	False	True	1		phrase.energy-environment.tsv	76	
清潔確效	ㄑㄧㄥ ㄐㄧㄝˊ ㄑㄩㄝˋ ㄒㄧㄠˋ	生技藥學	1	11	absent			-7.354194117						清潔確效	清潔確效	清潔/確/效	清潔確效	False	True	1		phrase.biotech-pharma.tsv	56	
清瀧桂香	ㄑㄧㄥ ㄌㄨㄥˊ ㄍㄨㄟˋ ㄒㄧㄤ	動漫	1	10	absent			-7.354194117						青龍會相	清瀧桂香	青龍/會/相	清瀧桂香	True	True	1		phrase.anime.tsv	1435	
清瀨灰二	ㄑㄧㄥ ㄌㄞˋ ㄏㄨㄟ ㄦˋ	動漫	1	15	absent			-7.354194117						青睞揮二	清瀨灰二	青睞/揮/二	清瀨灰二	True	True	1		phrase.anime.tsv	1436	
清理計畫	ㄑㄧㄥ ㄌㄧˇ ㄐㄧˋ ㄏㄨㄚˋ	環境能源	1	12	absent			-7.354194117		清理/計畫	1.425949885	清理/計畫	1.425949885	清理計畫	清理計畫	清理/計畫	清理/計畫	False	True	1		phrase.energy-environment.tsv	77	
清除率	ㄑㄧㄥ ㄔㄨˊ ㄌㄩˋ	生技藥學	1	10	absent			-7.354194117						清除率	清除率	清除/率	清除/率	False	True	1		phrase.biotech-pharma.tsv	57	
渚薰	ㄓㄨˇ ㄒㄩㄣ	動漫	1	14	absent			-7.354194117						主勳	渚薰	主/勳	渚薰	True	True	1		phrase.anime.tsv	1437	
減法混色	ㄐㄧㄢˇ ㄈㄚˇ ㄏㄨㄣˋ ㄙㄜˋ	媒體設計	1	11	absent			-7.354194117						減法混色	減法混色	減/法/混/色	減法混色	False	True	1		phrase.media-design.tsv	62	
減量管理	ㄐㄧㄢˇ ㄌㄧㄤˋ ㄍㄨㄢˇ ㄌㄧˇ	環境能源	1	14	absent			-7.354194117		減量/管理	2.137817059	減量/管理	2.137817059	減量管理	減量管理	減量/管理	減量管理	False	True	1		phrase.energy-environment.tsv	79	
渡久地東亞	ㄉㄨˋ ㄐㄧㄡˇ ㄉㄧˋ ㄉㄨㄥ ㄧㄚˇ	動漫	1	18	absent			-7.354194117						度九的東亞	渡久地東亞	度/九/的/東亞	渡久地東亞	True	True	1		phrase.anime.tsv	1438	
渡亮太	ㄉㄨˋ ㄌㄧㄤˋ ㄊㄞˋ	動漫	1	15	absent			-7.354194117						度量太	渡亮太	度量/太	渡亮太	True	True	1		phrase.anime.tsv	1439	
渡臺禁令	ㄉㄨˋ ㄊㄞˊ ㄐㄧㄣˋ ㄌㄧㄥˋ	歷史	1	11	absent			-7.354194117						度台禁令	渡臺禁令	度/台/禁令	渡臺禁令	True	True	1		phrase.history.tsv	111	
渡邊曜	ㄉㄨˋ ㄅㄧㄢ ㄧㄠˋ	動漫	1	12	absent			-7.354194117						度邊要	渡邊曜	度/邊/要	渡邊曜	True	True	1		phrase.anime.tsv	1440	
渡邊瑠果	ㄉㄨˋ ㄅㄧㄢ ㄌㄧㄡˊ ㄍㄨㄛˇ	動漫	1	14	absent			-7.354194117						度邊留果	渡邊瑠果	度/邊/留/果	渡邊瑠果	True	True	1		phrase.anime.tsv	1441	
渦流檢測	ㄨㄛ ㄌㄧㄡˊ ㄐㄧㄢˇ ㄘㄜˋ	製造機械	1	9	absent			-7.354194117		渦流/檢測	4.15443894	渦流/檢測	4.15443894	渦流檢測	渦流檢測	渦流/檢測	渦流/檢測	False	True	1		phrase.manufacturing.tsv	76	
測光	ㄘㄜˋ ㄍㄨㄤ	媒體設計	1	12	absent			-7.354194117						策光	策光	策/光	策/光	False	False	1		phrase.media-design.tsv	63	
測試機	ㄘㄜˋ ㄕˋ ㄐㄧ	晶片半導體	1	12	absent			-7.354194117						測試機	測試機	測試/機	測試/機	False	True	1		phrase.semiconductor.tsv	103	
測試製程	ㄘㄜˋ ㄕˋ ㄓˋ ㄔㄥˊ	晶片半導體	1	8	absent			-7.354194117		測試/製成	2.159627053	測試/製成	2.159627053	測試製程	測試製程	測試/製程	測試/製程	False	True	1		phrase.semiconductor.tsv	104	
湊友希那	ㄘㄡˋ ㄧㄡˇ ㄒㄧ ㄋㄚˋ	動漫	1	10	absent			-7.354194117						湊有吸納	湊友希那	湊/有/吸納	湊友希那	True	True	1		phrase.anime.tsv	1443	
湯婆婆	ㄊㄤ ㄆㄛˊ ㄆㄛˊ	動漫	1	19	absent			-7.354194117						湯婆婆	湯婆婆	湯/婆婆	湯婆婆	False	True	1		phrase.anime.tsv	1444	
源光	ㄩㄢˊ ㄍㄨㄤ	動漫	1	15	absent			-7.354194117						原光	原光	原/光	原/光	False	False	1		phrase.anime.tsv	1445	
源極	ㄩㄢˊ ㄐㄧˊ	電子電機	1	13	absent	原籍|圓寂	-6.275012871	-7.354194117	-1.079181246			原籍	-1.079181246	原及	原及	原/及	原/及	False	False	3	原籍|圓寂	phrase.electronics.tsv	133	
源極跟隨器	ㄩㄢˊ ㄐㄧˊ ㄍㄣ ㄙㄨㄟˊ ㄑㄧˋ	電子電機	1	5	absent			-7.354194117						原及跟隨器	源極跟隨器	原/及/跟隨/器	源極跟隨器	True	True	1		phrase.electronics.tsv	134	
源櫻	ㄩㄢˊ ㄧㄥ	動漫	1	20	absent			-7.354194117						原應	原應	原/應	原/應	False	False	1		phrase.anime.tsv	1446	
源輝	ㄩㄢˊ ㄏㄨㄟ	動漫	1	13	absent			-7.354194117						原揮	原揮	原/揮	原/揮	False	False	1		phrase.anime.tsv	1447	
準備程序	ㄓㄨㄣˇ ㄅㄟˋ ㄔㄥˊ ㄒㄩˋ	法律	1	12	absent			-7.354194117		準備/程序	1.032565865	準備/程序	1.032565865	準備程序	準備程序	準備/程序	準備/程序	False	True	1		phrase.law.tsv	116	
準用	ㄓㄨㄣˇ ㄩㄥˋ	公務員公文	1	12	absent			-7.354194117						准用	准用	准/用	准/用	False	False	1		phrase.government.tsv	50	
溫室栽培	ㄨㄣ ㄕˋ ㄗㄞ ㄆㄟˊ	農業食品	1	16	absent			-7.354194117		溫室/栽培	3.436163781	溫室/栽培	3.436163781	溫室栽培	溫室栽培	溫室/栽培	溫室/栽培	False	True	1		phrase.agriculture-food.tsv	28	
溫室氣體	ㄨㄣ ㄕˋ ㄑㄧˋ ㄊㄧˇ	環境能源	1	14	absent			-7.354194117		溫室/氣體	3.467477843	溫室/氣體	3.467477843	溫室氣體	溫室氣體	溫室/氣體	溫室/氣體	False	True	1		phrase.energy-environment.tsv	80	
溫帕雷特	ㄨㄣ ㄆㄚˋ ㄌㄟˊ ㄊㄜˋ	動漫	1	17	absent			-7.354194117						溫怕雷特	溫帕雷特	溫/怕/雷/特	溫帕雷特	True	True	1		phrase.anime.tsv	1449	
溫水和彥	ㄨㄣ ㄕㄨㄟˇ ㄏㄜˊ ㄧㄢˋ	動漫	1	20	absent			-7.354194117		溫水/何晏	5.67295288	溫水/何晏	5.67295288	溫水和驗	溫水和彥	溫/水/和/驗	溫水和彥	True	True	1		phrase.anime.tsv	1450	
溫莉	ㄨㄣ ㄌㄧˋ	動漫	1	14	absent			-7.354194117						溫力	溫力	溫/力	溫/力	False	False	1		phrase.anime.tsv	1451	
溫蒂瑪貝爾	ㄨㄣ ㄉㄧˋ ㄇㄚˇ ㄅㄟˋ ㄦˇ	動漫	1	11	absent			-7.354194117						溫的馬貝爾	溫蒂瑪貝爾	溫/的/馬/貝爾	溫蒂瑪貝爾	True	True	1		phrase.anime.tsv	1452	
溶劑回收	ㄖㄨㄥˊ ㄐㄧˋ ㄏㄨㄟˊ ㄕㄡ	材料化工	1	10	absent			-7.354194117		溶劑/回收	3.677317685	溶劑/回收	3.677317685	溶劑回收	溶劑回收	溶劑/回收	溶劑/回收	False	True	1		phrase.materials-chemistry.tsv	58	
溶血性貧血	ㄖㄨㄥˊ ㄒㄧㄝˇ ㄒㄧㄥˋ ㄆㄧㄣˊ ㄒㄧㄝˇ	醫學	1	3	absent			-7.354194117		溶血性/貧血	4.793092734	溶血性/貧血	4.793092734	溶血性貧血	溶血性貧血	溶血性/貧血	溶血性/貧血	False	True	1		phrase.medicine.tsv	139	
滑動視窗	ㄏㄨㄚˊ ㄉㄨㄥˋ ㄕˋ ㄔㄨㄤ	網路資安	1	10	absent			-7.354194117		滑動/視窗	3.460376893	滑動/視窗	3.460376893	滑動視窗	滑動視窗	滑動/視窗	滑動視窗	False	True	1		phrase.network-security.tsv	105	
滑動軸承	ㄏㄨㄚˊ ㄉㄨㄥˋ ㄓㄡˊ ㄔㄥˊ	製造機械	1	10	absent			-7.354194117		滑動/軸承	5.139350269	滑動/軸承	5.139350269	滑動軸承	滑動軸承	滑動/軸承	滑動軸承	False	True	1		phrase.manufacturing.tsv	77	
滲透測試	ㄕㄣˋ ㄊㄡˋ ㄘㄜˋ ㄕˋ	網路資安	1	11	absent			-7.354194117		滲透/測試	2.427147286	滲透/測試	2.427147286	滲透測試	滲透測試	滲透/測試	滲透/測試	False	True	1		phrase.network-security.tsv	106	
滴灌	ㄉㄧ ㄍㄨㄢˋ	農業食品	1	13	absent			-7.354194117						低慣	低慣	低/慣	低/慣	False	False	1		phrase.agriculture-food.tsv	29	
滾子軸承	ㄍㄨㄣˇ ㄗˇ ㄓㄡˊ ㄔㄥˊ	製造機械	1	11	absent			-7.354194117						滾子軸承	滾子軸承	滾/子/軸承	滾子軸承	False	True	1		phrase.manufacturing.tsv	78	
滾珠螺桿	ㄍㄨㄣˇ ㄓㄨ ㄌㄨㄛˊ ㄍㄢˇ	製造機械	1	9	absent			-7.354194117						滾珠螺感	滾珠螺桿	滾珠/螺/感	滾珠螺桿	True	True	1		phrase.manufacturing.tsv	79	
滾珠軸承	ㄍㄨㄣˇ ㄓㄨ ㄓㄡˊ ㄔㄥˊ	製造機械	1	9	absent			-7.354194117		滾珠/軸承	6.752134126	滾珠/軸承	6.752134126	滾珠軸承	滾珠軸承	滾珠/軸承	滾珠/軸承	False	True	1		phrase.manufacturing.tsv	80	
滿艦飾真子	ㄇㄢˇ ㄐㄧㄢˋ ㄕˋ ㄓㄣ ㄗ˙	動漫	1	15	absent			-7.354194117						滿建是真子	滿艦飾真子	滿/建/是/真/子	滿艦飾真子	True	True	1		phrase.anime.tsv	1453	
漏洞管理	ㄌㄡˋ ㄉㄨㄥˋ ㄍㄨㄢˇ ㄌㄧˇ	網路資安	1	12	absent			-7.354194117		漏洞/管理	1.656999659	漏洞/管理	1.656999659	漏洞管理	漏洞管理	漏洞/管理	漏洞/管理	False	True	1		phrase.network-security.tsv	107	
漢吉佐耶	ㄏㄢˋ ㄐㄧˊ ㄗㄨㄛˇ ㄧㄝ	動漫	1	13	absent			-7.354194117						漢極左耶	漢吉佐耶	漢/極左/耶	漢吉佐耶	True	True	1		phrase.anime.tsv	1454	
漢語方言	ㄏㄢˋ ㄩˇ ㄈㄤ ㄧㄢˊ	中文	1	10	absent			-7.354194117		漢語/方言	3.110263581	漢語/方言	3.110263581	漢語方言	漢語方言	漢語/方言	漢語/方言	False	True	1		phrase.chinese.tsv	93	
漢語語言學	ㄏㄢˋ ㄩˇ ㄩˇ ㄧㄢˊ ㄒㄩㄝˊ	中文	1	3	absent			-7.354194117		漢語/語言學	3.204636326	漢語/語言學	3.204636326	漢語語言學	漢語語言學	漢語/語言學	漢語/語言學	False	True	1		phrase.chinese.tsv	94	
漣波電壓	ㄌㄧㄢˊ ㄅㄛ ㄉㄧㄢˋ ㄧㄚ	電子電機	1	9	absent			-7.354194117		聯播/電壓	4.306529923	聯播/電壓	4.306529923	連撥電壓	漣波電壓	連/撥/電壓	漣波電壓	True	True	1		phrase.electronics.tsv	135	
漩渦鳴人	ㄒㄩㄢˊ ㄨㄛ ㄇㄧㄥˊ ㄖㄣˊ	動漫	1	25	absent			-7.354194117		漩渦/名人	3.12605051	漩渦/名人	3.12605051	漩渦名人	漩渦鳴人	漩渦/名人	漩渦鳴人	True	True	1		phrase.anime.tsv	1455	
潔世一	ㄐㄧㄝˊ ㄕˋ ㄧ	動漫	1	23	absent			-7.354194117						截是一	截是一	截/是/一	截/是/一	False	False	1		phrase.anime.tsv	1457	
潘希魯貢	ㄆㄢ ㄒㄧ ㄌㄨˇ ㄍㄨㄥˋ	動漫	1	17	absent			-7.354194117						潘西魯共	潘希魯貢	潘/西/魯/共	潘希魯貢	True	True	1		phrase.anime.tsv	1458	
潘德拉剛	ㄆㄢ ㄉㄜˊ ㄌㄚ ㄍㄤ	動漫	1	21	absent			-7.354194117						潘得拉岡	潘德拉剛	潘/得/拉岡	潘德拉剛	True	True	1		phrase.anime.tsv	1459	
潘朵拉之心	ㄆㄢ ㄉㄨㄛˇ ㄌㄚ ㄓ ㄒㄧㄣ	動漫	1	20	absent			-7.354194117						潘躲拉之心	潘朵拉之心	潘/躲/拉/之/心	潘朵拉之心	True	True	1		phrase.anime.tsv	1460	
潮田渚	ㄔㄠˊ ㄊㄧㄢˊ ㄓㄨˇ	動漫	1	19	absent			-7.354194117						潮田主	潮田渚	潮/田/主	潮田渚	True	True	1		phrase.anime.tsv	1461	
潰瘍性	ㄎㄨㄟˋ ㄧㄤˊ ㄒㄧㄥˋ	醫學	1	10	absent			-7.354194117						潰瘍性	潰瘍性	潰瘍/性	潰瘍/性	False	True	1		phrase.medicine.tsv	141	
澀谷凜	ㄙㄜˋ ㄍㄨˇ ㄌㄧㄣˇ	動漫	1	15	absent			-7.354194117						色古凜	澀谷凜	色/古/凜	澀谷凜	True	True	1		phrase.anime.tsv	1462	
澤村大地	ㄗㄜˊ ㄘㄨㄣ ㄉㄚˋ ㄉㄧˋ	動漫	1	18	absent			-7.354194117						則村大地	澤村大地	則/村/大地	澤村大地	True	True	1		phrase.anime.tsv	1463	
澤村榮純	ㄗㄜˊ ㄘㄨㄣ ㄖㄨㄥˊ ㄔㄨㄣˊ	動漫	1	19	absent			-7.354194117						則村容純	澤村榮純	則/村/容/純	澤村榮純	True	True	1		phrase.anime.tsv	1464	
澤渡真琴	ㄗㄜˊ ㄉㄨˋ ㄓㄣ ㄑㄧㄣˊ	動漫	1	11	absent			-7.354194117						則度珍禽	澤渡真琴	則/度/珍禽	澤渡真琴	True	True	1		phrase.anime.tsv	1465	
澤田綱吉	ㄗㄜˊ ㄊㄧㄢˊ ㄍㄤ ㄐㄧˊ	動漫	1	20	absent			-7.354194117						則田剛及	澤田綱吉	則/田/剛/及	澤田綱吉	True	True	1		phrase.anime.tsv	1466	
澤諾	ㄗㄜˊ ㄋㄨㄛˋ	動漫	1	10	absent			-7.354194117						則諾	則諾	則/諾	則/諾	False	False	1		phrase.anime.tsv	1467	
澤近愛理	ㄗㄜˊ ㄐㄧㄣˋ ㄞˋ ㄌㄧˇ	動漫	1	14	absent			-7.354194117						則進愛理	澤近愛理	則/進/愛/理	澤近愛理	True	True	1		phrase.anime.tsv	1468	
澤部椿	ㄗㄜˊ ㄅㄨˋ ㄔㄨㄣ	動漫	1	17	absent			-7.354194117						則不春	澤部椿	則/不/春	澤部椿	True	True	1		phrase.anime.tsv	1469	
濕式洗滌塔	ㄕ ㄕˋ ㄒㄧˇ ㄉㄧˊ ㄊㄚˇ	環境能源	1	4	absent			-7.354194117						失是洗滌塔	濕式洗滌塔	失/是/洗滌/塔	濕式洗滌塔	True	True	1		phrase.energy-environment.tsv	81	
濱岡梓	ㄅㄧㄣ ㄍㄤ ㄗˇ	動漫	1	12	absent			-7.354194117						濱剛子	濱岡梓	濱/剛/子	濱岡梓	True	True	1		phrase.anime.tsv	1470	
瀧本日富美	ㄌㄨㄥˊ ㄅㄣˇ ㄖˋ ㄈㄨˋ ㄇㄟˇ	動漫	1	12	absent			-7.354194117						龍本日負美	瀧本日富美	龍/本/日/負/美	瀧本日富美	True	True	1		phrase.anime.tsv	1471	
瀨尾結月	ㄌㄞˋ ㄨㄟˇ ㄐㄧㄝˊ ㄩㄝˋ	動漫	1	14	absent			-7.354194117						來委結月	瀨尾結月	來/委/結/月	瀨尾結月	True	True	1		phrase.anime.tsv	1472	
瀨川音符	ㄌㄞˋ ㄔㄨㄢ ㄧㄣ ㄈㄨˊ	動漫	1	13	absent			-7.354194117						來穿音符	瀨川音符	來/穿/音符	瀨川音符	True	True	1		phrase.anime.tsv	1473	
灌漿	ㄍㄨㄢˋ ㄐㄧㄤ	建築土木	1	10	0			-7.354194117						灌將	灌將	灌/將	灌/將	False	False	1		phrase.civil-engineering.tsv	164	
火影	ㄏㄨㄛˇ ㄧㄥˇ	動漫	1	17	absent			-7.354194117						火影	火影	火/影	火/影	False	True	1		phrase.anime.tsv	1475	
火星騎士	ㄏㄨㄛˇ ㄒㄧㄥ ㄑㄧˊ ㄕˋ	動漫	1	11	absent			-7.354194117		火星/歧視	2.725805187	火星/歧視	2.725805187	火星期是	火星騎士	火/星期/是	火星騎士	True	True	1		phrase.anime.tsv	1477	
火神大我	ㄏㄨㄛˇ ㄕㄣˊ ㄉㄚˋ ㄨㄛˇ	動漫	1	18	absent			-7.354194117		火神/大我	5.150074135	火神/大我	5.150074135	火神大我	火神大我	火神/大/我	火神大我	False	True	1		phrase.anime.tsv	1478	
火野麗	ㄏㄨㄛˇ ㄧㄝˇ ㄌㄧˋ	動漫	1	17	absent			-7.354194117						火也力	火野麗	火/也/力	火野麗	True	True	1		phrase.anime.tsv	1480	
灰原哀	ㄏㄨㄟ ㄩㄢˊ ㄞ	動漫	1	15	absent			-7.354194117						灰員哀	灰原哀	灰/員/哀	灰原哀	True	True	1		phrase.anime.tsv	1482	
灰姑娘女孩	ㄏㄨㄟ ㄍㄨ ㄋㄧㄤˊ ㄋㄩˇ ㄏㄞˊ	動漫	1	12	absent			-7.354194117		灰姑娘/女孩	2.886260598	灰姑娘/女孩	2.886260598	灰姑娘女孩	灰姑娘女孩	灰姑娘/女孩	灰姑娘女孩	False	True	1		phrase.anime.tsv	1484	
灼眼的夏娜	ㄓㄨㄛˊ ㄧㄢˇ ㄉㄜ˙ ㄒㄧㄚˋ ㄋㄚˋ	動漫	1	23	absent			-7.354194117						著眼的下那	灼眼的夏娜	著眼/的/下/那	灼眼的夏娜	True	True	1		phrase.anime.tsv	1486	
災難復原	ㄗㄞ ㄋㄢˋ ㄈㄨˋ ㄩㄢˊ	軟體科學	1	18	absent			-7.354194117		災難/復原	2.886512033	災難/復原	2.886512033	災難復原	災難復原	災難/復原	災難復原	False	True	1		phrase.software.tsv	68	
炎炎消防隊	ㄧㄢˊ ㄧㄢˊ ㄒㄧㄠ ㄈㄤˊ ㄉㄨㄟˋ	動漫	1	22	absent			-7.354194117		炎炎/消防隊	4.098921612	炎炎/消防隊	4.098921612	炎炎消防隊	炎炎消防隊	炎炎/消防隊	炎炎消防隊	False	True	1		phrase.anime.tsv	1488	
烈海王	ㄌㄧㄝˋ ㄏㄞˇ ㄨㄤˊ	動漫	1	13	absent			-7.354194117						列海王	烈海王	列/海王	烈海王	True	True	1		phrase.anime.tsv	1490	
烈火之炎	ㄌㄧㄝˋ ㄏㄨㄛˇ ㄓ ㄧㄢˊ	動漫	1	19	absent			-7.354194117		烈火/知言	5.922830353	烈火/知言	5.922830353	烈火之研	烈火之炎	烈火/之/研	烈火之炎	True	True	1		phrase.anime.tsv	1491	
烏斯	ㄨ ㄙ	動漫	1	13	absent	鎢絲	-6.877072863	-7.354194117	-0.477121255			鎢絲	-0.477121255	屋司	屋司	屋/司	屋/司	False	False	2	鎢絲	phrase.anime.tsv	1492	
烏蘭	ㄨ ㄌㄢˊ	動漫	1	15	absent			-7.354194117						屋蘭	屋蘭	屋/蘭	屋/蘭	False	False	1	烏藍	phrase.anime.tsv	1493	
烏間惟臣	ㄨ ㄐㄧㄢ ㄨㄟˊ ㄔㄣˊ	動漫	1	13	absent			-7.354194117						屋間為陳	烏間惟臣	屋/間/為/陳	烏間惟臣	True	True	1		phrase.anime.tsv	1494	
烏龍派出所	ㄨ ㄌㄨㄥˊ ㄆㄞˋ ㄔㄨ ㄙㄨㄛˇ	動漫	1	26	absent			-7.354194117		烏龍/派出所	3.166955498	烏龍/派出所	3.166955498	烏龍派出所	烏龍派出所	烏龍/派出所	烏龍派出所	False	True	1		phrase.anime.tsv	1495	
烘焙王	ㄏㄨㄥ ㄅㄟˋ ㄨㄤˊ	動漫	1	18	absent			-7.354194117						烘焙王	烘焙王	烘焙/王	烘焙王	False	True	1		phrase.anime.tsv	1497	
焊接機	ㄏㄢˋ ㄐㄧㄝ ㄐㄧ	製造機械	1	14	absent			-7.354194117						焊接機	焊接機	焊接/機	焊接/機	False	True	1		phrase.manufacturing.tsv	82	
焊接缺陷	ㄏㄢˋ ㄐㄧㄝ ㄑㄩㄝ ㄒㄧㄢˋ	製造機械	1	9	absent			-7.354194117		焊接/缺陷	4.172922346	焊接/缺陷	4.172922346	焊接缺陷	焊接缺陷	焊接/缺陷	焊接/缺陷	False	True	1		phrase.manufacturing.tsv	83	
焊接變形	ㄏㄢˋ ㄐㄧㄝ ㄅㄧㄢˋ ㄒㄧㄥˊ	製造機械	1	9	absent			-7.354194117		焊接/變形	4.233620186	焊接/變形	4.233620186	焊接變形	焊接變形	焊接/變形	焊接/變形	False	True	1		phrase.manufacturing.tsv	84	
無人機測量	ㄨˊ ㄖㄣˊ ㄐㄧ ㄘㄜˋ ㄌㄧㄤˊ	建築土木	1	3	absent			-7.354194117						無人機測量	無人機測量	無人/機/測量	無人機測量	False	True	1		phrase.civil-engineering.tsv	167	
無刷	ㄨˊ ㄕㄨㄚ	電子電機	1	13	absent			-7.354194117						無刷	無刷	無/刷	無/刷	False	True	1		phrase.electronics.tsv	136	
無功功率	ㄨˊ ㄍㄨㄥ ㄍㄨㄥ ㄌㄩˋ	電子電機	1	9	absent			-7.354194117		蜈蚣/功率	3.565319002	蜈蚣/功率	3.565319002	無功功率	無功功率	無功/功率	無功/功率	False	True	1		phrase.electronics.tsv	137	
無因管理	ㄨˊ ㄧㄣ ㄍㄨㄢˇ ㄌㄧˇ	法律	1	14	absent			-7.354194117						無因管理	無因管理	無/因/管理	無因管理	False	True	1		phrase.law.tsv	117	
無土栽培	ㄨˊ ㄊㄨˇ ㄗㄞ ㄆㄟˊ	農業食品	1	11	absent			-7.354194117						無土栽培	無土栽培	無/土/栽培	無土栽培	False	True	1		phrase.agriculture-food.tsv	30	
無形資產	ㄨˊ ㄒㄧㄥˊ ㄗ ㄔㄢˇ	財會金融	1	10	absent			-7.354194117		無形/資產	2.18306468	無形/資產	2.18306468	無形資產	無形資產	無形/資產	無形資產	False	True	1		phrase.finance.tsv	93	
無慘	ㄨˊ ㄘㄢˇ	動漫	1	10	absent			-7.354194117						無慘	無慘	無/慘	無/慘	False	True	1		phrase.anime.tsv	1498	
無效行為	ㄨˊ ㄒㄧㄠˋ ㄒㄧㄥˊ ㄨㄟˊ	法律	1	10	absent			-7.354194117		無效/行為	1.811276615	無效/行為	1.811276615	無效行為	無效行為	無效/行為	無效/行為	False	True	1		phrase.law.tsv	118	
無權代理	ㄨˊ ㄑㄩㄢˊ ㄉㄞˋ ㄌㄧˇ	法律	1	10	absent			-7.354194117		無權/代理	3.491287904	無權/代理	3.491287904	無權代理	無權代理	無權/代理	無權/代理	False	True	1		phrase.law.tsv	119	
無熔絲開關	ㄨˊ ㄖㄨㄥˊ ㄙ ㄎㄞ ㄍㄨㄢ	電子電機	1	6	absent			-7.354194117						無熔絲開關	無熔絲開關	無/熔/絲/開關	無熔絲開關	False	True	1		phrase.electronics.tsv	138	
無罪推定	ㄨˊ ㄗㄨㄟˋ ㄊㄨㄟ ㄉㄧㄥˋ	法律	1	10	absent			-7.354194117		無罪/推定	4.102312663	無罪/推定	4.102312663	無罪推定	無罪推定	無罪/推定	無罪推定	False	True	1		phrase.law.tsv	120	
無職轉生	ㄨˊ ㄓˊ ㄓㄨㄢˇ ㄕㄥ	動漫	1	24	absent			-7.354194117						無直轉生	無職轉生	無/直轉/生	無職轉生	True	True	1		phrase.anime.tsv	1499	
無臉男	ㄨˊ ㄌㄧㄢˇ ㄋㄢˊ	動漫	1	15	absent			-7.354194117						無臉南	無臉男	無/臉/南	無臉男	True	True	1		phrase.anime.tsv	1500	
無菌充填	ㄨˊ ㄐㄩㄣˋ ㄔㄨㄥ ㄊㄧㄢˊ	生技藥學	1	9	absent			-7.354194117		無菌/充填	5.515345027	無菌/充填	5.515345027	無菌充填	無菌充填	無菌/充填	無菌/充填	False	True	1		phrase.biotech-pharma.tsv	59	
無菌製程	ㄨˊ ㄐㄩㄣˋ ㄓˋ ㄔㄥˊ	生技藥學	1	10	absent			-7.354194117		無菌/製成	3.720624675	無菌/製成	3.720624675	無菌製程	無菌製程	無菌/製程	無菌/製程	False	True	1		phrase.biotech-pharma.tsv	60	
無陀野無人	ㄨˊ ㄊㄨㄛˊ ㄧㄝˇ ㄨˊ ㄖㄣˊ	動漫	1	15	absent			-7.354194117						無它也無人	無陀野無人	無/它/也/無人	無陀野無人	True	True	1		phrase.anime.tsv	1501	
無障礙學習	ㄨˊ ㄓㄤˋ ㄞˋ ㄒㄩㄝˊ ㄒㄧˊ	教育	1	6	absent			-7.354194117						無障礙學習	無障礙學習	無/障礙/學習	無障礙學習	False	True	1		phrase.education.tsv	72	
無障礙設計	ㄨˊ ㄓㄤˋ ㄞˋ ㄕㄜˋ ㄐㄧˋ	建築土木	1	7	absent			-7.354194117						無障礙設計	無障礙設計	無/障礙/設計	無障礙設計	False	True	1		phrase.civil-engineering.tsv	168	
無頭	ㄨˊ ㄊㄡˊ	動漫	1	22	absent			-7.354194117						無頭	無頭	無/頭	無/頭	False	True	1		phrase.anime.tsv	1502	
無類別	ㄨˊ ㄌㄟˋ ㄅㄧㄝˊ	網路資安	1	13	absent			-7.354194117						無類別	無類別	無/類別	無/類別	False	True	1		phrase.network-security.tsv	108	
無風險利率	ㄨˊ ㄈㄥ ㄒㄧㄢˇ ㄌㄧˋ ㄌㄩˋ	財會金融	1	3	absent			-7.354194117						無風險利率	無風險利率	無/風險/利率	無風險利率	False	True	1		phrase.finance.tsv	94	
焦慮依附	ㄐㄧㄠ ㄌㄩˋ ㄧ ㄈㄨˋ	心理社會	1	10	absent			-7.354194117		焦慮/依附	3.286565401	焦慮/依附	3.286565401	焦慮依附	焦慮依附	焦慮/依附	焦慮/依附	False	True	1		phrase.psychology-society.tsv	49	
焦段	ㄐㄧㄠ ㄉㄨㄢˋ	媒體設計	1	11	absent			-7.354194117						交段	交段	交/段	交/段	False	False	1		phrase.media-design.tsv	64	
焦點團體	ㄐㄧㄠ ㄉㄧㄢˇ ㄊㄨㄢˊ ㄊㄧˇ	媒體設計	1	11	absent			-7.354194117		焦點/團體	0.960030252	焦點/團體	0.960030252	焦點團體	焦點團體	焦點/團體	焦點/團體	False	True	1		phrase.media-design.tsv	65	
煉獄杏壽郎	ㄌㄧㄢˋ ㄩˋ ㄒㄧㄥˋ ㄕㄡˋ ㄌㄤˊ	動漫	1	12	absent			-7.354194117						煉獄性受郎	煉獄杏壽郎	煉獄/性/受/郎	煉獄杏壽郎	True	True	1		phrase.anime.tsv	1503	
煌大和	ㄏㄨㄤˊ ㄉㄚˋ ㄏㄜˊ	動漫	1	22	absent			-7.354194117						黃大和	煌大和	黃/大/和	煌大和	True	True	1		phrase.anime.tsv	1504	
照橋心美	ㄓㄠˋ ㄑㄧㄠˊ ㄒㄧㄣ ㄇㄟˇ	動漫	1	15	absent			-7.354194117						照橋心美	照橋心美	照/橋/心/美	照橋心美	False	True	1		phrase.anime.tsv	1505	
熱交換器	ㄖㄜˋ ㄐㄧㄠ ㄏㄨㄢˋ ㄑㄧˋ	材料化工	1	12	absent			-7.354194117						熱交換器	熱交換器	熱/交換/器	熱交換器	False	True	1		phrase.materials-chemistry.tsv	60	
熱傳導	ㄖㄜˋ ㄔㄨㄢˊ ㄉㄠˇ	科學	1	12	absent			-7.354194117						熱傳導	熱傳導	熱/傳導	熱/傳導	False	True	1		phrase.science.tsv	46	
熱分析	ㄖㄜˋ ㄈㄣ ㄒㄧ	電子電機	1	16	absent			-7.354194117						熱分析	熱分析	熱/分析	熱/分析	False	True	1		phrase.electronics.tsv	139	
熱動	ㄖㄜˋ ㄉㄨㄥˋ	電子電機	1	12	absent			-7.354194117						熱動	熱動	熱/動	熱/動	False	True	1		phrase.electronics.tsv	140	
熱固性塑膠	ㄖㄜˋ ㄍㄨˋ ㄒㄧㄥˋ ㄙㄨˋ ㄐㄧㄠ	材料化工	1	5	absent			-7.354194117						熱固性塑膠	熱固性塑膠	熱/固/性/塑膠	熱固性塑膠	False	True	1		phrase.materials-chemistry.tsv	61	
熱塑性塑膠	ㄖㄜˋ ㄙㄨˋ ㄒㄧㄥˋ ㄙㄨˋ ㄐㄧㄠ	材料化工	1	5	absent			-7.354194117						熱塑性塑膠	熱塑性塑膠	熱/塑性/塑膠	熱塑性塑膠	False	True	1		phrase.materials-chemistry.tsv	62	
熱容量	ㄖㄜˋ ㄖㄨㄥˊ ㄌㄧㄤˋ	科學	1	12	absent			-7.354194117						熱容量	熱容量	熱/容量	熱/容量	False	True	1		phrase.science.tsv	47	
熱對流	ㄖㄜˋ ㄉㄨㄟˋ ㄌㄧㄡˊ	科學	1	12	absent			-7.354194117						熱對流	熱對流	熱/對流	熱/對流	False	True	1		phrase.science.tsv	48	
熱性質	ㄖㄜˋ ㄒㄧㄥˋ ㄓˋ	材料化工	1	14	absent			-7.354194117						熱興致	熱性質	熱/興致	熱性質	True	True	1		phrase.materials-chemistry.tsv	63	
熱泵	ㄖㄜˋ ㄅㄥˋ	科學	1	12	absent			-7.354194117						熱泵	熱泵	熱/泵	熱/泵	False	True	1		phrase.science.tsv	49	
熱重分析	ㄖㄜˋ ㄓㄨㄥˋ ㄈㄣ ㄒㄧ	材料化工	1	13	absent			-7.354194117						熱重分析	熱重分析	熱/重/分析	熱重分析	False	True	1		phrase.materials-chemistry.tsv	65	
熱量傳遞	ㄖㄜˋ ㄌㄧㄤˋ ㄔㄨㄢˊ ㄉㄧˋ	材料化工	1	10	absent			-7.354194117		熱量/傳遞	2.791425574	熱量/傳遞	2.791425574	熱量傳遞	熱量傳遞	熱量/傳遞	熱量傳遞	False	True	1		phrase.materials-chemistry.tsv	66	
熱電材料	ㄖㄜˋ ㄉㄧㄢˋ ㄘㄞˊ ㄌㄧㄠˋ	材料化工	1	10	absent			-7.354194117		熱電/材料	3.890002747	熱電/材料	3.890002747	熱電材料	熱電材料	熱/電/材料	熱電材料	False	True	1		phrase.materials-chemistry.tsv	67	
燃堂力	ㄖㄢˊ ㄊㄤˊ ㄌㄧˋ	動漫	1	19	absent			-7.354194117						然堂力	燃堂力	然/堂/力	燃堂力	True	True	1		phrase.anime.tsv	1506	
燃料電池	ㄖㄢˊ ㄌㄧㄠˋ ㄉㄧㄢˋ ㄔˊ	環境能源	1	10	absent			-7.354194117		燃料/電池	2.471709425	燃料/電池	2.471709425	燃料電池	燃料電池	燃料/電池	燃料/電池	False	True	1		phrase.energy-environment.tsv	82	
燃燒救火隊	ㄖㄢˊ ㄕㄠ ㄐㄧㄡˋ ㄏㄨㄛˇ ㄉㄨㄟˋ	動漫	1	11	absent			-7.354194117		燃燒/救火隊	4.098921612	燃燒/救火隊	4.098921612	燃燒救火隊	燃燒救火隊	燃燒/救火隊	燃燒救火隊	False	True	1		phrase.anime.tsv	1507	
燃燒的眼睛	ㄖㄢˊ ㄕㄠ ㄉㄜ˙ ㄧㄢˇ ㄐㄧㄥ	動漫	1	13	absent			-7.354194117						燃燒的眼睛	燃燒的眼睛	燃燒/的/眼睛	燃燒的眼睛	False	True	1		phrase.anime.tsv	1508	
燒結	ㄕㄠ ㄐㄧㄝˊ	製造機械	1	11	absent			-7.354194117						燒結	燒結	燒/結	燒/結	False	True	1		phrase.manufacturing.tsv	86	
燒鹽檸檬	ㄕㄠ ㄧㄢˊ ㄋㄧㄥˊ ㄇㄥˊ	動漫	1	15	absent			-7.354194117						燒研檸檬	燒鹽檸檬	燒/研/檸檬	燒鹽檸檬	True	True	1		phrase.anime.tsv	1509	
營收成長率	ㄧㄥˊ ㄕㄡ ㄔㄥˊ ㄓㄤˇ ㄌㄩˋ	商業	1	4	absent			-7.354194117		營收/成長率	2.873784704	營收/成長率	2.873784704	營收成長率	營收成長率	營收/成長率	營收成長率	False	True	1		phrase.business.tsv	122	
營收達成率	ㄧㄥˊ ㄕㄡ ㄉㄚˊ ㄔㄥˊ ㄌㄩˋ	商業	1	4	absent			-7.354194117						營收達成率	營收達成率	營收/達成/率	營收達成率	False	True	1		phrase.business.tsv	123	
營業利益	ㄧㄥˊ ㄧㄝˋ ㄌㄧˋ ㄧˋ	商業	1	10	absent			-7.354194117		營業/利益	1.364822622	營業/利益	1.364822622	營業利益	營業利益	營業/利益	營業/利益	False	True	1		phrase.business.tsv	124	
營業利益率	ㄧㄥˊ ㄧㄝˋ ㄌㄧˋ ㄧˋ ㄌㄩˋ	財會金融	1	4	absent			-7.354194117						營業利益率	營業利益率	營業/利益/率	營業利益率	False	True	1		phrase.finance.tsv	96	
營業收入	ㄧㄥˊ ㄧㄝˋ ㄕㄡ ㄖㄨˋ	財會金融	1	11	absent			-7.354194117		營業/收入	1.353130098	營業/收入	1.353130098	營業收入	營業收入	營業/收入	營業/收入	False	True	1		phrase.finance.tsv	97	
營業槓桿	ㄧㄥˊ ㄧㄝˋ ㄍㄤˋ ㄍㄢˇ	財會金融	1	11	absent			-7.354194117		營業/槓桿	2.973042922	營業/槓桿	2.973042922	營業槓桿	營業槓桿	營業/槓桿	營業/槓桿	False	True	1		phrase.finance.tsv	98	
營運現金流	ㄧㄥˊ ㄩㄣˋ ㄒㄧㄢˋ ㄐㄧㄣ ㄌㄧㄡˊ	財會金融	1	4	absent			-7.354194117						營運現金流	營運現金流	營運/現金/流	營運現金流	False	True	1		phrase.finance.tsv	99	
營運管理	ㄧㄥˊ ㄩㄣˋ ㄍㄨㄢˇ ㄌㄧˇ	交通物流	1	14	absent			-7.354194117		營運/管理	0.9617258	營運/管理	0.9617258	營運管理	營運管理	營運/管理	營運/管理	False	True	1		phrase.transport-logistics.tsv	66	
營運資金	ㄧㄥˊ ㄩㄣˋ ㄗ ㄐㄧㄣ	財會金融	1	11	absent			-7.354194117		營運/資金	1.578012509	營運/資金	1.578012509	營運資金	營運資金	營運/資金	營運/資金	False	True	1		phrase.finance.tsv	100	
燻製	ㄒㄩㄣ ㄓˋ	農業食品	1	11	absent			-7.354194117						勳至	燻製	勳/至	燻製	True	True	1		phrase.agriculture-food.tsv	31	
爆裂魔法	ㄅㄠˋ ㄌㄧㄝˋ ㄇㄛˊ ㄈㄚˇ	動漫	1	15	absent			-7.354194117		爆裂/魔法	3.930620598	爆裂/魔法	3.930620598	爆裂魔法	爆裂魔法	爆裂/魔法	爆裂魔法	False	True	1		phrase.anime.tsv	1510	
爆豪勝己	ㄅㄠˋ ㄏㄠˊ ㄕㄥˋ ㄐㄧˇ	動漫	1	21	absent			-7.354194117						報豪聖己	爆豪勝己	報/豪/聖/己	爆豪勝己	True	True	1		phrase.anime.tsv	1511	
爽子	ㄕㄨㄤˇ ㄗ˙	動漫	1	13	absent			-7.354194117						爽子	爽子	爽/子	爽子	False	True	1		phrase.anime.tsv	1512	
爾梅	ㄦˇ ㄇㄟˊ	動漫	1	20	absent			-7.354194117						爾沒	爾沒	爾/沒	爾/沒	False	False	1		phrase.anime.tsv	1513	
爾薩特	ㄦˇ ㄙㄚˋ ㄊㄜˋ	動漫	1	13	absent			-7.354194117						爾卅特	爾薩特	爾/卅/特	爾薩特	True	True	1		phrase.anime.tsv	1514	
片居誠	ㄆㄧㄢˋ ㄐㄩ ㄔㄥˊ	動漫	1	12	absent			-7.354194117						片居成	片居誠	片/居/成	片居誠	True	True	1		phrase.anime.tsv	1515	
版本控制	ㄅㄢˇ ㄅㄣˇ ㄎㄨㄥˋ ㄓˋ	一般	1	9	absent			-7.354194117		版本/控制	1.162846519	版本/控制	1.162846519	版本控制	版本控制	版本/控制	版本/控制	False	True	1		phrase.general.tsv	88	
版本控管	ㄅㄢˇ ㄅㄣˇ ㄎㄨㄥˋ ㄍㄨㄢˇ	軟體科學	1	23	absent			-7.354194117		版本/控管	2.358181821	版本/控管	2.358181821	版本控管	版本控管	版本/控管	版本/控管	False	True	1		phrase.software.tsv	70	
版面設計	ㄅㄢˇ ㄇㄧㄢˋ ㄕㄜˋ ㄐㄧˋ	媒體設計	1	12	absent			-7.354194117		版面/設計	1.449538069	版面/設計	1.449538069	版面設計	版面設計	版面/設計	版面/設計	False	True	1		phrase.media-design.tsv	66	
牛込里美	ㄋㄧㄡˊ ㄖㄨˋ ㄌㄧˇ ㄇㄟˇ	動漫	1	15	absent			-7.354194117						牛入理美	牛込里美	牛/入/理/美	牛込里美	True	True	1		phrase.anime.tsv	1516	
牛頓力學	ㄋㄧㄡˊ ㄉㄨㄣˋ ㄌㄧˋ ㄒㄩㄝˊ	科學	1	10	absent			-7.354194117		牛頓/力學	3.752242713	牛頓/力學	3.752242713	牛頓力學	牛頓力學	牛頓/力學	牛頓力學	False	True	1		phrase.science.tsv	50	
牧之原翔子	ㄇㄨˋ ㄓ ㄩㄢˊ ㄒㄧㄤˊ ㄗ˙	動漫	1	10	absent			-7.354194117						木支援祥子	牧之原翔子	木/支援/祥/子	牧之原翔子	True	True	1		phrase.anime.tsv	1517	
牧村美樹	ㄇㄨˋ ㄘㄨㄣ ㄇㄟˇ ㄕㄨˋ	動漫	1	14	absent			-7.354194117		木村/美術	2.928659897	木村/美術	2.928659897	木村美術	牧村美樹	木村/美術	牧村美樹	True	True	1		phrase.anime.tsv	1518	
牧村美樹男	ㄇㄨˋ ㄘㄨㄣ ㄇㄟˇ ㄕㄨˋ ㄋㄢˊ	動漫	1	12	absent			-7.354194117						木村美術南	牧村美樹男	木村/美術/南	牧村美樹男	True	True	1		phrase.anime.tsv	1519	
牧真人	ㄇㄨˋ ㄓㄣ ㄖㄣˊ	動漫	1	20	absent			-7.354194117						木真人	牧真人	木/真/人	牧真人	True	True	1		phrase.anime.tsv	1520	
牧野神奈	ㄇㄨˋ ㄧㄝˇ ㄕㄣˊ ㄋㄞˋ	動漫	1	12	absent			-7.354194117						木也什耐	牧野神奈	木/也/什/耐	牧野神奈	True	True	1		phrase.anime.tsv	1521	
物件儲存	ㄨˋ ㄐㄧㄢˋ ㄔㄨˊ ㄘㄨㄣˊ	軟體科學	1	8	absent			-7.354194117		物件/儲存	2.681228538	物件/儲存	2.681228538	物件儲存	物件儲存	物件/儲存	物件/儲存	False	True	1		phrase.software.tsv	71	
物權行為	ㄨˋ ㄑㄩㄢˊ ㄒㄧㄥˊ ㄨㄟˊ	法律	1	13	absent			-7.354194117						勿全行為	物權行為	勿/全/行為	物權行為	True	True	1		phrase.law.tsv	121	
物權請求權	ㄨˋ ㄑㄩㄢˊ ㄑㄧㄥˇ ㄑㄧㄡˊ ㄑㄩㄢˊ	法律	1	6	absent			-7.354194117						勿全請求權	物權請求權	勿/全/請求權	物權請求權	True	True	1		phrase.law.tsv	122	
物流中心	ㄨˋ ㄌㄧㄡˊ ㄓㄨㄥ ㄒㄧㄣ	交通物流	1	13	absent			-7.354194117		物流/中心	1.861524507	物流/中心	1.861524507	物流中心	物流中心	物流/中心	物流/中心	False	True	1		phrase.transport-logistics.tsv	68	
物流管理	ㄨˋ ㄌㄧㄡˊ ㄍㄨㄢˇ ㄌㄧˇ	交通物流	1	12	absent			-7.354194117		物流/管理	1.973006811	物流/管理	1.973006811	物流管理	物流管理	物流/管理	物流/管理	False	True	1		phrase.transport-logistics.tsv	69	
物種形成	ㄨˋ ㄓㄨㄥˇ ㄒㄧㄥˊ ㄔㄥˊ	科學	1	11	absent			-7.354194117		物種/形成	1.739327472	物種/形成	1.739327472	物種形成	物種形成	物種/形成	物種/形成	False	True	1		phrase.science.tsv	51	
物語系列	ㄨˋ ㄩˇ ㄒㄧˋ ㄌㄧㄝˋ	動漫	1	23	absent			-7.354194117		物語/系列	2.75704763	物語/系列	2.75704763	勿與系列	物語系列	勿/與/系列	物語系列	True	True	1		phrase.anime.tsv	1522	
特南克斯	ㄊㄜˋ ㄋㄢˊ ㄎㄜˋ ㄙ	動漫	1	10	absent			-7.354194117						特南客司	特南克斯	特/南/客/司	特南克斯	True	True	1		phrase.anime.tsv	1523	
特殊相對論	ㄊㄜˋ ㄕㄨ ㄒㄧㄤ ㄉㄨㄟˋ ㄌㄨㄣˋ	科學	1	4	absent			-7.354194117		特殊/相對論	2.259569283	特殊/相對論	2.259569283	特殊相對論	特殊相對論	特殊/相對論	特殊/相對論	False	True	1		phrase.science.tsv	52	
特洛瓦巴頓	ㄊㄜˋ ㄌㄨㄛˋ ㄨㄚˇ ㄅㄚ ㄉㄨㄣˋ	動漫	1	14	absent			-7.354194117						特落瓦八噸	特洛瓦巴頓	特/落/瓦/八噸	特洛瓦巴頓	True	True	1		phrase.anime.tsv	1524	
特洛耶特	ㄊㄜˋ ㄌㄨㄛˋ ㄧㄝ ㄊㄜˋ	動漫	1	15	absent			-7.354194117						特落耶特	特洛耶特	特/落/耶/特	特洛耶特	True	True	1		phrase.anime.tsv	1525	
特留分	ㄊㄜˋ ㄌㄧㄡˊ ㄈㄣ	法律	1	12	absent			-7.354194117						特留分	特留分	特/留/分	特留分	False	True	1		phrase.law.tsv	123	
特發性	ㄊㄜˋ ㄈㄚ ㄒㄧㄥˋ	醫學	1	12	absent			-7.354194117						特發性	特發性	特/發/性	特發性	False	True	1		phrase.medicine.tsv	142	
特級廚師	ㄊㄜˋ ㄐㄧˊ ㄔㄨˊ ㄕ	動漫	1	13	absent			-7.354194117		特輯/廚師	3.927682856	特輯/廚師	3.927682856	特及廚師	特級廚師	特/及/廚師	特級廚師	True	True	1		phrase.anime.tsv	1526	
特萊希	ㄊㄜˋ ㄌㄞˊ ㄒㄧ	動漫	1	14	absent			-7.354194117						特來西	特萊希	特/來/西	特萊希	True	True	1		phrase.anime.tsv	1527	
犬夜叉	ㄑㄩㄢˇ ㄧㄝˋ ㄔㄚ	動漫	1	25	absent			-7.354194117						圈業差	犬夜叉	圈/業/差	犬夜叉	True	True	1		phrase.anime.tsv	1528	
犬山葵	ㄑㄩㄢˇ ㄕㄢ ㄎㄨㄟˊ	動漫	1	15	absent			-7.354194117						圈山葵	犬山葵	圈/山葵	犬山葵	True	True	1		phrase.anime.tsv	1529	
犯罪係數	ㄈㄢˋ ㄗㄨㄟˋ ㄒㄧˋ ㄕㄨˋ	動漫	1	14	absent			-7.354194117		犯罪/係數	2.587186753	犯罪/係數	2.587186753	犯罪係數	犯罪係數	犯罪/係數	犯罪係數	False	True	1		phrase.anime.tsv	1530	
犯罪卿	ㄈㄢˋ ㄗㄨㄟˋ ㄑㄧㄥ	動漫	1	13	absent			-7.354194117						犯罪清	犯罪清	犯罪/清	犯罪/清	False	False	1		phrase.anime.tsv	1531	
狀態回授	ㄓㄨㄤˋ ㄊㄞˋ ㄏㄨㄟˊ ㄕㄡˋ	電子電機	1	11	absent			-7.354194117						狀態回授	狀態回授	狀態/回/授	狀態回授	False	True	1		phrase.electronics.tsv	141	
狀態空間	ㄓㄨㄤˋ ㄊㄞˋ ㄎㄨㄥ ㄐㄧㄢ	電子電機	1	11	absent			-7.354194117		狀態/空間	0.825440372	狀態/空間	0.825440372	狀態空間	狀態空間	狀態/空間	狀態/空間	False	True	1		phrase.electronics.tsv	142	
狀語	ㄓㄨㄤˋ ㄩˇ	中文	1	12	absent			-7.354194117						撞與	撞與	撞/與	撞/與	False	False	1		phrase.chinese.tsv	95	
狂賭之淵	ㄎㄨㄤˊ ㄉㄨˇ ㄓ ㄩㄢ	動漫	1	23	absent			-7.354194117						狂賭之淵	狂賭之淵	狂/賭/之/淵	狂賭之淵	False	True	1		phrase.anime.tsv	1532	
狡嚙慎也	ㄐㄧㄠˇ ㄋㄧㄝˋ ㄕㄣˋ ㄧㄝˇ	動漫	1	19	absent			-7.354194117						腳業甚也	狡嚙慎也	腳/業/甚/也	狡嚙慎也	True	True	1		phrase.anime.tsv	1533	
狩房淡幽	ㄕㄡˋ ㄈㄤˊ ㄉㄢˋ ㄧㄡ	動漫	1	15	absent			-7.354194117						受防彈優	狩房淡幽	受/防彈/優	狩房淡幽	True	True	1		phrase.anime.tsv	1534	
狼少女	ㄌㄤˊ ㄕㄠˋ ㄋㄩˇ	動漫	1	19	absent			-7.354194117						郎少女	狼少女	郎/少女	狼少女	True	True	1		phrase.anime.tsv	1535	
狼的孩子	ㄌㄤˊ ㄉㄜ˙ ㄏㄞˊ ㄗ˙	動漫	1	12	absent			-7.354194117						郎的孩子	狼的孩子	郎/的/孩子	狼的孩子	True	True	1		phrase.anime.tsv	1536	
狼與辛香料	ㄌㄤˊ ㄩˇ ㄒㄧㄣ ㄒㄧㄤ ㄌㄧㄠˋ	動漫	1	23	absent			-7.354194117						郎與新香料	狼與辛香料	郎/與/新/香料	狼與辛香料	True	True	1		phrase.anime.tsv	1537	
狼谷隼	ㄌㄤˊ ㄍㄨˇ ㄓㄨㄣˇ	動漫	1	13	absent			-7.354194117						郎古準	狼谷隼	郎/古/準	狼谷隼	True	True	1		phrase.anime.tsv	1538	
狼谷鷹	ㄌㄤˊ ㄍㄨˇ ㄧㄥ	動漫	1	11	absent			-7.354194117						郎古應	狼谷鷹	郎/古/應	狼谷鷹	True	True	1		phrase.anime.tsv	1539	
獄寺隼人	ㄩˋ ㄙˋ ㄓㄨㄣˇ ㄖㄣˊ	動漫	1	15	absent			-7.354194117						育四準人	獄寺隼人	育/四/準/人	獄寺隼人	True	True	1		phrase.anime.tsv	1540	
獅堂光	ㄕ ㄊㄤˊ ㄍㄨㄤ	動漫	1	17	absent			-7.354194117						失堂光	獅堂光	失/堂/光	獅堂光	True	True	1		phrase.anime.tsv	1541	
獅子王司	ㄕ ㄗ˙ ㄨㄤˊ ㄙ	動漫	1	11	absent			-7.354194117						獅子王司	獅子王司	獅子/王/司	獅子王司	False	True	1		phrase.anime.tsv	1542	
獨語	ㄉㄨˊ ㄩˇ	動漫	1	24	absent			-7.354194117						讀與	讀與	讀/與	讀/與	False	False	1		phrase.anime.tsv	1543	
獲利指數	ㄏㄨㄛˋ ㄌㄧˋ ㄓˇ ㄕㄨˋ	財會金融	1	11	absent			-7.354194117		獲利/指數	2.034180841	獲利/指數	2.034180841	獲利指數	獲利指數	獲利/指數	獲利指數	False	True	1		phrase.finance.tsv	101	
獻出心臟	ㄒㄧㄢˋ ㄔㄨ ㄒㄧㄣ ㄗㄤˋ	動漫	1	16	absent			-7.354194117		現出/心臟	1.918298811	現出/心臟	1.918298811	現出心臟	獻出心臟	現出/心臟	獻出心臟	True	True	1		phrase.anime.tsv	1546	
玉子市場	ㄩˋ ㄗ˙ ㄕˋ ㄔㄤˇ	動漫	1	20	absent			-7.354194117						育子市場	玉子市場	育/子/市場	玉子市場	True	True	1		phrase.anime.tsv	1547	
玉木真理	ㄩˋ ㄇㄨˋ ㄓㄣ ㄌㄧˇ	動漫	1	20	absent			-7.354194117						育目真理	玉木真理	育/目/真理	玉木真理	True	True	1		phrase.anime.tsv	1548	
玉葉妃	ㄩˋ ㄧㄝˋ ㄈㄟ	動漫	1	15	absent			-7.354194117						育業非	玉葉妃	育/業/非	玉葉妃	True	True	1		phrase.anime.tsv	1549	
玉藻京介	ㄩˋ ㄗㄠˇ ㄐㄧㄥ ㄐㄧㄝˋ	動漫	1	11	absent			-7.354194117						育早經界	玉藻京介	育/早/經/界	玉藻京介	True	True	1		phrase.anime.tsv	1550	
王安石變法	ㄨㄤˊ ㄢ ㄕˊ ㄅㄧㄢˋ ㄈㄚˇ	歷史	1	2	absent			-7.354194117		王安石/變法	5.195831625	王安石/變法	5.195831625	王安石變法	王安石變法	王安石/變/法	王安石變法	False	True	1		phrase.history.tsv	113	
王宮藥劑師	ㄨㄤˊ ㄍㄨㄥ ㄧㄠˋ ㄐㄧˋ ㄕ	動漫	1	12	absent			-7.354194117		王宮/藥劑師	4.559009528	王宮/藥劑師	4.559009528	王公藥劑師	王宮藥劑師	王/公/藥劑師	王宮藥劑師	True	True	1		phrase.anime.tsv	1551	
王權者	ㄨㄤˊ ㄑㄩㄢˊ ㄓㄜˇ	動漫	1	11	absent			-7.354194117						王全者	王權者	王/全/者	王權者	True	True	1		phrase.anime.tsv	1552	
王者天下	ㄨㄤˊ ㄓㄜˇ ㄊㄧㄢ ㄒㄧㄚˋ	動漫	1	23	absent			-7.354194117		亡者/天下	3.073274455	亡者/天下	3.073274455	王者天下	王者天下	王/者/天下	王者天下	False	True	1		phrase.anime.tsv	1554	
王騎	ㄨㄤˊ ㄑㄧˊ	動漫	1	12	absent			-7.354194117						王其	王其	王/其	王/其	False	False	1		phrase.anime.tsv	1555	
玖蘭樞	ㄐㄧㄡˇ ㄌㄢˊ ㄕㄨ	動漫	1	14	absent			-7.354194117						九蘭書	玖蘭樞	九/蘭/書	玖蘭樞	True	True	1		phrase.anime.tsv	1556	
玻璃熱性質	ㄅㄛ ㄌㄧˊ ㄖㄜˋ ㄒㄧㄥˋ ㄓˋ	材料化工	1	4	absent			-7.354194117						玻璃熱興致	玻璃熱性質	玻璃/熱/興致	玻璃熱性質	True	True	1		phrase.materials-chemistry.tsv	70	
玻璃熱處理	ㄅㄛ ㄌㄧˊ ㄖㄜˋ ㄔㄨˇ ㄌㄧˇ	材料化工	1	4	absent			-7.354194117		玻璃/熱處理	3.818267376	玻璃/熱處理	3.818267376	玻璃熱處理	玻璃熱處理	玻璃/熱處理	玻璃/熱處理	False	True	1		phrase.materials-chemistry.tsv	71	
珊璞	ㄕㄢ ㄆㄨˊ	動漫	1	15	absent			-7.354194117						山葡	珊璞	山/葡	珊璞	True	True	1		phrase.anime.tsv	1558	
珞緹	ㄌㄨㄛˋ ㄊㄧˊ	動漫	1	12	absent			-7.354194117						洛題	洛題	洛/題	洛/題	False	False	1		phrase.anime.tsv	1559	
班諾	ㄅㄢ ㄋㄨㄛˋ	動漫	1	11	absent			-7.354194117						搬諾	搬諾	搬/諾	搬/諾	False	False	1		phrase.anime.tsv	1560	
現代漢語	ㄒㄧㄢˋ ㄉㄞˋ ㄏㄢˋ ㄩˇ	中文	1	12	absent			-7.354194117		現代/漢語	1.858777451	現代/漢語	1.858777451	現代漢語	現代漢語	現代/漢語	現代/漢語	False	True	1		phrase.chinese.tsv	96	
現地	ㄒㄧㄢˋ ㄉㄜ˙	建築土木	1	13	absent			-7.354194117						現的	現的	現/的	現/的	False	False	1		phrase.civil-engineering.tsv	169	
現金基礎	ㄒㄧㄢˋ ㄐㄧㄣ ㄐㄧ ㄔㄨˇ	財會金融	1	11	absent			-7.354194117		現今/基礎	1.588745373	現今/基礎	1.588745373	現金基礎	現金基礎	現金/基礎	現金/基礎	False	True	1		phrase.finance.tsv	103	
現金比率	ㄒㄧㄢˋ ㄐㄧㄣ ㄅㄧˇ ㄌㄩˋ	財會金融	1	11	absent			-7.354194117		現今/比率	2.325013328	現今/比率	2.325013328	現金比率	現金比率	現金/比率	現金/比率	False	True	1		phrase.finance.tsv	104	
現金流	ㄒㄧㄢˋ ㄐㄧㄣ ㄌㄧㄡˊ	商業	1	16	0			-7.354194117						現金流	現金流	現金/流	現金/流	False	True	1		phrase.business.tsv	126	
現金流分析	ㄒㄧㄢˋ ㄐㄧㄣ ㄌㄧㄡˊ ㄈㄣ ㄒㄧ	商業	1	5	absent			-7.354194117						現金流分析	現金流分析	現金/流/分析	現金流分析	False	True	1		phrase.business.tsv	127	
現金流目標	ㄒㄧㄢˋ ㄐㄧㄣ ㄌㄧㄡˊ ㄇㄨˋ ㄅㄧㄠ	商業	1	4	absent			-7.354194117						現金流目標	現金流目標	現金/流/目標	現金流目標	False	True	1		phrase.business.tsv	128	
現金流趨勢	ㄒㄧㄢˋ ㄐㄧㄣ ㄌㄧㄡˊ ㄑㄩ ㄕˋ	商業	1	4	absent			-7.354194117						現金流趨勢	現金流趨勢	現金/流/趨勢	現金流趨勢	False	True	1		phrase.business.tsv	129	
現金流量表	ㄒㄧㄢˋ ㄐㄧㄣ ㄌㄧㄡˊ ㄌㄧㄤˊ ㄅㄧㄠˇ	財會金融	1	4	absent			-7.354194117						現金流量表	現金流量表	現金/流/量表	現金流量表	False	True	1		phrase.finance.tsv	106	
現金流預測	ㄒㄧㄢˋ ㄐㄧㄣ ㄌㄧㄡˊ ㄩˋ ㄘㄜˋ	商業	1	4	absent			-7.354194117						現金流預測	現金流預測	現金/流/預測	現金流預測	False	True	1		phrase.business.tsv	130	
理番政策	ㄌㄧˇ ㄈㄢ ㄓㄥˋ ㄘㄜˋ	歷史	1	13	absent			-7.354194117						理翻政策	理番政策	理/翻/政策	理番政策	True	True	1		phrase.history.tsv	114	
理莎	ㄌㄧˇ ㄕㄚ	動漫	1	17	absent			-7.354194117						理殺	理殺	理/殺	理/殺	False	False	1		phrase.anime.tsv	1561	
理蕃政策	ㄌㄧˇ ㄅㄛ ㄓㄥˋ ㄘㄜˋ	歷史	1	13	absent			-7.354194117						理波政策	理蕃政策	理/波/政策	理蕃政策	True	True	1		phrase.history.tsv	115	
琉璃昂	ㄌㄧㄡˊ ㄌㄧˊ ㄤˊ	動漫	1	12	absent			-7.354194117						琉璃昂	琉璃昂	琉璃/昂	琉璃昂	False	True	1		phrase.anime.tsv	1562	
琦薇	ㄑㄧˊ ㄨㄟˊ	動漫	1	13	absent	其為	-6.150074135	-7.354194117	-1.204119983			其為	-1.204119983	其為	其為	其/為	其/為	False	False	2	其為	phrase.anime.tsv	1564	
琪歌露	ㄑㄧˊ ㄍㄜ ㄌㄨˋ	動漫	1	14	absent			-7.354194117						其歌路	琪歌露	其/歌路	琪歌露	True	True	1		phrase.anime.tsv	1565	
琪琪	ㄑㄧˊ ㄑㄧˊ	動漫	1	23	absent	奇奇|騎騎	-5.877072863	-7.354194117	-1.477121255			奇奇	-1.477121255	其其	其其	其/其	其/其	False	False	3	奇奇|騎騎	phrase.anime.tsv	1566	
琴吹紬	ㄑㄧㄣˊ ㄔㄨㄟ ㄔㄡˊ	動漫	1	15	absent			-7.354194117						秦吹籌	琴吹紬	秦/吹/籌	琴吹紬	True	True	1		phrase.anime.tsv	1567	
瑞希	ㄖㄨㄟˋ ㄒㄧ	動漫	1	15	absent			-7.354194117						瑞西	瑞西	瑞/西	瑞/西	False	False	1		phrase.anime.tsv	1568	
瑟琳塔	ㄙㄜˋ ㄌㄧㄣˊ ㄊㄚˇ	動漫	1	10	absent			-7.354194117						色林塔	瑟琳塔	色/林/塔	瑟琳塔	True	True	1		phrase.anime.tsv	1569	
瑪修	ㄇㄚˇ ㄒㄧㄡ	動漫	1	20	absent			-7.354194117						馬修	馬修	馬/修	馬/修	False	False	1		phrase.anime.tsv	1570	
瑪琳	ㄇㄚˇ ㄌㄧㄣˊ	動漫	1	9	absent			-7.354194117						馬林	馬林	馬/林	馬/林	False	False	1		phrase.anime.tsv	1572	
瑪茵	ㄇㄚˇ ㄧㄣ	動漫	1	14	absent			-7.354194117						馬因	馬因	馬/因	馬/因	False	False	1		phrase.anime.tsv	1573	
瑪荷	ㄇㄚˇ ㄏㄜˊ	動漫	1	10	absent			-7.354194117						馬和	馬和	馬/和	馬/和	False	False	1		phrase.anime.tsv	1574	
瑪莉亞	ㄇㄚˇ ㄌㄧˋ ㄧㄚˇ	動漫	1	15	absent	瑪利亞|瑪麗亞	-5.576042867	-7.354194117	-1.77815125			瑪利亞	-1.77815125	瑪利亞	瑪利亞	瑪利亞	瑪利亞	False	False	3	瑪利亞|瑪麗亞	phrase.anime.tsv	1575	
瑪莉妲	ㄇㄚˇ ㄌㄧˋ ㄉㄚˊ	動漫	1	11	absent			-7.354194117						瑪麗達	瑪莉妲	瑪麗/達	瑪莉妲	True	True	1		phrase.anime.tsv	1576	
瑪贊塔	ㄇㄚˇ ㄗㄢˋ ㄊㄚˇ	動漫	1	15	absent			-7.354194117						馬贊塔	瑪贊塔	馬/贊/塔	瑪贊塔	True	True	1		phrase.anime.tsv	1577	
環古達	ㄏㄨㄢˊ ㄍㄨˇ ㄉㄚˊ	動漫	1	12	absent			-7.354194117						環古達	環古達	環/古/達	環古達	False	True	1		phrase.anime.tsv	1578	
環境史	ㄏㄨㄢˊ ㄐㄧㄥˋ ㄕˇ	歷史	1	12	absent			-7.354194117						環境使	環境使	環境/使	環境/使	False	False	1		phrase.history.tsv	116	
環境噪音	ㄏㄨㄢˊ ㄐㄧㄥˋ ㄗㄠˋ ㄧㄣ	環境能源	1	15	absent			-7.354194117		環境/噪音	1.409759813	環境/噪音	1.409759813	環境噪音	環境噪音	環境/噪音	環境/噪音	False	True	1		phrase.energy-environment.tsv	84	
環境工程	ㄏㄨㄢˊ ㄐㄧㄥˋ ㄍㄨㄥ ㄔㄥˊ	環境能源	1	13	absent			-7.354194117		環境/工程	0.239386678	環境/工程	0.239386678	環境工程	環境工程	環境/工程	環境/工程	False	True	1		phrase.energy-environment.tsv	85	
環境監測	ㄏㄨㄢˊ ㄐㄧㄥˋ ㄐㄧㄢ ㄘㄜˋ	環境能源	1	13	absent			-7.354194117		環境/監測	1.269960406	環境/監測	1.269960406	環境監測	環境監測	環境/監測	環境/監測	False	True	1		phrase.energy-environment.tsv	86	
環境管理	ㄏㄨㄢˊ ㄐㄧㄥˋ ㄍㄨㄢˇ ㄌㄧˇ	環境能源	1	13	absent			-7.354194117		環境/管理	-0.016895551	環境/管理	-0.016895551	環境管理	環境管理	環境/管理	環境/管理	False	True	1		phrase.energy-environment.tsv	87	
瓣膜性	ㄅㄢˋ ㄇㄛˊ ㄒㄧㄥˋ	醫學	1	10	absent			-7.354194117						瓣膜性	瓣膜性	瓣膜/性	瓣膜/性	False	True	1		phrase.medicine.tsv	146	
瓶頸分析	ㄆㄧㄥˊ ㄐㄧㄥˇ ㄈㄣ ㄒㄧ	工業工程	1	18	absent			-7.354194117		瓶頸/分析	1.926597663	瓶頸/分析	1.926597663	瓶頸分析	瓶頸分析	瓶頸/分析	瓶頸分析	False	True	1		phrase.industrial-engineering.tsv	78	
甘佐	ㄍㄢ ㄗㄨㄛˇ	動漫	1	11	absent			-7.354194117						乾左	乾左	乾/左	乾/左	False	False	1		phrase.anime.tsv	1580	
甜味劑	ㄊㄧㄢˊ ㄨㄟˋ ㄐㄧˋ	農業食品	1	13	absent			-7.354194117						甜味劑	甜味劑	甜味/劑	甜味/劑	False	True	1		phrase.agriculture-food.tsv	32	
生命週期	ㄕㄥ ㄇㄧㄥˋ ㄓㄡ ㄑㄧˊ	商業	1	13	absent			-7.354194117		生命/週期	1.593846285	生命/週期	1.593846285	生命週期	生命週期	生命/週期	生命/週期	False	True	1		phrase.business.tsv	132	
生存權	ㄕㄥ ㄘㄨㄣˊ ㄑㄩㄢˊ	法律	1	11	absent			-7.354194117						生存權	生存權	生存/權	生存/權	False	True	1		phrase.law.tsv	126	
生志摩妄	ㄕㄥ ㄓˋ ㄇㄛˊ ㄨㄤˋ	動漫	1	12	absent			-7.354194117						生致模望	生志摩妄	生/致/模/望	生志摩妄	True	True	1		phrase.anime.tsv	1581	
生成式	ㄕㄥ ㄔㄥˊ ㄕˋ	一般	1	27	absent			-7.354194117						生城市	生城市	生/城市	生/城市	False	False	1		phrase.general.tsv	90	
生成模型	ㄕㄥ ㄔㄥˊ ㄇㄛˊ ㄒㄧㄥˊ	AI資料科學	1	14	absent			-7.354194117		生成/模型	2.871163416	生成/模型	2.871163416	生成模型	生成模型	生/成/模型	生成模型	False	True	1		phrase.ai-data-science.tsv	116	
生成樹協定	ㄕㄥ ㄔㄥˊ ㄕㄨˋ ㄒㄧㄝˊ ㄉㄧㄥˋ	網路資安	1	3	absent			-7.354194117						生成數協定	生成樹協定	生/成/數/協定	生成樹協定	True	True	1		phrase.network-security.tsv	110	
生殖系統	ㄕㄥ ㄓˊ ㄒㄧˋ ㄊㄨㄥˇ	醫學	1	12	absent			-7.354194117		生殖/系統	1.362639786	生殖/系統	1.362639786	生殖系統	生殖系統	生殖/系統	生殖/系統	False	True	1		phrase.medicine.tsv	147	
生活圈規劃	ㄕㄥ ㄏㄨㄛˊ ㄑㄩㄢ ㄍㄨㄟ ㄏㄨㄚˋ	建築土木	1	4	absent			-7.354194117		生活圈/規劃	2.027989384	生活圈/規劃	2.027989384	生活圈規劃	生活圈規劃	生活圈/規劃	生活圈規劃	False	True	1		phrase.civil-engineering.tsv	170	
生物膜法	ㄕㄥ ㄨˋ ㄇㄛˋ ㄈㄚˇ	環境能源	1	12	absent			-7.354194117						生物膜法	生物膜法	生物/膜/法	生物膜法	False	True	1		phrase.energy-environment.tsv	89	
生理心理學	ㄕㄥ ㄌㄧˇ ㄒㄧㄣ ㄌㄧˇ ㄒㄩㄝˊ	心理社會	1	4	absent			-7.354194117		生理/心理學	2.577434838	生理/心理學	2.577434838	生理心理學	生理心理學	生理/心理學	生理/心理學	False	True	1		phrase.psychology-society.tsv	50	
生產力指標	ㄕㄥ ㄔㄢˇ ㄌㄧˋ ㄓˇ ㄅㄧㄠ	商業	1	4	absent			-7.354194117		生產力/指標	2.129428043	生產力/指標	2.129428043	生產力指標	生產力指標	生產力/指標	生產力指標	False	True	1		phrase.business.tsv	133	
生產排程	ㄕㄥ ㄔㄢˇ ㄆㄞˊ ㄔㄥˊ	製造機械	1	12	absent			-7.354194117		生產/排成	2.182467664	生產/排成	2.182467664	生產排程	生產排程	生產/排/程	生產排程	False	True	1		phrase.manufacturing.tsv	89	
生產管理	ㄕㄥ ㄔㄢˇ ㄍㄨㄢˇ ㄌㄧˇ	製造機械	1	13	absent			-7.354194117		生產/管理	0.335306463	生產/管理	0.335306463	生產管理	生產管理	生產/管理	生產/管理	False	True	1		phrase.manufacturing.tsv	91	
生醫材料	ㄕㄥ ㄧ ㄘㄞˊ ㄌㄧㄠˋ	材料化工	1	13	absent			-7.354194117						生一材料	生醫材料	生/一/材料	生醫材料	True	True	1		phrase.materials-chemistry.tsv	72	
生體可用率	ㄕㄥ ㄊㄧˇ ㄎㄜˇ ㄩㄥˋ ㄌㄩˋ	生技藥學	1	6	absent			-7.354194117						生體可用率	生體可用率	生/體/可用/率	生體可用率	False	True	1		phrase.biotech-pharma.tsv	61	
產品碳足跡	ㄔㄢˇ ㄆㄧㄣˇ ㄊㄢˋ ㄗㄨˊ ㄐㄧ	環境能源	1	5	absent			-7.354194117						產品碳足跡	產品碳足跡	產品/碳/足跡	產品碳足跡	False	True	1		phrase.energy-environment.tsv	90	
產品設計	ㄔㄢˇ ㄆㄧㄣˇ ㄕㄜˋ ㄐㄧˋ	媒體設計	1	13	absent			-7.354194117		產品/設計	0.199265962	產品/設計	0.199265962	產品設計	產品設計	產品/設計	產品/設計	False	True	1		phrase.media-design.tsv	67	
產品追蹤	ㄔㄢˇ ㄆㄧㄣˇ ㄓㄨㄟ ㄗㄨㄥ	農業食品	1	10	absent			-7.354194117		產品/追蹤	1.221796091	產品/追蹤	1.221796091	產品追蹤	產品追蹤	產品/追蹤	產品/追蹤	False	True	1		phrase.agriculture-food.tsv	33	
產業集中度	ㄔㄢˇ ㄧㄝˋ ㄐㄧˊ ㄓㄨㄥ ㄉㄨˋ	商業	1	5	absent			-7.354194117						產業集中度	產業集中度	產業/集中/度	產業集中度	False	True	1		phrase.business.tsv	136	
產能分析	ㄔㄢˇ ㄋㄥˊ ㄈㄣ ㄒㄧ	工業工程	1	18	absent			-7.354194117		產能/分析	2.174108403	產能/分析	2.174108403	產能分析	產能分析	產能/分析	產能/分析	False	True	1		phrase.industrial-engineering.tsv	81	
產能利用率	ㄔㄢˇ ㄋㄥˊ ㄌㄧˋ ㄩㄥˋ ㄌㄩˋ	工業工程	1	3	absent			-7.354194117		產能/利用率	4.153617191	產能/利用率	4.153617191	產能利用率	產能利用率	產能/利用率	產能/利用率	False	True	1		phrase.industrial-engineering.tsv	82	
用典	ㄩㄥˋ ㄉㄧㄢˇ	中文	1	13	absent			-7.354194117						用點	用點	用/點	用/點	False	False	1		phrase.chinese.tsv	97	
田中吉竹	ㄊㄧㄢˊ ㄓㄨㄥ ㄐㄧˊ ㄓㄨˊ	動漫	1	15	absent			-7.354194117						甜中及築	田中吉竹	甜/中/及/築	田中吉竹	True	True	1		phrase.anime.tsv	1583	
田井中律	ㄊㄧㄢˊ ㄐㄧㄥˇ ㄓㄨㄥ ㄌㄩˋ	動漫	1	17	absent			-7.354194117						甜景中率	田井中律	甜/景/中/率	田井中律	True	True	1		phrase.anime.tsv	1584	
田宮良子	ㄊㄧㄢˊ ㄍㄨㄥ ㄌㄧㄤˊ ㄗ˙	動漫	1	14	absent			-7.354194117						甜公糧子	田宮良子	甜/公糧/子	田宮良子	True	True	1		phrase.anime.tsv	1585	
田島悠一郎	ㄊㄧㄢˊ ㄉㄠˇ ㄧㄡ ㄧ ㄌㄤˊ	動漫	1	11	absent			-7.354194117						甜導優一郎	田島悠一郎	甜/導/優/一/郎	田島悠一郎	True	True	1		phrase.anime.tsv	1586	
田所惠	ㄊㄧㄢˊ ㄙㄨㄛˇ ㄏㄨㄟˋ	動漫	1	16	absent			-7.354194117						甜所會	田所惠	甜/所/會	田所惠	True	True	1		phrase.anime.tsv	1587	
田沼要	ㄊㄧㄢˊ ㄓㄠˇ ㄧㄠˋ	動漫	1	15	absent			-7.354194117						甜找要	田沼要	甜/找/要	田沼要	True	True	1		phrase.anime.tsv	1588	
田畑秀則	ㄊㄧㄢˊ ㄊㄧㄢˊ ㄒㄧㄡˋ ㄗㄜˊ	動漫	1	17	absent			-7.354194117						甜甜秀則	田畑秀則	甜甜/秀/則	田畑秀則	True	True	1		phrase.anime.tsv	1589	
由比濱結衣	ㄧㄡˊ ㄅㄧˇ ㄅㄧㄣ ㄐㄧㄝˊ ㄧ	動漫	1	15	absent			-7.354194117						由比賓結一	由比濱結衣	由/比/賓/結/一	由比濱結衣	True	True	1		phrase.anime.tsv	1590	
甲狀腺結節	ㄐㄧㄚˇ ㄓㄨㄤˋ ㄒㄧㄢˋ ㄐㄧㄝˊ ㄐㄧㄝˊ	醫學	1	3	absent			-7.354194117		甲狀腺/節節	3.776702318	甲狀腺/節節	3.776702318	甲狀腺結節	甲狀腺結節	甲狀腺/結節	甲狀腺結節	False	True	1		phrase.medicine.tsv	151	
申請案件	ㄕㄣ ㄑㄧㄥˇ ㄢˋ ㄐㄧㄢˋ	公務員公文	1	16	absent			-7.354194117		申請/案件	1.199796927	申請/案件	1.199796927	申請案件	申請案件	申請/案件	申請/案件	False	True	1		phrase.government.tsv	51	
男公關部	ㄋㄢˊ ㄍㄨㄥ ㄍㄨㄢ ㄅㄨˋ	動漫	1	24	absent			-7.354194117						南公關不	男公關部	南/公關/不	男公關部	True	True	1		phrase.anime.tsv	1591	
男子高中生	ㄋㄢˊ ㄗˇ ㄍㄠ ㄓㄨㄥ ㄕㄥ	動漫	1	13	absent			-7.354194117		男子/高中生	2.430080308	男子/高中生	2.430080308	男子高中生	男子高中生	男子/高中生	男子高中生	False	True	1		phrase.anime.tsv	1593	
界塚伊奈帆	ㄐㄧㄝˋ ㄓㄨㄥˇ ㄧ ㄋㄞˋ ㄈㄢˊ	動漫	1	17	absent			-7.354194117						借種一耐煩	界塚伊奈帆	借/種/一/耐煩	界塚伊奈帆	True	True	1		phrase.anime.tsv	1594	
留存率	ㄌㄧㄡˊ ㄘㄨㄣˊ ㄌㄩˋ	商業	1	16	absent			-7.354194117						留存率	留存率	留存/率	留存/率	False	True	1		phrase.business.tsv	137	
留存率分析	ㄌㄧㄡˊ ㄘㄨㄣˊ ㄌㄩˋ ㄈㄣ ㄒㄧ	商業	1	5	absent			-7.354194117						留存率分析	留存率分析	留存/率/分析	留存率分析	False	True	1		phrase.business.tsv	138	
留存率目標	ㄌㄧㄡˊ ㄘㄨㄣˊ ㄌㄩˋ ㄇㄨˋ ㄅㄧㄠ	商業	1	4	absent			-7.354194117						留存率目標	留存率目標	留存/率/目標	留存率目標	False	True	1		phrase.business.tsv	139	
留存率趨勢	ㄌㄧㄡˊ ㄘㄨㄣˊ ㄌㄩˋ ㄑㄩ ㄕˋ	商業	1	4	absent			-7.354194117						留存率趨勢	留存率趨勢	留存/率/趨勢	留存率趨勢	False	True	1		phrase.business.tsv	140	
留存率預測	ㄌㄧㄡˊ ㄘㄨㄣˊ ㄌㄩˋ ㄩˋ ㄘㄜˋ	商業	1	4	absent			-7.354194117						留存率預測	留存率預測	留存/率/預測	留存率預測	False	True	1		phrase.business.tsv	141	
畫眉丸	ㄏㄨㄚˋ ㄇㄟˊ ㄨㄢˊ	動漫	1	19	absent			-7.354194117						話沒完	畫眉丸	話/沒完	畫眉丸	True	True	1		phrase.anime.tsv	1595	
異世界	ㄧˋ ㄕˋ ㄐㄧㄝˋ	動漫	1	23	0			-7.354194117						一世界	一世界	一/世界	一/世界	False	False	1		phrase.anime.tsv	1596	
異世界之旅	ㄧˋ ㄕˋ ㄐㄧㄝˋ ㄓ ㄌㄩˇ	動漫	1	11	absent			-7.354194117						一世界之旅	異世界之旅	一/世界/之/旅	異世界之旅	True	True	1		phrase.anime.tsv	1597	
異世界藥局	ㄧˋ ㄕˋ ㄐㄧㄝˋ ㄧㄠˋ ㄐㄩˊ	動漫	1	18	absent			-7.354194117						一世界藥局	異世界藥局	一/世界/藥局	異世界藥局	True	True	1		phrase.anime.tsv	1598	
異世界食堂	ㄧˋ ㄕˋ ㄐㄧㄝˋ ㄕˊ ㄊㄤˊ	動漫	1	18	absent			-7.354194117						一世界食堂	異世界食堂	一/世界/食堂	異世界食堂	True	True	1		phrase.anime.tsv	1599	
異位性	ㄧˋ ㄨㄟˋ ㄒㄧㄥˋ	醫學	1	10	absent			-7.354194117						異味性	異味性	異味/性	異味/性	False	False	1		phrase.medicine.tsv	152	
異位症	ㄧˋ ㄨㄟˋ ㄓㄥˋ	醫學	1	10	absent			-7.354194117						異味政	異味政	異味/政	異味/政	False	False	1		phrase.medicine.tsv	153	
異修羅	ㄧˋ ㄒㄧㄡ ㄌㄨㄛˊ	動漫	1	16	absent			-7.354194117						一修羅	異修羅	一/修/羅	異修羅	True	True	1		phrase.anime.tsv	1600	
異常分析	ㄧˋ ㄔㄤˊ ㄈㄣ ㄒㄧ	晶片半導體	1	21	absent			-7.354194117		異常/分析	1.463954232	異常/分析	1.463954232	異常分析	異常分析	異常/分析	異常/分析	False	True	1		phrase.semiconductor.tsv	110	
異聞錄	ㄧˋ ㄨㄣˊ ㄌㄨˋ	動漫	1	22	absent			-7.354194117						藝文路	異聞錄	藝文/路	異聞錄	True	True	1		phrase.anime.tsv	1601	
當事人適格	ㄉㄤ ㄕˋ ㄖㄣˊ ㄕˋ ㄍㄜˊ	法律	1	4	absent			-7.354194117		當事人/事隔	3.706224659	當事人/事隔	3.706224659	當事人是格	當事人適格	當事人/是/格	當事人適格	True	True	1		phrase.law.tsv	127	
疊加態	ㄉㄧㄝˊ ㄐㄧㄚ ㄊㄞˋ	科學	1	11	absent			-7.354194117						疊加態	疊加態	疊加/態	疊加/態	False	True	1		phrase.science.tsv	53	
疊韻詞	ㄉㄧㄝˊ ㄩㄣˋ ㄘˊ	中文	1	10	absent			-7.354194117						跌運詞	疊韻詞	跌/運/詞	疊韻詞	True	True	1		phrase.chinese.tsv	98	
疏果	ㄕㄨ ㄍㄨㄛˇ	農業食品	1	10	absent	蔬果	-5.473380525	-7.354194117	-1.880813592			蔬果	-1.880813592	蔬果	蔬果	蔬果	蔬果	False	False	2	蔬果	phrase.agriculture-food.tsv	34	
疏花	ㄕㄨ ㄏㄨㄚ	農業食品	1	8	absent			-7.354194117						書花	書花	書/花	書/花	False	False	1		phrase.agriculture-food.tsv	35	
疲勞測試	ㄆㄧˊ ㄌㄠˊ ㄘㄜˋ ㄕˋ	材料化工	1	16	absent			-7.354194117		疲勞/測試	2.472427267	疲勞/測試	2.472427267	疲勞測試	疲勞測試	疲勞/測試	疲勞/測試	False	True	1		phrase.materials-chemistry.tsv	73	
疲勞裂紋	ㄆㄧˊ ㄌㄠˊ ㄌㄧㄝˋ ㄨㄣˊ	製造機械	1	10	absent			-7.354194117		疲勞/裂紋	4.492062738	疲勞/裂紋	4.492062738	疲勞裂紋	疲勞裂紋	疲勞/裂紋	疲勞/裂紋	False	True	1		phrase.manufacturing.tsv	93	
疲勞試驗	ㄆㄧˊ ㄌㄠˊ ㄕˋ ㄧㄢˋ	材料化工	1	10	absent			-7.354194117		疲勞/試驗	2.880604972	疲勞/試驗	2.880604972	疲勞試驗	疲勞試驗	疲勞/試驗	疲勞/試驗	False	True	1		phrase.materials-chemistry.tsv	74	
疾病篩檢	ㄐㄧˊ ㄅㄧㄥˋ ㄕㄞ ㄐㄧㄢˇ	醫學	1	12	absent			-7.354194117						疾病篩檢	疾病篩檢	疾病/篩/檢	疾病篩檢	False	True	1		phrase.medicine.tsv	156	
病毒載體	ㄅㄧㄥˋ ㄉㄨˊ ㄗㄞˇ ㄊㄧˇ	生技藥學	1	11	absent			-7.354194117		病毒/載體	3.231519604	病毒/載體	3.231519604	病毒載體	病毒載體	病毒/載體	病毒載體	False	True	1		phrase.biotech-pharma.tsv	62	
登入系統	ㄉㄥ ㄖㄨˋ ㄒㄧˋ ㄊㄨㄥˇ	軟體科學	1	14	absent			-7.354194117		登入/系統	1.816152267	登入/系統	1.816152267	登入系統	登入系統	登入/系統	登入/系統	False	True	1		phrase.software.tsv	72	
登塔	ㄉㄥ ㄊㄚˇ	動漫	1	13	absent	燈塔	-5.655224113	-7.354194117	-1.698970004			燈塔	-1.698970004	燈塔	燈塔	燈塔	燈塔	False	False	2	燈塔	phrase.anime.tsv	1604	
白井黑子	ㄅㄞˊ ㄐㄧㄥˇ ㄏㄟ ㄗˇ	動漫	1	19	absent			-7.354194117						白景黑子	白井黑子	白/景/黑子	白井黑子	True	True	1		phrase.anime.tsv	1605	
白咲花	ㄅㄞˊ ㄒㄧㄠˋ ㄏㄨㄚ	動漫	1	15	absent			-7.354194117						白校花	白咲花	白/校/花	白咲花	True	True	1		phrase.anime.tsv	1606	
白崎香織	ㄅㄞˊ ㄑㄧˊ ㄒㄧㄤ ㄓ	動漫	1	11	absent			-7.354194117		白旗/相知	4.419190966	白旗/相知	4.419190966	白其相之	白崎香織	白/其/相/之	白崎香織	True	True	1		phrase.anime.tsv	1607	
白川	ㄅㄞˊ ㄔㄨㄢ	動漫	1	18	absent			-7.354194117						白川	白川	白/川	白/川	False	True	1		phrase.anime.tsv	1608	
白澤	ㄅㄞˊ ㄗㄜˊ	動漫	1	14	absent			-7.354194117						白則	白則	白/則	白/則	False	False	1		phrase.anime.tsv	1609	
白石由竹	ㄅㄞˊ ㄕˊ ㄧㄡˊ ㄓㄨˊ	動漫	1	16	absent			-7.354194117						白石油築	白石由竹	白/石油/築	白石由竹	True	True	1		phrase.anime.tsv	1610	
白石純太	ㄅㄞˊ ㄕˊ ㄔㄨㄣˊ ㄊㄞˋ	動漫	1	17	absent			-7.354194117						白時純太	白石純太	白/時/純/太	白石純太	True	True	1		phrase.anime.tsv	1611	
白石結月	ㄅㄞˊ ㄕˊ ㄐㄧㄝˊ ㄩㄝˋ	動漫	1	13	absent			-7.354194117						白時節月	白石結月	白/時節/月	白石結月	True	True	1		phrase.anime.tsv	1612	
白石誠太	ㄅㄞˊ ㄕˊ ㄔㄥˊ ㄊㄞˋ	動漫	1	11	absent			-7.354194117						白時成太	白石誠太	白/時/成/太	白石誠太	True	True	1		phrase.anime.tsv	1613	
白箱	ㄅㄞˊ ㄒㄧㄤ	動漫	1	21	absent			-7.354194117						白相	白相	白/相	白/相	False	False	1		phrase.anime.tsv	1614	
白蓮教起義	ㄅㄞˊ ㄌㄧㄢˊ ㄐㄧㄠˋ ㄑㄧˇ ㄧˋ	歷史	1	2	absent			-7.354194117		白蓮教/起義	5.409711445	白蓮教/起義	5.409711445	白蓮教起義	白蓮教起義	白蓮教/起義	白蓮教/起義	False	True	1		phrase.history.tsv	117	
白蛋白數值	ㄅㄞˊ ㄉㄢˋ ㄅㄞˊ ㄕㄨˋ ㄓˊ	醫學	1	3	absent			-7.354194117		白蛋白/數值	3.998551067	白蛋白/數值	3.998551067	白蛋白數值	白蛋白數值	白蛋白/數值	白蛋白/數值	False	True	1		phrase.medicine.tsv	162	
白蛋白檢驗	ㄅㄞˊ ㄉㄢˋ ㄅㄞˊ ㄐㄧㄢˇ ㄧㄢˋ	醫學	1	4	absent			-7.354194117		白蛋白/檢驗	3.310164207	白蛋白/檢驗	3.310164207	白蛋白檢驗	白蛋白檢驗	白蛋白/檢驗	白蛋白/檢驗	False	True	1		phrase.medicine.tsv	163	
白銀御行	ㄅㄞˊ ㄧㄣˊ ㄩˋ ㄒㄧㄥˊ	動漫	1	18	absent			-7.354194117						白銀與行	白銀御行	白銀/與/行	白銀御行	True	True	1		phrase.anime.tsv	1616	
白鳥愛羅	ㄅㄞˊ ㄋㄧㄠˇ ㄞˋ ㄌㄨㄛˊ	動漫	1	14	absent			-7.354194117						白鳥愛羅	白鳥愛羅	白/鳥/愛/羅	白鳥愛羅	False	True	1		phrase.anime.tsv	1618	
白龍	ㄅㄞˊ ㄌㄨㄥˊ	動漫	1	22	absent			-7.354194117						白龍	白龍	白/龍	白/龍	False	True	1		phrase.anime.tsv	1619	
百鬼夜行抄	ㄅㄞˇ ㄍㄨㄟˇ ㄧㄝˋ ㄒㄧㄥˊ ㄔㄠ	動漫	1	19	absent			-7.354194117						百鬼夜行超	百鬼夜行抄	百鬼夜行/超	百鬼夜行抄	True	True	1		phrase.anime.tsv	1622	
皇后崎迅	ㄏㄨㄤˊ ㄏㄡˋ ㄑㄧˊ ㄒㄩㄣˋ	動漫	1	13	absent			-7.354194117						皇后其訊	皇后崎迅	皇后/其/訊	皇后崎迅	True	True	1		phrase.anime.tsv	1623	
皇民化運動	ㄏㄨㄤˊ ㄇㄧㄣˊ ㄏㄨㄚˋ ㄩㄣˋ ㄉㄨㄥˋ	歷史	1	3	absent			-7.354194117		皇民化/運動	2.456072542	皇民化/運動	2.456072542	皇民化運動	皇民化運動	皇民化/運動	皇民化運動	False	True	1		phrase.history.tsv	118	
皮克敏	ㄆㄧˊ ㄎㄜˋ ㄇㄧㄣˇ	一般	1	12	absent			-7.354194117						皮克敏	皮克敏	皮/克/敏	皮克敏	False	True	1		phrase.general.tsv	93	
監獄學園	ㄐㄧㄢ ㄩˋ ㄒㄩㄝˊ ㄩㄢˊ	動漫	1	20	absent			-7.354194117		監獄/學員	2.539413972	監獄/學員	2.539413972	監獄學員	監獄學園	監獄/學員	監獄學園	True	True	1		phrase.anime.tsv	1625	
監督式	ㄐㄧㄢ ㄉㄨ ㄕˋ	AI資料科學	1	14	absent			-7.354194117						監督是	監督是	監督/是	監督/是	False	False	1		phrase.ai-data-science.tsv	118	
監督式學習	ㄐㄧㄢ ㄉㄨ ㄕˋ ㄒㄩㄝˊ ㄒㄧˊ	AI資料科學	1	4	absent			-7.354194117						監督是學習	監督式學習	監督/是/學習	監督式學習	True	True	1		phrase.ai-data-science.tsv	119	
監督式微調	ㄐㄧㄢ ㄉㄨ ㄕˋ ㄨㄟˊ ㄉㄧㄠˋ	AI資料科學	1	4	absent			-7.354194117						監督視為調	監督式微調	監督/視為/調	監督式微調	True	True	1		phrase.ai-data-science.tsv	120	
盧各圖哈德	ㄌㄨˊ ㄍㄜˋ ㄊㄨˊ ㄏㄚ ㄉㄜˊ	動漫	1	15	absent			-7.354194117						爐個圖哈得	盧各圖哈德	爐/個/圖/哈/得	盧各圖哈德	True	True	1		phrase.anime.tsv	1626	
目的複句	ㄇㄨˋ ㄉㄧˋ ㄈㄨˋ ㄐㄩˋ	中文	1	12	absent			-7.354194117		目的/複句	2.098957805	目的/複句	2.098957805	目的複句	目的複句	目的/複句	目的/複句	False	True	1		phrase.chinese.tsv	100	
直井文人	ㄓˊ ㄐㄧㄥˇ ㄨㄣˊ ㄖㄣˊ	動漫	1	12	absent			-7.354194117						職景文人	直井文人	職/景/文人	直井文人	True	True	1		phrase.anime.tsv	1628	
直哉	ㄓˊ ㄗㄞ	動漫	1	12	absent			-7.354194117						職災	職災	職/災	職/災	False	False	1		phrase.anime.tsv	1629	
直接人工	ㄓˊ ㄐㄧㄝ ㄖㄣˊ ㄍㄨㄥ	財會金融	1	12	absent			-7.354194117		直接/人工	1.181868838	直接/人工	1.181868838	直接人工	直接人工	直接/人工	直接/人工	False	True	1		phrase.finance.tsv	108	
直接成本	ㄓˊ ㄐㄧㄝ ㄔㄥˊ ㄅㄣˇ	財會金融	1	12	absent			-7.354194117		直接/成本	0.718889353	直接/成本	0.718889353	直接成本	直接成本	直接/成本	直接/成本	False	True	1		phrase.finance.tsv	109	
直接材料	ㄓˊ ㄐㄧㄝ ㄘㄞˊ ㄌㄧㄠˋ	財會金融	1	12	absent			-7.354194117		直接/材料	1.009046318	直接/材料	1.009046318	直接材料	直接材料	直接/材料	直接/材料	False	True	1		phrase.finance.tsv	110	
直接膽紅素	ㄓˊ ㄐㄧㄝ ㄉㄢˇ ㄏㄨㄥˊ ㄙㄨˋ	醫學	1	8	absent			-7.354194117						直接膽紅素	直接膽紅素	直接/膽/紅/素	直接膽紅素	False	True	1		phrase.medicine.tsv	166	
直枝理樹	ㄓˊ ㄓ ㄌㄧˇ ㄕㄨˋ	動漫	1	18	absent			-7.354194117						職之理數	直枝理樹	職/之/理/數	直枝理樹	True	True	1		phrase.anime.tsv	1630	
直樹美紀	ㄓˊ ㄕㄨˋ ㄇㄟˇ ㄐㄧˋ	動漫	1	12	absent			-7.354194117		植樹/每季	4.939220769	植樹/每季	4.939220769	植樹美計	直樹美紀	植樹/美/計	直樹美紀	True	True	1		phrase.anime.tsv	1631	
直死之魔眼	ㄓˊ ㄙˇ ㄓ ㄇㄛˊ ㄧㄢˇ	動漫	1	13	absent			-7.354194117						職死之模演	直死之魔眼	職/死/之/模/演	直死之魔眼	True	True	1		phrase.anime.tsv	1632	
直流轉換器	ㄓˊ ㄌㄧㄡˊ ㄓㄨㄢˇ ㄏㄨㄢˋ ㄑㄧˋ	電子電機	1	3	absent			-7.354194117		直流/轉換器	4.559009528	直流/轉換器	4.559009528	直流轉換器	直流轉換器	直流/轉換器	直流/轉換器	False	True	1		phrase.electronics.tsv	145	
直流馬達	ㄓˊ ㄌㄧㄡˊ ㄇㄚˇ ㄉㄚˊ	電子電機	1	14	absent			-7.354194117		直流/馬達	3.639529125	直流/馬達	3.639529125	直流馬達	直流馬達	直流/馬達	直流/馬達	False	True	1		phrase.electronics.tsv	146	
直繼	ㄓˊ ㄐㄧˋ	動漫	1	15	absent			-7.354194117						職計	職計	職/計	職/計	False	False	1		phrase.anime.tsv	1633	
相位裕度	ㄒㄧㄤˋ ㄨㄟˋ ㄩˋ ㄉㄨˋ	電子電機	1	11	absent			-7.354194117						像衛浴度	相位裕度	像/衛浴/度	相位裕度	True	True	1		phrase.electronics.tsv	147	
相位設計	ㄒㄧㄤˋ ㄨㄟˋ ㄕㄜˋ ㄐㄧˋ	交通物流	1	12	absent			-7.354194117		相位/設計	3.064962021	相位/設計	3.064962021	像為設計	相位設計	像/為/設計	相位設計	True	True	1		phrase.transport-logistics.tsv	70	
相位鍵移	ㄒㄧㄤˋ ㄨㄟˋ ㄐㄧㄢˋ ㄧˊ	電子電機	1	10	absent			-7.354194117		相位/見疑	6.752134126	相位/見疑	6.752134126	像未見一	相位鍵移	像/未見/一	相位鍵移	True	True	1		phrase.electronics.tsv	148	
相位雜訊	ㄒㄧㄤˋ ㄨㄟˋ ㄗㄚˊ ㄒㄩㄣˋ	電子電機	1	9	absent			-7.354194117		相位/雜訊	5.45110413	相位/雜訊	5.45110413	像為雜訊	相位雜訊	像/為/雜訊	相位雜訊	True	True	1		phrase.electronics.tsv	149	
相信你	ㄒㄧㄤ ㄒㄧㄣˋ ㄋㄧˇ	動漫	1	13	absent			-7.354194117						相信你	相信你	相信/你	相信/你	False	True	1		phrase.anime.tsv	1635	
相樂左之助	ㄒㄧㄤ ㄌㄜˋ ㄗㄨㄛˇ ㄓ ㄓㄨˋ	動漫	1	17	absent			-7.354194117						箱樂左支柱	相樂左之助	箱/樂/左/支柱	相樂左之助	True	True	1		phrase.anime.tsv	1636	
相澤千鶴	ㄒㄧㄤ ㄗㄜˊ ㄑㄧㄢ ㄏㄜˋ	動漫	1	14	absent			-7.354194117						箱則千和	相澤千鶴	箱/則/千/和	相澤千鶴	True	True	1		phrase.anime.tsv	1637	
相澤榮子	ㄒㄧㄤ ㄗㄜˊ ㄖㄨㄥˊ ㄗ˙	動漫	1	15	absent			-7.354194117						箱則容子	相澤榮子	箱/則/容/子	相澤榮子	True	True	1		phrase.anime.tsv	1638	
相澤消太	ㄒㄧㄤ ㄗㄜˊ ㄒㄧㄠ ㄊㄞˋ	動漫	1	12	absent			-7.354194117						箱則消太	相澤消太	箱/則/消/太	相澤消太	True	True	1		phrase.anime.tsv	1639	
相澤祐一	ㄒㄧㄤ ㄗㄜˊ ㄧㄡˋ ㄧ	動漫	1	17	absent			-7.354194117						箱則又一	相澤祐一	箱/則/又/一	相澤祐一	True	True	1		phrase.anime.tsv	1640	
相澤雅	ㄒㄧㄤ ㄗㄜˊ ㄧㄚˇ	動漫	1	12	absent			-7.354194117						箱則亞	相澤雅	箱/則/亞	相澤雅	True	True	1		phrase.anime.tsv	1641	
相生祐子	ㄒㄧㄤ ㄕㄥ ㄧㄡˋ ㄗ˙	動漫	1	21	absent			-7.354194117						箱生柚子	相生祐子	箱/生/柚子	相生祐子	True	True	1		phrase.anime.tsv	1642	
相聚一刻	ㄒㄧㄤ ㄐㄩˋ ㄧ ㄎㄜˋ	動漫	1	20	absent			-7.354194117		相聚/一刻	4.020545361	相聚/一刻	4.020545361	相聚一課	相聚一刻	相聚/一/課	相聚一刻	True	True	1		phrase.anime.tsv	1643	
相良宗介	ㄒㄧㄤ ㄌㄧㄤˊ ㄗㄨㄥ ㄐㄧㄝˋ	動漫	1	19	absent			-7.354194117						箱良宗界	相良宗介	箱/良/宗/界	相良宗介	True	True	1		phrase.anime.tsv	1644	
相鄰關係	ㄒㄧㄤ ㄌㄧㄣˊ ㄍㄨㄢ ㄒㄧˋ	法律	1	11	absent			-7.354194117		相鄰/關係	1.989701282	相鄰/關係	1.989701282	相鄰關係	相鄰關係	相鄰/關係	相鄰/關係	False	True	1		phrase.law.tsv	128	
盾之勇者	ㄉㄨㄣˋ ㄓ ㄩㄥˇ ㄓㄜˇ	動漫	1	22	absent			-7.354194117						頓之勇者	盾之勇者	頓/之/勇者	盾之勇者	True	True	1		phrase.anime.tsv	1645	
眉村健	ㄇㄟˊ ㄘㄨㄣ ㄐㄧㄢˋ	動漫	1	11	absent			-7.354194117						沒村建	眉村健	沒/村/建	眉村健	True	True	1		phrase.anime.tsv	1646	
看板拉動	ㄎㄢ ㄅㄢˇ ㄌㄚ ㄉㄨㄥˋ	製造機械	1	10	absent			-7.354194117		看板/拉動	4.679792305	看板/拉動	4.679792305	看板拉動	看板拉動	看板/拉/動	看板拉動	False	True	1		phrase.manufacturing.tsv	94	
真宮櫻	ㄓㄣ ㄍㄨㄥ ㄧㄥ	動漫	1	15	absent			-7.354194117						真公應	真宮櫻	真/公/應	真宮櫻	True	True	1		phrase.anime.tsv	1647	
真山巧	ㄓㄣ ㄕㄢ ㄑㄧㄠˇ	動漫	1	14	absent			-7.354194117						真山巧	真山巧	真/山/巧	真山巧	False	True	1		phrase.anime.tsv	1648	
真島	ㄓㄣ ㄉㄠˇ	動漫	1	11	absent			-7.354194117						真導	真導	真/導	真/導	False	False	1		phrase.anime.tsv	1649	
真島太一	ㄓㄣ ㄉㄠˇ ㄊㄞˋ ㄧ	動漫	1	14	absent			-7.354194117						真導太一	真島太一	真/導/太/一	真島太一	True	True	1		phrase.anime.tsv	1650	
真崎杏子	ㄓㄣ ㄑㄧˊ ㄒㄧㄥˋ ㄗˇ	動漫	1	13	absent			-7.354194117		珍奇/杏子	5.082352511	珍奇/杏子	5.082352511	真其性子	真崎杏子	真/其/性/子	真崎杏子	True	True	1		phrase.anime.tsv	1651	
真打津輕	ㄓㄣ ㄉㄚˇ ㄐㄧㄣ ㄑㄧㄥ	動漫	1	15	absent			-7.354194117						真打今清	真打津輕	真/打/今/清	真打津輕	True	True	1		phrase.anime.tsv	1652	
真正的戰士	ㄓㄣ ㄓㄥˋ ㄉㄜ˙ ㄓㄢˋ ㄕˋ	動漫	1	13	absent			-7.354194117		真正的/戰士	2.639730233	真正的/戰士	2.639730233	真正的戰士	真正的戰士	真正的/戰士	真正的戰士	False	True	1		phrase.anime.tsv	1653	
真波山岳	ㄓㄣ ㄅㄛ ㄕㄢ ㄩㄝˋ	動漫	1	9	absent			-7.354194117						真波山月	真波山岳	真/波/山/月	真波山岳	True	True	1		phrase.anime.tsv	1654	
真田莉莉奈	ㄓㄣ ㄊㄧㄢˊ ㄌㄧˋ ㄌㄧˋ ㄋㄞˋ	動漫	1	12	absent			-7.354194117						真田莉莉耐	真田莉莉奈	真/田/莉莉/耐	真田莉莉奈	True	True	1		phrase.anime.tsv	1655	
真田龍	ㄓㄣ ㄊㄧㄢˊ ㄌㄨㄥˊ	動漫	1	12	absent			-7.354194117						真田龍	真田龍	真/田/龍	真田龍	False	True	1		phrase.anime.tsv	1656	
真神圭護	ㄓㄣ ㄕㄣˊ ㄍㄨㄟ ㄏㄨˋ	動漫	1	12	absent			-7.354194117						真神規護	真神圭護	真神/規/護	真神圭護	True	True	1		phrase.anime.tsv	1658	
真空包裝	ㄓㄣ ㄎㄨㄥ ㄅㄠ ㄓㄨㄤ	農業食品	1	15	absent			-7.354194117		真空/包裝	2.938970287	真空/包裝	2.938970287	真空包裝	真空包裝	真空/包裝	真空/包裝	False	True	1		phrase.agriculture-food.tsv	37	
真空斷路器	ㄓㄣ ㄎㄨㄥ ㄉㄨㄢˋ ㄌㄨˋ ㄑㄧˋ	電子電機	1	3	absent			-7.354194117						真空斷路器	真空斷路器	真空/斷路/器	真空斷路器	False	True	1		phrase.electronics.tsv	150	
真空系統	ㄓㄣ ㄎㄨㄥ ㄒㄧˋ ㄊㄨㄥˇ	晶片半導體	1	12	absent			-7.354194117		真空/系統	1.875130127	真空/系統	1.875130127	真空系統	真空系統	真空/系統	真空/系統	False	True	1		phrase.semiconductor.tsv	112	
真紀真	ㄓㄣ ㄐㄧˋ ㄓㄣ	動漫	1	15	absent			-7.354194117						真計真	真紀真	真/計/真	真紀真	True	True	1		phrase.anime.tsv	1659	
真菌毒素	ㄓㄣ ㄐㄩㄣˋ ㄉㄨˊ ㄙㄨˋ	農業食品	1	12	absent			-7.354194117		真菌/毒素	4.54530825	真菌/毒素	4.54530825	真菌毒素	真菌毒素	真菌/毒素	真菌毒素	False	True	1		phrase.agriculture-food.tsv	38	
真野	ㄓㄣ ㄧㄝˇ	動漫	1	16	absent			-7.354194117						真也	真也	真/也	真/也	False	False	1		phrase.anime.tsv	1660	
真麻煩	ㄓㄣ ㄇㄚˊ ㄈㄢˊ	動漫	1	14	absent			-7.354194117						真麻煩	真麻煩	真/麻煩	真/麻煩	False	True	1		phrase.anime.tsv	1662	
眷族	ㄐㄩㄢˋ ㄗㄨˊ	動漫	1	13	absent			-7.354194117						卷族	卷族	卷/族	卷/族	False	False	1		phrase.anime.tsv	1663	
矢澤妮可	ㄕˇ ㄗㄜˊ ㄋㄧˊ ㄎㄜˇ	動漫	1	8	absent			-7.354194117						使則呢可	矢澤妮可	使/則/呢/可	矢澤妮可	True	True	1		phrase.anime.tsv	1664	
矢野綾音	ㄕˇ ㄧㄝˇ ㄌㄧㄥˊ ㄧㄣ	動漫	1	15	absent			-7.354194117						使也靈因	矢野綾音	使/也/靈/因	矢野綾音	True	True	1		phrase.anime.tsv	1665	
矢颪碇	ㄕˇ ㄍㄨㄚ ㄉㄧㄥˋ	動漫	1	10	absent			-7.354194117						使括定	矢颪碇	使/括/定	矢颪碇	True	True	1		phrase.anime.tsv	1666	矢颪碇
短影片	ㄉㄨㄢˇ ㄧㄥˇ ㄆㄧㄢˋ	一般	1	28	absent			-7.354194117						短影片	短影片	短/影片	短/影片	False	True	1		phrase.general.tsv	95	
石上優	ㄕˊ ㄕㄤˋ ㄧㄡ	動漫	1	14	absent			-7.354194117						時尚優	石上優	時尚/優	石上優	True	True	1		phrase.anime.tsv	1667	
石島土門	ㄕˊ ㄉㄠˇ ㄊㄨˇ ㄇㄣˊ	動漫	1	11	absent			-7.354194117						時導土們	石島土門	時/導/土/們	石島土門	True	True	1		phrase.anime.tsv	1668	
石川透	ㄕˊ ㄔㄨㄢ ㄊㄡˋ	動漫	1	15	absent			-7.354194117						時穿透	石川透	時/穿透	石川透	True	True	1		phrase.anime.tsv	1670	
石田大和	ㄕˊ ㄊㄧㄢˊ ㄉㄚˋ ㄏㄜˊ	動漫	1	19	absent			-7.354194117						時填大和	石田大和	時/填/大/和	石田大和	True	True	1		phrase.anime.tsv	1671	
石田將也	ㄕˊ ㄊㄧㄢˊ ㄐㄧㄤ ㄧㄝˇ	動漫	1	22	absent			-7.354194117						時填將也	石田將也	時/填/將/也	石田將也	True	True	1		phrase.anime.tsv	1672	
石田雨龍	ㄕˊ ㄊㄧㄢˊ ㄩˇ ㄌㄨㄥˊ	動漫	1	16	absent			-7.354194117						時填與龍	石田雨龍	時/填/與/龍	石田雨龍	True	True	1		phrase.anime.tsv	1673	
石神千空	ㄕˊ ㄕㄣˊ ㄑㄧㄢ ㄎㄨㄥ	動漫	1	22	absent			-7.354194117						時什千空	石神千空	時/什/千/空	石神千空	True	True	1		phrase.anime.tsv	1674	
砂川愛	ㄕㄚ ㄔㄨㄢ ㄞˋ	動漫	1	12	absent			-7.354194117						沙穿愛	砂川愛	沙/穿/愛	砂川愛	True	True	1		phrase.anime.tsv	1675	
砂川誠	ㄕㄚ ㄔㄨㄢ ㄔㄥˊ	動漫	1	14	absent			-7.354194117						沙穿成	砂川誠	沙/穿/成	砂川誠	True	True	1		phrase.anime.tsv	1676	
研磨機	ㄧㄢˊ ㄇㄛˊ ㄐㄧ	晶片半導體	1	11	absent			-7.354194117						研磨機	研磨機	研磨/機	研磨/機	False	True	1		phrase.semiconductor.tsv	114	
破壞韌性	ㄆㄛˋ ㄏㄨㄞˋ ㄖㄣˋ ㄒㄧㄥˋ	製造機械	1	11	absent			-7.354194117		破壞/任性	2.723623874	破壞/任性	2.723623874	破壞韌性	破壞韌性	破壞/韌性	破壞/韌性	False	True	1		phrase.manufacturing.tsv	95	
硫氧化物	ㄌㄧㄡˊ ㄧㄤˇ ㄏㄨㄚˋ ㄨˋ	環境能源	1	10	absent			-7.354194117						留氧化物	硫氧化物	留/氧化物	硫氧化物	True	True	1		phrase.energy-environment.tsv	95	
硬度試驗	ㄧㄥˋ ㄉㄨˋ ㄕˋ ㄧㄢˋ	材料化工	1	10	absent			-7.354194117		硬度/試驗	3.635526382	硬度/試驗	3.635526382	硬度試驗	硬度試驗	硬度/試驗	硬度/試驗	False	True	1		phrase.materials-chemistry.tsv	76	
硬腦膜下	ㄧㄥˋ ㄋㄠˇ ㄇㄛˊ ㄒㄧㄚˋ	醫學	1	11	absent			-7.354194117						硬腦膜下	硬腦膜下	硬/腦/膜/下	硬腦膜下	False	True	1		phrase.medicine.tsv	169	
碇源堂	ㄉㄧㄥˋ ㄩㄢˊ ㄊㄤˊ	動漫	1	12	absent			-7.354194117						訂員堂	碇源堂	訂/員/堂	碇源堂	True	True	1		phrase.anime.tsv	1677	
碇真嗣	ㄉㄧㄥˋ ㄓㄣ ㄙˋ	動漫	1	23	absent			-7.354194117						訂真四	碇真嗣	訂/真/四	碇真嗣	True	True	1		phrase.anime.tsv	1678	
碎石樁工法	ㄙㄨㄟˋ ㄕˊ ㄓㄨㄤ ㄍㄨㄥ ㄈㄚˇ	建築土木	1	4	absent			-7.354194117						碎石樁公法	碎石樁工法	碎石/樁/公/法	碎石樁工法	True	True	1		phrase.civil-engineering.tsv	174	
碓冰拓海	ㄉㄨㄟˋ ㄅㄧㄥ ㄊㄨㄛˋ ㄏㄞˇ	動漫	1	16	absent			-7.354194117						對兵拓海	碓冰拓海	對/兵/拓/海	碓冰拓海	True	True	1		phrase.anime.tsv	1679	
碧翠絲	ㄅㄧˋ ㄘㄨㄟˋ ㄙ	動漫	1	14	absent			-7.354194117						必脆司	碧翠絲	必/脆/司	碧翠絲	True	True	1		phrase.anime.tsv	1680	
碧藍之海	ㄅㄧˋ ㄌㄢˊ ㄓ ㄏㄞˇ	動漫	1	22	absent			-7.354194117						碧藍之海	碧藍之海	碧藍/之/海	碧藍之海	False	True	1		phrase.anime.tsv	1681	
碳中和	ㄊㄢˋ ㄓㄨㄥ ㄏㄜˊ	一般	1	18	absent			-7.354194117						碳中和	碳中和	碳/中和	碳/中和	False	True	1		phrase.general.tsv	97	
碳化矽	ㄊㄢˋ ㄏㄨㄚˋ ㄒㄧˋ	晶片半導體	1	10	absent			-7.354194117						碳化系	碳化矽	碳/化/系	碳化矽	True	True	1		phrase.semiconductor.tsv	115	
碳排放	ㄊㄢˋ ㄆㄞˊ ㄈㄤˋ	環境能源	1	14	absent			-7.354194117						碳排放	碳排放	碳/排放	碳/排放	False	True	1		phrase.energy-environment.tsv	96	
碳排放監測	ㄊㄢˋ ㄆㄞˊ ㄈㄤˋ ㄐㄧㄢ ㄘㄜˋ	環境能源	1	4	absent			-7.354194117						碳排放監測	碳排放監測	碳/排放/監測	碳排放監測	False	True	1		phrase.energy-environment.tsv	97	
碳排放盤查	ㄊㄢˋ ㄆㄞˊ ㄈㄤˋ ㄆㄢˊ ㄔㄚˊ	環境能源	1	3	absent			-7.354194117						碳排放盤查	碳排放盤查	碳/排放/盤查	碳排放盤查	False	True	1		phrase.energy-environment.tsv	98	
碳排放稽核	ㄊㄢˋ ㄆㄞˊ ㄈㄤˋ ㄐㄧ ㄏㄜˊ	環境能源	1	3	absent			-7.354194117						碳排放稽核	碳排放稽核	碳/排放/稽核	碳排放稽核	False	True	1		phrase.energy-environment.tsv	99	
碳權	ㄊㄢˋ ㄑㄩㄢˊ	一般	1	14	absent			-7.354194117						碳權	碳權	碳/權	碳/權	False	True	1		phrase.general.tsv	98	
碳費	ㄊㄢˋ ㄈㄟˋ	一般	1	10	absent			-7.354194117						碳費	碳費	碳/費	碳/費	False	True	1		phrase.general.tsv	99	
確效	ㄑㄩㄝˋ ㄒㄧㄠˋ	生技藥學	1	14	absent			-7.354194117						卻笑	卻笑	卻/笑	卻/笑	False	False	1		phrase.biotech-pharma.tsv	65	
確認偏誤	ㄑㄩㄝˋ ㄖㄣˋ ㄆㄧㄢ ㄨˋ	心理社會	1	11	absent			-7.354194117						確認偏誤	確認偏誤	確認/偏/誤	確認偏誤	False	True	1		phrase.psychology-society.tsv	51	
確認訴訟	ㄑㄩㄝˋ ㄖㄣˋ ㄙㄨˋ ㄙㄨㄥˋ	法律	1	11	absent			-7.354194117		確認/訴訟	2.09661153	確認/訴訟	2.09661153	確認訴訟	確認訴訟	確認/訴訟	確認/訴訟	False	True	1		phrase.law.tsv	129	
磁振	ㄘˊ ㄓㄣˋ	醫學	1	15	absent			-7.354194117						詞鎮	詞鎮	詞/鎮	詞/鎮	False	False	1		phrase.medicine.tsv	170	
磁碟鑑識	ㄘˊ ㄉㄧㄝˊ ㄐㄧㄢˋ ㄕˋ	網路資安	1	10	absent			-7.354194117		磁碟/見識	3.259967632	磁碟/見識	3.259967632	磁碟鑑識	磁碟鑑識	磁碟/鑑識	磁碟/鑑識	False	True	1		phrase.network-security.tsv	112	
磁粒檢測	ㄘˊ ㄌㄧˋ ㄐㄧㄢˇ ㄘㄜˋ	製造機械	1	11	absent			-7.354194117		磁力/檢測	4.330530199	磁力/檢測	4.330530199	詞例檢測	磁粒檢測	詞/例/檢測	磁粒檢測	True	True	1		phrase.manufacturing.tsv	96	
磁通量	ㄘˊ ㄊㄨㄥ ㄌㄧㄤˋ	科學	1	11	absent			-7.354194117						詞通量	磁通量	詞/通量	磁通量	True	True	1		phrase.science.tsv	54	
磁阻式	ㄘˊ ㄗㄨˇ ㄕˋ	晶片半導體	1	11	absent			-7.354194117						詞組是	磁阻式	詞/組/是	磁阻式	True	True	1		phrase.semiconductor.tsv	116	
磨床	ㄇㄛˊ ㄔㄨㄤˊ	製造機械	1	14	0			-7.354194117						磨床	磨床	磨/床	磨/床	False	True	1		phrase.manufacturing.tsv	97	
磨玻璃結節	ㄇㄛˊ ㄅㄛ ㄌㄧˊ ㄐㄧㄝˊ ㄐㄧㄝˊ	醫學	1	3	absent			-7.354194117						磨玻璃結節	磨玻璃結節	磨/玻璃/結節	磨玻璃結節	False	True	1		phrase.medicine.tsv	171	
礦人道士	ㄎㄨㄤˋ ㄖㄣˊ ㄉㄠˋ ㄕˋ	動漫	1	11	absent			-7.354194117						況人到是	礦人道士	況/人/到/是	礦人道士	True	True	1		phrase.anime.tsv	1682	
示現	ㄕˋ ㄒㄧㄢˋ	中文	1	12	absent	釋憲|視線	-5.371922884	-7.354194117	-1.982271233			釋憲	-1.982271233	視線	視線	視線	視線	False	False	3	視線|釋憲	phrase.chinese.tsv	101	
社交工程	ㄕㄜˋ ㄐㄧㄠ ㄍㄨㄥ ㄔㄥˊ	網路資安	1	11	absent			-7.354194117		社交/工程	1.783766771	社交/工程	1.783766771	社交工程	社交工程	社交/工程	社交工程	False	True	1		phrase.network-security.tsv	113	
社會分層	ㄕㄜˋ ㄏㄨㄟˋ ㄈㄣ ㄘㄥˊ	心理社會	1	13	absent			-7.354194117		社會/分層	2.294017743	社會/分層	2.294017743	社會分層	社會分層	社會/分層	社會/分層	False	True	1		phrase.psychology-society.tsv	52	
社會助長	ㄕㄜˋ ㄏㄨㄟˋ ㄓㄨˋ ㄓㄤˇ	心理社會	1	13	absent			-7.354194117		社會/助長	1.579535573	社會/助長	1.579535573	社會助長	社會助長	社會/助長	社會/助長	False	True	1		phrase.psychology-society.tsv	53	
社會史	ㄕㄜˋ ㄏㄨㄟˋ ㄕˇ	歷史	1	13	absent			-7.354194117						社會使	社會使	社會/使	社會/使	False	False	1		phrase.history.tsv	119	
社會學習	ㄕㄜˋ ㄏㄨㄟˋ ㄒㄩㄝˊ ㄒㄧˊ	心理社會	1	11	absent			-7.354194117		社會/學習	-0.133527377	社會/學習	-0.133527377	社會學習	社會學習	社會/學習	社會/學習	False	True	1		phrase.psychology-society.tsv	54	
社會建構論	ㄕㄜˋ ㄏㄨㄟˋ ㄐㄧㄢˋ ㄍㄡˋ ㄌㄨㄣˋ	心理社會	1	6	absent			-7.354194117						社會建構論	社會建構論	社會/建構/論	社會建構論	False	True	1		phrase.psychology-society.tsv	55	
社會懈怠	ㄕㄜˋ ㄏㄨㄟˋ ㄒㄧㄝˋ ㄉㄞˋ	心理社會	1	13	absent			-7.354194117		社會/懈怠	2.013191134	社會/懈怠	2.013191134	社會懈怠	社會懈怠	社會/懈怠	社會/懈怠	False	True	1		phrase.psychology-society.tsv	56	
社會控制	ㄕㄜˋ ㄏㄨㄟˋ ㄎㄨㄥˋ ㄓˋ	心理社會	1	14	absent			-7.354194117		社會/控制	0.127237902	社會/控制	0.127237902	社會控制	社會控制	社會/控制	社會/控制	False	True	1		phrase.psychology-society.tsv	57	
社會政策	ㄕㄜˋ ㄏㄨㄟˋ ㄓㄥˋ ㄘㄜˋ	心理社會	1	13	absent			-7.354194117		社會/政策	-0.214940244	社會/政策	-0.214940244	社會政策	社會政策	社會/政策	社會/政策	False	True	1		phrase.psychology-society.tsv	58	
社會救助	ㄕㄜˋ ㄏㄨㄟˋ ㄐㄧㄡˋ ㄓㄨˋ	心理社會	1	13	absent			-7.354194117		社會/救助	1.344184353	社會/救助	1.344184353	社會救助	社會救助	社會/救助	社會/救助	False	True	1		phrase.psychology-society.tsv	59	
社會流動	ㄕㄜˋ ㄏㄨㄟˋ ㄌㄧㄡˊ ㄉㄨㄥˋ	心理社會	1	13	absent			-7.354194117		社會/流動	0.960662082	社會/流動	0.960662082	社會流動	社會流動	社會/流動	社會/流動	False	True	1		phrase.psychology-society.tsv	60	
社會結構	ㄕㄜˋ ㄏㄨㄟˋ ㄐㄧㄝˊ ㄍㄡˋ	歷史	1	11	absent			-7.354194117		社會/結構	0.110359732	社會/結構	0.110359732	社會結構	社會結構	社會/結構	社會/結構	False	True	1		phrase.history.tsv	120	
社會語言學	ㄕㄜˋ ㄏㄨㄟˋ ㄩˇ ㄧㄢˊ ㄒㄩㄝˊ	中文	1	6	absent			-7.354194117		社會/語言學	1.322573204	社會/語言學	1.322573204	社會語言學	社會語言學	社會/語言學	社會/語言學	False	True	1		phrase.chinese.tsv	102	
社會運動	ㄕㄜˋ ㄏㄨㄟˋ ㄩㄣˋ ㄉㄨㄥˋ	心理社會	1	13	absent			-7.354194117		社會/運動	-0.220288466	社會/運動	-0.220288466	社會運動	社會運動	社會/運動	社會/運動	False	True	1		phrase.psychology-society.tsv	62	
社群平台	ㄕㄜˋ ㄑㄩㄣˊ ㄆㄧㄥˊ ㄊㄞˊ	一般	1	35	absent			-7.354194117		社群/平台	1.833690934	社群/平台	1.833690934	社群平台	社群平台	社群/平台	社群/平台	False	True	1		phrase.general.tsv	101	
神之一手	ㄕㄣˊ ㄓ ㄧ ㄕㄡˇ	動漫	1	13	absent			-7.354194117						什之一手	神之一手	什/之一/手	神之一手	True	True	1		phrase.anime.tsv	1683	
神之塔	ㄕㄣˊ ㄓ ㄊㄚˇ	動漫	1	22	absent			-7.354194117						什之塔	神之塔	什/之/塔	神之塔	True	True	1		phrase.anime.tsv	1684	
神仙鄉	ㄕㄣˊ ㄒㄧㄢ ㄒㄧㄤ	動漫	1	12	absent			-7.354194117						神仙相	神仙鄉	神仙/相	神仙鄉	True	True	1		phrase.anime.tsv	1685	
神代愛依	ㄕㄣˊ ㄉㄞˋ ㄞˋ ㄧ	動漫	1	12	absent			-7.354194117						什代愛一	神代愛依	什/代/愛/一	神代愛依	True	True	1		phrase.anime.tsv	1686	
神劍闖江湖	ㄕㄣˊ ㄐㄧㄢˋ ㄔㄨㄤˇ ㄐㄧㄤ ㄏㄨˊ	動漫	1	24	absent			-7.354194117						神劍搶江湖	神劍闖江湖	神劍/搶/江湖	神劍闖江湖	True	True	1		phrase.anime.tsv	1687	
神官長	ㄕㄣˊ ㄍㄨㄢ ㄓㄤˇ	動漫	1	10	absent			-7.354194117						什關長	神官長	什/關/長	神官長	True	True	1		phrase.anime.tsv	1688	
神尾觀鈴	ㄕㄣˊ ㄨㄟˇ ㄍㄨㄢ ㄌㄧㄥˊ	動漫	1	15	absent			-7.354194117						什委關靈	神尾觀鈴	什/委/關/靈	神尾觀鈴	True	True	1		phrase.anime.tsv	1689	
神崎蘭子	ㄕㄣˊ ㄑㄧˊ ㄌㄢˊ ㄗ˙	動漫	1	12	absent			-7.354194117		神奇/籃子	3.417680375	神奇/籃子	3.417680375	神奇籃子	神崎蘭子	神奇/籃子	神崎蘭子	True	True	1		phrase.anime.tsv	1690	
神崎麗美	ㄕㄣˊ ㄑㄧˊ ㄌㄧˋ ㄇㄟˇ	動漫	1	13	absent			-7.354194117						神奇力美	神崎麗美	神奇/力/美	神崎麗美	True	True	1		phrase.anime.tsv	1691	
神樂	ㄕㄣˊ ㄌㄜˋ	動漫	1	18	absent			-7.354194117						什樂	什樂	什/樂	什/樂	False	False	1		phrase.anime.tsv	1692	
神樂光	ㄕㄣˊ ㄌㄜˋ ㄍㄨㄤ	動漫	1	15	absent			-7.354194117						什樂光	神樂光	什/樂/光	神樂光	True	True	1		phrase.anime.tsv	1693	
神田優	ㄕㄣˊ ㄊㄧㄢˊ ㄧㄡ	動漫	1	15	absent			-7.354194117						什田優	神田優	什/田/優	神田優	True	True	1		phrase.anime.tsv	1694	
神田沙希	ㄕㄣˊ ㄊㄧㄢˊ ㄕㄚ ㄒㄧ	動漫	1	15	absent			-7.354194117						什田殺西	神田沙希	什/田/殺/西	神田沙希	True	True	1		phrase.anime.tsv	1695	
神眉	ㄕㄣˊ ㄇㄟˊ	動漫	1	21	absent			-7.354194117						什沒	什沒	什/沒	什/沒	False	False	1		phrase.anime.tsv	1696	
神神迴	ㄕㄣˊ ㄕㄣˊ ㄏㄨㄟˊ	動漫	1	12	absent			-7.354194117						什什回	神神迴	什/什/回	神神迴	True	True	1		phrase.anime.tsv	1697	
神經科學	ㄕㄣˊ ㄐㄧㄥ ㄎㄜ ㄒㄩㄝˊ	科學	1	10	absent			-7.354194117		神經/科學	1.157251475	神經/科學	1.157251475	神經科學	神經科學	神經科/學	神經科/學	False	True	1		phrase.science.tsv	55	
神經網路	ㄕㄣˊ ㄐㄧㄥ ㄨㄤˇ ㄌㄨˋ	AI資料科學	1	13	absent			-7.354194117		神經/網路	0.830574447	神經/網路	0.830574447	神經網路	神經網路	神經/網路	神經/網路	False	True	1		phrase.ai-data-science.tsv	122	
神裂火織	ㄕㄣˊ ㄌㄧㄝˋ ㄏㄨㄛˇ ㄓ	動漫	1	12	absent			-7.354194117						什烈火之	神裂火織	什/烈火/之	神裂火織	True	True	1		phrase.anime.tsv	1698	
神谷望	ㄕㄣˊ ㄍㄨˇ ㄨㄤˋ	動漫	1	11	absent			-7.354194117						什古望	神谷望	什/古/望	神谷望	True	True	1		phrase.anime.tsv	1699	
神谷薰	ㄕㄣˊ ㄍㄨˇ ㄒㄩㄣ	動漫	1	19	absent			-7.354194117						什古勳	神谷薰	什/古/勳	神谷薰	True	True	1		phrase.anime.tsv	1700	
神野惠	ㄕㄣˊ ㄧㄝˇ ㄏㄨㄟˋ	動漫	1	11	absent			-7.354194117						什也會	神野惠	什/也會	神野惠	True	True	1		phrase.anime.tsv	1701	
神隱少女	ㄕㄣˊ ㄧㄣˇ ㄕㄠˋ ㄋㄩˇ	動漫	1	28	absent			-7.354194117						什引少女	神隱少女	什/引/少女	神隱少女	True	True	1		phrase.anime.tsv	1702	
福星小子	ㄈㄨˊ ㄒㄧㄥ ㄒㄧㄠˇ ㄗ˙	動漫	1	22	absent			-7.354194117		福星/小子	4.157465395	福星/小子	4.157465395	福星小子	福星小子	福星/小子	福星小子	False	True	1		phrase.anime.tsv	1704	
福羅倫斯	ㄈㄨˊ ㄌㄨㄛˊ ㄌㄨㄣˊ ㄙ	動漫	1	21	absent			-7.354194117						伏羅輪司	福羅倫斯	伏/羅/輪/司	福羅倫斯	True	True	1		phrase.anime.tsv	1707	
福部里志	ㄈㄨˊ ㄅㄨˋ ㄌㄧˇ ㄓˋ	動漫	1	17	absent			-7.354194117		服部/理智	4.78016285	服部/理智	4.78016285	伏不理智	福部里志	伏/不/理智	福部里志	True	True	1		phrase.anime.tsv	1708	
禮樂制度	ㄌㄧˇ ㄩㄝˋ ㄓˋ ㄉㄨˋ	歷史	1	10	absent			-7.354194117		禮樂/制度	2.36389523	禮樂/制度	2.36389523	禮樂制度	禮樂制度	禮樂/制度	禮樂/制度	False	True	1		phrase.history.tsv	121	
私募基金	ㄙ ㄇㄨˋ ㄐㄧ ㄐㄧㄣ	財會金融	1	12	absent			-7.354194117		思慕/基金	3.255896581	思慕/基金	3.255896581	私募基金	私募基金	私/募/基金	私募基金	False	True	1		phrase.finance.tsv	111	
私募股權	ㄙ ㄇㄨˋ ㄍㄨˇ ㄑㄩㄢˊ	財會金融	1	12	absent			-7.354194117		思慕/股權	4.78016285	思慕/股權	4.78016285	私募股權	私募股權	私/募/股權	私募股權	False	True	1		phrase.finance.tsv	112	
秋名山	ㄑㄧㄡ ㄇㄧㄥˊ ㄕㄢ	動漫	1	14	absent			-7.354194117						秋明山	秋名山	秋/明/山	秋名山	True	True	1		phrase.anime.tsv	1710	
秋山澪	ㄑㄧㄡ ㄕㄢ ㄌㄧㄥˊ	動漫	1	19	absent			-7.354194117						秋山陵	秋山澪	秋/山陵	秋山澪	True	True	1		phrase.anime.tsv	1711	
秋本麗子	ㄑㄧㄡ ㄅㄣˇ ㄌㄧˋ ㄗ˙	動漫	1	18	absent			-7.354194117						秋本例子	秋本麗子	秋/本/例子	秋本麗子	True	True	1		phrase.anime.tsv	1712	
秋樽櫻備	ㄑㄧㄡ ㄗㄨㄣ ㄧㄥ ㄅㄟˋ	動漫	1	15	absent			-7.354194117						秋尊應被	秋樽櫻備	秋/尊/應/被	秋樽櫻備	True	True	1		phrase.anime.tsv	1713	
秋瀨或	ㄑㄧㄡ ㄌㄞˋ ㄏㄨㄛˋ	動漫	1	13	absent			-7.354194117						秋來或	秋瀨或	秋/來/或	秋瀨或	True	True	1		phrase.anime.tsv	1714	
科塞特斯	ㄎㄜ ㄙㄜˋ ㄊㄜˋ ㄙ	動漫	1	13	absent			-7.354194117						科色特司	科塞特斯	科/色/特/司	科塞特斯	True	True	1		phrase.anime.tsv	1715	
科學革命	ㄎㄜ ㄒㄩㄝˊ ㄍㄜˊ ㄇㄧㄥˋ	歷史	1	12	absent			-7.354194117		科學/革命	0.986479725	科學/革命	0.986479725	科學革命	科學革命	科學/革命	科學/革命	False	True	1		phrase.history.tsv	122	
秘銀	ㄇㄧˋ ㄧㄣˊ	動漫	1	12	absent			-7.354194117						日銀	秘銀	日/銀	秘銀	True	True	1		phrase.anime.tsv	1717	
租借女友	ㄗㄨ ㄐㄧㄝˋ ㄋㄩˇ ㄧㄡˇ	動漫	1	20	absent			-7.354194117		租界/女友	3.038643583	租界/女友	3.038643583	租借女友	租借女友	租借/女友	租借女友	False	True	1		phrase.anime.tsv	1718	
租庸調制	ㄗㄨ ㄩㄥ ㄉㄧㄠˋ ㄓˋ	歷史	1	11	absent			-7.354194117						租擁調至	租庸調制	租/擁/調至	租庸調制	True	True	1		phrase.history.tsv	123	
租賃負債	ㄗㄨ ㄌㄧㄣˋ ㄈㄨˋ ㄓㄞˋ	財會金融	1	10	absent			-7.354194117		租賃/負債	3.901641054	租賃/負債	3.901641054	租賃負債	租賃負債	租賃/負債	租賃/負債	False	True	1		phrase.finance.tsv	113	
秦漢時期	ㄑㄧㄣˊ ㄏㄢˋ ㄕˊ ㄑㄧˊ	歷史	1	10	absent			-7.354194117		秦漢/時期	2.783884732	秦漢/時期	2.783884732	秦漢時期	秦漢時期	秦漢/時期	秦漢時期	False	True	1		phrase.history.tsv	125	
移動城堡	ㄧˊ ㄉㄨㄥˋ ㄔㄥˊ ㄅㄠˇ	動漫	1	27	absent			-7.354194117		移動/城堡	2.494383575	移動/城堡	2.494383575	移動城堡	移動城堡	移動/城堡	移動城堡	False	True	1		phrase.anime.tsv	1719	
移動污染源	ㄧˊ ㄉㄨㄥˋ ㄨ ㄖㄢˇ ㄩㄢˊ	環境能源	1	4	absent			-7.354194117		移動/污染源	3.106662731	移動/污染源	3.106662731	移動污染源	移動污染源	移動/污染源	移動/污染源	False	True	1		phrase.energy-environment.tsv	101	
移民實邊	ㄧˊ ㄇㄧㄣˊ ㄕˊ ㄅㄧㄢ	歷史	1	11	absent			-7.354194117						移民時邊	移民實邊	移民/時/邊	移民實邊	True	True	1		phrase.history.tsv	126	
移覺	ㄧˊ ㄐㄩㄝˊ	中文	1	12	absent			-7.354194117						一覺	一覺	一/覺	一/覺	False	False	1		phrase.chinese.tsv	103	
稀咲鐵太	ㄒㄧ ㄒㄧㄠˋ ㄊㄧㄝˇ ㄊㄞˋ	動漫	1	11	absent			-7.354194117						西校鐵太	稀咲鐵太	西/校/鐵/太	稀咲鐵太	True	True	1		phrase.anime.tsv	1720	
稅前淨利	ㄕㄨㄟˋ ㄑㄧㄢˊ ㄐㄧㄥˋ ㄌㄧˋ	財會金融	1	12	absent			-7.354194117		睡前/淨利	4.844991595	睡前/淨利	4.844991595	睡前淨利	稅前淨利	睡前/淨利	稅前淨利	True	True	1		phrase.finance.tsv	115	
稅務會計	ㄕㄨㄟˋ ㄨˋ ㄎㄨㄞˋ ㄐㄧˋ	財會金融	1	10	absent			-7.354194117		稅務/會計	2.992825195	稅務/會計	2.992825195	稅務會計	稅務會計	稅務/會計	稅務/會計	False	True	1		phrase.finance.tsv	116	
程序記憶	ㄔㄥˊ ㄒㄩˋ ㄐㄧˋ ㄧˋ	心理社會	1	11	absent			-7.354194117		程序/記憶	1.385156747	程序/記憶	1.385156747	程序記憶	程序記憶	程序/記憶	程序/記憶	False	True	1		phrase.psychology-society.tsv	63	
種子學	ㄓㄨㄥˇ ㄗˇ ㄒㄩㄝˊ	農業食品	1	9	absent			-7.354194117						種子學	種子學	種子/學	種子/學	False	True	1		phrase.agriculture-food.tsv	40	
種村小依	ㄓㄨㄥˇ ㄘㄨㄣ ㄒㄧㄠˇ ㄧ	動漫	1	10	absent			-7.354194117						種村小一	種村小依	種/村/小/一	種村小依	True	True	1		phrase.anime.tsv	1721	
稻田多摩子	ㄉㄠˋ ㄊㄧㄢˊ ㄉㄨㄛ ㄇㄛˊ ㄗ˙	動漫	1	12	absent			-7.354194117						稻田多模子	稻田多摩子	稻田/多/模/子	稻田多摩子	True	True	1		phrase.anime.tsv	1722	
稻葉鄉子	ㄉㄠˋ ㄧㄝˋ ㄒㄧㄤ ㄗ˙	動漫	1	14	absent			-7.354194117						到業箱子	稻葉鄉子	到/業/箱子	稻葉鄉子	True	True	1		phrase.anime.tsv	1723	
稼動率分析	ㄐㄧㄚˋ ㄉㄨㄥˋ ㄌㄩˋ ㄈㄣ ㄒㄧ	製造機械	1	16	absent			-7.354194117						價動率分析	稼動率分析	價/動/率/分析	稼動率分析	True	True	1		phrase.manufacturing.tsv	98	
稽催	ㄐㄧ ㄘㄨㄟ	公務員公文	1	22	absent			-7.354194117						機催	稽催	機/催	稽催	True	True	1		phrase.government.tsv	53	
稽核案件	ㄐㄧ ㄏㄜˊ ㄢˋ ㄐㄧㄢˋ	公務員公文	1	15	absent			-7.354194117		稽核/案件	2.800602336	稽核/案件	2.800602336	稽核案件	稽核案件	稽核/案件	稽核/案件	False	True	1		phrase.government.tsv	54	
穆拉福拉卡	ㄇㄨˋ ㄌㄚ ㄈㄨˊ ㄌㄚ ㄎㄚˇ	動漫	1	11	absent			-7.354194117						木拉服拉卡	穆拉福拉卡	木/拉/服/拉/卡	穆拉福拉卡	True	True	1		phrase.anime.tsv	1724	
穆斯卡	ㄇㄨˋ ㄙ ㄎㄚˇ	動漫	1	17	absent			-7.354194117						木司卡	穆斯卡	木/司/卡	穆斯卡	True	True	1		phrase.anime.tsv	1725	
積分控制	ㄐㄧ ㄈㄣ ㄎㄨㄥˋ ㄓˋ	電子電機	1	11	absent			-7.354194117		積分/控制	2.237536572	積分/控制	2.237536572	積分控制	積分控制	積分/控制	積分/控制	False	True	1		phrase.electronics.tsv	151	
積層製造	ㄐㄧ ㄘㄥˊ ㄓˋ ㄗㄠˋ	製造機械	1	12	absent			-7.354194117		基層/製造	1.536727913	基層/製造	1.536727913	基層製造	積層製造	基層/製造	積層製造	True	True	1		phrase.manufacturing.tsv	99	
穩壓器	ㄨㄣˇ ㄧㄚ ㄑㄧˋ	電子電機	1	11	absent			-7.354194117						穩壓器	穩壓器	穩/壓/器	穩壓器	False	True	1		phrase.electronics.tsv	152	
穩定分析	ㄨㄣˇ ㄉㄧㄥˋ ㄈㄣ ㄒㄧ	建築土木	1	13	absent			-7.354194117		穩定/分析	0.975132744	穩定/分析	0.975132744	穩定分析	穩定分析	穩定/分析	穩定/分析	False	True	1		phrase.civil-engineering.tsv	175	
穩態濃度	ㄨㄣˇ ㄊㄞˋ ㄋㄨㄥˊ ㄉㄨˋ	生技藥學	1	11	absent			-7.354194117						穩態濃度	穩態濃度	穩/態/濃度	穩態濃度	False	True	1		phrase.biotech-pharma.tsv	66	
穩態響應	ㄨㄣˇ ㄊㄞˋ ㄒㄧㄤˇ ㄧㄥˋ	電子電機	1	11	absent			-7.354194117						穩態響應	穩態響應	穩/態/響應	穩態響應	False	True	1		phrase.electronics.tsv	153	
空之境界	ㄎㄨㄥ ㄓ ㄐㄧㄥˋ ㄐㄧㄝˋ	動漫	1	22	absent			-7.354194117						空之境界	空之境界	空/之/境界	空之境界	False	True	1		phrase.anime.tsv	1726	
空條徐倫	ㄎㄨㄥ ㄊㄧㄠˊ ㄒㄩˊ ㄌㄨㄣˊ	動漫	1	12	absent			-7.354194117						空調徐輪	空條徐倫	空調/徐/輪	空條徐倫	True	True	1		phrase.anime.tsv	1727	
空條承太郎	ㄎㄨㄥ ㄊㄧㄠˊ ㄔㄥˊ ㄊㄞˋ ㄌㄤˊ	動漫	1	18	absent			-7.354194117						空調成太郎	空條承太郎	空調/成/太郎	空條承太郎	True	True	1		phrase.anime.tsv	1728	
空氣斷路器	ㄎㄨㄥ ㄑㄧˋ ㄉㄨㄢˋ ㄌㄨˋ ㄑㄧˋ	電子電機	1	4	absent			-7.354194117						空氣斷路器	空氣斷路器	空氣/斷路/器	空氣斷路器	False	True	1		phrase.electronics.tsv	154	
空污	ㄎㄨㄥ ㄨ	環境能源	1	12	absent	空屋	-5.730944827	-7.354194117	-1.62324929			空屋	-1.62324929	空屋	空屋	空屋	空屋	False	False	2	空屋	phrase.energy-environment.tsv	106	
空運提單	ㄎㄨㄥ ㄩㄣˋ ㄊㄧˊ ㄉㄢ	交通物流	1	10	absent			-7.354194117		空運/提單	5.183932402	空運/提單	5.183932402	空運提單	空運提單	空運/提/單	空運提單	False	True	1		phrase.transport-logistics.tsv	73	
空運物流	ㄎㄨㄥ ㄩㄣˋ ㄨˋ ㄌㄧㄡˊ	交通物流	1	10	absent			-7.354194117		空運/物流	3.729087542	空運/物流	3.729087542	空運物流	空運物流	空運/物流	空運/物流	False	True	1		phrase.transport-logistics.tsv	74	
空銀子	ㄎㄨㄥ ㄧㄣˊ ㄗ˙	動漫	1	13	absent			-7.354194117						空銀子	空銀子	空/銀子	空銀子	False	True	1		phrase.anime.tsv	1729	
空間設計	ㄎㄨㄥ ㄐㄧㄢ ㄕㄜˋ ㄐㄧˋ	媒體設計	1	13	absent			-7.354194117		空間/設計	0.080772374	空間/設計	0.080772374	空間設計	空間設計	空間/設計	空間/設計	False	True	1		phrase.media-design.tsv	68	
空間轉錄體	ㄎㄨㄥ ㄐㄧㄢ ㄓㄨㄢˇ ㄌㄨˋ ㄊㄧˇ	生技藥學	1	5	absent			-7.354194117						空間轉錄體	空間轉錄體	空間/轉錄/體	空間轉錄體	False	True	1		phrase.biotech-pharma.tsv	67	
穿透式	ㄔㄨㄢ ㄊㄡˋ ㄕˋ	材料化工	1	9	absent			-7.354194117						穿透是	穿透是	穿透/是	穿透/是	False	False	1		phrase.materials-chemistry.tsv	77	
窪谷須亞蓮	ㄨㄚ ㄍㄨˇ ㄒㄩ ㄧㄚˇ ㄌㄧㄢˊ	動漫	1	11	absent			-7.354194117						哇古需亞連	窪谷須亞蓮	哇/古/需/亞/連	窪谷須亞蓮	True	True	1		phrase.anime.tsv	1731	
竈門炭治郎	ㄗㄠˋ ㄇㄣˊ ㄊㄢˋ ㄓˋ ㄌㄤˊ	動漫	1	25	absent			-7.354194117						灶們探至郎	竈門炭治郎	灶/們/探/至/郎	竈門炭治郎	True	True	1		phrase.anime.tsv	1732	
竈門禰豆子	ㄗㄠˋ ㄇㄣˊ ㄇㄧˊ ㄉㄡˋ ㄗˇ	動漫	1	22	absent			-7.354194117						灶們迷鬥子	竈門禰豆子	灶/們/迷/鬥/子	竈門禰豆子	True	True	1		phrase.anime.tsv	1733	
立花瀧	ㄌㄧˋ ㄏㄨㄚ ㄌㄨㄥˊ	動漫	1	25	absent			-7.354194117						立花龍	立花瀧	立/花/龍	立花瀧	True	True	1		phrase.anime.tsv	1734	
立華奏	ㄌㄧˋ ㄏㄨㄚˊ ㄗㄡˋ	動漫	1	16	absent			-7.354194117						立華奏	立華奏	立/華/奏	立華奏	False	True	1		phrase.anime.tsv	1735	
立野廣	ㄌㄧˋ ㄧㄝˇ ㄍㄨㄤˇ	動漫	1	16	absent			-7.354194117						立也廣	立野廣	立/也/廣	立野廣	True	True	1		phrase.anime.tsv	1736	
端請求偽造	ㄉㄨㄢ ㄑㄧㄥˇ ㄑㄧㄡˊ ㄨㄟˋ ㄗㄠˋ	網路資安	1	2	absent			-7.354194117						端請求偽造	端請求偽造	端/請求/偽造	端請求偽造	False	True	1		phrase.network-security.tsv	118	
端點稽核	ㄉㄨㄢ ㄉㄧㄢˇ ㄐㄧ ㄏㄜˊ	網路資安	1	10	absent			-7.354194117		端點/稽核	4.793092734	端點/稽核	4.793092734	端點稽核	端點稽核	端點/稽核	端點/稽核	False	True	1		phrase.network-security.tsv	120	
競技歌牌	ㄐㄧㄥˋ ㄐㄧˋ ㄍㄜ ㄆㄞˊ	動漫	1	12	absent			-7.354194117						競技歌排	競技歌牌	競技/歌/排	競技歌牌	True	True	1		phrase.anime.tsv	1737	
競爭條件	ㄐㄧㄥˋ ㄓㄥ ㄊㄧㄠˊ ㄐㄧㄢˋ	網路資安	1	12	absent			-7.354194117		競爭/條件	0.719281763	競爭/條件	0.719281763	競爭條件	競爭條件	競爭/條件	競爭/條件	False	True	1		phrase.network-security.tsv	121	
竹本祐太	ㄓㄨˊ ㄅㄣˇ ㄧㄡˋ ㄊㄞˋ	動漫	1	18	absent			-7.354194117						逐本又太	竹本祐太	逐/本/又/太	竹本祐太	True	True	1		phrase.anime.tsv	1738	
笑面男	ㄒㄧㄠˋ ㄇㄧㄢˋ ㄋㄢˊ	動漫	1	12	absent			-7.354194117						笑面南	笑面男	笑/面/南	笑面男	True	True	1		phrase.anime.tsv	1739	
笠原匡	ㄌㄧˋ ㄩㄢˊ ㄎㄨㄤ	動漫	1	13	absent			-7.354194117						立員框	笠原匡	立/員/框	笠原匡	True	True	1		phrase.anime.tsv	1740	
符號互動論	ㄈㄨˊ ㄏㄠˋ ㄏㄨˋ ㄉㄨㄥˋ ㄌㄨㄣˋ	心理社會	1	4	absent			-7.354194117						符號互動論	符號互動論	符號/互動/論	符號互動論	False	True	1		phrase.psychology-society.tsv	64	
第一期	ㄉㄧˋ ㄧ ㄑㄧ	生技藥學	1	13	absent			-7.354194117						第一七	第一七	第一/七	第一/七	False	False	1		phrase.biotech-pharma.tsv	68	
第一神拳	ㄉㄧˋ ㄧ ㄕㄣˊ ㄑㄩㄢˊ	動漫	1	20	absent			-7.354194117		第一/神權	2.496958142	第一/神權	2.496958142	第一什全	第一神拳	第一/什/全	第一神拳	True	True	1		phrase.anime.tsv	1742	
第三人	ㄉㄧˋ ㄙㄢ ㄖㄣˊ	法律	1	4	absent			-7.354194117						第三人	第三人	第三/人	第三/人	False	True	1		phrase.law.tsv	131	
第三審	ㄉㄧˋ ㄙㄢ ㄕㄣˇ	法律	1	12	absent			-7.354194117						第三審	第三審	第三/審	第三/審	False	True	1		phrase.law.tsv	132	
第二十五夜	ㄉㄧˋ ㄦˋ ㄕˊ ㄨˇ ㄧㄝˋ	動漫	1	20	absent			-7.354194117		第二十/午夜	3.144813165	第二十/午夜	3.144813165	第二十五業	第二十五夜	第二十五/業	第二十五夜	True	True	1		phrase.anime.tsv	1743	
第二期	ㄉㄧˋ ㄦˋ ㄑㄧ	生技藥學	1	12	absent			-7.354194117						第二七	第二七	第二/七	第二/七	False	False	1		phrase.biotech-pharma.tsv	70	
第四期	ㄉㄧˋ ㄙˋ ㄑㄧ	生技藥學	1	11	absent			-7.354194117						第四七	第四七	第四/七	第四/七	False	False	1		phrase.biotech-pharma.tsv	71	
笹塚衛士	ㄕˋ ㄓㄨㄥˇ ㄨㄟˋ ㄕˋ	動漫	1	13	absent			-7.354194117						是種為是	笹塚衛士	是/種/為/是	笹塚衛士	True	True	1		phrase.anime.tsv	1744	
等價交換	ㄉㄥˇ ㄐㄧㄚˋ ㄐㄧㄠ ㄏㄨㄢˋ	動漫	1	15	absent			-7.354194117		等價/交換	2.979225931	等價/交換	2.979225931	等價交換	等價交換	等價/交換	等價交換	False	True	1		phrase.anime.tsv	1745	
等壓過程	ㄉㄥˇ ㄧㄚ ㄍㄨㄛˋ ㄔㄥˊ	科學	1	10	absent			-7.354194117		等壓/過程	3.241723178	等壓/過程	3.241723178	等壓過程	等壓過程	等/壓/過程	等壓過程	False	True	1		phrase.science.tsv	56	
等容過程	ㄉㄥˇ ㄖㄨㄥˊ ㄍㄨㄛˋ ㄔㄥˊ	科學	1	13	absent			-7.354194117						等容過程	等容過程	等/容/過程	等容過程	False	True	1		phrase.science.tsv	57	
等溫過程	ㄉㄥˇ ㄨㄣ ㄍㄨㄛˋ ㄔㄥˊ	科學	1	10	absent			-7.354194117		等溫/過程	3.843783169	等溫/過程	3.843783169	等溫過程	等溫過程	等/溫/過程	等溫過程	False	True	1		phrase.science.tsv	58	
等電位連接	ㄉㄥˇ ㄉㄧㄢˋ ㄨㄟˋ ㄌㄧㄢˊ ㄐㄧㄝ	電子電機	1	6	absent			-7.354194117						等電位連接	等電位連接	等/電/位/連接	等電位連接	False	True	1		phrase.electronics.tsv	155	
等韻	ㄉㄥˇ ㄩㄣˋ	中文	1	13	absent			-7.354194117						等韻	等韻	等/韻	等/韻	False	True	1		phrase.chinese.tsv	104	
策略性採購	ㄘㄜˋ ㄌㄩㄝˋ ㄒㄧㄥˋ ㄘㄞˇ ㄍㄡˋ	商業	1	4	absent			-7.354194117		策略性/採購	3.046740869	策略性/採購	3.046740869	策略性採購	策略性採購	策略性/採購	策略性/採購	False	True	1		phrase.business.tsv	146	
管式反應器	ㄍㄨㄢˇ ㄕˋ ㄈㄢˇ ㄧㄥˋ ㄑㄧˋ	材料化工	1	5	absent			-7.354194117		管事/反應器	5.04456395	管事/反應器	5.04456395	館是反應器	管式反應器	館/是/反應器	管式反應器	True	True	1		phrase.materials-chemistry.tsv	78	
管理會計	ㄍㄨㄢˇ ㄌㄧˇ ㄎㄨㄞˋ ㄐㄧˋ	財會金融	1	12	absent			-7.354194117		管理/會計	1.193587546	管理/會計	1.193587546	管理會計	管理會計	管理/會計	管理/會計	False	True	1		phrase.finance.tsv	117	
箱根驛傳	ㄒㄧㄤ ㄍㄣ ㄧˋ ㄔㄨㄢˊ	動漫	1	12	absent			-7.354194117		箱根/一船	6.576042867	箱根/一船	6.576042867	箱跟一傳	箱根驛傳	箱/跟/一/傳	箱根驛傳	True	True	1		phrase.anime.tsv	1748	
節拍時間	ㄐㄧㄝˊ ㄆㄞ ㄕˊ ㄐㄧㄢ	製造機械	1	11	absent			-7.354194117		節拍/時間	2.062587758	節拍/時間	2.062587758	節拍時間	節拍時間	節拍/時間	節拍時間	False	True	1		phrase.manufacturing.tsv	100	
節能診斷	ㄐㄧㄝˊ ㄋㄥˊ ㄓㄣˇ ㄉㄨㄢˋ	環境能源	1	12	absent			-7.354194117						截能診斷	節能診斷	截/能/診斷	節能診斷	True	True	1		phrase.energy-environment.tsv	107	
範疇一排放	ㄈㄢˋ ㄔㄡˊ ㄧ ㄆㄞˊ ㄈㄤˋ	環境能源	1	3	absent			-7.354194117						範疇一排放	範疇一排放	範疇/一/排放	範疇一排放	False	True	1		phrase.energy-environment.tsv	108	
範疇三排放	ㄈㄢˋ ㄔㄡˊ ㄙㄢ ㄆㄞˊ ㄈㄤˋ	環境能源	1	3	absent			-7.354194117						範疇三排放	範疇三排放	範疇/三/排放	範疇三排放	False	True	1		phrase.energy-environment.tsv	109	
範疇二排放	ㄈㄢˋ ㄔㄡˊ ㄦˋ ㄆㄞˊ ㄈㄤˋ	環境能源	1	3	absent			-7.354194117						範疇二排放	範疇二排放	範疇/二/排放	範疇二排放	False	True	1		phrase.energy-environment.tsv	110	
範馬刃牙	ㄈㄢˋ ㄇㄚˇ ㄖㄣˋ ㄧㄚˊ	動漫	1	19	absent			-7.354194117						飯馬認牙	範馬刃牙	飯/馬/認/牙	範馬刃牙	True	True	1		phrase.anime.tsv	1749	
範馬勇次郎	ㄈㄢˋ ㄇㄚˇ ㄩㄥˇ ㄘˋ ㄌㄤˊ	動漫	1	16	absent			-7.354194117						飯馬永次郎	範馬勇次郎	飯/馬/永/次郎	範馬勇次郎	True	True	1		phrase.anime.tsv	1750	
築城院真鍳	ㄓㄨˊ ㄔㄥˊ ㄩㄢˋ ㄓㄣ ㄐㄧㄢ	動漫	1	11	absent			-7.354194117						逐成院真間	築城院真鍳	逐/成/院/真/間	築城院真鍳	True	True	1		phrase.anime.tsv	1751	
篠原夏希	ㄒㄧㄠˇ ㄩㄢˊ ㄒㄧㄚˋ ㄒㄧ	動漫	1	17	absent			-7.354194117						小員下西	篠原夏希	小/員/下/西	篠原夏希	True	True	1		phrase.anime.tsv	1752	
篠原繪里香	ㄒㄧㄠˇ ㄩㄢˊ ㄏㄨㄟˋ ㄌㄧˇ ㄒㄧㄤ	動漫	1	17	absent			-7.354194117						小員會理相	篠原繪里香	小/員/會/理/相	篠原繪里香	True	True	1		phrase.anime.tsv	1753	
篠田初	ㄒㄧㄠˇ ㄊㄧㄢˊ ㄔㄨ	動漫	1	11	absent			-7.354194117						小田出	篠田初	小/田/出	篠田初	True	True	1		phrase.anime.tsv	1754	
簡帛文字	ㄐㄧㄢˇ ㄅㄛˊ ㄨㄣˊ ㄗˋ	中文	1	12	absent			-7.354194117						減博文字	簡帛文字	減/博/文字	簡帛文字	True	True	1		phrase.chinese.tsv	105	
簡易判決	ㄐㄧㄢˇ ㄧˋ ㄆㄢˋ ㄐㄩㄝˊ	法律	1	10	absent			-7.354194117		簡易/判決	2.748372105	簡易/判決	2.748372105	簡易判決	簡易判決	簡易/判決	簡易/判決	False	True	1		phrase.law.tsv	133	
簡諧振子	ㄐㄧㄢˇ ㄒㄧㄝˊ ㄓㄣˋ ㄗˇ	科學	1	11	absent			-7.354194117						減協鎮子	簡諧振子	減/協/鎮/子	簡諧振子	True	True	1		phrase.science.tsv	59	
簽核	ㄑㄧㄢ ㄏㄜˊ	公務員公文	1	10	absent	謙和	-6.399951608	-7.354194117	-0.954242509			謙和	-0.954242509	簽和	簽和	簽/和	簽/和	False	False	2	牽合|謙和	phrase.government.tsv	55	
簽辦	ㄑㄧㄢ ㄅㄢˋ	公務員公文	1	14	absent	牽絆	-6.399951608	-7.354194117	-0.954242509			牽絆	-0.954242509	簽辦	簽辦	簽/辦	簽/辦	False	True	2	牽絆	phrase.government.tsv	56	
米利傑	ㄇㄧˇ ㄌㄧˋ ㄐㄧㄝˊ	動漫	1	17	absent			-7.354194117						米力結	米利傑	米/力/結	米利傑	True	True	1		phrase.anime.tsv	1756	
米卡	ㄇㄧˇ ㄎㄚˇ	動漫	1	24	absent			-7.354194117						米卡	米卡	米/卡	米/卡	False	True	1		phrase.anime.tsv	1757	
米卡莎	ㄇㄧˇ ㄎㄚˇ ㄕㄚ	動漫	1	22	absent			-7.354194117						米卡殺	米卡莎	米/卡/殺	米卡莎	True	True	1		phrase.anime.tsv	1758	
米哈伊	ㄇㄧˇ ㄏㄚ ㄧ	動漫	1	16	absent			-7.354194117						米哈一	米哈伊	米/哈/一	米哈伊	True	True	1		phrase.anime.tsv	1759	
米多	ㄇㄧˇ ㄉㄨㄛ	動漫	1	17	absent			-7.354194117						米多	米多	米/多	米/多	False	True	1		phrase.anime.tsv	1760	
米格路迪亞	ㄇㄧˇ ㄍㄜˊ ㄌㄨˋ ㄉㄧˊ ㄧㄚˇ	動漫	1	19	absent			-7.354194117						米格路的亞	米格路迪亞	米/格/路/的/亞	米格路迪亞	True	True	1		phrase.anime.tsv	1762	
米特奧拉	ㄇㄧˇ ㄊㄜˋ ㄠˋ ㄌㄚ	動漫	1	14	absent			-7.354194117						米特奧拉	米特奧拉	米/特/奧/拉	米特奧拉	False	True	1		phrase.anime.tsv	1763	
米莉亞	ㄇㄧˇ ㄌㄧˋ ㄧㄚˇ	動漫	1	15	absent			-7.354194117						米力亞	米莉亞	米/力/亞	米莉亞	True	True	1		phrase.anime.tsv	1764	
米蒂	ㄇㄧˇ ㄉㄧˋ	動漫	1	13	absent			-7.354194117						米的	米的	米/的	米/的	False	False	1		phrase.anime.tsv	1765	
粉床	ㄈㄣˇ ㄔㄨㄤˊ	製造機械	1	10	absent			-7.354194117						粉床	粉床	粉/床	粉/床	False	True	1		phrase.manufacturing.tsv	101	
粒子物理	ㄌㄧˋ ㄗˇ ㄨˋ ㄌㄧˇ	科學	1	10	absent			-7.354194117		粒子/物理	2.356231386	粒子/物理	2.356231386	粒子物理	粒子物理	粒子/物理	粒子/物理	False	True	1		phrase.science.tsv	60	
粕壁隼	ㄆㄛˋ ㄅㄧˋ ㄓㄨㄣˇ	動漫	1	18	absent			-7.354194117						破必準	粕壁隼	破/必/準	粕壁隼	True	True	1		phrase.anime.tsv	1766	
精實生產	ㄐㄧㄥ ㄕˊ ㄕㄥ ㄔㄢˇ	製造機械	1	10	absent			-7.354194117		精實/生產	2.659588918	精實/生產	2.659588918	精實生產	精實生產	精實/生產	精實生產	False	True	1		phrase.manufacturing.tsv	102	
精度校正	ㄐㄧㄥ ㄉㄨˋ ㄐㄧㄠˋ ㄓㄥˋ	製造機械	1	15	absent			-7.354194117		精度/校正	4.114144345	精度/校正	4.114144345	精度校正	精度校正	精度/校正	精度/校正	False	True	1		phrase.manufacturing.tsv	103	
精準農業	ㄐㄧㄥ ㄓㄨㄣˇ ㄋㄨㄥˊ ㄧㄝˋ	農業食品	1	15	absent			-7.354194117		精準/農業	2.487056748	精準/農業	2.487056748	精準農業	精準農業	精準/農業	精準/農業	False	True	1		phrase.agriculture-food.tsv	42	
精索	ㄐㄧㄥ ㄙㄨㄛˇ	醫學	1	12	absent			-7.354194117						經所	經所	經/所	經/所	False	False	1		phrase.medicine.tsv	177	
糞作獵人	ㄈㄣˋ ㄗㄨㄛˋ ㄌㄧㄝˋ ㄖㄣˊ	動漫	1	13	absent			-7.354194117						分作獵人	糞作獵人	分/作/獵人	糞作獵人	True	True	1		phrase.anime.tsv	1769	
糟糕念頭	ㄗㄠ ㄍㄠ ㄋㄧㄢˋ ㄊㄡˊ	動漫	1	23	absent			-7.354194117		糟糕/念頭	3.127439595	糟糕/念頭	3.127439595	糟糕念頭	糟糕念頭	糟糕/念頭	糟糕念頭	False	True	1		phrase.anime.tsv	1770	
糸師冴	ㄇㄧˋ ㄕ ㄏㄨˋ	動漫	1	12	absent			-7.354194117						日失怙	糸師冴	日/失怙	糸師冴	True	True	1		phrase.anime.tsv	1771	
糸師凜	ㄇㄧˋ ㄕ ㄌㄧㄣˇ	動漫	1	14	absent			-7.354194117						日師凜	糸師凜	日/師/凜	糸師凜	True	True	1		phrase.anime.tsv	1772	
系統風險	ㄒㄧˋ ㄊㄨㄥˇ ㄈㄥ ㄒㄧㄢˇ	財會金融	1	12	absent			-7.354194117		系統/風險	0.795291357	系統/風險	0.795291357	系統風險	系統風險	系統/風險	系統/風險	False	True	1		phrase.finance.tsv	118	
糾纏態	ㄐㄧㄡ ㄔㄢˊ ㄊㄞˋ	科學	1	11	absent			-7.354194117						糾纏態	糾纏態	糾纏/態	糾纏/態	False	True	1		phrase.science.tsv	61	
紀田正臣	ㄐㄧˋ ㄊㄧㄢˊ ㄓㄥˋ ㄔㄣˊ	動漫	1	17	absent			-7.354194117						計田政陳	紀田正臣	計/田/政/陳	紀田正臣	True	True	1		phrase.anime.tsv	1773	
約兒佛傑	ㄩㄝ ㄦˊ ㄈㄛˊ ㄐㄧㄝˊ	動漫	1	21	absent			-7.354194117						約而佛結	約兒佛傑	約/而/佛/結	約兒佛傑	True	True	1		phrase.anime.tsv	1774	
約會大作戰	ㄩㄝ ㄏㄨㄟˋ ㄉㄚˋ ㄗㄨㄛˋ ㄓㄢˋ	動漫	1	24	absent			-7.354194117						約會大作戰	約會大作戰	約會/大/作戰	約會大作戰	False	True	1		phrase.anime.tsv	1776	
約當現金	ㄩㄝ ㄉㄤ ㄒㄧㄢˋ ㄐㄧㄣ	財會金融	1	11	absent			-7.354194117						約當現金	約當現金	約/當/現金	約當現金	False	True	1		phrase.finance.tsv	119	
約翰李貝特	ㄩㄝ ㄏㄢˋ ㄌㄧˇ ㄅㄟˋ ㄊㄜˋ	動漫	1	19	absent			-7.354194117						約翰理被特	約翰李貝特	約翰/理/被/特	約翰李貝特	True	True	1		phrase.anime.tsv	1777	
約翰華生	ㄩㄝ ㄏㄢˋ ㄏㄨㄚˊ ㄕㄥ	動漫	1	12	absent			-7.354194117		約翰/華生	3.843649107	約翰/華生	3.843649107	約翰華生	約翰華生	約翰/華/生	約翰華生	False	True	1		phrase.anime.tsv	1778	
約蘭達	ㄩㄝ ㄌㄢˊ ㄉㄚˊ	動漫	1	11	absent			-7.354194117						約蘭達	約蘭達	約/蘭/達	約蘭達	False	True	1		phrase.anime.tsv	1779	
紅丸	ㄏㄨㄥˊ ㄨㄢˊ	動漫	1	17	absent			-7.354194117						紅完	紅完	紅/完	紅/完	False	False	1		phrase.anime.tsv	1780	
紅外光譜	ㄏㄨㄥˊ ㄨㄞˋ ㄍㄨㄤ ㄆㄨˇ	材料化工	1	8	absent			-7.354194117						紅外光譜	紅外光譜	紅外光/譜	紅外光/譜	False	True	1		phrase.materials-chemistry.tsv	79	
紅葉知弦	ㄏㄨㄥˊ ㄧㄝˋ ㄓ ㄒㄧㄢˊ	動漫	1	14	absent			-7.354194117						紅業之嫌	紅葉知弦	紅/業/之/嫌	紅葉知弦	True	True	1		phrase.anime.tsv	1781	
紅蓮	ㄏㄨㄥˊ ㄌㄧㄢˊ	動漫	1	23	absent			-7.354194117						紅連	紅連	紅/連	紅/連	False	False	1		phrase.anime.tsv	1782	
紅隊演練	ㄏㄨㄥˊ ㄉㄨㄟˋ ㄧㄢˇ ㄌㄧㄢˋ	網路資安	1	12	absent			-7.354194117						紅對演練	紅隊演練	紅/對/演練	紅隊演練	True	True	1		phrase.network-security.tsv	124	
紅麗	ㄏㄨㄥˊ ㄌㄧˋ	動漫	1	9	absent	紅利	-5.849044139	-7.354194117	-1.505149978			紅利	-1.505149978	紅力	紅力	紅/力	紅/力	False	False	2	宏麗|弘曆|紅利|紅痢	phrase.anime.tsv	1784	
納九条	ㄋㄚˋ ㄐㄧㄡˇ ㄊㄧㄠˊ	動漫	1	17	absent			-7.354194117						那九條	納九条	那/九條	納九条	True	True	1		phrase.anime.tsv	1785	
納茲	ㄋㄚˋ ㄗ	動漫	1	22	absent			-7.354194117						那資	那資	那/資	那/資	False	False	1		phrase.anime.tsv	1786	
純網銀	ㄔㄨㄣˊ ㄨㄤˇ ㄧㄣˊ	一般	1	14	absent			-7.354194117						純網銀	純網銀	純/網/銀	純網銀	False	True	1		phrase.general.tsv	104	
級配粒料	ㄐㄧˊ ㄆㄟˋ ㄌㄧˋ ㄌㄧㄠˋ	建築土木	1	9	absent			-7.354194117						及配力料	級配粒料	及/配/力/料	級配粒料	True	True	1		phrase.civil-engineering.tsv	179	
素養評量	ㄙㄨˋ ㄧㄤˇ ㄆㄧㄥˊ ㄌㄧㄤˊ	教育	1	16	absent			-7.354194117		素養/評量	3.145484097	素養/評量	3.145484097	素養評量	素養評量	素養/評量	素養/評量	False	True	1		phrase.education.tsv	80	
素養題	ㄙㄨˋ ㄧㄤˇ ㄊㄧˊ	一般	1	16	absent			-7.354194117						素養題	素養題	素養/題	素養/題	False	True	1		phrase.general.tsv	105	
索尼	ㄙㄨㄛˇ ㄋㄧˊ	動漫	1	18	absent			-7.354194117						所呢	所呢	所/呢	所/呢	False	False	1		phrase.anime.tsv	1787	
紫原敦	ㄗˇ ㄩㄢˊ ㄉㄨㄣ	動漫	1	11	absent			-7.354194117						子員敦	紫原敦	子/員/敦	紫原敦	True	True	1		phrase.anime.tsv	1788	
紫外線消毒	ㄗˇ ㄨㄞˋ ㄒㄧㄢˋ ㄒㄧㄠ ㄉㄨˊ	環境能源	1	3	absent			-7.354194117		紫外線/消毒	3.448290351	紫外線/消毒	3.448290351	紫外線消毒	紫外線消毒	紫外線/消毒	紫外線/消毒	False	True	1		phrase.energy-environment.tsv	111	
紫苑	ㄗˇ ㄩㄢˋ	動漫	1	14	absent			-7.354194117						子院	子院	子/院	子/院	False	False	1		phrase.anime.tsv	1790	
紫隊演練	ㄗˇ ㄉㄨㄟˋ ㄧㄢˇ ㄌㄧㄢˋ	網路資安	1	11	absent			-7.354194117						子對演練	紫隊演練	子/對/演練	紫隊演練	True	True	1		phrase.network-security.tsv	125	
細呂木	ㄒㄧˋ ㄌㄩˇ ㄇㄨˋ	動漫	1	10	absent			-7.354194117						係旅目	細呂木	係/旅/目	細呂木	True	True	1		phrase.anime.tsv	1791	
細川美樹	ㄒㄧˋ ㄔㄨㄢ ㄇㄟˇ ㄕㄨˋ	動漫	1	13	absent			-7.354194117						係穿美術	細川美樹	係/穿/美術	細川美樹	True	True	1		phrase.anime.tsv	1792	
細懸浮微粒	ㄒㄧˋ ㄒㄩㄢˊ ㄈㄨˊ ㄨㄟˊ ㄌㄧˋ	環境能源	1	5	absent			-7.354194117						係懸浮微粒	細懸浮微粒	係/懸浮微粒	細懸浮微粒	True	True	1		phrase.energy-environment.tsv	112	
細晶強化	ㄒㄧˋ ㄐㄧㄥ ㄑㄧㄤˊ ㄏㄨㄚˋ	材料化工	1	12	absent			-7.354194117						係經強化	細晶強化	係/經/強化	細晶強化	True	True	1		phrase.materials-chemistry.tsv	80	
細胞分化	ㄒㄧˋ ㄅㄠ ㄈㄣ ㄏㄨㄚˋ	生技藥學	1	11	absent			-7.354194117		細胞/分化	2.159446734	細胞/分化	2.159446734	細胞分化	細胞分化	細胞/分化	細胞/分化	False	True	1		phrase.biotech-pharma.tsv	72	
細胞培養	ㄒㄧˋ ㄅㄠ ㄆㄟˊ ㄧㄤˇ	生技藥學	1	11	absent			-7.354194117		細胞/培養	1.365920622	細胞/培養	1.365920622	細胞培養	細胞培養	細胞/培養	細胞/培養	False	True	1		phrase.biotech-pharma.tsv	73	
細胞工程	ㄒㄧˋ ㄅㄠ ㄍㄨㄥ ㄔㄥˊ	生技藥學	1	12	absent			-7.354194117		細胞/工程	0.960678228	細胞/工程	0.960678228	細胞工程	細胞工程	細胞/工程	細胞/工程	False	True	1		phrase.biotech-pharma.tsv	74	
細胞生物學	ㄒㄧˋ ㄅㄠ ㄕㄥ ㄨˋ ㄒㄩㄝˊ	科學	1	4	absent			-7.354194117		細胞/生物學	2.131051363	細胞/生物學	2.131051363	細胞生物學	細胞生物學	細胞/生物學	細胞/生物學	False	True	1		phrase.science.tsv	62	
細胞轉染	ㄒㄧˋ ㄅㄠ ㄓㄨㄢˇ ㄖㄢˇ	生技藥學	1	11	absent			-7.354194117						細胞轉染	細胞轉染	細胞/轉/染	細胞轉染	False	True	1		phrase.biotech-pharma.tsv	75	
細胞骨架	ㄒㄧˋ ㄅㄠ ㄍㄨˇ ㄐㄧㄚˋ	科學	1	11	absent			-7.354194117		細胞/股價	1.904826813	細胞/股價	1.904826813	細胞骨架	細胞骨架	細胞/骨架	細胞/骨架	False	True	1		phrase.science.tsv	63	
紹安	ㄕㄠˋ ㄢ	動漫	1	10	absent			-7.354194117						少安	少安	少/安	少/安	False	False	1		phrase.anime.tsv	1794	
紺野純子	ㄍㄢˋ ㄧㄝˇ ㄔㄨㄣˊ ㄗ˙	動漫	1	13	absent			-7.354194117						幹也純子	紺野純子	幹/也/純/子	紺野純子	True	True	1		phrase.anime.tsv	1795	
終末	ㄓㄨㄥ ㄇㄛˋ	動漫	1	23	absent			-7.354194117						中沒	中沒	中/沒	中/沒	False	False	1		phrase.anime.tsv	1796	
組合管理	ㄗㄨˇ ㄏㄜˊ ㄍㄨㄢˇ ㄌㄧˇ	商業	1	12	absent			-7.354194117		組合/管理	0.861414179	組合/管理	0.861414179	組合管理	組合管理	組合/管理	組合/管理	False	True	1		phrase.business.tsv	149	
組態檢查	ㄗㄨˇ ㄊㄞˋ ㄐㄧㄢˇ ㄔㄚˊ	網路資安	1	14	absent			-7.354194117						組態檢查	組態檢查	組/態/檢查	組態檢查	False	True	1		phrase.network-security.tsv	126	
組態稽核	ㄗㄨˇ ㄊㄞˋ ㄐㄧ ㄏㄜˊ	網路資安	1	12	absent			-7.354194117						組態稽核	組態稽核	組/態/稽核	組態稽核	False	True	1		phrase.network-security.tsv	127	
組織工程	ㄗㄨˇ ㄓ ㄍㄨㄥ ㄔㄥˊ	生技藥學	1	13	absent			-7.354194117		組織/工程	0.415555928	組織/工程	0.415555928	組織工程	組織工程	組織/工程	組織/工程	False	True	1		phrase.biotech-pharma.tsv	77	
組織炎	ㄗㄨˇ ㄓ ㄧㄢˊ	醫學	1	10	absent			-7.354194117						組織炎	組織炎	組織/炎	組織/炎	False	True	1		phrase.medicine.tsv	185	
組織犯罪	ㄗㄨˇ ㄓ ㄈㄢˋ ㄗㄨㄟˋ	法律	1	12	absent			-7.354194117		組織/犯罪	0.952077237	組織/犯罪	0.952077237	組織犯罪	組織犯罪	組織/犯罪	組織/犯罪	False	True	1		phrase.law.tsv	134	
組織碳盤查	ㄗㄨˇ ㄓ ㄊㄢˋ ㄆㄢˊ ㄔㄚˊ	環境能源	1	5	absent			-7.354194117						組織碳盤查	組織碳盤查	組織/碳/盤查	組織碳盤查	False	True	1		phrase.energy-environment.tsv	113	
結城夏野	ㄐㄧㄝˊ ㄔㄥˊ ㄒㄧㄚˋ ㄧㄝˇ	動漫	1	18	absent			-7.354194117						截成下也	結城夏野	截/成/下/也	結城夏野	True	True	1		phrase.anime.tsv	1797	
結城明日奈	ㄐㄧㄝˊ ㄔㄥˊ ㄇㄧㄥˊ ㄖˋ ㄋㄞˋ	動漫	1	20	absent			-7.354194117						截成明日耐	結城明日奈	截/成/明日/耐	結城明日奈	True	True	1		phrase.anime.tsv	1798	
結婚要件	ㄐㄧㄝˊ ㄏㄨㄣ ㄧㄠˋ ㄐㄧㄢˋ	法律	1	11	absent			-7.354194117		結婚/要件	2.356982535	結婚/要件	2.356982535	結婚要件	結婚要件	結婚/要件	結婚/要件	False	True	1		phrase.law.tsv	135	
結帳分錄	ㄐㄧㄝˊ ㄓㄤˋ ㄈㄣ ㄌㄨˋ	財會金融	1	10	absent			-7.354194117		結帳/分路	4.67295288	結帳/分路	4.67295288	結帳分錄	結帳分錄	結帳/分/錄	結帳分錄	False	True	1		phrase.finance.tsv	120	
結束樂團	ㄐㄧㄝˊ ㄕㄨˋ ㄩㄝˋ ㄊㄨㄢˊ	動漫	1	15	absent			-7.354194117		結束/樂團	1.264551781	結束/樂團	1.264551781	結束樂團	結束樂團	結束/樂團	結束/樂團	False	True	1		phrase.anime.tsv	1799	
結構功能論	ㄐㄧㄝˊ ㄍㄡˋ ㄍㄨㄥ ㄋㄥˊ ㄌㄨㄣˋ	心理社會	1	5	absent			-7.354194117						結構功能論	結構功能論	結構/功能/論	結構功能論	False	True	1		phrase.psychology-society.tsv	66	
結構化資料	ㄐㄧㄝˊ ㄍㄡˋ ㄏㄨㄚˋ ㄗ ㄌㄧㄠˋ	AI資料科學	1	5	absent			-7.354194117		結構化/資料	2.801355623	結構化/資料	2.801355623	結構化資料	結構化資料	結構化/資料	結構化/資料	False	True	1		phrase.ai-data-science.tsv	124	
結構型商品	ㄐㄧㄝˊ ㄍㄡˋ ㄒㄧㄥˊ ㄕㄤ ㄆㄧㄣˇ	財會金融	1	5	absent			-7.354194117						結構行商品	結構型商品	結構/行/商品	結構型商品	True	True	1		phrase.finance.tsv	121	
結構材料	ㄐㄧㄝˊ ㄍㄡˋ ㄘㄞˊ ㄌㄧㄠˋ	材料化工	1	12	absent			-7.354194117		結構/材料	1.267012042	結構/材料	1.267012042	結構材料	結構材料	結構/材料	結構/材料	False	True	1		phrase.materials-chemistry.tsv	81	
結構鋼	ㄐㄧㄝˊ ㄍㄡˋ ㄍㄤ	建築土木	1	9	absent			-7.354194117						結構鋼	結構鋼	結構/鋼	結構/鋼	False	True	1		phrase.civil-engineering.tsv	180	
結社自由	ㄐㄧㄝˊ ㄕㄜˋ ㄗˋ ㄧㄡˊ	法律	1	11	absent			-7.354194117		結社/自由	2.254133893	結社/自由	2.254133893	結社自由	結社自由	結社/自由	結社自由	False	True	1		phrase.law.tsv	136	
結腸炎	ㄐㄧㄝˊ ㄔㄤˊ ㄧㄢˊ	醫學	1	10	0			-7.354194117						截腸炎	結腸炎	截/腸炎	結腸炎	True	True	1		phrase.medicine.tsv	186	
絕對王權	ㄐㄩㄝˊ ㄉㄨㄟˋ ㄨㄤˊ ㄑㄩㄢˊ	歷史	1	12	absent			-7.354194117		絕對/王權	3.491764561	絕對/王權	3.491764561	絕對王全	絕對王權	絕對/王/全	絕對王權	True	True	1		phrase.history.tsv	130	
絕緣閘	ㄐㄩㄝˊ ㄩㄢˊ ㄓㄚˊ	晶片半導體	1	9	absent			-7.354194117						絕緣閘	絕緣閘	絕緣/閘	絕緣/閘	False	True	1		phrase.semiconductor.tsv	123	
絢瀨繪里	ㄒㄩㄢˋ ㄌㄞˋ ㄏㄨㄟˋ ㄌㄧˇ	動漫	1	19	absent			-7.354194117						旋來會理	絢瀨繪里	旋/來/會/理	絢瀨繪里	True	True	1		phrase.anime.tsv	1801	
給付不能	ㄐㄧˇ ㄈㄨˋ ㄅㄨˋ ㄋㄥˊ	法律	1	11	absent			-7.354194117		給付/不能	0.8875305	給付/不能	0.8875305	給付不能	給付不能	給付/不能	給付/不能	False	True	1		phrase.law.tsv	138	
給付遲延	ㄐㄧˇ ㄈㄨˋ ㄔˊ ㄧㄢˊ	法律	1	11	absent			-7.354194117		給付/遲延	3.743533954	給付/遲延	3.743533954	給付遲延	給付遲延	給付/遲延	給付/遲延	False	True	1		phrase.law.tsv	139	
給排水工程	ㄐㄧˇ ㄆㄞˊ ㄕㄨㄟˇ ㄍㄨㄥ ㄔㄥˊ	建築土木	1	6	absent			-7.354194117						己排水工程	給排水工程	己/排水/工程	給排水工程	True	True	1		phrase.civil-engineering.tsv	181	
統計力學	ㄊㄨㄥˇ ㄐㄧˋ ㄌㄧˋ ㄒㄩㄝˊ	科學	1	11	absent			-7.354194117		統計/力學	2.281907448	統計/力學	2.281907448	統計力學	統計力學	統計/力學	統計/力學	False	True	1		phrase.science.tsv	64	
絲琪	ㄙ ㄑㄧˊ	動漫	1	13	absent			-7.354194117						私其	私其	私/其	私/其	False	False	1		phrase.anime.tsv	1802	
絲菲爾	ㄙ ㄈㄟ ㄦˇ	動漫	1	19	absent			-7.354194117						私非爾	絲菲爾	私/非/爾	絲菲爾	True	True	1		phrase.anime.tsv	1803	
經尿道	ㄐㄧㄥ ㄋㄧㄠˋ ㄉㄠˋ	醫學	1	12	absent			-7.354194117						經尿道	經尿道	經/尿道	經/尿道	False	True	1		phrase.medicine.tsv	187	
經濟大恐慌	ㄐㄧㄥ ㄐㄧˋ ㄉㄚˋ ㄎㄨㄥˇ ㄏㄨㄤ	歷史	1	5	absent			-7.354194117						經濟大恐慌	經濟大恐慌	經濟/大/恐慌	經濟大恐慌	False	True	1		phrase.history.tsv	132	
經濟訂購量	ㄐㄧㄥ ㄐㄧˋ ㄉㄧㄥˋ ㄍㄡˋ ㄌㄧㄤˋ	商業	1	5	absent			-7.354194117						經濟訂購量	經濟訂購量	經濟/訂購/量	經濟訂購量	False	True	1		phrase.business.tsv	151	
經皮	ㄐㄧㄥ ㄆㄧˊ	醫學	1	12	absent			-7.354194117						經皮	經皮	經/皮	經/皮	False	True	1		phrase.medicine.tsv	188	
經緯儀測量	ㄐㄧㄥ ㄨㄟˇ ㄧˊ ㄘㄜˋ ㄌㄧㄤˊ	建築土木	1	2	absent			-7.354194117		經緯儀/測量	4.930948243	經緯儀/測量	4.930948243	經緯儀測量	經緯儀測量	經緯儀/測量	經緯儀測量	False	True	1		phrase.civil-engineering.tsv	182	
綜合損益	ㄗㄨㄥˋ ㄏㄜˊ ㄙㄨㄣˇ ㄧˋ	財會金融	1	11	absent			-7.354194117		綜合/損益	2.741579775	綜合/損益	2.741579775	綜合損益	綜合損益	綜合/損益	綜合/損益	False	True	1		phrase.finance.tsv	122	
綠幕去背	ㄌㄩˋ ㄇㄨˋ ㄑㄩˋ ㄅㄟˋ	媒體設計	1	11	absent			-7.354194117						綠目去備	綠幕去背	綠/目/去/備	綠幕去背	True	True	1		phrase.media-design.tsv	69	
綠燈時間	ㄌㄩˋ ㄉㄥ ㄕˊ ㄐㄧㄢ	交通物流	1	11	absent			-7.354194117		綠燈/時間	1.611402237	綠燈/時間	1.611402237	綠燈時間	綠燈時間	綠燈/時間	綠燈/時間	False	True	1		phrase.transport-logistics.tsv	77	
綠能	ㄌㄩˋ ㄋㄥˊ	一般	1	35	absent			-7.354194117						綠能	綠能	綠/能	綠/能	False	True	1		phrase.general.tsv	107	
綠色化學	ㄌㄩˋ ㄙㄜˋ ㄏㄨㄚˋ ㄒㄩㄝˊ	環境能源	1	11	absent			-7.354194117		綠色/化學	1.792967475	綠色/化學	1.792967475	綠色化學	綠色化學	綠色/化學	綠色/化學	False	True	1		phrase.energy-environment.tsv	114	
綠谷出久	ㄌㄩˋ ㄍㄨˇ ㄔㄨ ㄐㄧㄡˇ	動漫	1	24	absent			-7.354194117						綠古出九	綠谷出久	綠/古/出/九	綠谷出久	True	True	1		phrase.anime.tsv	1804	
綠間真太郎	ㄌㄩˋ ㄐㄧㄢ ㄓㄣ ㄊㄞˋ ㄌㄤˊ	動漫	1	14	absent			-7.354194117						綠間真太郎	綠間真太郎	綠/間/真/太郎	綠間真太郎	False	True	1		phrase.anime.tsv	1805	
維也納會議	ㄨㄟˊ ㄧㄝˇ ㄋㄚˋ ㄏㄨㄟˋ ㄧˋ	歷史	1	4	absent			-7.354194117		維也納/會議	1.783534447	維也納/會議	1.783534447	維也納會議	維也納會議	維也納/會議	維也納/會議	False	True	1		phrase.history.tsv	133	
維克托	ㄨㄟˊ ㄎㄜˋ ㄊㄨㄛ	動漫	1	17	absent			-7.354194117						為客他	維克托	為/客/他	維克托	True	True	1		phrase.anime.tsv	1806	
維夏	ㄨㄟˊ ㄒㄧㄚˋ	動漫	1	16	absent	圍下	-6.509096077	-7.354194117	-0.84509804			圍下	-0.84509804	為下	為下	為/下	為/下	False	False	2	圍下	phrase.anime.tsv	1807	
維多利加	ㄨㄟˊ ㄉㄨㄛ ㄌㄧˋ ㄐㄧㄚ	動漫	1	16	absent			-7.354194117						為多力家	維多利加	為/多/力/家	維多利加	True	True	1		phrase.anime.tsv	1808	
維拉爾	ㄨㄟˊ ㄌㄚ ㄦˇ	動漫	1	12	absent			-7.354194117						為拉爾	維拉爾	為/拉/爾	維拉爾	True	True	1		phrase.anime.tsv	1809	
維氏硬度	ㄨㄟˊ ㄕˋ ㄧㄥˋ ㄉㄨˋ	材料化工	1	12	absent			-7.354194117		圍事/硬度	5.67295288	圍事/硬度	5.67295288	為適應度	維氏硬度	為/適應/度	維氏硬度	True	True	1		phrase.materials-chemistry.tsv	82	
維爾德拉	ㄨㄟˊ ㄦˇ ㄉㄜˊ ㄌㄚ	動漫	1	20	absent			-7.354194117						為爾得拉	維爾德拉	為/爾/得/拉	維爾德拉	True	True	1		phrase.anime.tsv	1810	
維爾維特	ㄨㄟˊ ㄦˇ ㄨㄟˊ ㄊㄜˋ	動漫	1	11	absent			-7.354194117						為爾為特	維爾維特	為/爾/為/特	維爾維特	True	True	1		phrase.anime.tsv	1811	
維茲	ㄨㄟˊ ㄗ	動漫	1	14	absent			-7.354194117						為資	為資	為/資	為/資	False	False	1		phrase.anime.tsv	1812	
維護管理	ㄨㄟˊ ㄏㄨˋ ㄍㄨㄢˇ ㄌㄧˇ	建築土木	1	22	absent			-7.354194117		維護/管理	0.757142076	維護/管理	0.757142076	維護管理	維護管理	維護/管理	維護/管理	False	True	1		phrase.civil-engineering.tsv	183	
維運	ㄨㄟˊ ㄩㄣˋ	軟體科學	1	11	absent			-7.354194117						為運	為運	為/運	為/運	False	False	1		phrase.software.tsv	77	
網代慎平	ㄨㄤˇ ㄉㄞˋ ㄕㄣˋ ㄆㄧㄥˊ	動漫	1	22	absent			-7.354194117						往代甚平	網代慎平	往/代/甚/平	網代慎平	True	True	1		phrase.anime.tsv	1813	
網室栽培	ㄨㄤˇ ㄕˋ ㄗㄞ ㄆㄟˊ	農業食品	1	10	absent			-7.354194117		往事/栽培	3.289174903	往事/栽培	3.289174903	往是栽培	網室栽培	往/是/栽培	網室栽培	True	True	1		phrase.agriculture-food.tsv	44	
網格系統	ㄨㄤˇ ㄍㄜˊ ㄒㄧˋ ㄊㄨㄥˇ	媒體設計	1	12	absent			-7.354194117		網格/系統	3.615492817	網格/系統	3.615492817	往格系統	網格系統	往/格/系統	網格系統	True	True	1		phrase.media-design.tsv	70	
網球王子	ㄨㄤˇ ㄑㄧㄡˊ ㄨㄤˊ ㄗˇ	動漫	1	23	absent			-7.354194117		網球/王子	2.394756791	網球/王子	2.394756791	網球王子	網球王子	網球/王子	網球王子	False	True	1		phrase.anime.tsv	1814	
網站服務	ㄨㄤˇ ㄓㄢˋ ㄈㄨˊ ㄨˋ	網路資安	1	14	absent			-7.354194117		網站/服務	0.300728825	網站/服務	0.300728825	網站服務	網站服務	網站/服務	網站/服務	False	True	1		phrase.network-security.tsv	129	
網絡分析	ㄨㄤˇ ㄌㄨㄛˋ ㄈㄣ ㄒㄧ	心理社會	1	11	absent			-7.354194117		網絡/分析	1.79547355	網絡/分析	1.79547355	網絡分析	網絡分析	網絡/分析	網絡分析	False	True	1		phrase.psychology-society.tsv	67	
網購	ㄨㄤˇ ㄍㄡˋ	一般	1	55	absent			-7.354194117						往夠	往夠	往/夠	往/夠	False	False	1		phrase.general.tsv	109	
網路分層	ㄨㄤˇ ㄌㄨˋ ㄈㄣ ㄘㄥˊ	網路資安	1	12	absent			-7.354194117		網路/分層	2.548849606	網路/分層	2.548849606	網路分層	網路分層	網路/分層	網路/分層	False	True	1		phrase.network-security.tsv	131	
網路延遲	ㄨㄤˇ ㄌㄨˋ ㄧㄢˊ ㄔˊ	網路資安	1	12	absent			-7.354194117		網路/延遲	1.635999782	網路/延遲	1.635999782	網路延遲	網路延遲	網路/延遲	網路/延遲	False	True	1		phrase.network-security.tsv	132	
網路攻擊	ㄨㄤˇ ㄌㄨˋ ㄍㄨㄥ ㄐㄧˊ	一般	1	18	absent			-7.354194117		網路/攻擊	0.583776249	網路/攻擊	0.583776249	網路攻擊	網路攻擊	網路/攻擊	網路/攻擊	False	True	1		phrase.general.tsv	110	
網路最佳化	ㄨㄤˇ ㄌㄨˋ ㄗㄨㄟˋ ㄐㄧㄚ ㄏㄨㄚˋ	工業工程	1	5	absent			-7.354194117		網路/最佳化	1.900046211	網路/最佳化	1.900046211	網路最佳化	網路最佳化	網路/最佳化	網路/最佳化	False	True	1		phrase.industrial-engineering.tsv	88	
網路設備	ㄨㄤˇ ㄌㄨˋ ㄕㄜˋ ㄅㄟˋ	網路資安	1	14	absent			-7.354194117		網路/設備	0.453204837	網路/設備	0.453204837	網路設備	網路設備	網路/設備	網路/設備	False	True	1		phrase.network-security.tsv	133	
網路釣魚	ㄨㄤˇ ㄌㄨˋ ㄉㄧㄠˋ ㄩˊ	網路資安	1	12	absent			-7.354194117		網路/釣魚	1.16373103	網路/釣魚	1.16373103	網路釣魚	網路釣魚	網路/釣魚	網路/釣魚	False	True	1		phrase.network-security.tsv	134	
網路鑑識	ㄨㄤˇ ㄌㄨˋ ㄐㄧㄢˋ ㄕˋ	網路資安	1	12	absent			-7.354194117		網路/見識	1.50033718	網路/見識	1.50033718	網路鑑識	網路鑑識	網路/鑑識	網路/鑑識	False	True	1		phrase.network-security.tsv	135	
綾崎颯	ㄌㄧㄥˊ ㄑㄧˊ ㄙㄚˋ	動漫	1	20	absent			-7.354194117						零其卅	綾崎颯	零/其/卅	綾崎颯	True	True	1		phrase.anime.tsv	1815	
綾波零	ㄌㄧㄥˊ ㄅㄛ ㄌㄧㄥˊ	動漫	1	20	absent			-7.354194117						凌波靈	綾波零	凌波/靈	綾波零	True	True	1		phrase.anime.tsv	1816	
綾瀨千早	ㄌㄧㄥˊ ㄌㄞˋ ㄑㄧㄢ ㄗㄠˇ	動漫	1	18	absent			-7.354194117						零來千早	綾瀨千早	零/來/千/早	綾瀨千早	True	True	1		phrase.anime.tsv	1817	
綾瀨桃	ㄌㄧㄥˊ ㄌㄞˋ ㄊㄠˊ	動漫	1	21	absent			-7.354194117						零來桃	綾瀨桃	零/來/桃	綾瀨桃	True	True	1		phrase.anime.tsv	1818	
綿谷新	ㄇㄧㄢˊ ㄍㄨˇ ㄒㄧㄣ	動漫	1	15	absent			-7.354194117						眠古心	綿谷新	眠/古/心	綿谷新	True	True	1		phrase.anime.tsv	1819	
緊急避難	ㄐㄧㄣˇ ㄐㄧˊ ㄅㄧˋ ㄋㄢˋ	法律	1	11	absent			-7.354194117		緊急/避難	2.768936482	緊急/避難	2.768936482	緊急避難	緊急避難	緊急/避難	緊急/避難	False	True	1		phrase.law.tsv	140	
緋村劍心	ㄈㄟ ㄘㄨㄣ ㄐㄧㄢˋ ㄒㄧㄣ	動漫	1	22	absent			-7.354194117						非村建心	緋村劍心	非/村/建/心	緋村劍心	True	True	1		phrase.anime.tsv	1820	
線上學習	ㄒㄧㄢˋ ㄕㄤˋ ㄒㄩㄝˊ ㄒㄧˊ	一般	1	20	absent			-7.354194117		線上/學習	1.153667547	線上/學習	1.153667547	線上學習	線上學習	線上/學習	線上/學習	False	True	1		phrase.general.tsv	112	
線上客服	ㄒㄧㄢˋ ㄕㄤˋ ㄎㄜˋ ㄈㄨˊ	一般	1	18	absent			-7.354194117		線上/客服	2.08604691	線上/客服	2.08604691	線上客服	線上客服	線上/客服	線上/客服	False	True	1		phrase.general.tsv	113	
線切割加工	ㄒㄧㄢˋ ㄑㄧㄝ ㄍㄜ ㄐㄧㄚ ㄍㄨㄥ	製造機械	1	5	absent			-7.354194117						現切割加工	線切割加工	現/切割/加工	線切割加工	True	True	1		phrase.manufacturing.tsv	107	
線性滑軌	ㄒㄧㄢˋ ㄒㄧㄥˋ ㄏㄨㄚˊ ㄍㄨㄟˇ	製造機械	1	10	absent			-7.354194117						線性滑軌	線性滑軌	線性/滑/軌	線性滑軌	False	True	1		phrase.manufacturing.tsv	108	
線性穩壓器	ㄒㄧㄢˋ ㄒㄧㄥˋ ㄨㄣˇ ㄧㄚ ㄑㄧˋ	電子電機	1	3	absent			-7.354194117						線性穩壓器	線性穩壓器	線性/穩/壓/器	線性穩壓器	False	True	1		phrase.electronics.tsv	156	
線框圖	ㄒㄧㄢˋ ㄎㄨㄤ ㄊㄨˊ	媒體設計	1	12	absent			-7.354194117						現框圖	線框圖	現/框/圖	線框圖	True	True	1		phrase.media-design.tsv	71	
緣結神	ㄩㄢˊ ㄐㄧㄝˊ ㄕㄣˊ	動漫	1	22	absent			-7.354194117						原截什	緣結神	原/截/什	緣結神	True	True	1		phrase.anime.tsv	1821	
編碼器	ㄅㄧㄢ ㄇㄚˇ ㄑㄧˋ	AI資料科學	1	11	0			-7.354194117						編碼器	編碼器	編碼/器	編碼/器	False	True	1		phrase.ai-data-science.tsv	129	
編碼格式	ㄅㄧㄢ ㄇㄚˇ ㄍㄜˊ ㄕˋ	媒體設計	1	10	absent			-7.354194117		編碼/格式	2.489208657	編碼/格式	2.489208657	編碼格式	編碼格式	編碼/格式	編碼/格式	False	True	1		phrase.media-design.tsv	72	
編輯設計	ㄅㄧㄢ ㄐㄧˊ ㄕㄜˋ ㄐㄧˋ	媒體設計	1	12	absent			-7.354194117		編輯/設計	0.758536994	編輯/設計	0.758536994	編輯設計	編輯設計	編輯/設計	編輯/設計	False	True	1		phrase.media-design.tsv	73	
緩衝區溢位	ㄏㄨㄢˇ ㄔㄨㄥ ㄑㄩ ㄧˋ ㄨㄟˋ	網路資安	1	4	absent			-7.354194117		緩衝區/意味	3.460654274	緩衝區/意味	3.460654274	緩衝區意味	緩衝區溢位	緩衝/區/意味	緩衝區溢位	True	True	1		phrase.network-security.tsv	137	
緩釋製劑	ㄏㄨㄢˇ ㄕˋ ㄓˋ ㄐㄧˋ	生技藥學	1	11	absent			-7.354194117						緩是志計	緩釋製劑	緩/是/志/計	緩釋製劑	True	True	1		phrase.biotech-pharma.tsv	78	
緹奧	ㄊㄧˊ ㄠˋ	動漫	1	12	absent			-7.354194117						提奧	提奧	提/奧	提/奧	False	False	1		phrase.anime.tsv	1822	
緹諾薛德	ㄊㄧˊ ㄋㄨㄛˋ ㄒㄩㄝ ㄉㄜˊ	動漫	1	14	absent			-7.354194117						提諾薛得	緹諾薛德	提/諾/薛/得	緹諾薛德	True	True	1		phrase.anime.tsv	1823	
縮合聚合	ㄙㄨㄛ ㄏㄜˊ ㄐㄩˋ ㄏㄜˊ	材料化工	1	11	absent			-7.354194117						梭和聚合	縮合聚合	梭/和/聚合	縮合聚合	True	True	1		phrase.materials-chemistry.tsv	83	
縱斷面線形	ㄗㄨㄥ ㄉㄨㄢˋ ㄇㄧㄢˋ ㄒㄧㄢˋ ㄒㄧㄥˊ	建築土木	1	4	absent			-7.354194117						縱斷面線形	縱斷面線形	縱/斷面/線形	縱斷面線形	False	True	1		phrase.civil-engineering.tsv	184	
總有機碳	ㄗㄨㄥˇ ㄧㄡˇ ㄐㄧ ㄊㄢˋ	環境能源	1	10	absent			-7.354194117		總有/積碳	5.548014143	總有/積碳	5.548014143	總有機碳	總有機碳	總/有機/碳	總有機碳	False	True	1		phrase.energy-environment.tsv	115	
總生育率	ㄗㄨㄥˇ ㄕㄥ ㄩˋ ㄌㄩˋ	心理社會	1	12	absent			-7.354194117						總生育率	總生育率	總/生育率	總/生育率	False	True	1		phrase.psychology-society.tsv	68	
總結性評量	ㄗㄨㄥˇ ㄐㄧㄝˊ ㄒㄧㄥˋ ㄆㄧㄥˊ ㄌㄧㄤˊ	教育	1	3	absent			-7.354194117						總結性評量	總結性評量	總結/性/評量	總結性評量	False	True	1		phrase.education.tsv	81	
總膽紅素	ㄗㄨㄥˇ ㄉㄢˇ ㄏㄨㄥˊ ㄙㄨˋ	醫學	1	8	absent			-7.354194117						總膽紅素	總膽紅素	總/膽/紅/素	總膽紅素	False	True	1		phrase.medicine.tsv	190	
總諧波失真	ㄗㄨㄥˇ ㄒㄧㄝˊ ㄅㄛ ㄕ ㄓㄣ	電子電機	1	5	absent			-7.354194117						總諧波失真	總諧波失真	總/諧波/失真	總諧波失真	False	True	1		phrase.electronics.tsv	157	
績效分析	ㄐㄧ ㄒㄧㄠˋ ㄈㄣ ㄒㄧ	交通物流	1	14	absent			-7.354194117		績效/分析	1.606417314	績效/分析	1.606417314	績效分析	績效分析	績效/分析	績效/分析	False	True	1		phrase.transport-logistics.tsv	78	
績效指標	ㄐㄧ ㄒㄧㄠˋ ㄓˇ ㄅㄧㄠ	環境能源	1	13	absent			-7.354194117		績效/指標	2.129428043	績效/指標	2.129428043	績效指標	績效指標	績效/指標	績效/指標	False	True	1		phrase.energy-environment.tsv	116	
績效評估	ㄐㄧ ㄒㄧㄠˋ ㄆㄧㄥˊ ㄍㄨ	商業	1	20	absent			-7.354194117		績效/評估	1.883570501	績效/評估	1.883570501	績效評估	績效評估	績效/評估	績效/評估	False	True	1		phrase.business.tsv	152	
繁簡字	ㄈㄢˊ ㄐㄧㄢˇ ㄗˋ	中文	1	11	absent			-7.354194117						凡檢自	繁簡字	凡/檢/自	繁簡字	True	True	1		phrase.chinese.tsv	106	
繰屋匠	ㄗㄠˇ ㄨ ㄐㄧㄤˋ	動漫	1	11	absent			-7.354194117						早於將	繰屋匠	早/於/將	繰屋匠	True	True	1		phrase.anime.tsv	1824	
纏流子	ㄔㄢˊ ㄌㄧㄡˊ ㄗ˙	動漫	1	20	absent			-7.354194117						單流子	纏流子	單/流/子	纏流子	True	True	1		phrase.anime.tsv	1825	
纖維化	ㄒㄧㄢ ㄨㄟˊ ㄏㄨㄚˋ	醫學	1	12	absent			-7.354194117						纖維化	纖維化	纖維/化	纖維/化	False	True	1		phrase.medicine.tsv	191	
缺失值處理	ㄑㄩㄝ ㄕ ㄓˊ ㄔㄨˇ ㄌㄧˇ	AI資料科學	1	4	absent			-7.354194117						缺失值處理	缺失值處理	缺失/值/處理	缺失值處理	False	True	1		phrase.ai-data-science.tsv	131	
缺陷分析	ㄑㄩㄝ ㄒㄧㄢˋ ㄈㄣ ㄒㄧ	晶片半導體	1	16	absent			-7.354194117		缺陷/分析	1.873078408	缺陷/分析	1.873078408	缺陷分析	缺陷分析	缺陷/分析	缺陷/分析	False	True	1		phrase.semiconductor.tsv	125	
缺陷追蹤	ㄑㄩㄝ ㄒㄧㄢˋ ㄓㄨㄟ ㄗㄨㄥ	晶片半導體	1	20	absent			-7.354194117		缺陷/追蹤	2.549673055	缺陷/追蹤	2.549673055	缺陷追蹤	缺陷追蹤	缺陷/追蹤	缺陷/追蹤	False	True	1		phrase.semiconductor.tsv	126	
羅伊	ㄌㄨㄛˊ ㄧ	動漫	1	18	absent			-7.354194117						螺一	螺一	螺/一	螺/一	False	False	1		phrase.anime.tsv	1826	
羅曼尼	ㄌㄨㄛˊ ㄇㄢˋ ㄋㄧˊ	動漫	1	17	absent			-7.354194117						螺慢呢	羅曼尼	螺/慢/呢	羅曼尼	True	True	1		phrase.anime.tsv	1827	
羅羅亞索隆	ㄌㄨㄛˊ ㄌㄨㄛˊ ㄧㄚˇ ㄙㄨㄛˇ ㄌㄨㄥˊ	動漫	1	22	absent			-7.354194117						羅羅亞所龍	羅羅亞索隆	羅羅/亞/所/龍	羅羅亞索隆	True	True	1		phrase.anime.tsv	1828	
羅茲瓦爾	ㄌㄨㄛˊ ㄗ ㄨㄚˇ ㄦˇ	動漫	1	12	absent			-7.354194117						螺資瓦爾	羅茲瓦爾	螺/資/瓦爾	羅茲瓦爾	True	True	1		phrase.anime.tsv	1829	
羅諾	ㄌㄨㄛˊ ㄋㄨㄛˋ	動漫	1	12	absent			-7.354194117						螺諾	羅諾	螺/諾	羅諾	True	True	1		phrase.anime.tsv	1830	
羅阿	ㄌㄨㄛˊ ㄚ	動漫	1	15	absent			-7.354194117						螺阿	螺阿	螺/阿	螺/阿	False	False	1		phrase.anime.tsv	1831	
羅馬共和	ㄌㄨㄛˊ ㄇㄚˇ ㄍㄨㄥˋ ㄏㄜˊ	歷史	1	10	absent			-7.354194117		羅馬/共和	2.351682486	羅馬/共和	2.351682486	羅馬共和	羅馬共和	羅馬/共和	羅馬共和	False	True	1		phrase.history.tsv	134	
羅馬法	ㄌㄨㄛˊ ㄇㄚˇ ㄈㄚˇ	歷史	1	11	absent			-7.354194117						羅馬法	羅馬法	羅馬/法	羅馬/法	False	True	1		phrase.history.tsv	135	
羈縻政策	ㄐㄧ ㄇㄧˊ ㄓㄥˋ ㄘㄜˋ	歷史	1	10	absent			-7.354194117						機迷政策	羈縻政策	機/迷/政策	羈縻政策	True	True	1		phrase.history.tsv	136	
羌瘣	ㄑㄧㄤ ㄌㄟˇ	動漫	1	14	absent			-7.354194117						搶累	羌瘣	搶/累	羌瘣	True	True	1		phrase.anime.tsv	1832	
美代吉	ㄇㄟˇ ㄉㄞˋ ㄐㄧˊ	動漫	1	11	absent			-7.354194117						美代及	美代吉	美/代/及	美代吉	True	True	1		phrase.anime.tsv	1833	
美國革命	ㄇㄟˇ ㄍㄨㄛˊ ㄍㄜˊ ㄇㄧㄥˋ	歷史	1	13	absent			-7.354194117		美國/革命	0.476762182	美國/革命	0.476762182	美國革命	美國革命	美國/革命	美國革命	False	True	1		phrase.history.tsv	137	
美奈	ㄇㄟˇ ㄋㄞˋ	動漫	1	12	absent			-7.354194117						美耐	美耐	美/耐	美/耐	False	False	1		phrase.anime.tsv	1834	
美少女戰士	ㄇㄟˇ ㄕㄠˋ ㄋㄩˇ ㄓㄢˋ ㄕˋ	動漫	1	25	absent			-7.354194117						美少女戰士	美少女戰士	美/少女/戰士	美少女戰士	False	True	1		phrase.anime.tsv	1835	
美樹沙耶香	ㄇㄟˇ ㄕㄨˋ ㄕㄚ ㄧㄝ ㄒㄧㄤ	動漫	1	16	absent			-7.354194117						美術殺耶相	美樹沙耶香	美術/殺/耶/相	美樹沙耶香	True	True	1		phrase.anime.tsv	1836	
美美姬	ㄇㄟˇ ㄇㄟˇ ㄐㄧ	動漫	1	13	absent			-7.354194117						每每機	美美姬	每每/機	美美姬	True	True	1		phrase.anime.tsv	1837	
美遊	ㄇㄟˇ ㄧㄡˊ	動漫	1	15	absent			-7.354194117						美由	美由	美/由	美/由	False	False	1		phrase.anime.tsv	1838	
義和團運動	ㄧˋ ㄏㄜˊ ㄊㄨㄢˊ ㄩㄣˋ ㄉㄨㄥˋ	歷史	1	3	absent			-7.354194117		義和團/運動	2.895405236	義和團/運動	2.895405236	義和團運動	義和團運動	義和團/運動	義和團/運動	False	True	1		phrase.history.tsv	138	
義符	ㄧˋ ㄈㄨˊ	中文	1	12	absent	一幅|異服|一服	-5.741410261	-7.354194117	-1.612783857			一幅	-1.612783857	一幅	一幅	一幅	一幅	False	False	4	一幅|一服|異服	phrase.chinese.tsv	107	
義訓	ㄧˋ ㄒㄩㄣˋ	中文	1	12	absent			-7.354194117						一訊	一訊	一/訊	一/訊	False	False	1		phrase.chinese.tsv	108	
羽川翼	ㄩˇ ㄔㄨㄢ ㄧˋ	動漫	1	14	absent			-7.354194117						與穿一	羽川翼	與/穿/一	羽川翼	True	True	1		phrase.anime.tsv	1839	
羽衣狐	ㄩˇ ㄧ ㄏㄨˊ	動漫	1	9	absent			-7.354194117						雨衣湖	雨衣湖	雨衣/湖	雨衣/湖	False	False	1		phrase.anime.tsv	1840	
羽鳥智世	ㄩˇ ㄋㄧㄠˇ ㄓˋ ㄕˋ	動漫	1	20	absent			-7.354194117						與鳥至是	羽鳥智世	與/鳥/至/是	羽鳥智世	True	True	1		phrase.anime.tsv	1841	
老化指數	ㄌㄠˇ ㄏㄨㄚˋ ㄓˇ ㄕㄨˋ	心理社會	1	10	absent			-7.354194117		老化/指數	2.513523556	老化/指數	2.513523556	老化指數	老化指數	老化/指數	老化/指數	False	True	1		phrase.psychology-society.tsv	69	
耐受試驗	ㄋㄞˋ ㄕㄡˋ ㄕˋ ㄧㄢˋ	醫學	1	9	absent			-7.354194117						耐受試驗	耐受試驗	耐/受/試驗	耐受試驗	False	True	1		phrase.medicine.tsv	194	
耐震評估	ㄋㄞˋ ㄓㄣˋ ㄆㄧㄥˊ ㄍㄨ	建築土木	1	22	absent			-7.354194117		耐震/評估	3.210929435	耐震/評估	3.210929435	耐震評估	耐震評估	耐震/評估	耐震/評估	False	True	1		phrase.civil-engineering.tsv	186	
耕一	ㄍㄥ ㄧ	動漫	1	15	absent	更衣	-6.123745196	-7.354194117	-1.230448921			更衣	-1.230448921	更衣	更衣	更衣	更衣	False	False	2	更衣	phrase.anime.tsv	1843	
耶拉比琪	ㄧㄝ ㄌㄚ ㄅㄧˇ ㄑㄧˊ	動漫	1	11	absent			-7.354194117						耶拉比其	耶拉比琪	耶/拉/比/其	耶拉比琪	True	True	1		phrase.anime.tsv	1844	
聖杯戰爭	ㄕㄥˋ ㄅㄟ ㄓㄢˋ ㄓㄥ	動漫	1	15	absent			-7.354194117		聖杯/戰爭	3.155646992	聖杯/戰爭	3.155646992	聖杯戰爭	聖杯戰爭	聖杯/戰爭	聖杯戰爭	False	True	1		phrase.anime.tsv	1845	
聚碳酸酯	ㄐㄩˋ ㄊㄢˋ ㄙㄨㄢ ㄓˇ	材料化工	1	11	absent			-7.354194117						據碳酸只	聚碳酸酯	據/碳酸/只	聚碳酸酯	True	True	1		phrase.materials-chemistry.tsv	84	
聯合國成立	ㄌㄧㄢˊ ㄏㄜˊ ㄍㄨㄛˊ ㄔㄥˊ ㄌㄧˋ	歷史	1	4	absent			-7.354194117		聯合國/成立	1.110629527	聯合國/成立	1.110629527	聯合國成立	聯合國成立	聯合國/成立	聯合國成立	False	True	1		phrase.history.tsv	139	
聯合成本	ㄌㄧㄢˊ ㄏㄜˊ ㄔㄥˊ ㄅㄣˇ	財會金融	1	12	absent			-7.354194117		聯合/成本	0.959364345	聯合/成本	0.959364345	聯合成本	聯合成本	聯合/成本	聯合/成本	False	True	1		phrase.finance.tsv	124	
聯合複句	ㄌㄧㄢˊ ㄏㄜˊ ㄈㄨˋ ㄐㄩˋ	中文	1	12	absent			-7.354194117		聯合/複句	2.26039434	聯合/複句	2.26039434	聯合複句	聯合複句	聯合/複句	聯合/複句	False	True	1		phrase.chinese.tsv	109	
聯合複詞	ㄌㄧㄢˊ ㄏㄜˊ ㄈㄨˋ ㄘˊ	中文	1	12	absent			-7.354194117		聯合/副詞	2.208562702	聯合/副詞	2.208562702	聯合副詞	聯合複詞	聯合/副詞	聯合複詞	True	True	1		phrase.chinese.tsv	110	
聯綿詞	ㄌㄧㄢˊ ㄇㄧㄢˊ ㄘˊ	中文	1	12	absent			-7.354194117						連綿詞	聯綿詞	連綿/詞	聯綿詞	True	True	1		phrase.chinese.tsv	111	
聲之形	ㄕㄥ ㄓ ㄒㄧㄥˊ	動漫	1	24	absent			-7.354194117						生之行	聲之形	生/之/行	聲之形	True	True	1		phrase.anime.tsv	1846	
聲訓	ㄕㄥ ㄒㄩㄣˋ	中文	1	12	absent			-7.354194117						生訊	生訊	生/訊	生/訊	False	False	1		phrase.chinese.tsv	112	
聲音混音	ㄕㄥ ㄧㄣ ㄏㄨㄣˋ ㄧㄣ	媒體設計	1	12	absent			-7.354194117						聲音混因	聲音混音	聲音/混/因	聲音混音	True	True	1		phrase.media-design.tsv	74	
職階卡	ㄓˊ ㄐㄧㄝ ㄎㄚˇ	動漫	1	11	absent			-7.354194117						直接卡	直接卡	直接/卡	直接/卡	False	False	1		phrase.anime.tsv	1848	
聽證	ㄊㄧㄥ ㄓㄥˋ	法律	1	12	absent	聽政	-6.655224113	-7.354194117	-0.698970004			聽政	-0.698970004	聽政	聽政	聽/政	聽/政	False	False	2	聽政	phrase.law.tsv	142	
肌萎縮性	ㄐㄧ ㄨㄟˇ ㄙㄨㄛ ㄒㄧㄥˋ	醫學	1	10	absent			-7.354194117						機萎縮性	肌萎縮性	機/萎縮/性	肌萎縮性	True	True	1		phrase.medicine.tsv	197	
肌酸激酶	ㄐㄧ ㄙㄨㄢ ㄐㄧ ㄇㄟˊ	醫學	1	14	absent			-7.354194117						機酸激沒	肌酸激酶	機/酸/激/沒	肌酸激酶	True	True	1		phrase.medicine.tsv	198	
肌酸酐比	ㄐㄧ ㄙㄨㄢ ㄏㄤˇ ㄅㄧˇ	醫學	1	11	absent			-7.354194117						機酸酐比	肌酸酐比	機/酸/酐/比	肌酸酐比	True	True	1		phrase.medicine.tsv	199	
肌鈣蛋白	ㄐㄧ ㄍㄞˋ ㄉㄢˋ ㄅㄞˊ	醫學	1	8	absent			-7.354194117						機概蛋白	肌鈣蛋白	機/概/蛋白	肌鈣蛋白	True	True	1		phrase.medicine.tsv	200	
肖特基	ㄒㄧㄠˋ ㄊㄜˋ ㄐㄧ	電子電機	1	10	absent			-7.354194117						笑特基	肖特基	笑/特/基	肖特基	True	True	1		phrase.electronics.tsv	159	
股利政策	ㄍㄨˇ ㄌㄧˋ ㄓㄥˋ ㄘㄜˋ	財會金融	1	10	absent			-7.354194117		鼓勵/政策	0.571864418	鼓勵/政策	0.571864418	鼓勵政策	鼓勵政策	鼓勵/政策	鼓勵/政策	False	False	1		phrase.finance.tsv	125	
肥料學	ㄈㄟˊ ㄌㄧㄠˋ ㄒㄩㄝˊ	農業食品	1	10	absent			-7.354194117						肥料學	肥料學	肥料/學	肥料/學	False	True	1		phrase.agriculture-food.tsv	45	
肩旋轉肌	ㄐㄧㄢ ㄒㄩㄢˊ ㄓㄨㄢˇ ㄐㄧ	醫學	1	11	absent			-7.354194117						間旋轉機	肩旋轉肌	間/旋轉/機	肩旋轉肌	True	True	1		phrase.medicine.tsv	202	
肺纖維化	ㄈㄟˋ ㄒㄧㄢ ㄨㄟˊ ㄏㄨㄚˋ	醫學	1	12	absent			-7.354194117						費纖維化	肺纖維化	費/纖維/化	肺纖維化	True	True	1		phrase.medicine.tsv	204	
胃食道	ㄨㄟˋ ㄕˊ ㄉㄠˋ	醫學	1	11	absent			-7.354194117						餵食到	餵食到	餵食/到	餵食/到	False	False	1		phrase.medicine.tsv	206	
背信罪	ㄅㄟˋ ㄒㄧㄣˋ ㄗㄨㄟˋ	法律	1	10	absent			-7.354194117						背信最	背信最	背信/最	背信/最	False	False	1		phrase.law.tsv	143	
胖虎	ㄆㄤˋ ㄏㄨˇ	動漫	1	17	absent			-7.354194117						胖許	胖虎	胖/許	胖虎	True	True	1		phrase.anime.tsv	1849	
胚胎幹細胞	ㄆㄟ ㄊㄞ ㄍㄢˋ ㄒㄧˋ ㄅㄠ	生技藥學	1	3	absent			-7.354194117		胚胎/幹細胞	2.691436286	胚胎/幹細胞	2.691436286	胚胎幹細胞	胚胎幹細胞	胚胎/幹細胞	胚胎幹細胞	False	True	1		phrase.biotech-pharma.tsv	80	
胡蝶忍	ㄏㄨˊ ㄉㄧㄝˊ ㄖㄣˇ	動漫	1	13	absent			-7.354194117						蝴蝶忍	胡蝶忍	蝴蝶/忍	胡蝶忍	True	True	1		phrase.anime.tsv	1851	
能源使用	ㄋㄥˊ ㄩㄢˊ ㄕˇ ㄩㄥˋ	環境能源	1	14	absent			-7.354194117		能源/使用	0.432749562	能源/使用	0.432749562	能源使用	能源使用	能源/使用	能源/使用	False	True	1		phrase.energy-environment.tsv	117	
能源效率	ㄋㄥˊ ㄩㄢˊ ㄒㄧㄠˋ ㄌㄩˋ	環境能源	1	11	absent			-7.354194117		能源/效率	1.391926145	能源/效率	1.391926145	能源效率	能源效率	能源/效率	能源/效率	False	True	1		phrase.energy-environment.tsv	118	
能源查核	ㄋㄥˊ ㄩㄢˊ ㄔㄚˊ ㄏㄜˊ	環境能源	1	11	absent			-7.354194117		能源/查核	2.212656553	能源/查核	2.212656553	能源查核	能源查核	能源/查核	能源/查核	False	True	1		phrase.energy-environment.tsv	119	
能源管理	ㄋㄥˊ ㄩㄢˊ ㄍㄨㄢˇ ㄌㄧˇ	環境能源	1	12	absent			-7.354194117		能源/管理	0.745706594	能源/管理	0.745706594	能源管理	能源管理	能源/管理	能源/管理	False	True	1		phrase.energy-environment.tsv	120	
能願動詞	ㄋㄥˊ ㄩㄢˋ ㄉㄨㄥˋ ㄘˊ	中文	1	13	absent			-7.354194117						能願動詞	能願動詞	能/願/動詞	能願動詞	False	True	1		phrase.chinese.tsv	114	
脂漏性	ㄓ ㄌㄡˋ ㄒㄧㄥˋ	醫學	1	10	absent			-7.354194117						之露性	脂漏性	之/露/性	脂漏性	True	True	1		phrase.medicine.tsv	208	
脫文	ㄊㄨㄛ ㄨㄣˊ	中文	1	11	absent			-7.354194117						託文	託文	託/文	託/文	False	False	1		phrase.chinese.tsv	115	
腎絲球	ㄕㄣˋ ㄙ ㄑㄧㄡˊ	醫學	1	10	absent			-7.354194117						慎思求	腎絲球	慎思/求	腎絲球	True	True	1		phrase.medicine.tsv	210	
腐蝕測試	ㄈㄨˇ ㄕˊ ㄘㄜˋ ㄕˋ	材料化工	1	16	absent			-7.354194117		腐蝕/測試	2.750227422	腐蝕/測試	2.750227422	腐蝕測試	腐蝕測試	腐蝕/測試	腐蝕/測試	False	True	1		phrase.materials-chemistry.tsv	86	
腐蝕防護	ㄈㄨˇ ㄕˊ ㄈㄤˊ ㄏㄨˋ	材料化工	1	10	absent			-7.354194117		腐蝕/防護	3.690681647	腐蝕/防護	3.690681647	腐蝕防護	腐蝕防護	腐蝕/防護	腐蝕/防護	False	True	1		phrase.materials-chemistry.tsv	87	
腦嚙涅羅	ㄋㄠˇ ㄋㄧㄝˋ ㄋㄧㄝˋ ㄌㄨㄛˊ	動漫	1	20	absent			-7.354194117						腦業業羅	腦嚙涅羅	腦/業/業/羅	腦嚙涅羅	True	True	1		phrase.anime.tsv	1852	
腦缺血	ㄋㄠˇ ㄑㄩㄝ ㄒㄩㄝˋ	醫學	1	10	absent			-7.354194117						腦缺血	腦缺血	腦/缺/血	腦缺血	False	True	1		phrase.medicine.tsv	213	
腸溶錠	ㄔㄤˊ ㄖㄨㄥˊ ㄉㄧㄥˋ	生技藥學	1	11	absent			-7.354194117						長榮定	腸溶錠	長榮/定	腸溶錠	True	True	1		phrase.biotech-pharma.tsv	81	
腸道	ㄔㄤˊ ㄉㄠˋ	醫學	1	10	absent	嚐到|嘗到|常到	-5.862832424	-7.354194117	-1.491361694			嚐到	-1.491361694	常到	常到	常/到	常/到	False	False	4	嘗到|嚐到|常到	phrase.medicine.tsv	214	
膜生物	ㄇㄛˊ ㄕㄥ ㄨˋ	環境能源	1	11	absent			-7.354194117						磨生物	磨生物	磨/生物	磨/生物	False	False	1		phrase.energy-environment.tsv	121	
膠體化學	ㄐㄧㄠ ㄊㄧˇ ㄏㄨㄚˋ ㄒㄩㄝˊ	科學	1	10	absent			-7.354194117		膠體/化學	4.504774704	膠體/化學	4.504774704	交體化學	膠體化學	交/體/化學	膠體化學	True	True	1		phrase.science.tsv	65	
膨鬆劑	ㄆㄥˊ ㄙㄨㄥ ㄐㄧˋ	農業食品	1	11	absent			-7.354194117						蓬鬆計	膨鬆劑	蓬鬆/計	膨鬆劑	True	True	1		phrase.agriculture-food.tsv	46	
臉書	ㄌㄧㄢˇ ㄕㄨ	一般	1	35	absent			-7.354194117						臉書	臉書	臉/書	臉/書	False	True	1		phrase.general.tsv	116	
臨床心理學	ㄌㄧㄣˊ ㄔㄨㄤˊ ㄒㄧㄣ ㄌㄧˇ ㄒㄩㄝˊ	心理社會	1	4	absent			-7.354194117		臨床/心理學	2.631017666	臨床/心理學	2.631017666	臨床心理學	臨床心理學	臨床/心理學	臨床/心理學	False	True	1		phrase.psychology-society.tsv	70	
臨床試驗	ㄌㄧㄣˊ ㄔㄨㄤˊ ㄕˋ ㄧㄢˋ	生技藥學	1	17	absent			-7.354194117		臨床/試驗	2.366889915	臨床/試驗	2.366889915	臨床試驗	臨床試驗	臨床/試驗	臨床/試驗	False	True	1		phrase.biotech-pharma.tsv	82	
自主保養	ㄗˋ ㄓㄨˇ ㄅㄠˇ ㄧㄤˇ	製造機械	1	11	absent			-7.354194117		自主/保養	2.332137097	自主/保養	2.332137097	自主保養	自主保養	自主/保養	自主/保養	False	True	1		phrase.manufacturing.tsv	111	
自來也	ㄗˋ ㄌㄞˊ ㄧㄝˇ	動漫	1	10	absent			-7.354194117						自來也	自來也	自來/也	自來也	False	True	1		phrase.anime.tsv	1854	
自動人偶	ㄗˋ ㄉㄨㄥˋ ㄖㄣˊ ㄡˇ	動漫	1	11	absent			-7.354194117		自動/人偶	2.972321263	自動/人偶	2.972321263	自動人偶	自動人偶	自動/人偶	自動人偶	False	True	1		phrase.anime.tsv	1856	
自動倉儲	ㄗˋ ㄉㄨㄥˋ ㄘㄤ ㄔㄨˊ	交通物流	1	11	absent			-7.354194117		自動/倉儲	2.75971317	自動/倉儲	2.75971317	自動倉儲	自動倉儲	自動/倉儲	自動/倉儲	False	True	1		phrase.transport-logistics.tsv	81	
自動分揀	ㄗˋ ㄉㄨㄥˋ ㄈㄣ ㄐㄧㄢˇ	交通物流	1	11	absent			-7.354194117						自動分揀	自動分揀	自動/分/揀	自動分揀	False	True	1		phrase.transport-logistics.tsv	82	
自動列車	ㄗˋ ㄉㄨㄥˋ ㄌㄧㄝˋ ㄔㄜ	交通物流	1	13	absent			-7.354194117		自動/列車	1.945723494	自動/列車	1.945723494	自動列車	自動列車	自動/列車	自動/列車	False	True	1		phrase.transport-logistics.tsv	83	
自動化產線	ㄗˋ ㄉㄨㄥˋ ㄏㄨㄚˋ ㄔㄢˇ ㄒㄧㄢˋ	製造機械	1	13	absent			-7.354194117						自動化產線	自動化產線	自動化/產/線	自動化產線	False	True	1		phrase.manufacturing.tsv	112	
自動導引車	ㄗˋ ㄉㄨㄥˋ ㄉㄠˇ ㄧㄣˇ ㄔㄜ	交通物流	1	4	absent			-7.354194117						自動導引車	自動導引車	自動/導引/車	自動導引車	False	True	1		phrase.transport-logistics.tsv	84	
自媒體	ㄗˋ ㄇㄟˊ ㄊㄧˇ	一般	1	22	absent			-7.354194117						字媒體	字媒體	字/媒體	字/媒體	False	False	1		phrase.general.tsv	117	
自我實現	ㄗˋ ㄨㄛˇ ㄕˊ ㄒㄧㄢˋ	心理社會	1	12	absent			-7.354194117		自我/實現	1.283536115	自我/實現	1.283536115	自我實現	自我實現	自我/實現	自我/實現	False	True	1		phrase.psychology-society.tsv	71	
自我效能	ㄗˋ ㄨㄛˇ ㄒㄧㄠˋ ㄋㄥˊ	心理社會	1	12	absent			-7.354194117		自我/效能	1.837871646	自我/效能	1.837871646	自我效能	自我效能	自我/效能	自我/效能	False	True	1		phrase.psychology-society.tsv	72	
自我概念	ㄗˋ ㄨㄛˇ ㄍㄞˋ ㄋㄧㄢˋ	心理社會	1	12	absent			-7.354194117		自我/概念	1.061803347	自我/概念	1.061803347	自我概念	自我概念	自我/概念	自我/概念	False	True	1		phrase.psychology-society.tsv	73	
自旋	ㄗˋ ㄒㄩㄢˊ	科學	1	13	absent			-7.354194117						字還	字還	字/還	字/還	False	False	1		phrase.science.tsv	66	
自然語言	ㄗˋ ㄖㄢˊ ㄩˇ ㄧㄢˊ	AI資料科學	1	5	absent			-7.354194117		自然/語言	0.488996717	自然/語言	0.488996717	自然語言	自然語言	自然/語言	自然/語言	False	True	1		phrase.ai-data-science.tsv	133	
自由基聚合	ㄗˋ ㄧㄡˊ ㄐㄧ ㄐㄩˋ ㄏㄜˊ	材料化工	1	3	absent			-7.354194117		自由基/聚合	4.226441602	自由基/聚合	4.226441602	自由基聚合	自由基聚合	自由基/聚合	自由基/聚合	False	True	1		phrase.materials-chemistry.tsv	88	
自由工作者	ㄗˋ ㄧㄡˊ ㄍㄨㄥ ㄗㄨㄛˋ ㄓㄜˇ	一般	1	10	absent			-7.354194117		自由/工作者	0.825459268	自由/工作者	0.825459268	自由工作者	自由工作者	自由/工作者	自由/工作者	False	True	1		phrase.general.tsv	120	
自由現金流	ㄗˋ ㄧㄡˊ ㄒㄧㄢˋ ㄐㄧㄣ ㄌㄧㄡˊ	財會金融	1	5	absent			-7.354194117						自由現金流	自由現金流	自由/現金/流	自由現金流	False	True	1		phrase.finance.tsv	127	
自由能	ㄗˋ ㄧㄡˊ ㄋㄥˊ	科學	1	13	absent			-7.354194117						自由能	自由能	自由/能	自由/能	False	True	1		phrase.science.tsv	67	
自由詞素	ㄗˋ ㄧㄡˊ ㄘˊ ㄙㄨˋ	中文	1	12	absent			-7.354194117		自由/詞素	3.731255148	自由/詞素	3.731255148	自由詞素	自由詞素	自由/詞素	自由/詞素	False	True	1		phrase.chinese.tsv	116	
自白法則	ㄗˋ ㄅㄛˊ ㄈㄚˇ ㄗㄜˊ	法律	1	10	absent			-7.354194117		自白/法則	3.392630655	自白/法則	3.392630655	自白法則	自白法則	自白/法則	自白/法則	False	True	1		phrase.law.tsv	145	
自監督學習	ㄗˋ ㄐㄧㄢ ㄉㄨ ㄒㄩㄝˊ ㄒㄧˊ	AI資料科學	1	6	absent			-7.354194117						字監督學習	自監督學習	字/監督/學習	自監督學習	True	True	1		phrase.ai-data-science.tsv	134	
自私鬼	ㄗˋ ㄙ ㄍㄨㄟˇ	動漫	1	15	absent			-7.354194117						自私鬼	自私鬼	自私/鬼	自私鬼	False	True	1		phrase.anime.tsv	1858	
自編碼器	ㄗˋ ㄅㄧㄢ ㄇㄚˇ ㄑㄧˋ	AI資料科學	1	12	absent			-7.354194117						字編碼器	自編碼器	字/編碼/器	自編碼器	True	True	1		phrase.ai-data-science.tsv	135	
自行車運輸	ㄗˋ ㄒㄧㄥˊ ㄔㄜ ㄩㄣˋ ㄕㄨ	交通物流	1	4	absent			-7.354194117		自行車/運輸	2.400502063	自行車/運輸	2.400502063	自行車運輸	自行車運輸	自行車/運輸	自行車/運輸	False	True	1		phrase.transport-logistics.tsv	86	
自駕車	ㄗˋ ㄐㄧㄚˋ ㄔㄜ	一般	1	15	absent			-7.354194117						字駕車	自駕車	字/駕車	自駕車	True	True	1		phrase.general.tsv	121	
臭氧消毒	ㄔㄡˋ ㄧㄤˇ ㄒㄧㄠ ㄉㄨˊ	環境能源	1	10	absent			-7.354194117		臭氧/消毒	3.543558417	臭氧/消毒	3.543558417	臭氧消毒	臭氧消毒	臭氧/消毒	臭氧消毒	False	True	1		phrase.energy-environment.tsv	122	
臺灣史	ㄊㄞˊ ㄨㄢ ㄕˇ	歷史	1	10	absent	台灣史	-5.376470512	-7.354194117	-1.977723605			台灣史	-1.977723605	台灣史	台灣史	台灣史	台灣史	False	False	2	台灣史	phrase.history.tsv	140	
臺灣民主國	ㄊㄞˊ ㄨㄢ ㄇㄧㄣˊ ㄓㄨˇ ㄍㄨㄛˊ	歷史	1	2	absent			-7.354194117		台灣/民主國	1.392195298	台灣/民主國	1.392195298	台灣民主國	臺灣民主國	台灣/民主國	臺灣民主國	True	True	1		phrase.history.tsv	141	
臺灣民眾黨	ㄊㄞˊ ㄨㄢ ㄇㄧㄣˊ ㄓㄨㄥˋ ㄉㄤˇ	歷史	1	4	absent			-7.354194117						台灣民眾黨	臺灣民眾黨	台灣/民眾/黨	臺灣民眾黨	True	True	1		phrase.history.tsv	142	
臺灣總督府	ㄊㄞˊ ㄨㄢ ㄗㄨㄥˇ ㄉㄨ ㄈㄨˇ	歷史	1	2	absent			-7.354194117		台灣/總督府	1.299881036	台灣/總督府	1.299881036	台灣總督府	臺灣總督府	台灣/總督府	臺灣總督府	True	True	1		phrase.history.tsv	143	
與太郎	ㄩˇ ㄊㄞˋ ㄌㄤˊ	動漫	1	12	absent			-7.354194117						與太郎	與太郎	與/太郎	與太郎	False	True	1		phrase.anime.tsv	1859	
與營運規劃	ㄩˇ ㄧㄥˊ ㄩㄣˋ ㄍㄨㄟ ㄏㄨㄚˋ	商業	1	5	absent			-7.354194117						與營運規劃	與營運規劃	與/營運/規劃	與營運規劃	False	True	1		phrase.business.tsv	154	
舉證責任	ㄐㄩˇ ㄓㄥˋ ㄗㄜˊ ㄖㄣˋ	法律	1	10	absent			-7.354194117		舉證/責任	2.375853795	舉證/責任	2.375853795	舉證責任	舉證責任	舉證/責任	舉證/責任	False	True	1		phrase.law.tsv	146	
航空保安	ㄏㄤˊ ㄎㄨㄥ ㄅㄠˇ ㄢ	交通物流	1	11	absent			-7.354194117		航空/保安	2.425306889	航空/保安	2.425306889	航空保安	航空保安	航空/保安	航空/保安	False	True	1		phrase.transport-logistics.tsv	87	
航空貨運	ㄏㄤˊ ㄎㄨㄥ ㄏㄨㄛˋ ㄩㄣˋ	交通物流	1	11	absent			-7.354194117		航空/貨運	2.750249042	航空/貨運	2.750249042	航空貨運	航空貨運	航空/貨運	航空/貨運	False	True	1		phrase.transport-logistics.tsv	88	
船井讓次	ㄔㄨㄢˊ ㄐㄧㄥˇ ㄖㄤˋ ㄘˋ	動漫	1	13	absent			-7.354194117						傳景讓次	船井讓次	傳/景/讓/次	船井讓次	True	True	1		phrase.anime.tsv	1861	
良率分析	ㄌㄧㄤˊ ㄌㄩˋ ㄈㄣ ㄒㄧ	晶片半導體	1	16	absent			-7.354194117		良率/分析	2.971564809	良率/分析	2.971564809	良率分析	良率分析	良率/分析	良率/分析	False	True	1		phrase.semiconductor.tsv	131	
色彩分級	ㄙㄜˋ ㄘㄞˇ ㄈㄣ ㄐㄧˊ	媒體設計	1	11	absent			-7.354194117		色彩/分級	2.389665789	色彩/分級	2.389665789	色彩分級	色彩分級	色彩/分級	色彩/分級	False	True	1		phrase.media-design.tsv	75	
色彩理論	ㄙㄜˋ ㄘㄞˇ ㄌㄧˇ ㄌㄨㄣˋ	媒體設計	1	11	absent			-7.354194117		色彩/理論	1.395960022	色彩/理論	1.395960022	色彩理論	色彩理論	色彩/理論	色彩/理論	False	True	1		phrase.media-design.tsv	76	
色彩空間	ㄙㄜˋ ㄘㄞˇ ㄎㄨㄥ ㄐㄧㄢ	媒體設計	1	11	absent			-7.354194117		色彩/空間	0.94643095	色彩/空間	0.94643095	色彩空間	色彩空間	色彩/空間	色彩/空間	False	True	1		phrase.media-design.tsv	77	
色溫	ㄙㄜˋ ㄨㄣ	媒體設計	1	12	absent			-7.354194117						色溫	色溫	色/溫	色/溫	False	True	1		phrase.media-design.tsv	78	
艾冉	ㄞˋ ㄖㄢˇ	動漫	1	12	absent			-7.354194117						愛染	愛染	愛/染	愛/染	False	False	1		phrase.anime.tsv	1862	
艾利亞斯	ㄞˋ ㄌㄧˋ ㄧㄚˇ ㄙ	動漫	1	17	absent			-7.354194117						愛力亞斯	艾利亞斯	愛/力/亞斯	艾利亞斯	True	True	1		phrase.anime.tsv	1863	
艾利斯	ㄞˋ ㄌㄧˋ ㄙ	動漫	1	19	absent	愛麗絲	-5.409711445	-7.354194117	-1.944482672			愛麗絲	-1.944482672	愛麗絲	愛麗絲	愛麗絲	愛麗絲	False	False	2	愛麗絲	phrase.anime.tsv	1864	
艾力克	ㄞˋ ㄌㄧˋ ㄎㄜˋ	動漫	1	24	absent			-7.354194117						愛立刻	愛立刻	愛/立刻	愛/立刻	False	False	1		phrase.anime.tsv	1865	
艾因	ㄞˋ ㄧㄣ	動漫	1	12	absent			-7.354194117						愛因	愛因	愛/因	愛/因	False	False	1		phrase.anime.tsv	1866	
艾基爾	ㄞˋ ㄐㄧ ㄦˇ	動漫	1	11	absent			-7.354194117						愛基爾	艾基爾	愛/基爾	艾基爾	True	True	1		phrase.anime.tsv	1867	
艾妮絲菲亞	ㄞˋ ㄋㄧˊ ㄙ ㄈㄟ ㄧㄚˇ	動漫	1	17	absent			-7.354194117						愛尼斯非亞	艾妮絲菲亞	愛/尼斯/非/亞	艾妮絲菲亞	True	True	1		phrase.anime.tsv	1868	
艾姬多娜	ㄞˋ ㄐㄧ ㄉㄨㄛ ㄋㄚˋ	動漫	1	11	absent			-7.354194117						愛機多那	艾姬多娜	愛/機/多/那	艾姬多娜	True	True	1		phrase.anime.tsv	1869	
艾娜	ㄞˋ ㄋㄚˋ	動漫	1	11	absent			-7.354194117						愛那	愛那	愛/那	愛/那	False	False	1		phrase.anime.tsv	1870	
艾恩葛朗特	ㄞˋ ㄣ ㄍㄜˊ ㄌㄤˇ ㄊㄜˋ	動漫	1	14	absent			-7.354194117						愛恩格朗特	艾恩葛朗特	愛/恩/格/朗/特	艾恩葛朗特	True	True	1		phrase.anime.tsv	1871	
艾斯	ㄞˋ ㄙ	動漫	1	16	absent			-7.354194117						愛司	愛司	愛/司	愛/司	False	False	1		phrase.anime.tsv	1872	
艾斯卡諾	ㄞˋ ㄙ ㄎㄚˇ ㄋㄨㄛˋ	動漫	1	8	absent			-7.354194117						愛司卡諾	艾斯卡諾	愛/司/卡諾	艾斯卡諾	True	True	1		phrase.anime.tsv	1873	
艾斯德斯	ㄞˋ ㄙ ㄉㄜˊ ㄙ	動漫	1	11	absent			-7.354194117						愛司得司	艾斯德斯	愛/司/得/司	艾斯德斯	True	True	1		phrase.anime.tsv	1874	
艾普斯隆	ㄞˋ ㄆㄨˇ ㄙ ㄌㄨㄥˊ	動漫	1	12	absent			-7.354194117						愛普司龍	艾普斯隆	愛/普/司/龍	艾普斯隆	True	True	1		phrase.anime.tsv	1875	
艾普羅	ㄞˋ ㄆㄨˇ ㄌㄨㄛˊ	動漫	1	14	absent			-7.354194117						愛普羅	艾普羅	愛/普羅	艾普羅	True	True	1		phrase.anime.tsv	1876	
艾波納	ㄞˋ ㄅㄛ ㄋㄚˋ	動漫	1	9	absent			-7.354194117						愛波那	艾波納	愛/波/那	艾波納	True	True	1		phrase.anime.tsv	1877	
艾爾文	ㄞˋ ㄦˇ ㄨㄣˊ	動漫	1	15	absent			-7.354194117						愛耳聞	艾爾文	愛/耳聞	艾爾文	True	True	1		phrase.anime.tsv	1878	
艾爾莎	ㄞˋ ㄦˇ ㄕㄚ	動漫	1	15	absent			-7.354194117						愛爾殺	艾爾莎	愛/爾/殺	艾爾莎	True	True	1		phrase.anime.tsv	1879	
艾瑟依拉姆	ㄞˋ ㄙㄜˋ ㄧ ㄌㄚ ㄇㄨˇ	動漫	1	13	absent			-7.354194117						愛色一拉母	艾瑟依拉姆	愛/色/一/拉/母	艾瑟依拉姆	True	True	1		phrase.anime.tsv	1880	
艾米娜卡	ㄞˋ ㄇㄧˇ ㄋㄚˋ ㄎㄚˇ	動漫	1	12	absent			-7.354194117						愛米那卡	艾米娜卡	愛/米/那/卡	艾米娜卡	True	True	1		phrase.anime.tsv	1882	
艾納爾	ㄞˋ ㄋㄚˋ ㄦˇ	動漫	1	12	absent			-7.354194117						愛那爾	艾納爾	愛/那/爾	艾納爾	True	True	1		phrase.anime.tsv	1883	
艾絲	ㄞˋ ㄙ	動漫	1	16	absent			-7.354194117						愛司	愛司	愛/司	愛/司	False	False	2		phrase.anime.tsv	1884	
艾美諾公主	ㄞˋ ㄇㄟˇ ㄋㄨㄛˋ ㄍㄨㄥ ㄓㄨˇ	動漫	1	10	absent			-7.354194117						愛美諾公主	艾美諾公主	愛/美/諾/公主	艾美諾公主	True	True	1		phrase.anime.tsv	1885	
艾莉	ㄞˋ ㄌㄧˋ	動漫	1	21	absent			-7.354194117						愛力	愛力	愛/力	愛/力	False	False	1		phrase.anime.tsv	1886	
艾莉同學	ㄞˋ ㄌㄧˋ ㄊㄨㄥˊ ㄒㄩㄝˊ	動漫	1	22	absent			-7.354194117						愛力同學	艾莉同學	愛/力/同學	艾莉同學	True	True	1		phrase.anime.tsv	1887	
艾莉歐斯亞	ㄞˋ ㄌㄧˋ ㄡ ㄙ ㄧㄚˇ	動漫	1	13	absent			-7.354194117						愛力歐嘶啞	艾莉歐斯亞	愛/力/歐/嘶啞	艾莉歐斯亞	True	True	1		phrase.anime.tsv	1888	
艾莉絲	ㄞˋ ㄌㄧˋ ㄙ	動漫	1	16	absent	愛麗絲	-5.409711445	-7.354194117	-1.944482672			愛麗絲	-1.944482672	愛麗絲	愛麗絲	愛麗絲	愛麗絲	False	False	3	愛麗絲	phrase.anime.tsv	1889	
艾莉緹	ㄞˋ ㄌㄧˋ ㄊㄧˊ	動漫	1	22	absent			-7.354194117						愛力題	艾莉緹	愛/力/題	艾莉緹	True	True	1		phrase.anime.tsv	1890	
艾蒂菲爾特	ㄞˋ ㄉㄧˋ ㄈㄟ ㄦˇ ㄊㄜˋ	動漫	1	15	absent			-7.354194117						愛的非爾特	艾蒂菲爾特	愛/的/非/爾/特	艾蒂菲爾特	True	True	1		phrase.anime.tsv	1891	
艾蕾卡	ㄞˋ ㄌㄟˇ ㄎㄚˇ	動漫	1	14	absent			-7.354194117						愛累卡	艾蕾卡	愛/累/卡	艾蕾卡	True	True	1		phrase.anime.tsv	1892	
艾薇兒布	ㄞˋ ㄨㄟˊ ㄦˊ ㄅㄨˋ	動漫	1	13	absent			-7.354194117						愛為而不	艾薇兒布	愛/為/而不	艾薇兒布	True	True	1		phrase.anime.tsv	1893	
艾薩克迪安	ㄞˋ ㄙㄚˋ ㄎㄜˋ ㄉㄧˊ ㄢ	動漫	1	17	absent			-7.354194117						愛卅客的安	艾薩克迪安	愛/卅/客/的/安	艾薩克迪安	True	True	1		phrase.anime.tsv	1894	
艾蘭諾	ㄞˋ ㄌㄢˊ ㄋㄨㄛˋ	動漫	1	14	absent			-7.354194117						愛蘭諾	艾蘭諾	愛/蘭/諾	艾蘭諾	True	True	1		phrase.anime.tsv	1895	
艾連葉卡	ㄞˋ ㄌㄧㄢˊ ㄧㄝˋ ㄎㄚˇ	動漫	1	25	absent			-7.354194117						愛連夜卡	艾連葉卡	愛/連夜/卡	艾連葉卡	True	True	1		phrase.anime.tsv	1896	
芙拉蒂蕾娜	ㄈㄨˊ ㄌㄚ ㄉㄧˋ ㄌㄟˇ ㄋㄚˋ	動漫	1	17	absent			-7.354194117						伏拉的累那	芙拉蒂蕾娜	伏/拉/的/累/那	芙拉蒂蕾娜	True	True	1		phrase.anime.tsv	1897	
芙莉蓮	ㄈㄨˊ ㄌㄧˋ ㄌㄧㄢˊ	動漫	1	27	0			-7.354194117						福利連	芙莉蓮	福利/連	芙莉蓮	True	True	1		phrase.anime.tsv	1898	
芙蕾阿斯達	ㄈㄨˊ ㄌㄟˇ ㄚ ㄙ ㄉㄚˊ	動漫	1	13	absent			-7.354194117						伏累阿司達	芙蕾阿斯達	伏/累/阿/司/達	芙蕾阿斯達	True	True	1		phrase.anime.tsv	1899	
芥川龍之介	ㄐㄧㄝˋ ㄔㄨㄢ ㄌㄨㄥˊ ㄓ ㄐㄧㄝˋ	動漫	1	15	absent			-7.354194117						借穿龍之界	芥川龍之介	借/穿/龍/之/界	芥川龍之介	True	True	1		phrase.anime.tsv	1901	
花井梓	ㄏㄨㄚ ㄐㄧㄥˇ ㄗˇ	動漫	1	12	absent			-7.354194117						花景子	花井梓	花/景/子	花井梓	True	True	1		phrase.anime.tsv	1903	
花園多惠	ㄏㄨㄚ ㄩㄢˊ ㄉㄨㄛ ㄏㄨㄟˋ	動漫	1	17	absent			-7.354194117		花園/多會	3.623654081	花園/多會	3.623654081	花園多會	花園多惠	花園/多/會	花園多惠	True	True	1		phrase.anime.tsv	1905	
花園櫻	ㄏㄨㄚ ㄩㄢˊ ㄧㄥ	動漫	1	14	absent			-7.354194117						花園應	花園應	花園/應	花園/應	False	False	1		phrase.anime.tsv	1906	
花垣武道	ㄏㄨㄚ ㄩㄢˊ ㄨˇ ㄉㄠˋ	動漫	1	22	absent			-7.354194117		花園/舞蹈	2.105833349	花園/舞蹈	2.105833349	花園舞蹈	花垣武道	花園/舞蹈	花垣武道	True	True	1		phrase.anime.tsv	1907	
花媽	ㄏㄨㄚ ㄇㄚ	動漫	1	24	absent			-7.354194117						花媽	花媽	花/媽	花/媽	False	True	1		phrase.anime.tsv	1908	
花子君	ㄏㄨㄚ ㄗˇ ㄐㄩㄣ	動漫	1	23	absent			-7.354194117						花子軍	花子君	花/子/軍	花子君	True	True	1		phrase.anime.tsv	1909	
花山薰	ㄏㄨㄚ ㄕㄢ ㄒㄩㄣ	動漫	1	11	absent			-7.354194117						花山勳	花山薰	花/山/勳	花山薰	True	True	1		phrase.anime.tsv	1910	
花式滑冰	ㄏㄨㄚ ㄕˋ ㄏㄨㄚˊ ㄅㄧㄥ	動漫	1	13	absent			-7.354194117		花式/滑冰	4.835680178	花式/滑冰	4.835680178	花是滑冰	花式滑冰	花/是/滑冰	花式滑冰	True	True	1		phrase.anime.tsv	1911	
花本葉久美	ㄏㄨㄚ ㄅㄣˇ ㄧㄝˋ ㄐㄧㄡˇ ㄇㄟˇ	動漫	1	15	absent			-7.354194117						花本業九美	花本葉久美	花/本/業/九/美	花本葉久美	True	True	1		phrase.anime.tsv	1912	
花枝娘	ㄏㄨㄚ ㄓ ㄋㄧㄤˊ	動漫	1	21	absent			-7.354194117						花之娘	花枝娘	花/之/娘	花枝娘	True	True	1		phrase.anime.tsv	1913	
花澤輝氣	ㄏㄨㄚ ㄗㄜˊ ㄏㄨㄟ ㄑㄧˋ	動漫	1	15	absent			-7.354194117						花則揮氣	花澤輝氣	花/則/揮/氣	花澤輝氣	True	True	1		phrase.anime.tsv	1914	
花爸	ㄏㄨㄚ ㄅㄚˋ	動漫	1	16	absent			-7.354194117						花爸	花爸	花/爸	花/爸	False	True	1		phrase.anime.tsv	1915	
花牌情緣	ㄏㄨㄚ ㄆㄞˊ ㄑㄧㄥˊ ㄩㄢˊ	動漫	1	20	absent			-7.354194117						花排情員	花牌情緣	花/排/情/員	花牌情緣	True	True	1		phrase.anime.tsv	1916	
花菱烈火	ㄏㄨㄚ ㄌㄧㄥˊ ㄌㄧㄝˋ ㄏㄨㄛˇ	動漫	1	17	absent			-7.354194117						花靈烈火	花菱烈火	花/靈/烈火	花菱烈火	True	True	1		phrase.anime.tsv	1918	
花開物語	ㄏㄨㄚ ㄎㄞ ㄨˋ ㄩˇ	動漫	1	19	absent			-7.354194117		花開/物語	4.395152725	花開/物語	4.395152725	花開物語	花開物語	花/開/物語	花開物語	False	True	1		phrase.anime.tsv	1919	
芳村	ㄈㄤ ㄘㄨㄣ	動漫	1	14	absent			-7.354194117						方村	方村	方/村	方/村	False	False	1		phrase.anime.tsv	1920	
芹澤朋也	ㄑㄧㄣˊ ㄗㄜˊ ㄆㄥˊ ㄧㄝˇ	動漫	1	14	absent			-7.354194117						秦則朋也	芹澤朋也	秦/則/朋/也	芹澤朋也	True	True	1		phrase.anime.tsv	1922	
芹澤蕾拉	ㄑㄧㄣˊ ㄗㄜˊ ㄌㄟˇ ㄌㄚ	動漫	1	11	absent			-7.354194117						秦則累拉	芹澤蕾拉	秦/則/累/拉	芹澤蕾拉	True	True	1		phrase.anime.tsv	1923	
芽亞里	ㄧㄚˊ ㄧㄚˇ ㄌㄧˇ	動漫	1	18	absent			-7.354194117						牙亞理	芽亞里	牙/亞/理	芽亞里	True	True	1		phrase.anime.tsv	1924	
若月妮可	ㄖㄨㄛˋ ㄩㄝˋ ㄋㄧˊ ㄎㄜˇ	動漫	1	15	absent			-7.354194117						若月呢可	若月妮可	若/月/呢/可	若月妮可	True	True	1		phrase.anime.tsv	1925	
若本真吾	ㄖㄨㄛˋ ㄅㄣˇ ㄓㄣ ㄨˊ	動漫	1	14	absent			-7.354194117						若本真無	若本真吾	若/本/真/無	若本真吾	True	True	1		phrase.anime.tsv	1926	
若狹悠里	ㄖㄨㄛˋ ㄒㄧㄚˊ ㄧㄡ ㄌㄧˇ	動漫	1	14	absent			-7.354194117						若峽優理	若狹悠里	若/峽/優/理	若狹悠里	True	True	1		phrase.anime.tsv	1927	
若葉姬色	ㄖㄨㄛˋ ㄧㄝˋ ㄐㄧ ㄙㄜˋ	動漫	1	15	absent			-7.354194117						若業績色	若葉姬色	若/業績/色	若葉姬色	True	True	1		phrase.anime.tsv	1928	
英偉達	ㄧㄥ ㄨㄟˇ ㄉㄚˊ	一般	1	8	absent			-7.354194117						應委達	英偉達	應/委/達	英偉達	True	True	1		phrase.general.tsv	123	
英國革命	ㄧㄥ ㄍㄨㄛˊ ㄍㄜˊ ㄇㄧㄥˋ	歷史	1	12	absent			-7.354194117		英國/革命	1.230908407	英國/革命	1.230908407	英國革命	英國革命	英國/革命	英國/革命	False	True	1		phrase.history.tsv	144	
英雄學院	ㄧㄥ ㄒㄩㄥˊ ㄒㄩㄝˊ ㄩㄢˋ	動漫	1	26	absent			-7.354194117		英雄/學院	1.452961993	英雄/學院	1.452961993	英雄學院	英雄學院	英雄/學院	英雄/學院	False	True	1		phrase.anime.tsv	1929	
茂木夏樹	ㄇㄠˋ ㄇㄨˋ ㄒㄧㄚˋ ㄕㄨˋ	動漫	1	13	absent			-7.354194117						帽目下數	茂木夏樹	帽/目/下/數	茂木夏樹	True	True	1		phrase.anime.tsv	1930	
茂野吾郎	ㄇㄠˋ ㄧㄝˇ ㄨˊ ㄌㄤˊ	動漫	1	18	absent			-7.354194117						帽也無郎	茂野吾郎	帽/也/無/郎	茂野吾郎	True	True	1		phrase.anime.tsv	1931	
茂野英毅	ㄇㄠˋ ㄧㄝˇ ㄧㄥ ㄧˋ	動漫	1	12	absent			-7.354194117						帽也應一	茂野英毅	帽/也/應/一	茂野英毅	True	True	1		phrase.anime.tsv	1932	
范格	ㄈㄢˋ ㄍㄜˊ	動漫	1	12	absent			-7.354194117						飯格	飯格	飯/格	飯/格	False	False	1		phrase.anime.tsv	1933	
茅場晶彥	ㄇㄠˊ ㄔㄤˇ ㄐㄧㄥ ㄧㄢˋ	動漫	1	14	absent			-7.354194117						毛場經驗	茅場晶彥	毛/場/經驗	茅場晶彥	True	True	1		phrase.anime.tsv	1934	
茅野楓	ㄇㄠˊ ㄧㄝˇ ㄈㄥ	動漫	1	15	absent			-7.354194117						毛也封	茅野楓	毛/也/封	茅野楓	True	True	1		phrase.anime.tsv	1935	
茅野貴子	ㄇㄠˊ ㄧㄝˇ ㄍㄨㄟˋ ㄗˇ	動漫	1	11	absent			-7.354194117						毛也貴子	茅野貴子	毛/也/貴子	茅野貴子	True	True	1		phrase.anime.tsv	1936	
茉希尾瀨	ㄇㄛˋ ㄒㄧ ㄨㄟˇ ㄌㄞˋ	動漫	1	13	absent			-7.354194117						末西委來	茉希尾瀨	末/西/委/來	茉希尾瀨	True	True	1		phrase.anime.tsv	1937	
茵蒂克絲	ㄧㄣ ㄉㄧˋ ㄎㄜˋ ㄙ	動漫	1	18	absent			-7.354194117		因地/緙絲	5.561802428	因地/緙絲	5.561802428	因地客司	茵蒂克絲	因/地/客/司	茵蒂克絲	True	True	1		phrase.anime.tsv	1939	
草壁梅	ㄘㄠˇ ㄅㄧˋ ㄇㄟˊ	動漫	1	22	absent			-7.354194117						草必沒	草壁梅	草/必/沒	草壁梅	True	True	1		phrase.anime.tsv	1940	
草壁皋月	ㄘㄠˇ ㄅㄧˋ ㄍㄠ ㄩㄝˋ	動漫	1	25	absent			-7.354194117						草必高月	草壁皋月	草/必/高/月	草壁皋月	True	True	1		phrase.anime.tsv	1941	
草摩夾	ㄘㄠˇ ㄇㄛˊ ㄐㄧㄚˊ	動漫	1	17	absent			-7.354194117						草模夾	草摩夾	草/模/夾	草摩夾	True	True	1		phrase.anime.tsv	1942	
草摩慊人	ㄘㄠˇ ㄇㄛˊ ㄑㄧㄢˋ ㄖㄣˊ	動漫	1	11	absent			-7.354194117						草模欠人	草摩慊人	草/模/欠/人	草摩慊人	True	True	1		phrase.anime.tsv	1943	
草摩由希	ㄘㄠˇ ㄇㄛˊ ㄧㄡˊ ㄒㄧ	動漫	1	19	absent			-7.354194117						草模由西	草摩由希	草/模/由/西	草摩由希	True	True	1		phrase.anime.tsv	1944	
草摩紅葉	ㄘㄠˇ ㄇㄛˊ ㄏㄨㄥˊ ㄧㄝˋ	動漫	1	13	absent			-7.354194117						草模紅葉	草摩紅葉	草/模/紅葉	草摩紅葉	True	True	1		phrase.anime.tsv	1945	
草摩紫吳	ㄘㄠˇ ㄇㄛˊ ㄗˇ ㄨˊ	動漫	1	15	absent			-7.354194117						草模子無	草摩紫吳	草/模/子/無	草摩紫吳	True	True	1		phrase.anime.tsv	1946	
草薙素子	ㄘㄠˇ ㄊㄧˋ ㄙㄨˋ ㄗ˙	動漫	1	21	absent			-7.354194117						草替速子	草薙素子	草/替/速/子	草薙素子	True	True	1		phrase.anime.tsv	1947	
荊棘魔法使	ㄐㄧㄥ ㄐㄧˊ ㄇㄛˊ ㄈㄚˇ ㄕˇ	動漫	1	13	absent			-7.354194117						經及魔法使	荊棘魔法使	經/及/魔法/使	荊棘魔法使	True	True	1		phrase.anime.tsv	1948	
荒卷大輔	ㄏㄨㄤ ㄐㄩㄢˇ ㄉㄚˋ ㄈㄨˇ	動漫	1	14	absent			-7.354194117						荒捲大府	荒卷大輔	荒/捲/大/府	荒卷大輔	True	True	1		phrase.anime.tsv	1949	
荒川河畔	ㄏㄨㄤ ㄔㄨㄢ ㄏㄜˊ ㄆㄢˋ	動漫	1	12	absent			-7.354194117						荒穿河畔	荒川河畔	荒/穿/河畔	荒川河畔	True	True	1		phrase.anime.tsv	1950	
荒川爆笑團	ㄏㄨㄤ ㄔㄨㄢ ㄅㄠˋ ㄒㄧㄠˋ ㄊㄨㄢˊ	動漫	1	20	absent			-7.354194117						荒穿爆笑團	荒川爆笑團	荒/穿/爆笑/團	荒川爆笑團	True	True	1		phrase.anime.tsv	1951	
荒耶宗蓮	ㄏㄨㄤ ㄧㄝ ㄗㄨㄥ ㄌㄧㄢˊ	動漫	1	12	absent			-7.354194117						荒耶宗連	荒耶宗蓮	荒/耶/宗/連	荒耶宗蓮	True	True	1		phrase.anime.tsv	1952	
荒野女巫	ㄏㄨㄤ ㄧㄝˇ ㄋㄩˇ ㄨˊ	動漫	1	16	absent			-7.354194117		荒野/女巫	4.225794849	荒野/女巫	4.225794849	荒野女巫	荒野女巫	荒野/女巫	荒野女巫	False	True	1		phrase.anime.tsv	1953	
荷治時期	ㄏㄜˊ ㄓˋ ㄕˊ ㄑㄧˊ	歷史	1	11	absent			-7.354194117						和志時期	荷治時期	和/志/時期	荷治時期	True	True	1		phrase.history.tsv	145	
荷米莉	ㄏㄜˊ ㄇㄧˇ ㄌㄧˋ	動漫	1	14	absent			-7.354194117						和米粒	荷米莉	和/米粒	荷米莉	True	True	1		phrase.anime.tsv	1954	
荻野千尋	ㄉㄧˊ ㄧㄝˇ ㄑㄧㄢ ㄒㄩㄣˊ	動漫	1	25	absent			-7.354194117						的也簽尋	荻野千尋	的/也/簽/尋	荻野千尋	True	True	1		phrase.anime.tsv	1955	
莉可	ㄌㄧˋ ㄎㄜˇ	動漫	1	20	absent			-7.354194117						立可	立可	立/可	立/可	False	False	1		phrase.anime.tsv	1956	
莉可麗絲	ㄌㄧˋ ㄎㄜˇ ㄌㄧˋ ㄙ	動漫	1	24	absent			-7.354194117						立可力司	莉可麗絲	立/可/力/司	莉可麗絲	True	True	1		phrase.anime.tsv	1957	
莉法	ㄌㄧˋ ㄈㄚˇ	動漫	1	18	absent	立法|曆法	-3.92218743	-7.354194117	-3.432006687			立法	-3.432006687	立法	立法	立法	立法	False	False	3	曆法|立法	phrase.anime.tsv	1958	
莉茲史瑪特	ㄌㄧˋ ㄗ ㄕˇ ㄇㄚˇ ㄊㄜˋ	動漫	1	12	absent			-7.354194117						立資使馬特	莉茲史瑪特	立/資/使/馬/特	莉茲史瑪特	True	True	1		phrase.anime.tsv	1959	
莉茲湯普森	ㄌㄧˋ ㄗ ㄊㄤ ㄆㄨˇ ㄙㄣ	動漫	1	9	absent			-7.354194117						立資湯普森	莉茲湯普森	立/資/湯/普/森	莉茲湯普森	True	True	1		phrase.anime.tsv	1960	
莉茲貝特	ㄌㄧˋ ㄗ ㄅㄟˋ ㄊㄜˋ	動漫	1	12	absent			-7.354194117						立資被特	莉茲貝特	立/資/被/特	莉茲貝特	True	True	1		phrase.anime.tsv	1961	
莉莉娜	ㄌㄧˋ ㄌㄧˋ ㄋㄚˋ	動漫	1	9	absent			-7.354194117						莉莉那	莉莉娜	莉莉/那	莉莉娜	True	True	1		phrase.anime.tsv	1962	
莉莉露卡	ㄌㄧˋ ㄌㄧˋ ㄌㄨˋ ㄎㄚˇ	動漫	1	14	absent			-7.354194117						莉莉路卡	莉莉露卡	莉莉/路/卡	莉莉露卡	True	True	1		phrase.anime.tsv	1963	
莉莎霍克愛	ㄌㄧˋ ㄕㄚ ㄏㄨㄛˋ ㄎㄜˋ ㄞˋ	動漫	1	16	absent			-7.354194117						立殺或客愛	莉莎霍克愛	立/殺/或/客/愛	莉莎霍克愛	True	True	1		phrase.anime.tsv	1964	
莊園制度	ㄓㄨㄤ ㄩㄢˊ ㄓˋ ㄉㄨˋ	歷史	1	10	absent			-7.354194117		莊園/制度	2.413583014	莊園/制度	2.413583014	莊園制度	莊園制度	莊園/制度	莊園/制度	False	True	1		phrase.history.tsv	146	
莎米哈伊	ㄕㄚ ㄇㄧˇ ㄏㄚ ㄧ	動漫	1	16	absent			-7.354194117						沙米哈一	莎米哈伊	沙/米/哈/一	莎米哈伊	True	True	1		phrase.anime.tsv	1966	
莫奇馬茲	ㄇㄛˋ ㄑㄧˊ ㄇㄚˇ ㄗ	動漫	1	11	absent			-7.354194117						末期馬資	莫奇馬茲	末期/馬/資	莫奇馬茲	True	True	1		phrase.anime.tsv	1967	
莫娜	ㄇㄛˋ ㄋㄚˋ	動漫	1	15	absent			-7.354194117						末那	末那	末/那	末/那	False	False	1		phrase.anime.tsv	1968	
莫耳濃度	ㄇㄛˋ ㄦˇ ㄋㄨㄥˊ ㄉㄨˋ	科學	1	12	absent			-7.354194117		莫爾/濃度	4.302270201	莫爾/濃度	4.302270201	莫耳濃度	莫耳濃度	莫耳/濃度	莫耳/濃度	False	True	1		phrase.science.tsv	68	
莫里亞蒂	ㄇㄛˋ ㄌㄧˇ ㄧㄚˇ ㄉㄧˋ	動漫	1	25	absent			-7.354194117						末理亞的	莫里亞蒂	末/理/亞/的	莫里亞蒂	True	True	1		phrase.anime.tsv	1969	
菅原卓郎	ㄐㄧㄢ ㄩㄢˊ ㄓㄨㄛˊ ㄌㄤˊ	動漫	1	13	absent			-7.354194117						間員著浪	菅原卓郎	間/員/著/浪	菅原卓郎	True	True	1		phrase.anime.tsv	1970	
菅原孝支	ㄐㄧㄢ ㄩㄢˊ ㄒㄧㄠˋ ㄓ	動漫	1	16	absent			-7.354194117						間員校之	菅原孝支	間/員/校/之	菅原孝支	True	True	1		phrase.anime.tsv	1971	
菅生明日香	ㄐㄧㄢ ㄕㄥ ㄇㄧㄥˊ ㄖˋ ㄒㄧㄤ	動漫	1	16	absent			-7.354194117						間聲明日相	菅生明日香	間/聲明/日/相	菅生明日香	True	True	1		phrase.anime.tsv	1972	
菊丸英二	ㄐㄩˊ ㄨㄢˊ ㄧㄥ ㄦˋ	動漫	1	14	absent			-7.354194117						局玩應二	菊丸英二	局/玩/應/二	菊丸英二	True	True	1		phrase.anime.tsv	1973	
菊地善人	ㄐㄩˊ ㄉㄧˋ ㄕㄢˋ ㄖㄣˊ	動漫	1	15	absent			-7.354194117						局的善人	菊地善人	局/的/善/人	菊地善人	True	True	1		phrase.anime.tsv	1974	
菊地真	ㄐㄩˊ ㄉㄧˋ ㄓㄣ	動漫	1	9	absent			-7.354194117						局的真	菊地真	局/的/真	菊地真	True	True	1		phrase.anime.tsv	1975	
菜月昴	ㄘㄞˋ ㄩㄝˋ ㄇㄠˇ	動漫	1	24	absent			-7.354194117						菜月卯	菜月昴	菜/月/卯	菜月昴	True	True	1		phrase.anime.tsv	1976	
華倫斯坦	ㄏㄨㄚˊ ㄌㄨㄣˊ ㄙ ㄊㄢˇ	動漫	1	16	absent			-7.354194117						滑輪司坦	華倫斯坦	滑輪/司/坦	華倫斯坦	True	True	1		phrase.anime.tsv	1977	
華斯	ㄏㄨㄚˊ ㄙ	動漫	1	12	absent			-7.354194117						滑司	滑司	滑/司	滑/司	False	False	1		phrase.anime.tsv	1978	
菱形窗	ㄌㄧㄥˊ ㄒㄧㄥˊ ㄔㄨㄤ	動漫	1	13	absent			-7.354194117						零行窗	菱形窗	零/行/窗	菱形窗	True	True	1		phrase.anime.tsv	1979	
菲洛	ㄈㄟ ㄌㄨㄛˋ	動漫	1	14	absent			-7.354194117						非落	非落	非/落	非/落	False	False	1		phrase.anime.tsv	1980	
菲特泰斯	ㄈㄟ ㄊㄜˋ ㄊㄞˋ ㄙ	動漫	1	16	absent			-7.354194117						非特太司	菲特泰斯	非/特/太/司	菲特泰斯	True	True	1		phrase.anime.tsv	1981	
菲瓦倫坦	ㄈㄟ ㄨㄚˇ ㄌㄨㄣˊ ㄊㄢˇ	動漫	1	15	absent			-7.354194117						非瓦輪坦	菲瓦倫坦	非/瓦/輪/坦	菲瓦倫坦	True	True	1		phrase.anime.tsv	1982	
萊德利	ㄌㄞˊ ㄉㄜˊ ㄌㄧˋ	動漫	1	13	absent			-7.354194117						來得利	萊德利	來/得利	萊德利	True	True	1		phrase.anime.tsv	1983	
萊涅絲艾	ㄌㄞˊ ㄋㄧㄝˋ ㄙ ㄞˋ	動漫	1	14	absent			-7.354194117						來業司愛	萊涅絲艾	來/業/司/愛	萊涅絲艾	True	True	1		phrase.anime.tsv	1984	
萊登修迦	ㄌㄞˊ ㄉㄥ ㄒㄧㄡ ㄐㄧㄚ	動漫	1	15	absent			-7.354194117						來登修家	萊登修迦	來/登/修/家	萊登修迦	True	True	1		phrase.anime.tsv	1985	
萊艾	ㄌㄞˊ ㄞˋ	動漫	1	11	absent			-7.354194117						來愛	來愛	來/愛	來/愛	False	False	1		phrase.anime.tsv	1986	
萩原雪步	ㄑㄧㄡ ㄩㄢˊ ㄒㄩㄝˇ ㄅㄨˋ	動漫	1	13	absent			-7.354194117						秋員雪不	萩原雪步	秋/員/雪/不	萩原雪步	True	True	1		phrase.anime.tsv	1987	
萩村鈴	ㄑㄧㄡ ㄘㄨㄣ ㄌㄧㄥˊ	動漫	1	12	absent			-7.354194117						秋村靈	萩村鈴	秋/村/靈	萩村鈴	True	True	1		phrase.anime.tsv	1988	
落語	ㄌㄨㄛˋ ㄩˇ	動漫	1	21	absent	落雨	-6.877072863	-7.354194117	-0.477121255			落雨	-0.477121255	洛與	洛與	洛/與	洛/與	False	False	2	落雨	phrase.anime.tsv	1989	
葉月渚	ㄧㄝˋ ㄩㄝˋ ㄓㄨˇ	動漫	1	13	absent			-7.354194117						業月主	葉月渚	業/月/主	葉月渚	True	True	1		phrase.anime.tsv	1990	
葉王	ㄧㄝˋ ㄨㄤˊ	動漫	1	9	absent			-7.354194117						業王	業王	業/王	業/王	False	False	1		phrase.anime.tsv	1991	
葉面施肥	ㄧㄝˋ ㄇㄧㄢˋ ㄕ ㄈㄟˊ	農業食品	1	10	absent			-7.354194117		頁面/施肥	3.694848482	頁面/施肥	3.694848482	頁面施肥	葉面施肥	頁面/施肥	葉面施肥	True	True	1		phrase.agriculture-food.tsv	48	
葛城美里	ㄍㄜˇ ㄔㄥˊ ㄇㄟˇ ㄌㄧˇ	動漫	1	15	absent			-7.354194117						個成美理	葛城美里	個/成/美/理	葛城美里	True	True	1		phrase.anime.tsv	1992	
葛拉漢艾卡	ㄍㄜˇ ㄌㄚ ㄏㄢˋ ㄞˋ ㄎㄚˇ	動漫	1	12	absent			-7.354194117						個拉漢愛卡	葛拉漢艾卡	個/拉/漢/愛/卡	葛拉漢艾卡	True	True	1		phrase.anime.tsv	1993	
董事會治理	ㄉㄨㄥˇ ㄕˋ ㄏㄨㄟˋ ㄓˋ ㄌㄧˇ	商業	1	4	absent			-7.354194117		董事會/治理	3.032223062	董事會/治理	3.032223062	董事會治理	董事會治理	董事會/治理	董事會/治理	False	True	1		phrase.business.tsv	155	
蒂雅	ㄉㄧˋ ㄧㄚˇ	動漫	1	13	absent			-7.354194117						地亞	地亞	地/亞	地/亞	False	False	1		phrase.anime.tsv	1996	
蒙其迪魯夫	ㄇㄥˊ ㄑㄧˊ ㄉㄧˊ ㄌㄨˇ ㄈㄨ	動漫	1	25	absent			-7.354194117						盟其的魯不	蒙其迪魯夫	盟/其/的/魯/不	蒙其迪魯夫	True	True	1		phrase.anime.tsv	1997	蒙其D魯夫
蒲生真紀	ㄆㄨˊ ㄕㄥ ㄓㄣ ㄐㄧˋ	動漫	1	14	absent			-7.354194117						葡生真計	蒲生真紀	葡/生/真/計	蒲生真紀	True	True	1		phrase.anime.tsv	1998	
蒼井茜	ㄘㄤ ㄐㄧㄥˇ ㄑㄧㄢˋ	動漫	1	10	absent			-7.354194117						倉景欠	蒼井茜	倉/景/欠	蒼井茜	True	True	1		phrase.anime.tsv	1999	
蒼崎橙子	ㄘㄤ ㄑㄧˊ ㄔㄥˊ ㄗ˙	動漫	1	15	absent			-7.354194117						倉其成子	蒼崎橙子	倉/其/成/子	蒼崎橙子	True	True	1		phrase.anime.tsv	2000	
蒼鷺與少年	ㄘㄤ ㄌㄨˋ ㄩˇ ㄕㄠˋ ㄋㄧㄢˊ	動漫	1	22	absent			-7.354194117						倉路與少年	蒼鷺與少年	倉/路/與/少年	蒼鷺與少年	True	True	1		phrase.anime.tsv	2002	
蓋吉特	ㄍㄞˋ ㄐㄧˊ ㄊㄜˋ	動漫	1	20	absent			-7.354194117						蓋及特	蓋吉特	蓋/及/特	蓋吉特	True	True	1		phrase.anime.tsv	2003	
蕾亞	ㄌㄟˇ ㄧㄚˇ	動漫	1	10	absent			-7.354194117						壘亞	壘亞	壘/亞	壘/亞	False	False	1		phrase.anime.tsv	2005	
蕾哈爾	ㄌㄟˇ ㄏㄚ ㄦˇ	動漫	1	17	absent			-7.354194117						壘哈爾	蕾哈爾	壘/哈/爾	蕾哈爾	True	True	1		phrase.anime.tsv	2006	
蕾潔	ㄌㄟˇ ㄐㄧㄝˊ	動漫	1	14	absent			-7.354194117						壘結	壘結	壘/結	壘/結	False	False	1		phrase.anime.tsv	2007	
蕾貝卡	ㄌㄟˇ ㄅㄟˋ ㄎㄚˇ	動漫	1	17	absent			-7.354194117						壘被卡	蕾貝卡	壘/被/卡	蕾貝卡	True	True	1		phrase.anime.tsv	2008	
薄刃新	ㄅㄛˊ ㄖㄣˋ ㄒㄧㄣ	動漫	1	11	absent			-7.354194117						柏認心	薄刃新	柏/認/心	薄刃新	True	True	1		phrase.anime.tsv	2009	
薄膜材料	ㄅㄛˊ ㄇㄛˊ ㄘㄞˊ ㄌㄧㄠˋ	材料化工	1	12	absent			-7.354194117		薄膜/材料	2.692722189	薄膜/材料	2.692722189	薄膜材料	薄膜材料	薄膜/材料	薄膜/材料	False	True	1		phrase.materials-chemistry.tsv	89	
薄膜製程	ㄅㄛˊ ㄇㄛˊ ㄓˋ ㄔㄥˊ	晶片半導體	1	14	absent			-7.354194117		薄膜/製成	3.283011961	薄膜/製成	3.283011961	薄膜製程	薄膜製程	薄膜/製程	薄膜/製程	False	True	1		phrase.semiconductor.tsv	133	
薄膜設備	ㄅㄛˊ ㄇㄛˊ ㄕㄜˋ ㄅㄟˋ	晶片半導體	1	13	absent			-7.354194117		薄膜/設備	2.417816113	薄膜/設備	2.417816113	薄膜設備	薄膜設備	薄膜/設備	薄膜/設備	False	True	1		phrase.semiconductor.tsv	134	
薇塔	ㄨㄟˊ ㄊㄚˇ	動漫	1	11	absent			-7.354194117						為塔	為塔	為/塔	為/塔	False	False	1		phrase.anime.tsv	2010	
薇爾莉特	ㄨㄟˊ ㄦˇ ㄌㄧˋ ㄊㄜˋ	動漫	1	23	absent			-7.354194117						為爾力特	薇爾莉特	為/爾/力/特	薇爾莉特	True	True	1		phrase.anime.tsv	2011	
薇瑟	ㄨㄟˊ ㄙㄜˋ	動漫	1	13	absent			-7.354194117						為色	為色	為/色	為/色	False	False	1		phrase.anime.tsv	2012	
薙切繪里奈	ㄊㄧˋ ㄑㄧㄝˋ ㄏㄨㄟˋ ㄌㄧˇ ㄋㄞˋ	動漫	1	18	absent			-7.354194117						替切會理耐	薙切繪里奈	替/切/會/理/耐	薙切繪里奈	True	True	1		phrase.anime.tsv	2013	
薛丁格方程	ㄒㄩㄝ ㄉㄧㄥ ㄍㄜˊ ㄈㄤ ㄔㄥˊ	科學	1	3	absent			-7.354194117						薛丁格方程	薛丁格方程	薛/丁/格/方程	薛丁格方程	False	True	1		phrase.science.tsv	69	
薩流士	ㄙㄚˋ ㄌㄧㄡˊ ㄕˋ	動漫	1	18	absent			-7.354194117						蔡流是	薩流士	蔡/流/是	薩流士	True	True	1		phrase.anime.tsv	2014	
薩爾達	ㄙㄚˋ ㄦˇ ㄉㄚˊ	一般	1	15	absent			-7.354194117						薩爾達	薩爾達	薩爾/達	薩爾達	False	True	1		phrase.general.tsv	124	
薩爾達傳說	ㄙㄚˋ ㄦˇ ㄉㄚˊ ㄔㄨㄢˊ ㄕㄨㄛ	一般	1	7	absent			-7.354194117						薩爾達傳說	薩爾達傳說	薩爾/達/傳說	薩爾達傳說	False	True	1		phrase.general.tsv	125	
薪酬委員會	ㄒㄧㄣ ㄔㄡˊ ㄨㄟˇ ㄩㄢˊ ㄏㄨㄟˋ	商業	1	4	absent			-7.354194117		薪酬/委員會	2.961567501	薪酬/委員會	2.961567501	薪酬委員會	薪酬委員會	薪酬/委員會	薪酬/委員會	False	True	1		phrase.business.tsv	156	
藍堂英	ㄌㄢˊ ㄊㄤˊ ㄧㄥ	動漫	1	11	absent			-7.354194117						欄堂應	藍堂英	欄/堂/應	藍堂英	True	True	1		phrase.anime.tsv	2015	
藍染惣右介	ㄌㄢˊ ㄖㄢˇ ㄗㄨㄥˇ ㄧㄡˋ ㄐㄧㄝˋ	動漫	1	11	absent			-7.354194117						欄染總又界	藍染惣右介	欄/染/總/又/界	藍染惣右介	True	True	1		phrase.anime.tsv	2016	
藍色監獄	ㄌㄢˊ ㄙㄜˋ ㄐㄧㄢ ㄩˋ	動漫	1	25	absent			-7.354194117		藍色/監獄	2.541013585	藍色/監獄	2.541013585	藍色監獄	藍色監獄	藍色/監獄	藍色監獄	False	True	1		phrase.anime.tsv	2017	
藍隊防禦	ㄌㄢˊ ㄉㄨㄟˋ ㄈㄤˊ ㄩˋ	網路資安	1	11	absent			-7.354194117		籃隊/防禦	3.778083223	籃隊/防禦	3.778083223	欄對防禦	藍隊防禦	欄/對/防禦	藍隊防禦	True	True	1		phrase.network-security.tsv	139	
藏原走	ㄗㄤˋ ㄩㄢˊ ㄗㄡˇ	動漫	1	18	absent			-7.354194117						藏員走	藏原走	藏/員/走	藏原走	True	True	1		phrase.anime.tsv	2018	
藏詞	ㄘㄤˊ ㄘˊ	中文	1	11	absent			-7.354194117						藏詞	藏詞	藏/詞	藏/詞	False	True	1		phrase.chinese.tsv	117	
藏馬	ㄗㄤˋ ㄇㄚˇ	動漫	1	16	absent			-7.354194117						藏馬	藏馬	藏/馬	藏/馬	False	True	1		phrase.anime.tsv	2019	
藤丸立香	ㄊㄥˊ ㄨㄢˊ ㄌㄧˋ ㄒㄧㄤ	動漫	1	23	absent			-7.354194117						藤完力相	藤丸立香	藤/完/力/相	藤丸立香	True	True	1		phrase.anime.tsv	2020	
藤原佐為	ㄊㄥˊ ㄩㄢˊ ㄗㄨㄛˇ ㄨㄟˊ	動漫	1	17	absent			-7.354194117						藤員左為	藤原佐為	藤/員/左/為	藤原佐為	True	True	1		phrase.anime.tsv	2021	
藤原千花	ㄊㄥˊ ㄩㄢˊ ㄑㄧㄢ ㄏㄨㄚ	動漫	1	16	absent			-7.354194117						藤員簽花	藤原千花	藤/員/簽/花	藤原千花	True	True	1		phrase.anime.tsv	2022	
藤原拓海	ㄊㄥˊ ㄩㄢˊ ㄊㄨㄛˋ ㄏㄞˇ	動漫	1	22	absent			-7.354194117						藤員拓海	藤原拓海	藤/員/拓/海	藤原拓海	True	True	1		phrase.anime.tsv	2023	
藤原羽月	ㄊㄥˊ ㄩㄢˊ ㄩˇ ㄩㄝˋ	動漫	1	17	absent			-7.354194117						藤員與月	藤原羽月	藤/員/與/月	藤原羽月	True	True	1		phrase.anime.tsv	2024	
藤堂美沙	ㄊㄥˊ ㄊㄤˊ ㄇㄟˇ ㄕㄚ	動漫	1	13	absent			-7.354194117						藤堂美沙	藤堂美沙	藤/堂/美沙	藤堂美沙	False	True	1		phrase.anime.tsv	2025	
藤堂葵	ㄊㄥˊ ㄊㄤˊ ㄎㄨㄟˊ	動漫	1	14	absent			-7.354194117						藤堂魁	藤堂葵	藤/堂/魁	藤堂葵	True	True	1		phrase.anime.tsv	2026	
藤岡	ㄊㄥˊ ㄍㄤ	動漫	1	10	absent			-7.354194117						藤剛	藤剛	藤/剛	藤/剛	False	False	1		phrase.anime.tsv	2027	
藤岡春緋	ㄊㄥˊ ㄍㄤ ㄔㄨㄣ ㄈㄟ	動漫	1	21	absent			-7.354194117						藤剛春非	藤岡春緋	藤/剛/春/非	藤岡春緋	True	True	1		phrase.anime.tsv	2028	
藤本	ㄊㄥˊ ㄅㄣˇ	動漫	1	13	absent	謄本	-6.354194117	-7.354194117	-1.0			謄本	-1.0	謄本	謄本	謄本	謄本	False	False	2	謄本	phrase.anime.tsv	2029	
藤林杏	ㄊㄥˊ ㄌㄧㄣˊ ㄒㄧㄥˋ	動漫	1	17	absent			-7.354194117						藤林姓	藤林杏	藤/林姓	藤林杏	True	True	1		phrase.anime.tsv	2030	
藤野	ㄊㄥˊ ㄧㄝˇ	動漫	1	12	absent			-7.354194117						藤也	藤也	藤/也	藤/也	False	False	1		phrase.anime.tsv	2031	
藤野清志	ㄊㄥˊ ㄧㄝˇ ㄑㄧㄥ ㄓˋ	動漫	1	18	absent			-7.354194117						藤也清治	藤野清志	藤/也/清/治	藤野清志	True	True	1		phrase.anime.tsv	2032	
藥品製造	ㄧㄠˋ ㄆㄧㄣˇ ㄓˋ ㄗㄠˋ	生技藥學	1	11	absent			-7.354194117		藥品/製造	1.682281105	藥品/製造	1.682281105	藥品製造	藥品製造	藥品/製造	藥品/製造	False	True	1		phrase.biotech-pharma.tsv	84	
藥師少女	ㄧㄠˋ ㄕ ㄕㄠˋ ㄋㄩˇ	動漫	1	24	absent			-7.354194117		藥師/少女	2.701561049	藥師/少女	2.701561049	藥師少女	藥師少女	藥師/少女	藥師少女	False	True	1		phrase.anime.tsv	2034	
藥物動力學	ㄧㄠˋ ㄨˋ ㄉㄨㄥˋ ㄌㄧˋ ㄒㄩㄝˊ	生技藥學	1	4	absent			-7.354194117		藥物/動力學	3.518376763	藥物/動力學	3.518376763	藥物動力學	藥物動力學	藥物/動力學	藥物/動力學	False	True	1		phrase.biotech-pharma.tsv	86	
藥物效力學	ㄧㄠˋ ㄨˋ ㄒㄧㄠˋ ㄌㄧˋ ㄒㄩㄝˊ	生技藥學	1	4	absent			-7.354194117						藥物效力學	藥物效力學	藥物/效力/學	藥物效力學	False	True	1		phrase.biotech-pharma.tsv	87	
藥物最佳化	ㄧㄠˋ ㄨˋ ㄗㄨㄟˋ ㄐㄧㄚ ㄏㄨㄚˋ	生技藥學	1	4	absent			-7.354194117		藥物/最佳化	2.907361929	藥物/最佳化	2.907361929	藥物最佳化	藥物最佳化	藥物/最佳化	藥物/最佳化	False	True	1		phrase.biotech-pharma.tsv	88	
藥物篩選	ㄧㄠˋ ㄨˋ ㄕㄞ ㄒㄩㄢˇ	生技藥學	1	11	absent			-7.354194117		藥物/篩選	2.436190007	藥物/篩選	2.436190007	藥物篩選	藥物篩選	藥物/篩選	藥物篩選	False	True	1		phrase.biotech-pharma.tsv	89	
藥物過敏	ㄧㄠˋ ㄨˋ ㄍㄨㄛˋ ㄇㄧㄣˇ	生技藥學	1	11	absent			-7.354194117		藥物/過敏	2.480286713	藥物/過敏	2.480286713	藥物過敏	藥物過敏	藥物/過敏	藥物/過敏	False	True	1		phrase.biotech-pharma.tsv	90	
藥物開發	ㄧㄠˋ ㄨˋ ㄎㄞ ㄈㄚ	生技藥學	1	11	absent			-7.354194117		藥物/開發	1.153825768	藥物/開發	1.153825768	藥物開發	藥物開發	藥物/開發	藥物/開發	False	True	1		phrase.biotech-pharma.tsv	91	
蘇枋隼飛	ㄙㄨ ㄈㄤ ㄓㄨㄣˇ ㄈㄟ	動漫	1	13	absent			-7.354194117						蘇方準非	蘇枋隼飛	蘇/方/準/非	蘇枋隼飛	True	True	1		phrase.anime.tsv	2035	
蘇聯解體	ㄙㄨ ㄌㄧㄢˊ ㄐㄧㄝˇ ㄊㄧˇ	歷史	1	11	absent			-7.354194117		蘇聯/解體	2.580934409	蘇聯/解體	2.580934409	蘇聯解體	蘇聯解體	蘇聯/解體	蘇聯解體	False	True	1		phrase.history.tsv	148	
蘇芳	ㄙㄨ ㄈㄤ	動漫	1	9	absent			-7.354194117						蘇方	蘇方	蘇/方	蘇/方	False	False	1		phrase.anime.tsv	2036	
蘇菲	ㄙㄨ ㄈㄟ	動漫	1	24	absent			-7.354194117						蘇非	蘇非	蘇/非	蘇/非	False	False	1		phrase.anime.tsv	2037	
蘇西曼	ㄙㄨ ㄒㄧ ㄇㄢˋ	動漫	1	14	absent			-7.354194117						蘇西慢	蘇西曼	蘇/西/慢	蘇西曼	True	True	1		phrase.anime.tsv	2039	
蘭佩洛基	ㄌㄢˊ ㄆㄟˋ ㄌㄨㄛˋ ㄐㄧ	動漫	1	23	absent			-7.354194117						欄配洛基	蘭佩洛基	欄/配/洛基	蘭佩洛基	True	True	1		phrase.anime.tsv	2040	
蘭頓薩斯頓	ㄌㄢˊ ㄉㄨㄣˋ ㄙㄚˋ ㄙ ㄉㄨㄣˋ	動漫	1	16	absent			-7.354194117						欄頓卅司頓	蘭頓薩斯頓	欄/頓/卅/司/頓	蘭頓薩斯頓	True	True	1		phrase.anime.tsv	2041	
虎杖悠仁	ㄏㄨˇ ㄓㄤˋ ㄧㄡ ㄖㄣˊ	動漫	1	25	absent			-7.354194117						許障優人	虎杖悠仁	許/障/優/人	虎杖悠仁	True	True	1		phrase.anime.tsv	2042	
虛擬實況主	ㄒㄩ ㄋㄧˇ ㄕˊ ㄎㄨㄤˋ ㄓㄨˇ	一般	1	6	absent			-7.354194117						虛擬實況主	虛擬實況主	虛擬/實況主	虛擬實況主	False	True	1		phrase.general.tsv	127	
虛擬電廠	ㄒㄩ ㄋㄧˇ ㄉㄧㄢˋ ㄔㄤˇ	環境能源	1	11	absent			-7.354194117		虛擬/電廠	2.419190966	虛擬/電廠	2.419190966	虛擬電廠	虛擬電廠	虛擬/電廠	虛擬/電廠	False	True	1		phrase.energy-environment.tsv	123	
虛構推理	ㄒㄩ ㄍㄡˋ ㄊㄨㄟ ㄌㄧˇ	動漫	1	21	absent			-7.354194117		虛構/推理	3.433809875	虛構/推理	3.433809875	虛構推理	虛構推理	虛構/推理	虛構推理	False	True	1		phrase.anime.tsv	2044	
蛇喰夢子	ㄕㄜˊ ㄘㄢ ㄇㄥˋ ㄗ˙	動漫	1	21	absent			-7.354194117						什參夢子	蛇喰夢子	什/參/夢/子	蛇喰夢子	True	True	1		phrase.anime.tsv	2045	
蛋白質工程	ㄉㄢˋ ㄅㄞˊ ㄓˊ ㄍㄨㄥ ㄔㄥˊ	生技藥學	1	5	absent			-7.354194117		蛋白質/工程	1.692907824	蛋白質/工程	1.692907824	蛋白質工程	蛋白質工程	蛋白質/工程	蛋白質/工程	False	True	1		phrase.biotech-pharma.tsv	92	
蛋白質轉譯	ㄉㄢˋ ㄅㄞˊ ㄓˊ ㄓㄨㄢˇ ㄧˋ	科學	1	4	absent			-7.354194117						蛋白質轉一	蛋白質轉譯	蛋白質/轉/一	蛋白質轉譯	True	True	1		phrase.science.tsv	70	
蛋白質體學	ㄉㄢˋ ㄅㄞˊ ㄓˊ ㄊㄧˇ ㄒㄩㄝˊ	生技藥學	1	4	absent			-7.354194117						蛋白質體學	蛋白質體學	蛋白質/體/學	蛋白質體學	False	True	1		phrase.biotech-pharma.tsv	93	
蜂樂迴	ㄈㄥ ㄌㄜˋ ㄏㄨㄟˊ	動漫	1	20	absent			-7.354194117						風樂回	蜂樂迴	風/樂/回	蜂樂迴	True	True	1		phrase.anime.tsv	2046	
蜂窩性	ㄈㄥ ㄨㄛ ㄒㄧㄥˋ	醫學	1	10	absent			-7.354194117						蜂窩性	蜂窩性	蜂窩/性	蜂窩/性	False	True	1		phrase.medicine.tsv	220	
蜂蜜幸運草	ㄈㄥ ㄇㄧˋ ㄒㄧㄥˋ ㄩㄣˋ ㄘㄠˇ	動漫	1	20	absent			-7.354194117						蜂蜜幸運草	蜂蜜幸運草	蜂蜜/幸運/草	蜂蜜幸運草	False	True	1		phrase.anime.tsv	2047	
蜘蛛子	ㄓ ㄓㄨ ㄗ˙	動漫	1	17	absent			-7.354194117						蜘蛛子	蜘蛛子	蜘蛛/子	蜘蛛/子	False	True	1		phrase.anime.tsv	2049	
蜘蛛膜下腔	ㄓ ㄓㄨ ㄇㄛˊ ㄒㄧㄚˋ ㄑㄧㄤ	醫學	1	3	absent			-7.354194117						蜘蛛膜下將	蜘蛛膜下腔	蜘蛛/膜/下/將	蜘蛛膜下腔	True	True	1		phrase.medicine.tsv	221	
蜜莉姆	ㄇㄧˋ ㄌㄧˋ ㄇㄨˇ	動漫	1	12	absent			-7.354194117						日力母	蜜莉姆	日/力/母	蜜莉姆	True	True	1		phrase.anime.tsv	2050	
蜥蜴僧侶	ㄒㄧ ㄧˋ ㄙㄥ ㄌㄩˇ	動漫	1	13	absent			-7.354194117		蜥蜴/僧侶	4.440910216	蜥蜴/僧侶	4.440910216	西一僧侶	蜥蜴僧侶	西/一/僧侶	蜥蜴僧侶	True	True	1		phrase.anime.tsv	2051	
蝕刻機	ㄕˊ ㄎㄜ ㄐㄧ	晶片半導體	1	11	absent			-7.354194117						蝕刻機	蝕刻機	蝕刻/機	蝕刻/機	False	True	1		phrase.semiconductor.tsv	137	
蝕刻製程	ㄕˊ ㄎㄜ ㄓˋ ㄔㄥˊ	晶片半導體	1	14	absent			-7.354194117		十顆/製成	4.003171265	十顆/製成	4.003171265	蝕刻製程	蝕刻製程	蝕刻/製程	蝕刻/製程	False	True	1		phrase.semiconductor.tsv	138	
蝦夷農	ㄒㄧㄚ ㄧˊ ㄋㄨㄥˊ	動漫	1	13	absent			-7.354194117						呀一農	蝦夷農	呀/一/農	蝦夷農	True	True	1		phrase.anime.tsv	2053	
蝦皮	ㄒㄧㄚ ㄆㄧˊ	一般	1	35	absent			-7.354194117						呀皮	蝦皮	呀/皮	蝦皮	True	True	1		phrase.general.tsv	129	
蝶野雛	ㄉㄧㄝˊ ㄧㄝˇ ㄔㄨˊ	動漫	1	15	absent			-7.354194117						跌也除	蝶野雛	跌/也/除	蝶野雛	True	True	1		phrase.anime.tsv	2054	
蝸輪蝸桿	ㄨㄛ ㄌㄨㄣˊ ㄨㄛ ㄍㄢˇ	製造機械	1	10	absent			-7.354194117						渦輪窩感	蝸輪蝸桿	渦輪/窩/感	蝸輪蝸桿	True	True	1		phrase.manufacturing.tsv	113	
融資現金流	ㄖㄨㄥˊ ㄗ ㄒㄧㄢˋ ㄐㄧㄣ ㄌㄧㄡˊ	財會金融	1	4	absent			-7.354194117						融資現金流	融資現金流	融資/現金/流	融資現金流	False	True	1		phrase.finance.tsv	128	
螺巖	ㄌㄨㄛˊ ㄧㄢˊ	動漫	1	23	absent			-7.354194117						螺研	螺研	螺/研	螺/研	False	False	1		phrase.anime.tsv	2055	
螺旋王	ㄌㄨㄛˊ ㄒㄩㄢˊ ㄨㄤˊ	動漫	1	11	absent			-7.354194117						螺旋王	螺旋王	螺旋/王	螺旋王	False	True	1		phrase.anime.tsv	2056	
蟲師	ㄔㄨㄥˊ ㄕ	動漫	1	22	absent			-7.354194117						重師	重師	重/師	重/師	False	False	1		phrase.anime.tsv	2057	
蟻王	ㄧˇ ㄨㄤˊ	動漫	1	10	absent			-7.354194117						以王	以王	以/王	以/王	False	False	1		phrase.anime.tsv	2058	
蠕變試驗	ㄖㄨˊ ㄅㄧㄢˋ ㄕˋ ㄧㄢˋ	材料化工	1	10	absent			-7.354194117						如變試驗	蠕變試驗	如/變/試驗	蠕變試驗	True	True	1		phrase.materials-chemistry.tsv	90	
蠟筆小新	ㄌㄚˋ ㄅㄧˇ ㄒㄧㄠˇ ㄒㄧㄣ	動漫	1	28	0			-7.354194117		蠟筆/小心	2.920264352	蠟筆/小心	2.920264352	蠟筆小心	蠟筆小新	蠟筆/小心	蠟筆小新	True	True	1		phrase.anime.tsv	2059	
血中	ㄒㄩㄝˋ ㄓㄨㄥ	生技藥學	1	12	absent			-7.354194117						血中	血中	血/中	血/中	False	True	1		phrase.biotech-pharma.tsv	94	
血液系統	ㄒㄧㄝˇ ㄧˋ ㄒㄧˋ ㄊㄨㄥˇ	醫學	1	13	absent			-7.354194117		血液/系統	1.37996437	血液/系統	1.37996437	血液系統	血液系統	血液/系統	血液系統	False	True	1		phrase.medicine.tsv	224	
血盟騎士團	ㄒㄧㄝˇ ㄇㄥˊ ㄑㄧˊ ㄕˋ ㄊㄨㄢˊ	動漫	1	11	absent			-7.354194117						寫盟歧視團	血盟騎士團	寫/盟/歧視/團	血盟騎士團	True	True	1		phrase.anime.tsv	2061	
血管內	ㄒㄧㄝˇ ㄍㄨㄢˇ ㄋㄟˋ	醫學	1	9	absent			-7.354194117						血管內	血管內	血管/內	血管/內	False	True	1		phrase.medicine.tsv	225	
行動應用	ㄒㄧㄥˊ ㄉㄨㄥˋ ㄧㄥˋ ㄩㄥˋ	一般	1	10	absent			-7.354194117		行動/應用	0.723739189	行動/應用	0.723739189	行動應用	行動應用	行動/應用	行動/應用	False	True	1		phrase.general.tsv	131	
行動服務	ㄒㄧㄥˊ ㄉㄨㄥˋ ㄈㄨˊ ㄨˋ	軟體科學	1	9	absent			-7.354194117		行動/服務	0.224612329	行動/服務	0.224612329	行動服務	行動服務	行動/服務	行動/服務	False	True	1		phrase.software.tsv	80	
行動銀行	ㄒㄧㄥˊ ㄉㄨㄥˋ ㄧㄣˊ ㄏㄤˊ	一般	1	22	absent			-7.354194117		行動/銀行	0.536627558	行動/銀行	0.536627558	行動銀行	行動銀行	行動/銀行	行動/銀行	False	True	1		phrase.general.tsv	133	
行政作用	ㄒㄧㄥˊ ㄓㄥˋ ㄗㄨㄛˋ ㄩㄥˋ	法律	1	12	absent			-7.354194117		行政/作用	0.6520351	行政/作用	0.6520351	行政作用	行政作用	行政/作用	行政/作用	False	True	1		phrase.law.tsv	147	
行政執行	ㄒㄧㄥˊ ㄓㄥˋ ㄓˊ ㄒㄧㄥˊ	法律	1	12	absent			-7.354194117		行政/執行	0.292719019	行政/執行	0.292719019	行政執行	行政執行	行政/執行	行政/執行	False	True	1		phrase.law.tsv	148	
行政契約	ㄒㄧㄥˊ ㄓㄥˋ ㄑㄧˋ ㄩㄝ	法律	1	12	absent			-7.354194117		行政/契約	1.037217878	行政/契約	1.037217878	行政契約	行政契約	行政/契約	行政/契約	False	True	1		phrase.law.tsv	149	
行政指導	ㄒㄧㄥˊ ㄓㄥˋ ㄓˇ ㄉㄠˇ	法律	1	12	absent			-7.354194117		行政/指導	0.847993604	行政/指導	0.847993604	行政指導	行政指導	行政/指導	行政/指導	False	True	1		phrase.law.tsv	150	
行政程序	ㄒㄧㄥˊ ㄓㄥˋ ㄔㄥˊ ㄒㄩˋ	法律	1	12	absent			-7.354194117		行政/程序	0.753678615	行政/程序	0.753678615	行政程序	行政程序	行政/程序	行政/程序	False	True	1		phrase.law.tsv	151	
行政組織	ㄒㄧㄥˊ ㄓㄥˋ ㄗㄨˇ ㄓ	法律	1	12	absent			-7.354194117		行政/組織	0.126574753	行政/組織	0.126574753	行政組織	行政組織	行政/組織	行政/組織	False	True	1		phrase.law.tsv	152	
行政罰	ㄒㄧㄥˊ ㄓㄥˋ ㄈㄚˊ	法律	1	12	absent			-7.354194117						行政罰	行政罰	行政/罰	行政/罰	False	True	1		phrase.law.tsv	153	
行政調查	ㄒㄧㄥˊ ㄓㄥˋ ㄉㄧㄠˋ ㄔㄚˊ	法律	1	12	absent			-7.354194117		行政/調查	0.182432571	行政/調查	0.182432571	行政調查	行政調查	行政/調查	行政/調查	False	True	1		phrase.law.tsv	155	
行星齒輪	ㄒㄧㄥˊ ㄒㄧㄥ ㄔˇ ㄌㄨㄣˊ	製造機械	1	10	absent			-7.354194117		行星/齒輪	3.829408668	行星/齒輪	3.829408668	行星齒輪	行星齒輪	行星/齒輪	行星齒輪	False	True	1		phrase.manufacturing.tsv	114	
行會制度	ㄏㄤˊ ㄏㄨㄟˋ ㄓˋ ㄉㄨˋ	歷史	1	10	absent			-7.354194117		行會/制度	2.341032347	行會/制度	2.341032347	行會制度	行會制度	行會/制度	行會制度	False	True	1		phrase.history.tsv	149	
行省制度	ㄒㄧㄥˊ ㄕㄥˇ ㄓˋ ㄉㄨˋ	歷史	1	10	absent			-7.354194117		行省/制度	3.4549757	行省/制度	3.4549757	行省制度	行省制度	行/省/制度	行省制度	False	True	1		phrase.history.tsv	150	
行紀契約	ㄒㄧㄥˊ ㄐㄧˋ ㄑㄧˋ ㄩㄝ	法律	1	13	absent			-7.354194117						行寄契約	行紀契約	行/寄/契約	行紀契約	True	True	1		phrase.law.tsv	156	
行車紀錄器	ㄒㄧㄥˊ ㄔㄜ ㄐㄧˋ ㄌㄨˋ ㄑㄧˋ	一般	1	16	absent	行車記錄器	-6.877072863	-7.354194117	-0.477121255	行車/記錄器	3.954520396	行車記錄器	-0.477121255	行車記錄器	行車記錄器	行車記錄器	行車記錄器	False	False	2	行車記錄器	phrase.general.tsv	134	
行銷自動化	ㄒㄧㄥˊ ㄒㄧㄠ ㄗˋ ㄉㄨㄥˋ ㄏㄨㄚˋ	商業	1	4	absent			-7.354194117		行銷/自動化	1.914428924	行銷/自動化	1.914428924	行銷自動化	行銷自動化	行銷/自動化	行銷/自動化	False	True	1		phrase.business.tsv	158	
衍文	ㄧㄢˇ ㄨㄣˊ	中文	1	11	absent			-7.354194117						演文	演文	演/文	演/文	False	False	1		phrase.chinese.tsv	119	
衍生性	ㄧㄢˇ ㄕㄥ ㄒㄧㄥˋ	財會金融	1	11	absent			-7.354194117						衍生性	衍生性	衍生/性	衍生/性	False	True	1		phrase.finance.tsv	129	
術後照護	ㄕㄨˋ ㄏㄡˋ ㄓㄠˋ ㄏㄨˋ	醫學	1	12	absent			-7.354194117						數後照護	術後照護	數/後/照護	術後照護	True	True	1		phrase.medicine.tsv	227	
街口支付	ㄐㄧㄝ ㄎㄡˇ ㄓ ㄈㄨˋ	一般	1	10	absent			-7.354194117		街口/支付	3.198675897	街口/支付	3.198675897	接口支付	街口支付	接/口/支付	街口支付	True	True	1		phrase.general.tsv	135	
衛宮切嗣	ㄨㄟˋ ㄍㄨㄥ ㄑㄧㄝˋ ㄙˋ	動漫	1	22	absent			-7.354194117						為公切四	衛宮切嗣	為公/切/四	衛宮切嗣	True	True	1		phrase.anime.tsv	2062	
衛宮士郎	ㄨㄟˋ ㄍㄨㄥ ㄕˋ ㄌㄤˊ	動漫	1	23	absent			-7.354194117		為公/侍郎	4.813239308	為公/侍郎	4.813239308	為公視郎	衛宮士郎	為/公視/郎	衛宮士郎	True	True	1		phrase.anime.tsv	2063	
衛所制度	ㄨㄟˋ ㄙㄨㄛˇ ㄓˋ ㄉㄨˋ	歷史	1	10	absent			-7.354194117		衛所/制度	3.4549757	衛所/制度	3.4549757	為所制度	衛所制度	為/所/制度	衛所制度	True	True	1		phrase.history.tsv	151	
衛生規範	ㄨㄟˋ ㄕㄥ ㄍㄨㄟ ㄈㄢˋ	農業食品	1	16	absent			-7.354194117		衛生/規範	1.070355782	衛生/規範	1.070355782	衛生規範	衛生規範	衛生/規範	衛生/規範	False	True	1		phrase.agriculture-food.tsv	50	
衛門	ㄨㄟˋ ㄇㄣˊ	動漫	1	17	absent			-7.354194117						為們	為們	為/們	為/們	False	False	1		phrase.anime.tsv	2064	
衝擊試驗	ㄔㄨㄥ ㄐㄧˊ ㄕˋ ㄧㄢˋ	材料化工	1	11	absent			-7.354194117		衝擊/試驗	1.98900013	衝擊/試驗	1.98900013	衝擊試驗	衝擊試驗	衝擊/試驗	衝擊/試驗	False	True	1		phrase.materials-chemistry.tsv	91	
衝突理論	ㄔㄨㄥ ㄊㄨˊ ㄌㄧˇ ㄌㄨㄣˋ	心理社會	1	11	absent			-7.354194117		衝突/理論	1.335518579	衝突/理論	1.335518579	衝突理論	衝突理論	衝突/理論	衝突/理論	False	True	1		phrase.psychology-society.tsv	74	
表見代理	ㄅㄧㄠˇ ㄐㄧㄢˋ ㄉㄞˋ ㄌㄧˇ	法律	1	13	absent			-7.354194117						表見代理	表見代理	表/見/代理	表見代理	False	True	1		phrase.law.tsv	157	
表觀遺傳學	ㄅㄧㄠˇ ㄍㄨㄢ ㄧˊ ㄔㄨㄢˊ ㄒㄩㄝˊ	生技藥學	1	6	absent			-7.354194117						表觀遺傳學	表觀遺傳學	表/觀/遺傳學	表觀遺傳學	False	True	1		phrase.biotech-pharma.tsv	95	
表面化學	ㄅㄧㄠˇ ㄇㄧㄢˋ ㄏㄨㄚˋ ㄒㄩㄝˊ	科學	1	10	absent			-7.354194117		表面/化學	1.795504743	表面/化學	1.795504743	表面化學	表面化學	表面/化學	表面/化學	False	True	1		phrase.science.tsv	71	
表面粗糙度	ㄅㄧㄠˇ ㄇㄧㄢˋ ㄘㄨ ㄘㄠ ㄉㄨˋ	製造機械	1	4	absent			-7.354194117						表面粗糙度	表面粗糙度	表面/粗糙/度	表面粗糙度	False	True	1		phrase.manufacturing.tsv	115	
表面處理	ㄅㄧㄠˇ ㄇㄧㄢˋ ㄔㄨˇ ㄌㄧˇ	材料化工	1	15	absent			-7.354194117		表面/處理	0.999698445	表面/處理	0.999698445	表面處理	表面處理	表面/處理	表面/處理	False	True	1		phrase.materials-chemistry.tsv	92	
袋式集塵器	ㄉㄞˋ ㄕˋ ㄐㄧˊ ㄔㄣˊ ㄑㄧˋ	環境能源	1	4	absent			-7.354194117						代是及陳氣	袋式集塵器	代/是/及/陳/氣	袋式集塵器	True	True	1		phrase.energy-environment.tsv	124	
被動投資	ㄅㄟˋ ㄉㄨㄥˋ ㄊㄡˊ ㄗ	一般	1	10	absent			-7.354194117		被動/投資	1.627095513	被動/投資	1.627095513	被動投資	被動投資	被動/投資	被動投資	False	True	1		phrase.general.tsv	136	
被字句	ㄅㄟˋ ㄗˋ ㄐㄩˋ	中文	1	13	absent			-7.354194117						被字句	被字句	被/字句	被/字句	False	True	1		phrase.chinese.tsv	120	
裁量	ㄘㄞˊ ㄌㄧㄤˋ	法律	1	11	absent			-7.354194117						才量	才量	才/量	才/量	False	False	1		phrase.law.tsv	158	
補充複詞	ㄅㄨˇ ㄔㄨㄥ ㄈㄨˋ ㄘˊ	中文	1	11	absent			-7.354194117		補充/副詞	2.789291445	補充/副詞	2.789291445	補充副詞	補充複詞	補充/副詞	補充複詞	True	True	1		phrase.chinese.tsv	121	
補助計畫	ㄅㄨˇ ㄓㄨˋ ㄐㄧˋ ㄏㄨㄚˋ	公務員公文	1	16	absent			-7.354194117		補助/計畫	0.490079066	補助/計畫	0.490079066	補助計畫	補助計畫	補助/計畫	補助/計畫	False	True	1		phrase.government.tsv	63	
補救教學	ㄅㄨˇ ㄐㄧㄡˋ ㄐㄧㄠ ㄒㄩㄝˊ	教育	1	24	absent			-7.354194117		補救/教學	2.358431724	補救/教學	2.358431724	補救教學	補救教學	補救/教學	補救/教學	False	True	1		phrase.education.tsv	88	
製程改善	ㄓˋ ㄔㄥˊ ㄍㄞˇ ㄕㄢˋ	製造機械	1	15	absent			-7.354194117		製成/改善	1.830957661	製成/改善	1.830957661	製程改善	製程改善	製程/改善	製程/改善	False	True	1		phrase.manufacturing.tsv	117	
製程檢驗	ㄓˋ ㄔㄥˊ ㄐㄧㄢˇ ㄧㄢˋ	製造機械	1	11	absent			-7.354194117		製成/檢驗	2.360541896	製成/檢驗	2.360541896	製程檢驗	製程檢驗	製程/檢驗	製程/檢驗	False	True	1		phrase.manufacturing.tsv	118	
製程確效	ㄓˋ ㄔㄥˊ ㄑㄩㄝˋ ㄒㄧㄠˋ	生技藥學	1	10	absent			-7.354194117						製程確效	製程確效	製程/確/效	製程確效	False	True	1		phrase.biotech-pharma.tsv	96	
製程腔體	ㄓˋ ㄔㄥˊ ㄑㄧㄤ ㄊㄧˇ	晶片半導體	1	12	absent			-7.354194117						製程腔體	製程腔體	製程/腔/體	製程腔體	False	True	1		phrase.semiconductor.tsv	140	
製程路線	ㄓˋ ㄔㄥˊ ㄌㄨˋ ㄒㄧㄢˋ	製造機械	1	10	absent			-7.354194117		製成/路線	2.321930027	製成/路線	2.321930027	製程路線	製程路線	製程/路線	製程/路線	False	True	1		phrase.manufacturing.tsv	119	
製藥工程	ㄓˋ ㄧㄠˋ ㄍㄨㄥ ㄔㄥˊ	生技藥學	1	11	absent			-7.354194117		製藥/工程	2.214311884	製藥/工程	2.214311884	志要工程	製藥工程	志/要/工程	製藥工程	True	True	1		phrase.biotech-pharma.tsv	97	
製造成本	ㄓˋ ㄗㄠˋ ㄔㄥˊ ㄅㄣˇ	財會金融	1	10	absent			-7.354194117		製造/成本	1.040537771	製造/成本	1.040537771	製造成本	製造成本	製造/成本	製造/成本	False	True	1		phrase.finance.tsv	130	
製造規範	ㄓˋ ㄗㄠˋ ㄍㄨㄟ ㄈㄢˋ	農業食品	1	15	absent			-7.354194117		製造/規範	1.226215128	製造/規範	1.226215128	製造規範	製造規範	製造/規範	製造/規範	False	True	1		phrase.agriculture-food.tsv	51	
西吉	ㄒㄧ ㄐㄧˊ	動漫	1	12	absent			-7.354194117						西及	西及	西/及	西/及	False	False	1	西籍	phrase.anime.tsv	2065	
西安事變	ㄒㄧ ㄢ ㄕˋ ㄅㄧㄢˋ	歷史	1	10	absent			-7.354194117		西安/事變	3.63461426	西安/事變	3.63461426	西安是變	西安事變	西安/是/變	西安事變	True	True	1		phrase.history.tsv	152	
西宮硝子	ㄒㄧ ㄍㄨㄥ ㄒㄧㄠ ㄗ˙	動漫	1	19	absent			-7.354194117						西公消子	西宮硝子	西/公/消/子	西宮硝子	True	True	1		phrase.anime.tsv	2066	
西宮結絃	ㄒㄧ ㄍㄨㄥ ㄐㄧㄝˊ ㄒㄧㄢˊ	動漫	1	17	absent			-7.354194117						西公結嫌	西宮結絃	西/公/結/嫌	西宮結絃	True	True	1		phrase.anime.tsv	2067	
西尾千夏	ㄒㄧ ㄨㄟˇ ㄑㄧㄢ ㄒㄧㄚˋ	動漫	1	11	absent			-7.354194117						西委簽下	西尾千夏	西/委/簽下	西尾千夏	True	True	1		phrase.anime.tsv	2068	
西方墨點法	ㄒㄧ ㄈㄤ ㄇㄛˋ ㄉㄧㄢˇ ㄈㄚˇ	生技藥學	1	4	absent			-7.354194117						西方墨點法	西方墨點法	西方/墨/點/法	西方墨點法	False	True	1		phrase.biotech-pharma.tsv	99	
西木野真姬	ㄒㄧ ㄇㄨˋ ㄧㄝˇ ㄓㄣ ㄐㄧ	動漫	1	11	absent			-7.354194117						西目也真跡	西木野真姬	西/目/也/真跡	西木野真姬	True	True	1		phrase.anime.tsv	2069	
西朵莉	ㄒㄧ ㄉㄨㄛˇ ㄌㄧˋ	動漫	1	11	absent			-7.354194117						西躲力	西朵莉	西/躲/力	西朵莉	True	True	1		phrase.anime.tsv	2070	
西格蒙特	ㄒㄧ ㄍㄜˊ ㄇㄥˊ ㄊㄜˋ	動漫	1	11	absent			-7.354194117						西格蒙特	西格蒙特	西/格/蒙特	西格蒙特	False	True	1		phrase.anime.tsv	2071	
西條	ㄒㄧ ㄊㄧㄠˊ	動漫	1	12	absent			-7.354194117						西條	西條	西/條	西/條	False	True	1		phrase.anime.tsv	2072	
西治時期	ㄒㄧ ㄓˋ ㄕˊ ㄑㄧˊ	歷史	1	12	absent			-7.354194117		西至/時期	4.19885808	西至/時期	4.19885808	西治時期	西治時期	西/治/時期	西治時期	False	True	1		phrase.history.tsv	153	
西田優征	ㄒㄧ ㄊㄧㄢˊ ㄧㄡ ㄓㄥ	動漫	1	11	absent			-7.354194117						西田優爭	西田優征	西/田/優/爭	西田優征	True	True	1		phrase.anime.tsv	2074	
西索	ㄒㄧ ㄙㄨㄛˇ	動漫	1	14	absent			-7.354194117						西所	西所	西/所	西/所	False	False	1		phrase.anime.tsv	2075	
西莉卡	ㄒㄧ ㄌㄧˋ ㄎㄚˇ	動漫	1	12	absent			-7.354194117						犀利卡	西莉卡	犀利/卡	西莉卡	True	True	1		phrase.anime.tsv	2076	
西谷夕	ㄒㄧ ㄍㄨˇ ㄒㄧˋ	動漫	1	12	absent			-7.354194117						溪谷系	西谷夕	溪谷/系	西谷夕	True	True	1		phrase.anime.tsv	2078	
要圭	ㄧㄠˋ ㄍㄨㄟ	動漫	1	15	absent			-7.354194117						要規	要規	要/規	要/規	False	False	1		phrase.anime.tsv	2079	
要死	ㄧㄠˋ ㄙˇ	動漫	1	13	absent			-7.354194117						要死	要死	要/死	要/死	False	True	1		phrase.anime.tsv	2080	
見崎鳴	ㄐㄧㄢˋ ㄑㄧˊ ㄇㄧㄥˊ	動漫	1	15	absent			-7.354194117						建其明	見崎鳴	建/其/明	見崎鳴	True	True	1		phrase.anime.tsv	2081	
視覺層級	ㄕˋ ㄐㄩㄝˊ ㄘㄥˊ ㄐㄧˊ	媒體設計	1	11	absent			-7.354194117		視覺/層級	2.550354772	視覺/層級	2.550354772	視覺層級	視覺層級	視覺/層級	視覺/層級	False	True	1		phrase.media-design.tsv	80	
視覺模型	ㄕˋ ㄐㄩㄝˊ ㄇㄛˊ ㄒㄧㄥˊ	AI資料科學	1	15	absent			-7.354194117		視覺/模型	2.200159875	視覺/模型	2.200159875	視覺模型	視覺模型	視覺/模型	視覺/模型	False	True	1		phrase.ai-data-science.tsv	138	
視覺特效	ㄕˋ ㄐㄩㄝˊ ㄊㄜˋ ㄒㄧㄠˋ	媒體設計	1	11	absent			-7.354194117		視覺/特效	2.765317621	視覺/特效	2.765317621	視覺特效	視覺特效	視覺/特效	視覺/特效	False	True	1		phrase.media-design.tsv	81	
視訊看診	ㄕˋ ㄒㄩㄣˋ ㄎㄢˋ ㄓㄣˇ	一般	1	13	absent			-7.354194117						視訊看診	視訊看診	視訊/看/診	視訊看診	False	True	1		phrase.general.tsv	137	
親權	ㄑㄧㄣ ㄑㄩㄢˊ	法律	1	12	absent	侵權	-5.479132854	-7.354194117	-1.875061263			侵權	-1.875061263	侵權	侵權	侵權	侵權	False	False	2	侵權	phrase.law.tsv	160	
觀察學習	ㄍㄨㄢ ㄔㄚˊ ㄒㄩㄝˊ ㄒㄧˊ	心理社會	1	12	absent			-7.354194117		觀察/學習	0.625184924	觀察/學習	0.625184924	觀察學習	觀察學習	觀察/學習	觀察/學習	False	True	1		phrase.psychology-society.tsv	75	
角色型	ㄐㄩㄝˊ ㄙㄜˋ ㄒㄧㄥˊ	網路資安	1	13	absent			-7.354194117						角色行	角色行	角色/行	角色/行	False	False	1		phrase.network-security.tsv	141	
角色緊張	ㄐㄩㄝˊ ㄙㄜˋ ㄐㄧㄣˇ ㄓㄤ	心理社會	1	12	absent			-7.354194117		角色/緊張	1.639938144	角色/緊張	1.639938144	角色緊張	角色緊張	角色/緊張	角色/緊張	False	True	1		phrase.psychology-society.tsv	76	
角色衝突	ㄐㄩㄝˊ ㄙㄜˋ ㄔㄨㄥ ㄊㄨˊ	心理社會	1	12	absent			-7.354194117		角色/衝突	1.574887012	角色/衝突	1.574887012	角色衝突	角色衝突	角色/衝突	角色/衝突	False	True	1		phrase.psychology-society.tsv	77	
角落生物	ㄐㄧㄠˇ ㄌㄨㄛˋ ㄕㄥ ㄨˋ	一般	1	13	absent			-7.354194117		角落/生物	1.672518803	角落/生物	1.672518803	角落生物	角落生物	角落/生物	角落/生物	False	True	1		phrase.general.tsv	138	
解列	ㄐㄧㄝˇ ㄌㄧㄝˋ	公務員公文	1	8	absent			-7.354194117						姊列	姊列	姊/列	姊/列	False	False	1		phrase.government.tsv	64	
解魯	ㄐㄧㄝˇ ㄌㄨˇ	動漫	1	13	absent			-7.354194117						姊魯	姊魯	姊/魯	姊/魯	False	False	1		phrase.anime.tsv	2082	
觸發器	ㄔㄨˋ ㄈㄚ ㄑㄧˋ	電子電機	1	10	0			-7.354194117						觸發器	觸發器	觸發/器	觸發器	False	True	1		phrase.electronics.tsv	160	
言峰綺禮	ㄧㄢˊ ㄈㄥ ㄑㄧˇ ㄌㄧˇ	動漫	1	15	absent			-7.354194117						沿風起理	言峰綺禮	沿/風/起/理	言峰綺禮	True	True	1		phrase.anime.tsv	2083	
訂單量	ㄉㄧㄥˋ ㄉㄢ ㄌㄧㄤˋ	商業	1	16	absent			-7.354194117						訂單量	訂單量	訂單/量	訂單/量	False	True	1		phrase.business.tsv	159	
訂單量分析	ㄉㄧㄥˋ ㄉㄢ ㄌㄧㄤˋ ㄈㄣ ㄒㄧ	商業	1	5	absent			-7.354194117						訂單量分析	訂單量分析	訂單/量/分析	訂單量分析	False	True	1		phrase.business.tsv	160	
訂單量目標	ㄉㄧㄥˋ ㄉㄢ ㄌㄧㄤˋ ㄇㄨˋ ㄅㄧㄠ	商業	1	4	absent			-7.354194117						訂單量目標	訂單量目標	訂單/量/目標	訂單量目標	False	True	1		phrase.business.tsv	161	
訂單量趨勢	ㄉㄧㄥˋ ㄉㄢ ㄌㄧㄤˋ ㄑㄩ ㄕˋ	商業	1	4	absent			-7.354194117						訂單量趨勢	訂單量趨勢	訂單/量/趨勢	訂單量趨勢	False	True	1		phrase.business.tsv	162	
訂單量預測	ㄉㄧㄥˋ ㄉㄢ ㄌㄧㄤˋ ㄩˋ ㄘㄜˋ	商業	1	4	absent			-7.354194117						訂單量預測	訂單量預測	訂單/量/預測	訂單量預測	False	True	1		phrase.business.tsv	163	
訂閱制	ㄉㄧㄥˋ ㄩㄝˋ ㄓˋ	一般	1	20	absent			-7.354194117						訂閱制	訂閱制	訂閱/制	訂閱/制	False	True	1		phrase.general.tsv	139	
計算語言學	ㄐㄧˋ ㄙㄨㄢˋ ㄩˇ ㄧㄢˊ ㄒㄩㄝˊ	中文	1	4	absent			-7.354194117		計算/語言學	2.353690628	計算/語言學	2.353690628	計算語言學	計算語言學	計算/語言學	計算/語言學	False	True	1		phrase.chinese.tsv	122	
訊息佇列	ㄒㄩㄣˋ ㄒㄧˊ ㄓㄨˋ ㄌㄧㄝˋ	軟體科學	1	9	absent			-7.354194117						訊息佇列	訊息佇列	訊息/佇/列	訊息佇列	False	True	1		phrase.software.tsv	81	
訊息系統	ㄒㄩㄣˋ ㄒㄧˊ ㄒㄧˋ ㄊㄨㄥˇ	軟體科學	1	9	absent			-7.354194117		訊息/系統	0.451735293	訊息/系統	0.451735293	訊息系統	訊息系統	訊息/系統	訊息/系統	False	True	1		phrase.software.tsv	82	
訊息鑑別碼	ㄒㄩㄣˋ ㄒㄧˊ ㄐㄧㄢˋ ㄅㄧㄝˊ ㄇㄚˇ	網路資安	1	5	absent			-7.354194117						訊息鑑別碼	訊息鑑別碼	訊息/鑑別/碼	訊息鑑別碼	False	True	1		phrase.network-security.tsv	144	
訊號熱分析	ㄒㄩㄣˋ ㄏㄠˋ ㄖㄜˋ ㄈㄣ ㄒㄧ	電子電機	1	5	absent			-7.354194117						訊號熱分析	訊號熱分析	訊號/熱/分析	訊號熱分析	False	True	1		phrase.electronics.tsv	162	
訊號與系統	ㄒㄩㄣˋ ㄏㄠˋ ㄩˇ ㄒㄧˋ ㄊㄨㄥˇ	電子電機	1	5	absent			-7.354194117						訊號與系統	訊號與系統	訊號/與/系統	訊號與系統	False	True	1		phrase.electronics.tsv	163	
訊號雜訊比	ㄒㄩㄣˋ ㄏㄠˋ ㄗㄚˊ ㄒㄩㄣˋ ㄅㄧˇ	電子電機	1	4	absent			-7.354194117						訊號雜訊比	訊號雜訊比	訊號/雜訊/比	訊號雜訊比	False	True	1		phrase.electronics.tsv	164	
記憶體鑑識	ㄐㄧˋ ㄧˋ ㄊㄧˇ ㄐㄧㄢˋ ㄕˋ	網路資安	1	4	absent			-7.354194117		記憶體/見識	2.898801021	記憶體/見識	2.898801021	記憶體鑑識	記憶體鑑識	記憶體/鑑識	記憶體/鑑識	False	True	1		phrase.network-security.tsv	145	
訛文	ㄜˊ ㄨㄣˊ	中文	1	11	absent	俄文	-6.312801432	-7.354194117	-1.041392685			俄文	-1.041392685	額文	額文	額/文	額/文	False	False	2	俄文	phrase.chinese.tsv	123	
設備保養	ㄕㄜˋ ㄅㄟˋ ㄅㄠˇ ㄧㄤˇ	製造機械	1	15	absent			-7.354194117		設備/保養	1.894937368	設備/保養	1.894937368	設備保養	設備保養	設備/保養	設備/保養	False	True	1		phrase.manufacturing.tsv	123	
設備匹配	ㄕㄜˋ ㄅㄟˋ ㄆㄧˇ ㄆㄟˋ	晶片半導體	1	20	absent			-7.354194117		設備/匹配	3.01303668	設備/匹配	3.01303668	設備匹配	設備匹配	設備/匹配	設備/匹配	False	True	1		phrase.semiconductor.tsv	146	
設備配方	ㄕㄜˋ ㄅㄟˋ ㄆㄟˋ ㄈㄤ	晶片半導體	1	13	absent			-7.354194117		設備/配方	2.27763741	設備/配方	2.27763741	設備配方	設備配方	設備/配方	設備/配方	False	True	1		phrase.semiconductor.tsv	147	
設問	ㄕㄜˋ ㄨㄣˋ	中文	1	12	absent			-7.354194117						設問	設問	設/問	設/問	False	True	1		phrase.chinese.tsv	124	
設定服務	ㄕㄜˋ ㄉㄧㄥˋ ㄈㄨˊ ㄨˋ	軟體科學	1	8	absent			-7.354194117		設定/服務	0.638667506	設定/服務	0.638667506	設定服務	設定服務	設定/服務	設定/服務	False	True	1		phrase.software.tsv	83	
設施農業	ㄕㄜˋ ㄕ ㄋㄨㄥˊ ㄧㄝˋ	農業食品	1	13	absent			-7.354194117		設施/農業	1.312492009	設施/農業	1.312492009	設施農業	設施農業	設施/農業	設施/農業	False	True	1		phrase.agriculture-food.tsv	52	
設計思考	ㄕㄜˋ ㄐㄧˋ ㄙ ㄎㄠˇ	媒體設計	1	12	absent			-7.354194117		設計/思考	0.465351833	設計/思考	0.465351833	設計思考	設計思考	設計/思考	設計/思考	False	True	1		phrase.media-design.tsv	83	
設計系統	ㄕㄜˋ ㄐㄧˋ ㄒㄧˋ ㄊㄨㄥˇ	媒體設計	1	13	absent			-7.354194117		設計/系統	-0.071679288	設計/系統	-0.071679288	設計系統	設計系統	設計/系統	設計/系統	False	True	1		phrase.media-design.tsv	84	
訴之利益	ㄙㄨˋ ㄓ ㄌㄧˋ ㄧˋ	法律	1	12	absent			-7.354194117						素之利益	訴之利益	素/之/利益	訴之利益	True	True	1		phrase.law.tsv	161	
訴訟標的	ㄙㄨˋ ㄙㄨㄥˋ ㄅㄧㄠ ㄉㄧˋ	法律	1	11	absent			-7.354194117		訴訟/標的	2.392061648	訴訟/標的	2.392061648	訴訟標的	訴訟標的	訴訟/標的	訴訟標的	False	True	1		phrase.law.tsv	163	
訴訟權	ㄙㄨˋ ㄙㄨㄥˋ ㄑㄩㄢˊ	法律	1	11	absent			-7.354194117						訴訟權	訴訟權	訴訟/權	訴訟/權	False	True	1		phrase.law.tsv	164	
訴願案件	ㄙㄨˋ ㄩㄢˋ ㄢˋ ㄐㄧㄢˋ	公務員公文	1	15	absent			-7.354194117		訴願/案件	2.71726513	訴願/案件	2.71726513	訴願案件	訴願案件	訴願/案件	訴願案件	False	True	1		phrase.government.tsv	66	
診斷性評量	ㄓㄣˇ ㄉㄨㄢˋ ㄒㄧㄥˋ ㄆㄧㄥˊ ㄌㄧㄤˊ	教育	1	3	absent			-7.354194117						診斷性評量	診斷性評量	診斷/性/評量	診斷性評量	False	True	1		phrase.education.tsv	91	
評分者信度	ㄆㄧㄥˊ ㄈㄣ ㄓㄜˇ ㄒㄧㄣˋ ㄉㄨˋ	教育	1	4	absent			-7.354194117						評分者信度	評分者信度	評分/者/信/度	評分者信度	False	True	1		phrase.education.tsv	92	
評量設計	ㄆㄧㄥˊ ㄌㄧㄤˊ ㄕㄜˋ ㄐㄧˋ	教育	1	17	absent			-7.354194117		評量/設計	1.625629328	評量/設計	1.625629328	評量設計	評量設計	評量/設計	評量/設計	False	True	1		phrase.education.tsv	94	
詞法學	ㄘˊ ㄈㄚˇ ㄒㄩㄝˊ	中文	1	12	absent			-7.354194117						詞法學	詞法學	詞/法學	詞/法學	False	True	1		phrase.chinese.tsv	125	
詞祈艾	ㄘˊ ㄑㄧˊ ㄞˋ	動漫	1	10	absent			-7.354194117						詞其愛	詞祈艾	詞/其/愛	詞祈艾	True	True	1		phrase.anime.tsv	2086	
詩乃	ㄕ ㄋㄞˇ	動漫	1	16	absent	師奶	-6.877072863	-7.354194117	-0.477121255			師奶	-0.477121255	師奶	師奶	師奶	師奶	False	False	2	師奶	phrase.anime.tsv	2087	
認知偏誤	ㄖㄣˋ ㄓ ㄆㄧㄢ ㄨˋ	心理社會	1	11	absent			-7.354194117						認知偏誤	認知偏誤	認知/偏/誤	認知偏誤	False	True	1		phrase.psychology-society.tsv	78	
認知失調	ㄖㄣˋ ㄓ ㄕ ㄊㄧㄠˊ	心理社會	1	11	absent			-7.354194117		認知/失調	2.817130975	認知/失調	2.817130975	認知失調	認知失調	認知/失調	認知/失調	False	True	1		phrase.psychology-society.tsv	79	
認知心理學	ㄖㄣˋ ㄓ ㄒㄧㄣ ㄌㄧˇ ㄒㄩㄝˊ	心理社會	1	4	absent			-7.354194117		認知/心理學	2.411809012	認知/心理學	2.411809012	認知心理學	認知心理學	認知/心理學	認知/心理學	False	True	1		phrase.psychology-society.tsv	80	
誘導性	ㄧㄡˋ ㄉㄠˇ ㄒㄧㄥˋ	生技藥學	1	9	absent			-7.354194117						誘導性	誘導性	誘導/性	誘導性	False	True	1		phrase.biotech-pharma.tsv	101	
語意學	ㄩˇ ㄧˋ ㄒㄩㄝˊ	中文	1	11	absent			-7.354194117						語意學	語意學	語意/學	語意/學	False	True	1		phrase.chinese.tsv	126	
語意記憶	ㄩˇ ㄧˋ ㄐㄧˋ ㄧˋ	心理社會	1	10	absent			-7.354194117		語意/記憶	2.118145838	語意/記憶	2.118145838	語意記憶	語意記憶	語意/記憶	語意/記憶	False	True	1		phrase.psychology-society.tsv	81	
語料庫	ㄩˇ ㄌㄧㄠˋ ㄎㄨˋ	中文	1	10	absent			-7.354194117						語料庫	語料庫	語料/庫	語料/庫	False	True	1		phrase.chinese.tsv	127	
語用學	ㄩˇ ㄩㄥˋ ㄒㄩㄝˊ	中文	1	12	absent			-7.354194117						與用學	語用學	與/用/學	語用學	True	True	1		phrase.chinese.tsv	128	
語言模型	ㄩˇ ㄧㄢˊ ㄇㄛˊ ㄒㄧㄥˊ	AI資料科學	1	14	absent			-7.354194117		語言/模型	1.586066075	語言/模型	1.586066075	語言模型	語言模型	語言/模型	語言/模型	False	True	1		phrase.ai-data-science.tsv	146	
語音模型	ㄩˇ ㄧㄣ ㄇㄛˊ ㄒㄧㄥˊ	AI資料科學	1	14	absent			-7.354194117		語音/模型	2.459435123	語音/模型	2.459435123	語音模型	語音模型	語音/模型	語音/模型	False	True	1		phrase.ai-data-science.tsv	147	
誠信原則	ㄔㄥˊ ㄒㄧㄣˋ ㄩㄢˊ ㄗㄜˊ	法律	1	10	absent			-7.354194117		誠信/原則	2.391834254	誠信/原則	2.391834254	誠信原則	誠信原則	誠信/原則	誠信/原則	False	True	1		phrase.law.tsv	165	
課予	ㄎㄜˋ ㄩˇ	法律	1	12	absent	客語	-5.720725662	-7.354194117	-1.633468456			客語	-1.633468456	客與	客與	客/與	客/與	False	False	2	客語	phrase.law.tsv	166	
課程設計	ㄎㄜˋ ㄔㄥˊ ㄕㄜˋ ㄐㄧˋ	教育	1	17	absent			-7.354194117		課程/設計	0.410304267	課程/設計	0.410304267	課程設計	課程設計	課程/設計	課程/設計	False	True	1		phrase.education.tsv	98	
課綱	ㄎㄜˋ ㄍㄤ	一般	1	45	absent			-7.354194117						客剛	客剛	客/剛	客/剛	False	False	1		phrase.general.tsv	142	
調整分錄	ㄊㄧㄠˊ ㄓㄥˇ ㄈㄣ ㄌㄨˋ	財會金融	1	11	absent			-7.354194117		調整/分路	3.214000439	調整/分路	3.214000439	調整分錄	調整分錄	調整/分/錄	調整分錄	False	True	1		phrase.finance.tsv	132	
調查報導	ㄉㄧㄠˋ ㄔㄚˊ ㄅㄠˋ ㄉㄠˇ	媒體設計	1	12	absent			-7.354194117		調查/報導	0.219995583	調查/報導	0.219995583	調查報導	調查報導	調查/報導	調查/報導	False	True	1		phrase.media-design.tsv	85	
調變	ㄉㄧㄠˋ ㄅㄧㄢˋ	電子電機	1	11	absent			-7.354194117						吊變	吊變	吊/變	吊/變	False	False	1		phrase.electronics.tsv	166	
諏訪原戒	ㄗㄡ ㄈㄤˇ ㄩㄢˊ ㄐㄧㄝˋ	動漫	1	11	absent			-7.354194117						鄒訪員界	諏訪原戒	鄒/訪/員/界	諏訪原戒	True	True	1		phrase.anime.tsv	2090	
諏訪賴重	ㄗㄡ ㄈㄤˇ ㄌㄞˋ ㄓㄨㄥˋ	動漫	1	15	absent			-7.354194117						鄒訪來重	諏訪賴重	鄒/訪/來/重	諏訪賴重	True	True	1		phrase.anime.tsv	2091	
諧振轉換器	ㄒㄧㄝˊ ㄓㄣˋ ㄓㄨㄢˇ ㄏㄨㄢˋ ㄑㄧˋ	電子電機	1	3	absent			-7.354194117						協鎮轉換器	諧振轉換器	協/鎮/轉換器	諧振轉換器	True	True	1		phrase.electronics.tsv	167	
諮商心理學	ㄗ ㄕㄤ ㄒㄧㄣ ㄌㄧˇ ㄒㄩㄝˊ	心理社會	1	3	absent			-7.354194117		諮商/心理學	3.066347617	諮商/心理學	3.066347617	諮商心理學	諮商心理學	諮商/心理學	諮商/心理學	False	True	1		phrase.psychology-society.tsv	82	
諸星當	ㄓㄨ ㄒㄧㄥ ㄉㄤ	動漫	1	20	absent			-7.354194117						列星當	諸星當	列/星/當	諸星當	True	True	1		phrase.anime.tsv	2092	
諸神黃昏	ㄓㄨ ㄕㄣˊ ㄏㄨㄤˊ ㄏㄨㄣ	動漫	1	13	absent			-7.354194117						列什黃昏	諸神黃昏	列/什/黃昏	諸神黃昏	True	True	1		phrase.anime.tsv	2093	
諸葉	ㄓㄨ ㄧㄝˋ	動漫	1	14	absent			-7.354194117						列業	列業	列/業	列/業	False	False	1		phrase.anime.tsv	2094	
諸葛岳人	ㄓㄨ ㄍㄜˊ ㄩㄝˋ ㄖㄣˊ	動漫	1	15	absent			-7.354194117						諸葛月人	諸葛岳人	諸葛/月/人	諸葛岳人	True	True	1		phrase.anime.tsv	2095	
諸葛澤	ㄓㄨ ㄍㄜˊ ㄗㄜˊ	動漫	1	10	absent			-7.354194117						諸葛則	諸葛澤	諸葛/則	諸葛澤	True	True	1		phrase.anime.tsv	2096	
諾兒菈艾倫	ㄋㄨㄛˋ ㄦˊ ㄌㄚ ㄞˋ ㄌㄨㄣˊ	動漫	1	16	absent			-7.354194117						諾而拉艾倫	諾兒菈艾倫	諾/而/拉/艾倫	諾兒菈艾倫	True	True	1		phrase.anime.tsv	2097	
諾瓦克	ㄋㄨㄛˋ ㄨㄚˇ ㄎㄜˋ	動漫	1	16	absent			-7.354194117						諾瓦客	諾瓦克	諾/瓦/客	諾瓦克	True	True	1		phrase.anime.tsv	2099	
諾羅病毒	ㄋㄨㄛˋ ㄌㄨㄛˊ ㄅㄧㄥˋ ㄉㄨˊ	農業食品	1	15	absent			-7.354194117						諾羅病毒	諾羅病毒	諾/羅/病毒	諾羅病毒	False	True	1		phrase.agriculture-food.tsv	53	
諾艾兒	ㄋㄨㄛˋ ㄞˋ ㄦˊ	動漫	1	16	absent			-7.354194117						諾愛而	諾艾兒	諾/愛/而	諾艾兒	True	True	1		phrase.anime.tsv	2100	
謀殺鬧劇	ㄇㄡˊ ㄕㄚ ㄋㄠˋ ㄐㄩˋ	動漫	1	20	absent			-7.354194117		謀殺/鬧劇	4.100371679	謀殺/鬧劇	4.100371679	謀殺鬧劇	謀殺鬧劇	謀殺/鬧劇	謀殺鬧劇	False	True	1		phrase.anime.tsv	2101	
謂語	ㄨㄟˋ ㄩˇ	中文	1	12	absent			-7.354194117						為與	為與	為/與	為/與	False	False	1		phrase.chinese.tsv	130	
謝爾凡	ㄒㄧㄝˋ ㄦˇ ㄈㄢˊ	動漫	1	22	absent			-7.354194117						謝爾繁	謝爾凡	謝/爾/繁	謝爾凡	True	True	1		phrase.anime.tsv	2103	
謝絲妲	ㄒㄧㄝˋ ㄙ ㄉㄚˊ	動漫	1	15	absent			-7.354194117						謝司達	謝絲妲	謝/司/達	謝絲妲	True	True	1		phrase.anime.tsv	2104	
證據保全	ㄓㄥˋ ㄐㄩˋ ㄅㄠˇ ㄑㄩㄢˊ	法律	1	11	absent			-7.354194117		證據/保全	2.504117923	證據/保全	2.504117923	證據保全	證據保全	證據/保全	證據/保全	False	True	1		phrase.law.tsv	168	
證據能力	ㄓㄥˋ ㄐㄩˋ ㄋㄥˊ ㄌㄧˋ	法律	1	11	absent			-7.354194117		證據/能力	1.260526985	證據/能力	1.260526985	證據能力	證據能力	證據/能力	證據/能力	False	True	1		phrase.law.tsv	169	
證明力	ㄓㄥˋ ㄇㄧㄥˊ ㄌㄧˋ	法律	1	11	absent			-7.354194117						證明力	證明力	證明/力	證明/力	False	True	1		phrase.law.tsv	170	
譚雅	ㄊㄢˊ ㄧㄚˇ	動漫	1	20	absent			-7.354194117						談亞	談亞	談/亞	談/亞	False	False	1		phrase.anime.tsv	2105	
議題設定	ㄧˋ ㄊㄧˊ ㄕㄜˋ ㄉㄧㄥˋ	媒體設計	1	12	absent			-7.354194117		議題/設定	1.183329796	議題/設定	1.183329796	議題設定	議題設定	議題/設定	議題/設定	False	True	1		phrase.media-design.tsv	86	
譴責小說	ㄑㄧㄢˇ ㄗㄜˊ ㄒㄧㄠˇ ㄕㄨㄛ	中文	1	10	absent			-7.354194117		譴責/小說	2.051058563	譴責/小說	2.051058563	譴責小說	譴責小說	譴責/小說	譴責小說	False	True	1		phrase.chinese.tsv	131	
護法運動	ㄏㄨˋ ㄈㄚˇ ㄩㄣˋ ㄉㄨㄥˋ	歷史	1	10	absent			-7.354194117		護法/運動	1.712135392	護法/運動	1.712135392	護法運動	護法運動	護法/運動	護法/運動	False	True	1		phrase.history.tsv	157	
變分	ㄅㄧㄢˋ ㄈㄣ	AI資料科學	1	12	absent			-7.354194117						便分	便分	便/分	便/分	False	False	1		phrase.ai-data-science.tsv	149	
變動成本	ㄅㄧㄢˋ ㄉㄨㄥˋ ㄔㄥˊ ㄅㄣˇ	財會金融	1	11	absent			-7.354194117		變動/成本	1.659080346	變動/成本	1.659080346	變動成本	變動成本	變動/成本	變動/成本	False	True	1		phrase.finance.tsv	133	
變異數分析	ㄅㄧㄢˋ ㄧˋ ㄕㄨˋ ㄈㄣ ㄒㄧ	工業工程	1	4	absent			-7.354194117		變異數/分析	3.012957494	變異數/分析	3.012957494	變異數分析	變異數分析	變異數/分析	變異數分析	False	True	1		phrase.industrial-engineering.tsv	96	
豐濱和香	ㄈㄥ ㄅㄧㄣ ㄏㄜˊ ㄒㄧㄤ	動漫	1	12	absent			-7.354194117						豐濱和相	豐濱和香	豐濱/和/相	豐濱和香	True	True	1		phrase.anime.tsv	2108	
豪瑟	ㄏㄠˊ ㄙㄜˋ	動漫	1	13	absent			-7.354194117						號色	豪瑟	號/色	豪瑟	True	True	1		phrase.anime.tsv	2109	
豬熊陽子	ㄓㄨ ㄒㄩㄥˊ ㄧㄤˊ ㄗ˙	動漫	1	11	absent			-7.354194117						列雄陽子	豬熊陽子	列/雄/陽/子	豬熊陽子	True	True	1		phrase.anime.tsv	2110	
豬股大喜	ㄓㄨ ㄍㄨˇ ㄉㄚˋ ㄒㄧˇ	動漫	1	20	absent			-7.354194117		豬骨/大喜	5.223860349	豬骨/大喜	5.223860349	豬骨大喜	豬股大喜	豬骨/大喜	豬股大喜	True	True	1		phrase.anime.tsv	2111	
貓咪老師	ㄇㄠ ㄇㄧ ㄌㄠˇ ㄕ	動漫	1	20	absent			-7.354194117		貓咪/老師	1.971546814	貓咪/老師	1.971546814	貓咪老師	貓咪老師	貓咪/老師	貓咪老師	False	True	1		phrase.anime.tsv	2113	
貓咪西餐廳	ㄇㄠ ㄇㄧ ㄒㄧ ㄘㄢ ㄊㄧㄥ	動漫	1	10	absent			-7.354194117		貓咪/西餐廳	4.354194117	貓咪/西餐廳	4.354194117	貓咪西餐廳	貓咪西餐廳	貓咪/西餐廳	貓咪西餐廳	False	True	1		phrase.anime.tsv	2114	
貓巴士	ㄇㄠ ㄅㄚ ㄕˋ	動漫	1	17	absent			-7.354194117						貓巴士	貓巴士	貓/巴士	貓巴士	False	True	1		phrase.anime.tsv	2115	
貓貓	ㄇㄠ ㄇㄠ	動漫	1	22	absent			-7.354194117						貓貓	貓貓	貓/貓	貓/貓	False	True	1		phrase.anime.tsv	2116	
貝他係數	ㄅㄟˋ ㄊㄚ ㄒㄧˋ ㄕㄨˋ	財會金融	1	10	absent			-7.354194117		貝他/係數	4.720725662	貝他/係數	4.720725662	被他係數	貝他係數	被/他/係數	貝他係數	True	True	1		phrase.finance.tsv	134	
貝兒翠絲	ㄅㄟˋ ㄦˊ ㄘㄨㄟˋ ㄙ	動漫	1	13	absent			-7.354194117						被而脆司	貝兒翠絲	被/而/脆/司	貝兒翠絲	True	True	1		phrase.anime.tsv	2117	
貝內迪克特	ㄅㄟˋ ㄋㄟˋ ㄉㄧˊ ㄎㄜˋ ㄊㄜˋ	動漫	1	14	absent			-7.354194117						被內的客特	貝內迪克特	被/內/的/客/特	貝內迪克特	True	True	1		phrase.anime.tsv	2118	
貝卡斯	ㄅㄟˋ ㄎㄚˇ ㄙ	動漫	1	11	absent			-7.354194117						被卡司	貝卡斯	被/卡司	貝卡斯	True	True	1		phrase.anime.tsv	2119	
貝吉塔	ㄅㄟˋ ㄐㄧˊ ㄊㄚˇ	動漫	1	22	absent			-7.354194117						被及塔	貝吉塔	被/及/塔	貝吉塔	True	True	1		phrase.anime.tsv	2120	
貝爾克朗尼	ㄅㄟˋ ㄦˇ ㄎㄜˋ ㄌㄤˇ ㄋㄧˊ	動漫	1	21	absent			-7.354194117						貝爾客朗呢	貝爾克朗尼	貝爾/客/朗/呢	貝爾克朗尼	True	True	1		phrase.anime.tsv	2121	
貝爾曼	ㄅㄟˋ ㄦˇ ㄇㄢˋ	軟體科學	1	10	absent			-7.354194117						貝爾曼	貝爾曼	貝爾/曼	貝爾曼	False	True	1		phrase.software.tsv	86	
貝琪	ㄅㄟˋ ㄑㄧˊ	動漫	1	12	absent	背鰭	-6.877072863	-7.354194117	-0.477121255			背鰭	-0.477121255	被其	被其	被/其	被/其	False	False	2	背鰭	phrase.anime.tsv	2122	
貝阿朵莉切	ㄅㄟˋ ㄚ ㄉㄨㄛˇ ㄌㄧˋ ㄑㄧㄝˋ	動漫	1	15	absent			-7.354194117						被阿躲力切	貝阿朵莉切	被/阿/躲/力/切	貝阿朵莉切	True	True	1		phrase.anime.tsv	2123	
貞子	ㄓㄣ ㄗ˙	動漫	1	11	absent			-7.354194117						真子	真子	真/子	真/子	False	False	1		phrase.anime.tsv	2124	
負偏壓	ㄈㄨˋ ㄆㄧㄢ ㄧㄚ	晶片半導體	1	11	absent			-7.354194117						附篇壓	負偏壓	附/篇/壓	負偏壓	True	True	1		phrase.semiconductor.tsv	151	
負債比率	ㄈㄨˋ ㄓㄞˋ ㄅㄧˇ ㄌㄩˋ	財會金融	1	10	absent			-7.354194117		負債/比率	2.908589914	負債/比率	2.908589914	負債比率	負債比率	負債/比率	負債/比率	False	True	1		phrase.finance.tsv	136	
負債準備	ㄈㄨˋ ㄓㄞˋ ㄓㄨㄣˇ ㄅㄟˋ	財會金融	1	10	absent			-7.354194117		負債/準備	2.020827462	負債/準備	2.020827462	負債準備	負債準備	負債/準備	負債/準備	False	True	1		phrase.finance.tsv	137	
負債預測	ㄈㄨˋ ㄓㄞˋ ㄩˋ ㄘㄜˋ	財會金融	1	10	absent			-7.354194117		負債/預測	2.635775476	負債/預測	2.635775476	負債預測	負債預測	負債/預測	負債/預測	False	True	1		phrase.finance.tsv	138	
負增強	ㄈㄨˋ ㄗㄥ ㄑㄧㄤˊ	心理社會	1	12	absent			-7.354194117						附增強	負增強	附/增強	負增強	True	True	1		phrase.psychology-society.tsv	83	
負懲罰	ㄈㄨˋ ㄔㄥˊ ㄈㄚˊ	心理社會	1	12	absent			-7.354194117						附懲罰	負懲罰	附/懲罰	負懲罰	True	True	1		phrase.psychology-society.tsv	84	
財務會計	ㄘㄞˊ ㄨˋ ㄎㄨㄞˋ ㄐㄧˋ	財會金融	1	11	absent			-7.354194117		財務/會計	2.050261896	財務/會計	2.050261896	財務會計	財務會計	財務/會計	財務/會計	False	True	1		phrase.finance.tsv	140	
財務槓桿	ㄘㄞˊ ㄨˋ ㄍㄤˋ ㄍㄢˇ	財會金融	1	11	absent			-7.354194117		財務/槓桿	3.138397985	財務/槓桿	3.138397985	財務槓桿	財務槓桿	財務/槓桿	財務/槓桿	False	True	1		phrase.finance.tsv	141	
財務比率	ㄘㄞˊ ㄨˋ ㄅㄧˇ ㄌㄩˋ	財會金融	1	11	absent			-7.354194117		財務/比率	2.094194322	財務/比率	2.094194322	財務比率	財務比率	財務/比率	財務比率	False	True	1		phrase.finance.tsv	142	
財政制度	ㄘㄞˊ ㄓㄥˋ ㄓˋ ㄉㄨˋ	歷史	1	11	absent			-7.354194117		財政/制度	0.851109907	財政/制度	0.851109907	財政制度	財政制度	財政/制度	財政/制度	False	True	1		phrase.history.tsv	158	
貨幣市場	ㄏㄨㄛˋ ㄅㄧˋ ㄕˋ ㄔㄤˇ	財會金融	1	11	absent			-7.354194117		貨幣/市場	0.617915568	貨幣/市場	0.617915568	貨幣市場	貨幣市場	貨幣/市場	貨幣/市場	False	True	1		phrase.finance.tsv	143	
貫入	ㄍㄨㄢˋ ㄖㄨˋ	建築土木	1	13	absent	灌入	-6.208066082	-7.354194117	-1.146128036			灌入	-1.146128036	灌入	灌入	灌入	灌入	False	False	2	灌入	phrase.civil-engineering.tsv	198	
責任能力	ㄗㄜˊ ㄖㄣˋ ㄋㄥˊ ㄌㄧˋ	法律	1	12	absent			-7.354194117		責任/能力	0.660639074	責任/能力	0.660639074	責任能力	責任能力	責任/能力	責任/能力	False	True	1		phrase.law.tsv	172	
買賣契約	ㄇㄞˇ ㄇㄞˋ ㄑㄧˋ ㄩㄝ	法律	1	11	absent			-7.354194117		買賣/契約	2.184684265	買賣/契約	2.184684265	買賣契約	買賣契約	買賣/契約	買賣/契約	False	True	1		phrase.law.tsv	173	
費倫	ㄈㄟˋ ㄌㄨㄣˊ	動漫	1	21	absent			-7.354194117						費輪	費倫	費/輪	費倫	True	True	1		phrase.anime.tsv	2126	
費拉特厄	ㄈㄟˋ ㄌㄚ ㄊㄜˋ ㄜˋ	動漫	1	12	absent			-7.354194117						費拉特惡	費拉特厄	費/拉/特/惡	費拉特厄	True	True	1		phrase.anime.tsv	2127	
費用認列	ㄈㄟˋ ㄩㄥˋ ㄖㄣˋ ㄌㄧㄝˋ	財會金融	1	11	absent			-7.354194117		費用/認列	3.352676741	費用/認列	3.352676741	費用認列	費用認列	費用/認列	費用/認列	False	True	1		phrase.finance.tsv	145	
費用預測	ㄈㄟˋ ㄩㄥˋ ㄩˋ ㄘㄜˋ	財會金融	1	11	absent			-7.354194117		費用/預測	1.542743118	費用/預測	1.542743118	費用預測	費用預測	費用/預測	費用/預測	False	True	1		phrase.finance.tsv	146	
費雷斯	ㄈㄟˋ ㄌㄟˊ ㄙ	動漫	1	11	absent			-7.354194117						費雷司	費雷斯	費/雷/司	費雷斯	True	True	1		phrase.anime.tsv	2128	
貼文	ㄊㄧㄝ ㄨㄣˊ	一般	1	45	absent			-7.354194117						貼文	貼文	貼/文	貼/文	False	True	1		phrase.general.tsv	143	
資安事件	ㄗ ㄢ ㄕˋ ㄐㄧㄢˋ	網路資安	1	10	absent			-7.354194117		資安/事件	2.582871262	資安/事件	2.582871262	資安事件	資安事件	資安/事件	資安/事件	False	True	1		phrase.network-security.tsv	149	
資安通報	ㄗ ㄢ ㄊㄨㄥ ㄅㄠˋ	網路資安	1	10	absent			-7.354194117		資安/通報	3.577783529	資安/通報	3.577783529	資安通報	資安通報	資安/通報	資安/通報	False	True	1		phrase.network-security.tsv	150	
資料分析	ㄗ ㄌㄧㄠˋ ㄈㄣ ㄒㄧ	商業	1	20	absent			-7.354194117		資料/分析	0.30521704	資料/分析	0.30521704	資料分析	資料分析	資料/分析	資料/分析	False	True	1		phrase.business.tsv	166	
資料報	ㄗ ㄌㄧㄠˋ ㄅㄠˋ	網路資安	1	11	absent			-7.354194117						資料報	資料報	資料/報	資料/報	False	True	1		phrase.network-security.tsv	152	
資料外洩	ㄗ ㄌㄧㄠˋ ㄨㄞˋ ㄒㄧㄝˋ	一般	1	16	absent			-7.354194117		資料/外洩	1.727375571	資料/外洩	1.727375571	資料外洩	資料外洩	資料/外洩	資料/外洩	False	True	1		phrase.general.tsv	144	
資料庫稽核	ㄗ ㄌㄧㄠˋ ㄎㄨˋ ㄐㄧ ㄏㄜˊ	網路資安	1	4	absent			-7.354194117		資料庫/稽核	2.843006184	資料庫/稽核	2.843006184	資料庫稽核	資料庫稽核	資料庫/稽核	資料庫/稽核	False	True	1		phrase.network-security.tsv	154	
資料準備	ㄗ ㄌㄧㄠˋ ㄓㄨㄣˇ ㄅㄟˋ	AI資料科學	1	14	absent			-7.354194117		資料/準備	0.267329517	資料/準備	0.267329517	資料準備	資料準備	資料/準備	資料/準備	False	True	1		phrase.ai-data-science.tsv	154	
資料科學	ㄗ ㄌㄧㄠˋ ㄎㄜ ㄒㄩㄝˊ	一般	1	12	absent			-7.354194117		資料/科學	0.209178866	資料/科學	0.209178866	資料科學	資料科學	資料/科學	資料/科學	False	True	1		phrase.general.tsv	145	
資料管線	ㄗ ㄌㄧㄠˋ ㄍㄨㄢˇ ㄒㄧㄢˋ	軟體科學	1	9	absent			-7.354194117		資料/管線	1.439627787	資料/管線	1.439627787	資料管線	資料管線	資料/管線	資料/管線	False	True	1		phrase.software.tsv	88	
資料鏈結層	ㄗ ㄌㄧㄠˋ ㄌㄧㄢˋ ㄐㄧㄝˊ ㄘㄥˊ	網路資安	1	5	absent			-7.354194117						資料鏈結層	資料鏈結層	資料/鏈結/層	資料鏈結層	False	True	1		phrase.network-security.tsv	155	
資本公積	ㄗ ㄅㄣˇ ㄍㄨㄥ ㄐㄧ	財會金融	1	11	absent			-7.354194117		資本/公雞	2.829214135	資本/公雞	2.829214135	資本公積	資本公積	資本/公/積	資本公積	False	True	1		phrase.finance.tsv	148	
資本市場	ㄗ ㄅㄣˇ ㄕˋ ㄔㄤˇ	財會金融	1	11	absent			-7.354194117		資本/市場	0.617915568	資本/市場	0.617915568	資本市場	資本市場	資本/市場	資本/市場	False	True	1		phrase.finance.tsv	149	
資本支出	ㄗ ㄅㄣˇ ㄓ ㄔㄨ	財會金融	1	11	absent			-7.354194117		資本/支出	1.644436697	資本/支出	1.644436697	資本支出	資本支出	資本/支出	資本/支出	False	True	1		phrase.finance.tsv	150	
資本結構	ㄗ ㄅㄣˇ ㄐㄧㄝˊ ㄍㄡˋ	財會金融	1	11	absent			-7.354194117		資本/結構	1.122677379	資本/結構	1.122677379	資本結構	資本結構	資本/結構	資本/結構	False	True	1		phrase.finance.tsv	151	
資本預算	ㄗ ㄅㄣˇ ㄩˋ ㄙㄨㄢˋ	財會金融	1	11	absent			-7.354194117		資本/預算	0.955031122	資本/預算	0.955031122	資本預算	資本預算	資本/預算	資本/預算	False	True	1		phrase.finance.tsv	152	
資源垃圾	ㄗ ㄩㄢˊ ㄌㄜˋ ㄙㄜˋ	環境能源	1	12	absent			-7.354194117		資源/垃圾	0.739674438	資源/垃圾	0.739674438	資源垃圾	資源垃圾	資源/垃圾	資源/垃圾	False	True	1		phrase.energy-environment.tsv	128	
資源循環	ㄗ ㄩㄢˊ ㄒㄩㄣˊ ㄏㄨㄢˊ	環境能源	1	12	absent			-7.354194117		資源/循環	1.216078443	資源/循環	1.216078443	資源循環	資源循環	資源/循環	資源/循環	False	True	1		phrase.energy-environment.tsv	129	
資源規劃	ㄗ ㄩㄢˊ ㄍㄨㄟ ㄏㄨㄚˋ	商業	1	12	absent			-7.354194117		資源/規劃	0.365486794	資源/規劃	0.365486794	資源規劃	資源規劃	資源/規劃	資源/規劃	False	True	1		phrase.business.tsv	167	
資產盤點	ㄗ ㄔㄢˇ ㄆㄢˊ ㄉㄧㄢˇ	網路資安	1	11	absent			-7.354194117		資產/盤點	3.067019657	資產/盤點	3.067019657	資產盤點	資產盤點	資產/盤點	資產/盤點	False	True	1		phrase.network-security.tsv	156	
資產預測	ㄗ ㄔㄢˇ ㄩˋ ㄘㄜˋ	財會金融	1	11	absent			-7.354194117		資產/預測	1.765241523	資產/預測	1.765241523	資產預測	資產預測	資產/預測	資產預測	False	True	1		phrase.finance.tsv	154	
資訊安全	ㄗ ㄒㄩㄣˋ ㄢ ㄑㄩㄢˊ	一般	1	40	absent			-7.354194117		資訊/安全	0.200452891	資訊/安全	0.200452891	資訊安全	資訊安全	資訊/安全	資訊/安全	False	True	1		phrase.general.tsv	146	
資訊架構	ㄗ ㄒㄩㄣˋ ㄐㄧㄚˋ ㄍㄡˋ	媒體設計	1	12	absent			-7.354194117		資訊/架構	0.860998814	資訊/架構	0.860998814	資訊架構	資訊架構	資訊/架構	資訊/架構	False	True	1		phrase.media-design.tsv	87	
資訊科技	ㄗ ㄒㄩㄣˋ ㄎㄜ ㄐㄧˋ	教育	1	8	absent			-7.354194117		資訊/科技	0.226412995	資訊/科技	0.226412995	資訊科技	資訊科技	資訊/科技	資訊/科技	False	True	1		phrase.education.tsv	101	
資訊自決權	ㄗ ㄒㄩㄣˋ ㄗˋ ㄐㄩㄝˊ ㄑㄩㄢˊ	法律	1	5	absent			-7.354194117		資訊/自決權	3.378854233	資訊/自決權	3.378854233	資訊自決權	資訊自決權	資訊/自決權	資訊/自決權	False	True	1		phrase.law.tsv	174	
資訊設計	ㄗ ㄒㄩㄣˋ ㄕㄜˋ ㄐㄧˋ	媒體設計	1	13	absent			-7.354194117		資訊/設計	-0.007287876	資訊/設計	-0.007287876	資訊設計	資訊設計	資訊/設計	資訊/設計	False	True	1		phrase.media-design.tsv	88	
賢狼赫蘿	ㄒㄧㄢˊ ㄌㄤˊ ㄏㄜˋ ㄌㄨㄛˊ	動漫	1	13	absent			-7.354194117						嫌郎和羅	賢狼赫蘿	嫌/郎/和/羅	賢狼赫蘿	True	True	1		phrase.anime.tsv	2129	
賣藥郎	ㄇㄞˋ ㄧㄠˋ ㄌㄤˊ	動漫	1	18	absent			-7.354194117						賣要郎	賣藥郎	賣/要/郎	賣藥郎	True	True	1		phrase.anime.tsv	2130	
賦稅制度	ㄈㄨˋ ㄕㄨㄟˋ ㄓˋ ㄉㄨˋ	歷史	1	11	absent			-7.354194117		賦稅/制度	2.27888444	賦稅/制度	2.27888444	賦稅制度	賦稅制度	賦稅/制度	賦稅/制度	False	True	1		phrase.history.tsv	159	
質權	ㄓˋ ㄑㄩㄢˊ	法律	1	12	absent	治權	-5.590766124	-7.354194117	-1.763427994			治權	-1.763427994	志全	志全	志/全	志/全	False	False	2	治權	phrase.law.tsv	175	
質譜分析	ㄓˋ ㄆㄨˇ ㄈㄣ ㄒㄧ	生技藥學	1	13	absent			-7.354194117						志普分析	質譜分析	志/普/分析	質譜分析	True	True	1		phrase.biotech-pharma.tsv	102	
質量傳遞	ㄓˊ ㄌㄧㄤˋ ㄔㄨㄢˊ ㄉㄧˋ	材料化工	1	10	absent			-7.354194117		質量/傳遞	2.741940211	質量/傳遞	2.741940211	質量傳遞	質量傳遞	質量/傳遞	質量/傳遞	False	True	1		phrase.materials-chemistry.tsv	96	
質點缺陷	ㄓˊ ㄉㄧㄢˇ ㄑㄩㄝ ㄒㄧㄢˋ	材料化工	1	9	absent			-7.354194117		質點/缺陷	4.61225504	質點/缺陷	4.61225504	職點缺陷	質點缺陷	職/點/缺陷	質點缺陷	True	True	1		phrase.materials-chemistry.tsv	97	
賭博默示錄	ㄉㄨˇ ㄅㄛˊ ㄇㄛˋ ㄕˋ ㄌㄨˋ	動漫	1	22	absent			-7.354194117		賭博/默示錄	4.419695666	賭博/默示錄	4.419695666	賭博默示錄	賭博默示錄	賭博/默示錄	賭博默示錄	False	True	1		phrase.anime.tsv	2132	
賽卡零	ㄙㄞˋ ㄎㄚˇ ㄌㄧㄥˊ	動漫	1	12	absent			-7.354194117						賽卡靈	賽卡零	賽/卡/靈	賽卡零	True	True	1		phrase.anime.tsv	2133	
賽巴斯欽	ㄙㄞˋ ㄅㄚ ㄙ ㄑㄧㄣ	動漫	1	19	absent			-7.354194117						賽八司親	賽巴斯欽	賽/八/司/親	賽巴斯欽	True	True	1		phrase.anime.tsv	2134	
賽蕾嘉	ㄙㄞˋ ㄌㄟˇ ㄐㄧㄚ	動漫	1	15	absent			-7.354194117						賽累加	賽蕾嘉	賽/累加	賽蕾嘉	True	True	1		phrase.anime.tsv	2135	
贓物罪	ㄗㄤ ㄨˋ ㄗㄨㄟˋ	法律	1	10	absent			-7.354194117						贓物最	贓物罪	贓物/最	贓物罪	True	True	1		phrase.law.tsv	176	
赤井秀一	ㄔˋ ㄐㄧㄥˇ ㄒㄧㄡˋ ㄧ	動漫	1	9	absent			-7.354194117						赤景秀一	赤井秀一	赤/景/秀/一	赤井秀一	True	True	1		phrase.anime.tsv	2136	
赤司征十郎	ㄔˋ ㄙ ㄓㄥ ㄕˊ ㄌㄤˊ	動漫	1	10	absent			-7.354194117						赤司爭時郎	赤司征十郎	赤/司/爭/時/郎	赤司征十郎	True	True	1		phrase.anime.tsv	2137	
赤木剛憲	ㄔˋ ㄇㄨˋ ㄍㄤ ㄒㄧㄢˋ	動漫	1	19	absent			-7.354194117						赤目剛現	赤木剛憲	赤/目/剛/現	赤木剛憲	True	True	1		phrase.anime.tsv	2138	
赤根葵	ㄔˋ ㄍㄣ ㄎㄨㄟˊ	動漫	1	12	absent			-7.354194117						赤跟魁	赤根葵	赤/跟/魁	赤根葵	True	True	1		phrase.anime.tsv	2139	
赤澤泉美	ㄔˋ ㄗㄜˊ ㄑㄩㄢˊ ㄇㄟˇ	動漫	1	14	absent			-7.354194117		斥責/全美	3.880561191	斥責/全美	3.880561191	斥責全美	赤澤泉美	斥責/全美	赤澤泉美	True	True	1		phrase.anime.tsv	2140	
赤瞳	ㄔˋ ㄊㄨㄥˊ	動漫	1	18	absent	赤銅	-7.354194117	-7.354194117	0.0			赤銅	0.0	赤同	赤同	赤/同	赤/同	False	False	2	赤銅	phrase.anime.tsv	2141	
赤紅之瞳	ㄔˋ ㄏㄨㄥˊ ㄓ ㄊㄨㄥˊ	動漫	1	20	absent			-7.354194117						赤紅之同	赤紅之瞳	赤/紅/之/同	赤紅之瞳	True	True	1		phrase.anime.tsv	2142	
赤羽業	ㄔˋ ㄩˇ ㄧㄝˋ	動漫	1	17	absent			-7.354194117						赤與業	赤羽業	赤/與/業	赤羽業	True	True	1		phrase.anime.tsv	2143	
赤羽雷真	ㄔˋ ㄩˇ ㄌㄟˊ ㄓㄣ	動漫	1	17	absent			-7.354194117						赤與雷真	赤羽雷真	赤/與/雷/真	赤羽雷真	True	True	1		phrase.anime.tsv	2144	
赤髮白雪姬	ㄔˋ ㄈㄚˇ ㄅㄞˊ ㄒㄩㄝˇ ㄐㄧ	動漫	1	20	absent			-7.354194117						赤法白雪機	赤髮白雪姬	赤/法/白雪/機	赤髮白雪姬	True	True	1		phrase.anime.tsv	2145	
赫斯緹雅	ㄏㄜˋ ㄙ ㄊㄧˊ ㄧㄚˇ	動漫	1	18	absent			-7.354194117						赫斯題亞	赫斯緹雅	赫斯/題/亞	赫斯緹雅	True	True	1		phrase.anime.tsv	2146	
赫蘿	ㄏㄜˋ ㄌㄨㄛˊ	動漫	1	18	absent			-7.354194117						嚇羅	嚇羅	嚇/羅	嚇/羅	False	False	1		phrase.anime.tsv	2147	
超商取貨	ㄔㄠ ㄕㄤ ㄑㄩˇ ㄏㄨㄛˋ	一般	1	25	absent			-7.354194117		超商/取貨	4.065051281	超商/取貨	4.065051281	超商取貨	超商取貨	超商/取貨	超商/取貨	False	True	1		phrase.general.tsv	147	
超導材料	ㄔㄠ ㄉㄠˇ ㄘㄞˊ ㄌㄧㄠˋ	材料化工	1	10	absent			-7.354194117		超導/材料	2.960583821	超導/材料	2.960583821	超導材料	超導材料	超導/材料	超導材料	False	True	1		phrase.materials-chemistry.tsv	98	
超電磁砲	ㄔㄠ ㄉㄧㄢˋ ㄘˊ ㄆㄠˋ	動漫	1	25	absent			-7.354194117						抄電磁泡	超電磁砲	抄/電磁/泡	超電磁砲	True	True	1		phrase.anime.tsv	2148	
超音波加工	ㄔㄠ ㄧㄣ ㄅㄛ ㄐㄧㄚ ㄍㄨㄥ	製造機械	1	3	absent			-7.354194117		超音波/加工	3.560683112	超音波/加工	3.560683112	超音波加工	超音波加工	超音波/加工	超音波/加工	False	True	1		phrase.manufacturing.tsv	126	
超音波檢查	ㄔㄠ ㄧㄣ ㄅㄛ ㄐㄧㄢˇ ㄔㄚˊ	醫學	1	16	absent			-7.354194117		超音波/檢查	2.834051341	超音波/檢查	2.834051341	超音波檢查	超音波檢查	超音波/檢查	超音波/檢查	False	True	1		phrase.medicine.tsv	231	
超音波檢測	ㄔㄠ ㄧㄣ ㄅㄛ ㄐㄧㄢˇ ㄘㄜˋ	製造機械	1	3	absent			-7.354194117		超音波/檢測	3.485432159	超音波/檢測	3.485432159	超音波檢測	超音波檢測	超音波/檢測	超音波/檢測	False	True	1		phrase.manufacturing.tsv	127	
超高效	ㄔㄠ ㄍㄠ ㄒㄧㄠˋ	生技藥學	1	10	absent			-7.354194117						超高效	超高效	超高/效	超高/效	False	True	1		phrase.biotech-pharma.tsv	103	
越前龍馬	ㄩㄝˋ ㄑㄧㄢˊ ㄌㄨㄥˊ ㄇㄚˇ	動漫	1	21	absent			-7.354194117						月乾隆馬	越前龍馬	月/乾隆/馬	越前龍馬	True	True	1		phrase.anime.tsv	2149	
越谷夏海	ㄩㄝˋ ㄍㄨˇ ㄒㄧㄚˋ ㄏㄞˇ	動漫	1	14	absent			-7.354194117						月古下海	越谷夏海	月/古/下海	越谷夏海	True	True	1		phrase.anime.tsv	2150	
越谷小鞠	ㄩㄝˋ ㄍㄨˇ ㄒㄧㄠˇ ㄐㄩˊ	動漫	1	13	absent			-7.354194117						月古小局	越谷小鞠	月/古/小/局	越谷小鞠	True	True	1		phrase.anime.tsv	2151	
趨勢分析	ㄑㄩ ㄕˋ ㄈㄣ ㄒㄧ	財會金融	1	17	absent			-7.354194117		趨勢/分析	1.02618576	趨勢/分析	1.02618576	趨勢分析	趨勢分析	趨勢/分析	趨勢/分析	False	True	1		phrase.finance.tsv	156	
趨向動詞	ㄑㄩ ㄒㄧㄤˋ ㄉㄨㄥˋ ㄘˊ	中文	1	10	absent			-7.354194117		趨向/動詞	2.648509973	趨向/動詞	2.648509973	趨向動詞	趨向動詞	趨向/動詞	趨向動詞	False	True	1		phrase.chinese.tsv	132	
跡部景吾	ㄐㄧ ㄅㄨˋ ㄐㄧㄥˇ ㄨˊ	動漫	1	12	absent			-7.354194117						機佈景無	跡部景吾	機/佈景/無	跡部景吾	True	True	1		phrase.anime.tsv	2153	
跨站	ㄎㄨㄚˋ ㄓㄢˋ	網路資安	1	11	absent			-7.354194117						跨站	跨站	跨/站	跨/站	False	True	1		phrase.network-security.tsv	159	
跨領域	ㄎㄨㄚˋ ㄌㄧㄥˇ ㄩˋ	教育	1	14	absent			-7.354194117						跨領域	跨領域	跨/領域	跨/領域	False	True	1		phrase.education.tsv	102	
跨領域課程	ㄎㄨㄚˋ ㄌㄧㄥˇ ㄩˋ ㄎㄜˋ ㄔㄥˊ	教育	1	4	absent			-7.354194117						跨領域課程	跨領域課程	跨/領域/課程	跨領域課程	False	True	1		phrase.education.tsv	103	
路人超能	ㄌㄨˋ ㄖㄣˊ ㄔㄠ ㄋㄥˊ	動漫	1	24	absent			-7.354194117						路人超能	路人超能	路人/超/能	路人超能	False	True	1		phrase.anime.tsv	2154	
路克賽科爾	ㄌㄨˋ ㄎㄜˋ ㄙㄞˋ ㄎㄜ ㄦˇ	動漫	1	9	absent			-7.354194117						陸客賽科爾	路克賽科爾	陸客/賽/科爾	路克賽科爾	True	True	1		phrase.anime.tsv	2156	
路易士酸鹼	ㄌㄨˋ ㄧˋ ㄕˋ ㄙㄨㄢ ㄐㄧㄢˇ	科學	1	2	absent			-7.354194117		路易士/酸鹼	5.354194117	路易士/酸鹼	5.354194117	路易士酸鹼	路易士酸鹼	路易士/酸鹼	路易士酸鹼	False	True	1		phrase.science.tsv	72	
路線規劃	ㄌㄨˋ ㄒㄧㄢˋ ㄍㄨㄟ ㄏㄨㄚˋ	交通物流	1	14	absent			-7.354194117		路線/規劃	1.13679862	路線/規劃	1.13679862	路線規劃	路線規劃	路線/規劃	路線/規劃	False	True	1		phrase.transport-logistics.tsv	94	
路茲	ㄌㄨˋ ㄗ	動漫	1	15	absent			-7.354194117						路資	路資	路/資	路/資	False	False	1		phrase.anime.tsv	2158	
躍動青春	ㄩㄝˋ ㄉㄨㄥˋ ㄑㄧㄥ ㄔㄨㄣ	動漫	1	21	absent			-7.354194117		躍動/青春	3.971276982	躍動/青春	3.971276982	月動青春	躍動青春	月/動/青春	躍動青春	True	True	1		phrase.anime.tsv	2159	
身分服務	ㄕㄣ ㄈㄣˋ ㄈㄨˊ ㄨˋ	軟體科學	1	8	absent			-7.354194117		身分/服務	0.713014594	身分/服務	0.713014594	身分服務	身分服務	身分/服務	身分/服務	False	True	1		phrase.software.tsv	89	
身分系統	ㄕㄣ ㄈㄣˋ ㄒㄧˋ ㄊㄨㄥˇ	網路資安	1	13	absent			-7.354194117		身分/系統	0.713489926	身分/系統	0.713489926	身分系統	身分系統	身分/系統	身分/系統	False	True	1		phrase.network-security.tsv	161	
身分認同	ㄕㄣ ㄈㄣˋ ㄖㄣˋ ㄊㄨㄥˊ	心理社會	1	11	absent			-7.354194117		身分/認同	1.568529791	身分/認同	1.568529791	身分認同	身分認同	身分/認同	身分/認同	False	True	1		phrase.psychology-society.tsv	85	
車田鐵一	ㄔㄜ ㄊㄧㄢˊ ㄊㄧㄝˇ ㄧ	動漫	1	11	absent			-7.354194117						車田鐵一	車田鐵一	車/田/鐵/一	車田鐵一	False	True	1		phrase.anime.tsv	2161	
軟性電路板	ㄖㄨㄢˇ ㄒㄧㄥˋ ㄉㄧㄢˋ ㄌㄨˋ ㄅㄢˇ	電子電機	1	3	absent			-7.354194117		軟性/電路板	4.868472691	軟性/電路板	4.868472691	軟性電路板	軟性電路板	軟性/電路板	軟性電路板	False	True	1		phrase.electronics.tsv	168	
軟硬複合板	ㄖㄨㄢˇ ㄧㄥˋ ㄈㄨˋ ㄏㄜˊ ㄅㄢˇ	電子電機	1	3	absent			-7.354194117						軟硬複合板	軟硬複合板	軟硬/複合/板	軟硬複合板	False	True	1		phrase.electronics.tsv	169	
載體構築	ㄗㄞˇ ㄊㄧˇ ㄍㄡˋ ㄓㄨˊ	生技藥學	1	9	absent			-7.354194117		載體/構築	4.145752761	載體/構築	4.145752761	載體構築	載體構築	載體/構築	載體/構築	False	True	1		phrase.biotech-pharma.tsv	104	
輔助服務	ㄈㄨˇ ㄓㄨˋ ㄈㄨˊ ㄨˋ	環境能源	1	11	absent			-7.354194117		輔助/服務	1.116706932	輔助/服務	1.116706932	輔助服務	輔助服務	輔助/服務	輔助/服務	False	True	1		phrase.energy-environment.tsv	130	
輔助踢細胞	ㄈㄨˇ ㄓㄨˋ ㄊㄧ ㄒㄧˋ ㄅㄠ	動漫	1	11	absent			-7.354194117						輔助梯細胞	輔助踢細胞	輔助/梯/細胞	輔助踢細胞	True	True	1		phrase.anime.tsv	2162	輔助T細胞
輔助駕駛	ㄈㄨˇ ㄓㄨˋ ㄐㄧㄚˋ ㄕˇ	一般	1	18	absent			-7.354194117		輔助/駕駛	2.242041742	輔助/駕駛	2.242041742	輔助駕駛	輔助駕駛	輔助/駕駛	輔助駕駛	False	True	1		phrase.general.tsv	148	
輕音部	ㄑㄧㄥ ㄧㄣ ㄅㄨˋ	動漫	1	14	absent			-7.354194117						清因不	輕音部	清/因/不	輕音部	True	True	1		phrase.anime.tsv	2164	
輝夜姬	ㄏㄨㄟ ㄧㄝˋ ㄐㄧ	動漫	1	23	absent			-7.354194117						灰業績	輝夜姬	灰/業績	輝夜姬	True	True	1		phrase.anime.tsv	2165	
輪入道	ㄌㄨㄣˊ ㄖㄨˋ ㄉㄠˋ	動漫	1	13	absent			-7.354194117						輪入到	輪入道	輪/入/到	輪入道	True	True	1		phrase.anime.tsv	2166	
輪堂鴉夜	ㄌㄨㄣˊ ㄊㄤˊ ㄧㄚ ㄧㄝˋ	動漫	1	18	absent			-7.354194117						輪堂壓業	輪堂鴉夜	輪/堂/壓/業	輪堂鴉夜	True	True	1		phrase.anime.tsv	2167	
輯佚	ㄐㄧˊ ㄧˋ	中文	1	11	absent			-7.354194117						及一	及一	及/一	及/一	False	False	1		phrase.chinese.tsv	133	
輸送系統	ㄕㄨ ㄙㄨㄥˋ ㄒㄧˋ ㄊㄨㄥˇ	製造機械	1	13	absent			-7.354194117		輸送/系統	1.859617961	輸送/系統	1.859617961	輸送系統	輸送系統	輸送/系統	輸送/系統	False	True	1		phrase.manufacturing.tsv	129	
輸電線路	ㄕㄨ ㄉㄧㄢˋ ㄒㄧㄢˋ ㄌㄨˋ	環境能源	1	10	absent			-7.354194117		書店/線路	2.734089308	書店/線路	2.734089308	書店線路	輸電線路	書店/線路	輸電線路	True	True	1		phrase.energy-environment.tsv	131	
轉品	ㄓㄨㄢˇ ㄆㄧㄣˇ	中文	1	12	absent			-7.354194117						轉品	轉品	轉/品	轉/品	False	True	1		phrase.chinese.tsv	134	
轉型風險	ㄓㄨㄢˇ ㄒㄧㄥˊ ㄈㄥ ㄒㄧㄢˇ	環境能源	1	11	absent			-7.354194117		轉型/風險	1.926537635	轉型/風險	1.926537635	轉型風險	轉型風險	轉型/風險	轉型風險	False	True	1		phrase.energy-environment.tsv	132	
轉場	ㄓㄨㄢˇ ㄔㄤˇ	媒體設計	1	12	absent			-7.354194117						轉場	轉場	轉/場	轉/場	False	True	1		phrase.media-design.tsv	89	
轉折複句	ㄓㄨㄢˇ ㄓㄜˊ ㄈㄨˋ ㄐㄩˋ	中文	1	10	absent			-7.354194117		轉折/複句	3.516164034	轉折/複句	3.516164034	轉折複句	轉折複句	轉折/複句	轉折複句	False	True	1		phrase.chinese.tsv	135	
轉換率	ㄓㄨㄢˇ ㄏㄨㄢˋ ㄌㄩˋ	商業	1	16	absent			-7.354194117						轉換率	轉換率	轉換/率	轉換/率	False	True	1		phrase.business.tsv	169	
轉換率分析	ㄓㄨㄢˇ ㄏㄨㄢˋ ㄌㄩˋ ㄈㄣ ㄒㄧ	商業	1	5	absent			-7.354194117						轉換率分析	轉換率分析	轉換/率/分析	轉換率分析	False	True	1		phrase.business.tsv	170	
轉換率目標	ㄓㄨㄢˇ ㄏㄨㄢˋ ㄌㄩˋ ㄇㄨˋ ㄅㄧㄠ	商業	1	4	absent			-7.354194117						轉換率目標	轉換率目標	轉換/率/目標	轉換率目標	False	True	1		phrase.business.tsv	171	
轉換率趨勢	ㄓㄨㄢˇ ㄏㄨㄢˋ ㄌㄩˋ ㄑㄩ ㄕˋ	商業	1	4	absent			-7.354194117						轉換率趨勢	轉換率趨勢	轉換/率/趨勢	轉換率趨勢	False	True	1		phrase.business.tsv	172	
轉換率預測	ㄓㄨㄢˇ ㄏㄨㄢˋ ㄌㄩˋ ㄩˋ ㄘㄜˋ	商業	1	4	absent			-7.354194117						轉換率預測	轉換率預測	轉換/率/預測	轉換率預測	False	True	1		phrase.business.tsv	173	
轉生成	ㄓㄨㄢˇ ㄕㄥ ㄔㄥˊ	動漫	1	19	absent			-7.354194117						轉生成	轉生成	轉/生/成	轉生成	False	True	1		phrase.anime.tsv	2169	
轉生王女	ㄓㄨㄢˇ ㄕㄥ ㄨㄤˊ ㄋㄩˇ	動漫	1	19	absent			-7.354194117						轉生王女	轉生王女	轉/生/王/女	轉生王女	False	True	1		phrase.anime.tsv	2170	
轉矩	ㄓㄨㄢˇ ㄐㄩˇ	電子電機	1	13	absent			-7.354194117						轉矩	轉矩	轉/矩	轉/矩	False	True	1		phrase.electronics.tsv	171	
轉移溫度	ㄓㄨㄢˇ ㄧˊ ㄨㄣ ㄉㄨˋ	材料化工	1	11	absent			-7.354194117		轉移/溫度	2.241294325	轉移/溫度	2.241294325	轉移溫度	轉移溫度	轉移/溫度	轉移/溫度	False	True	1		phrase.materials-chemistry.tsv	100	
轉胺酶	ㄓㄨㄢˇ ㄢˋ ㄇㄟˊ	醫學	1	13	absent			-7.354194117						轉暗沒	轉胺酶	轉/暗/沒	轉胺酶	True	True	1		phrase.medicine.tsv	232	
轉錄體學	ㄓㄨㄢˇ ㄌㄨˋ ㄊㄧˇ ㄒㄩㄝˊ	生技藥學	1	11	absent			-7.354194117						轉錄體學	轉錄體學	轉錄/體/學	轉錄體學	False	True	1		phrase.biotech-pharma.tsv	105	
轟焦凍	ㄏㄨㄥ ㄐㄧㄠ ㄉㄨㄥˋ	動漫	1	16	absent			-7.354194117						轟交動	轟焦凍	轟/交/動	轟焦凍	True	True	1		phrase.anime.tsv	2171	
轟隆轟隆	ㄏㄨㄥ ㄌㄨㄥˊ ㄏㄨㄥ ㄌㄨㄥˊ	動漫	1	11	absent			-7.354194117		轟隆/轟隆	4.317166238	轟隆/轟隆	4.317166238	轟隆轟隆	轟隆轟隆	轟隆/轟隆	轟隆轟隆	False	True	1		phrase.anime.tsv	2172	
辛佐	ㄒㄧㄣ ㄗㄨㄛˇ	動漫	1	13	absent			-7.354194117						心左	心左	心/左	心/左	False	False	1		phrase.anime.tsv	2173	
辛水龍	ㄒㄧㄣ ㄕㄨㄟˇ ㄌㄨㄥˊ	動漫	1	14	absent			-7.354194117						薪水龍	薪水龍	薪水/龍	薪水/龍	False	False	1		phrase.anime.tsv	2174	
辛耶諾贊	ㄒㄧㄣ ㄧㄝ ㄋㄨㄛˋ ㄗㄢˋ	動漫	1	20	absent			-7.354194117						心耶諾贊	辛耶諾贊	心/耶/諾/贊	辛耶諾贊	True	True	1		phrase.anime.tsv	2175	
辨偽	ㄅㄧㄢˋ ㄨㄟˇ	中文	1	11	absent			-7.354194117						便委	便委	便/委	便/委	False	False	1		phrase.chinese.tsv	137	
辰石幸次	ㄔㄣˊ ㄕˊ ㄒㄧㄥˋ ㄘˋ	動漫	1	13	absent			-7.354194117						陳食性次	辰石幸次	陳/食性/次	辰石幸次	True	True	1		phrase.anime.tsv	2176	
農業科學	ㄋㄨㄥˊ ㄧㄝˋ ㄎㄜ ㄒㄩㄝˊ	農業食品	1	14	absent			-7.354194117		農業/科學	0.930595543	農業/科學	0.930595543	農業科學	農業科學	農業/科學	農業/科學	False	True	1		phrase.agriculture-food.tsv	54	
農業革命	ㄋㄨㄥˊ ㄧㄝˋ ㄍㄜˊ ㄇㄧㄥˋ	歷史	1	11	absent			-7.354194117		農業/革命	1.437430746	農業/革命	1.437430746	農業革命	農業革命	農業/革命	農業/革命	False	True	1		phrase.history.tsv	160	
農民組合	ㄋㄨㄥˊ ㄇㄧㄣˊ ㄗㄨˇ ㄏㄜˊ	歷史	1	11	absent			-7.354194117		農民/組合	1.4692759	農民/組合	1.4692759	農民組合	農民組合	農民/組合	農民組合	False	True	1		phrase.history.tsv	161	
農育權	ㄋㄨㄥˊ ㄩˋ ㄑㄩㄢˊ	法律	1	12	absent			-7.354194117						濃郁全	農育權	濃郁/全	農育權	True	True	1		phrase.law.tsv	177	
農藝學	ㄋㄨㄥˊ ㄧˋ ㄒㄩㄝˊ	農業食品	1	12	absent			-7.354194117						農藝學	農藝學	農藝/學	農藝/學	False	True	1		phrase.agriculture-food.tsv	55	
農藥殘留	ㄋㄨㄥˊ ㄧㄠˋ ㄘㄢˊ ㄌㄧㄡˊ	農業食品	1	18	absent			-7.354194117		農藥/殘留	3.334994716	農藥/殘留	3.334994716	農藥殘留	農藥殘留	農藥/殘留	農藥/殘留	False	True	1		phrase.agriculture-food.tsv	56	
近代音	ㄐㄧㄣˋ ㄉㄞˋ ㄧㄣ	中文	1	11	absent			-7.354194117						近代因	近代因	近代/因	近代/因	False	False	1		phrase.chinese.tsv	138	
近藤勇	ㄐㄧㄣˋ ㄊㄥˊ ㄩㄥˇ	動漫	1	9	absent			-7.354194117						進騰永	近藤勇	進/騰/永	近藤勇	True	True	1		phrase.anime.tsv	2177	
返馳式	ㄈㄢˇ ㄔˊ ㄕˋ	電子電機	1	11	absent			-7.354194117						反持是	返馳式	反/持/是	返馳式	True	True	1		phrase.electronics.tsv	173	
迦勒底	ㄐㄧㄚ ㄌㄜˋ ㄉㄧˇ	動漫	1	15	absent			-7.354194117						加樂底	迦勒底	加/樂/底	迦勒底	True	True	1		phrase.anime.tsv	2178	
迪亞布羅	ㄉㄧˊ ㄧㄚˇ ㄅㄨˋ ㄌㄨㄛˊ	動漫	1	11	absent			-7.354194117						的亞不羅	迪亞布羅	的/亞/不/羅	迪亞布羅	True	True	1		phrase.anime.tsv	2179	
迪奧布蘭度	ㄉㄧˊ ㄠˋ ㄅㄨˋ ㄌㄢˊ ㄉㄨˋ	動漫	1	11	absent			-7.354194117						的奧不蘭度	迪奧布蘭度	的/奧/不/蘭/度	迪奧布蘭度	True	True	1		phrase.anime.tsv	2180	
迪斯迪斯	ㄉㄧˊ ㄙ ㄉㄧˊ ㄙ	動漫	1	17	absent			-7.354194117						的司的司	迪斯迪斯	的/司/的/司	迪斯迪斯	True	True	1		phrase.anime.tsv	2181	
迪歐	ㄉㄧˊ ㄡ	動漫	1	15	absent			-7.354194117						的歐	迪歐	的/歐	迪歐	True	True	1		phrase.anime.tsv	2182	
迪特	ㄉㄧˊ ㄊㄜˋ	動漫	1	13	absent	敵特	-7.053164122	-7.354194117	-0.301029996			敵特	-0.301029996	的特	的特	的/特	的/特	False	False	2	敵特	phrase.anime.tsv	2183	
迪米烏哥斯	ㄉㄧˊ ㄇㄧˇ ㄨ ㄍㄜ ㄙ	動漫	1	15	absent			-7.354194117						的米於歌司	迪米烏哥斯	的/米/於/歌/司	迪米烏哥斯	True	True	1		phrase.anime.tsv	2184	
迴歸模型	ㄏㄨㄟˊ ㄍㄨㄟ ㄇㄛˊ ㄒㄧㄥˊ	AI資料科學	1	14	absent			-7.354194117		回歸/模型	2.305620259	回歸/模型	2.305620259	回歸模型	迴歸模型	回歸/模型	迴歸模型	True	True	1		phrase.ai-data-science.tsv	156	
退火製程	ㄊㄨㄟˋ ㄏㄨㄛˇ ㄓˋ ㄔㄥˊ	晶片半導體	1	14	absent			-7.354194117		退火/製成	3.906261252	退火/製成	3.906261252	退火製程	退火製程	退火/製程	退火/製程	False	True	1		phrase.semiconductor.tsv	154	
逃出農園	ㄊㄠˊ ㄔㄨ ㄋㄨㄥˊ ㄩㄢˊ	動漫	1	14	absent			-7.354194117		逃出/農園	4.451647338	逃出/農園	4.451647338	逃出農園	逃出農園	逃出/農園	逃出農園	False	True	1		phrase.anime.tsv	2186	
逃若黨	ㄊㄠˊ ㄖㄨㄛˋ ㄉㄤˇ	動漫	1	12	absent			-7.354194117						桃若擋	逃若黨	桃/若/擋	逃若黨	True	True	1		phrase.anime.tsv	2187	
逃避依附	ㄊㄠˊ ㄅㄧˋ ㄧ ㄈㄨˋ	心理社會	1	10	absent			-7.354194117		逃避/依附	3.278172976	逃避/依附	3.278172976	逃避依附	逃避依附	逃避/依附	逃避/依附	False	True	1		phrase.psychology-society.tsv	86	
逆流症	ㄋㄧˋ ㄌㄧㄡˊ ㄓㄥˋ	醫學	1	11	absent			-7.354194117						逆流政	逆流症	逆流/政	逆流症	True	True	1		phrase.medicine.tsv	234	
逆變器	ㄋㄧˋ ㄅㄧㄢˋ ㄑㄧˋ	電子電機	1	16	absent			-7.354194117						逆變器	逆變器	逆/變/器	逆變器	False	True	1		phrase.electronics.tsv	174	
逆變器校正	ㄋㄧˋ ㄅㄧㄢˋ ㄑㄧˋ ㄐㄧㄠˋ ㄓㄥˋ	電子電機	1	3	absent			-7.354194117						逆變器校正	逆變器校正	逆/變/器/校正	逆變器校正	False	True	1		phrase.electronics.tsv	175	
逆變器模擬	ㄋㄧˋ ㄅㄧㄢˋ ㄑㄧˋ ㄇㄛˊ ㄋㄧˇ	電子電機	1	3	absent			-7.354194117						逆變器模擬	逆變器模擬	逆/變/器/模擬	逆變器模擬	False	True	1		phrase.electronics.tsv	176	
逆變器設計	ㄋㄧˋ ㄅㄧㄢˋ ㄑㄧˋ ㄕㄜˋ ㄐㄧˋ	電子電機	1	5	absent			-7.354194117						逆變器設計	逆變器設計	逆/變/器/設計	逆變器設計	False	True	1		phrase.electronics.tsv	177	
逆變器量測	ㄋㄧˋ ㄅㄧㄢˋ ㄑㄧˋ ㄌㄧㄤˊ ㄘㄜˋ	電子電機	1	3	absent			-7.354194117						逆變器量測	逆變器量測	逆/變/器/量測	逆變器量測	False	True	1		phrase.electronics.tsv	178	
逆變器除錯	ㄋㄧˋ ㄅㄧㄢˋ ㄑㄧˋ ㄔㄨˊ ㄘㄨㄛˋ	電子電機	1	3	absent			-7.354194117						逆變器除錯	逆變器除錯	逆/變/器/除錯	逆變器除錯	False	True	1		phrase.electronics.tsv	179	
逆變器驗證	ㄋㄧˋ ㄅㄧㄢˋ ㄑㄧˋ ㄧㄢˋ ㄓㄥˋ	電子電機	1	3	absent			-7.354194117						逆變器驗證	逆變器驗證	逆/變/器/驗證	逆變器驗證	False	True	1		phrase.electronics.tsv	180	
逆轉錄	ㄋㄧˋ ㄓㄨㄢˇ ㄌㄨˋ	生技藥學	1	9	absent			-7.354194117						逆轉路	逆轉路	逆轉/路	逆轉/路	False	False	1		phrase.biotech-pharma.tsv	106	
通假字	ㄊㄨㄥ ㄐㄧㄚˇ ㄗˋ	中文	1	13	absent			-7.354194117						通假自	通假字	通/假/自	通假字	True	True	1		phrase.chinese.tsv	139	
通知服務	ㄊㄨㄥ ㄓ ㄈㄨˊ ㄨˋ	軟體科學	1	8	absent			-7.354194117		通知/服務	0.940156345	通知/服務	0.940156345	通知服務	通知服務	通知/服務	通知/服務	False	True	1		phrase.software.tsv	90	
通知系統	ㄊㄨㄥ ㄓ ㄒㄧˋ ㄊㄨㄥˇ	軟體科學	1	8	absent			-7.354194117		通知/系統	0.940631676	通知/系統	0.940631676	通知系統	通知系統	通知/系統	通知/系統	False	True	1		phrase.software.tsv	91	
通訊鏈路	ㄊㄨㄥ ㄒㄩㄣˋ ㄌㄧㄢˋ ㄌㄨˋ	電子電機	1	14	absent			-7.354194117						通訊鏈路	通訊鏈路	通訊/鏈/路	通訊鏈路	False	True	1		phrase.electronics.tsv	181	
通靈王	ㄊㄨㄥ ㄌㄧㄥˊ ㄨㄤˊ	動漫	1	20	absent			-7.354194117						通靈王	通靈王	通靈/王	通靈王	False	True	1		phrase.anime.tsv	2189	
速動比率	ㄙㄨˋ ㄉㄨㄥˋ ㄅㄧˇ ㄌㄩˋ	財會金融	1	12	absent			-7.354194117						素動比率	速動比率	素/動/比率	速動比率	True	True	1		phrase.finance.tsv	158	
速率常數	ㄙㄨˋ ㄌㄩˋ ㄔㄤˊ ㄕㄨˋ	材料化工	1	10	absent			-7.354194117		速率/常數	4.170639584	速率/常數	4.170639584	速率常數	速率常數	速率/常/數	速率常數	False	True	1		phrase.materials-chemistry.tsv	101	
造影	ㄗㄠˋ ㄧㄥˇ	醫學	1	15	absent			-7.354194117						灶影	灶影	灶/影	灶/影	False	False	1		phrase.medicine.tsv	236	
逢坂壯五	ㄈㄥˊ ㄅㄢˇ ㄓㄨㄤˋ ㄨˇ	動漫	1	9	absent			-7.354194117						逢版狀五	逢坂壯五	逢/版/狀/五	逢坂壯五	True	True	1		phrase.anime.tsv	2191	
逢坂大河	ㄈㄥˊ ㄅㄢˇ ㄉㄚˋ ㄏㄜˊ	動漫	1	19	absent			-7.354194117						逢版大和	逢坂大河	逢/版/大/和	逢坂大河	True	True	1		phrase.anime.tsv	2192	
連動句	ㄌㄧㄢˊ ㄉㄨㄥˋ ㄐㄩˋ	中文	1	10	absent			-7.354194117						連動具	連動句	連/動/具	連動句	True	True	1		phrase.chinese.tsv	140	
連帶債務	ㄌㄧㄢˊ ㄉㄞˋ ㄓㄞˋ ㄨˋ	法律	1	10	absent			-7.354194117		連帶/債務	2.656485397	連帶/債務	2.656485397	連帶債務	連帶債務	連帶/債務	連帶債務	False	True	1		phrase.law.tsv	178	
連接埠轉換	ㄌㄧㄢˊ ㄐㄧㄝ ㄅㄨˋ ㄓㄨㄢˇ ㄏㄨㄢˋ	網路資安	1	4	absent			-7.354194117						連接不轉換	連接埠轉換	連接/不/轉換	連接埠轉換	True	True	1		phrase.network-security.tsv	163	
連續對焦	ㄌㄧㄢˊ ㄒㄩˋ ㄉㄨㄟˋ ㄐㄧㄠ	媒體設計	1	11	absent			-7.354194117		連續/對焦	2.676058304	連續/對焦	2.676058304	連續對焦	連續對焦	連續/對焦	連續/對焦	False	True	1		phrase.media-design.tsv	90	
週期時間	ㄓㄡ ㄑㄧˊ ㄕˊ ㄐㄧㄢ	製造機械	1	11	absent			-7.354194117		週期/時間	1.161864504	週期/時間	1.161864504	週期時間	週期時間	週期/時間	週期/時間	False	True	1		phrase.manufacturing.tsv	130	
進料檢驗	ㄐㄧㄣˋ ㄌㄧㄠˋ ㄐㄧㄢˇ ㄧㄢˋ	製造機械	1	11	absent			-7.354194117		進料/檢驗	4.632383502	進料/檢驗	4.632383502	進料檢驗	進料檢驗	進/料/檢驗	進料檢驗	False	True	1		phrase.manufacturing.tsv	131	
進藤光	ㄐㄧㄣˋ ㄊㄥˊ ㄍㄨㄤ	動漫	1	20	absent			-7.354194117						進騰光	進藤光	進/騰/光	進藤光	True	True	1		phrase.anime.tsv	2194	
逸散污染源	ㄧˋ ㄙㄢˋ ㄨ ㄖㄢˇ ㄩㄢˊ	環境能源	1	3	absent			-7.354194117						一散污染源	逸散污染源	一/散/污染源	逸散污染源	True	True	1		phrase.energy-environment.tsv	134	
遊戲王	ㄧㄡˊ ㄒㄧˋ ㄨㄤˊ	動漫	1	24	absent			-7.354194117						遊戲王	遊戲王	遊戲/王	遊戲/王	False	True	1		phrase.anime.tsv	2196	
運算放大器	ㄩㄣˋ ㄙㄨㄢˋ ㄈㄤˋ ㄉㄚˋ ㄑㄧˋ	電子電機	1	3	absent			-7.354194117		運算/放大器	4.532026038	運算/放大器	4.532026038	運算放大器	運算放大器	運算/放大器	運算/放大器	False	True	1		phrase.electronics.tsv	182	
過動症	ㄍㄨㄛˋ ㄉㄨㄥˋ ㄓㄥˋ	教育	1	10	absent			-7.354194117						過動政	過動症	過/動/政	過動症	True	True	1		phrase.education.tsv	106	
過失相抵	ㄍㄨㄛˋ ㄕ ㄒㄧㄤ ㄉㄧˇ	法律	1	10	absent			-7.354194117		過失/相抵	4.236591426	過失/相抵	4.236591426	過失相抵	過失相抵	過失/相抵	過失相抵	False	True	1		phrase.law.tsv	179	
過渡態	ㄍㄨㄛˋ ㄉㄨˋ ㄊㄞˋ	科學	1	11	absent			-7.354194117						過度太	過度太	過度/太	過度/太	False	False	1		phrase.science.tsv	73	
過濾率	ㄍㄨㄛˋ ㄌㄩˋ ㄌㄩˋ	醫學	1	10	absent			-7.354194117						過濾率	過濾率	過濾/率	過濾/率	False	True	1		phrase.medicine.tsv	238	
過載	ㄍㄨㄛˋ ㄗㄞˋ	電子電機	1	12	0			-7.354194117						過在	過在	過/在	過/在	False	False	1		phrase.electronics.tsv	183	
道蓮	ㄉㄠˋ ㄌㄧㄢˊ	動漫	1	14	absent			-7.354194117						到連	到連	到/連	到/連	False	False	1		phrase.anime.tsv	2198	
達克妮絲	ㄉㄚˊ ㄎㄜˋ ㄋㄧˊ ㄙ	動漫	1	15	absent			-7.354194117						答客尼斯	達克妮絲	答/客/尼斯	達克妮絲	True	True	1		phrase.anime.tsv	2200	
達成率	ㄉㄚˊ ㄔㄥˊ ㄌㄩˋ	商業	1	14	absent			-7.354194117						達成率	達成率	達成/率	達成/率	False	True	1		phrase.business.tsv	175	
達米安	ㄉㄚˊ ㄇㄧˇ ㄢ	動漫	1	14	absent			-7.354194117						答米安	達米安	答/米/安	達米安	True	True	1		phrase.anime.tsv	2202	
違憲審查	ㄨㄟˊ ㄒㄧㄢˋ ㄕㄣˇ ㄔㄚˊ	法律	1	10	absent			-7.354194117		違憲/審查	2.302501476	違憲/審查	2.302501476	違憲審查	違憲審查	違憲/審查	違憲審查	False	True	1		phrase.law.tsv	180	
違法性	ㄨㄟˊ ㄈㄚˇ ㄒㄧㄥˋ	法律	1	11	absent			-7.354194117						違法性	違法性	違法/性	違法/性	False	True	1		phrase.law.tsv	182	
遞延所得稅	ㄉㄧˋ ㄧㄢˊ ㄙㄨㄛˇ ㄉㄜˊ ㄕㄨㄟˋ	財會金融	1	3	absent			-7.354194117		遞延/所得稅	4.519138016	遞延/所得稅	4.519138016	遞延所得稅	遞延所得稅	遞延/所得稅	遞延所得稅	False	True	1		phrase.finance.tsv	161	
遞進複句	ㄉㄧˋ ㄐㄧㄣˋ ㄈㄨˋ ㄐㄩˋ	中文	1	9	absent			-7.354194117		遞進/複句	5.025814514	遞進/複句	5.025814514	遞進複句	遞進複句	遞進/複句	遞進複句	False	True	1		phrase.chinese.tsv	141	
遠坂凜	ㄩㄢˇ ㄅㄢˇ ㄌㄧㄣˇ	動漫	1	17	absent			-7.354194117						遠版凜	遠坂凜	遠/版/凜	遠坂凜	True	True	1		phrase.anime.tsv	2203	
遠山倫	ㄩㄢˇ ㄕㄢ ㄌㄨㄣˊ	動漫	1	14	absent			-7.354194117						遠山輪	遠山倫	遠山/輪	遠山倫	True	True	1		phrase.anime.tsv	2204	
遠藤健兒	ㄩㄢˇ ㄊㄥˊ ㄐㄧㄢˋ ㄦˊ	動漫	1	20	absent			-7.354194117		遠藤/健兒	5.655224113	遠藤/健兒	5.655224113	遠藤建而	遠藤健兒	遠藤/建/而	遠藤健兒	True	True	1		phrase.anime.tsv	2206	
遠藤神乃	ㄩㄢˇ ㄊㄥˊ ㄕㄣˊ ㄋㄞˇ	動漫	1	17	absent			-7.354194117						遠藤什乃	遠藤神乃	遠藤/什/乃	遠藤神乃	True	True	1		phrase.anime.tsv	2207	
遠距醫療	ㄩㄢˇ ㄐㄩˋ ㄧ ㄌㄧㄠˊ	一般	1	10	absent			-7.354194117		遠距/醫療	1.712940185	遠距/醫療	1.712940185	遠距醫療	遠距醫療	遠距/醫療	遠距/醫療	False	True	1		phrase.general.tsv	152	
遠野美凪	ㄩㄢˇ ㄧㄝˇ ㄇㄟˇ ㄓˇ	動漫	1	11	absent			-7.354194117						遠也美只	遠野美凪	遠/也/美/只	遠野美凪	True	True	1		phrase.anime.tsv	2208	
適性	ㄕˋ ㄒㄧㄥˋ	教育	1	10	absent			-7.354194117						是性	是性	是/性	是/性	False	False	1		phrase.education.tsv	107	
選官制度	ㄒㄩㄢˇ ㄍㄨㄢ ㄓˋ ㄉㄨˋ	歷史	1	11	absent			-7.354194117						選官制度	選官制度	選/官/制度	選官制度	False	True	1		phrase.history.tsv	163	
選擇定則	ㄒㄩㄢˇ ㄗㄜˊ ㄉㄧㄥˋ ㄗㄜˊ	科學	1	12	absent			-7.354194117		選擇/定則	3.509716942	選擇/定則	3.509716942	選擇定則	選擇定則	選擇/定/則	選擇定則	False	True	1		phrase.science.tsv	74	
選擇性注意	ㄒㄩㄢˇ ㄗㄜˊ ㄒㄧㄥˋ ㄓㄨˋ ㄧˋ	心理社會	1	3	absent			-7.354194117		選擇性/注意	2.083226624	選擇性/注意	2.083226624	選擇性注意	選擇性注意	選擇性/注意	選擇性/注意	False	True	1		phrase.psychology-society.tsv	87	
選擇複句	ㄒㄩㄢˇ ㄗㄜˊ ㄈㄨˋ ㄐㄩˋ	中文	1	12	absent			-7.354194117		選擇/複句	1.959488589	選擇/複句	1.959488589	選擇複句	選擇複句	選擇/複句	選擇/複句	False	True	1		phrase.chinese.tsv	142	
遺傳漂變	ㄧˊ ㄔㄨㄢˊ ㄆㄧㄠˋ ㄅㄧㄢˋ	科學	1	11	absent			-7.354194117						遺傳漂變	遺傳漂變	遺傳/漂/變	遺傳漂變	False	True	1		phrase.science.tsv	75	
遺產分割	ㄧˊ ㄔㄢˇ ㄈㄣ ㄍㄜ	法律	1	10	absent			-7.354194117		遺產/分割	3.100371679	遺產/分割	3.100371679	遺產分割	遺產分割	遺產/分割	遺產/分割	False	True	1		phrase.law.tsv	184	
遺產管理人	ㄧˊ ㄔㄢˇ ㄍㄨㄢˇ ㄌㄧˇ ㄖㄣˊ	法律	1	3	absent			-7.354194117		遺產/管理人	3.725294553	遺產/管理人	3.725294553	遺產管理人	遺產管理人	遺產/管理人	遺產/管理人	False	True	1		phrase.law.tsv	185	
還差得遠呢	ㄏㄞˊ ㄔㄚ ㄉㄜ˙ ㄩㄢˇ ㄋㄜ˙	動漫	1	13	absent			-7.354194117						還差得遠呢	還差得遠呢	還/差得遠/呢	還差得遠呢	False	True	1		phrase.anime.tsv	2211	
邊坡	ㄅㄧㄢ ㄆㄛ	建築土木	1	10	absent			-7.354194117						邊坡	邊坡	邊/坡	邊/坡	False	True	1		phrase.civil-engineering.tsv	202	
邊疆治理	ㄅㄧㄢ ㄐㄧㄤ ㄓˋ ㄌㄧˇ	歷史	1	9	absent			-7.354194117		邊疆/治理	3.771222188	邊疆/治理	3.771222188	邊疆治理	邊疆治理	邊疆/治理	邊疆/治理	False	True	1		phrase.history.tsv	164	
邊緣運算	ㄅㄧㄢ ㄩㄢˊ ㄩㄣˋ ㄙㄨㄢˋ	一般	1	8	absent			-7.354194117		邊緣/運算	2.668703178	邊緣/運算	2.668703178	邊緣運算	邊緣運算	邊緣/運算	邊緣/運算	False	True	1		phrase.general.tsv	153	
邪王真眼	ㄒㄧㄝˊ ㄨㄤˊ ㄓㄣ ㄧㄢˇ	動漫	1	13	absent			-7.354194117						協王真演	邪王真眼	協/王/真/演	邪王真眼	True	True	1		phrase.anime.tsv	2212	
郁永河事件	ㄩˋ ㄩㄥˇ ㄏㄜˊ ㄕˋ ㄐㄧㄢˋ	歷史	1	3	absent			-7.354194117						育永和市建	郁永河事件	育/永和市/建	郁永河事件	True	True	1		phrase.history.tsv	165	
郊區化	ㄐㄧㄠ ㄑㄩ ㄏㄨㄚˋ	心理社會	1	11	absent			-7.354194117						郊區化	郊區化	郊區/化	郊區/化	False	True	1		phrase.psychology-society.tsv	88	
郡國並行	ㄐㄩㄣˋ ㄍㄨㄛˊ ㄅㄧㄥˋ ㄒㄧㄥˊ	歷史	1	10	absent			-7.354194117		俊國/並行	4.214315031	俊國/並行	4.214315031	俊國並行	郡國並行	俊/國/並行	郡國並行	True	True	1		phrase.history.tsv	166	
郵件系統	ㄧㄡˊ ㄐㄧㄢˋ ㄒㄧˋ ㄊㄨㄥˇ	網路資安	1	13	absent			-7.354194117		郵件/系統	1.06160979	郵件/系統	1.06160979	郵件系統	郵件系統	郵件/系統	郵件/系統	False	True	1		phrase.network-security.tsv	165	
都卜勒效應	ㄉㄨ ㄅㄨˇ ㄌㄜˋ ㄒㄧㄠˋ ㄧㄥˋ	科學	1	3	absent			-7.354194117		都卜勒/效應	3.805681861	都卜勒/效應	3.805681861	都卜勒效應	都卜勒效應	都卜勒/效應	都卜勒效應	False	True	1		phrase.science.tsv	76	
鄉下女孩	ㄒㄧㄤ ㄒㄧㄚˋ ㄋㄩˇ ㄏㄞˊ	動漫	1	12	absent			-7.354194117		鄉下/女孩	1.964202772	鄉下/女孩	1.964202772	鄉下女孩	鄉下女孩	鄉下/女孩	鄉下/女孩	False	True	1		phrase.anime.tsv	2213	
鄰座	ㄌㄧㄣˊ ㄗㄨㄛˋ	動漫	1	23	absent			-7.354194117						林作	林作	林/作	林/作	False	False	1		phrase.anime.tsv	2214	
配位化學	ㄆㄟˋ ㄨㄟˋ ㄏㄨㄚˋ ㄒㄩㄝˊ	科學	1	12	absent			-7.354194117						佩為化學	配位化學	佩/為/化學	配位化學	True	True	1		phrase.science.tsv	77	
配位聚合	ㄆㄟˋ ㄨㄟˋ ㄐㄩˋ ㄏㄜˊ	材料化工	1	12	absent			-7.354194117						佩畏懼和	配位聚合	佩/畏懼/和	配位聚合	True	True	1		phrase.materials-chemistry.tsv	103	
配送車隊	ㄆㄟˋ ㄙㄨㄥˋ ㄔㄜ ㄉㄨㄟˋ	交通物流	1	14	absent			-7.354194117						佩送車隊	配送車隊	佩/送/車隊	配送車隊	True	True	1		phrase.transport-logistics.tsv	99	
配電饋線	ㄆㄟˋ ㄉㄧㄢˋ ㄎㄨㄟˋ ㄒㄧㄢˋ	環境能源	1	11	absent			-7.354194117						佩電饋線	配電饋線	佩/電/饋/線	配電饋線	True	True	1		phrase.energy-environment.tsv	137	
酮酸	ㄊㄨㄥˊ ㄙㄨㄢ	醫學	1	11	absent			-7.354194117						同酸	同酸	同/酸	同/酸	False	False	1		phrase.medicine.tsv	240	
酷拉皮卡	ㄎㄨˋ ㄌㄚ ㄆㄧˊ ㄎㄚˇ	動漫	1	18	absent			-7.354194117						庫拉皮卡	酷拉皮卡	庫/拉皮/卡	酷拉皮卡	True	True	1		phrase.anime.tsv	2215	
酷澎	ㄎㄨˋ ㄆㄥˊ	一般	1	12	absent			-7.354194117						庫朋	庫朋	庫/朋	庫/朋	False	False	1		phrase.general.tsv	154	
酸鹼平衡	ㄙㄨㄢ ㄐㄧㄢˇ ㄆㄧㄥˊ ㄏㄥˊ	材料化工	1	10	absent			-7.354194117		酸鹼/平衡	3.178682304	酸鹼/平衡	3.178682304	酸鹼平衡	酸鹼平衡	酸鹼/平衡	酸鹼/平衡	False	True	1		phrase.materials-chemistry.tsv	104	
酸鹼滴定	ㄙㄨㄢ ㄐㄧㄢˇ ㄉㄧ ㄉㄧㄥˋ	材料化工	1	9	absent			-7.354194117		酸鹼/滴定	6.053164122	酸鹼/滴定	6.053164122	酸鹼滴定	酸鹼滴定	酸鹼/滴定	酸鹼/滴定	False	True	1		phrase.materials-chemistry.tsv	105	
酸鹼理論	ㄙㄨㄢ ㄐㄧㄢˇ ㄌㄧˇ ㄌㄨㄣˋ	科學	1	10	absent			-7.354194117		酸鹼/理論	2.916443555	酸鹼/理論	2.916443555	酸鹼理論	酸鹼理論	酸鹼/理論	酸鹼/理論	False	True	1		phrase.science.tsv	79	
醛固酮	ㄑㄩㄢˊ ㄍㄨˋ ㄊㄨㄥˊ	醫學	1	9	absent			-7.354194117						全故同	醛固酮	全/故/同	醛固酮	True	True	1		phrase.medicine.tsv	241	
醫療口罩	ㄧ ㄌㄧㄠˊ ㄎㄡˇ ㄓㄠˋ	一般	1	18	absent			-7.354194117		醫療/口罩	2.565276633	醫療/口罩	2.565276633	醫療口罩	醫療口罩	醫療/口罩	醫療口罩	False	True	1		phrase.general.tsv	155	
里包恩	ㄌㄧˇ ㄅㄠ ㄣ	動漫	1	17	absent			-7.354194117						理包恩	里包恩	理/包/恩	里包恩	True	True	1		phrase.anime.tsv	2217	
里歐弗提亞	ㄌㄧˇ ㄡ ㄈㄨˊ ㄊㄧˊ ㄧㄚˇ	動漫	1	15	absent			-7.354194117						理歐服題亞	里歐弗提亞	理/歐/服/題/亞	里歐弗提亞	True	True	1		phrase.anime.tsv	2219	
里甲制度	ㄌㄧˇ ㄐㄧㄚˇ ㄓˋ ㄉㄨˋ	歷史	1	12	absent			-7.354194117						理假制度	里甲制度	理/假/制度	里甲制度	True	True	1		phrase.history.tsv	167	
里維阿卡曼	ㄌㄧˇ ㄨㄟˊ ㄚ ㄎㄚˇ ㄇㄢˋ	動漫	1	17	absent			-7.354194117						理為阿卡慢	里維阿卡曼	理/為/阿/卡/慢	里維阿卡曼	True	True	1		phrase.anime.tsv	2220	
里見菜穗子	ㄌㄧˇ ㄐㄧㄢˋ ㄘㄞˋ ㄙㄨㄟˋ ㄗ˙	動漫	1	15	absent			-7.354194117						理建菜歲子	里見菜穗子	理/建/菜/歲/子	里見菜穗子	True	True	1		phrase.anime.tsv	2221	
重大性分析	ㄓㄨㄥˋ ㄉㄚˋ ㄒㄧㄥˋ ㄈㄣ ㄒㄧ	商業	1	5	absent			-7.354194117						重大性分析	重大性分析	重大/性/分析	重大性分析	False	True	1		phrase.business.tsv	176	
重大性原則	ㄓㄨㄥˋ ㄉㄚˋ ㄒㄧㄥˋ ㄩㄢˊ ㄗㄜˊ	財會金融	1	4	absent			-7.354194117						重大性原則	重大性原則	重大/性/原則	重大性原則	False	True	1		phrase.finance.tsv	162	
重構	ㄓㄨㄥˋ ㄍㄡˋ	軟體科學	1	9	absent			-7.354194117						重構	重構	重/構	重/構	False	True	1		phrase.software.tsv	94	
重疊詞	ㄔㄨㄥˊ ㄉㄧㄝˊ ㄘˊ	中文	1	11	absent			-7.354194117						重疊詞	重疊詞	重疊/詞	重疊詞	False	True	1		phrase.chinese.tsv	143	
重積	ㄓㄨㄥˋ ㄐㄧ	醫學	1	10	absent			-7.354194117						重機	重機	重/機	重/機	False	False	1		phrase.medicine.tsv	242	
重要管制點	ㄓㄨㄥˋ ㄧㄠˋ ㄍㄨㄢˇ ㄓˋ ㄉㄧㄢˇ	農業食品	1	5	absent			-7.354194117						重要管制點	重要管制點	重要/管制/點	重要管制點	False	True	1		phrase.agriculture-food.tsv	57	
重金屬污染	ㄓㄨㄥˋ ㄐㄧㄣ ㄕㄨˇ ㄨ ㄖㄢˇ	農業食品	1	3	absent			-7.354194117		重金屬/污染	2.59305594	重金屬/污染	2.59305594	重金屬污染	重金屬污染	重金屬/污染	重金屬污染	False	True	1		phrase.agriculture-food.tsv	58	
野原廣志	ㄧㄝˇ ㄩㄢˊ ㄍㄨㄤˇ ㄓˋ	動漫	1	19	absent			-7.354194117						也員廣至	野原廣志	也/員/廣/至	野原廣志	True	True	1		phrase.anime.tsv	2222	
野原新之助	ㄧㄝˇ ㄩㄢˊ ㄒㄧㄣ ㄓ ㄓㄨˋ	動漫	1	25	absent			-7.354194117						也員新知助	野原新之助	也/員/新知/助	野原新之助	True	True	1		phrase.anime.tsv	2223	
野原美冴	ㄧㄝˇ ㄩㄢˊ ㄇㄟˇ ㄏㄨˋ	動漫	1	22	absent			-7.354194117						也員美護	野原美冴	也/員/美/護	野原美冴	True	True	1		phrase.anime.tsv	2224	
野原葵	ㄧㄝˇ ㄩㄢˊ ㄎㄨㄟˊ	動漫	1	17	absent			-7.354194117						也員魁	野原葵	也/員/魁	野原葵	True	True	1		phrase.anime.tsv	2225	
野崎	ㄧㄝˇ ㄑㄧˊ	動漫	1	24	absent			-7.354194117						也其	也其	也/其	也/其	False	False	1		phrase.anime.tsv	2226	
野崎梅太郎	ㄧㄝˇ ㄑㄧˊ ㄇㄟˊ ㄊㄞˋ ㄌㄤˊ	動漫	1	21	absent			-7.354194117						也其沒太郎	野崎梅太郎	也/其/沒/太郎	野崎梅太郎	True	True	1		phrase.anime.tsv	2227	
野田妹	ㄧㄝˇ ㄊㄧㄢˊ ㄇㄟˋ	動漫	1	13	absent			-7.354194117						也田妹	野田妹	也/田/妹	野田妹	True	True	1		phrase.anime.tsv	2228	
野田惠	ㄧㄝˇ ㄊㄧㄢˊ ㄏㄨㄟˋ	動漫	1	21	absent			-7.354194117						也田會	野田惠	也/田/會	野田惠	True	True	1		phrase.anime.tsv	2229	
量具	ㄌㄧㄤˋ ㄐㄩˋ	工業工程	1	12	absent			-7.354194117						量具	量具	量/具	量/具	False	True	1		phrase.industrial-engineering.tsv	99	
量子化	ㄌㄧㄤˋ ㄗˇ ㄏㄨㄚˋ	科學	1	11	absent			-7.354194117						量子化	量子化	量子/化	量子/化	False	True	1		phrase.science.tsv	82	
量子運算	ㄌㄧㄤˋ ㄗˇ ㄩㄣˋ ㄙㄨㄢˋ	一般	1	14	absent			-7.354194117		量子/運算	3.215007937	量子/運算	3.215007937	量子運算	量子運算	量子/運算	量子/運算	False	True	1		phrase.general.tsv	156	
量測機台	ㄌㄧㄤˊ ㄘㄜˋ ㄐㄧ ㄊㄞˊ	晶片半導體	1	12	absent			-7.354194117						量測機台	量測機台	量測/機/台	量測機台	False	True	1		phrase.semiconductor.tsv	159	
量熱法	ㄌㄧㄤˋ ㄖㄜˋ ㄈㄚˇ	材料化工	1	12	absent			-7.354194117						量熱法	量熱法	量/熱/法	量熱法	False	True	1		phrase.materials-chemistry.tsv	106	
金屬化	ㄐㄧㄣ ㄕㄨˇ ㄏㄨㄚˋ	晶片半導體	1	14	absent			-7.354194117						金屬化	金屬化	金屬/化	金屬/化	False	True	1		phrase.semiconductor.tsv	160	
金屬化製程	ㄐㄧㄣ ㄕㄨˇ ㄏㄨㄚˋ ㄓˋ ㄔㄥˊ	晶片半導體	1	8	absent			-7.354194117						金屬化製程	金屬化製程	金屬/化/製程	金屬化製程	False	True	1		phrase.semiconductor.tsv	161	
金屬間	ㄐㄧㄣ ㄕㄨˇ ㄐㄧㄢ	材料化工	1	11	absent			-7.354194117						金屬間	金屬間	金屬/間	金屬/間	False	True	1		phrase.materials-chemistry.tsv	107	
金恩	ㄐㄧㄣ ㄣ	動漫	1	13	absent			-7.354194117						今恩	今恩	今/恩	今/恩	False	False	1		phrase.anime.tsv	2230	
金木研	ㄐㄧㄣ ㄇㄨˋ ㄧㄢˊ	動漫	1	21	absent			-7.354194117						今目研	金木研	今/目/研	金木研	True	True	1		phrase.anime.tsv	2231	
金森沙耶加	ㄐㄧㄣ ㄙㄣ ㄕㄚ ㄧㄝ ㄐㄧㄚ	動漫	1	15	absent			-7.354194117						今森殺耶家	金森沙耶加	今/森/殺/耶/家	金森沙耶加	True	True	1		phrase.anime.tsv	2232	
金氧半	ㄐㄧㄣ ㄧㄤˇ ㄅㄢˋ	晶片半導體	1	12	absent			-7.354194117						今養辦	金氧半	今/養/辦	金氧半	True	True	1		phrase.semiconductor.tsv	162	
金田一	ㄐㄧㄣ ㄊㄧㄢˊ ㄧ	動漫	1	25	absent			-7.354194117						今田一	金田一	今/田/一	金田一	True	True	1		phrase.anime.tsv	2233	
金田一一	ㄐㄧㄣ ㄊㄧㄢˊ ㄧ ㄧ	動漫	1	22	absent			-7.354194117						今田一一	金田一一	今/田/一一	金田一一	True	True	1		phrase.anime.tsv	2234	
金相分析	ㄐㄧㄣ ㄒㄧㄤˋ ㄈㄣ ㄒㄧ	材料化工	1	11	absent			-7.354194117		金相/分析	3.711927498	金相/分析	3.711927498	今像分析	金相分析	今/像/分析	金相分析	True	True	1		phrase.materials-chemistry.tsv	108	
金融科技	ㄐㄧㄣ ㄖㄨㄥˊ ㄎㄜ ㄐㄧˋ	一般	1	12	absent			-7.354194117		金融/科技	0.694707007	金融/科技	0.694707007	金融科技	金融科技	金融/科技	金融/科技	False	True	1		phrase.general.tsv	157	
釘崎野薔薇	ㄉㄧㄥ ㄑㄧˊ ㄧㄝˇ ㄑㄧㄤˊ ㄨㄟˊ	動漫	1	19	absent			-7.354194117						丁其也薔薇	釘崎野薔薇	丁/其/也/薔薇	釘崎野薔薇	True	True	1		phrase.anime.tsv	2236	
針目縫	ㄓㄣ ㄇㄨˋ ㄈㄥˊ	動漫	1	12	absent			-7.354194117						真目逢	針目縫	真/目/逢	針目縫	True	True	1		phrase.anime.tsv	2237	
釣魚簡訊	ㄉㄧㄠˋ ㄩˊ ㄐㄧㄢˇ ㄒㄩㄣˋ	一般	1	12	absent			-7.354194117		釣魚/簡訊	2.834261171	釣魚/簡訊	2.834261171	釣魚簡訊	釣魚簡訊	釣魚/簡訊	釣魚/簡訊	False	True	1		phrase.general.tsv	158	
釣魚郵件	ㄉㄧㄠˋ ㄩˊ ㄧㄡˊ ㄐㄧㄢˋ	一般	1	10	absent			-7.354194117		釣魚/郵件	2.373799829	釣魚/郵件	2.373799829	釣魚郵件	釣魚郵件	釣魚/郵件	釣魚/郵件	False	True	1		phrase.general.tsv	159	
鈑金加工	ㄅㄢˇ ㄐㄧㄣ ㄐㄧㄚ ㄍㄨㄥ	製造機械	1	9	absent			-7.354194117						版今加工	鈑金加工	版/今/加工	鈑金加工	True	True	1		phrase.manufacturing.tsv	134	
鈴井涼太	ㄌㄧㄥˊ ㄐㄧㄥˇ ㄌㄧㄤˊ ㄊㄞˋ	動漫	1	16	absent			-7.354194117						零景良太	鈴井涼太	零/景/良/太	鈴井涼太	True	True	1		phrase.anime.tsv	2238	
鈴屋什造	ㄌㄧㄥˊ ㄨ ㄕㄜˊ ㄗㄠˋ	動漫	1	12	absent			-7.354194117						零於什造	鈴屋什造	零/於/什/造	鈴屋什造	True	True	1		phrase.anime.tsv	2239	
鈴芽之旅	ㄌㄧㄥˊ ㄧㄚˊ ㄓ ㄌㄩˇ	動漫	1	25	absent			-7.354194117						零牙之旅	鈴芽之旅	零/牙/之/旅	鈴芽之旅	True	True	1		phrase.anime.tsv	2240	
銀之匙	ㄧㄣˊ ㄓ ㄔˊ	動漫	1	22	absent			-7.354194117						銀支持	銀之匙	銀/支持	銀之匙	True	True	1		phrase.anime.tsv	2242	
銀古	ㄧㄣˊ ㄍㄨˇ	動漫	1	20	absent			-7.354194117						銀古	銀古	銀/古	銀古	False	True	1		phrase.anime.tsv	2243	
銀魂	ㄧㄣˊ ㄏㄨㄣˊ	動漫	1	26	absent			-7.354194117						銀魂	銀魂	銀/魂	銀魂	False	True	1		phrase.anime.tsv	2244	
銅合金	ㄊㄨㄥˊ ㄏㄜˊ ㄐㄧㄣ	材料化工	1	14	absent			-7.354194117						同合金	銅合金	同/合金	銅合金	True	True	1		phrase.materials-chemistry.tsv	110	
銛之塚崇	ㄒㄧㄢ ㄓ ㄓㄨㄥˇ ㄔㄨㄥˊ	動漫	1	10	absent			-7.354194117						先之種重	銛之塚崇	先/之/種/重	銛之塚崇	True	True	1		phrase.anime.tsv	2245	
鋪面平坦度	ㄆㄨ ㄇㄧㄢˋ ㄆㄧㄥˊ ㄊㄢˇ ㄉㄨˋ	建築土木	1	4	absent			-7.354194117						鋪面平坦度	鋪面平坦度	鋪面/平坦/度	鋪面平坦度	False	True	1		phrase.civil-engineering.tsv	204	
鋼之	ㄍㄤ ㄓ	動漫	1	26	absent			-7.354194117						剛之	剛之	剛/之	剛/之	False	False	1		phrase.anime.tsv	2246	
鋼材熱性質	ㄍㄤ ㄘㄞˊ ㄖㄜˋ ㄒㄧㄥˋ ㄓˋ	材料化工	1	3	absent			-7.354194117						剛才熱興致	鋼材熱性質	剛才/熱/興致	鋼材熱性質	True	True	1		phrase.materials-chemistry.tsv	113	
鋼材熱處理	ㄍㄤ ㄘㄞˊ ㄖㄜˋ ㄔㄨˇ ㄌㄧˇ	材料化工	1	2	absent			-7.354194117		剛才/熱處理	3.706811147	剛才/熱處理	3.706811147	剛才熱處理	鋼材熱處理	剛才/熱處理	鋼材熱處理	True	True	1		phrase.materials-chemistry.tsv	114	
鋼構	ㄍㄤ ㄍㄡˋ	建築土木	1	8	absent			-7.354194117						剛夠	剛夠	剛/夠	剛/夠	False	False	1		phrase.civil-engineering.tsv	205	
鋼纖維	ㄍㄤ ㄒㄧㄢ ㄨㄟˊ	建築土木	1	4	absent			-7.354194117						剛纖維	鋼纖維	剛/纖維	鋼纖維	True	True	1		phrase.civil-engineering.tsv	207	
錐生零	ㄓㄨㄟ ㄕㄥ ㄌㄧㄥˊ	動漫	1	15	absent			-7.354194117						追生靈	錐生零	追/生靈	錐生零	True	True	1		phrase.anime.tsv	2248	
錢婆婆	ㄑㄧㄢˊ ㄆㄛˊ ㄆㄛˊ	動漫	1	17	absent			-7.354194117						前婆婆	錢婆婆	前/婆婆	錢婆婆	True	True	1		phrase.anime.tsv	2249	
錦木千束	ㄐㄧㄣˇ ㄇㄨˋ ㄑㄧㄢ ㄕㄨˋ	動漫	1	22	absent			-7.354194117						僅目千數	錦木千束	僅/目/千/數	錦木千束	True	True	1		phrase.anime.tsv	2250	
錯亂坊	ㄘㄨㄛˋ ㄌㄨㄢˋ ㄈㄤ	動漫	1	12	absent			-7.354194117						錯亂方	錯亂坊	錯亂/方	錯亂坊	True	True	1		phrase.anime.tsv	2251	
錯誤分析	ㄘㄨㄛˋ ㄨˋ ㄈㄣ ㄒㄧ	AI資料科學	1	15	absent			-7.354194117		錯誤/分析	0.994256995	錯誤/分析	0.994256995	錯誤分析	錯誤分析	錯誤/分析	錯誤/分析	False	True	1		phrase.ai-data-science.tsv	159	
鍊金術師	ㄌㄧㄢˋ ㄐㄧㄣ ㄕㄨˋ ㄕ	動漫	1	26	absent			-7.354194117						煉金術師	鍊金術師	煉金術/師	鍊金術師	True	True	1		phrase.anime.tsv	2252	
鍛造模具	ㄉㄨㄢˋ ㄗㄠˋ ㄇㄨˊ ㄐㄩˋ	製造機械	1	10	absent			-7.354194117						斷造模具	鍛造模具	斷/造/模/具	鍛造模具	True	True	1		phrase.manufacturing.tsv	136	
鎳基合金	ㄋㄧㄝˋ ㄐㄧ ㄏㄜˊ ㄐㄧㄣ	材料化工	1	12	absent			-7.354194117						業機合金	鎳基合金	業/機/合金	鎳基合金	True	True	1		phrase.materials-chemistry.tsv	115	
鏈鋸人	ㄌㄧㄢˋ ㄐㄩˋ ㄖㄣˊ	動漫	1	25	absent			-7.354194117						練巨人	鏈鋸人	練/巨人	鏈鋸人	True	True	1		phrase.anime.tsv	2253	
鑑別診斷	ㄐㄧㄢˋ ㄅㄧㄝˊ ㄓㄣˇ ㄉㄨㄢˋ	醫學	1	12	absent			-7.354194117		鑑別/診斷	3.414575038	鑑別/診斷	3.414575038	鑑別診斷	鑑別診斷	鑑別/診斷	鑑別診斷	False	True	1		phrase.medicine.tsv	244	
鑽石王牌	ㄗㄨㄢˋ ㄕˊ ㄨㄤˊ ㄆㄞˊ	動漫	1	21	absent			-7.354194117		鑽石/王牌	3.526824844	鑽石/王牌	3.526824844	鑽石王牌	鑽石王牌	鑽石/王牌	鑽石王牌	False	True	1		phrase.anime.tsv	2254	
長名馴染	ㄔㄤˊ ㄇㄧㄥˊ ㄒㄩㄣˊ ㄖㄢˇ	動漫	1	16	absent			-7.354194117						常明尋染	長名馴染	常/明/尋/染	長名馴染	True	True	1		phrase.anime.tsv	2255	
長新冠	ㄓㄤˇ ㄒㄧㄣ ㄍㄨㄢˋ	一般	1	8	absent			-7.354194117						長心慣	長新冠	長/心/慣	長新冠	True	True	1		phrase.general.tsv	160	
長月早苗	ㄔㄤˊ ㄩㄝˋ ㄗㄠˇ ㄇㄧㄠˊ	動漫	1	12	absent			-7.354194117						常月早描	長月早苗	常/月/早/描	長月早苗	True	True	1		phrase.anime.tsv	2256	
長期記憶	ㄔㄤˊ ㄑㄧˊ ㄐㄧˋ ㄧˋ	心理社會	1	12	absent			-7.354194117		長期/記憶	1.102093139	長期/記憶	1.102093139	長期記憶	長期記憶	長期/記憶	長期/記憶	False	True	1		phrase.psychology-society.tsv	89	
長期追蹤	ㄔㄤˊ ㄑㄧˊ ㄓㄨㄟ ㄗㄨㄥ	醫學	1	12	absent			-7.354194117		長期/追蹤	1.463984428	長期/追蹤	1.463984428	長期追蹤	長期追蹤	長期/追蹤	長期/追蹤	False	True	1		phrase.medicine.tsv	245	
長沙會戰	ㄔㄤˊ ㄕㄚ ㄏㄨㄟˋ ㄓㄢˋ	歷史	1	9	absent			-7.354194117		長沙/會戰	4.97761716	長沙/會戰	4.97761716	長沙會占	長沙會戰	長沙/會/占	長沙會戰	True	True	1		phrase.history.tsv	168	
長瀞同學	ㄔㄤˊ ㄐㄧㄥˋ ㄊㄨㄥˊ ㄒㄩㄝˊ	動漫	1	20	absent			-7.354194117						常境同學	長瀞同學	常/境/同學	長瀞同學	True	True	1		phrase.anime.tsv	2257	
長瀞早瀨	ㄔㄤˊ ㄐㄧㄥˋ ㄗㄠˇ ㄌㄞˋ	動漫	1	18	absent			-7.354194117						常境早來	長瀞早瀨	常/境/早/來	長瀞早瀨	True	True	1		phrase.anime.tsv	2258	
長照服務	ㄔㄤˊ ㄓㄠˋ ㄈㄨˊ ㄨˋ	一般	1	18	absent			-7.354194117						常照服務	長照服務	常/照/服務	長照服務	True	True	1		phrase.general.tsv	162	
長短期	ㄔㄤˊ ㄉㄨㄢˇ ㄑㄧˊ	AI資料科學	1	11	absent			-7.354194117						常短期	常短期	常/短期	常/短期	False	False	1		phrase.ai-data-science.tsv	160	
長讀長定序	ㄓㄤˇ ㄉㄨˊ ㄓㄤˇ ㄉㄧㄥˋ ㄒㄩˋ	生技藥學	1	6	absent			-7.354194117						長讀長定序	長讀長定序	長/讀/長/定/序	長讀長定序	False	True	1		phrase.biotech-pharma.tsv	110	
長野原美緒	ㄔㄤˊ ㄧㄝˇ ㄩㄢˊ ㄇㄟˇ ㄒㄩˋ	動漫	1	18	absent			-7.354194117						常也員美續	長野原美緒	常/也/員/美/續	長野原美緒	True	True	1		phrase.anime.tsv	2259	
長門有希	ㄔㄤˊ ㄇㄣˊ ㄧㄡˇ ㄒㄧ	動漫	1	17	absent			-7.354194117						常們有西	長門有希	常/們/有/西	長門有希	True	True	1		phrase.anime.tsv	2260	
門式起重機	ㄇㄣˊ ㄕˋ ㄑㄧˇ ㄓㄨㄥˋ ㄐㄧ	交通物流	1	5	absent			-7.354194117		門市/起重機	4.442503959	門市/起重機	4.442503959	門市起重機	門式起重機	門市/起重機	門式起重機	True	True	1		phrase.transport-logistics.tsv	101	
門控	ㄇㄣˊ ㄎㄨㄥˋ	AI資料科學	1	12	absent			-7.354194117						們控	們控	們/控	們/控	False	False	1		phrase.ai-data-science.tsv	161	
閂鎖	ㄕㄨㄢ ㄙㄨㄛˇ	晶片半導體	1	11	absent			-7.354194117						栓所	閂鎖	栓/所	閂鎖	True	True	1	拴鎖	phrase.semiconductor.tsv	163	
閃電霹靂車	ㄕㄢˇ ㄉㄧㄢˋ ㄆㄧ ㄌㄧˋ ㄔㄜ	動漫	1	21	absent			-7.354194117		閃電/霹靂車	5.308871139	閃電/霹靂車	5.308871139	閃電霹靂車	閃電霹靂車	閃電/霹靂車	閃電霹靂車	False	True	1		phrase.anime.tsv	2261	
閉迴路控制	ㄅㄧˋ ㄏㄨㄟˊ ㄌㄨˋ ㄎㄨㄥˋ ㄓˋ	電子電機	1	5	absent			-7.354194117						必迴路控制	閉迴路控制	必/迴路/控制	閉迴路控制	True	True	1		phrase.electronics.tsv	185	
開口呼	ㄎㄞ ㄎㄡˇ ㄏㄨ	中文	1	11	absent			-7.354194117						開口呼	開口呼	開口/呼	開口/呼	False	True	1		phrase.chinese.tsv	144	
開墾拓殖	ㄎㄞ ㄎㄣˇ ㄊㄨㄛˋ ㄓˊ	歷史	1	10	absent			-7.354194117		開墾/拓殖	4.76312951	開墾/拓殖	4.76312951	開墾拓殖	開墾拓殖	開墾/拓殖	開墾拓殖	False	True	1		phrase.history.tsv	169	
開山撫番	ㄎㄞ ㄕㄢ ㄈㄨˇ ㄈㄢ	歷史	1	10	absent			-7.354194117						開山撫番	開山撫番	開山/撫/番	開山撫番	False	True	1		phrase.history.tsv	170	
開拓異境	ㄎㄞ ㄊㄨㄛˋ ㄧˋ ㄐㄧㄥˋ	動漫	1	22	absent			-7.354194117		開拓/意境	3.105632376	開拓/意境	3.105632376	開拓意境	開拓異境	開拓/意境	開拓異境	True	True	1		phrase.anime.tsv	2262	
開挖面穩定	ㄎㄞ ㄨㄚ ㄇㄧㄢˋ ㄨㄣˇ ㄉㄧㄥˋ	建築土木	1	3	absent			-7.354194117						開挖面穩定	開挖面穩定	開挖/面/穩定	開挖面穩定	False	True	1		phrase.civil-engineering.tsv	209	
開放式題目	ㄎㄞ ㄈㄤˋ ㄕˋ ㄊㄧˊ ㄇㄨˋ	教育	1	4	absent			-7.354194117		開放式/題目	2.514910949	開放式/題目	2.514910949	開放式題目	開放式題目	開放式/題目	開放式題目	False	True	1		phrase.education.tsv	108	
開港通商	ㄎㄞ ㄍㄤˇ ㄊㄨㄥ ㄕㄤ	歷史	1	9	absent			-7.354194117		開港/通商	4.511584878	開港/通商	4.511584878	開港通商	開港通商	開港/通商	開港通商	False	True	1		phrase.history.tsv	171	
開源模型	ㄎㄞ ㄩㄢˊ ㄇㄛˊ ㄒㄧㄥˊ	一般	1	14	absent			-7.354194117		開源/模型	3.206177909	開源/模型	3.206177909	開員模型	開源模型	開/員/模型	開源模型	True	True	1		phrase.general.tsv	163	
開源軟體	ㄎㄞ ㄩㄢˊ ㄖㄨㄢˇ ㄊㄧˇ	一般	1	18	absent			-7.354194117		開源/軟體	2.393162402	開源/軟體	2.393162402	開員軟體	開源軟體	開/員/軟體	開源軟體	True	True	1		phrase.general.tsv	164	
開迴路控制	ㄎㄞ ㄏㄨㄟˊ ㄌㄨˋ ㄎㄨㄥˋ ㄓˋ	電子電機	1	7	absent			-7.354194117						開迴路控制	開迴路控制	開/迴路/控制	開迴路控制	False	True	1		phrase.electronics.tsv	186	
間作	ㄐㄧㄢ ㄗㄨㄛˋ	農業食品	1	9	absent			-7.354194117						間作	間作	間/作	間/作	False	True	1	煎作	phrase.agriculture-food.tsv	60	
間桐櫻	ㄐㄧㄢ ㄊㄨㄥˊ ㄧㄥ	動漫	1	15	absent			-7.354194117						間同應	間桐櫻	間/同/應	間桐櫻	True	True	1		phrase.anime.tsv	2263	
間質幹細胞	ㄐㄧㄢ ㄓˊ ㄍㄢˋ ㄒㄧˋ ㄅㄠ	生技藥學	1	3	absent			-7.354194117		兼職/幹細胞	3.236591426	兼職/幹細胞	3.236591426	兼職幹細胞	間質幹細胞	兼職/幹細胞	間質幹細胞	True	True	1		phrase.biotech-pharma.tsv	111	
間隙原子	ㄐㄧㄢˋ ㄒㄧˋ ㄩㄢˊ ㄗˇ	材料化工	1	9	absent			-7.354194117		間隙/原子	4.038223772	間隙/原子	4.038223772	間隙原子	間隙原子	間隙/原子	間隙原子	False	True	1		phrase.materials-chemistry.tsv	116	
閘極	ㄓㄚˊ ㄐㄧˊ	晶片半導體	1	10	absent			-7.354194117						閘及	閘及	閘/及	閘/及	False	False	1		phrase.semiconductor.tsv	164	
閘道服務	ㄓㄚˊ ㄉㄠˋ ㄈㄨˊ ㄨˋ	軟體科學	1	8	absent			-7.354194117		閘道/服務	2.35974498	閘道/服務	2.35974498	閘到服務	閘道服務	閘/到/服務	閘道服務	True	True	1		phrase.software.tsv	95	
閻魔大王	ㄧㄢˊ ㄇㄛˊ ㄉㄚˋ ㄨㄤˊ	動漫	1	16	absent			-7.354194117		研磨/大王	3.809877976	研磨/大王	3.809877976	研磨大王	閻魔大王	研磨/大王	閻魔大王	True	True	1		phrase.anime.tsv	2264	
閻魔愛	ㄧㄢˊ ㄇㄛˊ ㄞˋ	動漫	1	20	absent			-7.354194117						研磨愛	研磨愛	研磨/愛	研磨/愛	False	False	1		phrase.anime.tsv	2265	
闇遊戲	ㄢˋ ㄧㄡˊ ㄒㄧˋ	動漫	1	19	absent			-7.354194117						案由系	案由系	案由/系	案由/系	False	False	1		phrase.anime.tsv	2266	
關根萌子	ㄍㄨㄢ ㄍㄣ ㄇㄥˊ ㄗ˙	動漫	1	13	absent			-7.354194117						關跟盟子	關根萌子	關/跟/盟/子	關根萌子	True	True	1		phrase.anime.tsv	2268	
關漢卿	ㄍㄨㄢ ㄏㄢˋ ㄑㄧㄥ	中文	1	8	absent			-7.354194117						關漢卿	關漢卿	關/漢/卿	關漢卿	False	True	1		phrase.chinese.tsv	145	
關稅自主	ㄍㄨㄢ ㄕㄨㄟˋ ㄗˋ ㄓㄨˇ	歷史	1	11	absent			-7.354194117		關稅/自主	2.256416383	關稅/自主	2.256416383	關稅自主	關稅自主	關稅/自主	關稅/自主	False	True	1		phrase.history.tsv	172	
關鍵影格	ㄍㄨㄢ ㄐㄧㄢˋ ㄧㄥˇ ㄍㄜˊ	媒體設計	1	11	absent			-7.354194117						關鍵影格	關鍵影格	關鍵/影/格	關鍵影格	False	True	1		phrase.media-design.tsv	91	
阪本	ㄅㄢˇ ㄅㄣˇ	動漫	1	11	absent	版本|板本	-4.371019045	-7.354194117	-2.983175072			版本	-2.983175072	版本	版本	版本	版本	False	False	3	板本|版本	phrase.anime.tsv	2269	
防水層	ㄈㄤˊ ㄕㄨㄟˇ ㄘㄥˊ	建築土木	1	16	absent			-7.354194117						防水層	防水層	防水/層	防水/層	False	True	1		phrase.civil-engineering.tsv	210	
防水層修復	ㄈㄤˊ ㄕㄨㄟˇ ㄘㄥˊ ㄒㄧㄡ ㄈㄨˋ	建築土木	1	3	absent			-7.354194117						防水層修復	防水層修復	防水/層/修復	防水層修復	False	True	1		phrase.civil-engineering.tsv	211	
防水層施工	ㄈㄤˊ ㄕㄨㄟˇ ㄘㄥˊ ㄕ ㄍㄨㄥ	建築土木	1	3	absent			-7.354194117						防水層施工	防水層施工	防水/層/施工	防水層施工	False	True	1		phrase.civil-engineering.tsv	212	
防水層檢驗	ㄈㄤˊ ㄕㄨㄟˇ ㄘㄥˊ ㄐㄧㄢˇ ㄧㄢˋ	建築土木	1	4	absent			-7.354194117						防水層檢驗	防水層檢驗	防水/層/檢驗	防水層檢驗	False	True	1		phrase.civil-engineering.tsv	213	
防水層監測	ㄈㄤˊ ㄕㄨㄟˇ ㄘㄥˊ ㄐㄧㄢ ㄘㄜˋ	建築土木	1	4	absent			-7.354194117						防水層監測	防水層監測	防水/層/監測	防水層監測	False	True	1		phrase.civil-engineering.tsv	214	
防水層補強	ㄈㄤˊ ㄕㄨㄟˇ ㄘㄥˊ ㄅㄨˇ ㄑㄧㄤˊ	建築土木	1	3	absent			-7.354194117						防水層補強	防水層補強	防水/層/補強	防水層補強	False	True	1		phrase.civil-engineering.tsv	215	
防水層設計	ㄈㄤˊ ㄕㄨㄟˇ ㄘㄥˊ ㄕㄜˋ ㄐㄧˋ	建築土木	1	5	absent			-7.354194117						防水層設計	防水層設計	防水/層/設計	防水層設計	False	True	1		phrase.civil-engineering.tsv	216	
防衛機轉	ㄈㄤˊ ㄨㄟˋ ㄐㄧ ㄓㄨㄢˇ	心理社會	1	11	absent			-7.354194117						防衛機轉	防衛機轉	防衛/機/轉	防衛機轉	False	True	1		phrase.psychology-society.tsv	90	
防風鈴	ㄈㄤˊ ㄈㄥ ㄌㄧㄥˊ	動漫	1	13	absent			-7.354194117						房風鈴	防風鈴	房/風鈴	防風鈴	True	True	1		phrase.anime.tsv	2270	
阻塞性	ㄗㄨˇ ㄙㄜˋ ㄒㄧㄥˋ	醫學	1	11	absent			-7.354194117						阻塞性	阻塞性	阻塞/性	阻塞/性	False	True	1		phrase.medicine.tsv	247	
阻尼振動	ㄗㄨˇ ㄋㄧˊ ㄓㄣˋ ㄉㄨㄥˋ	科學	1	9	absent			-7.354194117		阻尼/振動	4.183345914	阻尼/振動	4.183345914	阻尼振動	阻尼振動	阻尼/振動	阻尼振動	False	True	1		phrase.science.tsv	83	
阻變式	ㄗㄨˇ ㄅㄧㄢˋ ㄕˋ	晶片半導體	1	11	absent			-7.354194117						組便是	阻變式	組/便是	阻變式	True	True	1		phrase.semiconductor.tsv	165	
阿克	ㄚ ㄎㄜˋ	動漫	1	16	absent			-7.354194117						阿客	阿客	阿/客	阿/客	False	False	1		phrase.anime.tsv	2271	
阿克婭	ㄚ ㄎㄜˋ ㄧㄚˋ	動漫	1	20	absent			-7.354194117						阿客亞	阿克婭	阿/客/亞	阿克婭	True	True	1		phrase.anime.tsv	2272	
阿區	ㄚ ㄑㄩ	動漫	1	15	absent			-7.354194117						阿區	阿區	阿/區	阿/區	False	True	1		phrase.anime.tsv	2273	
阿卡曼	ㄚ ㄎㄚˇ ㄇㄢˋ	動漫	1	22	absent			-7.354194117						阿卡慢	阿卡曼	阿/卡/慢	阿卡曼	True	True	1		phrase.anime.tsv	2274	
阿基曼	ㄚ ㄐㄧ ㄇㄢˋ	動漫	1	17	absent			-7.354194117						阿機慢	阿基曼	阿/機/慢	阿基曼	True	True	1		phrase.anime.tsv	2276	
阿奎亞	ㄚ ㄎㄨㄟˊ ㄧㄚˇ	動漫	1	21	absent			-7.354194117						阿魁亞	阿奎亞	阿/魁/亞	阿奎亞	True	True	1		phrase.anime.tsv	2277	
阿妮莫奈	ㄚ ㄋㄧˊ ㄇㄛˋ ㄋㄞˋ	動漫	1	9	absent			-7.354194117						阿呢沒耐	阿妮莫奈	阿/呢/沒/耐	阿妮莫奈	True	True	1		phrase.anime.tsv	2278	
阿席莉帕	ㄚ ㄒㄧˊ ㄌㄧˋ ㄆㄚˋ	動漫	1	18	absent			-7.354194117						阿習力怕	阿席莉帕	阿/習/力/怕	阿席莉帕	True	True	1		phrase.anime.tsv	2279	
阿席達卡	ㄚ ㄒㄧˊ ㄉㄚˊ ㄎㄚˇ	動漫	1	23	absent			-7.354194117						阿習達卡	阿席達卡	阿/習/達卡	阿席達卡	True	True	1		phrase.anime.tsv	2280	
阿拉伯帝國	ㄚ ㄌㄚ ㄅㄛˊ ㄉㄧˋ ㄍㄨㄛˊ	歷史	1	4	absent			-7.354194117		阿拉伯/帝國	2.455863929	阿拉伯/帝國	2.455863929	阿拉伯帝國	阿拉伯帝國	阿拉伯/帝國	阿拉伯/帝國	False	True	1		phrase.history.tsv	173	
阿散井戀次	ㄚ ㄙㄢˋ ㄐㄧㄥˇ ㄌㄧㄢˋ ㄘˋ	動漫	1	14	absent			-7.354194117						阿散景練次	阿散井戀次	阿/散/景/練/次	阿散井戀次	True	True	1		phrase.anime.tsv	2281	
阿斯哈	ㄚ ㄙ ㄏㄚ	動漫	1	15	absent			-7.354194117						阿司哈	阿斯哈	阿/司/哈	阿斯哈	True	True	1		phrase.anime.tsv	2282	
阿斯拉	ㄚ ㄙ ㄌㄚ	動漫	1	12	absent			-7.354194117						阿司拉	阿斯拉	阿/司/拉	阿斯拉	True	True	1		phrase.anime.tsv	2283	
阿斯蘭薩拉	ㄚ ㄙ ㄌㄢˊ ㄙㄚˋ ㄌㄚ	動漫	1	19	absent			-7.354194117						阿司蘭薩拉	阿斯蘭薩拉	阿/司/蘭/薩拉	阿斯蘭薩拉	True	True	1		phrase.anime.tsv	2284	
阿梅爾	ㄚ ㄇㄟˊ ㄦˇ	動漫	1	13	absent			-7.354194117						阿梅爾	阿梅爾	阿梅/爾	阿梅/爾	False	True	1		phrase.anime.tsv	2285	
阿比斯	ㄚ ㄅㄧˇ ㄙ	動漫	1	12	absent			-7.354194117						阿比司	阿比斯	阿/比/司	阿比斯	True	True	1		phrase.anime.tsv	2286	
阿波連	ㄚ ㄅㄛ ㄌㄧㄢˊ	動漫	1	20	absent			-7.354194117						阿波連	阿波連	阿波/連	阿波連	False	True	1		phrase.anime.tsv	2287	
阿波連玲奈	ㄚ ㄅㄛ ㄌㄧㄢˊ ㄌㄧㄥˊ ㄋㄞˋ	動漫	1	17	absent			-7.354194117						阿波連靈耐	阿波連玲奈	阿波/連/靈/耐	阿波連玲奈	True	True	1		phrase.anime.tsv	2288	
阿烏拉	ㄚ ㄨ ㄌㄚ	動漫	1	11	absent			-7.354194117						阿於拉	阿烏拉	阿/於/拉	阿烏拉	True	True	1		phrase.anime.tsv	2289	
阿爾德比特	ㄚ ㄦˇ ㄉㄜˊ ㄅㄧˇ ㄊㄜˋ	動漫	1	11	absent			-7.354194117						阿爾得比特	阿爾德比特	阿/爾/得/比/特	阿爾德比特	True	True	1		phrase.anime.tsv	2290	
阿爾托莉雅	ㄚ ㄦˇ ㄊㄨㄛ ㄌㄧˋ ㄧㄚˇ	動漫	1	20	absent			-7.354194117						阿爾他力亞	阿爾托莉雅	阿/爾/他/力/亞	阿爾托莉雅	True	True	1		phrase.anime.tsv	2291	
阿爾敏	ㄚ ㄦˇ ㄇㄧㄣˇ	動漫	1	19	absent			-7.354194117						阿爾敏	阿爾敏	阿/爾/敏	阿爾敏	False	True	1		phrase.anime.tsv	2292	
阿爾泰爾	ㄚ ㄦˇ ㄊㄞˋ ㄦˇ	動漫	1	12	absent			-7.354194117						阿爾太爾	阿爾泰爾	阿/爾/太/爾	阿爾泰爾	True	True	1		phrase.anime.tsv	2293	
阿爾馮斯	ㄚ ㄦˇ ㄈㄥˊ ㄙ	動漫	1	21	absent			-7.354194117						阿爾逢司	阿爾馮斯	阿/爾/逢/司	阿爾馮斯	True	True	1		phrase.anime.tsv	2294	
阿瑞尼士	ㄚ ㄖㄨㄟˋ ㄋㄧˊ ㄕˋ	材料化工	1	12	0			-7.354194117						阿瑞尼是	阿瑞尼士	阿/瑞/尼/是	阿瑞尼士	True	True	1		phrase.materials-chemistry.tsv	117	
阿維里歐	ㄚ ㄨㄟˊ ㄌㄧˇ ㄡ	動漫	1	18	absent			-7.354194117						阿為理歐	阿維里歐	阿/為/理/歐	阿維里歐	True	True	1		phrase.anime.tsv	2295	
阿良良木曆	ㄚ ㄌㄧㄤˊ ㄌㄧㄤˊ ㄇㄨˋ ㄌㄧˋ	動漫	1	21	absent			-7.354194117						阿良良目力	阿良良木曆	阿/良/良/目/力	阿良良木曆	True	True	1		phrase.anime.tsv	2296	
阿蕾塔	ㄚ ㄌㄟˇ ㄊㄚˇ	動漫	1	14	absent			-7.354194117						阿累塔	阿蕾塔	阿/累/塔	阿蕾塔	True	True	1		phrase.anime.tsv	2297	
阿虛	ㄚ ㄒㄩ	動漫	1	20	absent			-7.354194117						阿需	阿需	阿/需	阿/需	False	False	1		phrase.anime.tsv	2298	
阿謝拉特	ㄚ ㄒㄧㄝˋ ㄌㄚ ㄊㄜˋ	動漫	1	17	absent			-7.354194117						阿謝啦特	阿謝拉特	阿/謝/啦/特	阿謝拉特	True	True	1		phrase.anime.tsv	2299	
阿部隆也	ㄚ ㄅㄨˋ ㄌㄨㄥˊ ㄧㄝˇ	動漫	1	14	absent			-7.354194117						阿不龍也	阿部隆也	阿/不/龍/也	阿部隆也	True	True	1		phrase.anime.tsv	2300	
阿雷路亞	ㄚ ㄌㄟˊ ㄌㄨˋ ㄧㄚˇ	動漫	1	15	absent			-7.354194117						阿雷路亞	阿雷路亞	阿/雷/路/亞	阿雷路亞	False	True	1		phrase.anime.tsv	2302	
阿黛爾海德	ㄚ ㄉㄞˋ ㄦˇ ㄏㄞˇ ㄉㄜˊ	動漫	1	9	absent			-7.354194117						阿代爾海得	阿黛爾海德	阿/代/爾/海/得	阿黛爾海德	True	True	1		phrase.anime.tsv	2303	
陌生化	ㄇㄛˋ ㄕㄥ ㄏㄨㄚˋ	中文	1	11	absent			-7.354194117						陌生化	陌生化	陌生/化	陌生/化	False	True	1		phrase.chinese.tsv	146	
降伏強度	ㄒㄧㄤˊ ㄈㄨˊ ㄑㄧㄤˊ ㄉㄨˋ	製造機械	1	9	absent			-7.354194117		降伏/強度	4.903945009	降伏/強度	4.903945009	降伏強度	降伏強度	降伏/強度	降伏強度	False	True	1		phrase.manufacturing.tsv	138	
降壓轉換器	ㄐㄧㄤˋ ㄧㄚ ㄓㄨㄢˇ ㄏㄨㄢˋ ㄑㄧˋ	電子電機	1	2	absent			-7.354194117		降壓/轉換器	6.240250765	降壓/轉換器	6.240250765	降壓轉換器	降壓轉換器	降壓/轉換器	降壓轉換器	False	True	1		phrase.electronics.tsv	188	
降谷千紘	ㄐㄧㄤˋ ㄍㄨˇ ㄑㄧㄢ ㄏㄨㄥˊ	動漫	1	14	absent			-7.354194117						降古千紅	降谷千紘	降/古/千/紅	降谷千紘	True	True	1		phrase.anime.tsv	2305	
降谷曉	ㄐㄧㄤˋ ㄍㄨˇ ㄒㄧㄠˇ	動漫	1	16	absent			-7.354194117						降古小	降谷曉	降/古/小	降谷曉	True	True	1		phrase.anime.tsv	2306	
降谷萌路	ㄐㄧㄤˋ ㄍㄨˇ ㄇㄥˊ ㄌㄨˋ	動漫	1	11	absent			-7.354194117						降古盟路	降谷萌路	降/古/盟/路	降谷萌路	True	True	1		phrase.anime.tsv	2307	
限定猜拳	ㄒㄧㄢˋ ㄉㄧㄥˋ ㄘㄞ ㄑㄩㄢˊ	動漫	1	13	absent			-7.354194117		限定/猜拳	4.152796993	限定/猜拳	4.152796993	限定猜拳	限定猜拳	限定/猜拳	限定猜拳	False	True	1		phrase.anime.tsv	2308	
限定繼承	ㄒㄧㄢˋ ㄉㄧㄥˋ ㄐㄧˋ ㄔㄥˊ	法律	1	10	absent			-7.354194117		限定/計程	2.578765725	限定/計程	2.578765725	限定繼承	限定繼承	限定/繼承	限定/繼承	False	True	1		phrase.law.tsv	186	
陣內侘助	ㄓㄣˋ ㄋㄟˋ ㄔㄚˋ ㄓㄨˋ	動漫	1	15	absent			-7.354194117						鎮內差助	陣內侘助	鎮/內/差/助	陣內侘助	True	True	1		phrase.anime.tsv	2309	
陣內榮	ㄓㄣˋ ㄋㄟˋ ㄖㄨㄥˊ	動漫	1	12	absent			-7.354194117						鎮內容	鎮內容	鎮/內容	鎮/內容	False	False	1		phrase.anime.tsv	2310	
除斥期間	ㄔㄨˊ ㄔˋ ㄑㄧˊ ㄐㄧㄢ	法律	1	12	absent			-7.354194117						除斥期間	除斥期間	除/斥/期間	除斥期間	False	True	1		phrase.law.tsv	187	
陰上	ㄧㄣ ㄕㄤˋ	中文	1	11	absent			-7.354194117						因上	因上	因/上	因/上	False	False	1		phrase.chinese.tsv	147	
陰入	ㄧㄣ ㄖㄨˋ	中文	1	11	absent			-7.354194117						因入	因入	因/入	因/入	False	False	1		phrase.chinese.tsv	148	
陰去	ㄧㄣ ㄑㄩˋ	中文	1	11	absent			-7.354194117						因去	因去	因/去	因/去	False	False	1		phrase.chinese.tsv	149	
陰極防蝕	ㄧㄣ ㄐㄧˊ ㄈㄤˊ ㄕˊ	材料化工	1	9	absent			-7.354194117						陰極防時	陰極防蝕	陰極/防/時	陰極防蝕	True	True	1		phrase.materials-chemistry.tsv	118	
陳情案件	ㄔㄣˊ ㄑㄧㄥˊ ㄢˋ ㄐㄧㄢˋ	公務員公文	1	15	absent			-7.354194117		陳情/案件	2.140028722	陳情/案件	2.140028722	陳情案件	陳情案件	陳情/案件	陳情/案件	False	True	1		phrase.government.tsv	75	
陳核	ㄔㄣˊ ㄏㄜˊ	公務員公文	1	22	absent			-7.354194117						陳和	陳和	陳/和	陳/和	False	False	1		phrase.government.tsv	76	
陳毛利	ㄔㄣˊ ㄇㄠˊ ㄌㄧˋ	動漫	1	17	absent			-7.354194117						陳毛利	陳毛利	陳/毛利	陳毛利	False	True	1		phrase.anime.tsv	2311	
陳述意見	ㄔㄣˊ ㄕㄨˋ ㄧˋ ㄐㄧㄢˋ	法律	1	10	absent			-7.354194117		陳述/意見	1.86572096	陳述/意見	1.86572096	陳述意見	陳述意見	陳述/意見	陳述/意見	False	True	1		phrase.law.tsv	188	
陶瓷材料	ㄊㄠˊ ㄘˊ ㄘㄞˊ ㄌㄧㄠˋ	材料化工	1	10	absent			-7.354194117		陶瓷/材料	2.220221132	陶瓷/材料	2.220221132	陶瓷材料	陶瓷材料	陶瓷/材料	陶瓷/材料	False	True	1		phrase.materials-chemistry.tsv	120	
陶瓷熱性質	ㄊㄠˊ ㄘˊ ㄖㄜˋ ㄒㄧㄥˋ ㄓˋ	材料化工	1	3	absent			-7.354194117						陶瓷熱興致	陶瓷熱性質	陶瓷/熱/興致	陶瓷熱性質	True	True	1		phrase.materials-chemistry.tsv	121	
陶瓷熱處理	ㄊㄠˊ ㄘˊ ㄖㄜˋ ㄔㄨˇ ㄌㄧˇ	材料化工	1	3	absent			-7.354194117		陶瓷/熱處理	4.383382507	陶瓷/熱處理	4.383382507	陶瓷熱處理	陶瓷熱處理	陶瓷/熱處理	陶瓷/熱處理	False	True	1		phrase.materials-chemistry.tsv	122	
陷波濾波器	ㄒㄧㄢˋ ㄅㄛ ㄌㄩˋ ㄅㄛ ㄑㄧˋ	電子電機	1	4	absent			-7.354194117						現波濾波器	陷波濾波器	現/波/濾波器	陷波濾波器	True	True	1		phrase.electronics.tsv	190	
陸域風電	ㄌㄨˋ ㄩˋ ㄈㄥ ㄉㄧㄢˋ	環境能源	1	12	absent			-7.354194117						路與封電	陸域風電	路/與/封/電	陸域風電	True	True	1		phrase.energy-environment.tsv	139	
陸少糖	ㄌㄨˋ ㄕㄠˇ ㄊㄤˊ	動漫	1	16	absent			-7.354194117						路少糖	陸少糖	路/少/糖	陸少糖	True	True	1		phrase.anime.tsv	2312	
陽上	ㄧㄤˊ ㄕㄤˋ	中文	1	12	absent			-7.354194117						陽上	陽上	陽/上	陽/上	False	True	1		phrase.chinese.tsv	151	
陽入	ㄧㄤˊ ㄖㄨˋ	中文	1	12	absent			-7.354194117						陽入	陽入	陽/入	陽/入	False	True	1		phrase.chinese.tsv	152	
陽務樂郎	ㄧㄤˊ ㄨˋ ㄌㄜˋ ㄌㄤˊ	動漫	1	20	absent			-7.354194117						陽物樂郎	陽務樂郎	陽/物/樂/郎	陽務樂郎	True	True	1		phrase.anime.tsv	2313	
陽去	ㄧㄤˊ ㄑㄩˋ	中文	1	12	absent			-7.354194117						陽去	陽去	陽/去	陽/去	False	True	1		phrase.chinese.tsv	153	
陽極保護	ㄧㄤˊ ㄐㄧˊ ㄅㄠˇ ㄏㄨˋ	材料化工	1	10	absent			-7.354194117		陽極/保護	3.610214252	陽極/保護	3.610214252	陽及保護	陽極保護	陽/及/保護	陽極保護	True	True	1		phrase.materials-chemistry.tsv	123	
隋唐時期	ㄙㄨㄟˊ ㄊㄤˊ ㄕˊ ㄑㄧˊ	歷史	1	10	absent			-7.354194117						隨堂時期	隋唐時期	隨/堂/時期	隋唐時期	True	True	1		phrase.history.tsv	175	
階層式分群	ㄐㄧㄝ ㄘㄥˊ ㄕˋ ㄈㄣ ㄑㄩㄣˊ	AI資料科學	1	4	absent			-7.354194117						階層是分群	階層式分群	階層/是/分/群	階層式分群	True	True	1		phrase.ai-data-science.tsv	162	
隨機分派	ㄙㄨㄟˊ ㄐㄧ ㄈㄣ ㄆㄞˋ	生技藥學	1	10	absent			-7.354194117		隨機/分派	3.603531471	隨機/分派	3.603531471	隨機分派	隨機分派	隨機/分派	隨機/分派	False	True	1		phrase.biotech-pharma.tsv	112	
隸變	ㄌㄧˋ ㄅㄧㄢˋ	中文	1	11	absent	利便	-6.752134126	-7.354194117	-0.602059991			利便	-0.602059991	立變	立變	立/變	立/變	False	False	2	利便	phrase.chinese.tsv	154	
雀斑公主	ㄑㄩㄝˋ ㄅㄢ ㄍㄨㄥ ㄓㄨˇ	動漫	1	21	absent			-7.354194117		雀斑/公主	3.740141011	雀斑/公主	3.740141011	卻搬公主	雀斑公主	卻/搬/公主	雀斑公主	True	True	1		phrase.anime.tsv	2315	
雅兒貝德	ㄧㄚˇ ㄦˊ ㄅㄟˋ ㄉㄜˊ	動漫	1	19	absent			-7.354194117						雅而被得	雅兒貝德	雅/而/被/得	雅兒貝德	True	True	1		phrase.anime.tsv	2316	
雅典民主	ㄧㄚˇ ㄉㄧㄢˇ ㄇㄧㄣˊ ㄓㄨˇ	歷史	1	10	absent			-7.354194117		雅典/民主	2.510338695	雅典/民主	2.510338695	雅典民主	雅典民主	雅典/民主	雅典/民主	False	True	1		phrase.history.tsv	176	
集水區分析	ㄐㄧˊ ㄕㄨㄟˇ ㄑㄩ ㄈㄣ ㄒㄧ	建築土木	1	4	absent			-7.354194117		集水區/分析	2.257082638	集水區/分析	2.257082638	集水區分析	集水區分析	集水區/分析	集水區分析	False	True	1		phrase.civil-engineering.tsv	218	
集韻	ㄐㄧˊ ㄩㄣˋ	中文	1	12	absent			-7.354194117						及運	及運	及/運	及/運	False	False	1		phrase.chinese.tsv	155	
集體記憶	ㄐㄧˊ ㄊㄧˇ ㄐㄧˋ ㄧˋ	歷史	1	11	absent			-7.354194117		集體/記憶	1.586509254	集體/記憶	1.586509254	集體記憶	集體記憶	集體/記憶	集體記憶	False	True	1		phrase.history.tsv	177	
雙極	ㄕㄨㄤ ㄐㄧˊ	晶片半導體	1	10	absent	雙擊	-6.877072863	-7.354194117	-0.477121255			雙擊	-0.477121255	雙及	雙及	雙/及	雙/及	False	False	2	雙擊	phrase.semiconductor.tsv	168	
雙極性	ㄕㄨㄤ ㄐㄧˊ ㄒㄧㄥˋ	電子電機	1	12	absent			-7.354194117						雙極性	雙極性	雙/極性	雙/極性	False	True	1		phrase.electronics.tsv	191	
雙盲試驗	ㄕㄨㄤ ㄇㄤˊ ㄕˋ ㄧㄢˋ	生技藥學	1	12	absent			-7.354194117						雙盲試驗	雙盲試驗	雙/盲/試驗	雙盲試驗	False	True	1		phrase.biotech-pharma.tsv	113	
雙聲詞	ㄕㄨㄤ ㄕㄥ ㄘˊ	中文	1	10	absent			-7.354194117						雙生詞	雙聲詞	雙/生/詞	雙聲詞	True	True	1		phrase.chinese.tsv	156	
雙葉杏	ㄕㄨㄤ ㄧㄝˋ ㄒㄧㄥˋ	動漫	1	9	absent			-7.354194117						雙業性	雙葉杏	雙/業/性	雙葉杏	True	True	1		phrase.anime.tsv	2317	
雙葉理央	ㄕㄨㄤ ㄧㄝˋ ㄌㄧˇ ㄧㄤ	動漫	1	13	absent			-7.354194117						雙夜裡央	雙葉理央	雙/夜裡/央	雙葉理央	True	True	1		phrase.anime.tsv	2318	
雙語	ㄕㄨㄤ ㄩˇ	教育	1	15	absent			-7.354194117						雙語	雙語	雙/語	雙/語	False	True	1		phrase.education.tsv	112	
雙重重大性	ㄕㄨㄤ ㄔㄨㄥˊ ㄓㄨㄥˋ ㄉㄚˋ ㄒㄧㄥˋ	商業	1	4	absent			-7.354194117						雙重重大性	雙重重大性	雙重/重大/性	雙重重大性	False	True	1		phrase.business.tsv	179	
雛鶴愛	ㄔㄨˊ ㄏㄜˋ ㄞˋ	動漫	1	15	absent			-7.354194117						除和愛	雛鶴愛	除/和/愛	雛鶴愛	True	True	1		phrase.anime.tsv	2319	
雜訊分析	ㄗㄚˊ ㄒㄩㄣˋ ㄈㄣ ㄒㄧ	電子電機	1	19	absent			-7.354194117		雜訊/分析	2.711927498	雜訊/分析	2.711927498	雜訊分析	雜訊分析	雜訊/分析	雜訊/分析	False	True	1		phrase.electronics.tsv	192	
離子交換	ㄌㄧˊ ㄗˇ ㄐㄧㄠ ㄏㄨㄢˋ	材料化工	1	10	absent			-7.354194117		離子/交換	2.560096623	離子/交換	2.560096623	離子交換	離子交換	離子/交換	離子/交換	False	True	1		phrase.materials-chemistry.tsv	124	
離子佈植	ㄌㄧˊ ㄗˇ ㄅㄨˋ ㄓˊ	晶片半導體	1	10	absent			-7.354194117		離子/不值	3.537820229	離子/不值	3.537820229	離子不值	離子佈植	離子/不值	離子佈植	True	True	1		phrase.semiconductor.tsv	171	
離子佈植機	ㄌㄧˊ ㄗˇ ㄅㄨˋ ㄓˊ ㄐㄧ	晶片半導體	1	12	absent			-7.354194117						離子不值機	離子佈植機	離子/不值/機	離子佈植機	True	True	1		phrase.semiconductor.tsv	172	
離岸風電	ㄌㄧˊ ㄢˋ ㄈㄥ ㄉㄧㄢˋ	環境能源	1	11	absent			-7.354194117						離岸風電	離岸風電	離岸/風/電	離岸風電	False	True	1		phrase.energy-environment.tsv	140	
離峰負載	ㄌㄧˊ ㄈㄥ ㄈㄨˋ ㄗㄞˇ	環境能源	1	12	absent			-7.354194117						離峰負載	離峰負載	離/峰/負載	離峰負載	False	True	1		phrase.energy-environment.tsv	141	
離群值處理	ㄌㄧˊ ㄑㄩㄣˊ ㄓˊ ㄔㄨˇ ㄌㄧˇ	AI資料科學	1	4	absent			-7.354194117						離群值處理	離群值處理	離群/值/處理	離群值處理	False	True	1		phrase.ai-data-science.tsv	164	
雨和雪	ㄩˇ ㄏㄜˊ ㄒㄩㄝˇ	動漫	1	21	absent			-7.354194117						與和雪	雨和雪	與/和/雪	雨和雪	True	True	1		phrase.anime.tsv	2320	
雨水下水道	ㄩˇ ㄕㄨㄟˇ ㄒㄧㄚˋ ㄕㄨㄟˇ ㄉㄠˋ	建築土木	1	3	absent			-7.354194117		雨水/下水道	3.389793046	雨水/下水道	3.389793046	雨水下水道	雨水下水道	雨水/下水道	雨水/下水道	False	True	1		phrase.civil-engineering.tsv	219	
雨流美彌音	ㄩˇ ㄌㄧㄡˊ ㄇㄟˇ ㄇㄧˊ ㄧㄣ	動漫	1	15	absent			-7.354194117						與留美迷因	雨流美彌音	與/留美/迷/因	雨流美彌音	True	True	1		phrase.anime.tsv	2321	
雪之下雪乃	ㄒㄩㄝˇ ㄓ ㄒㄧㄚˋ ㄒㄩㄝˇ ㄋㄞˇ	動漫	1	17	absent			-7.354194117						雪之下雪乃	雪之下雪乃	雪/之/下雪/乃	雪之下雪乃	False	True	1		phrase.anime.tsv	2322	
雪女冰麗	ㄒㄩㄝˇ ㄋㄩˇ ㄅㄧㄥ ㄌㄧˋ	動漫	1	15	absent			-7.354194117						雪女兵力	雪女冰麗	雪/女/兵力	雪女冰麗	True	True	1		phrase.anime.tsv	2323	
雪姬	ㄒㄩㄝˇ ㄐㄧ	動漫	1	21	absent			-7.354194117						雪機	雪機	雪/機	雪/機	False	False	1		phrase.anime.tsv	2324	
雪崩二極體	ㄒㄩㄝˇ ㄅㄥ ㄦˋ ㄐㄧˊ ㄊㄧˇ	電子電機	1	2	absent			-7.354194117		雪崩/二極體	6.399951608	雪崩/二極體	6.399951608	雪崩二極體	雪崩二極體	雪崩/二極體	雪崩/二極體	False	True	1		phrase.electronics.tsv	193	
雪次	ㄒㄩㄝˇ ㄘˋ	動漫	1	13	absent			-7.354194117						雪次	雪次	雪/次	雪/次	False	True	1		phrase.anime.tsv	2325	
雲端服務	ㄩㄣˊ ㄉㄨㄢ ㄈㄨˊ ㄨˋ	一般	1	20	absent			-7.354194117		雲端/服務	1.569694507	雲端/服務	1.569694507	雲端服務	雲端服務	雲端/服務	雲端/服務	False	True	1		phrase.general.tsv	168	
雲端環境	ㄩㄣˊ ㄉㄨㄢ ㄏㄨㄢˊ ㄐㄧㄥˋ	網路資安	1	12	absent			-7.354194117		雲端/環境	1.563093921	雲端/環境	1.563093921	雲端環境	雲端環境	雲端/環境	雲端/環境	False	True	1		phrase.network-security.tsv	170	
雲雀恭彌	ㄩㄣˊ ㄑㄩㄝˋ ㄍㄨㄥ ㄇㄧˊ	動漫	1	12	absent			-7.354194117						雲雀公迷	雲雀恭彌	雲雀/公/迷	雲雀恭彌	True	True	1		phrase.anime.tsv	2326	
零之使魔	ㄌㄧㄥˊ ㄓ ㄕˇ ㄇㄛˊ	動漫	1	22	absent			-7.354194117						零之使模	零之使魔	零/之/使/模	零之使魔	True	True	1		phrase.anime.tsv	2327	
零信任	ㄌㄧㄥˊ ㄒㄧㄣˋ ㄖㄣˋ	一般	1	13	absent			-7.354194117						零信任	零信任	零/信任	零/信任	False	True	1		phrase.general.tsv	171	
零信任架構	ㄌㄧㄥˊ ㄒㄧㄣˋ ㄖㄣˋ ㄐㄧㄚˋ ㄍㄡˋ	網路資安	1	3	absent			-7.354194117						零信任架構	零信任架構	零/信任/架構	零信任架構	False	True	1		phrase.network-security.tsv	171	
雷伊	ㄌㄟˊ ㄧ	動漫	1	12	absent			-7.354194117						雷一	雷一	雷/一	雷/一	False	False	1		phrase.anime.tsv	2328	
雷姆	ㄌㄟˊ ㄇㄨˇ	動漫	1	18	absent			-7.354194117						雷母	雷姆	雷/母	雷姆	True	True	1		phrase.anime.tsv	2329	
雷射加工	ㄌㄟˊ ㄕㄜˋ ㄐㄧㄚ ㄍㄨㄥ	製造機械	1	10	absent			-7.354194117		雷射/加工	2.683558688	雷射/加工	2.683558688	雷射加工	雷射加工	雷射/加工	雷射/加工	False	True	1		phrase.manufacturing.tsv	140	
雷恩	ㄌㄟˊ ㄣ	動漫	1	12	absent			-7.354194117						雷恩	雷恩	雷/恩	雷恩	False	True	1		phrase.anime.tsv	2330	
雷斯	ㄌㄟˊ ㄙ	動漫	1	14	absent			-7.354194117						雷司	雷斯	雷/司	雷斯	True	True	1		phrase.anime.tsv	2331	
雷查夫	ㄌㄟˊ ㄔㄚˊ ㄈㄨ	動漫	1	19	absent			-7.354194117						擂茶不	雷查夫	擂茶/不	雷查夫	True	True	1		phrase.anime.tsv	2332	
雷格	ㄌㄟˊ ㄍㄜˊ	動漫	1	17	absent			-7.354194117						雷格	雷格	雷/格	雷格	False	True	1		phrase.anime.tsv	2333	
雷歐力	ㄌㄟˊ ㄡ ㄌㄧˋ	動漫	1	16	absent			-7.354194117						雷歐力	雷歐力	雷/歐/力	雷歐力	False	True	1		phrase.anime.tsv	2334	
雷歐奈	ㄌㄟˊ ㄡ ㄋㄞˋ	動漫	1	12	absent			-7.354194117						雷歐耐	雷歐奈	雷/歐/耐	雷歐奈	True	True	1		phrase.anime.tsv	2335	
雷阿斯	ㄌㄟˊ ㄚ ㄙ	動漫	1	19	absent			-7.354194117						雷阿司	雷阿斯	雷/阿/司	雷阿斯	True	True	1		phrase.anime.tsv	2336	
雷魯根	ㄌㄟˊ ㄌㄨˇ ㄍㄣ	動漫	1	14	absent			-7.354194117						雷魯跟	雷魯根	雷/魯/跟	雷魯根	True	True	1		phrase.anime.tsv	2337	
電力市場	ㄉㄧㄢˋ ㄌㄧˋ ㄕˋ ㄔㄤˇ	環境能源	1	11	absent			-7.354194117		電力/市場	1.035549885	電力/市場	1.035549885	電力市場	電力市場	電力/市場	電力/市場	False	True	1		phrase.energy-environment.tsv	142	
電勢能	ㄉㄧㄢˋ ㄕˋ ㄋㄥˊ	科學	1	13	absent			-7.354194117						電視能	電視能	電視/能	電視/能	False	False	1		phrase.science.tsv	84	
電壓調整	ㄉㄧㄢˋ ㄧㄚ ㄊㄧㄠˊ ㄓㄥˇ	環境能源	1	10	absent			-7.354194117		電壓/調整	2.421608749	電壓/調整	2.421608749	電壓調整	電壓調整	電壓/調整	電壓/調整	False	True	1		phrase.energy-environment.tsv	143	
電子束焊	ㄉㄧㄢˋ ㄗˇ ㄕㄨˋ ㄏㄢˋ	製造機械	1	9	absent			-7.354194117						電子束焊	電子束焊	電子束/焊	電子束/焊	False	True	1		phrase.manufacturing.tsv	141	
電子遷移率	ㄉㄧㄢˋ ㄗˇ ㄑㄧㄢ ㄧˊ ㄌㄩˋ	晶片半導體	1	5	absent			-7.354194117						電子遷移率	電子遷移率	電子/遷移/率	電子遷移率	False	True	1		phrase.semiconductor.tsv	173	
電性分析	ㄉㄧㄢˋ ㄒㄧㄥˋ ㄈㄣ ㄒㄧ	材料化工	1	16	absent			-7.354194117						電性分析	電性分析	電/性/分析	電性分析	False	True	1		phrase.materials-chemistry.tsv	126	
電池儲能	ㄉㄧㄢˋ ㄔˊ ㄔㄨˇ ㄋㄥˊ	環境能源	1	11	absent			-7.354194117						電池處能	電池儲能	電池/處/能	電池儲能	True	True	1		phrase.energy-environment.tsv	144	
電池材料	ㄉㄧㄢˋ ㄔˊ ㄘㄞˊ ㄌㄧㄠˋ	材料化工	1	13	absent			-7.354194117		電池/材料	1.847624149	電池/材料	1.847624149	電池材料	電池材料	電池/材料	電池/材料	False	True	1		phrase.materials-chemistry.tsv	127	
電池熱分析	ㄉㄧㄢˋ ㄔˊ ㄖㄜˋ ㄈㄣ ㄒㄧ	電子電機	1	5	absent			-7.354194117						電池熱分析	電池熱分析	電池/熱/分析	電池熱分析	False	True	1		phrase.electronics.tsv	197	
電源熱分析	ㄉㄧㄢˋ ㄩㄢˊ ㄖㄜˋ ㄈㄣ ㄒㄧ	電子電機	1	4	absent			-7.354194117						店員熱分析	電源熱分析	店員/熱/分析	電源熱分析	True	True	1		phrase.electronics.tsv	199	
電漿物理	ㄉㄧㄢˋ ㄐㄧㄤ ㄨˋ ㄌㄧˇ	科學	1	13	absent			-7.354194117						電將物理	電漿物理	電/將/物理	電漿物理	True	True	1		phrase.science.tsv	85	
電生理檢查	ㄉㄧㄢˋ ㄕㄥ ㄌㄧˇ ㄐㄧㄢˇ ㄔㄚˊ	醫學	1	5	absent			-7.354194117						電生理檢查	電生理檢查	電/生理/檢查	電生理檢查	False	True	1		phrase.medicine.tsv	249	
電磁接觸器	ㄉㄧㄢˋ ㄘˊ ㄐㄧㄝ ㄔㄨˋ ㄑㄧˋ	電子電機	1	3	absent			-7.354194117						電磁接觸器	電磁接觸器	電磁/接觸/器	電磁接觸器	False	True	1		phrase.electronics.tsv	200	
電腦斷層	ㄉㄧㄢˋ ㄋㄠˇ ㄉㄨㄢˋ ㄘㄥˊ	醫學	1	15	absent			-7.354194117		電腦/斷層	1.573879686	電腦/斷層	1.573879686	電腦斷層	電腦斷層	電腦/斷層	電腦/斷層	False	True	1		phrase.medicine.tsv	251	
電腦視覺	ㄉㄧㄢˋ ㄋㄠˇ ㄕˋ ㄐㄩㄝˊ	一般	1	10	absent			-7.354194117		電腦/視覺	1.038196918	電腦/視覺	1.038196918	電腦視覺	電腦視覺	電腦/視覺	電腦/視覺	False	True	1		phrase.general.tsv	175	
電路板校正	ㄉㄧㄢˋ ㄌㄨˋ ㄅㄢˇ ㄐㄧㄠˋ ㄓㄥˋ	電子電機	1	2	absent			-7.354194117		電路板/校正	4.678415776	電路板/校正	4.678415776	電路板校正	電路板校正	電路板/校正	電路板/校正	False	True	1		phrase.electronics.tsv	203	
電路板模擬	ㄉㄧㄢˋ ㄌㄨˋ ㄅㄢˇ ㄇㄛˊ ㄋㄧˇ	電子電機	1	3	absent			-7.354194117		電路板/模擬	3.98386611	電路板/模擬	3.98386611	電路板模擬	電路板模擬	電路板/模擬	電路板/模擬	False	True	1		phrase.electronics.tsv	204	
電路板設計	ㄉㄧㄢˋ ㄌㄨˋ ㄅㄢˇ ㄕㄜˋ ㄐㄧˋ	電子電機	1	5	absent			-7.354194117		電路板/設計	2.888870762	電路板/設計	2.888870762	電路板設計	電路板設計	電路板/設計	電路板/設計	False	True	1		phrase.electronics.tsv	205	
電路板量測	ㄉㄧㄢˋ ㄌㄨˋ ㄅㄢˇ ㄌㄧㄤˊ ㄘㄜˋ	電子電機	1	2	absent			-7.354194117		電路板/量測	4.769862893	電路板/量測	4.769862893	電路板量測	電路板量測	電路板/量測	電路板/量測	False	True	1		phrase.electronics.tsv	206	
電路板除錯	ㄉㄧㄢˋ ㄌㄨˋ ㄅㄢˇ ㄔㄨˊ ㄘㄨㄛˋ	電子電機	1	2	absent			-7.354194117		電路板/除錯	5.462099515	電路板/除錯	5.462099515	電路板除錯	電路板除錯	電路板/除錯	電路板/除錯	False	True	1		phrase.electronics.tsv	207	
電路板驗證	ㄉㄧㄢˋ ㄌㄨˋ ㄅㄢˇ ㄧㄢˋ ㄓㄥˋ	電子電機	1	2	absent			-7.354194117		電路板/驗證	4.297289266	電路板/驗證	4.297289266	電路板驗證	電路板驗證	電路板/驗證	電路板/驗證	False	True	1		phrase.electronics.tsv	208	
電路比對	ㄉㄧㄢˋ ㄌㄨˋ ㄅㄧˇ ㄉㄨㄟˋ	晶片半導體	1	10	absent			-7.354194117		電路/比對	3.151733047	電路/比對	3.151733047	電路比對	電路比對	電路/比對	電路/比對	False	True	1		phrase.semiconductor.tsv	176	
電阻率	ㄉㄧㄢˋ ㄗㄨˇ ㄌㄩˋ	科學	1	10	absent			-7.354194117						電阻率	電阻率	電阻/率	電阻/率	False	True	1		phrase.science.tsv	86	
需求反應	ㄒㄩ ㄑㄧㄡˊ ㄈㄢˇ ㄧㄥˋ	環境能源	1	12	absent			-7.354194117		需求/反應	0.846019251	需求/反應	0.846019251	需求反應	需求反應	需求/反應	需求/反應	False	True	1		phrase.energy-environment.tsv	145	
需求預測	ㄒㄩ ㄑㄧㄡˊ ㄩˋ ㄘㄜˋ	交通物流	1	13	absent			-7.354194117		需求/預測	1.267385273	需求/預測	1.267385273	需求預測	需求預測	需求/預測	需求/預測	False	True	1		phrase.transport-logistics.tsv	104	
霍爾感測器	ㄏㄨㄛˋ ㄦˇ ㄍㄢˇ ㄘㄜˋ ㄑㄧˋ	電子電機	1	2	absent			-7.354194117		霍爾/感測器	5.057528927	霍爾/感測器	5.057528927	霍爾感測器	霍爾感測器	霍爾/感測器	霍爾/感測器	False	True	1		phrase.electronics.tsv	209	
霍蘭德	ㄏㄨㄛˋ ㄌㄢˊ ㄉㄜˊ	動漫	1	12	absent			-7.354194117						或蘭得	霍蘭德	或/蘭/得	霍蘭德	True	True	1		phrase.anime.tsv	2339	
霍金	ㄏㄨㄛˋ ㄐㄧㄣ	人名-歷史	1	11	0			-7.354194117						或今	或今	或/今	或/今	False	False	1		phrase.people-history.tsv	156	
霍金斯	ㄏㄨㄛˋ ㄐㄧㄣ ㄙ	動漫	1	17	absent			-7.354194117						或金絲	霍金斯	或/金絲	霍金斯	True	True	1		phrase.anime.tsv	2340	
霧子	ㄨˋ ㄗ˙	動漫	1	13	absent			-7.354194117						勿子	勿子	勿/子	勿/子	False	False	1		phrase.anime.tsv	2341	
霧島佳乃	ㄨˋ ㄉㄠˇ ㄐㄧㄚ ㄋㄞˇ	動漫	1	13	absent			-7.354194117						誤導家乃	霧島佳乃	誤導/家/乃	霧島佳乃	True	True	1		phrase.anime.tsv	2342	
霧島翔子	ㄨˋ ㄉㄠˇ ㄒㄧㄤˊ ㄗ˙	動漫	1	10	absent			-7.354194117						誤導祥子	霧島翔子	誤導/祥/子	霧島翔子	True	True	1		phrase.anime.tsv	2343	
霧嶋董香	ㄨˋ ㄉㄠˇ ㄉㄨㄥˇ ㄒㄧㄤ	動漫	1	18	absent			-7.354194117						誤導懂相	霧嶋董香	誤導/懂/相	霧嶋董香	True	True	1		phrase.anime.tsv	2344	
霧澤風子	ㄨˋ ㄗㄜˊ ㄈㄥ ㄗ˙	動漫	1	13	absent			-7.354194117						勿則瘋子	霧澤風子	勿/則/瘋子	霧澤風子	True	True	1		phrase.anime.tsv	2345	
霧社事件	ㄨˋ ㄕㄜˋ ㄕˋ ㄐㄧㄢˋ	歷史	1	10	absent			-7.354194117		霧社/事件	2.53171874	霧社/事件	2.53171874	霧社事件	霧社事件	霧社/事件	霧社/事件	False	True	1		phrase.history.tsv	178	
露崎真晝	ㄌㄨˋ ㄑㄧˊ ㄓㄣ ㄓㄡˋ	動漫	1	11	absent			-7.354194117						路其真宙	露崎真晝	路/其/真/宙	露崎真晝	True	True	1		phrase.anime.tsv	2346	
露易絲	ㄌㄨˋ ㄧˋ ㄙ	動漫	1	20	absent	路易斯	-6.011771437	-7.354194117	-1.342422681			路易斯	-1.342422681	路易斯	路易斯	路易斯	路易斯	False	False	2	路易斯	phrase.anime.tsv	2347	
露比	ㄌㄨˋ ㄅㄧˇ	動漫	1	18	absent			-7.354194117						路比	路比	路/比	路/比	False	False	1		phrase.anime.tsv	2348	
露維亞	ㄌㄨˋ ㄨㄟˊ ㄧㄚˇ	動漫	1	10	absent			-7.354194117						路為亞	露維亞	路/為/亞	露維亞	True	True	1		phrase.anime.tsv	2350	
露西	ㄌㄨˋ ㄒㄧ	動漫	1	20	absent			-7.354194117						路西	路西	路/西	路/西	False	False	1		phrase.anime.tsv	2351	
霹靂卡	ㄆㄧ ㄌㄧˋ ㄎㄚˇ	動漫	1	13	absent			-7.354194117						霹靂卡	霹靂卡	霹靂/卡	霹靂卡	False	True	1		phrase.anime.tsv	2353	
靈丸	ㄌㄧㄥˊ ㄨㄢˊ	動漫	1	13	absent			-7.354194117						零完	零完	零/完	零/完	False	False	1		phrase.anime.tsv	2354	
靈幻新隆	ㄌㄧㄥˊ ㄏㄨㄢˋ ㄒㄧㄣ ㄌㄨㄥˊ	動漫	1	19	absent			-7.354194117						零換新龍	靈幻新隆	零/換新/龍	靈幻新隆	True	True	1		phrase.anime.tsv	2355	
靈魂共鳴	ㄌㄧㄥˊ ㄏㄨㄣˊ ㄍㄨㄥˋ ㄇㄧㄥˊ	動漫	1	11	absent			-7.354194117		靈魂/共鳴	2.658887595	靈魂/共鳴	2.658887595	靈魂共鳴	靈魂共鳴	靈魂/共鳴	靈魂共鳴	False	True	1		phrase.anime.tsv	2357	
青之壬生浪	ㄑㄧㄥ ㄓ ㄖㄣˊ ㄕㄥ ㄌㄤˋ	動漫	1	18	absent			-7.354194117						清之人聲浪	青之壬生浪	清/之/人/聲浪	青之壬生浪	True	True	1		phrase.anime.tsv	2358	
青之箱	ㄑㄧㄥ ㄓ ㄒㄧㄤ	動漫	1	22	absent			-7.354194117						清之相	青之箱	清/之/相	青之箱	True	True	1		phrase.anime.tsv	2359	
青之驅魔師	ㄑㄧㄥ ㄓ ㄑㄩ ㄇㄛˊ ㄕ	動漫	1	20	absent			-7.354194117						清之區無師	青之驅魔師	清/之/區/無/師	青之驅魔師	True	True	1		phrase.anime.tsv	2360	
青峰大輝	ㄑㄧㄥ ㄈㄥ ㄉㄚˋ ㄏㄨㄟ	動漫	1	12	absent			-7.354194117						清風大揮	青峰大輝	清風/大/揮	青峰大輝	True	True	1		phrase.anime.tsv	2361	
青嵐	ㄑㄧㄥ ㄌㄢˊ	動漫	1	13	absent			-7.354194117						清蘭	清蘭	清/蘭	清/蘭	False	False	1		phrase.anime.tsv	2362	
青春之旅	ㄑㄧㄥ ㄔㄨㄣ ㄓ ㄌㄩˇ	動漫	1	21	absent			-7.354194117						青春之旅	青春之旅	青春/之/旅	青春之旅	False	True	1		phrase.anime.tsv	2364	
青春紀行	ㄑㄧㄥ ㄔㄨㄣ ㄐㄧˋ ㄒㄧㄥˊ	動漫	1	20	absent			-7.354194117		青春/紀行	4.214315031	青春/紀行	4.214315031	青春計行	青春紀行	青春/計/行	青春紀行	True	True	1		phrase.anime.tsv	2366	
青木勝	ㄑㄧㄥ ㄇㄨˋ ㄕㄥˋ	動漫	1	11	absent			-7.354194117						清目聖	青木勝	清/目/聖	青木勝	True	True	1		phrase.anime.tsv	2367	
青田坊	ㄑㄧㄥ ㄊㄧㄢˊ ㄈㄤ	動漫	1	14	absent			-7.354194117						清甜方	青田坊	清甜/方	青田坊	True	True	1		phrase.anime.tsv	2368	
靜電集塵器	ㄐㄧㄥˋ ㄉㄧㄢˋ ㄐㄧˊ ㄔㄣˊ ㄑㄧˋ	環境能源	1	3	absent			-7.354194117						竟電及陳氣	靜電集塵器	竟/電/及/陳/氣	靜電集塵器	True	True	1		phrase.energy-environment.tsv	146	
靜香	ㄐㄧㄥˋ ㄒㄧㄤ	動漫	1	19	absent	競相|敬香|鏡箱	-5.576042867	-7.354194117	-1.77815125			競相	-1.77815125	競相	競相	競相	競相	False	False	4	敬香|競相|鏡箱	phrase.anime.tsv	2369	
非主謂句	ㄈㄟ ㄓㄨˇ ㄨㄟˋ ㄐㄩˋ	中文	1	12	absent			-7.354194117						非主畏懼	非主謂句	非/主/畏懼	非主謂句	True	True	1		phrase.chinese.tsv	157	
非侵入性	ㄈㄟ ㄑㄧㄣ ㄖㄨˋ ㄒㄧㄥˋ	醫學	1	11	absent			-7.354194117						非侵入性	非侵入性	非/侵入/性	非侵入性	False	True	1		phrase.medicine.tsv	254	
非保守力	ㄈㄟ ㄅㄠˇ ㄕㄡˇ ㄌㄧˋ	科學	1	12	absent			-7.354194117						非保守力	非保守力	非/保守/力	非保守力	False	True	1		phrase.science.tsv	87	
非劣性試驗	ㄈㄟ ㄌㄧㄝˋ ㄒㄧㄥˋ ㄕˋ ㄧㄢˋ	生技藥學	1	5	absent			-7.354194117						非劣性試驗	非劣性試驗	非/劣/性/試驗	非劣性試驗	False	True	1		phrase.biotech-pharma.tsv	114	
非對稱	ㄈㄟ ㄉㄨㄟˋ ㄔㄣˋ	媒體設計	1	12	absent			-7.354194117						非對稱	非對稱	非/對稱	非/對稱	False	True	1		phrase.media-design.tsv	92	
非對稱式	ㄈㄟ ㄉㄨㄟˋ ㄔㄣˋ ㄕˋ	網路資安	1	12	absent			-7.354194117						非對稱是	非對稱式	非/對稱/是	非對稱式	True	True	1		phrase.network-security.tsv	173	
非揮發性	ㄈㄟ ㄏㄨㄟ ㄈㄚ ㄒㄧㄥˋ	晶片半導體	1	12	absent			-7.354194117						非揮發性	非揮發性	非/揮發性	非/揮發性	False	True	1		phrase.semiconductor.tsv	179	
非正式控制	ㄈㄟ ㄓㄥˋ ㄕˋ ㄎㄨㄥˋ ㄓˋ	心理社會	1	4	absent			-7.354194117		非正式/控制	2.3071725	非正式/控制	2.3071725	非正式控制	非正式控制	非正式/控制	非正式/控制	False	True	1		phrase.psychology-society.tsv	91	
非流動負債	ㄈㄟ ㄌㄧㄡˊ ㄉㄨㄥˋ ㄈㄨˋ ㄓㄞˋ	財會金融	1	5	absent			-7.354194117						非流動負債	非流動負債	非/流動/負債	非流動負債	False	True	1		phrase.finance.tsv	165	
非流動資產	ㄈㄟ ㄌㄧㄡˊ ㄉㄨㄥˋ ㄗ ㄔㄢˇ	財會金融	1	5	absent			-7.354194117						非流動資產	非流動資產	非/流動/資產	非流動資產	False	True	1		phrase.finance.tsv	166	
非營利會計	ㄈㄟ ㄧㄥˊ ㄌㄧˋ ㄎㄨㄞˋ ㄐㄧˋ	財會金融	1	5	absent			-7.354194117						非營利會計	非營利會計	非/營利/會計	非營利會計	False	True	1		phrase.finance.tsv	167	
非監督式	ㄈㄟ ㄐㄧㄢ ㄉㄨ ㄕˋ	AI資料科學	1	12	absent			-7.354194117						非監督是	非監督式	非/監督/是	非監督式	True	True	1		phrase.ai-data-science.tsv	165	
非破壞檢測	ㄈㄟ ㄆㄛˋ ㄏㄨㄞˋ ㄐㄧㄢˇ ㄘㄜˋ	製造機械	1	5	absent			-7.354194117						非破壞檢測	非破壞檢測	非/破壞/檢測	非破壞檢測	False	True	1		phrase.manufacturing.tsv	143	
非系統風險	ㄈㄟ ㄒㄧˋ ㄊㄨㄥˇ ㄈㄥ ㄒㄧㄢˇ	財會金融	1	5	absent			-7.354194117						非系統風險	非系統風險	非/系統/風險	非系統風險	False	True	1		phrase.finance.tsv	168	
非結構化	ㄈㄟ ㄐㄧㄝˊ ㄍㄡˋ ㄏㄨㄚˋ	AI資料科學	1	13	absent			-7.354194117						非結構化	非結構化	非/結構化	非/結構化	False	True	1		phrase.ai-data-science.tsv	166	
非線性剪輯	ㄈㄟ ㄒㄧㄢˋ ㄒㄧㄥˋ ㄐㄧㄢˇ ㄐㄧˊ	媒體設計	1	5	absent			-7.354194117						非線性剪輯	非線性剪輯	非/線性/剪輯	非線性剪輯	False	True	1		phrase.media-design.tsv	93	
非線性規劃	ㄈㄟ ㄒㄧㄢˋ ㄒㄧㄥˋ ㄍㄨㄟ ㄏㄨㄚˋ	工業工程	1	6	absent			-7.354194117						非線性規劃	非線性規劃	非/線性規劃	非/線性規劃	False	True	1		phrase.industrial-engineering.tsv	102	
非選擇性	ㄈㄟ ㄒㄩㄢˇ ㄗㄜˊ ㄒㄧㄥˋ	環境能源	1	11	absent			-7.354194117						非選擇性	非選擇性	非/選擇性	非/選擇性	False	True	1		phrase.energy-environment.tsv	147	
非預期損失	ㄈㄟ ㄩˋ ㄑㄧˊ ㄙㄨㄣˇ ㄕ	財會金融	1	5	absent			-7.354194117						非預期損失	非預期損失	非/預期/損失	非預期損失	False	True	1		phrase.finance.tsv	169	
面堂終太郎	ㄇㄧㄢˋ ㄊㄤˊ ㄓㄨㄥ ㄊㄞˋ ㄌㄤˊ	動漫	1	15	absent			-7.354194117						麵堂中太郎	面堂終太郎	麵/堂/中/太郎	面堂終太郎	True	True	1		phrase.anime.tsv	2370	
韓國瑜	ㄏㄢˊ ㄍㄨㄛˊ ㄩˊ	人名-當代	1	13	0			-7.354194117						韓國於	韓國於	韓國/於	韓國/於	False	False	1		phrase.people-contemporary.tsv	52	
韓大偉	ㄏㄢˊ ㄉㄚˋ ㄨㄟˇ	動漫	1	15	absent			-7.354194117						含大偉	韓大偉	含/大/偉	韓大偉	True	True	1		phrase.anime.tsv	2373	
音無結弦	ㄧㄣ ㄨˊ ㄐㄧㄝˊ ㄒㄧㄢˊ	動漫	1	21	absent			-7.354194117						因無結嫌	音無結弦	因/無/結/嫌	音無結弦	True	True	1		phrase.anime.tsv	2374	
音無響子	ㄧㄣ ㄨˊ ㄒㄧㄤˇ ㄗ˙	動漫	1	18	absent			-7.354194117						因無想子	音無響子	因/無/想/子	音無響子	True	True	1		phrase.anime.tsv	2375	
音系學	ㄧㄣ ㄒㄧˋ ㄒㄩㄝˊ	中文	1	12	absent			-7.354194117						因系學	音系學	因/系/學	音系學	True	True	1		phrase.chinese.tsv	159	
音訊降噪	ㄧㄣ ㄒㄩㄣˋ ㄐㄧㄤˋ ㄗㄠˋ	媒體設計	1	10	absent			-7.354194117						音訊降噪	音訊降噪	音訊/降/噪	音訊降噪	False	True	1		phrase.media-design.tsv	94	
音速索尼克	ㄧㄣ ㄙㄨˋ ㄙㄨㄛˇ ㄋㄧˊ ㄎㄜˋ	動漫	1	17	absent			-7.354194117						因素所尼克	音速索尼克	因素/所/尼克	音速索尼克	True	True	1		phrase.anime.tsv	2376	
韻圖	ㄩㄣˋ ㄊㄨˊ	中文	1	11	absent			-7.354194117						運圖	運圖	運/圖	運/圖	False	False	1		phrase.chinese.tsv	160	
響良牙	ㄒㄧㄤˇ ㄌㄧㄤˊ ㄧㄚˊ	動漫	1	17	absent			-7.354194117						想量牙	響良牙	想/量/牙	響良牙	True	True	1		phrase.anime.tsv	2377	
響裕太	ㄒㄧㄤˇ ㄩˋ ㄊㄞˋ	動漫	1	18	absent			-7.354194117						想愈太	響裕太	想/愈/太	響裕太	True	True	1		phrase.anime.tsv	2378	
頂真	ㄉㄧㄥˇ ㄓㄣ	中文	1	11	absent	頂針	-7.053164122	-7.354194117	-0.301029996			頂針	-0.301029996	頂真	頂真	頂/真	頂/真	False	True	2	頂針	phrase.chinese.tsv	161	
順向式	ㄕㄨㄣˋ ㄒㄧㄤˋ ㄕˋ	電子電機	1	12	absent			-7.354194117						順像是	順像是	順/像是	順/像是	False	False	1		phrase.electronics.tsv	210	
須之宮	ㄒㄩ ㄓ ㄍㄨㄥ	動漫	1	11	absent			-7.354194117						須之公	須之宮	須/之/公	須之宮	True	True	1		phrase.anime.tsv	2379	
須和弘人	ㄒㄩ ㄏㄜˊ ㄏㄨㄥˊ ㄖㄣˊ	動漫	1	14	absent			-7.354194117						須和紅人	須和弘人	須/和/紅/人	須和弘人	True	True	1		phrase.anime.tsv	2380	
須王環	ㄒㄩ ㄨㄤˊ ㄏㄨㄢˊ	動漫	1	18	absent			-7.354194117						須王環	須王環	須/王/環	須王環	False	True	1		phrase.anime.tsv	2381	
須賀圭介	ㄒㄩ ㄏㄜˋ ㄍㄨㄟ ㄐㄧㄝˋ	動漫	1	15	absent			-7.354194117						須和歸界	須賀圭介	須/和/歸/界	須賀圭介	True	True	1		phrase.anime.tsv	2382	
須鄉伸之	ㄒㄩ ㄒㄧㄤ ㄕㄣ ㄓ	動漫	1	10	absent			-7.354194117						須相深知	須鄉伸之	須/相/深知	須鄉伸之	True	True	1		phrase.anime.tsv	2383	
預備犯	ㄩˋ ㄅㄟˋ ㄈㄢˋ	法律	1	10	absent			-7.354194117						預備犯	預備犯	預備/犯	預備/犯	False	True	1		phrase.law.tsv	189	
預力	ㄩˋ ㄌㄧˋ	建築土木	1	12	absent	獄吏	-6.752134126	-7.354194117	-0.602059991			獄吏	-0.602059991	育力	育力	育/力	育/力	False	False	2	獄吏	phrase.civil-engineering.tsv	220	
預壓	ㄩˋ ㄧㄚ	建築土木	1	12	absent			-7.354194117						育壓	育壓	育/壓	育/壓	False	False	1		phrase.civil-engineering.tsv	221	
預測模型	ㄩˋ ㄘㄜˋ ㄇㄛˊ ㄒㄧㄥˊ	AI資料科學	1	15	absent			-7.354194117		預測/模型	2.075470232	預測/模型	2.075470232	預測模型	預測模型	預測/模型	預測/模型	False	True	1		phrase.ai-data-science.tsv	167	
預知保養	ㄩˋ ㄓ ㄅㄠˇ ㄧㄤˇ	製造機械	1	10	absent			-7.354194117		預知/保養	3.369216991	預知/保養	3.369216991	預知保養	預知保養	預知/保養	預知/保養	False	True	1		phrase.manufacturing.tsv	144	
預算案件	ㄩˋ ㄙㄨㄢˋ ㄢˋ ㄐㄧㄢˋ	公務員公文	1	8	absent			-7.354194117		預算/案件	1.123908726	預算/案件	1.123908726	預算案件	預算案件	預算案/件	預算案/件	False	True	1		phrase.government.tsv	79	
預算管理	ㄩˋ ㄙㄨㄢˋ ㄍㄨㄢˇ ㄌㄧˇ	財會金融	1	17	absent			-7.354194117		預算/管理	0.336184713	預算/管理	0.336184713	預算管理	預算管理	預算/管理	預算/管理	False	True	1		phrase.finance.tsv	171	
預防保養	ㄩˋ ㄈㄤˊ ㄅㄠˇ ㄧㄤˇ	製造機械	1	16	absent			-7.354194117		預防/保養	2.358032824	預防/保養	2.358032824	預防保養	預防保養	預防/保養	預防/保養	False	True	1		phrase.manufacturing.tsv	145	
領域展開	ㄌㄧㄥˇ ㄩˋ ㄓㄢˇ ㄎㄞ	動漫	1	16	absent			-7.354194117		領域/展開	1.0538987	領域/展開	1.0538987	領域展開	領域展開	領域/展開	領域展開	False	True	1		phrase.anime.tsv	2384	
頭文字迪	ㄊㄡˊ ㄨㄣˊ ㄗˋ ㄉㄧˊ	動漫	1	24	absent			-7.354194117						投文字的	頭文字迪	投/文字/的	頭文字迪	True	True	1		phrase.anime.tsv	2385	頭文字D
類似色	ㄌㄟˋ ㄙˋ ㄙㄜˋ	媒體設計	1	12	absent			-7.354194117						類似色	類似色	類似/色	類似/色	False	True	1		phrase.media-design.tsv	95	
類比熱分析	ㄌㄟˋ ㄅㄧˇ ㄖㄜˋ ㄈㄣ ㄒㄧ	電子電機	1	4	absent			-7.354194117						類比熱分析	類比熱分析	類比/熱/分析	類比熱分析	False	True	1		phrase.electronics.tsv	212	
類群	ㄌㄟˋ ㄑㄩㄣˊ	教育	1	10	absent			-7.354194117						類群	類群	類/群	類/群	False	True	1		phrase.education.tsv	114	
類風濕性	ㄌㄟˋ ㄈㄥ ㄕ ㄒㄧㄥˋ	醫學	1	12	absent	類風溼性	-6.877072863	-7.354194117	-0.477121255			類風溼性	-0.477121255	類風濕性	類風濕性	類/風濕性	類/風濕性	False	True	2	類風溼性	phrase.medicine.tsv	257	
顧客接觸點	ㄍㄨˋ ㄎㄜˋ ㄐㄧㄝ ㄔㄨˋ ㄉㄧㄢˇ	商業	1	4	absent			-7.354194117		顧客/接觸點	4.317565222	顧客/接觸點	4.317565222	顧客接觸點	顧客接觸點	顧客/接觸點	顧客/接觸點	False	True	1		phrase.business.tsv	182	
顧客滿意度	ㄍㄨˋ ㄎㄜˋ ㄇㄢˇ ㄧˋ ㄉㄨˋ	商業	1	4	absent			-7.354194117		顧客/滿意度	2.704781365	顧客/滿意度	2.704781365	顧客滿意度	顧客滿意度	顧客/滿意度	顧客/滿意度	False	True	1		phrase.business.tsv	183	
風之傷	ㄈㄥ ㄓ ㄕㄤ	動漫	1	15	absent			-7.354194117						風之商	風之傷	風/之/商	風之傷	True	True	1		phrase.anime.tsv	2386	
風早翔太	ㄈㄥ ㄗㄠˇ ㄒㄧㄤˊ ㄊㄞˋ	動漫	1	17	absent			-7.354194117						風早祥太	風早翔太	風/早/祥/太	風早翔太	True	True	1		phrase.anime.tsv	2388	
風祭監志	ㄈㄥ ㄐㄧˋ ㄐㄧㄢ ㄓˋ	動漫	1	14	absent			-7.354194117		風紀/監製	4.646623941	風紀/監製	4.646623941	風計監製	風祭監志	風/計/監製	風祭監志	True	True	1		phrase.anime.tsv	2389	
風見隼人	ㄈㄥ ㄐㄧㄢˋ ㄓㄨㄣˇ ㄖㄣˊ	動漫	1	19	absent			-7.354194117						封建準人	風見隼人	封建/準/人	風見隼人	True	True	1		phrase.anime.tsv	2390	
風起	ㄈㄥ ㄑㄧˇ	動漫	1	20	absent	封起|蜂起	-6.509096077	-7.354194117	-0.84509804			封起	-0.84509804	風起	風起	風/起	風/起	False	True	3	封起|蜂起	phrase.anime.tsv	2391	
風間徹	ㄈㄥ ㄐㄧㄢ ㄔㄜˋ	動漫	1	15	absent			-7.354194117						風間徹	風間徹	風/間/徹	風間徹	False	True	1		phrase.anime.tsv	2392	
風間蒼太	ㄈㄥ ㄐㄧㄢ ㄘㄤ ㄊㄞˋ	動漫	1	11	absent			-7.354194117						風間蒼太	風間蒼太	風/間/蒼/太	風間蒼太	False	True	1		phrase.anime.tsv	2393	
風險管理	ㄈㄥ ㄒㄧㄢˇ ㄍㄨㄢˇ ㄌㄧˇ	交通物流	1	14	absent			-7.354194117		風險/管理	0.908680207	風險/管理	0.908680207	風險管理	風險管理	風險/管理	風險/管理	False	True	1		phrase.transport-logistics.tsv	105	
風險評估	ㄈㄥ ㄒㄧㄢˇ ㄆㄧㄥˊ ㄍㄨ	商業	1	20	absent			-7.354194117		風險/評估	1.469909222	風險/評估	1.469909222	風險評估	風險評估	風險/評估	風險/評估	False	True	1		phrase.business.tsv	185	
飆速宅男	ㄅㄧㄠ ㄙㄨˋ ㄓㄞˊ ㄋㄢˊ	動漫	1	20	absent			-7.354194117						標速宅男	飆速宅男	標/速/宅男	飆速宅男	True	True	1		phrase.anime.tsv	2394	
飛吧	ㄈㄟ ㄅㄚ˙	動漫	1	15	absent			-7.354194117						非吧	非吧	非/吧	非/吧	False	False	1		phrase.anime.tsv	2395	
飛天御劍流	ㄈㄟ ㄊㄧㄢ ㄩˋ ㄐㄧㄢˋ ㄌㄧㄡˊ	動漫	1	14	absent			-7.354194117						非天遇見流	飛天御劍流	非/天/遇見/流	飛天御劍流	True	True	1		phrase.anime.tsv	2396	
飛影	ㄈㄟ ㄧㄥˇ	動漫	1	14	absent			-7.354194117						非影	非影	非/影	非/影	False	False	1		phrase.anime.tsv	2397	
飛白	ㄈㄟ ㄅㄞˊ	中文	1	12	absent			-7.354194117						非白	非白	非/白	非/白	False	False	1		phrase.chinese.tsv	162	
飛航情報區	ㄈㄟ ㄏㄤˊ ㄑㄧㄥˊ ㄅㄠˋ ㄑㄩ	交通物流	1	4	absent			-7.354194117						飛航情報區	飛航情報區	飛航/情報/區	飛航情報區	False	True	1		phrase.transport-logistics.tsv	106	
飛鳥了	ㄈㄟ ㄋㄧㄠˇ ㄌㄜ˙	動漫	1	15	absent			-7.354194117						飛鳥了	飛鳥了	飛鳥/了	飛鳥了	False	True	1		phrase.anime.tsv	2398	
飛鳥川千瀨	ㄈㄟ ㄋㄧㄠˇ ㄔㄨㄢ ㄑㄧㄢ ㄌㄞˋ	動漫	1	11	absent			-7.354194117						飛鳥穿千來	飛鳥川千瀨	飛鳥/穿/千/來	飛鳥川千瀨	True	True	1		phrase.anime.tsv	2399	
飛鳥桃子	ㄈㄟ ㄋㄧㄠˇ ㄊㄠˊ ㄗ˙	動漫	1	12	absent			-7.354194117		飛鳥/桃子	4.559009528	飛鳥/桃子	4.559009528	飛鳥桃子	飛鳥桃子	飛鳥/桃子	飛鳥桃子	False	True	1		phrase.anime.tsv	2400	
食品中毒	ㄕˊ ㄆㄧㄣˇ ㄓㄨㄥˋ ㄉㄨˊ	農業食品	1	17	absent			-7.354194117		食品/中毒	2.201661169	食品/中毒	2.201661169	食品中毒	食品中毒	食品/中毒	食品/中毒	False	True	1		phrase.agriculture-food.tsv	62	
食品保存	ㄕˊ ㄆㄧㄣˇ ㄅㄠˇ ㄘㄨㄣˊ	農業食品	1	16	absent			-7.354194117		食品/保存	1.476788214	食品/保存	1.476788214	食品保存	食品保存	食品/保存	食品/保存	False	True	1		phrase.agriculture-food.tsv	63	
食品加工	ㄕˊ ㄆㄧㄣˇ ㄐㄧㄚ ㄍㄨㄥ	農業食品	1	20	absent			-7.354194117		食品/加工	2.138609423	食品/加工	2.138609423	食品加工	食品加工	食品/加工	食品/加工	False	True	1		phrase.agriculture-food.tsv	64	
食品包裝	ㄕˊ ㄆㄧㄣˇ ㄅㄠ ㄓㄨㄤ	農業食品	1	15	absent			-7.354194117		食品/包裝	1.810101257	食品/包裝	1.810101257	食品包裝	食品包裝	食品/包裝	食品/包裝	False	True	1		phrase.agriculture-food.tsv	65	
食品化學	ㄕˊ ㄆㄧㄣˇ ㄏㄨㄚˋ ㄒㄩㄝˊ	農業食品	1	14	absent			-7.354194117		食品/化學	1.635542984	食品/化學	1.635542984	食品化學	食品化學	食品/化學	食品/化學	False	True	1		phrase.agriculture-food.tsv	66	
食品召回	ㄕˊ ㄆㄧㄣˇ ㄓㄠˋ ㄏㄨㄟˊ	農業食品	1	11	absent			-7.354194117		食品/召回	3.405781152	食品/召回	3.405781152	食品召回	食品召回	食品/召回	食品/召回	False	True	1		phrase.agriculture-food.tsv	67	
食品工程	ㄕˊ ㄆㄧㄣˇ ㄍㄨㄥ ㄔㄥˊ	農業食品	1	13	absent			-7.354194117		食品/工程	1.115932176	食品/工程	1.115932176	食品工程	食品工程	食品/工程	食品/工程	False	True	1		phrase.agriculture-food.tsv	68	
食品微生物	ㄕˊ ㄆㄧㄣˇ ㄨㄟˊ ㄕㄥ ㄨˋ	農業食品	1	4	absent			-7.354194117		食品/微生物	2.928659897	食品/微生物	2.928659897	食品微生物	食品微生物	食品/微生物	食品/微生物	False	True	1		phrase.agriculture-food.tsv	69	
食品科學	ㄕˊ ㄆㄧㄣˇ ㄎㄜ ㄒㄩㄝˊ	農業食品	1	18	absent			-7.354194117		食品/科學	1.0476876	食品/科學	1.0476876	食品科學	食品科學	食品/科學	食品/科學	False	True	1		phrase.agriculture-food.tsv	70	
食品追溯	ㄕˊ ㄆㄧㄣˇ ㄓㄨㄟ ㄙㄨˋ	農業食品	1	12	absent			-7.354194117		食品/追溯	2.571148545	食品/追溯	2.571148545	食品追溯	食品追溯	食品/追溯	食品/追溯	False	True	1		phrase.agriculture-food.tsv	71	
食品過敏原	ㄕˊ ㄆㄧㄣˇ ㄍㄨㄛˋ ㄇㄧㄣˇ ㄩㄢˊ	農業食品	1	4	absent			-7.354194117		食品/過敏原	3.639864358	食品/過敏原	3.639864358	食品過敏原	食品過敏原	食品/過敏原	食品/過敏原	False	True	1		phrase.agriculture-food.tsv	72	
食戟之靈	ㄕˊ ㄐㄧˇ ㄓ ㄌㄧㄥˊ	動漫	1	23	absent			-7.354194117						十幾之靈	食戟之靈	十幾/之/靈	食戟之靈	True	True	1		phrase.anime.tsv	2401	
食蜂操祈	ㄕˊ ㄈㄥ ㄘㄠ ㄑㄧˊ	動漫	1	13	absent			-7.354194117						時風操其	食蜂操祈	時/風/操/其	食蜂操祈	True	True	1		phrase.anime.tsv	2402	
飯嶋司	ㄈㄢˋ ㄉㄠˇ ㄙ	動漫	1	15	absent			-7.354194117						飯導司	飯嶋司	飯/導/司	飯嶋司	True	True	1		phrase.anime.tsv	2403	
飯嶋律	ㄈㄢˋ ㄉㄠˇ ㄌㄩˋ	動漫	1	17	absent			-7.354194117						飯導率	飯嶋律	飯/導/率	飯嶋律	True	True	1		phrase.anime.tsv	2404	
飯嶋蝸牛	ㄈㄢˋ ㄉㄠˇ ㄍㄨㄚ ㄋㄧㄡˊ	動漫	1	11	absent			-7.354194117		飯島/蝸牛	4.51723738	飯島/蝸牛	4.51723738	飯導蝸牛	飯嶋蝸牛	飯/導/蝸牛	飯嶋蝸牛	True	True	1		phrase.anime.tsv	2405	
養液栽培	ㄧㄤˇ ㄧㄝˋ ㄗㄞ ㄆㄟˊ	農業食品	1	9	absent			-7.354194117						養業栽培	養液栽培	養/業/栽培	養液栽培	True	True	1		phrase.agriculture-food.tsv	73	
餓狼	ㄜˋ ㄌㄤˊ	動漫	1	12	0			-7.354194117						呃郎	餓狼	呃/郎	餓狼	True	True	1		phrase.anime.tsv	2406	
首件檢查	ㄕㄡˇ ㄐㄧㄢˋ ㄐㄧㄢˇ ㄔㄚˊ	製造機械	1	13	absent			-7.354194117		首見/檢查	2.919481537	首見/檢查	2.919481537	首見檢查	首件檢查	首見/檢查	首件檢查	True	True	1		phrase.manufacturing.tsv	146	
首渡效應	ㄕㄡˇ ㄉㄨˋ ㄒㄧㄠˋ ㄧㄥˋ	生技藥學	1	12	absent			-7.354194117		首度/效應	2.023030109	首度/效應	2.023030109	首度效應	首渡效應	首度/效應	首渡效應	True	True	1		phrase.biotech-pharma.tsv	115	
首無	ㄕㄡˇ ㄨˊ	動漫	1	12	absent			-7.354194117						手無	手無	手/無	手/無	False	False	1		phrase.anime.tsv	2407	
香風智乃	ㄒㄧㄤ ㄈㄥ ㄓˋ ㄋㄞˇ	動漫	1	16	absent			-7.354194117						箱封至乃	香風智乃	箱/封/至/乃	香風智乃	True	True	1		phrase.anime.tsv	2410	
馬丁尼茲	ㄇㄚˇ ㄉㄧㄥ ㄋㄧˊ ㄗ	動漫	1	22	absent			-7.354194117						馬丁尼資	馬丁尼茲	馬丁尼/資	馬丁尼茲	True	True	1		phrase.anime.tsv	2411	
馬克士威	ㄇㄚˇ ㄎㄜˋ ㄕˋ ㄨㄟ	科學	1	10	0			-7.354194117		馬克/示威	2.790096439	馬克/示威	2.790096439	馬克示威	馬克士威	馬克/示威	馬克士威	True	True	1		phrase.science.tsv	88	
馬克思史學	ㄇㄚˇ ㄎㄜˋ ㄙ ㄕˇ ㄒㄩㄝˊ	歷史	1	3	absent			-7.354194117		馬克斯/史學	3.15981855	馬克斯/史學	3.15981855	馬克斯史學	馬克思史學	馬克斯/史學	馬克思史學	True	True	1		phrase.history.tsv	180	
馬可夫	ㄇㄚˇ ㄎㄜˇ ㄈㄨ	工業工程	1	10	absent			-7.354194117						馬可夫	馬可夫	馬可/夫	馬可夫	False	True	1		phrase.industrial-engineering.tsv	105	
馬斯克	ㄇㄚˇ ㄙ ㄎㄜˋ	人名-當代	1	41	absent			-7.354194117						馬斯客	馬斯克	馬/斯/客	馬斯克	True	True	1		phrase.people-contemporary.tsv	54	
馬斯坦古	ㄇㄚˇ ㄙ ㄊㄢˇ ㄍㄨˇ	動漫	1	18	absent			-7.354194117						馬斯坦古	馬斯坦古	馬/斯/坦/古	馬斯坦古	False	True	1		phrase.anime.tsv	2412	
馬歇爾計畫	ㄇㄚˇ ㄒㄧㄝ ㄦˇ ㄐㄧˋ ㄏㄨㄚˋ	歷史	1	6	absent			-7.354194117						馬些爾計畫	馬歇爾計畫	馬/些/爾/計畫	馬歇爾計畫	True	True	1		phrase.history.tsv	181	
馬淵洸	ㄇㄚˇ ㄩㄢ ㄏㄨㄤˇ	動漫	1	16	absent			-7.354194117						馬淵謊	馬淵洸	馬/淵/謊	馬淵洸	True	True	1		phrase.anime.tsv	2413	
馬狼照英	ㄇㄚˇ ㄌㄤˊ ㄓㄠˋ ㄧㄥ	動漫	1	11	absent			-7.354194117						馬郎照應	馬狼照英	馬/郎/照/應	馬狼照英	True	True	1		phrase.anime.tsv	2414	
馬瑟納斯	ㄇㄚˇ ㄙㄜˋ ㄋㄚˋ ㄙ	動漫	1	14	absent			-7.354194117						馬色那司	馬瑟納斯	馬/色/那/司	馬瑟納斯	True	True	1		phrase.anime.tsv	2415	
馬達熱分析	ㄇㄚˇ ㄉㄚˊ ㄖㄜˋ ㄈㄣ ㄒㄧ	電子電機	1	4	absent			-7.354194117						馬達熱分析	馬達熱分析	馬達/熱/分析	馬達熱分析	False	True	1		phrase.electronics.tsv	214	
馬達編碼器	ㄇㄚˇ ㄉㄚˊ ㄅㄧㄢ ㄇㄚˇ ㄑㄧˋ	電子電機	1	3	absent			-7.354194117						馬達編碼器	馬達編碼器	馬達/編碼/器	馬達編碼器	False	True	1		phrase.electronics.tsv	215	
馬達驅動器	ㄇㄚˇ ㄉㄚˊ ㄑㄩ ㄉㄨㄥˋ ㄑㄧˋ	電子電機	1	3	absent			-7.354194117						馬達驅動器	馬達驅動器	馬達/驅動/器	馬達驅動器	False	True	1		phrase.electronics.tsv	216	
馬魯克	ㄇㄚˇ ㄌㄨˇ ㄎㄜˋ	動漫	1	14	absent			-7.354194117						馬魯客	馬魯克	馬/魯/客	馬魯克	True	True	1		phrase.anime.tsv	2416	
馮提古	ㄈㄥˊ ㄊㄧˊ ㄍㄨˇ	動漫	1	19	absent			-7.354194117						逢題古	馮提古	逢/題/古	馮提古	True	True	1		phrase.anime.tsv	2417	
馮紐曼	ㄈㄥˊ ㄋㄧㄡˇ ㄇㄢˋ	人名-歷史	1	11	0			-7.354194117						逢紐曼	馮紐曼	逢/紐/曼	馮紐曼	True	True	1		phrase.people-history.tsv	165	
馳井靜句	ㄔˊ ㄐㄧㄥˇ ㄐㄧㄥˋ ㄐㄩˋ	動漫	1	14	absent			-7.354194117						持景境具	馳井靜句	持/景/境/具	馳井靜句	True	True	1		phrase.anime.tsv	2418	
駐波	ㄓㄨˋ ㄅㄛ	科學	1	11	absent			-7.354194117						住波	住波	住/波	住/波	False	False	1		phrase.science.tsv	89	
駒場一郎	ㄐㄩ ㄔㄤˇ ㄧ ㄌㄤˊ	動漫	1	15	absent			-7.354194117						車場一郎	駒場一郎	車/場/一/郎	駒場一郎	True	True	1		phrase.anime.tsv	2419	
騎士制度	ㄑㄧˊ ㄕˋ ㄓˋ ㄉㄨˋ	歷史	1	10	absent			-7.354194117		歧視/制度	1.400618037	歧視/制度	1.400618037	其是制度	騎士制度	其/是/制度	騎士制度	True	True	1		phrase.history.tsv	182	
騙人布	ㄆㄧㄢˋ ㄖㄣˊ ㄅㄨˋ	動漫	1	17	absent			-7.354194117						騙人不	騙人不	騙人/不	騙人/不	False	False	1		phrase.anime.tsv	2421	
驅魔少年	ㄑㄩ ㄇㄛˊ ㄕㄠˋ ㄋㄧㄢˊ	動漫	1	20	absent			-7.354194117						區無少年	驅魔少年	區/無/少年	驅魔少年	True	True	1		phrase.anime.tsv	2422	
驅魔師	ㄑㄩ ㄇㄛˊ ㄕ	動漫	1	21	absent			-7.354194117						區無師	驅魔師	區/無/師	驅魔師	True	True	1		phrase.anime.tsv	2423	
驚爆危機	ㄐㄧㄥ ㄅㄠˋ ㄨㄟˊ ㄐㄧ	動漫	1	21	absent			-7.354194117						經報危機	驚爆危機	經/報/危機	驚爆危機	True	True	1		phrase.anime.tsv	2424	
骨女	ㄍㄨˇ ㄋㄩˇ	動漫	1	15	absent			-7.354194117						古女	古女	古/女	古/女	False	False	1		phrase.anime.tsv	2425	
骨髓瘤	ㄍㄨˇ ㄙㄨㄟˇ ㄌㄧㄡˊ	醫學	1	10	absent			-7.354194117						骨髓瘤	骨髓瘤	骨髓/瘤	骨髓/瘤	False	True	1		phrase.medicine.tsv	264	
高介電	ㄍㄠ ㄐㄧㄝˋ ㄉㄧㄢˋ	晶片半導體	1	13	absent			-7.354194117						高介電	高介電	高/介/電	高介電	False	True	1		phrase.semiconductor.tsv	185	
高倉健	ㄍㄠ ㄘㄤ ㄐㄧㄢˋ	動漫	1	18	absent			-7.354194117						高蒼建	高倉健	高/蒼/建	高倉健	True	True	1		phrase.anime.tsv	2427	
高光	ㄍㄠ ㄍㄨㄤ	媒體設計	1	13	absent			-7.354194117						高光	高光	高/光	高/光	False	True	1		phrase.media-design.tsv	97	
高分子材料	ㄍㄠ ㄈㄣ ㄗˇ ㄘㄞˊ ㄌㄧㄠˋ	材料化工	1	3	absent			-7.354194117		高分子/材料	3.492062738	高分子/材料	3.492062738	高分子材料	高分子材料	高分子/材料	高分子材料	False	True	1		phrase.materials-chemistry.tsv	130	
高分子聚合	ㄍㄠ ㄈㄣ ㄗˇ ㄐㄩˋ ㄏㄜˊ	材料化工	1	2	absent			-7.354194117		高分子/聚合	4.568864282	高分子/聚合	4.568864282	高分子聚合	高分子聚合	高分子/聚合	高分子聚合	False	True	1		phrase.materials-chemistry.tsv	131	
高加速	ㄍㄠ ㄐㄧㄚ ㄙㄨˋ	晶片半導體	1	14	absent			-7.354194117						高加速	高加速	高/加速	高/加速	False	True	1		phrase.semiconductor.tsv	186	
高坂京介	ㄍㄠ ㄅㄢˇ ㄐㄧㄥ ㄐㄧㄝˋ	動漫	1	20	absent			-7.354194117						高版經界	高坂京介	高/版/經/界	高坂京介	True	True	1		phrase.anime.tsv	2428	
高坂桐乃	ㄍㄠ ㄅㄢˇ ㄊㄨㄥˊ ㄋㄞˇ	動漫	1	17	absent			-7.354194117						高版同乃	高坂桐乃	高/版/同/乃	高坂桐乃	True	True	1		phrase.anime.tsv	2429	
高坂穗乃果	ㄍㄠ ㄅㄢˇ ㄙㄨㄟˋ ㄋㄞˇ ㄍㄨㄛˇ	動漫	1	22	absent			-7.354194117						高版歲乃果	高坂穗乃果	高/版/歲/乃/果	高坂穗乃果	True	True	1		phrase.anime.tsv	2430	
高基氏體	ㄍㄠ ㄐㄧ ㄕˋ ㄊㄧˇ	科學	1	13	absent			-7.354194117						高基是體	高基氏體	高/基/是/體	高基氏體	True	True	1		phrase.science.tsv	90	
高宮菜穗	ㄍㄠ ㄍㄨㄥ ㄘㄞˋ ㄙㄨㄟˋ	動漫	1	18	absent			-7.354194117						高公菜歲	高宮菜穗	高/公/菜/歲	高宮菜穗	True	True	1		phrase.anime.tsv	2431	
高崎美咲	ㄍㄠ ㄑㄧˊ ㄇㄟˇ ㄒㄧㄠˋ	動漫	1	14	absent			-7.354194117						高奇美校	高崎美咲	高/奇美/校	高崎美咲	True	True	1		phrase.anime.tsv	2432	
高揮	ㄍㄠ ㄏㄨㄟ	動漫	1	18	absent			-7.354194117						高揮	高揮	高/揮	高/揮	False	True	1		phrase.anime.tsv	2433	
高擬真原型	ㄍㄠ ㄋㄧˇ ㄓㄣ ㄩㄢˊ ㄒㄧㄥˊ	媒體設計	1	6	absent			-7.354194117						高你真原型	高擬真原型	高/你/真/原型	高擬真原型	True	True	1		phrase.media-design.tsv	98	
高敏感度	ㄍㄠ ㄇㄧㄣˇ ㄍㄢˇ ㄉㄨˋ	醫學	1	8	absent			-7.354194117						高敏感度	高敏感度	高/敏感度	高/敏感度	False	True	1		phrase.medicine.tsv	266	
高斯定律	ㄍㄠ ㄙ ㄉㄧㄥˋ ㄌㄩˋ	科學	1	9	absent			-7.354194117		高斯/定律	4.269617839	高斯/定律	4.269617839	高斯定律	高斯定律	高斯/定律	高斯定律	False	True	1		phrase.science.tsv	91	
高木	ㄍㄠ ㄇㄨˋ	動漫	1	21	absent			-7.354194117						高目	高目	高/目	高/目	False	False	1		phrase.anime.tsv	2434	
高木同學	ㄍㄠ ㄇㄨˋ ㄊㄨㄥˊ ㄒㄩㄝˊ	動漫	1	23	absent			-7.354194117						高目同學	高木同學	高/目/同學	高木同學	True	True	1		phrase.anime.tsv	2435	
高木泰士	ㄍㄠ ㄇㄨˋ ㄊㄞˋ ㄕˋ	動漫	1	12	absent			-7.354194117						高目太是	高木泰士	高/目/太/是	高木泰士	True	True	1		phrase.anime.tsv	2436	
高杉晉助	ㄍㄠ ㄕㄢ ㄐㄧㄣˋ ㄓㄨˋ	動漫	1	11	absent			-7.354194117		高山/進駐	2.779607308	高山/進駐	2.779607308	高山進駐	高杉晉助	高山/進駐	高杉晉助	True	True	1		phrase.anime.tsv	2437	
高校之神	ㄍㄠ ㄒㄧㄠˋ ㄓ ㄕㄣˊ	動漫	1	19	absent			-7.354194117						高效之什	高校之神	高效/之/什	高校之神	True	True	1		phrase.anime.tsv	2439	
高槻彌生	ㄍㄠ ㄍㄨㄟ ㄇㄧˊ ㄕㄥ	動漫	1	12	absent			-7.354194117						高規迷生	高槻彌生	高/規/迷/生	高槻彌生	True	True	1		phrase.anime.tsv	2440	
高橋啟介	ㄍㄠ ㄑㄧㄠˊ ㄑㄧˇ ㄐㄧㄝˋ	動漫	1	17	absent			-7.354194117						高橋起界	高橋啟介	高橋/起/界	高橋啟介	True	True	1		phrase.anime.tsv	2441	
高橋涼介	ㄍㄠ ㄑㄧㄠˊ ㄌㄧㄤˊ ㄐㄧㄝˋ	動漫	1	19	absent			-7.354194117						高橋樑界	高橋涼介	高/橋樑/界	高橋涼介	True	True	1		phrase.anime.tsv	2442	
高流量	ㄍㄠ ㄌㄧㄡˊ ㄌㄧㄤˋ	醫學	1	6	absent			-7.354194117						高流量	高流量	高/流量	高/流量	False	True	1		phrase.medicine.tsv	267	
高海千歌	ㄍㄠ ㄏㄞˇ ㄑㄧㄢ ㄍㄜ	動漫	1	20	absent			-7.354194117						高海千歌	高海千歌	高/海/千/歌	高海千歌	False	True	1		phrase.anime.tsv	2443	
高瀨春彥	ㄍㄠ ㄌㄞˋ ㄔㄨㄣ ㄧㄢˋ	動漫	1	17	absent			-7.354194117						高來春驗	高瀨春彥	高/來/春/驗	高瀨春彥	True	True	1		phrase.anime.tsv	2444	
高瑟	ㄍㄠ ㄙㄜˋ	動漫	1	10	absent			-7.354194117						高色	高色	高/色	高/色	False	False	1		phrase.anime.tsv	2445	
高町奈葉	ㄍㄠ ㄊㄧㄥˇ ㄋㄞˋ ㄧㄝˋ	動漫	1	19	absent			-7.354194117						高挺耐業	高町奈葉	高/挺/耐/業	高町奈葉	True	True	1		phrase.anime.tsv	2446	
高石武	ㄍㄠ ㄕˊ ㄨˇ	動漫	1	10	absent			-7.354194117						高十五	高十五	高/十五	高/十五	False	False	1		phrase.anime.tsv	2447	
高良美幸	ㄍㄠ ㄌㄧㄤˊ ㄇㄟˇ ㄒㄧㄥˋ	動漫	1	13	absent			-7.354194117						高粱美性	高良美幸	高粱/美/性	高良美幸	True	True	1		phrase.anime.tsv	2448	
高通濾波器	ㄍㄠ ㄊㄨㄥ ㄌㄩˋ ㄅㄛ ㄑㄧˋ	電子電機	1	6	absent			-7.354194117						高通濾波器	高通濾波器	高/通/濾波器	高通濾波器	False	True	1		phrase.electronics.tsv	218	
高通量篩選	ㄍㄠ ㄊㄨㄥ ㄌㄧㄤˋ ㄕㄞ ㄒㄩㄢˇ	生技藥學	1	6	absent			-7.354194117						高通量篩選	高通量篩選	高/通量/篩選	高通量篩選	False	True	1		phrase.biotech-pharma.tsv	117	
高速介面	ㄍㄠ ㄙㄨˋ ㄐㄧㄝˋ ㄇㄧㄢˋ	電子電機	1	14	absent			-7.354194117		高速/介面	2.112110082	高速/介面	2.112110082	高速介面	高速介面	高速/介面	高速/介面	False	True	1		phrase.electronics.tsv	219	
高速加工	ㄍㄠ ㄙㄨˋ ㄐㄧㄚ ㄍㄨㄥ	製造機械	1	11	absent			-7.354194117		高速/加工	2.231139959	高速/加工	2.231139959	高速加工	高速加工	高速/加工	高速/加工	False	True	1		phrase.manufacturing.tsv	147	
高速婆婆	ㄍㄠ ㄙㄨˋ ㄆㄛˊ ㄆㄛˊ	動漫	1	11	absent			-7.354194117		高速/婆婆	2.671697053	高速/婆婆	2.671697053	高速婆婆	高速婆婆	高速/婆婆	高速婆婆	False	True	1		phrase.anime.tsv	2449	
高遠遙一	ㄍㄠ ㄩㄢˇ ㄧㄠˊ ㄧ	動漫	1	13	absent			-7.354194117						高遠搖一	高遠遙一	高遠/搖/一	高遠遙一	True	True	1		phrase.anime.tsv	2450	
高野千鶴	ㄍㄠ ㄧㄝˇ ㄑㄧㄢ ㄏㄜˋ	動漫	1	11	absent			-7.354194117						高也簽和	高野千鶴	高/也/簽/和	高野千鶴	True	True	1		phrase.anime.tsv	2451	
高野晶	ㄍㄠ ㄧㄝˇ ㄐㄧㄥ	動漫	1	11	absent			-7.354194117						高也經	高野晶	高/也/經	高野晶	True	True	1		phrase.anime.tsv	2452	
高順	ㄍㄠ ㄕㄨㄣˋ	動漫	1	17	absent			-7.354194117						高順	高順	高/順	高/順	False	True	1		phrase.anime.tsv	2453	
高須龍兒	ㄍㄠ ㄒㄩ ㄌㄨㄥˊ ㄦˊ	動漫	1	22	absent			-7.354194117						高需龍而	高須龍兒	高/需/龍/而	高須龍兒	True	True	1		phrase.anime.tsv	2454	
高頻寬	ㄍㄠ ㄆㄧㄣˊ ㄎㄨㄢ	晶片半導體	1	10	absent			-7.354194117						高頻寬	高頻寬	高/頻寬	高/頻寬	False	True	1		phrase.semiconductor.tsv	189	
高齡化	ㄍㄠ ㄌㄧㄥˊ ㄏㄨㄚˋ	一般	1	30	absent			-7.354194117						高齡化	高齡化	高齡/化	高齡化	False	True	1		phrase.general.tsv	176	
鬼之手	ㄍㄨㄟˇ ㄓ ㄕㄡˇ	動漫	1	12	absent			-7.354194117						鬼隻手	鬼之手	鬼/隻手	鬼之手	True	True	1		phrase.anime.tsv	2456	
鬼之血	ㄍㄨㄟˇ ㄓ ㄒㄩㄝˇ	動漫	1	11	absent			-7.354194117						鬼之雪	鬼之血	鬼/之/雪	鬼之血	True	True	1		phrase.anime.tsv	2457	
鬼塚英吉	ㄍㄨㄟˇ ㄓㄨㄥˇ ㄧㄥ ㄐㄧˊ	動漫	1	20	absent			-7.354194117						鬼種應即	鬼塚英吉	鬼/種/應/即	鬼塚英吉	True	True	1		phrase.anime.tsv	2458	
鬼燈	ㄍㄨㄟˇ ㄉㄥ	動漫	1	22	absent			-7.354194117						鬼登	鬼登	鬼/登	鬼/登	False	False	1		phrase.anime.tsv	2460	
鬼燈的冷徹	ㄍㄨㄟˇ ㄉㄥ ㄉㄜ˙ ㄌㄥˇ ㄔㄜˋ	動漫	1	21	absent			-7.354194117						鬼登的冷徹	鬼燈的冷徹	鬼/登/的/冷/徹	鬼燈的冷徹	True	True	1		phrase.anime.tsv	2461	
鬼龍院皐月	ㄍㄨㄟˇ ㄌㄨㄥˊ ㄩㄢˋ ㄍㄠ ㄩㄝˋ	動漫	1	17	absent			-7.354194117						鬼龍院高月	鬼龍院皐月	鬼/龍/院/高/月	鬼龍院皐月	True	True	1		phrase.anime.tsv	2462	
魅上照	ㄇㄟˋ ㄕㄤˋ ㄓㄠˋ	動漫	1	12	absent			-7.354194117						妹上照	魅上照	妹/上/照	魅上照	True	True	1		phrase.anime.tsv	2463	
魏晉	ㄨㄟˋ ㄐㄧㄣˋ	歷史	1	11	absent	未進	-6.275012871	-7.354194117	-1.079181246			未進	-1.079181246	為進	為進	為/進	為/進	False	False	2	未進	phrase.history.tsv	183	
魔女宅急便	ㄇㄛˊ ㄋㄩˇ ㄓㄞˊ ㄐㄧˊ ㄅㄧㄢˋ	動漫	1	25	absent			-7.354194117						魔女宅即便	魔女宅急便	魔女/宅/即便	魔女宅急便	True	True	1		phrase.anime.tsv	2465	
魔女守護者	ㄇㄛˊ ㄋㄩˇ ㄕㄡˇ ㄏㄨˋ ㄓㄜˇ	動漫	1	12	absent			-7.354194117		魔女/守護者	4.877072863	魔女/守護者	4.877072863	魔女守護者	魔女守護者	魔女/守護者	魔女守護者	False	True	1		phrase.anime.tsv	2466	
魔法使	ㄇㄛˊ ㄈㄚˇ ㄕˇ	動漫	1	26	absent			-7.354194117						魔法使	魔法使	魔法/使	魔法使	False	True	1		phrase.anime.tsv	2468	
魔法公主	ㄇㄛˊ ㄈㄚˇ ㄍㄨㄥ ㄓㄨˇ	動漫	1	25	absent			-7.354194117		魔法/公主	2.751136396	魔法/公主	2.751136396	魔法公主	魔法公主	魔法/公主	魔法公主	False	True	1		phrase.anime.tsv	2469	
魔法少女	ㄇㄛˊ ㄈㄚˇ ㄕㄠˋ ㄋㄩˇ	動漫	1	26	absent			-7.354194117		魔法/少女	2.733745733	魔法/少女	2.733745733	魔法少女	魔法少女	魔法/少女	魔法少女	False	True	1		phrase.anime.tsv	2470	
魔法帝	ㄇㄛˊ ㄈㄚˇ ㄉㄧˋ	動漫	1	13	absent			-7.354194117						魔法的	魔法帝	魔法/的	魔法帝	True	True	1		phrase.anime.tsv	2471	
魔法革命	ㄇㄛˊ ㄈㄚˇ ㄍㄜˊ ㄇㄧㄥˋ	動漫	1	20	absent			-7.354194117		魔法/革命	2.53165992	魔法/革命	2.53165992	魔法革命	魔法革命	魔法/革命	魔法革命	False	True	1		phrase.anime.tsv	2472	
魔法騎士	ㄇㄛˊ ㄈㄚˇ ㄑㄧˊ ㄕˋ	動漫	1	20	absent			-7.354194117		魔法/歧視	2.930620598	魔法/歧視	2.930620598	魔法歧視	魔法騎士	魔法/歧視	魔法騎士	True	True	1		phrase.anime.tsv	2473	
魔術協會	ㄇㄛˊ ㄕㄨˋ ㄒㄧㄝˊ ㄏㄨㄟˋ	動漫	1	12	absent			-7.354194117		魔術/協會	1.929550918	魔術/協會	1.929550918	魔術協會	魔術協會	魔術/協會	魔術協會	False	True	1		phrase.anime.tsv	2474	
魚叉式	ㄩˊ ㄔㄚ ㄕˋ	網路資安	1	10	absent			-7.354194117						於差是	魚叉式	於/差/是	魚叉式	True	True	1		phrase.network-security.tsv	175	
魯蛇	ㄌㄨˇ ㄕㄜˊ	動漫	1	23	absent			-7.354194117						魯什	魯蛇	魯/什	魯蛇	True	True	1		phrase.anime.tsv	2475	
魯路修	ㄌㄨˇ ㄌㄨˋ ㄒㄧㄡ	動漫	1	23	absent			-7.354194117						魯路修	魯路修	魯/路/修	魯路修	False	True	1		phrase.anime.tsv	2476	
魯迪格爾	ㄌㄨˇ ㄉㄧˊ ㄍㄜˊ ㄦˇ	動漫	1	11	absent			-7.354194117						魯的格爾	魯迪格爾	魯/的/格/爾	魯迪格爾	True	True	1		phrase.anime.tsv	2477	
魯迪烏斯	ㄌㄨˇ ㄉㄧˊ ㄨ ㄙ	動漫	1	22	absent			-7.354194117						魯的屋司	魯迪烏斯	魯/的/屋/司	魯迪烏斯	True	True	1		phrase.anime.tsv	2478	
鮎澤美咲	ㄋㄧㄢˊ ㄗㄜˊ ㄇㄟˇ ㄒㄧㄠˋ	動漫	1	19	absent			-7.354194117						年則美校	鮎澤美咲	年/則/美/校	鮎澤美咲	True	True	1		phrase.anime.tsv	2479	
鰭式	ㄑㄧˊ ㄕˋ	晶片半導體	1	10	absent	歧視|騎士|其事|棋士|奇事	-4.8227152	-7.354194117	-2.531478917			歧視	-2.531478917	其是	其是	其/是	其/是	False	False	6	其事|奇事|棋士|歧視|騎士	phrase.semiconductor.tsv	190	
鳥束零太	ㄋㄧㄠˇ ㄕㄨˋ ㄌㄧㄥˊ ㄊㄞˋ	動漫	1	13	absent			-7.354194117						鳥樹齡太	鳥束零太	鳥/樹齡/太	鳥束零太	True	True	1		phrase.anime.tsv	2481	
鳥籠使者	ㄋㄧㄠˇ ㄌㄨㄥˊ ㄕˇ ㄓㄜˇ	動漫	1	12	absent			-7.354194117		鳥籠/使者	4.710741441	鳥籠/使者	4.710741441	鳥籠使者	鳥籠使者	鳥籠/使者	鳥籠使者	False	True	1		phrase.anime.tsv	2482	
鳳凰寺紅葉	ㄈㄥˋ ㄏㄨㄤˊ ㄙˋ ㄏㄨㄥˊ ㄧㄝˋ	動漫	1	15	absent			-7.354194117						鳳凰四紅葉	鳳凰寺紅葉	鳳凰/四/紅葉	鳳凰寺紅葉	True	True	1		phrase.anime.tsv	2483	
鳳凰寺風	ㄈㄥˋ ㄏㄨㄤˊ ㄙˋ ㄈㄥ	動漫	1	13	absent			-7.354194117						鳳凰四風	鳳凰寺風	鳳凰/四/風	鳳凰寺風	True	True	1		phrase.anime.tsv	2484	
鳳鏡夜	ㄈㄥˋ ㄐㄧㄥˋ ㄧㄝˋ	動漫	1	16	absent			-7.354194117						縫敬業	鳳鏡夜	縫/敬業	鳳鏡夜	True	True	1		phrase.anime.tsv	2485	
鳴子章吉	ㄇㄧㄥˊ ㄗ˙ ㄓㄤ ㄐㄧˊ	動漫	1	14	absent			-7.354194117						名字張即	鳴子章吉	名字/張/即	鳴子章吉	True	True	1		phrase.anime.tsv	2486	
鳴泣之時	ㄇㄧㄥˊ ㄑㄧˋ ㄓ ㄕˊ	動漫	1	19	absent			-7.354194117		名氣/之時	3.730015192	名氣/之時	3.730015192	名氣之時	鳴泣之時	名氣/之/時	鳴泣之時	True	True	1		phrase.anime.tsv	2487	
鳶一折紙	ㄩㄢ ㄧ ㄓㄜˊ ㄓˇ	動漫	1	17	absent			-7.354194117						宛一摺紙	鳶一折紙	宛/一/摺紙	鳶一折紙	True	True	1		phrase.anime.tsv	2488	
鵺野鳴介	ㄧㄝˋ ㄧㄝˇ ㄇㄧㄥˊ ㄐㄧㄝˋ	動漫	1	19	absent			-7.354194117						業也明界	鵺野鳴介	業/也/明/界	鵺野鳴介	True	True	1		phrase.anime.tsv	2489	
鶴來民子	ㄏㄜˋ ㄌㄞˊ ㄇㄧㄣˊ ㄗ˙	動漫	1	15	absent			-7.354194117						嚇來民子	鶴來民子	嚇/來/民/子	鶴來民子	True	True	1		phrase.anime.tsv	2490	
鶴河秋水	ㄏㄜˋ ㄏㄜˊ ㄑㄧㄡ ㄕㄨㄟˇ	動漫	1	12	absent			-7.354194117						嚇和秋水	鶴河秋水	嚇/和/秋/水	鶴河秋水	True	True	1		phrase.anime.tsv	2491	
鶴見中尉	ㄏㄜˋ ㄐㄧㄢˋ ㄓㄨㄥ ㄨㄟˋ	動漫	1	14	absent			-7.354194117						嚇建中為	鶴見中尉	嚇/建中/為	鶴見中尉	True	True	1		phrase.anime.tsv	2492	
鶴見知利子	ㄏㄜˋ ㄐㄧㄢˋ ㄓ ㄌㄧˋ ㄗ˙	動漫	1	13	absent			-7.354194117						嚇建之例子	鶴見知利子	嚇/建/之/例子	鶴見知利子	True	True	1		phrase.anime.tsv	2493	
鷹村守	ㄧㄥ ㄘㄨㄣ ㄕㄡˇ	動漫	1	15	absent			-7.354194117						應村手	鷹村守	應/村/手	鷹村守	True	True	1		phrase.anime.tsv	2494	
鷺之宮伊澄	ㄌㄨˋ ㄓ ㄍㄨㄥ ㄧ ㄔㄥˊ	動漫	1	12	absent			-7.354194117						路之公一成	鷺之宮伊澄	路/之/公/一/成	鷺之宮伊澄	True	True	1		phrase.anime.tsv	2495	
鹼性磷酸酶	ㄐㄧㄢˇ ㄒㄧㄥˋ ㄌㄧㄣˊ ㄙㄨㄢ ㄇㄟˊ	醫學	1	6	absent			-7.354194117						鹼性磷酸沒	鹼性磷酸酶	鹼性/磷酸/沒	鹼性磷酸酶	True	True	1		phrase.medicine.tsv	270	
鹿島虎太郎	ㄌㄨˋ ㄉㄠˇ ㄏㄨˇ ㄊㄞˋ ㄌㄤˊ	動漫	1	15	absent			-7.354194117						路導許太郎	鹿島虎太郎	路/導/許/太郎	鹿島虎太郎	True	True	1		phrase.anime.tsv	2496	
鹿島遊	ㄌㄨˋ ㄉㄠˇ ㄧㄡˊ	動漫	1	12	absent			-7.354194117						路導遊	鹿島遊	路/導遊	鹿島遊	True	True	1		phrase.anime.tsv	2497	
鹿島龍一	ㄌㄨˋ ㄉㄠˇ ㄌㄨㄥˊ ㄧ	動漫	1	17	absent			-7.354194117						路導龍一	鹿島龍一	路/導/龍/一	鹿島龍一	True	True	1		phrase.anime.tsv	2498	
鹿目圓	ㄌㄨˋ ㄇㄨˋ ㄩㄢˊ	動漫	1	24	absent			-7.354194117						路墓園	鹿目圓	路/墓園	鹿目圓	True	True	1		phrase.anime.tsv	2499	
鹿野千夏	ㄌㄨˋ ㄧㄝˇ ㄑㄧㄢ ㄒㄧㄚˋ	動漫	1	17	absent			-7.354194117		鹿野/簽下	4.278647156	鹿野/簽下	4.278647156	路也簽下	鹿野千夏	路/也/簽下	鹿野千夏	True	True	1		phrase.anime.tsv	2500	
麗日御茶子	ㄌㄧˋ ㄖˋ ㄩˋ ㄔㄚˊ ㄗ˙	動漫	1	18	absent			-7.354194117						立日與查子	麗日御茶子	立/日/與/查/子	麗日御茶子	True	True	1		phrase.anime.tsv	2501	
麥斯威爾	ㄇㄞˋ ㄙ ㄨㄟ ㄦˇ	動漫	1	15	absent			-7.354194117						賣司威爾	麥斯威爾	賣/司/威/爾	麥斯威爾	True	True	1		phrase.anime.tsv	2502	
麻中蓬	ㄇㄚˊ ㄓㄨㄥ ㄆㄥˊ	動漫	1	16	absent			-7.354194117						麻中朋	麻中蓬	麻/中/朋	麻中蓬	True	True	1		phrase.anime.tsv	2503	
麻倉葉	ㄇㄚˊ ㄘㄤ ㄧㄝˋ	動漫	1	18	absent			-7.354194117						麻蒼業	麻倉葉	麻/蒼/業	麻倉葉	True	True	1		phrase.anime.tsv	2504	
黃仁勳	ㄏㄨㄤˊ ㄖㄣˊ ㄒㄩㄣ	人名-當代	1	43	absent			-7.354194117						黃人勳	黃仁勳	黃/人/勳	黃仁勳	True	True	1		phrase.people-contemporary.tsv	57	
黃瀨涼太	ㄏㄨㄤˊ ㄌㄞˋ ㄌㄧㄤˊ ㄊㄞˋ	動漫	1	16	absent			-7.354194117						黃來良太	黃瀨涼太	黃/來/良/太	黃瀨涼太	True	True	1		phrase.anime.tsv	2506	
黃金分割	ㄏㄨㄤˊ ㄐㄧㄣ ㄈㄣ ㄍㄜ	媒體設計	1	11	absent			-7.354194117		黃金/分割	2.294191705	黃金/分割	2.294191705	黃金分割	黃金分割	黃金/分割	黃金分割	False	True	1		phrase.media-design.tsv	99	
黃金拼圖	ㄏㄨㄤˊ ㄐㄧㄣ ㄆㄧㄣ ㄊㄨˊ	動漫	1	19	absent			-7.354194117		黃金/拼圖	3.072342955	黃金/拼圖	3.072342955	黃金拼圖	黃金拼圖	黃金/拼圖	黃金拼圖	False	True	1		phrase.anime.tsv	2507	
黃金神威	ㄏㄨㄤˊ ㄐㄧㄣ ㄕㄣˊ ㄨㄟ	動漫	1	23	absent			-7.354194117		黃金/神威	3.584226316	黃金/神威	3.584226316	黃金神威	黃金神威	黃金/神威	黃金神威	False	True	1		phrase.anime.tsv	2508	
黃金魔女	ㄏㄨㄤˊ ㄐㄧㄣ ㄇㄛˊ ㄋㄩˇ	動漫	1	11	absent			-7.354194117		黃金/魔女	3.186286307	黃金/魔女	3.186286307	黃金魔女	黃金魔女	黃金/魔女	黃金魔女	False	True	1		phrase.anime.tsv	2509	
黎明卿	ㄌㄧˊ ㄇㄧㄥˊ ㄑㄧㄥ	動漫	1	10	absent			-7.354194117						離明清	黎明卿	離/明清	黎明卿	True	True	1		phrase.anime.tsv	2510	
黏膜下	ㄋㄧㄢˊ ㄇㄛˊ ㄒㄧㄚˋ	醫學	1	10	absent			-7.354194117						黏膜下	黏膜下	黏膜/下	黏膜/下	False	True	1		phrase.medicine.tsv	272	
黏著詞素	ㄋㄧㄢˊ ㄓㄨㄛˊ ㄘˊ ㄙㄨˋ	中文	1	9	absent			-7.354194117		黏著/詞素	6.075440516	黏著/詞素	6.075440516	黏著詞素	黏著詞素	黏著/詞素	黏著詞素	False	True	1		phrase.chinese.tsv	164	
黑主優姬	ㄏㄟ ㄓㄨˇ ㄧㄡ ㄐㄧ	動漫	1	18	absent			-7.354194117						黑主優機	黑主優姬	黑/主/優/機	黑主優姬	True	True	1		phrase.anime.tsv	2511	
黑執事	ㄏㄟ ㄓˊ ㄕˋ	動漫	1	24	absent			-7.354194117						黑直是	黑執事	黑/直/是	黑執事	True	True	1		phrase.anime.tsv	2512	
黑子哲也	ㄏㄟ ㄗˇ ㄓㄜˊ ㄧㄝˇ	動漫	1	21	absent			-7.354194117						黑子哲也	黑子哲也	黑/子/哲/也	黑子哲也	False	True	1		phrase.anime.tsv	2513	
黑子的籃球	ㄏㄟ ㄗˇ ㄉㄜ˙ ㄌㄢˊ ㄑㄧㄡˊ	動漫	1	23	absent			-7.354194117						黑子的籃球	黑子的籃球	黑/子/的/籃球	黑子的籃球	False	True	1		phrase.anime.tsv	2514	
黑崎一護	ㄏㄟ ㄑㄧˊ ㄧ ㄏㄨˋ	動漫	1	24	absent			-7.354194117						黑其醫護	黑崎一護	黑/其/醫護	黑崎一護	True	True	1		phrase.anime.tsv	2515	
黑川茜	ㄏㄟ ㄔㄨㄢ ㄑㄧㄢˋ	動漫	1	14	absent			-7.354194117						黑川欠	黑川茜	黑川/欠	黑川茜	True	True	1		phrase.anime.tsv	2516	
黑帽大人	ㄏㄟ ㄇㄠˋ ㄉㄚˋ ㄖㄣˊ	動漫	1	17	absent			-7.354194117						黑貿大人	黑帽大人	黑/貿/大人	黑帽大人	True	True	1		phrase.anime.tsv	2517	
黑德	ㄏㄟ ㄉㄜˊ	動漫	1	12	absent			-7.354194117						黑得	黑得	黑/得	黑/得	False	False	1		phrase.anime.tsv	2518	
黑暗集會	ㄏㄟ ㄢˋ ㄐㄧˊ ㄏㄨㄟˋ	動漫	1	20	absent			-7.354194117		黑暗/集會	2.69811509	黑暗/集會	2.69811509	黑暗集會	黑暗集會	黑暗/集會	黑暗集會	False	True	1		phrase.anime.tsv	2519	
黑柳亮	ㄏㄟ ㄌㄧㄡˇ ㄌㄧㄤˋ	動漫	1	9	absent			-7.354194117						黑柳量	黑柳亮	黑/柳/量	黑柳亮	True	True	1		phrase.anime.tsv	2520	
黑桐幹也	ㄏㄟ ㄊㄨㄥˊ ㄍㄢˋ ㄧㄝˇ	動漫	1	17	absent			-7.354194117						黑同幹也	黑桐幹也	黑/同/幹/也	黑桐幹也	True	True	1		phrase.anime.tsv	2521	
黑桐鮮花	ㄏㄟ ㄊㄨㄥˊ ㄒㄧㄢ ㄏㄨㄚ	動漫	1	13	absent			-7.354194117						黑同鮮花	黑桐鮮花	黑/同/鮮花	黑桐鮮花	True	True	1		phrase.anime.tsv	2522	
黑沼爽子	ㄏㄟ ㄓㄠˇ ㄕㄨㄤˇ ㄗ˙	動漫	1	20	absent			-7.354194117						黑找爽子	黑沼爽子	黑/找/爽/子	黑沼爽子	True	True	1		phrase.anime.tsv	2523	
黑澤露比	ㄏㄟ ㄗㄜˊ ㄌㄨˋ ㄅㄧˇ	動漫	1	14	absent			-7.354194117						黑則路比	黑澤露比	黑/則/路/比	黑澤露比	True	True	1		phrase.anime.tsv	2524	
黑澤黛雅	ㄏㄟ ㄗㄜˊ ㄉㄞˋ ㄧㄚˇ	動漫	1	13	absent			-7.354194117						黑則帶亞	黑澤黛雅	黑/則/帶/亞	黑澤黛雅	True	True	1		phrase.anime.tsv	2525	
黑王子	ㄏㄟ ㄨㄤˊ ㄗˇ	動漫	1	20	absent			-7.354194117						黑王子	黑王子	黑/王子	黑王子	False	True	1		phrase.anime.tsv	2526	
黑色五葉草	ㄏㄟ ㄙㄜˋ ㄨˇ ㄧㄝˋ ㄘㄠˇ	動漫	1	23	absent			-7.354194117						黑色午夜草	黑色五葉草	黑色/午夜/草	黑色五葉草	True	True	1		phrase.anime.tsv	2527	
黑部夏美	ㄏㄟ ㄅㄨˋ ㄒㄧㄚˋ ㄇㄟˇ	動漫	1	10	absent			-7.354194117						黑不下美	黑部夏美	黑/不下/美	黑部夏美	True	True	1		phrase.anime.tsv	2529	
黑雪公主	ㄏㄟ ㄒㄩㄝˇ ㄍㄨㄥ ㄓㄨˇ	動漫	1	15	absent			-7.354194117						黑雪公主	黑雪公主	黑/雪/公主	黑雪公主	False	True	1		phrase.anime.tsv	2530	
黛拓武	ㄉㄞˋ ㄊㄨㄛˋ ㄨˇ	動漫	1	12	absent			-7.354194117						代拓五	黛拓武	代/拓/五	黛拓武	True	True	1		phrase.anime.tsv	2532	
點校本	ㄉㄧㄢˇ ㄐㄧㄠˋ ㄅㄣˇ	中文	1	13	absent			-7.354194117						點校本	點校本	點/校本	點/校本	False	True	1		phrase.chinese.tsv	165	
鼻導管	ㄅㄧˊ ㄉㄠˇ ㄍㄨㄢˇ	醫學	1	6	absent			-7.354194117						鼻導管	鼻導管	鼻/導管	鼻/導管	False	True	1		phrase.medicine.tsv	273	
齊木楠雄	ㄑㄧˊ ㄇㄨˋ ㄋㄢˊ ㄒㄩㄥˊ	動漫	1	25	absent			-7.354194117						其目南雄	齊木楠雄	其/目/南雄	齊木楠雄	True	True	1		phrase.anime.tsv	2533	
齊納二極體	ㄑㄧˊ ㄋㄚˋ ㄦˋ ㄐㄧˊ ㄊㄧˇ	電子電機	1	4	absent			-7.354194117						其那二極體	齊納二極體	其/那/二極體	齊納二極體	True	True	1		phrase.electronics.tsv	220	
齊藤惠那	ㄑㄧˊ ㄊㄥˊ ㄏㄨㄟˋ ㄋㄚˋ	動漫	1	13	absent			-7.354194117						其騰會那	齊藤惠那	其/騰/會/那	齊藤惠那	True	True	1		phrase.anime.tsv	2534	
齊齒呼	ㄑㄧˊ ㄔˇ ㄏㄨ	中文	1	11	absent			-7.354194117						其尺乎	齊齒呼	其/尺/乎	齊齒呼	True	True	1		phrase.chinese.tsv	166	
齋森美世	ㄓㄞ ㄙㄣ ㄇㄟˇ ㄕˋ	動漫	1	19	absent			-7.354194117						摘森美是	齋森美世	摘/森/美/是	齋森美世	True	True	1		phrase.anime.tsv	2535	
齋森香耶	ㄓㄞ ㄙㄣ ㄒㄧㄤ ㄧㄝ	動漫	1	14	absent			-7.354194117						摘森相耶	齋森香耶	摘/森/相/耶	齋森香耶	True	True	1		phrase.anime.tsv	2536	
齋藤一	ㄓㄞ ㄊㄥˊ ㄧ	動漫	1	14	absent			-7.354194117						齋藤一	齋藤一	齋藤/一	齋藤一	False	True	1		phrase.anime.tsv	2537	
龍之峰帝人	ㄌㄨㄥˊ ㄓ ㄈㄥ ㄉㄧˋ ㄖㄣˊ	動漫	1	20	absent			-7.354194117						龍之風的人	龍之峰帝人	龍/之/風/的/人	龍之峰帝人	True	True	1		phrase.anime.tsv	2538	
龍咲海	ㄌㄨㄥˊ ㄒㄧㄠˋ ㄏㄞˇ	動漫	1	15	absent			-7.354194117						龍校海	龍咲海	龍/校/海	龍咲海	True	True	1		phrase.anime.tsv	2539	
龍宮寺堅	ㄌㄨㄥˊ ㄍㄨㄥ ㄙˋ ㄐㄧㄢ	動漫	1	17	absent			-7.354194117						龍公四間	龍宮寺堅	龍/公/四/間	龍宮寺堅	True	True	1		phrase.anime.tsv	2540	
龍宮禮奈	ㄌㄨㄥˊ ㄍㄨㄥ ㄌㄧˇ ㄋㄞˋ	動漫	1	17	absent			-7.354194117						龍公里耐	龍宮禮奈	龍/公里/耐	龍宮禮奈	True	True	1		phrase.anime.tsv	2541	
龍崎怜	ㄌㄨㄥˊ ㄑㄧˊ ㄌㄧㄥˊ	動漫	1	11	absent			-7.354194117						龍其靈	龍崎怜	龍/其/靈	龍崎怜	True	True	1		phrase.anime.tsv	2542	
龍崎憲一朗	ㄌㄨㄥˊ ㄑㄧˊ ㄒㄧㄢˋ ㄧ ㄌㄤˇ	動漫	1	15	absent			-7.354194117						龍期限伊朗	龍崎憲一朗	龍/期限/伊朗	龍崎憲一朗	True	True	1		phrase.anime.tsv	2543	
龍與虎	ㄌㄨㄥˊ ㄩˇ ㄏㄨˇ	動漫	1	24	absent			-7.354194117						龍與許	龍與虎	龍/與/許	龍與虎	True	True	1		phrase.anime.tsv	2545	
龜派氣功	ㄍㄨㄟ ㄆㄞˋ ㄑㄧˋ ㄍㄨㄥ	動漫	1	16	absent			-7.354194117						規派氣功	龜派氣功	規/派/氣功	龜派氣功	True	True	1		phrase.anime.tsv	2547	
