word	reading	category	target_count	source_count	mcp_same_text_source_count	mcp_exact_words	mcp_best_exact_score	new_log10_probability	new_minus_best_exact	mcp_best_split	new_minus_best_split	mcp_best_path	new_minus_best_path	before_text	after_text	before_segments	after_segments	default_changed	new_word_default	new_word_candidate_rank	mcp_raw_mapping_words	file	line	source_word
一之瀨四季	ㄧ ㄓ ㄌㄞˋ ㄙˋ ㄐㄧˋ	動漫	1	17	absent			-7.354194117						一支來四季	一之瀨四季	一支/來/四季	一之瀨四季	True	True	1		phrase.anime.tsv	2	
一之瀨琴美	ㄧ ㄓ ㄌㄞˋ ㄑㄧㄣˊ ㄇㄟˇ	動漫	1	13	absent			-7.354194117						一支來琴美	一之瀨琴美	一支/來/琴/美	一之瀨琴美	True	True	1		phrase.anime.tsv	3	
一刻館	ㄧ ㄎㄜˋ ㄍㄨㄢˇ	動漫	1	12	absent			-7.354194117						一課管	一刻館	一/課/管	一刻館	True	True	1		phrase.anime.tsv	6	
一拳超人	ㄧ ㄑㄩㄢˊ ㄔㄠ ㄖㄣˊ	動漫	1	25	absent			-7.354194117		一拳/超人	4.969482374	一拳/超人	4.969482374	一全超人	一拳超人	一/全/超人	一拳超人	True	True	1		phrase.anime.tsv	9	
一色彩羽	ㄧ ㄙㄜˋ ㄘㄞˇ ㄩˇ	動漫	1	13	absent			-7.354194117						一色彩與	一色彩羽	一/色彩/與	一色彩羽	True	True	1		phrase.anime.tsv	17	
一色慧	ㄧ ㄙㄜˋ ㄏㄨㄟˋ	動漫	1	11	absent			-7.354194117						一色會	一色慧	一/色/會	一色慧	True	True	1		phrase.anime.tsv	18	
一零八課綱	ㄧ ㄌㄧㄥˊ ㄅㄚ ㄎㄜˋ ㄍㄤ	一般	1	14	absent			-7.354194117						一零八課剛	一零八課綱	一零八/課/剛	一零八課綱	True	True	1		phrase.general.tsv	3	
七大罪	ㄑㄧ ㄉㄚˋ ㄗㄨㄟˋ	動漫	1	22	absent			-7.354194117						七大最	七大罪	七/大/最	七大罪	True	True	1		phrase.anime.tsv	20	
七尾梢	ㄑㄧ ㄨㄟˇ ㄕㄠ	動漫	1	12	absent			-7.354194117						七委燒	七尾梢	七/委/燒	七尾梢	True	True	1		phrase.anime.tsv	22	
七瀨美雪	ㄑㄧ ㄌㄞˋ ㄇㄟˇ ㄒㄩㄝˇ	動漫	1	19	absent			-7.354194117						七來美雪	七瀨美雪	七/來/美/雪	七瀨美雪	True	True	1		phrase.anime.tsv	26	
七瀨花凜	ㄑㄧ ㄌㄞˋ ㄏㄨㄚ ㄌㄧㄣˇ	動漫	1	13	absent			-7.354194117						七來花凜	七瀨花凜	七/來/花/凜	七瀨花凜	True	True	1		phrase.anime.tsv	27	
七瀨遙	ㄑㄧ ㄌㄞˋ ㄧㄠˊ	動漫	1	19	absent			-7.354194117						七來搖	七瀨遙	七/來/搖	七瀨遙	True	True	1		phrase.anime.tsv	28	
七瀨陸	ㄑㄧ ㄌㄞˋ ㄌㄨˋ	動漫	1	17	absent			-7.354194117						七來路	七瀨陸	七/來/路	七瀨陸	True	True	1		phrase.anime.tsv	29	
丈槍由紀	ㄓㄤˋ ㄑㄧㄤ ㄧㄡˊ ㄐㄧˋ	動漫	1	18	absent			-7.354194117						帳將遊記	丈槍由紀	帳/將/遊記	丈槍由紀	True	True	1		phrase.anime.tsv	31	
三井壽	ㄙㄢ ㄐㄧㄥˇ ㄕㄡˋ	動漫	1	15	absent			-7.354194117						三景受	三井壽	三/景/受	三井壽	True	True	1		phrase.anime.tsv	32	
三千院凪	ㄙㄢ ㄑㄧㄢ ㄩㄢˋ ㄓˇ	動漫	1	17	absent			-7.354194117						三千院只	三千院凪	三千/院/只	三千院凪	True	True	1		phrase.anime.tsv	33	
三向交握	ㄙㄢ ㄒㄧㄤˋ ㄐㄧㄠ ㄨㄛˋ	網路資安	1	10	absent			-7.354194117						三項交握	三向交握	三項/交/握	三向交握	True	True	1		phrase.network-security.tsv	3	
三尖瓣逆流	ㄙㄢ ㄐㄧㄢ ㄅㄢˋ ㄋㄧˋ ㄌㄧㄡˊ	醫學	1	6	absent			-7.354194117						三間辦逆流	三尖瓣逆流	三/間/辦/逆流	三尖瓣逆流	True	True	1		phrase.medicine.tsv	2	
三日月閑	ㄙㄢ ㄖˋ ㄩㄝˋ ㄒㄧㄢˊ	動漫	1	17	absent			-7.354194117						三日月嫌	三日月閑	三日/月/嫌	三日月閑	True	True	1		phrase.anime.tsv	36	
三木清良	ㄙㄢ ㄇㄨˋ ㄑㄧㄥ ㄌㄧㄤˊ	動漫	1	14	absent			-7.354194117						三目清涼	三木清良	三/目/清涼	三木清良	True	True	1		phrase.anime.tsv	37	
三橋廉	ㄙㄢ ㄑㄧㄠˊ ㄌㄧㄢˊ	動漫	1	16	absent			-7.354194117						三僑聯	三橋廉	三/僑聯	三橋廉	True	True	1		phrase.anime.tsv	38	
三浦梓	ㄙㄢ ㄆㄨˇ ㄗˇ	動漫	1	8	absent			-7.354194117						三普子	三浦梓	三/普/子	三浦梓	True	True	1		phrase.anime.tsv	39	
三相三線	ㄙㄢ ㄒㄧㄤˋ ㄙㄢ ㄒㄧㄢˋ	電子電機	1	11	absent			-7.354194117						三項三線	三相三線	三項/三/線	三相三線	True	True	1		phrase.electronics.tsv	3	
三相不平衡	ㄙㄢ ㄒㄧㄤˋ ㄅㄨˋ ㄆㄧㄥˊ ㄏㄥˊ	電子電機	1	2	absent			-7.354194117		三項/不平衡	3.966804291	三項/不平衡	3.966804291	三項不平衡	三相不平衡	三項/不平衡	三相不平衡	True	True	1		phrase.electronics.tsv	4	
三相四線	ㄙㄢ ㄒㄧㄤˋ ㄙˋ ㄒㄧㄢˋ	電子電機	1	9	absent			-7.354194117		三項/四線	4.665774295	三項/四線	4.665774295	三項四現	三相四線	三項/四/現	三相四線	True	True	1		phrase.electronics.tsv	5	
三省六部制	ㄙㄢ ㄕㄥˇ ㄌㄧㄡˋ ㄅㄨˋ ㄓˋ	歷史	1	6	absent			-7.354194117						三省六佈置	三省六部制	三/省/六/佈置	三省六部制	True	True	1		phrase.history.tsv	3	
三葉睦實	ㄙㄢ ㄧㄝˋ ㄇㄨˋ ㄕˊ	動漫	1	11	absent			-7.354194117		三頁/木石	5.922830353	三頁/木石	5.922830353	三頁目時	三葉睦實	三頁/目/時	三葉睦實	True	True	1		phrase.anime.tsv	41	
三鷹瞬	ㄙㄢ ㄧㄥ ㄕㄨㄣˋ	動漫	1	14	absent			-7.354194117						三應順	三鷹瞬	三/應/順	三鷹瞬	True	True	1		phrase.anime.tsv	42	
上之山立夏	ㄕㄤˋ ㄓ ㄕㄢ ㄌㄧˋ ㄒㄧㄚˋ	動漫	1	15	absent			-7.354194117						上之山立下	上之山立夏	上/之/山/立下	上之山立夏	True	True	1		phrase.anime.tsv	43	
上古音	ㄕㄤˋ ㄍㄨˇ ㄧㄣ	中文	1	11	absent			-7.354194117						上古因	上古音	上/古/因	上古音	True	True	1		phrase.chinese.tsv	3	
上杉風太郎	ㄕㄤˋ ㄕㄢ ㄈㄥ ㄊㄞˋ ㄌㄤˊ	動漫	1	21	absent			-7.354194117						上山風太郎	上杉風太郎	上山/風/太郎	上杉風太郎	True	True	1		phrase.anime.tsv	44	
不二周助	ㄅㄨˊ ㄦˋ ㄓㄡ ㄓㄨˋ	動漫	1	16	absent			-7.354194117						不二洲助	不二周助	不/二/洲/助	不二周助	True	True	1		phrase.anime.tsv	47	
不作為犯	ㄅㄨˊ ㄗㄨㄛˋ ㄨㄟˋ ㄈㄢˋ	法律	1	10	absent			-7.354194117						不做為範	不作為犯	不做/為/範	不作為犯	True	True	1		phrase.law.tsv	3	
不動產役權	ㄅㄨˊ ㄉㄨㄥˋ ㄔㄢˇ ㄧˋ ㄑㄩㄢˊ	法律	1	4	absent			-7.354194117		不動產/一拳	4.8227152	不動產/一拳	4.8227152	不動產一全	不動產役權	不動產/一/全	不動產役權	True	True	1		phrase.law.tsv	4	
不死酒	ㄅㄨˋ ㄙˇ ㄐㄧㄡˇ	動漫	1	11	absent			-7.354194117						不死九	不死酒	不死/九	不死酒	True	True	1		phrase.anime.tsv	58	
不自證己罪	ㄅㄨˊ ㄗˋ ㄓㄥˋ ㄐㄧˇ ㄗㄨㄟˋ	法律	1	3	absent			-7.354194117						不自政己最	不自證己罪	不自/政/己/最	不自證己罪	True	True	1		phrase.law.tsv	10	
丘魯克	ㄑㄧㄡ ㄌㄨˇ ㄎㄜˋ	動漫	1	13	absent			-7.354194117						秋魯客	丘魯克	秋/魯/客	丘魯克	True	True	1		phrase.anime.tsv	65	
丙胺酸	ㄅㄧㄥˇ ㄢˋ ㄙㄨㄢ	醫學	1	12	absent			-7.354194117						丙案酸	丙胺酸	丙/案/酸	丙胺酸	True	True	1		phrase.medicine.tsv	9	
中務椿	ㄓㄨㄥ ㄨˋ ㄔㄨㄣ	動漫	1	11	absent			-7.354194117						中物春	中務椿	中/物/春	中務椿	True	True	1		phrase.anime.tsv	68	
中原瑞希	ㄓㄨㄥ ㄩㄢˊ ㄖㄨㄟˋ ㄒㄧ	動漫	1	17	absent			-7.354194117						中原瑞西	中原瑞希	中原/瑞/西	中原瑞希	True	True	1		phrase.anime.tsv	70	
中島敦	ㄓㄨㄥ ㄉㄠˇ ㄉㄨㄣ	動漫	1	22	absent			-7.354194117						中導敦	中島敦	中/導/敦	中島敦	True	True	1		phrase.anime.tsv	72	
中川圭一	ㄓㄨㄥ ㄔㄨㄢ ㄍㄨㄟ ㄧ	動漫	1	21	absent			-7.354194117						中穿規一	中川圭一	中/穿/規/一	中川圭一	True	True	1		phrase.anime.tsv	73	
中止未遂	ㄓㄨㄥ ㄓˇ ㄨㄟˋ ㄙㄨㄟˋ	法律	1	10	absent			-7.354194117		終止/未遂	3.842444406	終止/未遂	3.842444406	終止未遂	中止未遂	終止/未遂	中止未遂	True	True	1		phrase.law.tsv	12	
中程計畫	ㄓㄨㄥ ㄔㄥˊ ㄐㄧˋ ㄏㄨㄚˋ	公務員公文	1	15	absent			-7.354194117		忠誠/計畫	1.513957503	忠誠/計畫	1.513957503	中成計畫	中程計畫	中/成/計畫	中程計畫	True	True	1	中程計劃	phrase.government.tsv	2	
中野一花	ㄓㄨㄥ ㄧㄝˇ ㄧ ㄏㄨㄚ	動漫	1	18	absent			-7.354194117						中也一花	中野一花	中/也/一/花	中野一花	True	True	1		phrase.anime.tsv	75	
中野三玖	ㄓㄨㄥ ㄧㄝˇ ㄙㄢ ㄐㄧㄡˇ	動漫	1	14	absent			-7.354194117						中也三九	中野三玖	中/也/三九	中野三玖	True	True	1		phrase.anime.tsv	76	
中野二乃	ㄓㄨㄥ ㄧㄝˇ ㄦˋ ㄋㄞˇ	動漫	1	16	absent			-7.354194117						中也二乃	中野二乃	中/也/二/乃	中野二乃	True	True	1		phrase.anime.tsv	77	
中野五月	ㄓㄨㄥ ㄧㄝˇ ㄨˇ ㄩㄝˋ	動漫	1	11	absent			-7.354194117						中也五月	中野五月	中/也/五月	中野五月	True	True	1		phrase.anime.tsv	78	
中野四葉	ㄓㄨㄥ ㄧㄝˇ ㄙˋ ㄧㄝˋ	動漫	1	12	absent			-7.354194117						中也四業	中野四葉	中/也/四/業	中野四葉	True	True	1		phrase.anime.tsv	79	
中野梓	ㄓㄨㄥ ㄧㄝˇ ㄗˇ	動漫	1	13	absent			-7.354194117						中也子	中野梓	中/也/子	中野梓	True	True	1		phrase.anime.tsv	80	
丹特麗安	ㄉㄢ ㄊㄜˋ ㄌㄧˋ ㄢ	動漫	1	20	absent			-7.354194117						單特例安	丹特麗安	單/特例/安	丹特麗安	True	True	1		phrase.anime.tsv	81	
丹生谷森夏	ㄉㄢ ㄕㄥ ㄍㄨˇ ㄙㄣ ㄒㄧㄚˋ	動漫	1	15	absent			-7.354194117						單生古森下	丹生谷森夏	單/生/古/森/下	丹生谷森夏	True	True	1		phrase.anime.tsv	82	
主謂句	ㄓㄨˇ ㄨㄟˋ ㄐㄩˋ	中文	1	13	absent			-7.354194117						主畏懼	主謂句	主/畏懼	主謂句	True	True	1		phrase.chinese.tsv	10	
主謂複詞	ㄓㄨˇ ㄨㄟˋ ㄈㄨˋ ㄘˊ	中文	1	13	absent			-7.354194117		主位/副詞	4.849044139	主位/副詞	4.849044139	主為副詞	主謂複詞	主/為/副詞	主謂複詞	True	True	1		phrase.chinese.tsv	11	
乃木英樹	ㄋㄞˇ ㄇㄨˋ ㄧㄥ ㄕㄨˋ	動漫	1	14	absent			-7.354194117						奶目應數	乃木英樹	奶/目/應/數	乃木英樹	True	True	1		phrase.anime.tsv	83	
久世政近	ㄐㄧㄡˇ ㄕˋ ㄓㄥˋ ㄐㄧㄣˋ	動漫	1	19	absent			-7.354194117						九市政進	久世政近	九/市政/進	久世政近	True	True	1		phrase.anime.tsv	84	
久保明菜	ㄐㄧㄡˇ ㄅㄠˇ ㄇㄧㄥˊ ㄘㄞˋ	動漫	1	13	absent			-7.354194117		酒保/名菜	6.752134126	酒保/名菜	6.752134126	九保明菜	久保明菜	九/保/明/菜	久保明菜	True	True	1		phrase.anime.tsv	86	
久保渚咲	ㄐㄧㄡˇ ㄅㄠˇ ㄓㄨˇ ㄒㄧㄠˋ	動漫	1	15	absent			-7.354194117						九保主校	久保渚咲	九/保/主/校	久保渚咲	True	True	1		phrase.anime.tsv	87	
久城一彌	ㄐㄧㄡˇ ㄔㄥˊ ㄧ ㄇㄧˊ	動漫	1	19	absent			-7.354194117						九成一迷	久城一彌	九/成/一/迷	久城一彌	True	True	1		phrase.anime.tsv	88	
久堂清霞	ㄐㄧㄡˇ ㄊㄤˊ ㄑㄧㄥ ㄒㄧㄚˊ	動漫	1	16	absent			-7.354194117						九堂清峽	久堂清霞	九/堂/清/峽	久堂清霞	True	True	1		phrase.anime.tsv	89	
久川鐵道	ㄐㄧㄡˇ ㄔㄨㄢ ㄊㄧㄝˇ ㄉㄠˋ	動漫	1	11	absent			-7.354194117						九穿鐵道	久川鐵道	九/穿/鐵道	久川鐵道	True	True	1		phrase.anime.tsv	90	
久武忍	ㄐㄧㄡˇ ㄨˇ ㄖㄣˇ	動漫	1	16	absent			-7.354194117						九五忍	久武忍	九五/忍	久武忍	True	True	1		phrase.anime.tsv	91	
久留米誠	ㄐㄧㄡˇ ㄌㄧㄡˊ ㄇㄧˇ ㄔㄥˊ	動漫	1	11	absent			-7.354194117						九流米成	久留米誠	九/流/米/成	久留米誠	True	True	1		phrase.anime.tsv	92	
乙木守仁	ㄧˇ ㄇㄨˋ ㄕㄡˇ ㄖㄣˊ	動漫	1	18	absent			-7.354194117						以目手人	乙木守仁	以/目/手/人	乙木守仁	True	True	1		phrase.anime.tsv	97	
乙骨憂太	ㄧˇ ㄍㄨˇ ㄧㄡ ㄊㄞˋ	動漫	1	12	absent			-7.354194117						以古優太	乙骨憂太	以/古/優/太	乙骨憂太	True	True	1		phrase.anime.tsv	98	
九品中正制	ㄐㄧㄡˇ ㄆㄧㄣˇ ㄓㄨㄥ ㄓㄥˋ ㄓˋ	歷史	1	4	absent			-7.354194117						九品中政治	九品中正制	九/品/中/政治	九品中正制	True	True	1		phrase.history.tsv	7	
乳酸脫氫酶	ㄖㄨˇ ㄙㄨㄢ ㄊㄨㄛ ㄑㄧㄥ ㄇㄟˊ	醫學	1	6	absent			-7.354194117						乳酸脫氫沒	乳酸脫氫酶	乳酸/脫/氫/沒	乳酸脫氫酶	True	True	1		phrase.medicine.tsv	16	
乾心壽	ㄍㄢ ㄒㄧㄣ ㄕㄡˋ	動漫	1	15	absent			-7.354194117						甘心受	乾心壽	甘心/受	乾心壽	True	True	1		phrase.anime.tsv	103	
乾紗壽葉	ㄍㄢ ㄕㄚ ㄕㄡˋ ㄧㄝˋ	動漫	1	17	absent			-7.354194117						乾殺受業	乾紗壽葉	乾/殺/受/業	乾紗壽葉	True	True	1		phrase.anime.tsv	104	
亂馬二分之一	ㄌㄨㄢˋ ㄇㄚˇ ㄦˋ ㄈㄣ ㄓ ㄧ	動漫	1	25	absent			-7.354194117		亂碼/二分之一	3.770428749	亂碼/二分之一	3.770428749	亂碼二分之一	亂馬二分之一	亂碼/二分之一	亂馬二分之一	True	True	1		phrase.anime.tsv	105	亂馬1/2
二尖瓣逆流	ㄦˋ ㄐㄧㄢ ㄅㄢˋ ㄋㄧˋ ㄌㄧㄡˊ	醫學	1	6	absent			-7.354194117						二間辦逆流	二尖瓣逆流	二/間/辦/逆流	二尖瓣逆流	True	True	1		phrase.medicine.tsv	18	
二海堂晴信	ㄦˋ ㄏㄞˇ ㄊㄤˊ ㄑㄧㄥˊ ㄒㄧㄣˋ	動漫	1	12	absent			-7.354194117						二海棠情信	二海堂晴信	二/海棠/情/信	二海堂晴信	True	True	1		phrase.anime.tsv	109	
二藤宏嵩	ㄦˋ ㄊㄥˊ ㄏㄨㄥˊ ㄙㄨㄥ	動漫	1	17	absent			-7.354194117						二騰紅鬆	二藤宏嵩	二/騰/紅/鬆	二藤宏嵩	True	True	1		phrase.anime.tsv	110	
二藤尚哉	ㄦˋ ㄊㄥˊ ㄕㄤˋ ㄗㄞ	動漫	1	12	absent			-7.354194117						二騰上災	二藤尚哉	二/騰/上/災	二藤尚哉	True	True	1		phrase.anime.tsv	111	
二階堂咲	ㄦˋ ㄐㄧㄝ ㄊㄤˊ ㄒㄧㄠˋ	動漫	1	17	absent			-7.354194117						二階堂校	二階堂咲	二/階/堂/校	二階堂咲	True	True	1		phrase.anime.tsv	112	
二點五維	ㄦˋ ㄉㄧㄢˇ ㄨˇ ㄨㄟˊ	晶片半導體	1	11	absent			-7.354194117						二點五為	二點五維	二點/五/為	二點五維	True	True	1		phrase.semiconductor.tsv	3	
互文性	ㄏㄨˋ ㄨㄣˊ ㄒㄧㄥˋ	中文	1	12	absent			-7.354194117						護文性	互文性	護/文/性	互文性	True	True	1		phrase.chinese.tsv	13	
五代裕作	ㄨˇ ㄉㄞˋ ㄩˋ ㄗㄨㄛˋ	動漫	1	15	absent			-7.354194117						五待遇作	五代裕作	五/待遇/作	五代裕作	True	True	1		phrase.anime.tsv	114	
五十嵐雙葉	ㄨˇ ㄕˊ ㄌㄢˊ ㄕㄨㄤ ㄧㄝˋ	動漫	1	17	absent			-7.354194117						五十蘭雙業	五十嵐雙葉	五十/蘭/雙/業	五十嵐雙葉	True	True	1		phrase.anime.tsv	115	
五條悟	ㄨˇ ㄊㄧㄠˊ ㄨˋ	動漫	1	17	absent			-7.354194117						五條物	五條悟	五條/物	五條悟	True	True	1		phrase.anime.tsv	117	
五條新菜	ㄨˇ ㄊㄧㄠˊ ㄒㄧㄣ ㄘㄞˋ	動漫	1	22	absent			-7.354194117						五調薪菜	五條新菜	五/調薪/菜	五條新菜	True	True	1		phrase.anime.tsv	118	
五河士道	ㄨˇ ㄏㄜˊ ㄕˋ ㄉㄠˋ	動漫	1	22	absent			-7.354194117		五盒/市道	5.922830353	五盒/市道	5.922830353	五和是到	五河士道	五/和/是/到	五河士道	True	True	1		phrase.anime.tsv	119	
五河琴里	ㄨˇ ㄏㄜˊ ㄑㄧㄣˊ ㄌㄧˇ	動漫	1	15	absent			-7.354194117						五和琴理	五河琴里	五/和/琴/理	五河琴里	True	True	1		phrase.anime.tsv	120	
井上織姬	ㄐㄧㄥˇ ㄕㄤˋ ㄓ ㄐㄧ	動漫	1	18	absent			-7.354194117						景上之機	井上織姬	景/上/之/機	井上織姬	True	True	1		phrase.anime.tsv	123	
井之上瀧奈	ㄐㄧㄥˇ ㄓ ㄕㄤˋ ㄌㄨㄥˊ ㄋㄞˋ	動漫	1	19	absent			-7.354194117						景之上龍耐	井之上瀧奈	景/之/上/龍/耐	井之上瀧奈	True	True	1		phrase.anime.tsv	124	
井之原真人	ㄐㄧㄥˇ ㄓ ㄩㄢˊ ㄓㄣ ㄖㄣˊ	動漫	1	12	absent			-7.354194117						景支援真人	井之原真人	景/支援/真/人	井之原真人	True	True	1		phrase.anime.tsv	125	
亞也子	ㄧㄚˇ ㄧㄝˇ ㄗ˙	動漫	1	11	absent			-7.354194117						雅也子	亞也子	雅/也/子	亞也子	True	True	1		phrase.anime.tsv	126	
亞修林克斯	ㄧㄚˇ ㄒㄧㄡ ㄌㄧㄣˊ ㄎㄜˋ ㄙ	動漫	1	21	absent			-7.354194117						雅修林客司	亞修林克斯	雅/修/林/客/司	亞修林克斯	True	True	1		phrase.anime.tsv	129	
亞可卡嘉莉	ㄧㄚˇ ㄎㄜˇ ㄎㄚˇ ㄐㄧㄚ ㄌㄧˋ	動漫	1	19	absent			-7.354194117						雅可卡家力	亞可卡嘉莉	雅/可/卡/家/力	亞可卡嘉莉	True	True	1		phrase.anime.tsv	130	
亞左弔兵衛	ㄧㄚˇ ㄗㄨㄛˇ ㄉㄧㄠˋ ㄅㄧㄥ ㄨㄟˋ	動漫	1	14	absent			-7.354194117						雅左調兵為	亞左弔兵衛	雅/左/調兵/為	亞左弔兵衛	True	True	1		phrase.anime.tsv	131	
亞拉斯特爾	ㄧㄚˇ ㄌㄚ ㄙ ㄊㄜˋ ㄦˇ	動漫	1	16	absent			-7.354194117						雅拉絲特爾	亞拉斯特爾	雅/拉絲/特/爾	亞拉斯特爾	True	True	1		phrase.anime.tsv	132	
亞森羅蘋	ㄧㄚˇ ㄙㄣ ㄌㄨㄛˊ ㄆㄧㄥˊ	動漫	1	11	absent			-7.354194117						雅森羅平	亞森羅蘋	雅/森/羅/平	亞森羅蘋	True	True	1		phrase.anime.tsv	134	
亞爾加德	ㄧㄚˇ ㄦˇ ㄐㄧㄚ ㄉㄜˊ	動漫	1	11	absent			-7.354194117						雅爾家得	亞爾加德	雅/爾/家/得	亞爾加德	True	True	1		phrase.anime.tsv	135	
亞瑟波義耳	ㄧㄚˇ ㄙㄜˋ ㄅㄛ ㄧˋ ㄦˇ	動漫	1	17	absent			-7.354194117						雅色波一爾	亞瑟波義耳	雅/色/波/一/爾	亞瑟波義耳	True	True	1		phrase.anime.tsv	136	
亞白米娜	ㄧㄚˇ ㄅㄞˊ ㄇㄧˇ ㄋㄚˋ	動漫	1	18	absent			-7.354194117						雅白米那	亞白米娜	雅/白米/那	亞白米娜	True	True	1		phrase.anime.tsv	138	
亞童木	ㄧㄚˇ ㄊㄨㄥˊ ㄇㄨˋ	動漫	1	17	absent			-7.354194117						雅同目	亞童木	雅/同/目	亞童木	True	True	1		phrase.anime.tsv	139	
亞細亞實	ㄧㄚˇ ㄒㄧˋ ㄧㄚˇ ㄕˊ	動漫	1	14	absent			-7.354194117						亞細亞時	亞細亞實	亞細亞/時	亞細亞實	True	True	1		phrase.anime.tsv	140	
亞絲娜	ㄧㄚˇ ㄙ ㄋㄚˋ	動漫	1	21	absent			-7.354194117						亞斯那	亞絲娜	亞斯/那	亞絲娜	True	True	1		phrase.anime.tsv	141	
亞連沃克	ㄧㄚˇ ㄌㄧㄢˊ ㄨㄛˋ ㄎㄜˋ	動漫	1	18	absent			-7.354194117						雅連握客	亞連沃克	雅/連/握/客	亞連沃克	True	True	1		phrase.anime.tsv	142	
亞魯雷特	ㄧㄚˇ ㄌㄨˇ ㄌㄟˊ ㄊㄜˋ	動漫	1	19	absent			-7.354194117						雅魯雷特	亞魯雷特	雅/魯/雷/特	亞魯雷特	True	True	1		phrase.anime.tsv	143	
交換式電源	ㄐㄧㄠ ㄏㄨㄢˋ ㄕˋ ㄉㄧㄢˋ ㄩㄢˊ	電子電機	1	4	absent			-7.354194117						交換是電源	交換式電源	交換/是/電源	交換式電源	True	True	1		phrase.electronics.tsv	9	
亥姆霍茲	ㄏㄞˋ ㄇㄨˇ ㄏㄨㄛˋ ㄗ	科學	1	11	absent			-7.354194117						害母或資	亥姆霍茲	害/母/或/資	亥姆霍茲	True	True	1		phrase.science.tsv	5	
人衣一體	ㄖㄣˊ ㄧ ㄧ ㄊㄧˇ	動漫	1	13	absent			-7.354194117		仁醫/一體	4.409711445	仁醫/一體	4.409711445	人一一體	人衣一體	人/一一/體	人衣一體	True	True	1		phrase.anime.tsv	150	
仁坂悠介	ㄖㄣˊ ㄅㄢˇ ㄧㄡ ㄐㄧㄝˋ	動漫	1	11	absent			-7.354194117						人版優界	仁坂悠介	人/版/優/界	仁坂悠介	True	True	1		phrase.anime.tsv	152	
今井綠	ㄐㄧㄣ ㄐㄧㄥˇ ㄌㄩˋ	動漫	1	11	absent			-7.354194117						今景率	今井綠	今/景/率	今井綠	True	True	1		phrase.anime.tsv	153	
今村耕平	ㄐㄧㄣ ㄘㄨㄣ ㄍㄥ ㄆㄧㄥˊ	動漫	1	17	absent			-7.354194117						今村更平	今村耕平	今/村/更/平	今村耕平	True	True	1		phrase.anime.tsv	155	
今泉俊輔	ㄐㄧㄣ ㄑㄩㄢˊ ㄐㄩㄣˋ ㄈㄨˇ	動漫	1	15	absent			-7.354194117						今全俊府	今泉俊輔	今/全/俊/府	今泉俊輔	True	True	1		phrase.anime.tsv	156	
介電材料	ㄐㄧㄝˋ ㄉㄧㄢˋ ㄘㄞˊ ㄌㄧㄠˋ	材料化工	1	12	absent			-7.354194117						借電材料	介電材料	借/電/材料	介電材料	True	True	1		phrase.materials-chemistry.tsv	2	
仙石翔	ㄒㄧㄢ ㄕˊ ㄒㄧㄤˊ	動漫	1	12	absent			-7.354194117						先時祥	仙石翔	先/時/祥	仙石翔	True	True	1		phrase.anime.tsv	157	
以太幣	ㄧˇ ㄊㄞˋ ㄅㄧˋ	一般	1	12	absent			-7.354194117						以太必	以太幣	以/太/必	以太幣	True	True	1		phrase.general.tsv	6	
仲村由理	ㄓㄨㄥˋ ㄘㄨㄣ ㄧㄡˊ ㄌㄧˇ	動漫	1	18	absent			-7.354194117						重村由理	仲村由理	重/村/由/理	仲村由理	True	True	1		phrase.anime.tsv	161	
伊井野御子	ㄧ ㄐㄧㄥˇ ㄧㄝˇ ㄩˋ ㄗ˙	動漫	1	12	absent			-7.354194117						一景也與子	伊井野御子	一/景/也/與/子	伊井野御子	True	True	1		phrase.anime.tsv	163	
伊佐木要	ㄧ ㄗㄨㄛˇ ㄇㄨˋ ㄧㄠˋ	動漫	1	12	absent			-7.354194117						一左目要	伊佐木要	一/左/目/要	伊佐木要	True	True	1		phrase.anime.tsv	164	
伊佐那社	ㄧ ㄗㄨㄛˇ ㄋㄚˋ ㄕㄜˋ	動漫	1	17	absent			-7.354194117						一左那設	伊佐那社	一/左/那/設	伊佐那社	True	True	1		phrase.anime.tsv	165	
伊原摩耶花	ㄧ ㄩㄢˊ ㄇㄛˊ ㄧㄝ ㄏㄨㄚ	動漫	1	15	absent			-7.354194117						一員模耶花	伊原摩耶花	一/員/模/耶/花	伊原摩耶花	True	True	1		phrase.anime.tsv	166	
伊吹風子	ㄧ ㄔㄨㄟ ㄈㄥ ㄗ˙	動漫	1	11	absent			-7.354194117						一吹風子	伊吹風子	一/吹風/子	伊吹風子	True	True	1		phrase.anime.tsv	167	
伊地知星歌	ㄧ ㄉㄧˋ ㄓ ㄒㄧㄥ ㄍㄜ	動漫	1	14	absent			-7.354194117						一地之星歌	伊地知星歌	一/地/之/星/歌	伊地知星歌	True	True	1		phrase.anime.tsv	168	
伊地知虹夏	ㄧ ㄉㄧˋ ㄓ ㄏㄨㄥˊ ㄒㄧㄚˋ	動漫	1	20	absent			-7.354194117						一地之紅下	伊地知虹夏	一/地/之/紅/下	伊地知虹夏	True	True	1		phrase.anime.tsv	169	
伊芙加登	ㄧ ㄈㄨˊ ㄐㄧㄚ ㄉㄥ	動漫	1	23	absent			-7.354194117		衣服/加登	4.443036509	衣服/加登	4.443036509	衣服家登	伊芙加登	衣服/家/登	伊芙加登	True	True	1		phrase.anime.tsv	170	
伊莉娜	ㄧ ㄌㄧˋ ㄋㄚˋ	動漫	1	11	absent			-7.354194117						一力那	伊莉娜	一/力/那	伊莉娜	True	True	1		phrase.anime.tsv	171	
伊莉雅	ㄧ ㄌㄧˋ ㄧㄚˇ	動漫	1	19	absent			-7.354194117						一力亞	伊莉雅	一/力/亞	伊莉雅	True	True	1		phrase.anime.tsv	173	
伊莉雅珊瑚	ㄧ ㄌㄧˋ ㄧㄚˇ ㄕㄢ ㄏㄨˊ	動漫	1	13	absent			-7.354194117						一力亞珊瑚	伊莉雅珊瑚	一/力/亞/珊瑚	伊莉雅珊瑚	True	True	1		phrase.anime.tsv	174	
伊莎貝拉	ㄧ ㄕㄚ ㄅㄟˋ ㄌㄚ	動漫	1	15	absent			-7.354194117						一殺貝拉	伊莎貝拉	一/殺/貝拉	伊莎貝拉	True	True	1		phrase.anime.tsv	175	
伊藤開司	ㄧ ㄊㄥˊ ㄎㄞ ㄙ	動漫	1	20	absent			-7.354194117						伊藤開私	伊藤開司	伊藤/開/私	伊藤開司	True	True	1		phrase.anime.tsv	176	
伏見猿比古	ㄈㄨˊ ㄐㄧㄢˋ ㄩㄢˊ ㄅㄧˇ ㄍㄨˇ	動漫	1	9	absent			-7.354194117						福建員比古	伏見猿比古	福建/員/比/古	伏見猿比古	True	True	1		phrase.anime.tsv	178	
伏黑惠	ㄈㄨˊ ㄏㄟ ㄏㄨㄟˋ	動漫	1	22	absent			-7.354194117						伏黑會	伏黑惠	伏/黑/會	伏黑惠	True	True	1		phrase.anime.tsv	179	
伯羅奔尼撒	ㄅㄛˊ ㄌㄨㄛˊ ㄅㄣ ㄋㄧˊ ㄙㄚ	歷史	1	4	absent			-7.354194117						柏羅奔尼三	伯羅奔尼撒	柏/羅/奔/尼/三	伯羅奔尼撒	True	True	1		phrase.history.tsv	11	
伯雷亞斯	ㄅㄛˊ ㄌㄟˊ ㄧㄚˇ ㄙ	動漫	1	15	absent			-7.354194117						柏雷亞斯	伯雷亞斯	柏/雷/亞斯	伯雷亞斯	True	True	1		phrase.anime.tsv	181	
低擬真原型	ㄉㄧ ㄋㄧˇ ㄓㄣ ㄩㄢˊ ㄒㄧㄥˊ	媒體設計	1	5	absent			-7.354194117						低你真原型	低擬真原型	低/你/真/原型	低擬真原型	True	True	1		phrase.media-design.tsv	6	
低秩適配	ㄉㄧ ㄓˋ ㄕˋ ㄆㄟˋ	AI資料科學	1	12	absent			-7.354194117						低秩是配	低秩適配	低/秩/是/配	低秩適配	True	True	1		phrase.ai-data-science.tsv	13	
佐佐原宗平	ㄗㄨㄛˇ ㄗㄨㄛˇ ㄩㄢˊ ㄗㄨㄥ ㄆㄧㄥˊ	動漫	1	12	absent			-7.354194117						左左員宗平	佐佐原宗平	左/左/員/宗/平	佐佐原宗平	True	True	1		phrase.anime.tsv	182	
佐佐木	ㄗㄨㄛˇ ㄗㄨㄛˇ ㄇㄨˋ	動漫	1	12	absent			-7.354194117						左左目	佐佐木	左/左/目	佐佐木	True	True	1		phrase.anime.tsv	183	
佐倉千代	ㄗㄨㄛˇ ㄘㄤ ㄑㄧㄢ ㄉㄞˋ	動漫	1	18	absent			-7.354194117						左蒼千代	佐倉千代	左/蒼/千/代	佐倉千代	True	True	1		phrase.anime.tsv	184	
佐倉慈	ㄗㄨㄛˇ ㄘㄤ ㄘˊ	動漫	1	11	absent			-7.354194117						左蒼詞	佐倉慈	左/蒼/詞	佐倉慈	True	True	1		phrase.anime.tsv	185	
佐倉杏子	ㄗㄨㄛˇ ㄘㄤ ㄒㄧㄥˋ ㄗˇ	動漫	1	14	absent			-7.354194117						左蒼性子	佐倉杏子	左/蒼/性/子	佐倉杏子	True	True	1		phrase.anime.tsv	186	
佐原美代子	ㄗㄨㄛˇ ㄩㄢˊ ㄇㄟˇ ㄉㄞˋ ㄗˇ	動漫	1	13	absent			-7.354194117						左員美代子	佐原美代子	左/員/美/代子	佐原美代子	True	True	1		phrase.anime.tsv	188	
佐古下柳	ㄗㄨㄛˇ ㄍㄨˇ ㄒㄧㄚˋ ㄌㄧㄡˇ	動漫	1	15	absent			-7.354194117						左古下柳	佐古下柳	左/古/下/柳	佐古下柳	True	True	1		phrase.anime.tsv	189	
佐天淚子	ㄗㄨㄛˇ ㄊㄧㄢ ㄌㄟˋ ㄗ˙	動漫	1	15	absent			-7.354194117						左天類子	佐天淚子	左/天/類/子	佐天淚子	True	True	1		phrase.anime.tsv	190	
佐田恭也	ㄗㄨㄛˇ ㄊㄧㄢˊ ㄍㄨㄥ ㄧㄝˇ	動漫	1	15	absent			-7.354194117						左田公也	佐田恭也	左/田/公/也	佐田恭也	True	True	1		phrase.anime.tsv	191	
佐藤和真	ㄗㄨㄛˇ ㄊㄥˊ ㄏㄜˊ ㄓㄣ	動漫	1	23	absent			-7.354194117						佐籐和真	佐藤和真	佐籐/和/真	佐藤和真	True	True	1		phrase.anime.tsv	192	
佐藤壽也	ㄗㄨㄛˇ ㄊㄥˊ ㄕㄡˋ ㄧㄝˇ	動漫	1	15	absent			-7.354194117						佐籐受也	佐藤壽也	佐籐/受/也	佐藤壽也	True	True	1		phrase.anime.tsv	193	
佐藤正男	ㄗㄨㄛˇ ㄊㄥˊ ㄓㄥˋ ㄋㄢˊ	動漫	1	12	absent			-7.354194117		佐籐/正南	6.275012871	佐籐/正南	6.275012871	佐籐政南	佐藤正男	佐籐/政/南	佐藤正男	True	True	1		phrase.anime.tsv	194	
佐藤真冬	ㄗㄨㄛˇ ㄊㄥˊ ㄓㄣ ㄉㄨㄥ	動漫	1	18	absent			-7.354194117						佐籐真東	佐藤真冬	佐籐/真/東	佐藤真冬	True	True	1		phrase.anime.tsv	195	
佐野萬次郎	ㄗㄨㄛˇ ㄧㄝˇ ㄨㄢˋ ㄘˋ ㄌㄤˊ	動漫	1	19	absent			-7.354194117						左也萬次郎	佐野萬次郎	左/也/萬/次郎	佐野萬次郎	True	True	1		phrase.anime.tsv	197	
佛朗基	ㄈㄛˊ ㄌㄤˇ ㄐㄧ	動漫	1	10	absent			-7.354194117						佛朗機	佛朗基	佛/朗/機	佛朗基	True	True	1		phrase.anime.tsv	198	
佛爾帕斯塔	ㄈㄛˊ ㄦˇ ㄆㄚˋ ㄙ ㄊㄚˇ	動漫	1	17	absent			-7.354194117						佛爾怕司塔	佛爾帕斯塔	佛/爾/怕/司/塔	佛爾帕斯塔	True	True	1		phrase.anime.tsv	199	
併網保護	ㄅㄧㄥˋ ㄨㄤˇ ㄅㄠˇ ㄏㄨˋ	環境能源	1	11	absent			-7.354194117						並網保護	併網保護	並/網/保護	併網保護	True	True	1		phrase.energy-environment.tsv	7	
依法令行為	ㄧ ㄈㄚˇ ㄌㄧㄥˋ ㄒㄧㄥˊ ㄨㄟˋ	法律	1	4	absent			-7.354194117						依法另行為	依法令行為	依法/另行/為	依法令行為	True	True	1		phrase.law.tsv	16	
侵略藍星	ㄑㄧㄣ ㄌㄩㄝˋ ㄌㄢˊ ㄒㄧㄥ	動漫	1	13	absent			-7.354194117						侵略蘭星	侵略藍星	侵略/蘭/星	侵略藍星	True	True	1		phrase.anime.tsv	211	
俟核定後	ㄑㄧˊ ㄏㄜˊ ㄉㄧㄥˋ ㄏㄡˋ	公務員公文	1	10	absent			-7.354194117						其核定後	俟核定後	其/核定/後	俟核定後	True	True	1		phrase.government.tsv	7	
修坦費爾德	ㄒㄧㄡ ㄊㄢˇ ㄈㄟˋ ㄦˇ ㄉㄜˊ	動漫	1	15	absent			-7.354194117						修坦費爾得	修坦費爾德	修/坦/費爾/得	修坦費爾德	True	True	1		phrase.anime.tsv	218	
修塔爾克	ㄒㄧㄡ ㄊㄚˇ ㄦˇ ㄎㄜˋ	動漫	1	18	absent			-7.354194117						修塔爾客	修塔爾克	修/塔/爾/客	修塔爾克	True	True	1		phrase.anime.tsv	219	
修格連氏症	ㄒㄧㄡ ㄍㄜˊ ㄌㄧㄢˊ ㄕˋ ㄓㄥˋ	醫學	1	5	absent			-7.354194117						修格連市政	修格連氏症	修/格/連/市政	修格連氏症	True	True	1		phrase.medicine.tsv	23	
倉嶋千百合	ㄘㄤ ㄉㄠˇ ㄑㄧㄢ ㄅㄞˇ ㄏㄜˊ	動漫	1	14	absent			-7.354194117						倉導千百合	倉嶋千百合	倉/導/千/百合	倉嶋千百合	True	True	1		phrase.anime.tsv	224	
倉持洋一	ㄘㄤ ㄔˊ ㄧㄤˊ ㄧ	動漫	1	11	absent			-7.354194117						倉持陽一	倉持洋一	倉/持/陽/一	倉持洋一	True	True	1		phrase.anime.tsv	225	
偏正複詞	ㄆㄧㄢ ㄓㄥˋ ㄈㄨˋ ㄘˊ	中文	1	11	absent			-7.354194117						偏正副詞	偏正複詞	偏/正/副詞	偏正複詞	True	True	1		phrase.chinese.tsv	23	
偏義複詞	ㄆㄧㄢ ㄧˋ ㄈㄨˋ ㄘˊ	中文	1	11	absent			-7.354194117						偏一副詞	偏義複詞	偏/一/副詞	偏義複詞	True	True	1		phrase.chinese.tsv	24	
偽造文書罪	ㄨㄟˋ ㄗㄠˋ ㄨㄣˊ ㄕㄨ ㄗㄨㄟˋ	法律	1	3	absent			-7.354194117						偽造文書最	偽造文書罪	偽造文書/最	偽造文書罪	True	True	1		phrase.law.tsv	22	
傑圖亞	ㄐㄧㄝˊ ㄊㄨˊ ㄧㄚˇ	動漫	1	13	absent			-7.354194117						截圖亞	傑圖亞	截/圖/亞	傑圖亞	True	True	1		phrase.anime.tsv	232	
傑特布萊克	ㄐㄧㄝˊ ㄊㄜˋ ㄅㄨˋ ㄌㄞˊ ㄎㄜˋ	動漫	1	17	absent			-7.354194117						截特不來客	傑特布萊克	截/特/不來/客	傑特布萊克	True	True	1		phrase.anime.tsv	233	
傑瑞米亞	ㄐㄧㄝˊ ㄖㄨㄟˋ ㄇㄧˇ ㄧㄚˇ	動漫	1	12	absent			-7.354194117						截瑞米亞	傑瑞米亞	截/瑞/米/亞	傑瑞米亞	True	True	1		phrase.anime.tsv	234	
傑諾斯	ㄐㄧㄝˊ ㄋㄨㄛˋ ㄙ	動漫	1	20	absent			-7.354194117						截諾司	傑諾斯	截/諾/司	傑諾斯	True	True	1		phrase.anime.tsv	235	
備品管理	ㄅㄟˋ ㄆㄧㄣˇ ㄍㄨㄢˇ ㄌㄧˇ	製造機械	1	16	absent			-7.354194117		備品/管理	3.728881666	備品/管理	3.728881666	被品管理	備品管理	被/品/管理	備品管理	True	True	1		phrase.manufacturing.tsv	8	
備轉容量	ㄅㄟˋ ㄓㄨㄢˇ ㄖㄨㄥˊ ㄌㄧㄤˋ	環境能源	1	12	absent			-7.354194117						被轉容量	備轉容量	被/轉/容量	備轉容量	True	True	1		phrase.energy-environment.tsv	8	
傳奇劇本	ㄔㄨㄢˊ ㄑㄧˊ ㄐㄩˋ ㄅㄣˇ	中文	1	11	absent			-7.354194117		傳奇/劇本	2.453892548	傳奇/劇本	2.453892548	船期劇本	傳奇劇本	船期/劇本	傳奇劇本	True	True	1		phrase.chinese.tsv	25	
儲位管理	ㄔㄨˊ ㄨㄟˋ ㄍㄨㄢˇ ㄌㄧˇ	交通物流	1	12	absent			-7.354194117						除為管理	儲位管理	除/為/管理	儲位管理	True	True	1		phrase.transport-logistics.tsv	16	
儲能系統	ㄔㄨˇ ㄋㄥˊ ㄒㄧˋ ㄊㄨㄥˇ	環境能源	1	12	absent			-7.354194117						處能系統	儲能系統	處/能/系統	儲能系統	True	True	1		phrase.energy-environment.tsv	10	
元首制	ㄩㄢˊ ㄕㄡˇ ㄓˋ	歷史	1	11	absent			-7.354194117						元首至	元首制	元首/至	元首制	True	True	1		phrase.history.tsv	14	
先到期先出	ㄒㄧㄢ ㄉㄠˋ ㄑㄧ ㄒㄧㄢ ㄔㄨ	交通物流	1	3	absent			-7.354194117						先到七先出	先到期先出	先/到/七/先/出	先到期先出	True	True	1		phrase.transport-logistics.tsv	17	
克努特	ㄎㄜˋ ㄋㄨˇ ㄊㄜˋ	動漫	1	15	absent			-7.354194117						客努特	克努特	客/努/特	克努特	True	True	1		phrase.anime.tsv	242	
克勞迪亞	ㄎㄜˋ ㄌㄠˊ ㄉㄧˊ ㄧㄚˇ	動漫	1	17	absent			-7.354194117						客勞的亞	克勞迪亞	客/勞/的/亞	克勞迪亞	True	True	1		phrase.anime.tsv	243	
克希荷夫	ㄎㄜˋ ㄒㄧ ㄏㄜˊ ㄈㄨ	電子電機	1	12	absent			-7.354194117						客溪河不	克希荷夫	客/溪河/不	克希荷夫	True	True	1		phrase.electronics.tsv	28	
克洛伊	ㄎㄜˋ ㄌㄨㄛˋ ㄧ	動漫	1	13	absent			-7.354194117						客落一	克洛伊	客/落/一	克洛伊	True	True	1		phrase.anime.tsv	247	
克洛迪娜	ㄎㄜˋ ㄌㄨㄛˋ ㄉㄧˊ ㄋㄚˋ	動漫	1	12	absent			-7.354194117						客落的那	克洛迪娜	客/落/的/那	克洛迪娜	True	True	1		phrase.anime.tsv	248	
克羅姆	ㄎㄜˋ ㄌㄨㄛˊ ㄇㄨˇ	動漫	1	13	absent			-7.354194117						客羅母	克羅姆	客/羅/母	克羅姆	True	True	1		phrase.anime.tsv	249	
克羅涅	ㄎㄜˋ ㄌㄨㄛˊ ㄋㄧㄝˋ	動漫	1	13	absent			-7.354194117						客羅業	克羅涅	客/羅/業	克羅涅	True	True	1		phrase.anime.tsv	250	
克萊因	ㄎㄜˋ ㄌㄞˊ ㄧㄣ	動漫	1	18	absent			-7.354194117						客來因	克萊因	客/來/因	克萊因	True	True	1		phrase.anime.tsv	252	
克蕾雅	ㄎㄜˋ ㄌㄟˇ ㄧㄚˇ	動漫	1	11	absent			-7.354194117						客累亞	克蕾雅	客/累/亞	克蕾雅	True	True	1		phrase.anime.tsv	253	
克里夫	ㄎㄜˋ ㄌㄧˇ ㄈㄨ	動漫	1	13	absent			-7.354194117						克里不	克里夫	克里/不	克里夫	True	True	1		phrase.anime.tsv	254	
克雷佛塞特	ㄎㄜˋ ㄌㄟˊ ㄈㄛˊ ㄙㄜˋ ㄊㄜˋ	動漫	1	13	absent			-7.354194117						客雷佛色特	克雷佛塞特	客/雷/佛/色/特	克雷佛塞特	True	True	1		phrase.anime.tsv	255	
克雷夫	ㄎㄜˋ ㄌㄟˊ ㄈㄨ	動漫	1	11	absent			-7.354194117						客雷不	克雷夫	客/雷/不	克雷夫	True	True	1		phrase.anime.tsv	256	
克魯斯克爾	ㄎㄜˋ ㄌㄨˇ ㄙ ㄎㄜˋ ㄦˇ	軟體科學	1	4	absent			-7.354194117						客魯斯克爾	克魯斯克爾	客/魯/斯/克爾	克魯斯克爾	True	True	1		phrase.software.tsv	10	
克魯茲威巴	ㄎㄜˋ ㄌㄨˇ ㄗ ㄨㄟ ㄅㄚ	動漫	1	13	absent			-7.354194117						客魯資威八	克魯茲威巴	客/魯/資/威/八	克魯茲威巴	True	True	1		phrase.anime.tsv	257	
兒島弘道	ㄦˊ ㄉㄠˇ ㄏㄨㄥˊ ㄉㄠˋ	動漫	1	15	absent			-7.354194117						而導紅到	兒島弘道	而/導/紅/到	兒島弘道	True	True	1		phrase.anime.tsv	258	
內圓磨削	ㄋㄟˋ ㄩㄢˊ ㄇㄛˊ ㄒㄩㄝ	製造機械	1	13	absent			-7.354194117						內員模薛	內圓磨削	內/員/模/薛	內圓磨削	True	True	1		phrase.manufacturing.tsv	9	
內藤鈴	ㄋㄟˋ ㄊㄥˊ ㄌㄧㄥˊ	動漫	1	19	absent			-7.354194117						內騰靈	內藤鈴	內/騰/靈	內藤鈴	True	True	1		phrase.anime.tsv	260	
內質網	ㄋㄟˋ ㄓˋ ㄨㄤˇ	科學	1	13	absent			-7.354194117						內至網	內質網	內/至/網	內質網	True	True	1		phrase.science.tsv	7	
全站儀測量	ㄑㄩㄢˊ ㄓㄢˋ ㄧˊ ㄘㄜˋ ㄌㄧㄤˊ	建築土木	1	6	absent			-7.354194117						全站一測量	全站儀測量	全/站/一/測量	全站儀測量	True	True	1		phrase.civil-engineering.tsv	9	
兩步驟驗證	ㄌㄧㄤˇ ㄅㄨˋ ㄓㄡˋ ㄧㄢˋ ㄓㄥˋ	一般	1	8	absent			-7.354194117						兩部宙驗證	兩步驟驗證	兩部/宙/驗證	兩步驟驗證	True	True	1		phrase.general.tsv	14	
兩津勘吉	ㄌㄧㄤˇ ㄐㄧㄣ ㄎㄢ ㄐㄧˊ	動漫	1	24	0			-7.354194117						兩今看及	兩津勘吉	兩/今/看/及	兩津勘吉	True	True	1		phrase.anime.tsv	263	
兩面宿儺	ㄌㄧㄤˇ ㄇㄧㄢˋ ㄙㄨˋ ㄋㄨㄛˊ	動漫	1	15	absent			-7.354194117						兩面速那	兩面宿儺	兩/面/速/那	兩面宿儺	True	True	1		phrase.anime.tsv	264	
八九寺真宵	ㄅㄚ ㄐㄧㄡˇ ㄙˋ ㄓㄣ ㄒㄧㄠ	動漫	1	16	absent			-7.354194117						八九四真消	八九寺真宵	八/九四/真/消	八九寺真宵	True	True	1		phrase.anime.tsv	265	
八奈見杏菜	ㄅㄚ ㄋㄞˋ ㄐㄧㄢˋ ㄒㄧㄥˋ ㄘㄞˋ	動漫	1	17	absent			-7.354194117						八耐建性菜	八奈見杏菜	八/耐/建/性/菜	八奈見杏菜	True	True	1		phrase.anime.tsv	266	
八神光	ㄅㄚ ㄕㄣˊ ㄍㄨㄤ	動漫	1	15	absent			-7.354194117						八什光	八神光	八/什/光	八神光	True	True	1		phrase.anime.tsv	269	
八神太一	ㄅㄚ ㄕㄣˊ ㄊㄞˋ ㄧ	動漫	1	22	absent			-7.354194117						八神態一	八神太一	八/神態/一	八神太一	True	True	1		phrase.anime.tsv	270	
八神疾風	ㄅㄚ ㄕㄣˊ ㄐㄧˊ ㄈㄥ	動漫	1	14	absent			-7.354194117						八什疾風	八神疾風	八/什/疾風	八神疾風	True	True	1		phrase.anime.tsv	271	
八軒勇吾	ㄅㄚ ㄒㄩㄢ ㄩㄥˇ ㄨˊ	動漫	1	20	absent			-7.354194117						八宣永無	八軒勇吾	八/宣/永/無	八軒勇吾	True	True	1		phrase.anime.tsv	272	
公同共有	ㄍㄨㄥ ㄊㄨㄥˊ ㄍㄨㄥˋ ㄧㄡˇ	法律	1	13	absent			-7.354194117						工同共有	公同共有	工/同/共有	公同共有	True	True	1		phrase.law.tsv	28	
公安九課	ㄍㄨㄥ ㄢ ㄐㄧㄡˇ ㄎㄜˋ	動漫	1	13	absent			-7.354194117						工安九客	公安九課	工/安/九/客	公安九課	True	True	1		phrase.anime.tsv	273	
公案小說	ㄍㄨㄥ ㄢˋ ㄒㄧㄠˇ ㄕㄨㄛ	中文	1	10	absent			-7.354194117		公案/小說	2.910243064	公案/小說	2.910243064	工案小說	公案小說	工/案/小說	公案小說	True	True	1		phrase.chinese.tsv	29	
六合塚彌生	ㄌㄧㄡˋ ㄏㄜˊ ㄓㄨㄥˇ ㄇㄧˊ ㄕㄥ	動漫	1	13	absent			-7.354194117						六何種迷生	六合塚彌生	六/何種/迷/生	六合塚彌生	True	True	1		phrase.anime.tsv	275	
六彌凪	ㄌㄧㄡˋ ㄇㄧˊ ㄓˇ	動漫	1	8	absent			-7.354194117						六迷只	六彌凪	六/迷/只	六彌凪	True	True	1		phrase.anime.tsv	276	
六道輪迴	ㄌㄧㄡˋ ㄉㄠˋ ㄌㄨㄣˊ ㄏㄨㄟˊ	動漫	1	17	0			-7.354194117		六道/輪迴	5.621800358	六道/輪迴	5.621800358	六到輪迴	六道輪迴	六/到/輪迴	六道輪迴	True	True	1		phrase.anime.tsv	278	
六道骸	ㄌㄧㄡˋ ㄉㄠˋ ㄏㄞˊ	動漫	1	10	absent			-7.354194117						六到還	六道骸	六/到/還	六道骸	True	True	1		phrase.anime.tsv	279	
共晶反應	ㄍㄨㄥˋ ㄐㄧㄥ ㄈㄢˇ ㄧㄥˋ	材料化工	1	12	absent			-7.354194117						共經反應	共晶反應	共/經/反應	共晶反應	True	True	1		phrase.materials-chemistry.tsv	7	
共源極	ㄍㄨㄥˋ ㄩㄢˊ ㄐㄧˊ	電子電機	1	12	absent			-7.354194117						共源及	共源極	共/源/及	共源極	True	True	1		phrase.electronics.tsv	32	
共閘極	ㄍㄨㄥˋ ㄓㄚˊ ㄐㄧˊ	電子電機	1	12	absent			-7.354194117						共閘及	共閘極	共/閘/及	共閘極	True	True	1		phrase.electronics.tsv	33	
共集極	ㄍㄨㄥˋ ㄐㄧˊ ㄐㄧˊ	電子電機	1	12	absent			-7.354194117						共集集	共集極	共/集集	共集極	True	True	1		phrase.electronics.tsv	34	
兵藤和尊	ㄅㄧㄥ ㄊㄥˊ ㄏㄜˊ ㄗㄨㄣ	動漫	1	15	absent			-7.354194117						冰騰和尊	兵藤和尊	冰/騰/和/尊	兵藤和尊	True	True	1		phrase.anime.tsv	280	
兼語句	ㄐㄧㄢ ㄩˇ ㄐㄩˋ	中文	1	11	absent			-7.354194117						間語句	兼語句	間/語句	兼語句	True	True	1		phrase.chinese.tsv	30	
冊封體制	ㄘㄜˋ ㄈㄥ ㄊㄧˇ ㄓˋ	歷史	1	10	absent			-7.354194117		側風/體制	4.042016761	側風/體制	4.042016761	側風體制	冊封體制	側風/體制	冊封體制	True	True	1		phrase.history.tsv	23	
再借不難	ㄗㄞˋ ㄐㄧㄝˋ ㄅㄨˋ ㄋㄢˊ	動漫	1	15	0			-7.354194117		再借/不難	5.264289006	再借/不難	5.264289006	在界不難	再借不難	在/界/不難	再借不難	True	True	1		phrase.anime.tsv	281	
冬月梓	ㄉㄨㄥ ㄩㄝˋ ㄗˇ	動漫	1	17	absent			-7.354194117						東月子	冬月梓	東/月/子	冬月梓	True	True	1		phrase.anime.tsv	283	
冬獅郎	ㄉㄨㄥ ㄕ ㄌㄤˊ	動漫	1	10	absent			-7.354194117						東施琅	冬獅郎	東/施琅	冬獅郎	True	True	1		phrase.anime.tsv	284	
冰上的尤里	ㄅㄧㄥ ㄕㄤˋ ㄉㄜ˙ ㄧㄡˊ ㄌㄧˇ	動漫	1	22	absent			-7.354194117						冰上的由理	冰上的尤里	冰/上/的/由/理	冰上的尤里	True	True	1		phrase.anime.tsv	285	
凍晶製劑	ㄉㄨㄥˋ ㄐㄧㄥ ㄓˋ ㄐㄧˋ	生技藥學	1	11	absent			-7.354194117						動精緻計	凍晶製劑	動/精緻/計	凍晶製劑	True	True	1		phrase.biotech-pharma.tsv	12	
凝血酶原	ㄋㄧㄥˊ ㄒㄧㄝˇ ㄇㄟˊ ㄩㄢˊ	醫學	1	12	absent			-7.354194117		凝血/梅園	4.865643401	凝血/梅園	4.865643401	凝血沒員	凝血酶原	凝血/沒/員	凝血酶原	True	True	1		phrase.medicine.tsv	37	
凪誠士郎	ㄓˇ ㄔㄥˊ ㄕˋ ㄌㄤˊ	動漫	1	17	absent			-7.354194117		只成/侍郎	6.053164122	只成/侍郎	6.053164122	只城市郎	凪誠士郎	只/城市/郎	凪誠士郎	True	True	1		phrase.anime.tsv	287	
凸守早苗	ㄊㄨˊ ㄕㄡˇ ㄗㄠˇ ㄇㄧㄠˊ	動漫	1	12	absent			-7.354194117						圖手早描	凸守早苗	圖/手/早/描	凸守早苗	True	True	1		phrase.anime.tsv	288	
出口智志	ㄔㄨ ㄎㄡˇ ㄓˋ ㄓˋ	動漫	1	12	absent			-7.354194117						出口至至	出口智志	出口/至/至	出口智志	True	True	1		phrase.anime.tsv	289	
出雲風子	ㄔㄨ ㄩㄣˊ ㄈㄥ ㄗ˙	動漫	1	15	absent			-7.354194117						出雲瘋子	出雲風子	出/雲/瘋子	出雲風子	True	True	1		phrase.anime.tsv	292	
刀劍神域	ㄉㄠ ㄐㄧㄢˋ ㄕㄣˊ ㄩˋ	動漫	1	26	absent			-7.354194117		刀劍/神諭	5.509096077	刀劍/神諭	5.509096077	刀建神諭	刀劍神域	刀/建/神諭	刀劍神域	True	True	1		phrase.anime.tsv	293	
初春飾利	ㄔㄨ ㄔㄨㄣ ㄕˋ ㄌㄧˋ	動漫	1	17	absent			-7.354194117		初春/市立	3.367422383	初春/市立	3.367422383	初春市立	初春飾利	初春/市立	初春飾利	True	True	1		phrase.anime.tsv	295	
利姆路	ㄌㄧˋ ㄇㄨˇ ㄌㄨˋ	動漫	1	23	absent			-7.354194117						立母路	利姆路	立/母/路	利姆路	True	True	1		phrase.anime.tsv	296	
利根川幸雄	ㄌㄧˋ ㄍㄣ ㄔㄨㄢ ㄒㄧㄥˋ ㄒㄩㄥˊ	動漫	1	17	absent			-7.354194117						立跟穿性雄	利根川幸雄	立/跟/穿/性/雄	利根川幸雄	True	True	1		phrase.anime.tsv	297	
制震設計	ㄓˋ ㄓㄣˋ ㄕㄜˋ ㄐㄧˋ	建築土木	1	13	absent			-7.354194117						志鎮設計	制震設計	志/鎮/設計	制震設計	True	True	1		phrase.civil-engineering.tsv	14	
前原圭一	ㄑㄧㄢˊ ㄩㄢˊ ㄍㄨㄟ ㄧ	動漫	1	20	absent			-7.354194117		前緣/皈依	5.275012871	前緣/皈依	5.275012871	前員規一	前原圭一	前/員/規/一	前原圭一	True	True	1		phrase.anime.tsv	300	
前川未來	ㄑㄧㄢˊ ㄔㄨㄢ ㄨㄟˋ ㄌㄞˊ	動漫	1	11	absent			-7.354194117						前穿未來	前川未來	前/穿/未來	前川未來	True	True	1		phrase.anime.tsv	301	
前輩有夠煩	ㄑㄧㄢˊ ㄅㄟˋ ㄧㄡˇ ㄍㄡˋ ㄈㄢˊ	動漫	1	19	absent			-7.354194117						前輩有夠繁	前輩有夠煩	前輩/有夠/繁	前輩有夠煩	True	True	1		phrase.anime.tsv	303	
剎那艾弗塞耶	ㄔㄚˋ ㄋㄚˋ ㄞˋ ㄈㄨˊ ㄙㄜˋ ㄧㄝ	動漫	1	20	absent			-7.354194117						剎那愛服色耶	剎那艾弗塞耶	剎那/愛/服/色/耶	剎那艾弗塞耶	True	True	1		phrase.anime.tsv	305	剎那F塞耶
剪切模數	ㄐㄧㄢˇ ㄑㄧㄝˋ ㄇㄛˊ ㄕㄨˋ	製造機械	1	11	absent			-7.354194117						減切魔術	剪切模數	減/切/魔術	剪切模數	True	True	1		phrase.manufacturing.tsv	19	
副甲狀腺	ㄈㄨˋ ㄐㄧㄚˇ ㄓㄨㄤˋ ㄒㄧㄢˋ	醫學	1	12	absent			-7.354194117						附甲狀腺	副甲狀腺	附/甲狀腺	副甲狀腺	True	True	1	副甲狀線	phrase.medicine.tsv	45	
劉昴星	ㄌㄧㄡˊ ㄇㄠˇ ㄒㄧㄥ	動漫	1	20	absent			-7.354194117						留卯星	劉昴星	留/卯/星	劉昴星	True	True	1		phrase.anime.tsv	309	
劉美羅	ㄌㄧㄡˊ ㄇㄟˇ ㄌㄨㄛˊ	動漫	1	13	absent			-7.354194117						留美羅	劉美羅	留/美/羅	劉美羅	True	True	1		phrase.anime.tsv	310	
劍之聖女	ㄐㄧㄢˋ ㄓ ㄕㄥˋ ㄋㄩˇ	動漫	1	10	absent			-7.354194117		艦隻/聖女	5.922830353	艦隻/聖女	5.922830353	建之聖女	劍之聖女	建/之/聖女	劍之聖女	True	True	1		phrase.anime.tsv	311	
劍宗次朗	ㄐㄧㄢˋ ㄗㄨㄥ ㄘˋ ㄌㄤˇ	動漫	1	15	absent			-7.354194117						建宗次朗	劍宗次朗	建/宗/次/朗	劍宗次朗	True	True	1		phrase.anime.tsv	312	
劍持勇	ㄐㄧㄢˋ ㄔˊ ㄩㄥˇ	動漫	1	17	absent			-7.354194117						建持永	劍持勇	建/持/永	劍持勇	True	True	1		phrase.anime.tsv	313	
加勁擋土牆	ㄐㄧㄚ ㄐㄧㄣˋ ㄉㄤˇ ㄊㄨˇ ㄑㄧㄤˊ	建築土木	1	6	absent			-7.354194117		加進/擋土牆	4.774410521	加進/擋土牆	4.774410521	加進擋土牆	加勁擋土牆	加進/擋土牆	加勁擋土牆	True	True	1		phrase.civil-engineering.tsv	23	
加洛提莫斯	ㄐㄧㄚ ㄌㄨㄛˋ ㄊㄧˊ ㄇㄛˋ ㄙ	動漫	1	17	absent			-7.354194117						加落題默思	加洛提莫斯	加/落/題/默思	加洛提莫斯	True	True	1		phrase.anime.tsv	315	
加納咢	ㄐㄧㄚ ㄋㄚˋ ㄜˋ	動漫	1	11	absent			-7.354194117						加那惡	加納咢	加/那/惡	加納咢	True	True	1		phrase.anime.tsv	316	
加賀靜子	ㄐㄧㄚ ㄏㄜˋ ㄐㄧㄥˋ ㄗ˙	動漫	1	13	absent			-7.354194117						加和鏡子	加賀靜子	加/和/鏡子	加賀靜子	True	True	1		phrase.anime.tsv	317	
加賀香子	ㄐㄧㄚ ㄏㄜˋ ㄒㄧㄤ ㄗ˙	動漫	1	15	absent			-7.354194117						加和箱子	加賀香子	加/和/箱子	加賀香子	True	True	1		phrase.anime.tsv	318	
動賓複詞	ㄉㄨㄥˋ ㄅㄧㄣ ㄈㄨˋ ㄘˊ	中文	1	13	absent			-7.354194117						動賓副詞	動賓複詞	動/賓/副詞	動賓複詞	True	True	1		phrase.chinese.tsv	33	
勝呂龍士	ㄕㄥˋ ㄌㄩˇ ㄌㄨㄥˊ ㄕˋ	動漫	1	12	absent			-7.354194117						剩旅龍是	勝呂龍士	剩/旅/龍/是	勝呂龍士	True	True	1		phrase.anime.tsv	324	
勝生勇利	ㄕㄥˋ ㄕㄥ ㄩㄥˇ ㄌㄧˋ	動漫	1	20	absent			-7.354194117						剩生永曆	勝生勇利	剩/生/永曆	勝生勇利	True	True	1		phrase.anime.tsv	325	
包晶反應	ㄅㄠ ㄐㄧㄥ ㄈㄢˇ ㄧㄥˋ	材料化工	1	12	absent			-7.354194117						包經反應	包晶反應	包/經/反應	包晶反應	True	True	1		phrase.materials-chemistry.tsv	12	
北原伊織	ㄅㄟˇ ㄩㄢˊ ㄧ ㄓ	動漫	1	20	absent			-7.354194117						北員一隻	北原伊織	北/員/一隻	北原伊織	True	True	1		phrase.anime.tsv	328	
北斗神拳	ㄅㄟˇ ㄉㄡˇ ㄕㄣˊ ㄑㄩㄢˊ	動漫	1	23	absent			-7.354194117		北斗/神權	5.036130782	北斗/神權	5.036130782	北斗什全	北斗神拳	北斗/什/全	北斗神拳	True	True	1		phrase.anime.tsv	329	
北方墨點法	ㄅㄟˇ ㄈㄤ ㄇㄛˋ ㄉㄧㄢˇ ㄈㄚˇ	生技藥學	1	4	absent			-7.354194117						北方沒點法	北方墨點法	北方/沒/點/法	北方墨點法	True	True	1		phrase.biotech-pharma.tsv	20	
北村元康	ㄅㄟˇ ㄘㄨㄣ ㄩㄢˊ ㄎㄤ	動漫	1	11	absent			-7.354194117						北村員康	北村元康	北/村/員/康	北村元康	True	True	1		phrase.anime.tsv	330	
北村祐作	ㄅㄟˇ ㄘㄨㄣ ㄧㄡˋ ㄗㄨㄛˋ	動漫	1	13	absent			-7.354194117						北村又做	北村祐作	北/村/又/做	北村祐作	True	True	1		phrase.anime.tsv	331	
北條時行	ㄅㄟˇ ㄊㄧㄠˊ ㄕˊ ㄒㄧㄥˊ	動漫	1	18	absent			-7.354194117		北條/實行	4.452191226	北條/實行	4.452191226	北條實行	北條時行	北/條/實行	北條時行	True	True	1		phrase.anime.tsv	332	
北條沙都子	ㄅㄟˇ ㄊㄧㄠˊ ㄕㄚ ㄉㄡ ㄗ˙	動漫	1	13	absent			-7.354194117						北條殺都子	北條沙都子	北/條/殺/都/子	北條沙都子	True	True	1		phrase.anime.tsv	333	
北白川玉子	ㄅㄟˇ ㄅㄞˊ ㄔㄨㄢ ㄩˋ ㄗ˙	動漫	1	18	absent			-7.354194117						北白川與子	北白川玉子	北/白/川/與/子	北白川玉子	True	True	1		phrase.anime.tsv	334	
十鬼蛇王馬	ㄕˊ ㄍㄨㄟˇ ㄕㄜˊ ㄨㄤˊ ㄇㄚˇ	動漫	1	18	absent			-7.354194117						時鬼什王馬	十鬼蛇王馬	時/鬼/什/王/馬	十鬼蛇王馬	True	True	1		phrase.anime.tsv	336	
千反田愛瑠	ㄑㄧㄢ ㄈㄢˇ ㄊㄧㄢˊ ㄞˋ ㄌㄧㄡˊ	動漫	1	19	absent			-7.354194117						簽反田愛流	千反田愛瑠	簽/反/田/愛/流	千反田愛瑠	True	True	1		phrase.anime.tsv	337	
千堂武士	ㄑㄧㄢ ㄊㄤˊ ㄨˇ ㄕˋ	動漫	1	12	absent			-7.354194117						簽堂五是	千堂武士	簽/堂/五/是	千堂武士	True	True	1		phrase.anime.tsv	338	
千壽村征	ㄑㄧㄢ ㄕㄡˋ ㄘㄨㄣ ㄓㄥ	動漫	1	12	absent			-7.354194117						簽受村爭	千壽村征	簽/受/村/爭	千壽村征	True	True	1		phrase.anime.tsv	339	
千早瞬平	ㄑㄧㄢ ㄗㄠˇ ㄕㄨㄣˋ ㄆㄧㄥˊ	動漫	1	12	absent			-7.354194117						簽早順平	千早瞬平	簽/早/順/平	千早瞬平	True	True	1		phrase.anime.tsv	341	
千曳辰治	ㄑㄧㄢ ㄧˋ ㄔㄣˊ ㄓˋ	動漫	1	11	absent			-7.354194117						千億陳至	千曳辰治	千億/陳/至	千曳辰治	True	True	1		phrase.anime.tsv	342	
千石撫子	ㄑㄧㄢ ㄕˊ ㄈㄨˇ ㄗ˙	動漫	1	12	absent			-7.354194117						簽時府子	千石撫子	簽/時/府/子	千石撫子	True	True	1		phrase.anime.tsv	343	
千葉翔太郎	ㄑㄧㄢ ㄧㄝˋ ㄒㄧㄤˊ ㄊㄞˋ ㄌㄤˊ	動漫	1	16	absent			-7.354194117						簽業祥太郎	千葉翔太郎	簽/業/祥/太郎	千葉翔太郎	True	True	1		phrase.anime.tsv	345	
千頭慎次郎	ㄑㄧㄢ ㄊㄡˊ ㄕㄣˋ ㄘˋ ㄌㄤˊ	動漫	1	13	absent			-7.354194117						簽頭甚次郎	千頭慎次郎	簽/頭/甚/次郎	千頭慎次郎	True	True	1		phrase.anime.tsv	348	
千鳥要	ㄑㄧㄢ ㄋㄧㄠˇ ㄧㄠˋ	動漫	1	16	absent			-7.354194117						簽鳥要	千鳥要	簽/鳥/要	千鳥要	True	True	1		phrase.anime.tsv	349	
升壓轉換器	ㄕㄥ ㄧㄚ ㄓㄨㄢˇ ㄏㄨㄢˋ ㄑㄧˋ	電子電機	1	5	absent			-7.354194117		聲押/轉換器	5.462099515	聲押/轉換器	5.462099515	生壓轉換器	升壓轉換器	生/壓/轉換器	升壓轉換器	True	True	1		phrase.electronics.tsv	41	
半監督式	ㄅㄢˋ ㄐㄧㄢ ㄉㄨ ㄕˋ	AI資料科學	1	12	absent			-7.354194117						半監督是	半監督式	半/監督/是	半監督式	True	True	1		phrase.ai-data-science.tsv	26	
南夏奈	ㄋㄢˊ ㄒㄧㄚˋ ㄋㄞˋ	動漫	1	15	absent			-7.354194117						南下耐	南夏奈	南下/耐	南夏奈	True	True	1		phrase.anime.tsv	353	
南夢芽	ㄋㄢˊ ㄇㄥˋ ㄧㄚˊ	動漫	1	14	absent			-7.354194117						南夢牙	南夢芽	南/夢/牙	南夢芽	True	True	1		phrase.anime.tsv	354	
南方日鶴	ㄋㄢˊ ㄈㄤ ㄖˋ ㄏㄜˋ	動漫	1	15	absent			-7.354194117						南方日和	南方日鶴	南方/日/和	南方日鶴	True	True	1		phrase.anime.tsv	358	
南春香	ㄋㄢˊ ㄔㄨㄣ ㄒㄧㄤ	動漫	1	17	absent			-7.354194117						南春相	南春香	南/春/相	南春香	True	True	1		phrase.anime.tsv	359	
南雲始	ㄋㄢˊ ㄩㄣˊ ㄕˇ	動漫	1	18	absent			-7.354194117						南雲使	南雲始	南/雲/使	南雲始	True	True	1		phrase.anime.tsv	362	
卜瓦松分布	ㄅㄛ˙ ㄨㄚˇ ㄙㄨㄥ ㄈㄣ ㄅㄨˋ	工業工程	1	3	absent			-7.354194117						蔔瓦松分布	卜瓦松分布	蔔/瓦/松/分布	卜瓦松分布	True	True	1		phrase.industrial-engineering.tsv	20	
卡多斯	ㄎㄚˇ ㄉㄨㄛ ㄙ	動漫	1	12	absent			-7.354194117						卡多司	卡多斯	卡/多/司	卡多斯	True	True	1		phrase.anime.tsv	366	
卡巴雷	ㄎㄚˇ ㄅㄚ ㄌㄟˊ	動漫	1	12	absent			-7.354194117						卡芭蕾	卡巴雷	卡/芭蕾	卡巴雷	True	True	1		phrase.anime.tsv	368	
卡文迪許	ㄎㄚˇ ㄨㄣˊ ㄉㄧˊ ㄒㄩˇ	動漫	1	13	absent			-7.354194117						卡文的許	卡文迪許	卡/文/的/許	卡文迪許	True	True	1		phrase.anime.tsv	369	
卡普羅尼	ㄎㄚˇ ㄆㄨˇ ㄌㄨㄛˊ ㄋㄧˊ	動漫	1	14	absent			-7.354194117						卡普羅呢	卡普羅尼	卡/普羅/呢	卡普羅尼	True	True	1		phrase.anime.tsv	370	
卡蜜拉	ㄎㄚˇ ㄇㄧˋ ㄌㄚ	動漫	1	13	absent			-7.354194117						卡密拉	卡蜜拉	卡/密/拉	卡蜜拉	True	True	1		phrase.anime.tsv	374	
危老重建	ㄨㄟ ㄌㄠˇ ㄔㄨㄥˊ ㄐㄧㄢˋ	建築土木	1	11	absent			-7.354194117						微老重建	危老重建	微/老/重建	危老重建	True	True	1		phrase.civil-engineering.tsv	25	
即期利率	ㄐㄧˊ ㄑㄧˊ ㄌㄧˋ ㄌㄩˋ	財會金融	1	10	absent			-7.354194117		及其/利率	1.990266402	及其/利率	1.990266402	及其利率	即期利率	及其/利率	即期利率	True	True	1		phrase.finance.tsv	26	
卷島裕介	ㄐㄩㄢˇ ㄉㄠˇ ㄩˋ ㄐㄧㄝˋ	動漫	1	12	absent			-7.354194117						捲導預借	卷島裕介	捲/導/預借	卷島裕介	True	True	1		phrase.anime.tsv	376	
厄卡倫	ㄜˋ ㄎㄚˇ ㄌㄨㄣˊ	動漫	1	13	absent			-7.354194117						呃卡輪	厄卡倫	呃/卡/輪	厄卡倫	True	True	1		phrase.anime.tsv	377	
原代細胞	ㄩㄢˊ ㄉㄞˋ ㄒㄧˋ ㄅㄠ	生技藥學	1	13	absent			-7.354194117		元代/細胞	2.867310452	元代/細胞	2.867310452	元代細胞	原代細胞	元代/細胞	原代細胞	True	True	1		phrase.biotech-pharma.tsv	23	
原住民族史	ㄩㄢˊ ㄓㄨˋ ㄇㄧㄣˊ ㄗㄨˊ ㄕˇ	歷史	1	4	absent			-7.354194117						原住民族使	原住民族史	原住民族/使	原住民族史	True	True	1		phrase.history.tsv	32	
厭氧消化	ㄧㄢˋ ㄧㄤˇ ㄒㄧㄠ ㄏㄨㄚˋ	環境能源	1	11	absent			-7.354194117						驗養消化	厭氧消化	驗/養/消化	厭氧消化	True	True	1		phrase.energy-environment.tsv	14	
及川徹	ㄐㄧˊ ㄔㄨㄢ ㄔㄜˋ	動漫	1	11	absent			-7.354194117						及穿徹	及川徹	及/穿/徹	及川徹	True	True	1		phrase.anime.tsv	379	
反向傳播	ㄈㄢˇ ㄒㄧㄤˋ ㄔㄨㄢˊ ㄅㄛ	AI資料科學	1	10	absent			-7.354194117		反向/傳播	3.20590002	反向/傳播	3.20590002	反像傳播	反向傳播	反/像/傳播	反向傳播	True	True	1		phrase.ai-data-science.tsv	30	
古戶繪梨花	ㄍㄨˇ ㄏㄨˋ ㄏㄨㄟˋ ㄌㄧˊ ㄏㄨㄚ	動漫	1	11	absent			-7.354194117						古互惠梨花	古戶繪梨花	古/互惠/梨花	古戶繪梨花	True	True	1		phrase.anime.tsv	383	
古手川	ㄍㄨˇ ㄕㄡˇ ㄔㄨㄢ	動漫	1	16	absent			-7.354194117						古手穿	古手川	古/手/穿	古手川	True	True	1		phrase.anime.tsv	384	
古手川千紗	ㄍㄨˇ ㄕㄡˇ ㄔㄨㄢ ㄑㄧㄢ ㄕㄚ	動漫	1	15	absent			-7.354194117						古手穿千殺	古手川千紗	古/手/穿/千/殺	古手川千紗	True	True	1		phrase.anime.tsv	385	
古河渚	ㄍㄨˇ ㄏㄜˊ ㄓㄨˇ	動漫	1	19	absent			-7.354194117						古和主	古河渚	古/和/主	古河渚	True	True	1		phrase.anime.tsv	387	
古泉一樹	ㄍㄨˇ ㄑㄩㄢˊ ㄧ ㄕㄨˋ	動漫	1	14	absent			-7.354194117		股權/醫術	4.04776909	股權/醫術	4.04776909	股權一束	古泉一樹	股權/一/束	古泉一樹	True	True	1		phrase.anime.tsv	388	
古見硝子	ㄍㄨˇ ㄐㄧㄢˋ ㄒㄧㄠ ㄗ˙	動漫	1	21	absent			-7.354194117						古建消子	古見硝子	古/建/消/子	古見硝子	True	True	1		phrase.anime.tsv	391	
古賀朋繪	ㄍㄨˇ ㄏㄜˋ ㄆㄥˊ ㄏㄨㄟˋ	動漫	1	15	absent			-7.354194117						古和朋會	古賀朋繪	古/和/朋/會	古賀朋繪	True	True	1		phrase.anime.tsv	392	
古雷溫德	ㄍㄨˇ ㄌㄟˊ ㄨㄣ ㄉㄜˊ	動漫	1	14	absent			-7.354194117						古雷溫得	古雷溫德	古/雷/溫/得	古雷溫德	True	True	1		phrase.anime.tsv	393	
只殺哥布林	ㄓˇ ㄕㄚ ㄍㄜ ㄅㄨˋ ㄌㄧㄣˊ	動漫	1	12	absent			-7.354194117						只殺歌不林	只殺哥布林	只/殺/歌/不/林	只殺哥布林	True	True	1		phrase.anime.tsv	396	
只野仁人	ㄓˇ ㄧㄝˇ ㄖㄣˊ ㄖㄣˊ	動漫	1	18	absent			-7.354194117						只也人人	只野仁人	只/也/人/人	只野仁人	True	True	1		phrase.anime.tsv	397	
叫我達令	ㄐㄧㄠˋ ㄨㄛˇ ㄉㄚˊ ㄌㄧㄥˋ	動漫	1	12	absent			-7.354194117						叫我答另	叫我達令	叫/我/答/另	叫我達令	True	True	1		phrase.anime.tsv	398	
召喚獸	ㄓㄠˋ ㄏㄨㄢˋ ㄕㄡˋ	動漫	1	23	absent			-7.354194117						召喚受	召喚獸	召喚/受	召喚獸	True	True	1		phrase.anime.tsv	399	
可得性捷思	ㄎㄜˇ ㄉㄜˊ ㄒㄧㄥˋ ㄐㄧㄝˊ ㄙ	心理社會	1	4	absent			-7.354194117						可得性結司	可得性捷思	可/得/性/結/司	可得性捷思	True	True	1		phrase.psychology-society.tsv	19	
可能性之獸	ㄎㄜˇ ㄋㄥˊ ㄒㄧㄥˋ ㄓ ㄕㄡˋ	動漫	1	12	absent			-7.354194117						可能性之受	可能性之獸	可能性/之/受	可能性之獸	True	True	1		phrase.anime.tsv	402	
可蕾娜	ㄎㄜˇ ㄌㄟˇ ㄋㄚˋ	動漫	1	12	absent			-7.354194117						可累那	可蕾娜	可/累/那	可蕾娜	True	True	1		phrase.anime.tsv	403	
可魯貝洛斯	ㄎㄜˇ ㄌㄨˇ ㄅㄟˋ ㄌㄨㄛˋ ㄙ	動漫	1	15	absent			-7.354194117						可魯被落司	可魯貝洛斯	可/魯/被/落/司	可魯貝洛斯	True	True	1		phrase.anime.tsv	404	
史卡雷特	ㄕˇ ㄎㄚˇ ㄌㄟˊ ㄊㄜˋ	動漫	1	15	absent			-7.354194117						使卡雷特	史卡雷特	使/卡/雷/特	史卡雷特	True	True	1		phrase.anime.tsv	405	
史坦菲爾德	ㄕˇ ㄊㄢˇ ㄈㄟ ㄦˇ ㄉㄜˊ	動漫	1	11	absent			-7.354194117						使坦非爾得	史坦菲爾德	使/坦/非/爾/得	史坦菲爾德	True	True	1		phrase.anime.tsv	406	
史比勒	ㄕˇ ㄅㄧˇ ㄌㄜˋ	動漫	1	13	absent			-7.354194117						使比樂	史比勒	使/比/樂	史比勒	True	True	1		phrase.anime.tsv	408	
史比格	ㄕˇ ㄅㄧˇ ㄍㄜˊ	動漫	1	20	absent			-7.354194117						使比格	史比格	使/比/格	史比格	True	True	1		phrase.anime.tsv	409	
史派克	ㄕˇ ㄆㄞˋ ㄎㄜˋ	動漫	1	20	absent			-7.354194117						使派客	史派克	使/派/客	史派克	True	True	1		phrase.anime.tsv	410	
史特拉托斯	ㄕˇ ㄊㄜˋ ㄌㄚ ㄊㄨㄛ ㄙ	動漫	1	17	absent			-7.354194117						使特拉他司	史特拉托斯	使/特/拉/他/司	史特拉托斯	True	True	1		phrase.anime.tsv	411	
史特路爾森	ㄕˇ ㄊㄜˋ ㄌㄨˋ ㄦˇ ㄙㄣ	動漫	1	10	absent			-7.354194117						使特路爾森	史特路爾森	使/特/路/爾/森	史特路爾森	True	True	1		phrase.anime.tsv	412	
史瑪特	ㄕˇ ㄇㄚˇ ㄊㄜˋ	動漫	1	13	absent			-7.354194117						使馬特	史瑪特	使/馬/特	史瑪特	True	True	1		phrase.anime.tsv	413	
右代宮戰人	ㄧㄡˋ ㄉㄞˋ ㄍㄨㄥ ㄓㄢˋ ㄖㄣˊ	動漫	1	17	absent			-7.354194117						又代工戰人	右代宮戰人	又/代工/戰/人	右代宮戰人	True	True	1		phrase.anime.tsv	415	
右代宮緣壽	ㄧㄡˋ ㄉㄞˋ ㄍㄨㄥ ㄩㄢˊ ㄕㄡˋ	動漫	1	13	absent			-7.354194117						又帶公園受	右代宮緣壽	又/帶/公園/受	右代宮緣壽	True	True	1		phrase.anime.tsv	416	
右心室肥厚	ㄧㄡˋ ㄒㄧㄣ ㄕˋ ㄈㄟˊ ㄏㄡˋ	醫學	1	5	absent			-7.354194117						又心是肥厚	右心室肥厚	又/心/是/肥厚	右心室肥厚	True	True	1		phrase.medicine.tsv	56	
司瑛士	ㄙ ㄧㄥ ㄕˋ	動漫	1	14	absent			-7.354194117						私應是	司瑛士	私/應/是	司瑛士	True	True	1		phrase.anime.tsv	417	
各務原撫子	ㄍㄜˋ ㄨˋ ㄩㄢˊ ㄈㄨˇ ㄗ˙	動漫	1	22	absent			-7.354194117						各物員府子	各務原撫子	各/物/員/府/子	各務原撫子	True	True	1		phrase.anime.tsv	418	
合意管轄	ㄏㄜˊ ㄧˋ ㄍㄨㄢˇ ㄒㄧㄚˊ	法律	1	9	absent			-7.354194117		合意/管轄	3.924764853	合意/管轄	3.924764853	和一管轄	合意管轄	和/一/管轄	合意管轄	True	True	1		phrase.law.tsv	42	
吉井明久	ㄐㄧˊ ㄐㄧㄥˇ ㄇㄧㄥˊ ㄐㄧㄡˇ	動漫	1	20	absent			-7.354194117		即景/名酒	5.877072863	即景/名酒	5.877072863	及井明九	吉井明久	及/井/明/九	吉井明久	True	True	1		phrase.anime.tsv	419	
吉伊卡哇	ㄐㄧˊ ㄧ ㄎㄚˇ ㄨㄚ˙	一般	1	8	absent			-7.354194117						及一卡哇	吉伊卡哇	及/一/卡/哇	吉伊卡哇	True	True	1		phrase.general.tsv	27	
吉岡雙葉	ㄐㄧˊ ㄍㄤ ㄕㄨㄤ ㄧㄝˋ	動漫	1	19	absent			-7.354194117						及剛雙業	吉岡雙葉	及/剛/雙/業	吉岡雙葉	True	True	1		phrase.anime.tsv	421	
吉川由紀	ㄐㄧˊ ㄔㄨㄢ ㄧㄡˊ ㄐㄧˋ	動漫	1	13	absent			-7.354194117						及穿遊記	吉川由紀	及/穿/遊記	吉川由紀	True	True	1		phrase.anime.tsv	422	
吉布斯	ㄐㄧˊ ㄅㄨˋ ㄙ	科學	1	11	absent			-7.354194117						及不司	吉布斯	及/不/司	吉布斯	True	True	1		phrase.science.tsv	20	
吉爾伽美什	ㄐㄧˊ ㄦˇ ㄐㄧㄚ ㄇㄟˇ ㄕㄜˊ	動漫	1	14	absent			-7.354194117						吉爾家美什	吉爾伽美什	吉爾/家/美/什	吉爾伽美什	True	True	1		phrase.anime.tsv	423	
吉田一美	ㄐㄧˊ ㄊㄧㄢˊ ㄧ ㄇㄟˇ	動漫	1	14	absent			-7.354194117						及田一美	吉田一美	及/田/一/美	吉田一美	True	True	1		phrase.anime.tsv	424	
吉田千鶴	ㄐㄧˊ ㄊㄧㄢˊ ㄑㄧㄢ ㄏㄜˋ	動漫	1	13	absent			-7.354194117						及田千和	吉田千鶴	及/田/千/和	吉田千鶴	True	True	1		phrase.anime.tsv	425	
吉田春	ㄐㄧˊ ㄊㄧㄢˊ ㄔㄨㄣ	動漫	1	15	absent			-7.354194117						及田春	吉田春	及/田/春	吉田春	True	True	1		phrase.anime.tsv	426	
吉田芹那	ㄐㄧˊ ㄊㄧㄢˊ ㄑㄧㄣˊ ㄋㄚˋ	動漫	1	12	absent			-7.354194117						及田琴那	吉田芹那	及/田/琴/那	吉田芹那	True	True	1		phrase.anime.tsv	427	
吉貝爾	ㄐㄧˊ ㄅㄟˋ ㄦˇ	動漫	1	8	absent			-7.354194117						及貝爾	吉貝爾	及/貝爾	吉貝爾	True	True	1		phrase.anime.tsv	428	
名取周一	ㄇㄧㄥˊ ㄑㄩˇ ㄓㄡ ㄧ	動漫	1	17	absent			-7.354194117		名曲/週一	3.800796607	名曲/週一	3.800796607	明取週一	名取周一	明/取/週一	名取周一	True	True	1		phrase.anime.tsv	432	
名義發誓	ㄇㄧㄥˊ ㄧˋ ㄈㄚ ㄕˋ	動漫	1	14	absent			-7.354194117		名義/發誓	3.34000972	名義/發誓	3.34000972	名義發是	名義發誓	名義/發/是	名義發誓	True	True	1		phrase.anime.tsv	433	
向井戶愛花	ㄒㄧㄤˋ ㄐㄧㄥˇ ㄏㄨˋ ㄞˋ ㄏㄨㄚ	動漫	1	15	absent			-7.354194117						像景互愛花	向井戶愛花	像/景/互愛/花	向井戶愛花	True	True	1		phrase.anime.tsv	434	
君嶋綾乃	ㄐㄩㄣ ㄉㄠˇ ㄌㄧㄥˊ ㄋㄞˇ	動漫	1	11	absent			-7.354194117						均導靈乃	君嶋綾乃	均/導/靈/乃	君嶋綾乃	True	True	1		phrase.anime.tsv	436	
吳起變法	ㄨˊ ㄑㄧˇ ㄅㄧㄢˋ ㄈㄚˇ	歷史	1	12	absent			-7.354194117						無起變法	吳起變法	無/起/變/法	吳起變法	True	True	1		phrase.history.tsv	39	
吸血鬼騎士	ㄒㄧ ㄒㄧㄝˇ ㄍㄨㄟˇ ㄑㄧˊ ㄕˋ	動漫	1	20	absent			-7.354194117		吸血鬼/歧視	2.965382704	吸血鬼/歧視	2.965382704	吸血鬼歧視	吸血鬼騎士	吸血鬼/歧視	吸血鬼騎士	True	True	1		phrase.anime.tsv	439	
吸音性能	ㄒㄧ ㄧㄣ ㄒㄧㄥˋ ㄋㄥˊ	建築土木	1	12	absent			-7.354194117						西因性能	吸音性能	西/因/性能	吸音性能	True	True	1		phrase.civil-engineering.tsv	28	
吾代忍	ㄨˊ ㄉㄞˋ ㄖㄣˇ	動漫	1	11	absent			-7.354194117						無待忍	吾代忍	無/待/忍	吾代忍	True	True	1		phrase.anime.tsv	440	
呂布奉先	ㄌㄩˇ ㄅㄨˋ ㄈㄥˋ ㄒㄧㄢ	動漫	1	15	absent			-7.354194117		呂布/鳳仙	5.752134126	呂布/鳳仙	5.752134126	旅不鳳仙	呂布奉先	旅/不/鳳仙	呂布奉先	True	True	1		phrase.anime.tsv	441	
周防有希	ㄓㄡ ㄈㄤˊ ㄧㄡˇ ㄒㄧ	動漫	1	14	absent			-7.354194117						周防有西	周防有希	周/防/有/西	周防有希	True	True	1		phrase.anime.tsv	444	
和倉結名	ㄏㄜˊ ㄘㄤ ㄐㄧㄝˊ ㄇㄧㄥˊ	動漫	1	11	absent			-7.354194117						和倉頡明	和倉結名	和/倉頡/明	和倉結名	True	True	1		phrase.anime.tsv	446	
和泉一織	ㄏㄜˊ ㄑㄩㄢˊ ㄧ ㄓ	動漫	1	15	absent			-7.354194117						和全一隻	和泉一織	和/全/一隻	和泉一織	True	True	1		phrase.anime.tsv	447	
和泉三月	ㄏㄜˊ ㄑㄩㄢˊ ㄙㄢ ㄩㄝˋ	動漫	1	11	absent			-7.354194117						和全三月	和泉三月	和/全/三月	和泉三月	True	True	1		phrase.anime.tsv	448	
和泉正宗	ㄏㄜˊ ㄑㄩㄢˊ ㄓㄥˋ ㄗㄨㄥ	動漫	1	18	absent			-7.354194117						和全正宗	和泉正宗	和/全/正宗	和泉正宗	True	True	1		phrase.anime.tsv	449	
和泉紗霧	ㄏㄜˊ ㄑㄩㄢˊ ㄕㄚ ㄨˋ	動漫	1	15	absent			-7.354194117						和全殺物	和泉紗霧	和/全/殺/物	和泉紗霧	True	True	1		phrase.anime.tsv	450	
和谷義高	ㄏㄜˊ ㄍㄨˇ ㄧˋ ㄍㄠ	動漫	1	12	absent			-7.354194117						河谷一高	和谷義高	河谷/一/高	和谷義高	True	True	1		phrase.anime.tsv	452	
咪啪	ㄇㄧ ㄆㄚ	動漫	1	13	absent			-7.354194117						咪拍	咪啪	咪/拍	咪啪	True	True	1		phrase.anime.tsv	454	
哆啦欸夢	ㄉㄨㄛ ㄌㄚ ㄟ ㄇㄥˋ	動漫	1	16	absent			-7.354194117						多拉ㄟ夢	哆啦欸夢	多/拉/ㄟ/夢	哆啦欸夢	True	True	1		phrase.anime.tsv	455	哆啦A夢
哆啦美	ㄉㄨㄛ ㄌㄚ ㄇㄟˇ	動漫	1	13	0			-7.354194117						多拉美	哆啦美	多/拉/美	哆啦美	True	True	1		phrase.anime.tsv	456	
哈普提茲姆	ㄏㄚ ㄆㄨˇ ㄊㄧˊ ㄗ ㄇㄨˇ	動漫	1	15	absent			-7.354194117						哈普題資母	哈普提茲姆	哈/普/題/資/母	哈普提茲姆	True	True	1		phrase.anime.tsv	459	
哈特菲利亞	ㄏㄚ ㄊㄜˋ ㄈㄟ ㄌㄧˋ ㄧㄚˇ	動漫	1	19	absent			-7.354194117						哈特非力亞	哈特菲利亞	哈/特/非/力/亞	哈特菲利亞	True	True	1		phrase.anime.tsv	461	
哥布林殺手	ㄍㄜ ㄅㄨˋ ㄌㄧㄣˊ ㄕㄚ ㄕㄡˇ	動漫	1	21	absent			-7.354194117						哥不林殺手	哥布林殺手	哥/不/林/殺手	哥布林殺手	True	True	1		phrase.anime.tsv	463	
唐之杜志恩	ㄊㄤˊ ㄓ ㄉㄨˋ ㄓˋ ㄣ	動漫	1	11	absent			-7.354194117						糖之度至恩	唐之杜志恩	糖/之/度/至/恩	唐之杜志恩	True	True	1		phrase.anime.tsv	465	
喜多川海夢	ㄒㄧˇ ㄉㄨㄛ ㄔㄨㄢ ㄏㄞˇ ㄇㄥˋ	動漫	1	19	absent			-7.354194117						洗多穿海夢	喜多川海夢	洗/多/穿/海/夢	喜多川海夢	True	True	1		phrase.anime.tsv	467	
喜多郁代	ㄒㄧˇ ㄉㄨㄛ ㄩˋ ㄉㄞˋ	動漫	1	15	absent			-7.354194117						洗多與代	喜多郁代	洗/多/與/代	喜多郁代	True	True	1		phrase.anime.tsv	468	
喜翠莊	ㄒㄧˇ ㄘㄨㄟˋ ㄓㄨㄤ	動漫	1	11	absent			-7.354194117						洗脆裝	喜翠莊	洗/脆/裝	喜翠莊	True	True	1		phrase.anime.tsv	471	
喬巴拿	ㄑㄧㄠˊ ㄅㄚ ㄋㄚˊ	動漫	1	14	absent			-7.354194117						橋八拿	喬巴拿	橋/八/拿	喬巴拿	True	True	1		phrase.anime.tsv	473	
喬斯達	ㄑㄧㄠˊ ㄙ ㄉㄚˊ	動漫	1	25	absent			-7.354194117						橋司達	喬斯達	橋/司/達	喬斯達	True	True	1		phrase.anime.tsv	474	
喬瑟夫	ㄑㄧㄠˊ ㄙㄜˋ ㄈㄨ	動漫	1	21	absent			-7.354194117						橋色不	喬瑟夫	橋/色/不	喬瑟夫	True	True	1		phrase.anime.tsv	475	
喬納森	ㄑㄧㄠˊ ㄋㄚˋ ㄙㄣ	動漫	1	24	absent			-7.354194117						橋那森	喬納森	橋/那/森	喬納森	True	True	1		phrase.anime.tsv	476	
喬魯諾	ㄑㄧㄠˊ ㄌㄨˇ ㄋㄨㄛˋ	動漫	1	14	absent			-7.354194117						橋魯諾	喬魯諾	橋/魯/諾	喬魯諾	True	True	1		phrase.anime.tsv	477	
單元式製造	ㄉㄢ ㄩㄢˊ ㄕˋ ㄓˋ ㄗㄠˋ	工業工程	1	4	absent			-7.354194117						單元是製造	單元式製造	單元/是/製造	單元式製造	True	True	1		phrase.industrial-engineering.tsv	28	
單導核糖核酸	ㄉㄢ ㄉㄠˇ ㄏㄜˊ ㄊㄤˊ ㄏㄜˊ ㄙㄨㄢ	生技藥學	1	5	absent			-7.354194117						單導核醣核酸	單導核糖核酸	單/導/核醣核酸	單導核糖核酸	True	True	1		phrase.biotech-pharma.tsv	28	單導RNA
單機排程	ㄉㄢ ㄐㄧ ㄆㄞˊ ㄔㄥˊ	工業工程	1	11	absent			-7.354194117		單機/排成	4.345593946	單機/排成	4.345593946	單機排成	單機排程	單機/排/成	單機排程	True	True	1		phrase.industrial-engineering.tsv	29	
喵帕斯	ㄇㄧㄠ ㄆㄚˋ ㄙ	動漫	1	12	absent			-7.354194117						喵怕司	喵帕斯	喵/怕/司	喵帕斯	True	True	1		phrase.anime.tsv	480	
嘉德麗雅	ㄐㄧㄚ ㄉㄜˊ ㄌㄧˋ ㄧㄚˇ	動漫	1	15	absent			-7.354194117						加得利亞	嘉德麗雅	加/得利/亞	嘉德麗雅	True	True	1		phrase.anime.tsv	483	
嘴平伊之助	ㄗㄨㄟˇ ㄆㄧㄥˊ ㄧ ㄓ ㄓㄨˋ	動漫	1	17	absent			-7.354194117						嘴平一支柱	嘴平伊之助	嘴/平/一/支柱	嘴平伊之助	True	True	1		phrase.anime.tsv	485	
噬魂者	ㄕˋ ㄏㄨㄣˊ ㄓㄜˇ	動漫	1	19	absent			-7.354194117						是魂者	噬魂者	是/魂/者	噬魂者	True	True	1		phrase.anime.tsv	486	
四之宮	ㄙˋ ㄓ ㄍㄨㄥ	動漫	1	14	absent			-7.354194117						四之公	四之宮	四/之/公	四之宮	True	True	1		phrase.anime.tsv	488	
四宮輝夜	ㄙˋ ㄍㄨㄥ ㄏㄨㄟ ㄧㄝˋ	動漫	1	21	absent			-7.354194117						四公揮業	四宮輝夜	四/公/揮/業	四宮輝夜	True	True	1		phrase.anime.tsv	489	
四糸乃	ㄙˋ ㄇㄧˋ ㄋㄞˇ	動漫	1	11	absent			-7.354194117						四密乃	四糸乃	四/密/乃	四糸乃	True	True	1		phrase.anime.tsv	491	
固溶強化	ㄍㄨˋ ㄖㄨㄥˊ ㄑㄧㄤˊ ㄏㄨㄚˋ	材料化工	1	11	absent			-7.354194117						故容強化	固溶強化	故/容/強化	固溶強化	True	True	1		phrase.materials-chemistry.tsv	22	
固溶處理	ㄍㄨˋ ㄖㄨㄥˊ ㄔㄨˇ ㄌㄧˇ	材料化工	1	11	absent			-7.354194117						故容處理	固溶處理	故/容/處理	固溶處理	True	True	1		phrase.materials-chemistry.tsv	23	
國家級警報	ㄍㄨㄛˊ ㄐㄧㄚ ㄐㄧˊ ㄐㄧㄥˇ ㄅㄠˋ	一般	1	12	absent			-7.354194117						國家及警報	國家級警報	國家/及/警報	國家級警報	True	True	1		phrase.general.tsv	32	
國崎往人	ㄍㄨㄛˊ ㄑㄧˊ ㄨㄤˇ ㄖㄣˊ	動漫	1	17	absent			-7.354194117						國旗網人	國崎往人	國旗/網/人	國崎往人	True	True	1		phrase.anime.tsv	497	
國木田獨步	ㄍㄨㄛˊ ㄇㄨˋ ㄊㄧㄢˊ ㄉㄨˊ ㄅㄨˋ	動漫	1	17	absent			-7.354194117						國目田讀不	國木田獨步	國/目/田/讀/不	國木田獨步	True	True	1		phrase.anime.tsv	498	
國木田花丸	ㄍㄨㄛˊ ㄇㄨˋ ㄊㄧㄢˊ ㄏㄨㄚ ㄨㄢˊ	動漫	1	9	absent			-7.354194117						國目田花完	國木田花丸	國/目/田/花/完	國木田花丸	True	True	1		phrase.anime.tsv	499	
園原杏里	ㄩㄢˊ ㄩㄢˊ ㄒㄧㄥˋ ㄌㄧˇ	動漫	1	15	absent			-7.354194117		源源/性理	4.607559918	源源/性理	4.607559918	源源性理	園原杏里	源源/性/理	園原杏里	True	True	1		phrase.anime.tsv	500	
園崎詩音	ㄩㄢˊ ㄑㄧˊ ㄕ ㄧㄣ	動漫	1	10	absent			-7.354194117						原其師因	園崎詩音	原/其/師/因	園崎詩音	True	True	1		phrase.anime.tsv	501	
園崎魅音	ㄩㄢˊ ㄑㄧˊ ㄇㄟˋ ㄧㄣ	動漫	1	15	absent			-7.354194117						原其妹因	園崎魅音	原/其/妹/因	園崎魅音	True	True	1		phrase.anime.tsv	502	
園田海未	ㄩㄢˊ ㄊㄧㄢˊ ㄏㄞˇ ㄨㄟˋ	動漫	1	15	absent			-7.354194117						原填海為	園田海未	原/填/海/為	園田海未	True	True	1		phrase.anime.tsv	503	
圓城寺仁	ㄩㄢˊ ㄔㄥˊ ㄙˋ ㄖㄣˊ	動漫	1	12	absent			-7.354194117		圓成/四人	4.600611058	圓成/四人	4.600611058	原成四人	圓城寺仁	原/成/四/人	圓城寺仁	True	True	1		phrase.anime.tsv	504	
土司制度	ㄊㄨˇ ㄙ ㄓˋ ㄉㄨˋ	歷史	1	10	absent			-7.354194117		吐司/制度	2.517123606	吐司/制度	2.517123606	吐司制度	土司制度	吐司/制度	土司制度	True	True	1		phrase.history.tsv	47	
在地下城	ㄗㄞˋ ㄉㄧˋ ㄒㄧㄚˋ ㄔㄥˊ	動漫	1	23	absent			-7.354194117		在地/下成	3.213748929	在地/下成	3.213748929	在地下成	在地下城	在地/下/成	在地下城	True	True	1		phrase.anime.tsv	510	
地場衛	ㄉㄧˋ ㄔㄤˇ ㄨㄟˋ	動漫	1	12	absent			-7.354194117						地場為	地場衛	地/場/為	地場衛	True	True	1		phrase.anime.tsv	514	
坂上智代	ㄅㄢˇ ㄕㄤˋ ㄓˋ ㄉㄞˋ	動漫	1	15	absent			-7.354194117						版上志代	坂上智代	版/上/志/代	坂上智代	True	True	1		phrase.anime.tsv	523	
坂井悠二	ㄅㄢˇ ㄐㄧㄥˇ ㄧㄡ ㄦˋ	動漫	1	18	absent			-7.354194117						版景優二	坂井悠二	版/景/優/二	坂井悠二	True	True	1		phrase.anime.tsv	524	
坂木靜香	ㄅㄢˇ ㄇㄨˋ ㄐㄧㄥˋ ㄒㄧㄤ	動漫	1	14	absent			-7.354194117						版目競相	坂木靜香	版/目/競相	坂木靜香	True	True	1		phrase.anime.tsv	525	
坂本太郎	ㄅㄢˇ ㄅㄣˇ ㄊㄞˋ ㄌㄤˊ	動漫	1	21	absent			-7.354194117		版本/太郎	2.538510133	版本/太郎	2.538510133	版本太郎	坂本太郎	版本/太郎	坂本太郎	True	True	1		phrase.anime.tsv	526	
坂本日常	ㄅㄢˇ ㄅㄣˇ ㄖˋ ㄔㄤˊ	動漫	1	23	absent			-7.354194117		版本/日常	1.66945106	版本/日常	1.66945106	版本日常	坂本日常	版本/日常	坂本日常	True	True	1		phrase.anime.tsv	527	
坂本雄二	ㄅㄢˇ ㄅㄣˇ ㄒㄩㄥˊ ㄦˋ	動漫	1	13	absent			-7.354194117						版本雄二	坂本雄二	版本/雄/二	坂本雄二	True	True	1		phrase.anime.tsv	528	
坂田銀時	ㄅㄢˇ ㄊㄧㄢˊ ㄧㄣˊ ㄕˊ	動漫	1	24	absent			-7.354194117						版田銀時	坂田銀時	版/田/銀/時	坂田銀時	True	True	1		phrase.anime.tsv	529	
均方誤差	ㄐㄩㄣ ㄈㄤ ㄨˋ ㄔㄚ	AI資料科學	1	12	absent			-7.354194117		軍方/誤差	3.201600039	軍方/誤差	3.201600039	軍方誤差	均方誤差	軍方/誤差	均方誤差	True	True	1		phrase.ai-data-science.tsv	39	
坦派斯特	ㄊㄢˇ ㄆㄞˋ ㄙ ㄊㄜˋ	動漫	1	23	absent			-7.354194117						坦派司特	坦派斯特	坦/派/司/特	坦派斯特	True	True	1		phrase.anime.tsv	530	
埃爾梅羅	ㄞ ㄦˇ ㄇㄟˊ ㄌㄨㄛˊ	動漫	1	21	absent			-7.354194117						唉爾沒羅	埃爾梅羅	唉/爾/沒/羅	埃爾梅羅	True	True	1		phrase.anime.tsv	532	
城之內克也	ㄔㄥˊ ㄓ ㄋㄟˋ ㄎㄜˋ ㄧㄝˇ	動漫	1	15	absent			-7.354194117						成之內客也	城之內克也	成/之內/客/也	城之內克也	True	True	1		phrase.anime.tsv	533	
城太郎	ㄔㄥˊ ㄊㄞˋ ㄌㄤˊ	動漫	1	12	absent			-7.354194117						成太郎	城太郎	成/太郎	城太郎	True	True	1		phrase.anime.tsv	534	
城戶丈	ㄔㄥˊ ㄏㄨˋ ㄓㄤˋ	動漫	1	11	absent			-7.354194117						成護障	城戶丈	成/護/障	城戶丈	True	True	1		phrase.anime.tsv	536	
城次郎	ㄔㄥˊ ㄘˋ ㄌㄤˊ	動漫	1	11	absent			-7.354194117						成次郎	城次郎	成/次郎	城次郎	True	True	1		phrase.anime.tsv	537	
域間路由	ㄩˋ ㄐㄧㄢ ㄌㄨˋ ㄧㄡˊ	網路資安	1	13	absent			-7.354194117						育間路由	域間路由	育/間/路/由	域間路由	True	True	1		phrase.network-security.tsv	47	
埴之塚光邦	ㄓˊ ㄓ ㄓㄨㄥˇ ㄍㄨㄤ ㄅㄤ	動漫	1	11	absent			-7.354194117						職之種光幫	埴之塚光邦	職/之/種/光/幫	埴之塚光邦	True	True	1		phrase.anime.tsv	538	
基利艾拉特	ㄐㄧ ㄌㄧˋ ㄞˋ ㄌㄚ ㄊㄜˋ	動漫	1	20	absent			-7.354194117						激勵愛拉特	基利艾拉特	激勵/愛/拉/特	基利艾拉特	True	True	1		phrase.anime.tsv	539	
基爾伯特	ㄐㄧ ㄦˇ ㄅㄛˊ ㄊㄜˋ	動漫	1	20	absent			-7.354194117						機爾博特	基爾伯特	機/爾/博/特	基爾伯特	True	True	1		phrase.anime.tsv	540	
基爾巴奈特	ㄐㄧ ㄦˇ ㄅㄚ ㄋㄞˋ ㄊㄜˋ	動漫	1	14	absent			-7.354194117						機爾八耐特	基爾巴奈特	機/爾/八/耐/特	基爾巴奈特	True	True	1		phrase.anime.tsv	541	
基載電力	ㄐㄧ ㄗㄞˋ ㄉㄧㄢˋ ㄌㄧˋ	環境能源	1	12	absent			-7.354194117		積在/電力	3.589271133	積在/電力	3.589271133	機在電力	基載電力	機/在/電力	基載電力	True	True	1		phrase.energy-environment.tsv	31	
堀京子	ㄐㄩㄝˊ ㄐㄧㄥ ㄗ˙	動漫	1	20	absent			-7.354194117						覺經子	堀京子	覺/經/子	堀京子	True	True	1		phrase.anime.tsv	543	
堀政行	ㄐㄩㄝˊ ㄓㄥˋ ㄒㄧㄥˊ	動漫	1	11	absent			-7.354194117						覺政行	堀政行	覺/政/行	堀政行	True	True	1		phrase.anime.tsv	544	
堀與宮村	ㄐㄩㄝˊ ㄩˇ ㄍㄨㄥ ㄘㄨㄣ	動漫	1	22	absent			-7.354194117						覺與工村	堀與宮村	覺/與/工/村	堀與宮村	True	True	1		phrase.anime.tsv	545	
堀越二郎	ㄐㄩㄝˊ ㄩㄝˋ ㄦˋ ㄌㄤˊ	動漫	1	18	absent			-7.354194117						覺月二郎	堀越二郎	覺/月/二/郎	堀越二郎	True	True	1		phrase.anime.tsv	546	
場地圭介	ㄔㄤˇ ㄉㄧˋ ㄍㄨㄟ ㄐㄧㄝˋ	動漫	1	15	absent			-7.354194117						場地規界	場地圭介	場地/規/界	場地圭介	True	True	1		phrase.anime.tsv	547	
場效電晶體	ㄔㄤˇ ㄒㄧㄠˋ ㄉㄧㄢˋ ㄐㄧㄥ ㄊㄧˇ	電子電機	1	6	absent			-7.354194117						廠校電晶體	場效電晶體	廠/校/電晶體	場效電晶體	True	True	1		phrase.electronics.tsv	52	
場站規劃	ㄔㄤˇ ㄓㄢˋ ㄍㄨㄟ ㄏㄨㄚˋ	交通物流	1	14	absent			-7.354194117						廠戰規劃	場站規劃	廠/戰/規劃	場站規劃	True	True	1		phrase.transport-logistics.tsv	31	
塔兒朵	ㄊㄚˇ ㄦˊ ㄉㄨㄛˇ	動漫	1	11	absent			-7.354194117						塔而躲	塔兒朵	塔/而/躲	塔兒朵	True	True	1		phrase.anime.tsv	548	
塔帕莎	ㄊㄚˇ ㄆㄚˋ ㄕㄚ	動漫	1	12	absent			-7.354194117						塔怕殺	塔帕莎	塔/怕/殺	塔帕莎	True	True	1		phrase.anime.tsv	549	
塔矢亮	ㄊㄚˇ ㄕˇ ㄌㄧㄤˋ	動漫	1	15	absent			-7.354194117						塔使量	塔矢亮	塔/使/量	塔矢亮	True	True	1		phrase.anime.tsv	550	
塔矢行洋	ㄊㄚˇ ㄕˇ ㄒㄧㄥˊ ㄧㄤˊ	動漫	1	13	absent			-7.354194117						塔使行陽	塔矢行洋	塔/使/行/陽	塔矢行洋	True	True	1		phrase.anime.tsv	551	
塔羅沙	ㄊㄚˇ ㄌㄨㄛˊ ㄕㄚ	動漫	1	16	absent			-7.354194117						塔羅殺	塔羅沙	塔/羅/殺	塔羅沙	True	True	1		phrase.anime.tsv	552	
塔茲米	ㄊㄚˇ ㄗ ㄇㄧˇ	動漫	1	15	absent			-7.354194117						塔資米	塔茲米	塔/資/米	塔茲米	True	True	1		phrase.anime.tsv	553	
塚本天滿	ㄓㄨㄥˇ ㄅㄣˇ ㄊㄧㄢ ㄇㄢˇ	動漫	1	18	absent			-7.354194117						種本天滿	塚本天滿	種/本/天/滿	塚本天滿	True	True	1		phrase.anime.tsv	555	
塞爾堤	ㄙㄜˋ ㄦˇ ㄊㄧˊ	動漫	1	10	absent			-7.354194117						色爾題	塞爾堤	色/爾/題	塞爾堤	True	True	1		phrase.anime.tsv	556	
壬生浪士組	ㄖㄣˊ ㄕㄥ ㄌㄤˋ ㄕˋ ㄗㄨˇ	動漫	1	10	absent			-7.354194117						人生浪是組	壬生浪士組	人生/浪/是/組	壬生浪士組	True	True	1		phrase.anime.tsv	560	
夏提雅	ㄒㄧㄚˋ ㄊㄧˊ ㄧㄚˇ	動漫	1	17	absent			-7.354194117						下題亞	夏提雅	下/題/亞	夏提雅	True	True	1		phrase.anime.tsv	563	
夏洛特貝琉	ㄒㄧㄚˋ ㄌㄨㄛˋ ㄊㄜˋ ㄅㄟˋ ㄌㄧㄡˊ	動漫	1	13	absent			-7.354194117						夏洛特被流	夏洛特貝琉	夏洛特/被/流	夏洛特貝琉	True	True	1		phrase.anime.tsv	568	
夏目友人帳	ㄒㄧㄚˋ ㄇㄨˋ ㄧㄡˇ ㄖㄣˊ ㄓㄤˋ	動漫	1	25	absent			-7.354194117						下目有人障	夏目友人帳	下/目/有人/障	夏目友人帳	True	True	1		phrase.anime.tsv	569	
夏目朝子	ㄒㄧㄚˋ ㄇㄨˋ ㄔㄠˊ ㄗ˙	動漫	1	14	absent			-7.354194117						下目潮子	夏目朝子	下/目/潮/子	夏目朝子	True	True	1		phrase.anime.tsv	570	
夏目貴志	ㄒㄧㄚˋ ㄇㄨˋ ㄍㄨㄟˋ ㄓˋ	動漫	1	23	absent			-7.354194117						下目會至	夏目貴志	下/目/會/至	夏目貴志	True	True	1		phrase.anime.tsv	571	
夏莉歐	ㄒㄧㄚˋ ㄌㄧˋ ㄡ	動漫	1	11	absent			-7.354194117						下力歐	夏莉歐	下/力/歐	夏莉歐	True	True	1		phrase.anime.tsv	573	
夏蘿蘭茲	ㄒㄧㄚˋ ㄌㄨㄛˊ ㄌㄢˊ ㄗ	動漫	1	11	absent			-7.354194117						下羅蘭資	夏蘿蘭茲	下/羅蘭/資	夏蘿蘭茲	True	True	1		phrase.anime.tsv	574	
外圓磨削	ㄨㄞˋ ㄩㄢˊ ㄇㄛˊ ㄒㄩㄝ	製造機械	1	13	absent			-7.354194117						外員模薛	外圓磨削	外/員/模/薛	外圓磨削	True	True	1		phrase.manufacturing.tsv	29	
多姆海伍	ㄉㄨㄛ ㄇㄨˇ ㄏㄞˇ ㄨˇ	動漫	1	22	absent			-7.354194117						多母海五	多姆海伍	多/母/海/五	多姆海伍	True	True	1		phrase.anime.tsv	576	
多尼多尼	ㄉㄨㄛ ㄋㄧˊ ㄉㄨㄛ ㄋㄧˊ	動漫	1	13	absent			-7.354194117						多呢多呢	多尼多尼	多/呢/多/呢	多尼多尼	True	True	1		phrase.anime.tsv	577	
多式聯運	ㄉㄨㄛ ㄕˋ ㄌㄧㄢˊ ㄩㄣˋ	交通物流	1	13	absent			-7.354194117		多是/聯運	4.463773099	多是/聯運	4.463773099	多是連運	多式聯運	多/是/連/運	多式聯運	True	True	1		phrase.transport-logistics.tsv	32	
多拉格尼爾	ㄉㄨㄛ ㄌㄚ ㄍㄜˊ ㄋㄧˊ ㄦˇ	動漫	1	22	absent			-7.354194117						多拉格呢爾	多拉格尼爾	多/拉/格/呢/爾	多拉格尼爾	True	True	1		phrase.anime.tsv	578	
多田萬里	ㄉㄨㄛ ㄊㄧㄢˊ ㄨㄢˋ ㄌㄧˇ	動漫	1	18	absent			-7.354194117						多甜萬里	多田萬里	多/甜/萬里	多田萬里	True	True	1		phrase.anime.tsv	580	
多軌透	ㄉㄨㄛ ㄍㄨㄟˇ ㄊㄡˋ	動漫	1	14	absent			-7.354194117						多鬼透	多軌透	多/鬼/透	多軌透	True	True	1		phrase.anime.tsv	582	
夜刀神十香	ㄧㄝˋ ㄉㄠ ㄕㄣˊ ㄕˊ ㄒㄧㄤ	動漫	1	19	absent			-7.354194117						業刀什時相	夜刀神十香	業/刀/什/時/相	夜刀神十香	True	True	1		phrase.anime.tsv	583	
夜刀神狗朗	ㄧㄝˋ ㄉㄠ ㄕㄣˊ ㄍㄡˇ ㄌㄤˇ	動漫	1	15	absent			-7.354194117						業刀什狗朗	夜刀神狗朗	業/刀/什/狗/朗	夜刀神狗朗	True	True	1		phrase.anime.tsv	584	
夜叉姬	ㄧㄝˋ ㄔㄚ ㄐㄧ	動漫	1	20	absent			-7.354194117						業差機	夜叉姬	業/差/機	夜叉姬	True	True	1		phrase.anime.tsv	585	
夜叉神天衣	ㄧㄝˋ ㄔㄚ ㄕㄣˊ ㄊㄧㄢ ㄧ	動漫	1	11	absent			-7.354194117						業差什天一	夜叉神天衣	業/差/什/天/一	夜叉神天衣	True	True	1		phrase.anime.tsv	586	
夜櫻二刃	ㄧㄝˋ ㄧㄥ ㄦˋ ㄖㄣˋ	動漫	1	12	absent			-7.354194117		夜鶯/二任	4.60600609	夜鶯/二任	4.60600609	夜鶯二認	夜櫻二刃	夜鶯/二/認	夜櫻二刃	True	True	1		phrase.anime.tsv	590	
夜櫻六美	ㄧㄝˋ ㄧㄥ ㄌㄧㄡˋ ㄇㄟˇ	動漫	1	15	absent			-7.354194117						夜鶯六美	夜櫻六美	夜鶯/六/美	夜櫻六美	True	True	1		phrase.anime.tsv	591	
夜櫻凶一郎	ㄧㄝˋ ㄧㄥ ㄒㄩㄥ ㄧ ㄌㄤˊ	動漫	1	14	absent			-7.354194117						夜鶯兄一郎	夜櫻凶一郎	夜鶯/兄/一/郎	夜櫻凶一郎	True	True	1		phrase.anime.tsv	592	
夜櫻家	ㄧㄝˋ ㄧㄥ ㄐㄧㄚ	動漫	1	12	absent			-7.354194117						夜鶯家	夜櫻家	夜鶯/家	夜櫻家	True	True	1		phrase.anime.tsv	593	
夜櫻辛三	ㄧㄝˋ ㄧㄥ ㄒㄧㄣ ㄙㄢ	動漫	1	11	absent			-7.354194117						夜鶯心三	夜櫻辛三	夜鶯/心/三	夜櫻辛三	True	True	1		phrase.anime.tsv	594	
夜神月	ㄧㄝˋ ㄕㄣˊ ㄩㄝˋ	動漫	1	24	absent			-7.354194117						業什月	夜神月	業/什/月	夜神月	True	True	1		phrase.anime.tsv	595	
夜見介大	ㄧㄝˋ ㄐㄧㄢˋ ㄐㄧㄝˋ ㄉㄚˋ	動漫	1	14	absent			-7.354194117						業建界大	夜見介大	業/建/界/大	夜見介大	True	True	1		phrase.anime.tsv	597	
夢幻島	ㄇㄥˋ ㄏㄨㄢˋ ㄉㄠˇ	動漫	1	24	absent			-7.354194117						夢幻導	夢幻島	夢幻/導	夢幻島	True	True	1		phrase.anime.tsv	598	
大原大次郎	ㄉㄚˋ ㄩㄢˊ ㄉㄚˋ ㄘˋ ㄌㄤˊ	動漫	1	16	absent			-7.354194117						大員大次郎	大原大次郎	大/員/大/次郎	大原大次郎	True	True	1		phrase.anime.tsv	602	
大垣千明	ㄉㄚˋ ㄩㄢˊ ㄑㄧㄢ ㄇㄧㄥˊ	動漫	1	17	absent			-7.354194117		大園/簽名	3.377569065	大園/簽名	3.377569065	大員簽名	大垣千明	大/員/簽名	大垣千明	True	True	1		phrase.anime.tsv	604	
大城光	ㄉㄚˋ ㄔㄥˊ ㄍㄨㄤ	動漫	1	13	absent			-7.354194117						大成光	大城光	大/成/光	大城光	True	True	1		phrase.anime.tsv	605	
大場奈奈	ㄉㄚˋ ㄔㄤˇ ㄋㄞˋ ㄋㄞˋ	動漫	1	9	absent			-7.354194117						大場耐耐	大場奈奈	大/場/耐/耐	大場奈奈	True	True	1		phrase.anime.tsv	606	
大宮忍	ㄉㄚˋ ㄍㄨㄥ ㄖㄣˇ	動漫	1	17	absent			-7.354194117						大公忍	大宮忍	大公/忍	大宮忍	True	True	1		phrase.anime.tsv	608	
大崎娜娜	ㄉㄚˋ ㄑㄧˊ ㄋㄚˋ ㄋㄚˋ	動漫	1	21	absent			-7.354194117						大其那那	大崎娜娜	大/其/那/那	大崎娜娜	True	True	1		phrase.anime.tsv	609	
大木大樹	ㄉㄚˋ ㄇㄨˋ ㄉㄚˋ ㄕㄨˋ	動漫	1	19	absent			-7.354194117						大目大樹	大木大樹	大/目/大樹	大木大樹	True	True	1		phrase.anime.tsv	610	
大江奏	ㄉㄚˋ ㄐㄧㄤ ㄗㄡˋ	動漫	1	12	absent			-7.354194117						大將奏	大江奏	大/將/奏	大江奏	True	True	1		phrase.anime.tsv	611	
大腸憩室炎	ㄉㄚˋ ㄔㄤˊ ㄑㄧˋ ㄕˋ ㄧㄢˊ	醫學	1	3	absent			-7.354194117						大腸憩是研	大腸憩室炎	大腸/憩/是/研	大腸憩室炎	True	True	1		phrase.medicine.tsv	70	
大賢者	ㄉㄚˋ ㄒㄧㄢˊ ㄓㄜˇ	動漫	1	15	absent			-7.354194117						大嫌者	大賢者	大/嫌/者	大賢者	True	True	1		phrase.anime.tsv	615	
大路餅藏	ㄉㄚˋ ㄌㄨˋ ㄅㄧㄥˇ ㄗㄤˋ	動漫	1	15	absent			-7.354194117						大陸餅臟	大路餅藏	大陸/餅/臟	大路餅藏	True	True	1		phrase.anime.tsv	616	
大道寺知世	ㄉㄚˋ ㄉㄠˋ ㄙˋ ㄓ ㄕˋ	動漫	1	19	absent			-7.354194117						大到四知識	大道寺知世	大/到/四/知識	大道寺知世	True	True	1		phrase.anime.tsv	617	
天國大魔境	ㄊㄧㄢ ㄍㄨㄛˊ ㄉㄚˋ ㄇㄛˊ ㄐㄧㄥˋ	動漫	1	22	absent			-7.354194117						天國大魔鏡	天國大魔境	天/國大/魔鏡	天國大魔境	True	True	1		phrase.anime.tsv	624	
天堂之吻	ㄊㄧㄢ ㄊㄤˊ ㄓ ㄨㄣˇ	動漫	1	19	absent			-7.354194117						天堂之穩	天堂之吻	天堂/之/穩	天堂之吻	True	True	1		phrase.anime.tsv	625	
天堂真矢	ㄊㄧㄢ ㄊㄤˊ ㄓㄣ ㄕˇ	動漫	1	14	absent			-7.354194117						天堂真使	天堂真矢	天堂/真/使	天堂真矢	True	True	1		phrase.anime.tsv	626	
天天座理世	ㄊㄧㄢ ㄊㄧㄢ ㄗㄨㄛˋ ㄌㄧˇ ㄕˋ	動漫	1	14	absent			-7.354194117						天天作理事	天天座理世	天天/作/理事	天天座理世	True	True	1		phrase.anime.tsv	627	
天木鍊	ㄊㄧㄢ ㄇㄨˋ ㄌㄧㄢˋ	動漫	1	13	absent			-7.354194117						天目練	天木鍊	天/目/練	天木鍊	True	True	1		phrase.anime.tsv	629	
天海春香	ㄊㄧㄢ ㄏㄞˇ ㄔㄨㄣ ㄒㄧㄤ	動漫	1	20	absent			-7.354194117						天海春相	天海春香	天/海/春/相	天海春香	True	True	1		phrase.anime.tsv	632	
天草篠	ㄊㄧㄢ ㄘㄠˇ ㄒㄧㄠˇ	動漫	1	15	absent			-7.354194117						天草小	天草篠	天/草/小	天草篠	True	True	1		phrase.anime.tsv	635	
天道茜	ㄊㄧㄢ ㄉㄠˋ ㄑㄧㄢˋ	動漫	1	20	absent			-7.354194117						天道歉	天道茜	天/道歉	天道茜	True	True	1		phrase.anime.tsv	636	
天道輝	ㄊㄧㄢ ㄉㄠˋ ㄏㄨㄟ	動漫	1	20	absent			-7.354194117						天到揮	天道輝	天/到/揮	天道輝	True	True	1		phrase.anime.tsv	637	
天道靡	ㄊㄧㄢ ㄉㄠˋ ㄇㄧˇ	動漫	1	12	absent			-7.354194117						天稻米	天道靡	天/稻米	天道靡	True	True	1		phrase.anime.tsv	638	
天野凪	ㄊㄧㄢ ㄧㄝˇ ㄓˇ	動漫	1	17	absent			-7.354194117						天也只	天野凪	天/也/只	天野凪	True	True	1		phrase.anime.tsv	639	
天野陽菜	ㄊㄧㄢ ㄧㄝˇ ㄧㄤˊ ㄘㄞˋ	動漫	1	20	absent			-7.354194117						天也洋菜	天野陽菜	天/也/洋菜	天野陽菜	True	True	1		phrase.anime.tsv	640	
天野雪輝	ㄊㄧㄢ ㄧㄝˇ ㄒㄩㄝˇ ㄏㄨㄟ	動漫	1	20	absent			-7.354194117						天也雪揮	天野雪輝	天/也/雪/揮	天野雪輝	True	True	1		phrase.anime.tsv	641	
天馬賢三	ㄊㄧㄢ ㄇㄚˇ ㄒㄧㄢˊ ㄙㄢ	動漫	1	22	absent			-7.354194117						天馬嫌三	天馬賢三	天馬/嫌/三	天馬賢三	True	True	1		phrase.anime.tsv	642	
太刀川美美	ㄊㄞˋ ㄉㄠ ㄔㄨㄢ ㄇㄟˇ ㄇㄟˇ	動漫	1	13	absent			-7.354194117						太刀穿每每	太刀川美美	太刀/穿/每每	太刀川美美	True	True	1		phrase.anime.tsv	643	
太宰治	ㄊㄞˋ ㄗㄞˇ ㄓˋ	動漫	1	19	absent			-7.354194117						太宰制	太宰治	太/宰制	太宰治	True	True	1		phrase.anime.tsv	644	
太陽之手	ㄊㄞˋ ㄧㄤˊ ㄓ ㄕㄡˇ	動漫	1	10	absent			-7.354194117		太陽/隻手	2.713831954	太陽/隻手	2.713831954	太陽隻手	太陽之手	太陽/隻手	太陽之手	True	True	1		phrase.anime.tsv	645	
失憶投捕	ㄕ ㄧˋ ㄊㄡˊ ㄅㄨˇ	動漫	1	20	absent			-7.354194117						失一頭補	失憶投捕	失/一頭/補	失憶投捕	True	True	1		phrase.anime.tsv	646	
奇佐爾緹	ㄑㄧˊ ㄗㄨㄛˇ ㄦˇ ㄊㄧˊ	動漫	1	14	absent			-7.354194117						其左耳題	奇佐爾緹	其/左耳/題	奇佐爾緹	True	True	1		phrase.anime.tsv	648	
奇巧計程車	ㄑㄧˊ ㄑㄧㄠˇ ㄐㄧˋ ㄔㄥˊ ㄔㄜ	動漫	1	23	absent			-7.354194117		奇巧/計程車	4.490871257	奇巧/計程車	4.490871257	其巧計程車	奇巧計程車	其/巧/計程車	奇巧計程車	True	True	1		phrase.anime.tsv	650	
奈奈華	ㄋㄞˋ ㄋㄞˋ ㄏㄨㄚˊ	動漫	1	13	absent			-7.354194117						耐耐華	奈奈華	耐/耐/華	奈奈華	True	True	1		phrase.anime.tsv	652	
奈奎斯特圖	ㄋㄞˋ ㄎㄨㄟˊ ㄙ ㄊㄜˋ ㄊㄨˊ	電子電機	1	4	absent			-7.354194117						耐魁司特圖	奈奎斯特圖	耐/魁/司/特/圖	奈奎斯特圖	True	True	1		phrase.electronics.tsv	67	
套索迴歸	ㄊㄠˋ ㄙㄨㄛˇ ㄏㄨㄟˊ ㄍㄨㄟ	AI資料科學	1	12	absent			-7.354194117						套所回歸	套索迴歸	套/所/回歸	套索迴歸	True	True	1		phrase.ai-data-science.tsv	48	
奧伊卡茲	ㄠˋ ㄧ ㄎㄚˇ ㄗ	動漫	1	15	absent			-7.354194117						奧一卡資	奧伊卡茲	奧/一/卡/資	奧伊卡茲	True	True	1		phrase.anime.tsv	655	
奧克茲	ㄠˋ ㄎㄜˋ ㄗ	動漫	1	14	absent			-7.354194117						奧客資	奧克茲	奧/客/資	奧克茲	True	True	1		phrase.anime.tsv	656	
奧寺美紀	ㄠˋ ㄙˋ ㄇㄟˇ ㄐㄧˋ	動漫	1	17	absent			-7.354194117						奧四美計	奧寺美紀	奧/四美/計	奧寺美紀	True	True	1		phrase.anime.tsv	657	
奧山真澄	ㄠˋ ㄕㄢ ㄓㄣ ㄔㄥˊ	動漫	1	12	absent			-7.354194117						奧山真誠	奧山真澄	奧/山/真誠	奧山真澄	True	True	1		phrase.anime.tsv	658	
奧村燐	ㄠˋ ㄘㄨㄣ ㄌㄧㄣˊ	動漫	1	18	absent			-7.354194117						奧村林	奧村燐	奧/村/林	奧村燐	True	True	1		phrase.anime.tsv	659	
奧村英二	ㄠˋ ㄘㄨㄣ ㄧㄥ ㄦˋ	動漫	1	18	absent			-7.354194117						奧村應二	奧村英二	奧/村/應/二	奧村英二	True	True	1		phrase.anime.tsv	660	
奧村雪男	ㄠˋ ㄘㄨㄣ ㄒㄩㄝˇ ㄋㄢˊ	動漫	1	15	absent			-7.354194117						奧村雪南	奧村雪男	奧/村/雪/南	奧村雪男	True	True	1		phrase.anime.tsv	661	
奧茲貝	ㄠˋ ㄗ ㄅㄟˋ	動漫	1	18	absent			-7.354194117						奧資被	奧茲貝	奧/資/被	奧茲貝	True	True	1		phrase.anime.tsv	663	
奧黛莉伯恩	ㄠˋ ㄉㄞˋ ㄌㄧˋ ㄅㄛˊ ㄣ	動漫	1	15	absent			-7.354194117						奧代力伯恩	奧黛莉伯恩	奧/代/力/伯恩	奧黛莉伯恩	True	True	1		phrase.anime.tsv	664	
女亂馬	ㄋㄩˇ ㄌㄨㄢˋ ㄇㄚˇ	動漫	1	15	absent			-7.354194117						女亂碼	女亂馬	女/亂碼	女亂馬	True	True	1		phrase.anime.tsv	665	
奴良滑瓢	ㄋㄨˊ ㄌㄧㄤˊ ㄏㄨㄚˊ ㄆㄧㄠˊ	動漫	1	11	absent			-7.354194117						奴良華瓢	奴良滑瓢	奴/良/華/瓢	奴良滑瓢	True	True	1		phrase.anime.tsv	673	
奴良陸生	ㄋㄨˊ ㄌㄧㄤˊ ㄌㄨˋ ㄕㄥ	動漫	1	18	absent			-7.354194117						奴良路生	奴良陸生	奴/良/路/生	奴良陸生	True	True	1		phrase.anime.tsv	674	
好氧消化	ㄏㄠˋ ㄧㄤˇ ㄒㄧㄠ ㄏㄨㄚˋ	環境能源	1	13	absent			-7.354194117		耗氧/消化	4.700981604	耗氧/消化	4.700981604	號養消化	好氧消化	號/養/消化	好氧消化	True	True	1		phrase.energy-environment.tsv	36	
妖精尾巴	ㄧㄠ ㄐㄧㄥ ㄨㄟˇ ㄅㄚ	動漫	1	14	absent			-7.354194117		妖精/尾巴	4.76090805	妖精/尾巴	4.76090805	邀經尾巴	妖精尾巴	邀/經/尾巴	妖精尾巴	True	True	1		phrase.anime.tsv	678	
妖精弓手	ㄧㄠ ㄐㄧㄥ ㄍㄨㄥ ㄕㄡˇ	動漫	1	14	absent			-7.354194117		妖精/攻守	5.275012871	妖精/攻守	5.275012871	邀經公手	妖精弓手	邀/經/公/手	妖精弓手	True	True	1		phrase.anime.tsv	679	
妨害公務罪	ㄈㄤˊ ㄏㄞˋ ㄍㄨㄥ ㄨˋ ㄗㄨㄟˋ	法律	1	3	absent			-7.354194117						妨害公務最	妨害公務罪	妨害/公務/最	妨害公務罪	True	True	1		phrase.law.tsv	53	
妨害名譽罪	ㄈㄤˊ ㄏㄞˋ ㄇㄧㄥˊ ㄩˋ ㄗㄨㄟˋ	法律	1	3	absent			-7.354194117						妨害名譽最	妨害名譽罪	妨害/名譽/最	妨害名譽罪	True	True	1		phrase.law.tsv	54	
妨害生命罪	ㄈㄤˊ ㄏㄞˋ ㄕㄥ ㄇㄧㄥˋ ㄗㄨㄟˋ	法律	1	3	absent			-7.354194117						妨害生命最	妨害生命罪	妨害/生命/最	妨害生命罪	True	True	1		phrase.law.tsv	55	
妨害秘密罪	ㄈㄤˊ ㄏㄞˋ ㄇㄧˋ ㄇㄧˋ ㄗㄨㄟˋ	法律	1	3	absent			-7.354194117						妨害秘密最	妨害秘密罪	妨害/秘密/最	妨害秘密罪	True	True	1		phrase.law.tsv	56	
妨害自由罪	ㄈㄤˊ ㄏㄞˋ ㄗˋ ㄧㄡˊ ㄗㄨㄟˋ	法律	1	3	absent			-7.354194117						妨害自由最	妨害自由罪	妨害自由/最	妨害自由罪	True	True	1		phrase.law.tsv	57	
妮可羅賓	ㄋㄧˊ ㄎㄜˇ ㄌㄨㄛˊ ㄅㄧㄣ	動漫	1	12	absent			-7.354194117						呢可羅賓	妮可羅賓	呢/可/羅/賓	妮可羅賓	True	True	1		phrase.anime.tsv	682	
妮娜弗多拿	ㄋㄧˊ ㄋㄚˋ ㄈㄨˊ ㄉㄨㄛ ㄋㄚˊ	動漫	1	17	absent			-7.354194117						呢那服多拿	妮娜弗多拿	呢/那/服/多/拿	妮娜弗多拿	True	True	1		phrase.anime.tsv	683	
妹尾愛子	ㄇㄟˋ ㄨㄟˇ ㄞˋ ㄗˇ	動漫	1	15	absent			-7.354194117						妹委愛子	妹尾愛子	妹/委/愛子	妹尾愛子	True	True	1		phrase.anime.tsv	686	
姆魯姆魯	ㄇㄨˇ ㄌㄨˇ ㄇㄨˇ ㄌㄨˇ	動漫	1	12	absent			-7.354194117						母魯母魯	姆魯姆魯	母/魯/母/魯	姆魯姆魯	True	True	1		phrase.anime.tsv	688	
姬坂乃愛	ㄐㄧ ㄅㄢˇ ㄋㄞˇ ㄞˋ	動漫	1	11	absent			-7.354194117						機板乃愛	姬坂乃愛	機板/乃/愛	姬坂乃愛	True	True	1		phrase.anime.tsv	689	
姬路瑞希	ㄐㄧ ㄌㄨˋ ㄖㄨㄟˋ ㄒㄧ	動漫	1	17	absent			-7.354194117						機路瑞西	姬路瑞希	機/路/瑞/西	姬路瑞希	True	True	1		phrase.anime.tsv	690	
娜娜奇	ㄋㄚˋ ㄋㄚˋ ㄑㄧˊ	動漫	1	15	absent			-7.354194117						那那其	娜娜奇	那/那/其	娜娜奇	True	True	1		phrase.anime.tsv	693	
娜娜莉	ㄋㄚˋ ㄋㄚˋ ㄌㄧˋ	動漫	1	14	absent			-7.354194117						那那力	娜娜莉	那/那/力	娜娜莉	True	True	1		phrase.anime.tsv	694	
娜潔希坦	ㄋㄚˋ ㄐㄧㄝˊ ㄒㄧ ㄊㄢˇ	動漫	1	9	absent			-7.354194117						那潔西坦	娜潔希坦	那/潔西/坦	娜潔希坦	True	True	1		phrase.anime.tsv	695	
娜貝拉爾	ㄋㄚˋ ㄅㄟˋ ㄌㄚ ㄦˇ	動漫	1	11	absent			-7.354194117						那被拉爾	娜貝拉爾	那/被/拉/爾	娜貝拉爾	True	True	1		phrase.anime.tsv	697	
子宮腺肌症	ㄗˇ ㄍㄨㄥ ㄒㄧㄢˋ ㄐㄧ ㄓㄥˋ	醫學	1	3	absent			-7.354194117						子宮現機政	子宮腺肌症	子宮/現/機/政	子宮腺肌症	True	True	1		phrase.medicine.tsv	75	
存在艾克斯	ㄘㄨㄣˊ ㄗㄞˋ ㄞˋ ㄎㄜˋ ㄙ	動漫	1	12	absent			-7.354194117		存在/愛克斯	4.032181679	存在/愛克斯	4.032181679	存在愛克斯	存在艾克斯	存在/愛克斯	存在艾克斯	True	True	1		phrase.anime.tsv	699	存在X
孤爪研磨	ㄍㄨ ㄓㄠˇ ㄧㄢˊ ㄇㄛˊ	動漫	1	10	absent			-7.354194117						家找研磨	孤爪研磨	家/找/研磨	孤爪研磨	True	True	1		phrase.anime.tsv	702	
孫悟飯	ㄙㄨㄣ ㄨˋ ㄈㄢˋ	動漫	1	19	absent			-7.354194117						孫物範	孫悟飯	孫/物/範	孫悟飯	True	True	1		phrase.anime.tsv	705	
學園奶爸	ㄒㄩㄝˊ ㄩㄢˊ ㄋㄞˇ ㄅㄚˋ	動漫	1	19	absent			-7.354194117		學員/奶爸	3.805681861	學員/奶爸	3.805681861	學員奶爸	學園奶爸	學員/奶爸	學園奶爸	True	True	1		phrase.anime.tsv	706	
學園孤島	ㄒㄩㄝˊ ㄩㄢˊ ㄍㄨ ㄉㄠˇ	動漫	1	20	absent			-7.354194117		學員/孤島	3.504651865	學員/孤島	3.504651865	學員孤島	學園孤島	學員/孤島	學園孤島	True	True	1		phrase.anime.tsv	707	
學園生活部	ㄒㄩㄝˊ ㄩㄢˊ ㄕㄥ ㄏㄨㄛˊ ㄅㄨˋ	動漫	1	12	absent			-7.354194117						學員生活不	學園生活部	學員/生活/不	學園生活部	True	True	1		phrase.anime.tsv	708	
宅男腐女	ㄓㄞˊ ㄋㄢˊ ㄈㄨˇ ㄋㄩˇ	動漫	1	23	absent			-7.354194117						宅男府女	宅男腐女	宅男/府/女	宅男腐女	True	True	1		phrase.anime.tsv	713	
宇智波佐助	ㄩˇ ㄓˋ ㄅㄛ ㄗㄨㄛˇ ㄓㄨˋ	動漫	1	22	absent			-7.354194117						與志波左助	宇智波佐助	與/志/波/左/助	宇智波佐助	True	True	1		phrase.anime.tsv	717	
宇智波鼬	ㄩˇ ㄓˋ ㄅㄛ ㄧㄡˋ	動漫	1	13	absent			-7.354194117						與志波又	宇智波鼬	與/志/波/又	宇智波鼬	True	True	1		phrase.anime.tsv	718	
宇治松千夜	ㄩˇ ㄓˋ ㄙㄨㄥ ㄑㄧㄢ ㄧㄝˋ	動漫	1	13	absent			-7.354194117						與志鬆千業	宇治松千夜	與/志/鬆/千/業	宇治松千夜	True	True	1		phrase.anime.tsv	719	
守屋菖蒲	ㄕㄡˇ ㄨ ㄔㄤ ㄆㄨˊ	動漫	1	12	absent			-7.354194117						手於菖蒲	守屋菖蒲	手/於/菖蒲	守屋菖蒲	True	True	1		phrase.anime.tsv	720	
安倍晉三	ㄢ ㄅㄟˋ ㄐㄧㄣˋ ㄙㄢ	人名-當代	1	13	0			-7.354194117						安倍進三	安倍晉三	安/倍/進/三	安倍晉三	True	True	1		phrase.people-contemporary.tsv	7	
安全基線	ㄢ ㄑㄩㄢˊ ㄐㄧ ㄒㄧㄢˋ	網路資安	1	12	absent			-7.354194117		安全/基線	3.87476278	安全/基線	3.87476278	安全基現	安全基線	安全/基/現	安全基線	True	True	1		phrase.network-security.tsv	57	
安全採收期	ㄢ ㄑㄩㄢˊ ㄘㄞˇ ㄕㄡ ㄑㄧ	農業食品	1	5	absent			-7.354194117						安全採收七	安全採收期	安全/採/收/七	安全採收期	True	True	1		phrase.agriculture-food.tsv	15	
安原繪麻	ㄢ ㄩㄢˊ ㄏㄨㄟˋ ㄇㄚˊ	動漫	1	16	absent			-7.354194117						安員會麻	安原繪麻	安/員/會/麻	安原繪麻	True	True	1		phrase.anime.tsv	721	
安城鳴子	ㄢ ㄔㄥˊ ㄇㄧㄥˊ ㄗ˙	動漫	1	17	absent			-7.354194117						安成名字	安城鳴子	安/成/名字	安城鳴子	True	True	1		phrase.anime.tsv	722	
安堂麗治	ㄢ ㄊㄤˊ ㄌㄧˋ ㄓˋ	動漫	1	11	absent			-7.354194117		庵堂/立志	5.15553703	庵堂/立志	5.15553703	安堂立志	安堂麗治	安/堂/立志	安堂麗治	True	True	1		phrase.anime.tsv	723	
安妮亞佛傑	ㄢ ㄋㄧˊ ㄧㄚˇ ㄈㄛˊ ㄐㄧㄝˊ	動漫	1	18	absent			-7.354194117						安妮亞佛結	安妮亞佛傑	安妮/亞/佛/結	安妮亞佛傑	True	True	1		phrase.anime.tsv	726	
安室透	ㄢ ㄕˋ ㄊㄡˋ	動漫	1	10	absent			-7.354194117						安是透	安室透	安/是/透	安室透	True	True	1		phrase.anime.tsv	727	
安德羅	ㄢ ㄉㄜˊ ㄌㄨㄛˊ	動漫	1	12	absent			-7.354194117						安得羅	安德羅	安/得/羅	安德羅	True	True	1		phrase.anime.tsv	728	
安德里希	ㄢ ㄉㄜˊ ㄌㄧˇ ㄒㄧ	動漫	1	16	absent			-7.354194117						安德里西	安德里希	安/德里/西	安德里希	True	True	1		phrase.anime.tsv	729	
安曇小太郎	ㄢ ㄊㄢˊ ㄒㄧㄠˇ ㄊㄞˋ ㄌㄤˊ	動漫	1	17	absent			-7.354194117						安談小太郎	安曇小太郎	安/談/小/太郎	安曇小太郎	True	True	1		phrase.anime.tsv	730	
安潔莉	ㄢ ㄐㄧㄝˊ ㄌㄧˋ	動漫	1	12	absent			-7.354194117						安竭力	安潔莉	安/竭力	安潔莉	True	True	1		phrase.anime.tsv	731	
安琪艾瑪	ㄢ ㄑㄧˊ ㄞˋ ㄇㄚˇ	動漫	1	13	absent			-7.354194117		安琪/艾瑪	5.395152725	安琪/艾瑪	5.395152725	安其艾瑪	安琪艾瑪	安/其/艾瑪	安琪艾瑪	True	True	1		phrase.anime.tsv	732	
安索夫矩陣	ㄢ ㄙㄨㄛˇ ㄈㄨ ㄐㄩˇ ㄓㄣˋ	商業	1	5	absent			-7.354194117						安所不矩陣	安索夫矩陣	安/所/不/矩陣	安索夫矩陣	True	True	1		phrase.business.tsv	59	
安茲大人	ㄢ ㄗ ㄉㄚˋ ㄖㄣˊ	動漫	1	14	absent			-7.354194117						安資大人	安茲大人	安/資/大人	安茲大人	True	True	1		phrase.anime.tsv	734	
安茲烏爾恭	ㄢ ㄗ ㄨ ㄦˇ ㄍㄨㄥ	動漫	1	22	absent			-7.354194117						安資烏爾公	安茲烏爾恭	安/資/烏爾/公	安茲烏爾恭	True	True	1		phrase.anime.tsv	735	
宋遼金元	ㄙㄨㄥˋ ㄌㄧㄠˊ ㄐㄧㄣ ㄩㄢˊ	歷史	1	11	absent			-7.354194117						送療今員	宋遼金元	送/療/今/員	宋遼金元	True	True	1		phrase.history.tsv	59	
宗像禮司	ㄗㄨㄥ ㄒㄧㄤˋ ㄌㄧˇ ㄙ	動漫	1	10	absent			-7.354194117						縱像李斯	宗像禮司	縱/像/李斯	宗像禮司	True	True	1		phrase.anime.tsv	739	
宗像草太	ㄗㄨㄥ ㄒㄧㄤˋ ㄘㄠˇ ㄊㄞˋ	動漫	1	20	absent			-7.354194117						縱像草太	宗像草太	縱/像/草/太	宗像草太	True	True	1		phrase.anime.tsv	740	
定錨效應	ㄉㄧㄥˋ ㄇㄠˊ ㄒㄧㄠˋ ㄧㄥˋ	心理社會	1	13	absent			-7.354194117						訂毛效應	定錨效應	訂/毛/效應	定錨效應	True	True	1		phrase.psychology-society.tsv	25	
宜野座伸元	ㄧˊ ㄧㄝˇ ㄗㄨㄛˋ ㄕㄣ ㄩㄢˊ	動漫	1	15	absent			-7.354194117						一也做身員	宜野座伸元	一/也/做/身/員	宜野座伸元	True	True	1		phrase.anime.tsv	741	
客觀歸責	ㄎㄜˋ ㄍㄨㄢ ㄍㄨㄟ ㄗㄜˊ	法律	1	11	absent			-7.354194117		客觀/規則	1.908901348	客觀/規則	1.908901348	客觀規則	客觀歸責	客觀/規則	客觀歸責	True	True	1		phrase.law.tsv	62	
室井靜信	ㄕˋ ㄐㄧㄥˇ ㄐㄧㄥˋ ㄒㄧㄣˋ	動漫	1	14	absent			-7.354194117						是景境信	室井靜信	是/景/境/信	室井靜信	True	True	1		phrase.anime.tsv	742	
宮內一穗	ㄍㄨㄥ ㄋㄟˋ ㄧ ㄙㄨㄟˋ	動漫	1	11	absent			-7.354194117						工內一歲	宮內一穗	工/內/一歲	宮內一穗	True	True	1		phrase.anime.tsv	743	
宮內蓮華	ㄍㄨㄥ ㄋㄟˋ ㄌㄧㄢˊ ㄏㄨㄚˊ	動漫	1	19	absent			-7.354194117						工內聯華	宮內蓮華	工/內/聯華	宮內蓮華	True	True	1		phrase.anime.tsv	744	
宮園薰	ㄍㄨㄥ ㄩㄢˊ ㄒㄩㄣ	動漫	1	19	absent			-7.354194117						公園勳	宮園薰	公園/勳	宮園薰	True	True	1		phrase.anime.tsv	745	
宮城良田	ㄍㄨㄥ ㄔㄥˊ ㄌㄧㄤˊ ㄊㄧㄢˊ	動漫	1	17	absent			-7.354194117		工程/良田	3.286193891	工程/良田	3.286193891	工程良田	宮城良田	工程/良田	宮城良田	True	True	1		phrase.anime.tsv	746	
宮尾音夢	ㄍㄨㄥ ㄨㄟˇ ㄧㄣ ㄇㄥˋ	動漫	1	11	absent			-7.354194117						工委因夢	宮尾音夢	工/委/因/夢	宮尾音夢	True	True	1		phrase.anime.tsv	748	
宮村伊澄	ㄍㄨㄥ ㄘㄨㄣ ㄧ ㄔㄥˊ	動漫	1	17	absent			-7.354194117						工村一成	宮村伊澄	工/村/一/成	宮村伊澄	True	True	1		phrase.anime.tsv	749	
宮森葵	ㄍㄨㄥ ㄙㄣ ㄎㄨㄟˊ	動漫	1	19	absent			-7.354194117						工森魁	宮森葵	工/森/魁	宮森葵	True	True	1		phrase.anime.tsv	750	
宮水三葉	ㄍㄨㄥ ㄕㄨㄟˇ ㄙㄢ ㄧㄝˋ	動漫	1	22	absent			-7.354194117		供水/三頁	4.169502687	供水/三頁	4.169502687	供水三業	宮水三葉	供水/三/業	宮水三葉	True	True	1		phrase.anime.tsv	751	
宮水四葉	ㄍㄨㄥ ㄕㄨㄟˇ ㄙˋ ㄧㄝˋ	動漫	1	19	absent			-7.354194117		供水/四頁	4.424775192	供水/四頁	4.424775192	供水四業	宮水四葉	供水/四/業	宮水四葉	True	True	1		phrase.anime.tsv	752	
宮澤謙吾	ㄍㄨㄥ ㄗㄜˊ ㄑㄧㄢ ㄨˊ	動漫	1	11	absent			-7.354194117						工則千無	宮澤謙吾	工/則/千/無	宮澤謙吾	True	True	1		phrase.anime.tsv	753	
宮田一郎	ㄍㄨㄥ ㄊㄧㄢˊ ㄧ ㄌㄤˊ	動漫	1	14	absent			-7.354194117						工田一郎	宮田一郎	工/田/一/郎	宮田一郎	True	True	1		phrase.anime.tsv	754	
宿海仁太	ㄙㄨˋ ㄏㄞˇ ㄖㄣˊ ㄊㄞˋ	動漫	1	22	absent			-7.354194117						素海人太	宿海仁太	素/海/人/太	宿海仁太	True	True	1		phrase.anime.tsv	757	
密碼管理器	ㄇㄧˋ ㄇㄚˇ ㄍㄨㄢˇ ㄌㄧˇ ㄑㄧˋ	一般	1	5	absent			-7.354194117						密碼管理氣	密碼管理器	密碼/管理/氣	密碼管理器	True	True	1		phrase.general.tsv	44	
富岡義勇	ㄈㄨˋ ㄍㄤ ㄧˋ ㄩㄥˇ	動漫	1	15	absent			-7.354194117						附剛義勇	富岡義勇	附/剛/義勇	富岡義勇	True	True	1		phrase.anime.tsv	759	
富樫勇太	ㄈㄨˋ ㄐㄧㄢ ㄩㄥˇ ㄊㄞˋ	動漫	1	20	absent			-7.354194117						附箋永太	富樫勇太	附/箋/永/太	富樫勇太	True	True	1		phrase.anime.tsv	760	
寒蟬鳴泣	ㄏㄢˊ ㄔㄢˊ ㄇㄧㄥˊ ㄑㄧˋ	動漫	1	22	absent			-7.354194117		寒蟬/名氣	4.339253768	寒蟬/名氣	4.339253768	寒蟬名氣	寒蟬鳴泣	寒蟬/名氣	寒蟬鳴泣	True	True	1		phrase.anime.tsv	761	
察舉制度	ㄔㄚˊ ㄐㄩˇ ㄓˋ ㄉㄨˋ	歷史	1	12	absent			-7.354194117						查舉制度	察舉制度	查/舉/制度	察舉制度	True	True	1		phrase.history.tsv	60	
實質競合	ㄕˊ ㄓˊ ㄐㄧㄥˋ ㄏㄜˊ	法律	1	11	absent			-7.354194117						實質競和	實質競合	實質/競/和	實質競合	True	True	1		phrase.law.tsv	66	
寶多六花	ㄅㄠˇ ㄉㄨㄛ ㄌㄧㄡˋ ㄏㄨㄚ	動漫	1	15	absent			-7.354194117						保多六花	寶多六花	保/多/六/花	寶多六花	True	True	1		phrase.anime.tsv	765	
寶月夜宵	ㄅㄠˇ ㄩㄝˋ ㄧㄝˋ ㄒㄧㄠ	動漫	1	15	absent			-7.354194117						保月業消	寶月夜宵	保/月/業/消	寶月夜宵	True	True	1		phrase.anime.tsv	766	
寶月詠子	ㄅㄠˇ ㄩㄝˋ ㄩㄥˇ ㄗ˙	動漫	1	14	absent			-7.354194117						保月永子	寶月詠子	保/月/永/子	寶月詠子	True	True	1		phrase.anime.tsv	767	
寺島伸夫	ㄙˋ ㄉㄠˇ ㄕㄣ ㄈㄨ	動漫	1	14	absent			-7.354194117						四導身不	寺島伸夫	四/導/身/不	寺島伸夫	True	True	1		phrase.anime.tsv	768	
封印解除	ㄈㄥ ㄧㄣˋ ㄐㄧㄝˇ ㄔㄨˊ	動漫	1	14	absent			-7.354194117		封印/解除	4.022969336	封印/解除	4.022969336	風印解除	封印解除	風/印/解除	封印解除	True	True	1		phrase.anime.tsv	769	
封裝製程	ㄈㄥ ㄓㄨㄤ ㄓˋ ㄔㄥˊ	晶片半導體	1	8	absent			-7.354194117						風裝製程	封裝製程	風/裝/製程	封裝製程	True	True	1		phrase.semiconductor.tsv	36	
封裝設備	ㄈㄥ ㄓㄨㄤ ㄕㄜˋ ㄅㄟˋ	晶片半導體	1	14	absent			-7.354194117						風裝設備	封裝設備	風/裝/設備	封裝設備	True	True	1		phrase.semiconductor.tsv	37	
封閉型基金	ㄈㄥ ㄅㄧˋ ㄒㄧㄥˊ ㄐㄧ ㄐㄧㄣ	財會金融	1	3	absent			-7.354194117						封閉行基金	封閉型基金	封閉/行/基金	封閉型基金	True	True	1		phrase.finance.tsv	40	
對稱式加密	ㄉㄨㄟˋ ㄔㄣˋ ㄕˋ ㄐㄧㄚ ㄇㄧˋ	網路資安	1	3	absent			-7.354194117						對稱是加密	對稱式加密	對稱/是/加密	對稱式加密	True	True	1		phrase.network-security.tsv	66	
導通損耗	ㄉㄠˇ ㄊㄨㄥ ㄙㄨㄣˇ ㄏㄠˋ	電子電機	1	12	absent			-7.354194117						倒通損耗	導通損耗	倒/通/損耗	導通損耗	True	True	1		phrase.electronics.tsv	78	
小原鞠莉	ㄒㄧㄠˇ ㄩㄢˊ ㄐㄩˊ ㄌㄧˋ	動漫	1	8	absent			-7.354194117						小員局力	小原鞠莉	小/員/局/力	小原鞠莉	True	True	1		phrase.anime.tsv	775	
小川杠	ㄒㄧㄠˇ ㄔㄨㄢ ㄍㄤ	動漫	1	17	absent			-7.354194117						小穿剛	小川杠	小/穿/剛	小川杠	True	True	1		phrase.anime.tsv	779	
小戶川	ㄒㄧㄠˇ ㄏㄨˋ ㄔㄨㄢ	動漫	1	21	absent			-7.354194117						小護穿	小戶川	小/護/穿	小戶川	True	True	1		phrase.anime.tsv	780	
小書痴	ㄒㄧㄠˇ ㄕㄨ ㄔ	動漫	1	21	absent			-7.354194117						小書吃	小書痴	小/書/吃	小書痴	True	True	1		phrase.anime.tsv	782	
小杉權藏	ㄒㄧㄠˇ ㄕㄢ ㄑㄩㄢˊ ㄗㄤˋ	動漫	1	12	absent			-7.354194117						小珊全臟	小杉權藏	小/珊/全/臟	小杉權藏	True	True	1		phrase.anime.tsv	783	
小松奈奈	ㄒㄧㄠˇ ㄙㄨㄥ ㄋㄞˋ ㄋㄞˋ	動漫	1	18	absent			-7.354194117						小鬆耐耐	小松奈奈	小/鬆/耐/耐	小松奈奈	True	True	1		phrase.anime.tsv	784	
小泉花陽	ㄒㄧㄠˇ ㄑㄩㄢˊ ㄏㄨㄚ ㄧㄤˊ	動漫	1	9	absent			-7.354194117						小全花陽	小泉花陽	小/全/花/陽	小泉花陽	True	True	1		phrase.anime.tsv	790	
小泉讓二	ㄒㄧㄠˇ ㄑㄩㄢˊ ㄖㄤˋ ㄦˋ	動漫	1	15	absent			-7.354194117						小全讓二	小泉讓二	小/全/讓/二	小泉讓二	True	True	1		phrase.anime.tsv	791	
小淵澤報瀨	ㄒㄧㄠˇ ㄩㄢ ㄗㄜˊ ㄅㄠˋ ㄌㄞˋ	動漫	1	17	absent			-7.354194117						小淵則報來	小淵澤報瀨	小/淵/則/報/來	小淵澤報瀨	True	True	1		phrase.anime.tsv	792	
小湊春市	ㄒㄧㄠˇ ㄘㄡˋ ㄔㄨㄣ ㄕˋ	動漫	1	13	absent			-7.354194117						小湊春是	小湊春市	小/湊/春/是	小湊春市	True	True	1		phrase.anime.tsv	794	
小磯健二	ㄒㄧㄠˇ ㄐㄧ ㄐㄧㄢˋ ㄦˋ	動漫	1	20	absent			-7.354194117						小機建二	小磯健二	小/機/建/二	小磯健二	True	True	1		phrase.anime.tsv	797	
小舟潮	ㄒㄧㄠˇ ㄓㄡ ㄔㄠˊ	動漫	1	19	absent			-7.354194117						小周朝	小舟潮	小/周朝	小舟潮	True	True	1		phrase.anime.tsv	798	
小舟澪	ㄒㄧㄠˇ ㄓㄡ ㄌㄧㄥˊ	動漫	1	17	absent			-7.354194117						小周靈	小舟澪	小/周/靈	小舟澪	True	True	1		phrase.anime.tsv	799	
小野田坂道	ㄒㄧㄠˇ ㄧㄝˇ ㄊㄧㄢˊ ㄅㄢˇ ㄉㄠˋ	動漫	1	18	absent			-7.354194117						小也田版到	小野田坂道	小/也/田/版/到	小野田坂道	True	True	1		phrase.anime.tsv	805	
小野白菊	ㄒㄧㄠˇ ㄧㄝˇ ㄅㄞˊ ㄐㄩˊ	動漫	1	11	absent			-7.354194117						小也白局	小野白菊	小/也/白/局	小野白菊	True	True	1		phrase.anime.tsv	806	
小鞠知花	ㄒㄧㄠˇ ㄐㄩˊ ㄓ ㄏㄨㄚ	動漫	1	13	absent			-7.354194117						小局之花	小鞠知花	小/局/之/花	小鞠知花	True	True	1		phrase.anime.tsv	809	
小魔女學園	ㄒㄧㄠˇ ㄇㄛˊ ㄋㄩˇ ㄒㄩㄝˊ ㄩㄢˊ	動漫	1	21	absent			-7.354194117						小魔女學員	小魔女學園	小/魔女/學員	小魔女學園	True	True	1		phrase.anime.tsv	811	
小鳥遊六花	ㄒㄧㄠˇ ㄋㄧㄠˇ ㄧㄡˊ ㄌㄧㄡˋ ㄏㄨㄚ	動漫	1	17	absent			-7.354194117						小鳥由六花	小鳥遊六花	小鳥/由/六/花	小鳥遊六花	True	True	1		phrase.anime.tsv	812	
尤吉歐	ㄧㄡˊ ㄐㄧˊ ㄡ	動漫	1	14	absent			-7.354194117						游擊歐	尤吉歐	游擊/歐	尤吉歐	True	True	1		phrase.anime.tsv	819	
尤比緹利亞	ㄧㄡˊ ㄅㄧˇ ㄊㄧˊ ㄌㄧˋ ㄧㄚˇ	動漫	1	15	absent			-7.354194117						由比提力亞	尤比緹利亞	由/比/提/力/亞	尤比緹利亞	True	True	1		phrase.anime.tsv	821	
尤莉亞	ㄧㄡˊ ㄌㄧˋ ㄧㄚˇ	動漫	1	18	absent			-7.354194117						遊歷亞	尤莉亞	遊歷/亞	尤莉亞	True	True	1		phrase.anime.tsv	823	
尤菲莉亞	ㄧㄡˊ ㄈㄟ ㄌㄧˋ ㄧㄚˇ	動漫	1	15	absent			-7.354194117						由非力亞	尤菲莉亞	由/非/力/亞	尤菲莉亞	True	True	1		phrase.anime.tsv	824	
尼基福羅夫	ㄋㄧˊ ㄐㄧ ㄈㄨˊ ㄌㄨㄛˊ ㄈㄨ	動漫	1	17	absent			-7.354194117						呢機服羅不	尼基福羅夫	呢/機/服/羅/不	尼基福羅夫	True	True	1		phrase.anime.tsv	829	
尼爾瓦修	ㄋㄧˊ ㄦˇ ㄨㄚˇ ㄒㄧㄡ	動漫	1	10	absent			-7.354194117						呢爾瓦修	尼爾瓦修	呢/爾/瓦/修	尼爾瓦修	True	True	1		phrase.anime.tsv	831	
尼特羅	ㄋㄧˊ ㄊㄜˋ ㄌㄨㄛˊ	動漫	1	11	absent			-7.354194117						呢特羅	尼特羅	呢/特/羅	尼特羅	True	True	1		phrase.anime.tsv	832	
尼祿瓦內提	ㄋㄧˊ ㄌㄨˋ ㄨㄚˇ ㄋㄟˋ ㄊㄧˊ	動漫	1	15	absent			-7.354194117						呢路瓦內題	尼祿瓦內提	呢/路/瓦/內/題	尼祿瓦內提	True	True	1		phrase.anime.tsv	833	
尾崎敏夫	ㄨㄟˇ ㄑㄧˊ ㄇㄧㄣˇ ㄈㄨ	動漫	1	15	absent			-7.354194117						委其敏不	尾崎敏夫	委/其/敏/不	尾崎敏夫	True	True	1		phrase.anime.tsv	834	
尾形百之助	ㄨㄟˇ ㄒㄧㄥˊ ㄅㄞˇ ㄓ ㄓㄨˋ	動漫	1	11	absent			-7.354194117						委行百支柱	尾形百之助	委/行/百/支柱	尾形百之助	True	True	1		phrase.anime.tsv	835	
尿素氮數值	ㄋㄧㄠˋ ㄙㄨˋ ㄉㄢˋ ㄕㄨˋ ㄓˊ	醫學	1	3	absent			-7.354194117						尿素但數值	尿素氮數值	尿素/但/數值	尿素氮數值	True	True	1		phrase.medicine.tsv	79	
尿素氮檢驗	ㄋㄧㄠˋ ㄙㄨˋ ㄉㄢˋ ㄐㄧㄢˇ ㄧㄢˋ	醫學	1	4	absent			-7.354194117						尿素但檢驗	尿素氮檢驗	尿素/但/檢驗	尿素氮檢驗	True	True	1		phrase.medicine.tsv	80	
尿素氮異常	ㄋㄧㄠˋ ㄙㄨˋ ㄉㄢˋ ㄧˋ ㄔㄤˊ	醫學	1	3	absent			-7.354194117						尿素但異常	尿素氮異常	尿素/但/異常	尿素氮異常	True	True	1		phrase.medicine.tsv	81	
屍神殿	ㄕ ㄕㄣˊ ㄉㄧㄢˋ	動漫	1	15	absent			-7.354194117						失神殿	屍神殿	失/神殿	屍神殿	True	True	1		phrase.anime.tsv	836	
屏風浦帆稀	ㄆㄧㄥˊ ㄈㄥ ㄆㄨˇ ㄈㄢˊ ㄒㄧ	動漫	1	11	absent			-7.354194117						屏風普繁西	屏風浦帆稀	屏風/普/繁/西	屏風浦帆稀	True	True	1		phrase.anime.tsv	839	
層正規化	ㄘㄥˊ ㄓㄥˋ ㄍㄨㄟ ㄏㄨㄚˋ	AI資料科學	1	12	absent			-7.354194117						曾政規劃	層正規化	曾/政/規劃	層正規化	True	True	1		phrase.ai-data-science.tsv	61	
屬性型	ㄕㄨˇ ㄒㄧㄥˋ ㄒㄧㄥˊ	網路資安	1	11	absent			-7.354194117						屬性行	屬性型	屬性/行	屬性型	True	True	1		phrase.network-security.tsv	67	
山下一夫	ㄕㄢ ㄒㄧㄚˋ ㄧ ㄈㄨ	動漫	1	15	absent			-7.354194117		山下/一夫	4.60600609	山下/一夫	4.60600609	山下一不	山下一夫	山下/一/不	山下一夫	True	True	1		phrase.anime.tsv	840	
山中曆	ㄕㄢ ㄓㄨㄥ ㄌㄧˋ	動漫	1	12	absent			-7.354194117						山中立	山中曆	山/中立	山中曆	True	True	1		phrase.anime.tsv	841	
山井戀	ㄕㄢ ㄐㄧㄥˇ ㄌㄧㄢˋ	動漫	1	14	absent			-7.354194117						山景練	山井戀	山/景/練	山井戀	True	True	1		phrase.anime.tsv	842	
山口賢二	ㄕㄢ ㄎㄡˇ ㄒㄧㄢˊ ㄦˋ	動漫	1	11	absent			-7.354194117						山口嫌二	山口賢二	山口/嫌/二	山口賢二	True	True	1		phrase.anime.tsv	843	
山吹沙綾	ㄕㄢ ㄔㄨㄟ ㄕㄚ ㄌㄧㄥˊ	動漫	1	13	absent			-7.354194117						山吹殺靈	山吹沙綾	山/吹/殺/靈	山吹沙綾	True	True	1		phrase.anime.tsv	844	
山本武	ㄕㄢ ㄅㄣˇ ㄨˇ	動漫	1	13	absent			-7.354194117						山本五	山本武	山/本/五	山本武	True	True	1		phrase.anime.tsv	845	
山田妖精	ㄕㄢ ㄊㄧㄢˊ ㄧㄠ ㄐㄧㄥ	動漫	1	14	absent			-7.354194117		山田/妖精	5.371922884	山田/妖精	5.371922884	山田要經	山田妖精	山田/要/經	山田妖精	True	True	1		phrase.anime.tsv	849	
山田杏奈	ㄕㄢ ㄊㄧㄢˊ ㄒㄧㄥˋ ㄋㄞˋ	動漫	1	17	absent			-7.354194117						山田性耐	山田杏奈	山田/性/耐	山田杏奈	True	True	1		phrase.anime.tsv	850	
岡崎朋也	ㄍㄤ ㄑㄧˊ ㄆㄥˊ ㄧㄝˇ	動漫	1	22	absent			-7.354194117						剛其朋也	岡崎朋也	剛/其/朋/也	岡崎朋也	True	True	1		phrase.anime.tsv	853	
岩倉美津未	ㄧㄢˊ ㄘㄤ ㄇㄟˇ ㄐㄧㄣ ㄨㄟˋ	動漫	1	19	absent			-7.354194117						沿蒼美金為	岩倉美津未	沿/蒼/美金/為	岩倉美津未	True	True	1		phrase.anime.tsv	854	
岩戶環	ㄧㄢˊ ㄏㄨˋ ㄏㄨㄢˊ	動漫	1	15	absent			-7.354194117						沿護環	岩戶環	沿/護/環	岩戶環	True	True	1		phrase.anime.tsv	855	
岩戶鈴芽	ㄧㄢˊ ㄏㄨˋ ㄌㄧㄥˊ ㄧㄚˊ	動漫	1	23	absent			-7.354194117						沿護靈牙	岩戶鈴芽	沿/護/靈/牙	岩戶鈴芽	True	True	1		phrase.anime.tsv	856	
岩永琴子	ㄧㄢˊ ㄩㄥˇ ㄑㄧㄣˊ ㄗ˙	動漫	1	19	absent			-7.354194117						沿永琴子	岩永琴子	沿/永/琴/子	岩永琴子	True	True	1		phrase.anime.tsv	857	
岩谷尚文	ㄧㄢˊ ㄍㄨˇ ㄕㄤˋ ㄨㄣˊ	動漫	1	19	absent			-7.354194117						沿古上文	岩谷尚文	沿/古/上/文	岩谷尚文	True	True	1		phrase.anime.tsv	858	
峰龍太郎	ㄈㄥ ㄌㄨㄥˊ ㄊㄞˋ ㄌㄤˊ	動漫	1	16	absent			-7.354194117						風龍太郎	峰龍太郎	風/龍/太郎	峰龍太郎	True	True	1		phrase.anime.tsv	859	
島村卯月	ㄉㄠˇ ㄘㄨㄣ ㄇㄠˇ ㄩㄝˋ	動漫	1	18	absent			-7.354194117						倒村卯月	島村卯月	倒/村/卯/月	島村卯月	True	True	1		phrase.anime.tsv	860	
島田美波	ㄉㄠˇ ㄊㄧㄢˊ ㄇㄟˇ ㄅㄛ	動漫	1	15	absent			-7.354194117						倒甜美波	島田美波	倒/甜美/波	島田美波	True	True	1		phrase.anime.tsv	861	
崎宮美咲	ㄑㄧˊ ㄍㄨㄥ ㄇㄟˇ ㄒㄧㄠˋ	動漫	1	13	absent			-7.354194117						其公美校	崎宮美咲	其/公/美/校	崎宮美咲	True	True	1		phrase.anime.tsv	862	
嵐山悟郎	ㄌㄢˊ ㄕㄢ ㄨˋ ㄌㄤˊ	動漫	1	11	absent			-7.354194117						欄山物郎	嵐山悟郎	欄/山/物/郎	嵐山悟郎	True	True	1		phrase.anime.tsv	864	
川嶋亞美	ㄔㄨㄢ ㄉㄠˇ ㄧㄚˇ ㄇㄟˇ	動漫	1	15	absent			-7.354194117						穿導亞美	川嶋亞美	穿/導/亞美	川嶋亞美	True	True	1		phrase.anime.tsv	865	
川本日向	ㄔㄨㄢ ㄅㄣˇ ㄖˋ ㄒㄧㄤˋ	動漫	1	15	absent			-7.354194117						穿本日像	川本日向	穿/本/日/像	川本日向	True	True	1		phrase.anime.tsv	866	
川本明里	ㄔㄨㄢ ㄅㄣˇ ㄇㄧㄥˊ ㄌㄧˇ	動漫	1	17	absent			-7.354194117						穿本名理	川本明里	穿/本名/理	川本明里	True	True	1		phrase.anime.tsv	867	
川本桃	ㄔㄨㄢ ㄅㄣˇ ㄊㄠˊ	動漫	1	13	absent			-7.354194117						穿本桃	川本桃	穿/本/桃	川本桃	True	True	1		phrase.anime.tsv	868	
川澄舞	ㄔㄨㄢ ㄔㄥˊ ㄨˇ	動漫	1	10	absent			-7.354194117						穿成五	川澄舞	穿/成/五	川澄舞	True	True	1		phrase.anime.tsv	869	
州廳制	ㄓㄡ ㄊㄧㄥ ㄓˋ	歷史	1	11	absent			-7.354194117						周聽至	州廳制	周/聽/至	州廳制	True	True	1		phrase.history.tsv	64	
工藤新一	ㄍㄨㄥ ㄊㄥˊ ㄒㄧㄣ ㄧ	動漫	1	22	absent			-7.354194117						工騰心一	工藤新一	工/騰/心/一	工藤新一	True	True	1		phrase.anime.tsv	872	
左王子蘭子	ㄗㄨㄛˇ ㄨㄤˊ ㄗˇ ㄌㄢˊ ㄗ˙	動漫	1	12	absent			-7.354194117						左王子籃子	左王子蘭子	左/王子/籃子	左王子蘭子	True	True	1		phrase.anime.tsv	873	
巨球性貧血	ㄐㄩˋ ㄑㄧㄡˊ ㄒㄧㄥˋ ㄆㄧㄣˊ ㄒㄧㄝˇ	醫學	1	4	absent			-7.354194117						據求性貧血	巨球性貧血	據/求/性/貧血	巨球性貧血	True	True	1		phrase.medicine.tsv	84	
差動放大器	ㄔㄚ ㄉㄨㄥˋ ㄈㄤˋ ㄉㄚˋ ㄑㄧˋ	電子電機	1	5	absent			-7.354194117						插動放大器	差動放大器	插/動/放大器	差動放大器	True	True	1		phrase.electronics.tsv	79	
巴德尼	ㄅㄚ ㄉㄜˊ ㄋㄧˊ	動漫	1	13	absent			-7.354194117						八德呢	巴德尼	八德/呢	巴德尼	True	True	1		phrase.anime.tsv	876	
巴斯德殺菌	ㄅㄚ ㄙ ㄉㄜˊ ㄕㄚ ㄐㄩㄣˋ	農業食品	1	5	absent			-7.354194117						八司得殺菌	巴斯德殺菌	八/司/得/殺菌	巴斯德殺菌	True	True	1		phrase.agriculture-food.tsv	16	
巴納吉	ㄅㄚ ㄋㄚˋ ㄐㄧˊ	動漫	1	18	absent			-7.354194117						八那及	巴納吉	八/那/及	巴納吉	True	True	1		phrase.anime.tsv	878	
巴麻美	ㄅㄚ ㄇㄚˊ ㄇㄟˇ	動漫	1	18	absent			-7.354194117						八麻美	巴麻美	八/麻/美	巴麻美	True	True	1		phrase.anime.tsv	881	
巽幸太郎	ㄒㄩㄣˋ ㄒㄧㄥˋ ㄊㄞˋ ㄌㄤˊ	動漫	1	9	absent			-7.354194117						訊性太郎	巽幸太郎	訊/性/太郎	巽幸太郎	True	True	1		phrase.anime.tsv	882	
市之宮行	ㄕˋ ㄓ ㄍㄨㄥ ㄒㄧㄥˊ	動漫	1	18	absent			-7.354194117		適之/弓形	5.161069519	適之/弓形	5.161069519	是之公行	市之宮行	是/之/公/行	市之宮行	True	True	1		phrase.anime.tsv	883	
市地重劃	ㄕˋ ㄉㄧˋ ㄔㄨㄥˊ ㄏㄨㄚˋ	建築土木	1	10	absent			-7.354194117		市地/重劃	3.617240164	市地/重劃	3.617240164	是的重劃	市地重劃	是/的/重劃	市地重劃	True	True	1		phrase.civil-engineering.tsv	82	
市川京太郎	ㄕˋ ㄔㄨㄢ ㄐㄧㄥ ㄊㄞˋ ㄌㄤˊ	動漫	1	20	absent			-7.354194117						是穿經太郎	市川京太郎	是/穿/經/太郎	市川京太郎	True	True	1		phrase.anime.tsv	884	
市川雷諾	ㄕˋ ㄔㄨㄢ ㄌㄟˊ ㄋㄨㄛˋ	動漫	1	16	absent			-7.354194117		試穿/雷諾	4.89480163	試穿/雷諾	4.89480163	是穿雷諾	市川雷諾	是/穿/雷諾	市川雷諾	True	True	1		phrase.anime.tsv	885	
市谷有咲	ㄕˋ ㄍㄨˇ ㄧㄡˇ ㄒㄧㄠˋ	動漫	1	12	absent			-7.354194117		釋股/有效	2.713911488	釋股/有效	2.713911488	是鼓有效	市谷有咲	是/鼓/有效	市谷有咲	True	True	1		phrase.anime.tsv	886	
布倫希爾德	ㄅㄨˋ ㄌㄨㄣˊ ㄒㄧ ㄦˇ ㄉㄜˊ	動漫	1	20	absent			-7.354194117						不倫希爾得	布倫希爾德	不倫/希爾/得	布倫希爾德	True	True	1		phrase.anime.tsv	887	
布忍斯特	ㄅㄨˋ ㄖㄣˇ ㄙ ㄊㄜˋ	科學	1	12	absent			-7.354194117						不忍司特	布忍斯特	不忍/司/特	布忍斯特	True	True	1		phrase.science.tsv	29	
布拉德弗倫	ㄅㄨˋ ㄌㄚ ㄉㄜˊ ㄈㄨˊ ㄌㄨㄣˊ	動漫	1	17	absent			-7.354194117						不拉德服輪	布拉德弗倫	不/拉德/服/輪	布拉德弗倫	True	True	1		phrase.anime.tsv	888	
布朗德	ㄅㄨˋ ㄌㄤˇ ㄉㄜˊ	動漫	1	13	absent			-7.354194117						布朗得	布朗德	布朗/得	布朗德	True	True	1		phrase.anime.tsv	890	
布氏硬度	ㄅㄨˋ ㄕˋ ㄧㄥˋ ㄉㄨˋ	材料化工	1	12	absent			-7.354194117						不適應度	布氏硬度	不/適應/度	布氏硬度	True	True	1		phrase.materials-chemistry.tsv	31	
布洛瓦	ㄅㄨˋ ㄌㄨㄛˋ ㄨㄚˇ	動漫	1	16	absent			-7.354194117						部落瓦	布洛瓦	部落/瓦	布洛瓦	True	True	1		phrase.anime.tsv	891	
布甘比利亞	ㄅㄨˋ ㄍㄢ ㄅㄧˇ ㄌㄧˋ ㄧㄚˇ	動漫	1	20	absent			-7.354194117						不甘比例亞	布甘比利亞	不甘/比例/亞	布甘比利亞	True	True	1		phrase.anime.tsv	893	
布萊克貝爾	ㄅㄨˋ ㄌㄞˊ ㄎㄜˋ ㄅㄟˋ ㄦˇ	動漫	1	12	absent			-7.354194117						不來客貝爾	布萊克貝爾	不/來客/貝爾	布萊克貝爾	True	True	1		phrase.anime.tsv	895	
布蘭卡	ㄅㄨˋ ㄌㄢˊ ㄎㄚˇ	動漫	1	12	absent			-7.354194117						不蘭卡	布蘭卡	不/蘭/卡	布蘭卡	True	True	1		phrase.anime.tsv	896	
布里德加賀	ㄅㄨˋ ㄌㄧˇ ㄉㄜˊ ㄐㄧㄚ ㄏㄜˋ	動漫	1	13	absent			-7.354194117						不理得家和	布里德加賀	不理/得/家/和	布里德加賀	True	True	1		phrase.anime.tsv	897	
布雷克	ㄅㄨˋ ㄌㄟˊ ㄎㄜˋ	動漫	1	12	absent			-7.354194117						布雷客	布雷克	布雷/客	布雷克	True	True	1		phrase.anime.tsv	898	
布魯克	ㄅㄨˋ ㄌㄨˇ ㄎㄜˋ	動漫	1	9	absent			-7.354194117						不魯客	布魯克	不/魯/客	布魯克	True	True	1		phrase.anime.tsv	899	
希倫克	ㄒㄧ ㄌㄨㄣˊ ㄎㄜˋ	動漫	1	15	absent			-7.354194117						西輪客	希倫克	西/輪/客	希倫克	True	True	1		phrase.anime.tsv	901	
希波戰爭	ㄒㄧ ㄅㄛ ㄓㄢˋ ㄓㄥ	歷史	1	12	absent			-7.354194117						西波戰爭	希波戰爭	西/波/戰爭	希波戰爭	True	True	1		phrase.history.tsv	65	
希洛唯	ㄒㄧ ㄌㄨㄛˋ ㄨㄟˊ	動漫	1	18	absent			-7.354194117						奚落為	希洛唯	奚落/為	希洛唯	True	True	1		phrase.anime.tsv	902	
希雅郝里亞	ㄒㄧ ㄧㄚˇ ㄏㄠˇ ㄌㄧˇ ㄧㄚˇ	動漫	1	14	absent			-7.354194117						西亞好理亞	希雅郝里亞	西亞/好/理/亞	希雅郝里亞	True	True	1		phrase.anime.tsv	905	
希露菲葉特	ㄒㄧ ㄌㄨˋ ㄈㄟ ㄧㄝˋ ㄊㄜˋ	動漫	1	17	absent			-7.354194117						西路非業特	希露菲葉特	西路/非/業/特	希露菲葉特	True	True	1		phrase.anime.tsv	906	
帶通濾波器	ㄉㄞˋ ㄊㄨㄥ ㄌㄩˋ ㄅㄛ ㄑㄧˋ	電子電機	1	5	absent			-7.354194117						代通濾波器	帶通濾波器	代/通/濾波器	帶通濾波器	True	True	1		phrase.electronics.tsv	80	
帶阻濾波器	ㄉㄞˋ ㄗㄨˇ ㄌㄩˋ ㄅㄛ ㄑㄧˋ	電子電機	1	5	absent			-7.354194117						代組濾波器	帶阻濾波器	代/組/濾波器	帶阻濾波器	True	True	1		phrase.electronics.tsv	81	
常守朱	ㄔㄤˊ ㄕㄡˇ ㄓㄨ	動漫	1	22	absent			-7.354194117						常手諸	常守朱	常/手/諸	常守朱	True	True	1		phrase.anime.tsv	908	
常盤惠次	ㄔㄤˊ ㄆㄢˊ ㄏㄨㄟˋ ㄘˋ	動漫	1	13	absent			-7.354194117						常盤會次	常盤惠次	常/盤/會/次	常盤惠次	True	True	1		phrase.anime.tsv	909	
常盤綠	ㄔㄤˊ ㄆㄢˊ ㄌㄩˋ	動漫	1	14	absent			-7.354194117						常盤率	常盤綠	常/盤/率	常盤綠	True	True	1		phrase.anime.tsv	910	
常陸院光	ㄔㄤˊ ㄌㄨˋ ㄩㄢˋ ㄍㄨㄤ	動漫	1	14	absent			-7.354194117						常路院光	常陸院光	常/路/院/光	常陸院光	True	True	1		phrase.anime.tsv	911	
常陸院馨	ㄔㄤˊ ㄌㄨˋ ㄩㄢˋ ㄒㄧㄣ	動漫	1	12	absent			-7.354194117						常路院心	常陸院馨	常/路/院/心	常陸院馨	True	True	1		phrase.anime.tsv	912	
幕之內一步	ㄇㄨˋ ㄓ ㄋㄟˋ ㄧ ㄅㄨˋ	動漫	1	18	absent			-7.354194117						木之內一步	幕之內一步	木/之內/一步	幕之內一步	True	True	1		phrase.anime.tsv	913	
幕澤櫻花	ㄇㄨˋ ㄗㄜˊ ㄧㄥ ㄏㄨㄚ	動漫	1	9	absent			-7.354194117						木則櫻花	幕澤櫻花	木/則/櫻花	幕澤櫻花	True	True	1		phrase.anime.tsv	914	
平和島靜雄	ㄆㄧㄥˊ ㄏㄜˊ ㄉㄠˇ ㄐㄧㄥˋ ㄒㄩㄥˊ	動漫	1	12	absent			-7.354194117						平和導境雄	平和島靜雄	平和/導/境/雄	平和島靜雄	True	True	1		phrase.anime.tsv	916	
平澤唯	ㄆㄧㄥˊ ㄗㄜˊ ㄨㄟˊ	動漫	1	22	absent			-7.354194117						憑則為	平澤唯	憑/則為	平澤唯	True	True	1		phrase.anime.tsv	917	
平行機排程	ㄆㄧㄥˊ ㄒㄧㄥˊ ㄐㄧ ㄆㄞˊ ㄔㄥˊ	工業工程	1	4	absent			-7.354194117						平行機排成	平行機排程	平行/機/排成	平行機排程	True	True	1		phrase.industrial-engineering.tsv	51	
平賀才人	ㄆㄧㄥˊ ㄏㄜˋ ㄘㄞˊ ㄖㄣˊ	動漫	1	17	absent			-7.354194117						憑和裁人	平賀才人	憑/和/裁/人	平賀才人	True	True	1		phrase.anime.tsv	918	
平面磨削	ㄆㄧㄥˊ ㄇㄧㄢˋ ㄇㄛˊ ㄒㄩㄝ	製造機械	1	11	absent			-7.354194117						平面磨薛	平面磨削	平面/磨/薛	平面磨削	True	True	1		phrase.manufacturing.tsv	39	
年鑑學派	ㄋㄧㄢˊ ㄐㄧㄢˋ ㄒㄩㄝˊ ㄆㄞˋ	歷史	1	9	absent			-7.354194117		年鑑/學派	3.637523142	年鑑/學派	3.637523142	年建學派	年鑑學派	年/建/學派	年鑑學派	True	True	1		phrase.history.tsv	69	
幸平創真	ㄒㄧㄥˋ ㄆㄧㄥˊ ㄔㄨㄤˋ ㄓㄣ	動漫	1	21	absent			-7.354194117						姓平創真	幸平創真	姓/平/創/真	幸平創真	True	True	1		phrase.anime.tsv	919	
幸村祥一郎	ㄒㄧㄥˋ ㄘㄨㄣ ㄒㄧㄤˊ ㄧ ㄌㄤˊ	動漫	1	11	absent			-7.354194117						姓村祥一郎	幸村祥一郎	姓/村/祥/一/郎	幸村祥一郎	True	True	1		phrase.anime.tsv	920	
幸村精市	ㄒㄧㄥˋ ㄘㄨㄣ ㄐㄧㄥ ㄕˋ	動漫	1	11	absent			-7.354194117						姓村經是	幸村精市	姓/村/經/是	幸村精市	True	True	1		phrase.anime.tsv	921	
幻之第六人	ㄏㄨㄢˋ ㄓ ㄉㄧˋ ㄌㄧㄡˋ ㄖㄣˊ	動漫	1	13	absent			-7.354194117						換之第六人	幻之第六人	換/之/第六/人	幻之第六人	True	True	1		phrase.anime.tsv	925	
幼女戰記	ㄧㄡˋ ㄋㄩˇ ㄓㄢˋ ㄐㄧˋ	動漫	1	21	absent			-7.354194117		幼女/戰技	6.275012871	幼女/戰技	6.275012871	又女戰計	幼女戰記	又/女/戰/計	幼女戰記	True	True	1		phrase.anime.tsv	929	
序批式	ㄒㄩˋ ㄆㄧ ㄕˋ	環境能源	1	11	absent			-7.354194117						續批是	序批式	續/批/是	序批式	True	True	1		phrase.energy-environment.tsv	40	
座敷童子	ㄗㄨㄛˋ ㄈㄨ ㄊㄨㄥˊ ㄗˇ	動漫	1	15	absent			-7.354194117						作不童子	座敷童子	作/不/童子	座敷童子	True	True	1		phrase.anime.tsv	932	
庫克米拉	ㄎㄨˋ ㄎㄜˋ ㄇㄧˇ ㄌㄚ	動漫	1	12	absent			-7.354194117						庫客米拉	庫克米拉	庫/客/米/拉	庫克米拉	True	True	1		phrase.anime.tsv	933	
庫洛洛	ㄎㄨˋ ㄌㄨㄛˋ ㄌㄨㄛˋ	動漫	1	12	absent			-7.354194117						庫落落	庫洛洛	庫/落落	庫洛洛	True	True	1		phrase.anime.tsv	935	
庫洛魔法使	ㄎㄨˋ ㄌㄨㄛˋ ㄇㄛˊ ㄈㄚˇ ㄕˇ	動漫	1	24	0			-7.354194117						庫落魔法使	庫洛魔法使	庫/落/魔法/使	庫洛魔法使	True	True	1		phrase.anime.tsv	936	
庸子	ㄩㄥ ㄗ˙	動漫	1	16	absent			-7.354194117						擁子	庸子	擁/子	庸子	True	True	1		phrase.anime.tsv	938	
廢電子電器	ㄈㄟˋ ㄉㄧㄢˋ ㄗˇ ㄉㄧㄢˋ ㄑㄧˋ	環境能源	1	4	absent			-7.354194117						費電子電器	廢電子電器	費/電子/電器	廢電子電器	True	True	1		phrase.energy-environment.tsv	47	
延時曲線	ㄧㄢˊ ㄕˊ ㄑㄩ ㄒㄧㄢˋ	建築土木	1	11	absent			-7.354194117		岩石/曲線	2.929312481	岩石/曲線	2.929312481	岩石曲線	延時曲線	岩石/曲線	延時曲線	True	True	1		phrase.civil-engineering.tsv	93	
建築聲學	ㄐㄧㄢˋ ㄓㄨˊ ㄕㄥ ㄒㄩㄝˊ	建築土木	1	12	absent			-7.354194117		建築/升學	1.391223721	建築/升學	1.391223721	建築升學	建築聲學	建築/升學	建築聲學	True	True	1		phrase.civil-engineering.tsv	96	
弓原紗季	ㄍㄨㄥ ㄩㄢˊ ㄕㄚ ㄐㄧˋ	動漫	1	14	absent			-7.354194117						公園殺計	弓原紗季	公園/殺/計	弓原紗季	True	True	1		phrase.anime.tsv	939	
弗利沙	ㄈㄨˊ ㄌㄧˋ ㄕㄚ	動漫	1	12	absent			-7.354194117						福利殺	弗利沙	福利/殺	弗利沙	True	True	1		phrase.anime.tsv	940	
弗爾伏朗托	ㄈㄨˊ ㄦˇ ㄈㄨˊ ㄌㄤˇ ㄊㄨㄛ	動漫	1	12	absent			-7.354194117						伏爾服朗他	弗爾伏朗托	伏/爾/服/朗/他	弗爾伏朗托	True	True	1		phrase.anime.tsv	941	
弧次郎	ㄏㄨˊ ㄘˋ ㄌㄤˊ	動漫	1	12	absent			-7.354194117						湖次郎	弧次郎	湖/次郎	弧次郎	True	True	1		phrase.anime.tsv	942	
弱電工程	ㄖㄨㄛˋ ㄉㄧㄢˋ ㄍㄨㄥ ㄔㄥˊ	建築土木	1	12	absent			-7.354194117						若店工程	弱電工程	若/店/工程	弱電工程	True	True	1		phrase.civil-engineering.tsv	97	
張五飛	ㄓㄤ ㄨˇ ㄈㄟ	動漫	1	11	absent			-7.354194117						張五非	張五飛	張/五/非	張五飛	True	True	1		phrase.anime.tsv	943	
張居正改革	ㄓㄤ ㄐㄩ ㄓㄥˋ ㄍㄞˇ ㄍㄜˊ	歷史	1	5	absent			-7.354194117						張居政改革	張居正改革	張/居/政/改革	張居正改革	True	True	1		phrase.history.tsv	70	
強盜罪	ㄑㄧㄤˊ ㄉㄠˋ ㄗㄨㄟˋ	法律	1	10	absent			-7.354194117						強盜最	強盜罪	強盜/最	強盜罪	True	True	1		phrase.law.tsv	75	
強風吹拂	ㄑㄧㄤˊ ㄈㄥ ㄔㄨㄟ ㄈㄨˊ	動漫	1	20	absent			-7.354194117		強風/吹拂	4.683948264	強風/吹拂	4.683948264	牆風吹服	強風吹拂	牆/風吹/服	強風吹拂	True	True	1		phrase.anime.tsv	944	
彈性模數	ㄊㄢˊ ㄒㄧㄥˋ ㄇㄛˊ ㄕㄨˋ	製造機械	1	11	absent			-7.354194117		彈性/魔術	2.408120305	彈性/魔術	2.408120305	彈性魔術	彈性模數	彈性/魔術	彈性模數	True	True	1		phrase.manufacturing.tsv	41	
彌海砂	ㄇㄧˊ ㄏㄞˇ ㄕㄚ	動漫	1	18	absent			-7.354194117						迷海殺	彌海砂	迷/海/殺	彌海砂	True	True	1		phrase.anime.tsv	946	
形成性評量	ㄒㄧㄥˊ ㄔㄥˊ ㄒㄧㄥˋ ㄆㄧㄥˊ ㄌㄧㄤˊ	教育	1	14	absent			-7.354194117						行程性評量	形成性評量	行程/性/評量	形成性評量	True	True	1		phrase.education.tsv	48	
形真理	ㄒㄧㄥˊ ㄓㄣ ㄌㄧˇ	動漫	1	12	absent			-7.354194117						行真理	形真理	行/真理	形真理	True	True	1		phrase.anime.tsv	947	
彩川恒雄	ㄘㄞˇ ㄔㄨㄢ ㄏㄥˊ ㄒㄩㄥˊ	動漫	1	14	absent			-7.354194117						採穿衡雄	彩川恒雄	採/穿/衡/雄	彩川恒雄	True	True	1		phrase.anime.tsv	948	
彭德佛傑	ㄆㄥˊ ㄉㄜˊ ㄈㄛˊ ㄐㄧㄝˊ	動漫	1	16	absent			-7.354194117						棚得佛結	彭德佛傑	棚/得/佛/結	彭德佛傑	True	True	1		phrase.anime.tsv	949	
影山律	ㄧㄥˇ ㄕㄢ ㄌㄩˋ	動漫	1	17	absent			-7.354194117						影山率	影山律	影/山/率	影山律	True	True	1		phrase.anime.tsv	951	
影山茂夫	ㄧㄥˇ ㄕㄢ ㄇㄠˋ ㄈㄨ	動漫	1	22	absent			-7.354194117						影山貿不	影山茂夫	影/山/貿/不	影山茂夫	True	True	1		phrase.anime.tsv	952	
影山飛雄	ㄧㄥˇ ㄕㄢ ㄈㄟ ㄒㄩㄥˊ	動漫	1	21	absent			-7.354194117						影山非雄	影山飛雄	影/山/非/雄	影山飛雄	True	True	1		phrase.anime.tsv	953	
後藤一里	ㄏㄡˋ ㄊㄥˊ ㄧ ㄌㄧˇ	動漫	1	23	absent			-7.354194117						後謄一理	後藤一里	後/謄/一/理	後藤一里	True	True	1		phrase.anime.tsv	956	
後起字	ㄏㄡˋ ㄑㄧˇ ㄗˋ	中文	1	11	absent			-7.354194117						後起自	後起字	後/起/自	後起字	True	True	1		phrase.chinese.tsv	52	
徒然喜歡你	ㄊㄨˊ ㄖㄢˊ ㄒㄧˇ ㄏㄨㄢ ㄋㄧˇ	動漫	1	19	absent			-7.354194117						突然喜歡你	徒然喜歡你	突然/喜歡/你	徒然喜歡你	True	True	1		phrase.anime.tsv	957	
御坂美琴	ㄩˋ ㄅㄢˇ ㄇㄟˇ ㄑㄧㄣˊ	動漫	1	22	absent			-7.354194117						育版每琴	御坂美琴	育/版/每/琴	御坂美琴	True	True	1		phrase.anime.tsv	958	
御子柴實琴	ㄩˋ ㄗ˙ ㄔㄞˊ ㄕˊ ㄑㄧㄣˊ	動漫	1	16	absent			-7.354194117						育子柴時琴	御子柴實琴	育/子/柴/時/琴	御子柴實琴	True	True	1		phrase.anime.tsv	959	
御幸一也	ㄩˋ ㄒㄧㄥˋ ㄧ ㄧㄝˇ	動漫	1	14	absent			-7.354194117						育性一也	御幸一也	育/性/一/也	御幸一也	True	True	1		phrase.anime.tsv	960	
御影玲王	ㄩˋ ㄧㄥˇ ㄌㄧㄥˊ ㄨㄤˊ	動漫	1	15	absent			-7.354194117						育影靈王	御影玲王	育/影/靈/王	御影玲王	True	True	1		phrase.anime.tsv	961	
御影秋	ㄩˋ ㄧㄥˇ ㄑㄧㄡ	動漫	1	17	absent			-7.354194117						育影秋	御影秋	育/影/秋	御影秋	True	True	1		phrase.anime.tsv	962	
微影製程	ㄨㄟˊ ㄧㄥˇ ㄓˋ ㄔㄥˊ	晶片半導體	1	9	absent			-7.354194117						為影製程	微影製程	為/影/製程	微影製程	True	True	1		phrase.semiconductor.tsv	44	
德古沙	ㄉㄜˊ ㄍㄨˇ ㄕㄚ	動漫	1	16	absent			-7.354194117						得古殺	德古沙	得/古/殺	德古沙	True	True	1		phrase.anime.tsv	964	
德布洛瓦	ㄉㄜˊ ㄅㄨˋ ㄌㄨㄛˋ ㄨㄚˇ	動漫	1	17	absent			-7.354194117						得部落瓦	德布洛瓦	得/部落/瓦	德布洛瓦	True	True	1		phrase.anime.tsv	965	
德斯蒙	ㄉㄜˊ ㄙ ㄇㄥˊ	動漫	1	14	absent			-7.354194117						得司盟	德斯蒙	得/司/盟	德斯蒙	True	True	1		phrase.anime.tsv	967	
心因性休克	ㄒㄧㄣ ㄧㄣ ㄒㄧㄥˋ ㄒㄧㄡ ㄎㄜˋ	醫學	1	6	absent			-7.354194117						心因性修課	心因性休克	心/因/性/修課	心因性休克	True	True	1		phrase.medicine.tsv	89	
心就是你	ㄒㄧㄣ ㄐㄧㄡˋ ㄕˋ ㄋㄧˇ	動漫	1	12	absent			-7.354194117						新舊是你	心就是你	新舊/是/你	心就是你	True	True	1		phrase.anime.tsv	969	
心愛智乃	ㄒㄧㄣ ㄞˋ ㄓˋ ㄋㄞˇ	動漫	1	12	absent			-7.354194117						心愛至乃	心愛智乃	心愛/至/乃	心愛智乃	True	True	1		phrase.anime.tsv	970	
心理語言學	ㄒㄧㄣ ㄌㄧˇ ㄩˇ ㄧㄢˊ ㄒㄩㄝˊ	中文	1	4	absent			-7.354194117		心理/語言學	2.188457296	心理/語言學	2.188457296	心裡語言學	心理語言學	心裡/語言學	心理語言學	True	True	1		phrase.chinese.tsv	54	
忍野忍	ㄖㄣˇ ㄧㄝˇ ㄖㄣˇ	動漫	1	11	absent			-7.354194117						忍也忍	忍野忍	忍/也/忍	忍野忍	True	True	1		phrase.anime.tsv	971	
志喜屋夢子	ㄓˋ ㄒㄧˇ ㄨ ㄇㄥˋ ㄗ˙	動漫	1	12	absent			-7.354194117						志喜於夢子	志喜屋夢子	志/喜/於/夢/子	志喜屋夢子	True	True	1		phrase.anime.tsv	972	
志志雄真實	ㄓˋ ㄓˋ ㄒㄩㄥˊ ㄓㄣ ㄕˊ	動漫	1	11	absent			-7.354194117						志至雄真實	志志雄真實	志/至/雄/真實	志志雄真實	True	True	1		phrase.anime.tsv	973	
志摩凜	ㄓˋ ㄇㄛˊ ㄌㄧㄣˇ	動漫	1	19	absent			-7.354194117						志模凜	志摩凜	志/模/凜	志摩凜	True	True	1		phrase.anime.tsv	974	
志摩聰介	ㄓˋ ㄇㄛˊ ㄘㄨㄥ ㄐㄧㄝˋ	動漫	1	16	absent			-7.354194117						志模從界	志摩聰介	志/模/從/界	志摩聰介	True	True	1		phrase.anime.tsv	975	
志村新八	ㄓˋ ㄘㄨㄣ ㄒㄧㄣ ㄅㄚ	動漫	1	21	absent			-7.354194117						志村心八	志村新八	志/村/心/八	志村新八	True	True	1		phrase.anime.tsv	976	
快篩試劑	ㄎㄨㄞˋ ㄕㄞ ㄕˋ ㄐㄧˋ	一般	1	18	absent			-7.354194117						快篩世紀	快篩試劑	快/篩/世紀	快篩試劑	True	True	1		phrase.general.tsv	55	
急性冠心症	ㄐㄧˊ ㄒㄧㄥˋ ㄍㄨㄢ ㄒㄧㄣ ㄓㄥˋ	醫學	1	3	absent			-7.354194117						急性關心政	急性冠心症	急性/關心/政	急性冠心症	True	True	1		phrase.medicine.tsv	98	
性別史	ㄒㄧㄥˋ ㄅㄧㄝˊ ㄕˇ	歷史	1	11	absent			-7.354194117						性別使	性別史	性別/使	性別史	True	True	1		phrase.history.tsv	74	
性能式設計	ㄒㄧㄥˋ ㄋㄥˊ ㄕˋ ㄕㄜˋ ㄐㄧˋ	建築土木	1	5	absent			-7.354194117						性能是設計	性能式設計	性能/是/設計	性能式設計	True	True	1		phrase.civil-engineering.tsv	100	
性費洛蒙	ㄒㄧㄥˋ ㄈㄟˋ ㄌㄨㄛˋ ㄇㄥˊ	農業食品	1	10	absent			-7.354194117						姓費洛蒙	性費洛蒙	姓/費洛蒙	性費洛蒙	True	True	1		phrase.agriculture-food.tsv	18	
怪化貓	ㄍㄨㄞˋ ㄏㄨㄚˋ ㄇㄠ	動漫	1	20	absent			-7.354194117						怪話貓	怪化貓	怪/話/貓	怪化貓	True	True	1		phrase.anime.tsv	980	
怪盜基德	ㄍㄨㄞˋ ㄉㄠˋ ㄐㄧ ㄉㄜˊ	動漫	1	12	absent			-7.354194117		怪到/積德	5.877072863	怪到/積德	5.877072863	怪到機得	怪盜基德	怪/到/機/得	怪盜基德	True	True	1		phrase.anime.tsv	985	
怪盜艾克斯	ㄍㄨㄞˋ ㄉㄠˋ ㄞˋ ㄎㄜˋ ㄙ	動漫	1	10	absent			-7.354194117		怪到/愛克斯	6.576042867	怪到/愛克斯	6.576042867	怪到愛克斯	怪盜艾克斯	怪/到/愛克斯	怪盜艾克斯	True	True	1		phrase.anime.tsv	984	怪盜X
恐嚇取財罪	ㄎㄨㄥˇ ㄏㄜˋ ㄑㄩˇ ㄘㄞˊ ㄗㄨㄟˋ	法律	1	3	absent			-7.354194117						恐嚇取材最	恐嚇取財罪	恐嚇/取材/最	恐嚇取財罪	True	True	1		phrase.law.tsv	77	
恩滋華斯	ㄣ ㄗ ㄏㄨㄚˊ ㄙ	動漫	1	17	absent			-7.354194117						嗯資華司	恩滋華斯	嗯/資/華/司	恩滋華斯	True	True	1		phrase.anime.tsv	987	
情事變更	ㄑㄧㄥˊ ㄕˋ ㄅㄧㄢˋ ㄍㄥ	法律	1	10	absent			-7.354194117		情勢/變更	2.340640687	情勢/變更	2.340640687	情勢變更	情事變更	情勢/變更	情事變更	True	True	1		phrase.law.tsv	78	
惠飛須澤	ㄏㄨㄟˋ ㄈㄟ ㄒㄩ ㄗㄜˊ	動漫	1	15	absent			-7.354194117						會非需則	惠飛須澤	會/非/需/則	惠飛須澤	True	True	1		phrase.anime.tsv	992	
惡羅王	ㄜˋ ㄌㄨㄛˊ ㄨㄤˊ	動漫	1	12	absent			-7.354194117						呃羅王	惡羅王	呃/羅/王	惡羅王	True	True	1		phrase.anime.tsv	993	
惣流明日香	ㄗㄨㄥˇ ㄌㄧㄡˊ ㄇㄧㄥˊ ㄖˋ ㄒㄧㄤ	動漫	1	17	absent			-7.354194117						總流明日相	惣流明日香	總/流/明日/相	惣流明日香	True	True	1		phrase.anime.tsv	997	
愚地獨步	ㄩˊ ㄉㄧˋ ㄉㄨˊ ㄅㄨˋ	動漫	1	14	absent			-7.354194117		餘地/獨步	4.37738578	餘地/獨步	4.37738578	於的讀不	愚地獨步	於/的/讀/不	愚地獨步	True	True	1		phrase.anime.tsv	999	
愛因茲貝倫	ㄞˋ ㄧㄣ ㄗ ㄅㄟˋ ㄌㄨㄣˊ	動漫	1	17	absent			-7.354194117						愛因資被輪	愛因茲貝倫	愛/因/資/被/輪	愛因茲貝倫	True	True	1		phrase.anime.tsv	1000	
愛城華戀	ㄞˋ ㄔㄥˊ ㄏㄨㄚˊ ㄌㄧㄢˋ	動漫	1	18	absent			-7.354194117						愛成華練	愛城華戀	愛/成/華/練	愛城華戀	True	True	1		phrase.anime.tsv	1001	
愛姆露	ㄞˋ ㄇㄨˇ ㄌㄨˋ	動漫	1	13	absent			-7.354194117						愛母路	愛姆露	愛/母/路	愛姆露	True	True	1		phrase.anime.tsv	1002	
愛莉兒	ㄞˋ ㄌㄧˋ ㄦˊ	動漫	1	13	absent			-7.354194117						愛力而	愛莉兒	愛/力/而	愛莉兒	True	True	1		phrase.anime.tsv	1005	
愛蜜莉雅	ㄞˋ ㄇㄧˋ ㄌㄧˋ ㄧㄚˇ	動漫	1	21	absent			-7.354194117						愛密力亞	愛蜜莉雅	愛/密/力/亞	愛蜜莉雅	True	True	1		phrase.anime.tsv	1006	
愛野美奈子	ㄞˋ ㄧㄝˇ ㄇㄟˇ ㄋㄞˋ ㄗˇ	動漫	1	14	absent			-7.354194117						愛也美耐子	愛野美奈子	愛/也/美/耐/子	愛野美奈子	True	True	1		phrase.anime.tsv	1007	
愛麗絲菲爾	ㄞˋ ㄌㄧˋ ㄙ ㄈㄟ ㄦˇ	動漫	1	17	absent			-7.354194117						愛麗絲非爾	愛麗絲菲爾	愛麗絲/非/爾	愛麗絲菲爾	True	True	1		phrase.anime.tsv	1009	
感應式號誌	ㄍㄢˇ ㄧㄥˋ ㄕˋ ㄏㄠˋ ㄓˋ	交通物流	1	3	absent			-7.354194117						感應是號誌	感應式號誌	感應/是/號誌	感應式號誌	True	True	1		phrase.transport-logistics.tsv	41	
應力集中	ㄧㄥˋ ㄌㄧˋ ㄐㄧˊ ㄓㄨㄥ	製造機械	1	10	absent			-7.354194117		應力/集中	3.036130782	應力/集中	3.036130782	硬立即中	應力集中	硬/立即/中	應力集中	True	True	1		phrase.manufacturing.tsv	45	
應力鬆弛	ㄧㄥˋ ㄌㄧˋ ㄙㄨㄥ ㄔˊ	製造機械	1	9	absent			-7.354194117		應力/鬆弛	3.994738097	應力/鬆弛	3.994738097	硬力鬆弛	應力鬆弛	硬/力/鬆弛	應力鬆弛	True	True	1		phrase.manufacturing.tsv	46	
應繼分	ㄧㄥ ㄐㄧˋ ㄈㄣ	法律	1	13	absent			-7.354194117						應計分	應繼分	應/計分	應繼分	True	True	1		phrase.law.tsv	84	
懸索結構	ㄒㄩㄢˊ ㄙㄨㄛˇ ㄐㄧㄝˊ ㄍㄡˋ	建築土木	1	10	absent			-7.354194117						懸所結構	懸索結構	懸/所/結構	懸索結構	True	True	1		phrase.civil-engineering.tsv	101	
成名錄	ㄔㄥˊ ㄇㄧㄥˊ ㄌㄨˋ	動漫	1	21	absent			-7.354194117						成名路	成名錄	成名/路	成名錄	True	True	1		phrase.anime.tsv	1015	
成瀨翔	ㄔㄥˊ ㄌㄞˋ ㄒㄧㄤˊ	動漫	1	15	absent			-7.354194117						成來祥	成瀨翔	成/來/祥	成瀨翔	True	True	1		phrase.anime.tsv	1016	
我妻善逸	ㄨㄛˇ ㄑㄧ ㄕㄢˋ ㄧˋ	動漫	1	19	absent			-7.354194117						我七善意	我妻善逸	我/七/善意	我妻善逸	True	True	1		phrase.anime.tsv	1020	
我妻由乃	ㄨㄛˇ ㄑㄧ ㄧㄡˊ ㄋㄞˇ	動漫	1	17	absent			-7.354194117						我七由乃	我妻由乃	我/七/由/乃	我妻由乃	True	True	1		phrase.anime.tsv	1021	
我很好奇	ㄨㄛˇ ㄏㄣˇ ㄏㄠˇ ㄑㄧˊ	動漫	1	14	absent			-7.354194117						我很好其	我很好奇	我/很好/其	我很好奇	True	True	1		phrase.anime.tsv	1022	
戰場原黑儀	ㄓㄢˋ ㄔㄤˇ ㄩㄢˊ ㄏㄟ ㄧˊ	動漫	1	18	absent			-7.354194117						戰場員黑一	戰場原黑儀	戰場/員/黑/一	戰場原黑儀	True	True	1		phrase.anime.tsv	1029	
戰慄的龍卷	ㄓㄢˋ ㄌㄧˋ ㄉㄜ˙ ㄌㄨㄥˊ ㄐㄩㄢˇ	動漫	1	15	absent			-7.354194117						戰力的龍卷	戰慄的龍卷	戰力/的/龍卷	戰慄的龍卷	True	True	1		phrase.anime.tsv	1030	
戴克斯特拉	ㄉㄞˋ ㄎㄜˋ ㄙ ㄊㄜˋ ㄌㄚ	軟體科學	1	3	absent			-7.354194117						代客司特拉	戴克斯特拉	代/客/司/特/拉	戴克斯特拉	True	True	1		phrase.software.tsv	40	
戴拿賽諾	ㄉㄞˋ ㄋㄚˊ ㄙㄞˋ ㄋㄨㄛˋ	動漫	1	10	absent			-7.354194117						代拿賽諾	戴拿賽諾	代/拿/賽/諾	戴拿賽諾	True	True	1		phrase.anime.tsv	1034	
戴潮春事件	ㄉㄞˋ ㄔㄠˊ ㄔㄨㄣ ㄕˋ ㄐㄧㄢˋ	歷史	1	4	absent			-7.354194117						代潮春事件	戴潮春事件	代/潮/春/事件	戴潮春事件	True	True	1		phrase.history.tsv	77	
戴維寧等效	ㄉㄞˋ ㄨㄟˊ ㄋㄧㄥˊ ㄉㄥˇ ㄒㄧㄠˋ	電子電機	1	2	absent			-7.354194117						代為寧等效	戴維寧等效	代為/寧/等效	戴維寧等效	True	True	1		phrase.electronics.tsv	93	
戴資穎	ㄉㄞˋ ㄗ ㄧㄥˇ	人名-當代	1	18	0			-7.354194117						代資影	戴資穎	代/資/影	戴資穎	True	True	1		phrase.people-contemporary.tsv	12	
戴露塔	ㄉㄞˋ ㄌㄨˋ ㄊㄚˇ	動漫	1	10	absent			-7.354194117						代路塔	戴露塔	代/路/塔	戴露塔	True	True	1		phrase.anime.tsv	1035	
戶塚彩加	ㄏㄨˋ ㄓㄨㄥˇ ㄘㄞˇ ㄐㄧㄚ	動漫	1	12	absent			-7.354194117						護種採家	戶塚彩加	護/種/採/家	戶塚彩加	True	True	1		phrase.anime.tsv	1036	
戶山香澄	ㄏㄨˋ ㄕㄢ ㄒㄧㄤ ㄔㄥˊ	動漫	1	20	absent			-7.354194117						護山鄉成	戶山香澄	護/山鄉/成	戶山香澄	True	True	1		phrase.anime.tsv	1037	
戶愚呂弟	ㄏㄨˋ ㄩˊ ㄌㄩˇ ㄉㄧˋ	動漫	1	12	absent			-7.354194117						護於旅的	戶愚呂弟	護/於/旅/的	戶愚呂弟	True	True	1		phrase.anime.tsv	1038	
扇入型封裝	ㄕㄢˋ ㄖㄨˋ ㄒㄧㄥˊ ㄈㄥ ㄓㄨㄤ	晶片半導體	1	3	absent			-7.354194117						扇入行風裝	扇入型封裝	扇/入/行/風/裝	扇入型封裝	True	True	1		phrase.semiconductor.tsv	48	
扇出型封裝	ㄕㄢˋ ㄔㄨ ㄒㄧㄥˊ ㄈㄥ ㄓㄨㄤ	晶片半導體	1	3	absent			-7.354194117						扇出行風裝	扇出型封裝	扇/出/行/風/裝	扇出型封裝	True	True	1		phrase.semiconductor.tsv	49	
手塚國光	ㄕㄡˇ ㄓㄨㄥˇ ㄍㄨㄛˊ ㄍㄨㄤ	動漫	1	18	absent			-7.354194117						手種國光	手塚國光	手/種/國光	手塚國光	True	True	1		phrase.anime.tsv	1039	
托爾芬	ㄊㄨㄛ ㄦˇ ㄈㄣ	動漫	1	20	absent			-7.354194117						託爾分	托爾芬	託/爾/分	托爾芬	True	True	1		phrase.anime.tsv	1042	
托爾茲	ㄊㄨㄛ ㄦˇ ㄗ	動漫	1	13	absent			-7.354194117						託爾資	托爾茲	託/爾/資	托爾茲	True	True	1		phrase.anime.tsv	1043	
抗磷脂	ㄎㄤˋ ㄌㄧㄣˊ ㄓ	醫學	1	12	absent			-7.354194117						抗林之	抗磷脂	抗/林/之	抗磷脂	True	True	1		phrase.medicine.tsv	104	
折原臨也	ㄓㄜˊ ㄩㄢˊ ㄌㄧㄣˊ ㄧㄝˇ	動漫	1	13	absent			-7.354194117						折員林也	折原臨也	折/員林/也	折原臨也	True	True	1		phrase.anime.tsv	1047	
折木奉太郎	ㄓㄜˊ ㄇㄨˋ ㄈㄥˋ ㄊㄞˋ ㄌㄤˊ	動漫	1	22	absent			-7.354194117						折目鳳太郎	折木奉太郎	折/目/鳳/太郎	折木奉太郎	True	True	1		phrase.anime.tsv	1048	
折現回收期	ㄓㄜˊ ㄒㄧㄢˋ ㄏㄨㄟˊ ㄕㄡ ㄑㄧ	財會金融	1	4	absent			-7.354194117						折現回收七	折現回收期	折/現/回收/七	折現回收期	True	True	1		phrase.finance.tsv	61	
披集朱拉暖	ㄆㄧ ㄐㄧˊ ㄓㄨ ㄌㄚ ㄋㄨㄢˇ	動漫	1	13	absent			-7.354194117						批及諸拉暖	披集朱拉暖	批/及/諸/拉/暖	披集朱拉暖	True	True	1		phrase.anime.tsv	1049	
押水菜子	ㄧㄚ ㄕㄨㄟˇ ㄘㄞˋ ㄗˇ	動漫	1	13	absent			-7.354194117						壓水菜子	押水菜子	壓/水/菜子	押水菜子	True	True	1		phrase.anime.tsv	1050	
拈連	ㄋㄧㄢ ㄌㄧㄢˊ	中文	1	11	absent			-7.354194117						蔫連	拈連	蔫/連	拈連	True	True	1		phrase.chinese.tsv	61	
拉克絲	ㄌㄚ ㄎㄜˋ ㄙ	動漫	1	17	absent			-7.354194117						拉客司	拉克絲	拉/客/司	拉克絲	True	True	1		phrase.anime.tsv	1051	
拉克萊科	ㄌㄚ ㄎㄜˋ ㄌㄞˊ ㄎㄜ	動漫	1	13	absent			-7.354194117						拉客來科	拉克萊科	拉/客/來/科	拉克萊科	True	True	1		phrase.anime.tsv	1052	
拉姆達	ㄌㄚ ㄇㄨˇ ㄉㄚˊ	動漫	1	10	absent			-7.354194117						拉母達	拉姆達	拉/母/達	拉姆達	True	True	1		phrase.anime.tsv	1054	
拉巴伯溫拿	ㄌㄚ ㄅㄚ ㄅㄛˊ ㄨㄣ ㄋㄚˊ	動漫	1	12	absent			-7.354194117						拉八博溫拿	拉巴伯溫拿	拉/八/博/溫/拿	拉巴伯溫拿	True	True	1		phrase.anime.tsv	1055	
拉德魯索	ㄌㄚ ㄉㄜˊ ㄌㄨˇ ㄙㄨㄛˇ	動漫	1	10	absent			-7.354194117						拉得魯所	拉德魯索	拉/得/魯/所	拉德魯索	True	True	1		phrase.anime.tsv	1056	
拉芙塔莉雅	ㄌㄚ ㄈㄨˊ ㄊㄚˇ ㄌㄧˋ ㄧㄚˇ	動漫	1	16	absent			-7.354194117						拉服塔力亞	拉芙塔莉雅	拉/服/塔/力/亞	拉芙塔莉雅	True	True	1		phrase.anime.tsv	1062	
拳四郎	ㄑㄩㄢˊ ㄙˋ ㄌㄤˊ	動漫	1	21	absent			-7.354194117						全四郎	拳四郎	全/四/郎	拳四郎	True	True	1		phrase.anime.tsv	1065	
拳願競技	ㄑㄩㄢˊ ㄩㄢˋ ㄐㄧㄥˋ ㄐㄧˋ	動漫	1	12	absent			-7.354194117						全院競技	拳願競技	全/院/競技	拳願競技	True	True	1		phrase.anime.tsv	1067	
拳願阿修羅	ㄑㄩㄢˊ ㄩㄢˋ ㄚ ㄒㄧㄡ ㄌㄨㄛˊ	動漫	1	20	absent			-7.354194117						全院阿修羅	拳願阿修羅	全/院/阿修羅	拳願阿修羅	True	True	1		phrase.anime.tsv	1068	
指數型基金	ㄓˇ ㄕㄨˋ ㄒㄧㄥˊ ㄐㄧ ㄐㄧㄣ	財會金融	1	4	absent			-7.354194117						指數行基金	指數型基金	指數/行/基金	指數型基金	True	True	1		phrase.finance.tsv	62	
掌中老虎	ㄓㄤˇ ㄓㄨㄥ ㄌㄠˇ ㄏㄨˇ	動漫	1	14	absent			-7.354194117						長中老虎	掌中老虎	長/中/老虎	掌中老虎	True	True	1		phrase.anime.tsv	1072	
排程最佳化	ㄆㄞˊ ㄔㄥˊ ㄗㄨㄟˋ ㄐㄧㄚ ㄏㄨㄚˋ	工業工程	1	17	absent			-7.354194117		排成/最佳化	3.885846787	排成/最佳化	3.885846787	排成最佳化	排程最佳化	排成/最佳化	排程最佳化	True	True	1		phrase.industrial-engineering.tsv	60	
探究式學習	ㄊㄢˋ ㄐㄧㄡˋ ㄕˋ ㄒㄩㄝˊ ㄒㄧˊ	教育	1	3	absent			-7.354194117						探究是學習	探究式學習	探究/是/學習	探究式學習	True	True	1		phrase.education.tsv	51	
探針台	ㄊㄢˋ ㄓㄣ ㄊㄞˊ	晶片半導體	1	13	absent			-7.354194117						碳真台	探針台	碳/真/台	探針台	True	True	1		phrase.semiconductor.tsv	51	
探針台保養	ㄊㄢˋ ㄓㄣ ㄊㄞˊ ㄅㄠˇ ㄧㄤˇ	晶片半導體	1	4	absent			-7.354194117						碳真台保養	探針台保養	碳/真/台/保養	探針台保養	True	True	1		phrase.semiconductor.tsv	52	
探針台校正	ㄊㄢˋ ㄓㄣ ㄊㄞˊ ㄐㄧㄠˋ ㄓㄥˋ	晶片半導體	1	4	absent			-7.354194117						碳真台校正	探針台校正	碳/真/台/校正	探針台校正	True	True	1		phrase.semiconductor.tsv	53	
控釋製劑	ㄎㄨㄥˋ ㄕˋ ㄓˋ ㄐㄧˋ	生技藥學	1	12	absent			-7.354194117						控是志計	控釋製劑	控/是/志/計	控釋製劑	True	True	1		phrase.biotech-pharma.tsv	44	
提耶利亞	ㄊㄧˊ ㄧㄝ ㄌㄧˋ ㄧㄚˇ	動漫	1	13	absent			-7.354194117						提耶力亞	提耶利亞	提/耶/力/亞	提耶利亞	True	True	1		phrase.anime.tsv	1075	
摩訶亞爾邦	ㄇㄛˊ ㄏㄜ ㄧㄚˇ ㄦˇ ㄅㄤ	動漫	1	17	absent			-7.354194117						磨喝亞爾幫	摩訶亞爾邦	磨/喝/亞/爾/幫	摩訶亞爾邦	True	True	1		phrase.anime.tsv	1079	
播磨拳兒	ㄅㄛˋ ㄇㄛˊ ㄑㄩㄢˊ ㄦˊ	動漫	1	15	absent			-7.354194117						薄模全而	播磨拳兒	薄/模/全/而	播磨拳兒	True	True	1		phrase.anime.tsv	1081	
擬聲詞	ㄋㄧˇ ㄕㄥ ㄘˊ	中文	1	11	absent			-7.354194117						你生詞	擬聲詞	你/生/詞	擬聲詞	True	True	1		phrase.chinese.tsv	63	
故障樹分析	ㄍㄨˋ ㄓㄤˋ ㄕㄨˋ ㄈㄣ ㄒㄧ	工業工程	1	4	absent			-7.354194117						故障數分析	故障樹分析	故障/數/分析	故障樹分析	True	True	1		phrase.industrial-engineering.tsv	61	
敕使	ㄔˋ ㄕˇ	動漫	1	16	absent			-7.354194117						赤使	敕使	赤/使	敕使	True	True	1		phrase.anime.tsv	1086	
敗北女角	ㄅㄞˋ ㄅㄟˇ ㄋㄩˇ ㄐㄧㄠˇ	動漫	1	23	absent			-7.354194117						敗北女較	敗北女角	敗北/女/較	敗北女角	True	True	1		phrase.anime.tsv	1087	
散華禮彌	ㄙㄢˋ ㄏㄨㄚˊ ㄌㄧˇ ㄇㄧˊ	動漫	1	18	absent			-7.354194117						散華理迷	散華禮彌	散/華/理/迷	散華禮彌	True	True	1		phrase.anime.tsv	1089	
整數溢位	ㄓㄥˇ ㄕㄨˋ ㄧˋ ㄨㄟˋ	網路資安	1	11	absent			-7.354194117		整數/意味	2.934684452	整數/意味	2.934684452	整數意味	整數溢位	整數/意味	整數溢位	True	True	1		phrase.network-security.tsv	87	
數碼寶貝	ㄕㄨˋ ㄇㄚˇ ㄅㄠˇ ㄅㄟˋ	動漫	1	25	absent			-7.354194117						數馬寶貝	數碼寶貝	數/馬/寶貝	數碼寶貝	True	True	1		phrase.anime.tsv	1090	
斐迪南	ㄈㄟˇ ㄉㄧˊ ㄋㄢˊ	動漫	1	16	absent			-7.354194117						非的南	斐迪南	非/的/南	斐迪南	True	True	1		phrase.anime.tsv	1093	
斜槓	ㄒㄧㄝˊ ㄍㄤˋ	一般	1	18	absent			-7.354194117						協鋼	斜槓	協/鋼	斜槓	True	True	1		phrase.general.tsv	72	
斯芬古	ㄙ ㄈㄣ ㄍㄨˇ	動漫	1	11	absent			-7.354194117						私分古	斯芬古	私/分/古	斯芬古	True	True	1		phrase.anime.tsv	1097	
斯雷因	ㄙ ㄌㄟˊ ㄧㄣ	動漫	1	15	absent			-7.354194117						私雷因	斯雷因	私/雷/因	斯雷因	True	True	1		phrase.anime.tsv	1098	
新冠疫情	ㄒㄧㄣ ㄍㄨㄢˋ ㄧˋ ㄑㄧㄥˊ	一般	1	18	absent			-7.354194117						心慣疫情	新冠疫情	心/慣/疫情	新冠疫情	True	True	1		phrase.general.tsv	73	
新垣綾瀨	ㄒㄧㄣ ㄩㄢˊ ㄌㄧㄥˊ ㄌㄞˋ	動漫	1	12	absent			-7.354194117						心員靈來	新垣綾瀨	心/員/靈/來	新垣綾瀨	True	True	1		phrase.anime.tsv	1102	
新奧工法	ㄒㄧㄣ ㄠˋ ㄍㄨㄥ ㄈㄚˇ	建築土木	1	13	absent			-7.354194117						心奧工法	新奧工法	心/奧/工/法	新奧工法	True	True	1		phrase.civil-engineering.tsv	111	
新條直輝	ㄒㄧㄣ ㄊㄧㄠˊ ㄓˊ ㄏㄨㄟ	動漫	1	14	absent			-7.354194117						心條直揮	新條直輝	心/條/直/揮	新條直輝	True	True	1		phrase.anime.tsv	1104	
新條茜	ㄒㄧㄣ ㄊㄧㄠˊ ㄑㄧㄢˋ	動漫	1	12	absent			-7.354194117						心條欠	新條茜	心/條/欠	新條茜	True	True	1		phrase.anime.tsv	1105	
新機動	ㄒㄧㄣ ㄐㄧ ㄉㄨㄥˋ	動漫	1	20	absent			-7.354194117						心激動	新機動	心/激動	新機動	True	True	1		phrase.anime.tsv	1106	
新藥研發	ㄒㄧㄣ ㄧㄠˋ ㄧㄢˊ ㄈㄚ	生技藥學	1	13	absent			-7.354194117						心要研發	新藥研發	心/要/研發	新藥研發	True	True	1		phrase.biotech-pharma.tsv	46	
新門紅丸	ㄒㄧㄣ ㄇㄣˊ ㄏㄨㄥˊ ㄨㄢˊ	動漫	1	10	absent			-7.354194117						心們紅完	新門紅丸	心/們/紅/完	新門紅丸	True	True	1		phrase.anime.tsv	1107	
旗木卡卡西	ㄑㄧˊ ㄇㄨˋ ㄎㄚˇ ㄎㄚˇ ㄒㄧ	動漫	1	17	absent			-7.354194117						其目卡卡西	旗木卡卡西	其/目/卡/卡/西	旗木卡卡西	True	True	1		phrase.anime.tsv	1110	
日向冬樹	ㄖˋ ㄒㄧㄤˋ ㄉㄨㄥ ㄕㄨˋ	動漫	1	11	absent			-7.354194117						日向東數	日向冬樹	日/向/東/數	日向冬樹	True	True	1		phrase.anime.tsv	1111	
日向夏美	ㄖˋ ㄒㄧㄤˋ ㄒㄧㄚˋ ㄇㄟˇ	動漫	1	10	absent			-7.354194117						日向下美	日向夏美	日/向下/美	日向夏美	True	True	1		phrase.anime.tsv	1112	
日向秀樹	ㄖˋ ㄒㄧㄤˋ ㄒㄧㄡˋ ㄕㄨˋ	動漫	1	14	absent			-7.354194117						日向秀數	日向秀樹	日/向/秀/數	日向秀樹	True	True	1		phrase.anime.tsv	1113	
日向翔陽	ㄖˋ ㄒㄧㄤˋ ㄒㄧㄤˊ ㄧㄤˊ	動漫	1	24	absent			-7.354194117						日向祥陽	日向翔陽	日/向/祥/陽	日向翔陽	True	True	1		phrase.anime.tsv	1114	
日向雛田	ㄖˋ ㄒㄧㄤˋ ㄔㄨˊ ㄊㄧㄢˊ	動漫	1	12	absent			-7.354194117						日向除田	日向雛田	日/向/除/田	日向雛田	True	True	1		phrase.anime.tsv	1115	
日暮永遠	ㄖˋ ㄇㄨˋ ㄩㄥˇ ㄩㄢˇ	動漫	1	18	absent			-7.354194117						日目永遠	日暮永遠	日/目/永遠	日暮永遠	True	True	1		phrase.anime.tsv	1118	
日暮籬	ㄖˋ ㄇㄨˋ ㄌㄧˊ	動漫	1	20	absent			-7.354194117						日目離	日暮籬	日/目/離	日暮籬	True	True	1		phrase.anime.tsv	1119	
日比野	ㄖˋ ㄅㄧˇ ㄧㄝˇ	動漫	1	21	absent			-7.354194117						日比也	日比野	日/比/也	日比野	True	True	1		phrase.anime.tsv	1120	
日番谷	ㄖˋ ㄈㄢ ㄍㄨˇ	動漫	1	10	absent			-7.354194117						日翻古	日番谷	日/翻/古	日番谷	True	True	1		phrase.anime.tsv	1121	
早乙女亂馬	ㄗㄠˇ ㄧˇ ㄋㄩˇ ㄌㄨㄢˋ ㄇㄚˇ	動漫	1	23	absent			-7.354194117		早乙女/亂碼	5.240250765	早乙女/亂碼	5.240250765	早乙女亂碼	早乙女亂馬	早乙女/亂碼	早乙女亂馬	True	True	1		phrase.anime.tsv	1122	
早坂愛	ㄗㄠˇ ㄅㄢˇ ㄞˋ	動漫	1	11	absent			-7.354194117						早版愛	早坂愛	早/版/愛	早坂愛	True	True	1		phrase.anime.tsv	1123	
早坂紫	ㄗㄠˇ ㄅㄢˇ ㄗˇ	動漫	1	17	absent			-7.354194117						早版子	早坂紫	早/版/子	早坂紫	True	True	1		phrase.anime.tsv	1124	
早川秋	ㄗㄠˇ ㄔㄨㄢ ㄑㄧㄡ	動漫	1	17	absent			-7.354194117						早穿秋	早川秋	早/穿/秋	早川秋	True	True	1		phrase.anime.tsv	1125	
旭日之心	ㄒㄩˋ ㄖˋ ㄓ ㄒㄧㄣ	動漫	1	12	absent			-7.354194117		旭日/知心	4.885846787	旭日/知心	4.885846787	續日之心	旭日之心	續/日/之/心	旭日之心	True	True	1		phrase.anime.tsv	1126	
昆阿圭羅	ㄎㄨㄣ ㄚ ㄍㄨㄟ ㄌㄨㄛˊ	動漫	1	15	absent			-7.354194117						混阿規羅	昆阿圭羅	混/阿/規/羅	昆阿圭羅	True	True	1		phrase.anime.tsv	1127	
明智健悟	ㄇㄧㄥˊ ㄓˋ ㄐㄧㄢˋ ㄨˋ	動漫	1	15	absent			-7.354194117		明治/建物	2.873454382	明治/建物	2.873454382	明志建物	明智健悟	明志/建物	明智健悟	True	True	1		phrase.anime.tsv	1129	
明神彌彥	ㄇㄧㄥˊ ㄕㄣˊ ㄇㄧˊ ㄧㄢˋ	動漫	1	15	absent			-7.354194117						明什迷驗	明神彌彥	明/什/迷/驗	明神彌彥	True	True	1		phrase.anime.tsv	1130	
明鄭時期	ㄇㄧㄥˊ ㄓㄥˋ ㄕˊ ㄑㄧˊ	歷史	1	13	absent			-7.354194117		明政/時期	2.897828084	明政/時期	2.897828084	明政時期	明鄭時期	明/政/時期	明鄭時期	True	True	1		phrase.history.tsv	89	
星井美希	ㄒㄧㄥ ㄐㄧㄥˇ ㄇㄟˇ ㄒㄧ	動漫	1	15	absent			-7.354194117						星景美溪	星井美希	星/景美溪	星井美希	True	True	1		phrase.anime.tsv	1131	
星型綱要	ㄒㄧㄥ ㄒㄧㄥˊ ㄍㄤ ㄧㄠˋ	AI資料科學	1	12	absent			-7.354194117		星形/綱要	5.297289266	星形/綱要	5.297289266	星行綱要	星型綱要	星/行/綱要	星型綱要	True	True	1		phrase.ai-data-science.tsv	94	
星川莉莉	ㄒㄧㄥ ㄔㄨㄢ ㄌㄧˋ ㄌㄧˋ	動漫	1	10	absent			-7.354194117						星穿莉莉	星川莉莉	星/穿/莉莉	星川莉莉	True	True	1		phrase.anime.tsv	1133	
星野宮子	ㄒㄧㄥ ㄧㄝˇ ㄍㄨㄥ ㄗ˙	動漫	1	17	absent			-7.354194117						星也公子	星野宮子	星/也/公/子	星野宮子	True	True	1		phrase.anime.tsv	1136	
星野愛	ㄒㄧㄥ ㄧㄝˇ ㄞˋ	動漫	1	24	absent			-7.354194117						星也愛	星野愛	星/也/愛	星野愛	True	True	1		phrase.anime.tsv	1137	
星野日向	ㄒㄧㄥ ㄧㄝˇ ㄖˋ ㄒㄧㄤˋ	動漫	1	13	absent			-7.354194117						星也日向	星野日向	星/也/日/向	星野日向	True	True	1		phrase.anime.tsv	1138	
春野櫻	ㄔㄨㄣ ㄧㄝˇ ㄧㄥ	動漫	1	19	absent			-7.354194117						春也應	春野櫻	春/也/應	春野櫻	True	True	1		phrase.anime.tsv	1142	
時崎狂三	ㄕˊ ㄑㄧˊ ㄎㄨㄤˊ ㄙㄢ	動漫	1	13	absent			-7.354194117						時期狂三	時崎狂三	時期/狂/三	時崎狂三	True	True	1		phrase.anime.tsv	1145	
時延頻寬積	ㄕˊ ㄧㄢˊ ㄆㄧㄣˊ ㄎㄨㄢ ㄐㄧ	網路資安	1	6	absent			-7.354194117						時研頻寬機	時延頻寬積	時/研/頻寬/機	時延頻寬積	True	True	1		phrase.network-security.tsv	92	
晨曦公主	ㄔㄣˊ ㄒㄧ ㄍㄨㄥ ㄓㄨˇ	動漫	1	22	absent			-7.354194117		晨曦/公主	3.529287646	晨曦/公主	3.529287646	陳西公主	晨曦公主	陳/西/公主	晨曦公主	True	True	1		phrase.anime.tsv	1147	
普利謝茨基	ㄆㄨˇ ㄌㄧˋ ㄒㄧㄝˋ ㄘˊ ㄐㄧ	動漫	1	15	absent			-7.354194117						普力謝詞機	普利謝茨基	普/力/謝/詞/機	普利謝茨基	True	True	1		phrase.anime.tsv	1148	
普魯托	ㄆㄨˇ ㄌㄨˇ ㄊㄨㄛ	動漫	1	10	absent			-7.354194117						普魯他	普魯托	普/魯/他	普魯托	True	True	1		phrase.anime.tsv	1150	
晶圓級封裝	ㄐㄧㄥ ㄩㄢˊ ㄐㄧˊ ㄈㄥ ㄓㄨㄤ	晶片半導體	1	3	absent			-7.354194117						晶圓及風裝	晶圓級封裝	晶圓/及/風/裝	晶圓級封裝	True	True	1		phrase.semiconductor.tsv	70	
智慧之神	ㄓˋ ㄏㄨㄟˋ ㄓ ㄕㄣˊ	動漫	1	12	absent			-7.354194117						智慧之什	智慧之神	智慧/之/什	智慧之神	True	True	1		phrase.anime.tsv	1152	
暗殺時間	ㄢˋ ㄕㄚ ㄕˊ ㄐㄧㄢ	動漫	1	14	absent			-7.354194117		暗殺/時間	1.905801654	暗殺/時間	1.905801654	案殺時間	暗殺時間	案/殺時間	暗殺時間	True	True	1		phrase.anime.tsv	1154	
曉美焰	ㄒㄧㄠˇ ㄇㄟˇ ㄧㄢˋ	動漫	1	21	absent			-7.354194117						小美驗	曉美焰	小/美/驗	曉美焰	True	True	1		phrase.anime.tsv	1156	
更科瑠夏	ㄍㄥˋ ㄎㄜ ㄌㄧㄡˊ ㄒㄧㄚˋ	動漫	1	12	absent			-7.354194117						更科留下	更科瑠夏	更/科/留下	更科瑠夏	True	True	1		phrase.anime.tsv	1157	
月城雪兔	ㄩㄝˋ ㄔㄥˊ ㄒㄩㄝˇ ㄊㄨˋ	動漫	1	13	absent			-7.354194117						月成雪兔	月城雪兔	月/成/雪/兔	月城雪兔	True	True	1		phrase.anime.tsv	1169	
月宮亞由	ㄩㄝˋ ㄍㄨㄥ ㄧㄚˇ ㄧㄡˊ	動漫	1	15	absent			-7.354194117						月公亞由	月宮亞由	月/公/亞/由	月宮亞由	True	True	1		phrase.anime.tsv	1170	
月島流星	ㄩㄝˋ ㄉㄠˇ ㄌㄧㄡˊ ㄒㄧㄥ	動漫	1	14	absent			-7.354194117						月導流星	月島流星	月/導/流星	月島流星	True	True	1		phrase.anime.tsv	1172	
月島螢	ㄩㄝˋ ㄉㄠˇ ㄧㄥˊ	動漫	1	14	absent			-7.354194117						月導營	月島螢	月/導/營	月島螢	True	True	1		phrase.anime.tsv	1173	
有借有還	ㄧㄡˇ ㄐㄧㄝˋ ㄧㄡˇ ㄏㄞˊ	動漫	1	15	absent			-7.354194117						有界有還	有借有還	有/界/有/還	有借有還	True	True	1		phrase.anime.tsv	1176	
有功功率	ㄧㄡˇ ㄍㄨㄥ ㄍㄨㄥ ㄌㄩˋ	電子電機	1	10	absent			-7.354194117		有功/功率	3.422228003	有功/功率	3.422228003	有公功率	有功功率	有/公/功率	有功功率	True	True	1		phrase.electronics.tsv	125	
有樂亭八雲	ㄧㄡˇ ㄌㄜˋ ㄊㄧㄥˊ ㄅㄚ ㄩㄣˊ	動漫	1	18	absent			-7.354194117						有樂停八雲	有樂亭八雲	有/樂/停/八/雲	有樂亭八雲	True	True	1		phrase.anime.tsv	1177	
有田春雪	ㄧㄡˇ ㄊㄧㄢˊ ㄔㄨㄣ ㄒㄩㄝˇ	動漫	1	18	absent			-7.354194117						有填春雪	有田春雪	有/填/春/雪	有田春雪	True	True	1		phrase.anime.tsv	1178	
有馬佳奈	ㄧㄡˇ ㄇㄚˇ ㄐㄧㄚ ㄋㄞˋ	動漫	1	16	absent			-7.354194117						有馬家耐	有馬佳奈	有/馬/家/耐	有馬佳奈	True	True	1		phrase.anime.tsv	1179	
有馬貴將	ㄧㄡˇ ㄇㄚˇ ㄍㄨㄟˋ ㄐㄧㄤ	動漫	1	11	absent			-7.354194117						有馬會將	有馬貴將	有/馬/會/將	有馬貴將	True	True	1		phrase.anime.tsv	1181	
服部平次	ㄈㄨˊ ㄅㄨˋ ㄆㄧㄥˊ ㄘˋ	動漫	1	13	absent			-7.354194117						伏不平次	服部平次	伏/不平/次	服部平次	True	True	1		phrase.anime.tsv	1183	
朝倉新	ㄔㄠˊ ㄘㄤ ㄒㄧㄣ	動漫	1	18	absent			-7.354194117						潮蒼心	朝倉新	潮/蒼/心	朝倉新	True	True	1		phrase.anime.tsv	1184	
朝比奈	ㄔㄠˊ ㄅㄧˇ ㄋㄞˋ	動漫	1	15	absent			-7.354194117						潮比耐	朝比奈	潮/比/耐	朝比奈	True	True	1		phrase.anime.tsv	1185	
朝田詩乃	ㄔㄠˊ ㄊㄧㄢˊ ㄕ ㄋㄞˇ	動漫	1	15	absent			-7.354194117						潮田師奶	朝田詩乃	潮/田/師奶	朝田詩乃	True	True	1		phrase.anime.tsv	1186	
木下秀吉	ㄇㄨˋ ㄒㄧㄚˋ ㄒㄧㄡˋ ㄐㄧˊ	動漫	1	12	absent			-7.354194117						木下秀及	木下秀吉	木/下/秀/及	木下秀吉	True	True	1		phrase.anime.tsv	1188	
木之本桃矢	ㄇㄨˋ ㄓ ㄅㄣˇ ㄊㄠˊ ㄕˇ	動漫	1	11	absent			-7.354194117						木之本桃使	木之本桃矢	木/之/本/桃/使	木之本桃矢	True	True	1		phrase.anime.tsv	1190	
木之本櫻	ㄇㄨˋ ㄓ ㄅㄣˇ ㄧㄥ	動漫	1	22	absent			-7.354194117						木之本應	木之本櫻	木/之/本應	木之本櫻	True	True	1		phrase.anime.tsv	1191	
木原紡	ㄇㄨˋ ㄩㄢˊ ㄈㄤˇ	動漫	1	11	absent			-7.354194117						木員訪	木原紡	木/員/訪	木原紡	True	True	1		phrase.anime.tsv	1193	
木野真琴	ㄇㄨˋ ㄧㄝˇ ㄓㄣ ㄑㄧㄣˊ	動漫	1	15	absent			-7.354194117						木也珍禽	木野真琴	木/也/珍禽	木野真琴	True	True	1		phrase.anime.tsv	1196	
未聞花名	ㄨㄟˋ ㄨㄣˊ ㄏㄨㄚ ㄇㄧㄥˊ	動漫	1	24	absent			-7.354194117		未聞/花名	5.922830353	未聞/花名	5.922830353	未聞花明	未聞花名	未聞/花/明	未聞花名	True	True	1		phrase.anime.tsv	1199	
本城蓮	ㄅㄣˇ ㄔㄥˊ ㄌㄧㄢˊ	動漫	1	16	absent			-7.354194117						本成連	本城蓮	本/成/連	本城蓮	True	True	1		phrase.anime.tsv	1200	
本田未央	ㄅㄣˇ ㄊㄧㄢˊ ㄨㄟˋ ㄧㄤ	動漫	1	14	absent			-7.354194117		本田/未央	5.144679103	本田/未央	5.144679103	本甜味央	本田未央	本/甜味/央	本田未央	True	True	1		phrase.anime.tsv	1201	
本間芽衣子	ㄅㄣˇ ㄐㄧㄢ ㄧㄚˊ ㄧ ㄗ˙	動漫	1	19	absent			-7.354194117						本箋牙醫子	本間芽衣子	本/箋/牙醫/子	本間芽衣子	True	True	1		phrase.anime.tsv	1204	
札克席茲	ㄓㄚˊ ㄎㄜˋ ㄒㄧˊ ㄗ	動漫	1	12	absent			-7.354194117						閘客習資	札克席茲	閘/客/習/資	札克席茲	True	True	1		phrase.anime.tsv	1205	
朱一貴事件	ㄓㄨ ㄧ ㄍㄨㄟˋ ㄕˋ ㄐㄧㄢˋ	歷史	1	4	absent			-7.354194117						列一貴事件	朱一貴事件	列/一/貴/事件	朱一貴事件	True	True	1		phrase.history.tsv	92	
朱伊斯	ㄓㄨ ㄧ ㄙ	動漫	1	11	absent			-7.354194117						列一司	朱伊斯	列/一/司	朱伊斯	True	True	1		phrase.anime.tsv	1206	
朴武真	ㄆㄨˊ ㄨˇ ㄓㄣ	動漫	1	11	absent			-7.354194117						葡五針	朴武真	葡/五/針	朴武真	True	True	1		phrase.anime.tsv	1208	
朵拉	ㄉㄨㄛˇ ㄌㄚ	動漫	1	15	absent			-7.354194117						躲拉	朵拉	躲/拉	朵拉	True	True	1		phrase.anime.tsv	1209	
朽木白哉	ㄒㄧㄡˇ ㄇㄨˋ ㄅㄞˊ ㄗㄞ	動漫	1	12	absent			-7.354194117						朽木白災	朽木白哉	朽木/白/災	朽木白哉	True	True	1		phrase.anime.tsv	1210	
朽木露琪亞	ㄒㄧㄡˇ ㄇㄨˋ ㄌㄨˋ ㄑㄧˊ ㄧㄚˇ	動漫	1	21	absent			-7.354194117						休目錄其亞	朽木露琪亞	休/目錄/其/亞	朽木露琪亞	True	True	1		phrase.anime.tsv	1211	
杉下京太郎	ㄕㄢ ㄒㄧㄚˋ ㄐㄧㄥ ㄊㄞˋ ㄌㄤˊ	動漫	1	15	absent			-7.354194117						山下經太郎	杉下京太郎	山下/經/太郎	杉下京太郎	True	True	1		phrase.anime.tsv	1212	
杉元佐一	ㄕㄢ ㄩㄢˊ ㄗㄨㄛˇ ㄧ	動漫	1	21	absent			-7.354194117						山員左一	杉元佐一	山/員/左/一	杉元佐一	True	True	1		phrase.anime.tsv	1214	
杉山高志	ㄕㄢ ㄕㄢ ㄍㄠ ㄓˋ	動漫	1	14	absent			-7.354194117						山山高至	杉山高志	山/山高/至	杉山高志	True	True	1		phrase.anime.tsv	1215	
杉崎鍵	ㄕㄢ ㄑㄧˊ ㄐㄧㄢˋ	動漫	1	18	absent			-7.354194117						山旗艦	杉崎鍵	山/旗艦	杉崎鍵	True	True	1		phrase.anime.tsv	1216	
李娜莉李	ㄌㄧˇ ㄋㄚˋ ㄌㄧˋ ㄌㄧˇ	動漫	1	14	absent			-7.354194117						理那力理	李娜莉李	理/那/力/理	李娜莉李	True	True	1		phrase.anime.tsv	1217	
李小狼	ㄌㄧˇ ㄒㄧㄠˇ ㄌㄤˊ	動漫	1	17	absent			-7.354194117						理小郎	李小狼	理/小/郎	李小狼	True	True	1		phrase.anime.tsv	1218	
村坂梓	ㄘㄨㄣ ㄅㄢˇ ㄗˇ	動漫	1	12	absent			-7.354194117						村版子	村坂梓	村/版/子	村坂梓	True	True	1		phrase.anime.tsv	1221	
村尾修子	ㄘㄨㄣ ㄨㄟˇ ㄒㄧㄡ ㄗ˙	動漫	1	13	absent			-7.354194117						村委修子	村尾修子	村/委/修/子	村尾修子	True	True	1		phrase.anime.tsv	1222	
村野里美	ㄘㄨㄣ ㄧㄝˇ ㄌㄧˇ ㄇㄟˇ	動漫	1	16	absent			-7.354194117						村也理美	村野里美	村/也/理/美	村野里美	True	True	1		phrase.anime.tsv	1224	
杜山詩惠美	ㄉㄨˋ ㄕㄢ ㄕ ㄏㄨㄟˋ ㄇㄟˇ	動漫	1	14	absent			-7.354194117						度山師會美	杜山詩惠美	度/山/師/會/美	杜山詩惠美	True	True	1		phrase.anime.tsv	1226	
杜拉瓦利	ㄉㄨˋ ㄌㄚ ㄨㄚˇ ㄌㄧˋ	動漫	1	20	absent			-7.354194117						度拉瓦礫	杜拉瓦利	度/拉/瓦礫	杜拉瓦利	True	True	1		phrase.anime.tsv	1227	
杜諾爾	ㄉㄨˋ ㄋㄨㄛˋ ㄦˇ	動漫	1	11	absent			-7.354194117						度諾爾	杜諾爾	度/諾/爾	杜諾爾	True	True	1		phrase.anime.tsv	1228	
東京卍會	ㄉㄨㄥ ㄐㄧㄥ ㄨㄢˋ ㄏㄨㄟˋ	動漫	1	14	absent			-7.354194117						東京萬會	東京卍會	東京/萬/會	東京卍會	True	True	1		phrase.anime.tsv	1230	
東京喰種	ㄉㄨㄥ ㄐㄧㄥ ㄘㄢ ㄓㄨㄥˇ	動漫	1	23	absent			-7.354194117						東京參種	東京喰種	東京/參/種	東京喰種	True	True	1		phrase.anime.tsv	1231	
東和馬	ㄉㄨㄥ ㄏㄜˊ ㄇㄚˇ	動漫	1	16	absent			-7.354194117						東荷馬	東和馬	東/荷馬	東和馬	True	True	1		phrase.anime.tsv	1233	
東堂盡八	ㄉㄨㄥ ㄊㄤˊ ㄐㄧㄣˋ ㄅㄚ	動漫	1	11	absent			-7.354194117						東堂進八	東堂盡八	東/堂/進/八	東堂盡八	True	True	1		phrase.anime.tsv	1234	
東方仗助	ㄉㄨㄥ ㄈㄤ ㄓㄤˋ ㄓㄨˋ	動漫	1	16	absent			-7.354194117						東方障助	東方仗助	東方/障/助	東方仗助	True	True	1		phrase.anime.tsv	1235	
東條希	ㄉㄨㄥ ㄊㄧㄠˊ ㄒㄧ	動漫	1	10	absent			-7.354194117						東條西	東條希	東/條/西	東條希	True	True	1		phrase.anime.tsv	1236	
東雲名乃	ㄉㄨㄥ ㄩㄣˊ ㄇㄧㄥˊ ㄋㄞˇ	動漫	1	14	absent			-7.354194117						東雲明乃	東雲名乃	東/雲/明/乃	東雲名乃	True	True	1		phrase.anime.tsv	1237	
松前緒花	ㄙㄨㄥ ㄑㄧㄢˊ ㄒㄩˋ ㄏㄨㄚ	動漫	1	17	absent			-7.354194117						鬆前續花	松前緒花	鬆/前/續/花	松前緒花	True	True	1		phrase.anime.tsv	1238	
松岡凜	ㄙㄨㄥ ㄍㄤ ㄌㄧㄣˇ	動漫	1	14	absent			-7.354194117						鬆剛凜	松岡凜	鬆/剛/凜	松岡凜	True	True	1		phrase.anime.tsv	1239	
松浦果南	ㄙㄨㄥ ㄆㄨˇ ㄍㄨㄛˇ ㄋㄢˊ	動漫	1	15	absent			-7.354194117						鬆普果南	松浦果南	鬆/普/果/南	松浦果南	True	True	1		phrase.anime.tsv	1240	
松野千冬	ㄙㄨㄥ ㄧㄝˇ ㄑㄧㄢ ㄉㄨㄥ	動漫	1	13	absent			-7.354194117						鬆也簽東	松野千冬	鬆/也/簽/東	松野千冬	True	True	1		phrase.anime.tsv	1241	
松雪集	ㄙㄨㄥ ㄒㄩㄝˇ ㄐㄧˊ	動漫	1	15	absent			-7.354194117						鬆雪及	松雪集	鬆/雪/及	松雪集	True	True	1		phrase.anime.tsv	1242	
析出強化	ㄒㄧ ㄔㄨ ㄑㄧㄤˊ ㄏㄨㄚˋ	材料化工	1	10	absent			-7.354194117		西出/強化	3.33234354	西出/強化	3.33234354	西出強化	析出強化	西/出/強化	析出強化	True	True	1		phrase.materials-chemistry.tsv	50	
林克斯	ㄌㄧㄣˊ ㄎㄜˋ ㄙ	動漫	1	18	absent			-7.354194117						林客司	林克斯	林/客/司	林克斯	True	True	1		phrase.anime.tsv	1243	
林田奈奈	ㄌㄧㄣˊ ㄊㄧㄢˊ ㄋㄞˋ ㄋㄞˋ	動漫	1	14	absent			-7.354194117						林田耐耐	林田奈奈	林/田/耐/耐	林田奈奈	True	True	1		phrase.anime.tsv	1244	
柏崎茜	ㄅㄛˊ ㄑㄧˊ ㄑㄧㄢˋ	動漫	1	9	absent			-7.354194117						柏其欠	柏崎茜	柏/其/欠	柏崎茜	True	True	1		phrase.anime.tsv	1248	
查士丁尼	ㄔㄚˊ ㄕˋ ㄉㄧㄥ ㄋㄧˊ	歷史	1	12	absent			-7.354194117						查是丁呢	查士丁尼	查/是/丁/呢	查士丁尼	True	True	1		phrase.history.tsv	95	
柯魯特奧	ㄎㄜ ㄌㄨˇ ㄊㄜˋ ㄠˋ	動漫	1	14	absent			-7.354194117						科魯特奧	柯魯特奧	科/魯/特/奧	柯魯特奧	True	True	1		phrase.anime.tsv	1250	
柳澤光央	ㄌㄧㄡˇ ㄗㄜˊ ㄍㄨㄤ ㄧㄤ	動漫	1	12	absent			-7.354194117						柳則光央	柳澤光央	柳/則/光/央	柳澤光央	True	True	1		phrase.anime.tsv	1252	
栗原萬里	ㄌㄧˋ ㄩㄢˊ ㄨㄢˋ ㄌㄧˇ	動漫	1	9	absent			-7.354194117		利源/萬里	5.139350269	利源/萬里	5.139350269	立員萬里	栗原萬里	立/員/萬里	栗原萬里	True	True	1		phrase.anime.tsv	1254	
根島由佳吏	ㄍㄣ ㄉㄠˇ ㄧㄡˊ ㄐㄧㄚ ㄌㄧˋ	動漫	1	16	absent			-7.354194117						跟導尤加利	根島由佳吏	跟/導/尤加利	根島由佳吏	True	True	1		phrase.anime.tsv	1256	
根津讓二	ㄍㄣ ㄐㄧㄣ ㄖㄤˋ ㄦˋ	動漫	1	12	absent			-7.354194117						跟今讓二	根津讓二	跟/今/讓/二	根津讓二	True	True	1		phrase.anime.tsv	1257	
格雷拉特	ㄍㄜˊ ㄌㄟˊ ㄌㄚ ㄊㄜˋ	動漫	1	22	absent			-7.354194117						隔雷拉特	格雷拉特	隔/雷/拉/特	格雷拉特	True	True	1		phrase.anime.tsv	1260	
桂小太郎	ㄍㄨㄟˋ ㄒㄧㄠˇ ㄊㄞˋ ㄌㄤˊ	動漫	1	12	absent			-7.354194117						貴小太郎	桂小太郎	貴/小/太郎	桂小太郎	True	True	1		phrase.anime.tsv	1261	
桂木彌子	ㄍㄨㄟˋ ㄇㄨˋ ㄇㄧˊ ㄗ˙	動漫	1	15	absent			-7.354194117						貴目迷子	桂木彌子	貴/目/迷/子	桂木彌子	True	True	1		phrase.anime.tsv	1262	
桂雛菊	ㄍㄨㄟˋ ㄔㄨˊ ㄐㄩˊ	動漫	1	13	absent			-7.354194117						貴雛菊	桂雛菊	貴/雛菊	桂雛菊	True	True	1		phrase.anime.tsv	1263	
桃喰綺羅莉	ㄊㄠˊ ㄘㄢ ㄑㄧˇ ㄌㄨㄛˊ ㄌㄧˋ	動漫	1	14	absent			-7.354194117						桃參起蘿莉	桃喰綺羅莉	桃/參/起/蘿莉	桃喰綺羅莉	True	True	1		phrase.anime.tsv	1264	
桃園奈奈生	ㄊㄠˊ ㄩㄢˊ ㄋㄞˋ ㄋㄞˋ ㄕㄥ	動漫	1	20	absent			-7.354194117						桃園耐耐生	桃園奈奈生	桃園/耐/耐/生	桃園奈奈生	True	True	1		phrase.anime.tsv	1265	
桃源暗鬼	ㄊㄠˊ ㄩㄢˊ ㄢˋ ㄍㄨㄟˇ	動漫	1	19	absent			-7.354194117						桃園案鬼	桃源暗鬼	桃園/案/鬼	桃源暗鬼	True	True	1		phrase.anime.tsv	1267	
桃瀨成海	ㄊㄠˊ ㄌㄞˋ ㄔㄥˊ ㄏㄞˇ	動漫	1	20	absent			-7.354194117						桃來成海	桃瀨成海	桃/來/成/海	桃瀨成海	True	True	1		phrase.anime.tsv	1268	
桐山零	ㄊㄨㄥˊ ㄕㄢ ㄌㄧㄥˊ	動漫	1	20	absent			-7.354194117						同山陵	桐山零	同/山陵	桐山零	True	True	1		phrase.anime.tsv	1270	
桐敷沙子	ㄊㄨㄥˊ ㄈㄨ ㄕㄚ ㄗ˙	動漫	1	12	absent			-7.354194117						同不沙子	桐敷沙子	同/不/沙子	桐敷沙子	True	True	1		phrase.anime.tsv	1271	
桐生剎那	ㄊㄨㄥˊ ㄕㄥ ㄔㄚˋ ㄋㄚˋ	動漫	1	12	absent			-7.354194117		同聲/剎那	3.392678106	同聲/剎那	3.392678106	同生剎那	桐生剎那	同/生/剎那	桐生剎那	True	True	1		phrase.anime.tsv	1272	
桐谷和人	ㄊㄨㄥˊ ㄍㄨˇ ㄏㄜˊ ㄖㄣˊ	動漫	1	22	absent			-7.354194117		銅鼓/何人	3.460432355	銅鼓/何人	3.460432355	銅鼓何人	桐谷和人	銅鼓/何人	桐谷和人	True	True	1		phrase.anime.tsv	1273	
桐谷直葉	ㄊㄨㄥˊ ㄍㄨˇ ㄓˊ ㄧㄝˋ	動漫	1	16	absent			-7.354194117		銅鼓/職業	2.747705267	銅鼓/職業	2.747705267	銅鼓職業	桐谷直葉	銅鼓/職業	桐谷直葉	True	True	1		phrase.anime.tsv	1274	
桐間紗路	ㄊㄨㄥˊ ㄐㄧㄢ ㄕㄚ ㄌㄨˋ	動漫	1	11	absent			-7.354194117						同間殺戮	桐間紗路	同/間/殺戮	桐間紗路	True	True	1		phrase.anime.tsv	1275	
桑原和真	ㄙㄤ ㄩㄢˊ ㄏㄜˊ ㄓㄣ	動漫	1	18	absent			-7.354194117						桑員和真	桑原和真	桑/員/和/真	桑原和真	True	True	1		phrase.anime.tsv	1276	
梅克爾	ㄇㄟˊ ㄎㄜˋ ㄦˇ	人名-當代	1	13	0			-7.354194117						沒克爾	梅克爾	沒/克爾	梅克爾	True	True	1		phrase.people-contemporary.tsv	24	
梅宮一	ㄇㄟˊ ㄍㄨㄥ ㄧ	動漫	1	17	absent			-7.354194117						沒公一	梅宮一	沒/公/一	梅宮一	True	True	1		phrase.anime.tsv	1278	
梅菲斯特	ㄇㄟˊ ㄈㄟ ㄙ ㄊㄜˋ	動漫	1	11	absent			-7.354194117						沒非司特	梅菲斯特	沒/非/司/特	梅菲斯特	True	True	1		phrase.anime.tsv	1280	
梅迪西斯	ㄇㄟˊ ㄉㄧˊ ㄒㄧ ㄙ	動漫	1	16	absent			-7.354194117						沒的溪司	梅迪西斯	沒/的/溪/司	梅迪西斯	True	True	1		phrase.anime.tsv	1281	
梅里奧達斯	ㄇㄟˊ ㄌㄧˇ ㄠˋ ㄉㄚˊ ㄙ	動漫	1	20	absent			-7.354194117						沒理奧達司	梅里奧達斯	沒/理/奧/達/司	梅里奧達斯	True	True	1		phrase.anime.tsv	1282	
梅麗莎毛	ㄇㄟˊ ㄌㄧˋ ㄕㄚ ㄇㄠˊ	動漫	1	11	absent			-7.354194117						沒力殺毛	梅麗莎毛	沒/力/殺/毛	梅麗莎毛	True	True	1		phrase.anime.tsv	1283	
梓川咲太	ㄗˇ ㄔㄨㄢ ㄒㄧㄠˋ ㄊㄞˋ	動漫	1	20	absent			-7.354194117						子穿校太	梓川咲太	子/穿/校/太	梓川咲太	True	True	1		phrase.anime.tsv	1284	
梓川月乃	ㄗˇ ㄔㄨㄢ ㄩㄝˋ ㄋㄞˇ	動漫	1	12	absent			-7.354194117						子穿越乃	梓川月乃	子/穿越/乃	梓川月乃	True	True	1		phrase.anime.tsv	1285	
條形基礎	ㄊㄧㄠˊ ㄒㄧㄥˊ ㄐㄧ ㄔㄨˇ	建築土木	1	10	absent			-7.354194117		條型/基礎	3.348413217	條型/基礎	3.348413217	調行基礎	條形基礎	調/行/基礎	條形基礎	True	True	1		phrase.civil-engineering.tsv	129	
梨花妃	ㄌㄧˊ ㄏㄨㄚ ㄈㄟ	動漫	1	13	absent			-7.354194117						離花非	梨花妃	離/花/非	梨花妃	True	True	1		phrase.anime.tsv	1286	
梶秋彥	ㄨㄟˇ ㄑㄧㄡ ㄧㄢˋ	動漫	1	12	absent			-7.354194117						委秋驗	梶秋彥	委/秋/驗	梶秋彥	True	True	1		phrase.anime.tsv	1287	
棋靈王	ㄑㄧˊ ㄌㄧㄥˊ ㄨㄤˊ	動漫	1	22	absent			-7.354194117						其靈王	棋靈王	其/靈/王	棋靈王	True	True	1		phrase.anime.tsv	1288	
棗恭介	ㄗㄠˇ ㄍㄨㄥ ㄐㄧㄝˋ	動漫	1	14	absent			-7.354194117						早公界	棗恭介	早/公/界	棗恭介	True	True	1		phrase.anime.tsv	1290	
森之宮羊子	ㄙㄣ ㄓ ㄍㄨㄥ ㄧㄤˊ ㄗ˙	動漫	1	10	absent			-7.354194117						森之公羊子	森之宮羊子	森/之/公羊/子	森之宮羊子	True	True	1		phrase.anime.tsv	1292	
森嶋帆高	ㄙㄣ ㄉㄠˇ ㄈㄢˊ ㄍㄠ	動漫	1	23	absent			-7.354194117						森導繁高	森嶋帆高	森/導/繁/高	森嶋帆高	True	True	1		phrase.anime.tsv	1293	
森羅日下部	ㄙㄣ ㄌㄨㄛˊ ㄖˋ ㄒㄧㄚˋ ㄅㄨˋ	動漫	1	20	absent			-7.354194117						森羅日下不	森羅日下部	森/羅/日下/不	森羅日下部	True	True	1		phrase.anime.tsv	1295	
植入式	ㄓˊ ㄖㄨˋ ㄕˋ	醫學	1	10	absent			-7.354194117						植入是	植入式	植入/是	植入式	True	True	1		phrase.medicine.tsv	122	
植栽工程	ㄓˊ ㄗㄞ ㄍㄨㄥ ㄔㄥˊ	建築土木	1	12	absent			-7.354194117						職災工程	植栽工程	職/災/工程	植栽工程	True	True	1		phrase.civil-engineering.tsv	130	
植野直花	ㄓˊ ㄧㄝˇ ㄓˊ ㄏㄨㄚ	動漫	1	15	absent			-7.354194117						職也直花	植野直花	職/也/直/花	植野直花	True	True	1		phrase.anime.tsv	1296	
椎名深夏	ㄓㄨㄟ ㄇㄧㄥˊ ㄕㄣ ㄒㄧㄚˋ	動漫	1	12	absent			-7.354194117						追明身下	椎名深夏	追/明/身/下	椎名深夏	True	True	1		phrase.anime.tsv	1297	
椎名真冬	ㄓㄨㄟ ㄇㄧㄥˊ ㄓㄣ ㄉㄨㄥ	動漫	1	11	absent			-7.354194117						追明真東	椎名真冬	追/明/真/東	椎名真冬	True	True	1		phrase.anime.tsv	1298	
楡井秋彥	ㄩˊ ㄐㄧㄥˇ ㄑㄧㄡ ㄧㄢˋ	動漫	1	12	absent			-7.354194117						於井秋驗	楡井秋彥	於/井/秋/驗	楡井秋彥	True	True	1		phrase.anime.tsv	1300	
極紫外光	ㄐㄧˊ ㄗˇ ㄨㄞˋ ㄍㄨㄤ	晶片半導體	1	12	absent			-7.354194117						及紫外光	極紫外光	及/紫外光	極紫外光	True	True	1		phrase.semiconductor.tsv	81	
榊原恆一	ㄕㄣˊ ㄩㄢˊ ㄏㄥˊ ㄧ	動漫	1	18	absent			-7.354194117						什員衡一	榊原恆一	什/員/衡/一	榊原恆一	True	True	1		phrase.anime.tsv	1301	
榊逸仁	ㄕㄣˊ ㄧˋ ㄖㄣˊ	動漫	1	12	absent			-7.354194117						什一人	榊逸仁	什/一/人	榊逸仁	True	True	1		phrase.anime.tsv	1302	
槙島聖護	ㄉㄧㄢ ㄉㄠˇ ㄕㄥˋ ㄏㄨˋ	動漫	1	17	absent			-7.354194117						顛倒聖護	槙島聖護	顛倒/聖/護	槙島聖護	True	True	1		phrase.anime.tsv	1303	
槙田悠里	ㄉㄧㄢ ㄊㄧㄢˊ ㄧㄡ ㄌㄧˇ	動漫	1	14	absent			-7.354194117						拈田優理	槙田悠里	拈/田/優/理	槙田悠里	True	True	1		phrase.anime.tsv	1304	
樞木朱雀	ㄕㄨ ㄇㄨˋ ㄓㄨ ㄑㄩㄝˋ	動漫	1	20	absent			-7.354194117						書目諸卻	樞木朱雀	書目/諸/卻	樞木朱雀	True	True	1		phrase.anime.tsv	1305	
模流分析	ㄇㄛˊ ㄌㄧㄡˊ ㄈㄣ ㄒㄧ	製造機械	1	13	absent			-7.354194117						磨流分析	模流分析	磨/流/分析	模流分析	True	True	1		phrase.manufacturing.tsv	62	
樺倉太郎	ㄏㄨㄚˋ ㄘㄤ ㄊㄞˋ ㄌㄤˊ	動漫	1	13	absent			-7.354194117						話蒼太郎	樺倉太郎	話/蒼/太郎	樺倉太郎	True	True	1		phrase.anime.tsv	1306	
橋式起重機	ㄑㄧㄠˊ ㄕˋ ㄑㄧˇ ㄓㄨㄥˋ ㄐㄧ	交通物流	1	4	absent			-7.354194117						橋是起重機	橋式起重機	橋/是/起重機	橋式起重機	True	True	1		phrase.transport-logistics.tsv	59	
橘真琴	ㄐㄩˊ ㄓㄣ ㄑㄧㄣˊ	動漫	1	16	absent			-7.354194117						局珍禽	橘真琴	局/珍禽	橘真琴	True	True	1		phrase.anime.tsv	1308	
櫛枝實乃梨	ㄐㄧㄝˊ ㄓ ㄕˊ ㄋㄞˇ ㄌㄧˊ	動漫	1	17	absent			-7.354194117						截之時乃離	櫛枝實乃梨	截/之/時/乃/離	櫛枝實乃梨	True	True	1		phrase.anime.tsv	1312	
櫻井桃子	ㄧㄥ ㄐㄧㄥˇ ㄊㄠˊ ㄗ˙	動漫	1	13	absent			-7.354194117		櫻井/桃子	5.638190774	櫻井/桃子	5.638190774	應景桃子	櫻井桃子	應/景/桃子	櫻井桃子	True	True	1		phrase.anime.tsv	1313	
櫻井真一	ㄧㄥ ㄐㄧㄥˇ ㄓㄣ ㄧ	動漫	1	15	absent			-7.354194117						應景真一	櫻井真一	應/景/真/一	櫻井真一	True	True	1		phrase.anime.tsv	1314	
櫻內梨子	ㄧㄥ ㄋㄟˋ ㄌㄧˊ ㄗ˙	動漫	1	17	absent			-7.354194117						應內梨子	櫻內梨子	應/內/梨子	櫻內梨子	True	True	1		phrase.anime.tsv	1315	
櫻島麻衣	ㄧㄥ ㄉㄠˇ ㄇㄚˊ ㄧ	動漫	1	17	absent			-7.354194117						應導麻一	櫻島麻衣	應/導/麻/一	櫻島麻衣	True	True	1		phrase.anime.tsv	1316	
櫻川九郎	ㄧㄥ ㄔㄨㄢ ㄐㄧㄡˇ ㄌㄤˊ	動漫	1	16	absent			-7.354194117						應穿久郎	櫻川九郎	應/穿/久/郎	櫻川九郎	True	True	1		phrase.anime.tsv	1317	
櫻木花道	ㄧㄥ ㄇㄨˋ ㄏㄨㄚ ㄉㄠˋ	動漫	1	25	absent			-7.354194117						應目花到	櫻木花道	應/目/花/到	櫻木花道	True	True	1		phrase.anime.tsv	1318	
櫻澤墨	ㄧㄥ ㄗㄜˊ ㄇㄛˋ	動漫	1	11	absent			-7.354194117						應則沒	櫻澤墨	應/則/沒	櫻澤墨	True	True	1		phrase.anime.tsv	1319	
櫻田妮妮	ㄧㄥ ㄊㄧㄢˊ ㄋㄧˊ ㄋㄧˊ	動漫	1	13	absent			-7.354194117						應填呢呢	櫻田妮妮	應/填/呢/呢	櫻田妮妮	True	True	1		phrase.anime.tsv	1320	
櫻田實和子	ㄧㄥ ㄊㄧㄢˊ ㄕˊ ㄏㄜˊ ㄗ˙	動漫	1	13	absent			-7.354194117						應填十盒子	櫻田實和子	應/填/十/盒子	櫻田實和子	True	True	1		phrase.anime.tsv	1321	
櫻野栗夢	ㄧㄥ ㄧㄝˇ ㄌㄧˋ ㄇㄥˋ	動漫	1	15	absent			-7.354194117						應也力夢	櫻野栗夢	應/也/力/夢	櫻野栗夢	True	True	1		phrase.anime.tsv	1324	
權力分立	ㄑㄩㄢˊ ㄌㄧˋ ㄈㄣ ㄌㄧˋ	法律	1	11	absent			-7.354194117		權力/分立	2.499888076	權力/分立	2.499888076	權利分立	權力分立	權利/分立	權力分立	True	True	1		phrase.law.tsv	106	
次世代定序	ㄘˋ ㄕˋ ㄉㄞˋ ㄉㄧㄥˋ ㄒㄩˋ	生技藥學	1	3	absent			-7.354194117						次世代定續	次世代定序	次世代/定/續	次世代定序	True	True	1		phrase.biotech-pharma.tsv	49	
欣梅爾	ㄒㄧㄣ ㄇㄟˊ ㄦˇ	動漫	1	16	absent			-7.354194117						心梅爾	欣梅爾	心/梅爾	欣梅爾	True	True	1		phrase.anime.tsv	1325	
歐爾麥特	ㄡ ㄦˇ ㄇㄞˋ ㄊㄜˋ	動漫	1	14	absent			-7.354194117						歐爾賣特	歐爾麥特	歐/爾/賣/特	歐爾麥特	True	True	1		phrase.anime.tsv	1327	
歐索娜	ㄡ ㄙㄨㄛˇ ㄋㄚˋ	動漫	1	15	absent			-7.354194117						歐嗩吶	歐索娜	歐/嗩吶	歐索娜	True	True	1		phrase.anime.tsv	1329	
武之內空	ㄨˇ ㄓ ㄋㄟˋ ㄎㄨㄥ	動漫	1	17	absent			-7.354194117						五之內空	武之內空	五/之內/空	武之內空	True	True	1		phrase.anime.tsv	1330	
武內樹	ㄨˇ ㄋㄟˋ ㄕㄨˋ	動漫	1	15	absent			-7.354194117						五內數	武內樹	五/內/數	武內樹	True	True	1		phrase.anime.tsv	1331	
武漢會戰	ㄨˇ ㄏㄢˋ ㄏㄨㄟˋ ㄓㄢˋ	歷史	1	9	absent			-7.354194117		武漢/會戰	4.730944827	武漢/會戰	4.730944827	武漢會占	武漢會戰	武漢/會/占	武漢會戰	True	True	1		phrase.history.tsv	98	
武田晴海	ㄨˇ ㄊㄧㄢˊ ㄑㄧㄥˊ ㄏㄞˇ	動漫	1	15	absent			-7.354194117						五田情海	武田晴海	五/田/情/海	武田晴海	True	True	1		phrase.anime.tsv	1332	
死柄木弔	ㄙˇ ㄅㄧㄥˇ ㄇㄨˋ ㄉㄧㄠˋ	動漫	1	11	absent			-7.354194117						死餅目調	死柄木弔	死/餅/目/調	死柄木弔	True	True	1		phrase.anime.tsv	1340	
死氣之炎	ㄙˇ ㄑㄧˋ ㄓ ㄧㄢˊ	動漫	1	13	absent			-7.354194117						死氣之研	死氣之炎	死/氣/之/研	死氣之炎	True	True	1		phrase.anime.tsv	1341	
死靈術士	ㄙˇ ㄌㄧㄥˊ ㄕㄨˋ ㄕˋ	動漫	1	11	absent			-7.354194117						死靈數是	死靈術士	死/靈/數/是	死靈術士	True	True	1		phrase.anime.tsv	1344	
殖利率曲線	ㄓˊ ㄌㄧˋ ㄌㄩˋ ㄑㄩ ㄒㄧㄢˋ	財會金融	1	3	absent			-7.354194117						職利率曲線	殖利率曲線	職/利率/曲線	殖利率曲線	True	True	1		phrase.finance.tsv	84	
殺手踢細胞	ㄕㄚ ㄕㄡˇ ㄊㄧ ㄒㄧˋ ㄅㄠ	動漫	1	15	absent			-7.354194117						殺手梯細胞	殺手踢細胞	殺手/梯/細胞	殺手踢細胞	True	True	1		phrase.anime.tsv	1347	殺手T細胞
殺生丸	ㄕㄚ ㄕㄥ ㄨㄢˊ	動漫	1	17	absent			-7.354194117						沙生完	殺生丸	沙/生/完	殺生丸	True	True	1		phrase.anime.tsv	1348	
比企谷八幡	ㄅㄧˇ ㄑㄧˋ ㄍㄨˇ ㄅㄚ ㄈㄢ	動漫	1	20	absent			-7.354194117						比氣古巴翻	比企谷八幡	比/氣/古巴/翻	比企谷八幡	True	True	1		phrase.anime.tsv	1351	
比良平千咲	ㄅㄧˇ ㄌㄧㄤˊ ㄆㄧㄥˊ ㄑㄧㄢ ㄒㄧㄠˋ	動漫	1	14	absent			-7.354194117						比量平千校	比良平千咲	比/量/平/千/校	比良平千咲	True	True	1		phrase.anime.tsv	1355	
比良拓海	ㄅㄧˇ ㄌㄧㄤˊ ㄊㄨㄛˋ ㄏㄞˇ	動漫	1	13	absent			-7.354194117						比量拓海	比良拓海	比/量/拓/海	比良拓海	True	True	1		phrase.anime.tsv	1356	
氮化鎵	ㄉㄢˋ ㄏㄨㄚˋ ㄐㄧㄚ	晶片半導體	1	10	absent			-7.354194117						但畫家	氮化鎵	但/畫家	氮化鎵	True	True	1		phrase.semiconductor.tsv	89	
水上麻衣	ㄕㄨㄟˇ ㄕㄤˋ ㄇㄚˊ ㄧ	動漫	1	16	absent			-7.354194117		水上/麻衣	4.930948243	水上/麻衣	4.930948243	水上麻一	水上麻衣	水/上/麻/一	水上麻衣	True	True	1		phrase.anime.tsv	1359	
水原千鶴	ㄕㄨㄟˇ ㄩㄢˊ ㄑㄧㄢ ㄏㄜˋ	動漫	1	15	absent			-7.354194117						水源千和	水原千鶴	水源/千/和	水原千鶴	True	True	1		phrase.anime.tsv	1360	
水島太太	ㄕㄨㄟˇ ㄉㄠˇ ㄊㄞˋ ㄊㄞˋ	動漫	1	14	absent			-7.354194117						水導太太	水島太太	水/導/太太	水島太太	True	True	1		phrase.anime.tsv	1361	
水崎燕	ㄕㄨㄟˇ ㄑㄧˊ ㄧㄢˋ	動漫	1	14	absent			-7.354194117						水其驗	水崎燕	水/其/驗	水崎燕	True	True	1		phrase.anime.tsv	1362	
水瀨伊織	ㄕㄨㄟˇ ㄌㄞˋ ㄧ ㄓ	動漫	1	10	absent			-7.354194117						水來一隻	水瀨伊織	水/來/一隻	水瀨伊織	True	True	1		phrase.anime.tsv	1365	
水瀨名雪	ㄕㄨㄟˇ ㄌㄞˋ ㄇㄧㄥˊ ㄒㄩㄝˇ	動漫	1	13	absent			-7.354194117						水來明雪	水瀨名雪	水/來/明/雪	水瀨名雪	True	True	1		phrase.anime.tsv	1366	
水篠颯太	ㄕㄨㄟˇ ㄒㄧㄠˇ ㄙㄚˋ ㄊㄞˋ	動漫	1	18	absent			-7.354194117						水小蔡太	水篠颯太	水/小/蔡/太	水篠颯太	True	True	1		phrase.anime.tsv	1367	
水谷雫	ㄕㄨㄟˇ ㄍㄨˇ ㄋㄚˇ	動漫	1	18	absent			-7.354194117						水古那	水谷雫	水/古/那	水谷雫	True	True	1		phrase.anime.tsv	1368	
水野亞美	ㄕㄨㄟˇ ㄧㄝˇ ㄧㄚˇ ㄇㄟˇ	動漫	1	20	absent			-7.354194117		水野/亞美	5.646623941	水野/亞美	5.646623941	水也亞美	水野亞美	水/也/亞美	水野亞美	True	True	1		phrase.anime.tsv	1369	
水野愛	ㄕㄨㄟˇ ㄧㄝˇ ㄞˋ	動漫	1	15	absent			-7.354194117						水也愛	水野愛	水/也/愛	水野愛	True	True	1		phrase.anime.tsv	1370	
水野茜	ㄕㄨㄟˇ ㄧㄝˇ ㄑㄧㄢˋ	動漫	1	15	absent			-7.354194117						水也欠	水野茜	水/也/欠	水野茜	True	True	1		phrase.anime.tsv	1371	
水鏡凍季也	ㄕㄨㄟˇ ㄐㄧㄥˋ ㄉㄨㄥˋ ㄐㄧˋ ㄧㄝˇ	動漫	1	10	absent			-7.354194117						水境動計也	水鏡凍季也	水/境/動/計/也	水鏡凍季也	True	True	1		phrase.anime.tsv	1372	
永瀨嵐	ㄩㄥˇ ㄌㄞˋ ㄌㄢˊ	動漫	1	11	absent			-7.354194117						永來蘭	永瀨嵐	永/來/蘭	永瀨嵐	True	True	1		phrase.anime.tsv	1374	
江戶川亂步	ㄐㄧㄤ ㄏㄨˋ ㄔㄨㄢ ㄌㄨㄢˋ ㄅㄨˋ	動漫	1	11	0			-7.354194117						江戶川亂不	江戶川亂步	江戶川/亂/不	江戶川亂步	True	True	1		phrase.anime.tsv	1376	
江頭美嘉	ㄐㄧㄤ ㄊㄡˊ ㄇㄟˇ ㄐㄧㄚ	動漫	1	14	absent			-7.354194117						將頭美家	江頭美嘉	將/頭/美/家	江頭美嘉	True	True	1		phrase.anime.tsv	1378	
池澤佳主馬	ㄔˊ ㄗㄜˊ ㄐㄧㄚ ㄓㄨˇ ㄇㄚˇ	動漫	1	13	absent			-7.354194117						持則家主馬	池澤佳主馬	持/則/家/主/馬	池澤佳主馬	True	True	1		phrase.anime.tsv	1379	
沉浸式教學	ㄔㄣˊ ㄐㄧㄣˋ ㄕˋ ㄐㄧㄠ ㄒㄩㄝˊ	教育	1	3	absent			-7.354194117						沉浸是教學	沉浸式教學	沉浸/是/教學	沉浸式教學	True	True	1		phrase.education.tsv	69	
沖田總司	ㄔㄨㄥ ㄊㄧㄢˊ ㄗㄨㄥˇ ㄙ	動漫	1	11	absent			-7.354194117						充填總司	沖田總司	充填/總/司	沖田總司	True	True	1		phrase.anime.tsv	1382	
沖田總悟	ㄔㄨㄥ ㄊㄧㄢˊ ㄗㄨㄥˇ ㄨˋ	動漫	1	14	absent			-7.354194117		充填/總務	4.664885258	充填/總務	4.664885258	充填總務	沖田總悟	充填/總務	沖田總悟	True	True	1		phrase.anime.tsv	1383	
沙織巴吉納	ㄕㄚ ㄓ ㄅㄚ ㄐㄧˊ ㄋㄚˋ	動漫	1	13	absent			-7.354194117						沙之八及那	沙織巴吉納	沙/之/八/及/那	沙織巴吉納	True	True	1		phrase.anime.tsv	1384	
河了貂	ㄏㄜˊ ㄌㄜ˙ ㄉㄧㄠ	動漫	1	16	absent			-7.354194117						和了雕	河了貂	和/了/雕	河了貂	True	True	1		phrase.anime.tsv	1385	
河內恭介	ㄏㄜˊ ㄋㄟˋ ㄍㄨㄥ ㄐㄧㄝˋ	動漫	1	14	absent			-7.354194117						盒內公界	河內恭介	盒內/公/界	河內恭介	True	True	1		phrase.anime.tsv	1386	
河螢多朗	ㄏㄜˊ ㄧㄥˊ ㄉㄨㄛ ㄌㄤˇ	動漫	1	18	absent			-7.354194117						和營多朗	河螢多朗	和/營/多/朗	河螢多朗	True	True	1		phrase.anime.tsv	1388	
油電車	ㄧㄡˊ ㄉㄧㄢˋ ㄔㄜ	一般	1	18	absent			-7.354194117						由電車	油電車	由/電車	油電車	True	True	1		phrase.general.tsv	83	
泉光子郎	ㄑㄩㄢˊ ㄍㄨㄤ ㄗˇ ㄌㄤˊ	動漫	1	15	absent			-7.354194117						全光子郎	泉光子郎	全/光子/郎	泉光子郎	True	True	1		phrase.anime.tsv	1389	
泉孝介	ㄑㄩㄢˊ ㄒㄧㄠˋ ㄐㄧㄝˋ	動漫	1	9	absent			-7.354194117						全校界	泉孝介	全校/界	泉孝介	True	True	1		phrase.anime.tsv	1390	
泉此方	ㄑㄩㄢˊ ㄘˇ ㄈㄤ	動漫	1	20	absent			-7.354194117						全此方	泉此方	全/此/方	泉此方	True	True	1		phrase.anime.tsv	1392	
泉鏡花	ㄑㄩㄢˊ ㄐㄧㄥˋ ㄏㄨㄚ	動漫	1	10	absent			-7.354194117						全境花	泉鏡花	全/境/花	泉鏡花	True	True	1		phrase.anime.tsv	1393	
波函數	ㄅㄛ ㄏㄢˊ ㄕㄨˋ	科學	1	12	absent			-7.354194117						撥函數	波函數	撥/函數	波函數	True	True	1		phrase.science.tsv	41	
波印廷向量	ㄅㄛ ㄧㄣˋ ㄊㄧㄥˊ ㄒㄧㄤˋ ㄌㄧㄤˋ	科學	1	5	absent			-7.354194117						撥印廷向量	波印廷向量	撥/印/廷/向量	波印廷向量	True	True	1		phrase.science.tsv	44	
波奇塔	ㄅㄛ ㄑㄧˊ ㄊㄚˇ	動漫	1	12	absent			-7.354194117						撥其塔	波奇塔	撥/其/塔	波奇塔	True	True	1		phrase.anime.tsv	1398	
波妞	ㄅㄛ ㄋㄧㄡ	動漫	1	25	absent			-7.354194117						撥妞	波妞	撥/妞	波妞	True	True	1		phrase.anime.tsv	1399	
波德萊爾	ㄅㄛ ㄉㄜˊ ㄌㄞˊ ㄦˇ	動漫	1	15	absent			-7.354194117						撥得來爾	波德萊爾	撥/得/來/爾	波德萊爾	True	True	1		phrase.anime.tsv	1400	
泰斯塔羅莎	ㄊㄞˋ ㄙ ㄊㄚˇ ㄌㄨㄛˊ ㄕㄚ	動漫	1	14	absent			-7.354194117						太司塔羅殺	泰斯塔羅莎	太/司/塔/羅/殺	泰斯塔羅莎	True	True	1		phrase.anime.tsv	1402	
洛伊德佛傑	ㄌㄨㄛˋ ㄧ ㄉㄜˊ ㄈㄛˊ ㄐㄧㄝˊ	動漫	1	24	absent			-7.354194117						洛一得佛結	洛伊德佛傑	洛/一/得/佛/結	洛伊德佛傑	True	True	1		phrase.anime.tsv	1404	
洛克昂	ㄌㄨㄛˋ ㄎㄜˋ ㄤˊ	動漫	1	17	absent			-7.354194117						洛客昂	洛克昂	洛/客/昂	洛克昂	True	True	1		phrase.anime.tsv	1405	
洛氏硬度	ㄌㄨㄛˋ ㄕˋ ㄧㄥˋ ㄉㄨˋ	材料化工	1	11	absent			-7.354194117						洛適應度	洛氏硬度	洛/適應/度	洛氏硬度	True	True	1		phrase.materials-chemistry.tsv	53	
洛琪希	ㄌㄨㄛˋ ㄑㄧˊ ㄒㄧ	動漫	1	19	absent			-7.354194117						洛其西	洛琪希	洛/其/西	洛琪希	True	True	1		phrase.anime.tsv	1408	
洛蒂楊森	ㄌㄨㄛˋ ㄉㄧˋ ㄧㄤˊ ㄙㄣ	動漫	1	16	absent			-7.354194117						落地陽森	洛蒂楊森	落地/陽/森	洛蒂楊森	True	True	1		phrase.anime.tsv	1409	
津島善子	ㄐㄧㄣ ㄉㄠˇ ㄕㄢˋ ㄗ˙	動漫	1	10	absent			-7.354194117						今導扇子	津島善子	今/導/扇子	津島善子	True	True	1		phrase.anime.tsv	1410	
津田隆利	ㄐㄧㄣ ㄊㄧㄢˊ ㄌㄨㄥˊ ㄌㄧˋ	動漫	1	18	absent			-7.354194117						今田龍力	津田隆利	今/田/龍/力	津田隆利	True	True	1		phrase.anime.tsv	1411	
活字本	ㄏㄨㄛˊ ㄗˋ ㄅㄣˇ	中文	1	11	absent			-7.354194117						活自本	活字本	活/自/本	活字本	True	True	1		phrase.chinese.tsv	91	
流川楓	ㄌㄧㄡˊ ㄔㄨㄢ ㄈㄥ	動漫	1	22	absent			-7.354194117						留穿風	流川楓	留/穿/風	流川楓	True	True	1		phrase.anime.tsv	1414	
流式細胞儀	ㄌㄧㄡˊ ㄕˋ ㄒㄧˋ ㄅㄠ ㄧˊ	生技藥學	1	5	absent			-7.354194117						留是細胞一	流式細胞儀	留/是/細胞/一	流式細胞儀	True	True	1		phrase.biotech-pharma.tsv	54	
流體化床	ㄌㄧㄡˊ ㄊㄧˇ ㄏㄨㄚˋ ㄔㄨㄤˊ	材料化工	1	2	absent			-7.354194117						留體化床	流體化床	留/體/化/床	流體化床	True	True	1		phrase.materials-chemistry.tsv	55	
浦飯幽助	ㄆㄨˇ ㄈㄢˋ ㄧㄡ ㄓㄨˋ	動漫	1	21	absent			-7.354194117						普範優助	浦飯幽助	普/範/優/助	浦飯幽助	True	True	1		phrase.anime.tsv	1415	
海因里	ㄏㄞˇ ㄧㄣ ㄌㄧˇ	動漫	1	15	absent			-7.354194117						海因理	海因里	海/因/理	海因里	True	True	1		phrase.anime.tsv	1416	
海坊主	ㄏㄞˇ ㄈㄤ ㄓㄨˇ	動漫	1	14	absent			-7.354194117						海方主	海坊主	海/方/主	海坊主	True	True	1		phrase.anime.tsv	1417	
海森堡	ㄏㄞˇ ㄙㄣ ㄅㄠˇ	科學	1	11	absent			-7.354194117						海森保	海森堡	海/森/保	海森堡	True	True	1		phrase.science.tsv	45	
海藤瞬	ㄏㄞˇ ㄊㄥˊ ㄕㄨㄣˋ	動漫	1	17	absent			-7.354194117						海騰順	海藤瞬	海/騰/順	海藤瞬	True	True	1		phrase.anime.tsv	1420	
海馬瀨人	ㄏㄞˇ ㄇㄚˇ ㄌㄞˋ ㄖㄣˊ	動漫	1	17	absent			-7.354194117						海馬來人	海馬瀨人	海馬/來/人	海馬瀨人	True	True	1		phrase.anime.tsv	1423	
液液平衡	ㄧㄝˋ ㄧㄝˋ ㄆㄧㄥˊ ㄏㄥˊ	材料化工	1	11	absent			-7.354194117		夜夜/平衡	3.064738952	夜夜/平衡	3.064738952	業業平衡	液液平衡	業/業/平衡	液液平衡	True	True	1		phrase.materials-chemistry.tsv	57	
液滲檢測	ㄧㄝˋ ㄕㄣˋ ㄐㄧㄢˇ ㄘㄜˋ	製造機械	1	11	absent			-7.354194117						業甚檢測	液滲檢測	業/甚/檢測	液滲檢測	True	True	1		phrase.manufacturing.tsv	75	
液相層析	ㄧㄝˋ ㄒㄧㄤ ㄘㄥˊ ㄒㄧ	生技藥學	1	12	absent			-7.354194117						業相層析	液相層析	業/相/層/析	液相層析	True	True	1		phrase.biotech-pharma.tsv	55	
涼宮春日	ㄌㄧㄤˊ ㄍㄨㄥ ㄔㄨㄣ ㄖˋ	動漫	1	26	absent			-7.354194117						涼公春日	涼宮春日	涼/公/春日	涼宮春日	True	True	1		phrase.anime.tsv	1424	
涼風青葉	ㄌㄧㄤˊ ㄈㄥ ㄑㄧㄥ ㄧㄝˋ	動漫	1	18	absent			-7.354194117		涼風/青葉	5.429914831	涼風/青葉	5.429914831	涼風清業	涼風青葉	涼風/清/業	涼風青葉	True	True	1		phrase.anime.tsv	1425	
淞滬會戰	ㄙㄨㄥ ㄏㄨˋ ㄏㄨㄟˋ ㄓㄢˋ	歷史	1	9	absent			-7.354194117						鬆互惠戰	淞滬會戰	鬆/互惠/戰	淞滬會戰	True	True	1		phrase.history.tsv	107	
淨零排放	ㄐㄧㄥˋ ㄌㄧㄥˊ ㄆㄞˊ ㄈㄤˋ	一般	1	18	absent			-7.354194117						竟靈排放	淨零排放	竟/靈/排放	淨零排放	True	True	1		phrase.general.tsv	85	
淨零路徑	ㄐㄧㄥˋ ㄌㄧㄥˊ ㄌㄨˋ ㄐㄧㄥˋ	環境能源	1	10	absent			-7.354194117						竟靈路徑	淨零路徑	竟/靈/路徑	淨零路徑	True	True	1		phrase.energy-environment.tsv	75	
深澄真	ㄕㄣ ㄔㄥˊ ㄓㄣ	動漫	1	17	absent			-7.354194117						深成真	深澄真	深/成真	深澄真	True	True	1		phrase.anime.tsv	1429	
混凝土構造	ㄏㄨㄣˇ ㄋㄧㄥˊ ㄊㄨˇ ㄍㄡˋ ㄗㄠˋ	建築土木	1	2	absent			-7.354194117						混寧土構造	混凝土構造	混/寧/土/構造	混凝土構造	True	True	1		phrase.civil-engineering.tsv	156	
淺右	ㄑㄧㄢˇ ㄧㄡˋ	動漫	1	17	absent			-7.354194117						淺又	淺右	淺/又	淺右	True	True	1		phrase.anime.tsv	1430	
清峰葉流火	ㄑㄧㄥ ㄈㄥ ㄧㄝˋ ㄌㄧㄡˊ ㄏㄨㄛˇ	動漫	1	18	absent			-7.354194117						清風業流火	清峰葉流火	清風/業/流火	清峰葉流火	True	True	1		phrase.anime.tsv	1432	
清水薰	ㄑㄧㄥ ㄕㄨㄟˇ ㄒㄩㄣ	動漫	1	14	absent			-7.354194117						清水勳	清水薰	清水/勳	清水薰	True	True	1		phrase.anime.tsv	1434	
清治臺灣	ㄑㄧㄥ ㄓˋ ㄊㄞˊ ㄨㄢ	歷史	1	12	absent			-7.354194117						清治台灣	清治臺灣	清/治/台灣	清治臺灣	True	True	1		phrase.history.tsv	110	
清瀧桂香	ㄑㄧㄥ ㄌㄨㄥˊ ㄍㄨㄟˋ ㄒㄧㄤ	動漫	1	10	absent			-7.354194117						青龍會相	清瀧桂香	青龍/會/相	清瀧桂香	True	True	1		phrase.anime.tsv	1435	
清瀨灰二	ㄑㄧㄥ ㄌㄞˋ ㄏㄨㄟ ㄦˋ	動漫	1	15	absent			-7.354194117						青睞揮二	清瀨灰二	青睞/揮/二	清瀨灰二	True	True	1		phrase.anime.tsv	1436	
渚薰	ㄓㄨˇ ㄒㄩㄣ	動漫	1	14	absent			-7.354194117						主勳	渚薰	主/勳	渚薰	True	True	1		phrase.anime.tsv	1437	
渡久地東亞	ㄉㄨˋ ㄐㄧㄡˇ ㄉㄧˋ ㄉㄨㄥ ㄧㄚˇ	動漫	1	18	absent			-7.354194117						度九的東亞	渡久地東亞	度/九/的/東亞	渡久地東亞	True	True	1		phrase.anime.tsv	1438	
渡亮太	ㄉㄨˋ ㄌㄧㄤˋ ㄊㄞˋ	動漫	1	15	absent			-7.354194117						度量太	渡亮太	度量/太	渡亮太	True	True	1		phrase.anime.tsv	1439	
渡臺禁令	ㄉㄨˋ ㄊㄞˊ ㄐㄧㄣˋ ㄌㄧㄥˋ	歷史	1	11	absent			-7.354194117						度台禁令	渡臺禁令	度/台/禁令	渡臺禁令	True	True	1		phrase.history.tsv	111	
渡邊曜	ㄉㄨˋ ㄅㄧㄢ ㄧㄠˋ	動漫	1	12	absent			-7.354194117						度邊要	渡邊曜	度/邊/要	渡邊曜	True	True	1		phrase.anime.tsv	1440	
渡邊瑠果	ㄉㄨˋ ㄅㄧㄢ ㄌㄧㄡˊ ㄍㄨㄛˇ	動漫	1	14	absent			-7.354194117						度邊留果	渡邊瑠果	度/邊/留/果	渡邊瑠果	True	True	1		phrase.anime.tsv	1441	
湊友希那	ㄘㄡˋ ㄧㄡˇ ㄒㄧ ㄋㄚˋ	動漫	1	10	absent			-7.354194117						湊有吸納	湊友希那	湊/有/吸納	湊友希那	True	True	1		phrase.anime.tsv	1443	
源極跟隨器	ㄩㄢˊ ㄐㄧˊ ㄍㄣ ㄙㄨㄟˊ ㄑㄧˋ	電子電機	1	5	absent			-7.354194117						原及跟隨器	源極跟隨器	原/及/跟隨/器	源極跟隨器	True	True	1		phrase.electronics.tsv	134	
溫帕雷特	ㄨㄣ ㄆㄚˋ ㄌㄟˊ ㄊㄜˋ	動漫	1	17	absent			-7.354194117						溫怕雷特	溫帕雷特	溫/怕/雷/特	溫帕雷特	True	True	1		phrase.anime.tsv	1449	
溫水和彥	ㄨㄣ ㄕㄨㄟˇ ㄏㄜˊ ㄧㄢˋ	動漫	1	20	absent			-7.354194117		溫水/何晏	5.67295288	溫水/何晏	5.67295288	溫水和驗	溫水和彥	溫/水/和/驗	溫水和彥	True	True	1		phrase.anime.tsv	1450	
溫蒂瑪貝爾	ㄨㄣ ㄉㄧˋ ㄇㄚˇ ㄅㄟˋ ㄦˇ	動漫	1	11	absent			-7.354194117						溫的馬貝爾	溫蒂瑪貝爾	溫/的/馬/貝爾	溫蒂瑪貝爾	True	True	1		phrase.anime.tsv	1452	
滾珠螺桿	ㄍㄨㄣˇ ㄓㄨ ㄌㄨㄛˊ ㄍㄢˇ	製造機械	1	9	absent			-7.354194117						滾珠螺感	滾珠螺桿	滾珠/螺/感	滾珠螺桿	True	True	1		phrase.manufacturing.tsv	79	
滿艦飾真子	ㄇㄢˇ ㄐㄧㄢˋ ㄕˋ ㄓㄣ ㄗ˙	動漫	1	15	absent			-7.354194117						滿建是真子	滿艦飾真子	滿/建/是/真/子	滿艦飾真子	True	True	1		phrase.anime.tsv	1453	
漢吉佐耶	ㄏㄢˋ ㄐㄧˊ ㄗㄨㄛˇ ㄧㄝ	動漫	1	13	absent			-7.354194117						漢極左耶	漢吉佐耶	漢/極左/耶	漢吉佐耶	True	True	1		phrase.anime.tsv	1454	
漣波電壓	ㄌㄧㄢˊ ㄅㄛ ㄉㄧㄢˋ ㄧㄚ	電子電機	1	9	absent			-7.354194117		聯播/電壓	4.306529923	聯播/電壓	4.306529923	連撥電壓	漣波電壓	連/撥/電壓	漣波電壓	True	True	1		phrase.electronics.tsv	135	
漩渦鳴人	ㄒㄩㄢˊ ㄨㄛ ㄇㄧㄥˊ ㄖㄣˊ	動漫	1	25	absent			-7.354194117		漩渦/名人	3.12605051	漩渦/名人	3.12605051	漩渦名人	漩渦鳴人	漩渦/名人	漩渦鳴人	True	True	1		phrase.anime.tsv	1455	
潘希魯貢	ㄆㄢ ㄒㄧ ㄌㄨˇ ㄍㄨㄥˋ	動漫	1	17	absent			-7.354194117						潘西魯共	潘希魯貢	潘/西/魯/共	潘希魯貢	True	True	1		phrase.anime.tsv	1458	
潘德拉剛	ㄆㄢ ㄉㄜˊ ㄌㄚ ㄍㄤ	動漫	1	21	absent			-7.354194117						潘得拉岡	潘德拉剛	潘/得/拉岡	潘德拉剛	True	True	1		phrase.anime.tsv	1459	
潘朵拉之心	ㄆㄢ ㄉㄨㄛˇ ㄌㄚ ㄓ ㄒㄧㄣ	動漫	1	20	absent			-7.354194117						潘躲拉之心	潘朵拉之心	潘/躲/拉/之/心	潘朵拉之心	True	True	1		phrase.anime.tsv	1460	
潮田渚	ㄔㄠˊ ㄊㄧㄢˊ ㄓㄨˇ	動漫	1	19	absent			-7.354194117						潮田主	潮田渚	潮/田/主	潮田渚	True	True	1		phrase.anime.tsv	1461	
澀谷凜	ㄙㄜˋ ㄍㄨˇ ㄌㄧㄣˇ	動漫	1	15	absent			-7.354194117						色古凜	澀谷凜	色/古/凜	澀谷凜	True	True	1		phrase.anime.tsv	1462	
澤村大地	ㄗㄜˊ ㄘㄨㄣ ㄉㄚˋ ㄉㄧˋ	動漫	1	18	absent			-7.354194117						則村大地	澤村大地	則/村/大地	澤村大地	True	True	1		phrase.anime.tsv	1463	
澤村榮純	ㄗㄜˊ ㄘㄨㄣ ㄖㄨㄥˊ ㄔㄨㄣˊ	動漫	1	19	absent			-7.354194117						則村容純	澤村榮純	則/村/容/純	澤村榮純	True	True	1		phrase.anime.tsv	1464	
澤渡真琴	ㄗㄜˊ ㄉㄨˋ ㄓㄣ ㄑㄧㄣˊ	動漫	1	11	absent			-7.354194117						則度珍禽	澤渡真琴	則/度/珍禽	澤渡真琴	True	True	1		phrase.anime.tsv	1465	
澤田綱吉	ㄗㄜˊ ㄊㄧㄢˊ ㄍㄤ ㄐㄧˊ	動漫	1	20	absent			-7.354194117						則田剛及	澤田綱吉	則/田/剛/及	澤田綱吉	True	True	1		phrase.anime.tsv	1466	
澤近愛理	ㄗㄜˊ ㄐㄧㄣˋ ㄞˋ ㄌㄧˇ	動漫	1	14	absent			-7.354194117						則進愛理	澤近愛理	則/進/愛/理	澤近愛理	True	True	1		phrase.anime.tsv	1468	
澤部椿	ㄗㄜˊ ㄅㄨˋ ㄔㄨㄣ	動漫	1	17	absent			-7.354194117						則不春	澤部椿	則/不/春	澤部椿	True	True	1		phrase.anime.tsv	1469	
濕式洗滌塔	ㄕ ㄕˋ ㄒㄧˇ ㄉㄧˊ ㄊㄚˇ	環境能源	1	4	absent			-7.354194117						失是洗滌塔	濕式洗滌塔	失/是/洗滌/塔	濕式洗滌塔	True	True	1		phrase.energy-environment.tsv	81	
濱岡梓	ㄅㄧㄣ ㄍㄤ ㄗˇ	動漫	1	12	absent			-7.354194117						濱剛子	濱岡梓	濱/剛/子	濱岡梓	True	True	1		phrase.anime.tsv	1470	
瀧本日富美	ㄌㄨㄥˊ ㄅㄣˇ ㄖˋ ㄈㄨˋ ㄇㄟˇ	動漫	1	12	absent			-7.354194117						龍本日負美	瀧本日富美	龍/本/日/負/美	瀧本日富美	True	True	1		phrase.anime.tsv	1471	
瀨尾結月	ㄌㄞˋ ㄨㄟˇ ㄐㄧㄝˊ ㄩㄝˋ	動漫	1	14	absent			-7.354194117						來委結月	瀨尾結月	來/委/結/月	瀨尾結月	True	True	1		phrase.anime.tsv	1472	
瀨川音符	ㄌㄞˋ ㄔㄨㄢ ㄧㄣ ㄈㄨˊ	動漫	1	13	absent			-7.354194117						來穿音符	瀨川音符	來/穿/音符	瀨川音符	True	True	1		phrase.anime.tsv	1473	
火星騎士	ㄏㄨㄛˇ ㄒㄧㄥ ㄑㄧˊ ㄕˋ	動漫	1	11	absent			-7.354194117		火星/歧視	2.725805187	火星/歧視	2.725805187	火星期是	火星騎士	火/星期/是	火星騎士	True	True	1		phrase.anime.tsv	1477	
火野麗	ㄏㄨㄛˇ ㄧㄝˇ ㄌㄧˋ	動漫	1	17	absent			-7.354194117						火也力	火野麗	火/也/力	火野麗	True	True	1		phrase.anime.tsv	1480	
灰原哀	ㄏㄨㄟ ㄩㄢˊ ㄞ	動漫	1	15	absent			-7.354194117						灰員哀	灰原哀	灰/員/哀	灰原哀	True	True	1		phrase.anime.tsv	1482	
灼眼的夏娜	ㄓㄨㄛˊ ㄧㄢˇ ㄉㄜ˙ ㄒㄧㄚˋ ㄋㄚˋ	動漫	1	23	absent			-7.354194117						著眼的下那	灼眼的夏娜	著眼/的/下/那	灼眼的夏娜	True	True	1		phrase.anime.tsv	1486	
烈海王	ㄌㄧㄝˋ ㄏㄞˇ ㄨㄤˊ	動漫	1	13	absent			-7.354194117						列海王	烈海王	列/海王	烈海王	True	True	1		phrase.anime.tsv	1490	
烈火之炎	ㄌㄧㄝˋ ㄏㄨㄛˇ ㄓ ㄧㄢˊ	動漫	1	19	absent			-7.354194117		烈火/知言	5.922830353	烈火/知言	5.922830353	烈火之研	烈火之炎	烈火/之/研	烈火之炎	True	True	1		phrase.anime.tsv	1491	
烏間惟臣	ㄨ ㄐㄧㄢ ㄨㄟˊ ㄔㄣˊ	動漫	1	13	absent			-7.354194117						屋間為陳	烏間惟臣	屋/間/為/陳	烏間惟臣	True	True	1		phrase.anime.tsv	1494	
無職轉生	ㄨˊ ㄓˊ ㄓㄨㄢˇ ㄕㄥ	動漫	1	24	absent			-7.354194117						無直轉生	無職轉生	無/直轉/生	無職轉生	True	True	1		phrase.anime.tsv	1499	
無臉男	ㄨˊ ㄌㄧㄢˇ ㄋㄢˊ	動漫	1	15	absent			-7.354194117						無臉南	無臉男	無/臉/南	無臉男	True	True	1		phrase.anime.tsv	1500	
無陀野無人	ㄨˊ ㄊㄨㄛˊ ㄧㄝˇ ㄨˊ ㄖㄣˊ	動漫	1	15	absent			-7.354194117						無它也無人	無陀野無人	無/它/也/無人	無陀野無人	True	True	1		phrase.anime.tsv	1501	
煉獄杏壽郎	ㄌㄧㄢˋ ㄩˋ ㄒㄧㄥˋ ㄕㄡˋ ㄌㄤˊ	動漫	1	12	absent			-7.354194117						煉獄性受郎	煉獄杏壽郎	煉獄/性/受/郎	煉獄杏壽郎	True	True	1		phrase.anime.tsv	1503	
煌大和	ㄏㄨㄤˊ ㄉㄚˋ ㄏㄜˊ	動漫	1	22	absent			-7.354194117						黃大和	煌大和	黃/大/和	煌大和	True	True	1		phrase.anime.tsv	1504	
熱性質	ㄖㄜˋ ㄒㄧㄥˋ ㄓˋ	材料化工	1	14	absent			-7.354194117						熱興致	熱性質	熱/興致	熱性質	True	True	1		phrase.materials-chemistry.tsv	63	
燃堂力	ㄖㄢˊ ㄊㄤˊ ㄌㄧˋ	動漫	1	19	absent			-7.354194117						然堂力	燃堂力	然/堂/力	燃堂力	True	True	1		phrase.anime.tsv	1506	
燒鹽檸檬	ㄕㄠ ㄧㄢˊ ㄋㄧㄥˊ ㄇㄥˊ	動漫	1	15	absent			-7.354194117						燒研檸檬	燒鹽檸檬	燒/研/檸檬	燒鹽檸檬	True	True	1		phrase.anime.tsv	1509	
燻製	ㄒㄩㄣ ㄓˋ	農業食品	1	11	absent			-7.354194117						勳至	燻製	勳/至	燻製	True	True	1		phrase.agriculture-food.tsv	31	
爆豪勝己	ㄅㄠˋ ㄏㄠˊ ㄕㄥˋ ㄐㄧˇ	動漫	1	21	absent			-7.354194117						報豪聖己	爆豪勝己	報/豪/聖/己	爆豪勝己	True	True	1		phrase.anime.tsv	1511	
爾薩特	ㄦˇ ㄙㄚˋ ㄊㄜˋ	動漫	1	13	absent			-7.354194117						爾卅特	爾薩特	爾/卅/特	爾薩特	True	True	1		phrase.anime.tsv	1514	
片居誠	ㄆㄧㄢˋ ㄐㄩ ㄔㄥˊ	動漫	1	12	absent			-7.354194117						片居成	片居誠	片/居/成	片居誠	True	True	1		phrase.anime.tsv	1515	
牛込里美	ㄋㄧㄡˊ ㄖㄨˋ ㄌㄧˇ ㄇㄟˇ	動漫	1	15	absent			-7.354194117						牛入理美	牛込里美	牛/入/理/美	牛込里美	True	True	1		phrase.anime.tsv	1516	
牧之原翔子	ㄇㄨˋ ㄓ ㄩㄢˊ ㄒㄧㄤˊ ㄗ˙	動漫	1	10	absent			-7.354194117						木支援祥子	牧之原翔子	木/支援/祥/子	牧之原翔子	True	True	1		phrase.anime.tsv	1517	
牧村美樹	ㄇㄨˋ ㄘㄨㄣ ㄇㄟˇ ㄕㄨˋ	動漫	1	14	absent			-7.354194117		木村/美術	2.928659897	木村/美術	2.928659897	木村美術	牧村美樹	木村/美術	牧村美樹	True	True	1		phrase.anime.tsv	1518	
牧村美樹男	ㄇㄨˋ ㄘㄨㄣ ㄇㄟˇ ㄕㄨˋ ㄋㄢˊ	動漫	1	12	absent			-7.354194117						木村美術南	牧村美樹男	木村/美術/南	牧村美樹男	True	True	1		phrase.anime.tsv	1519	
牧真人	ㄇㄨˋ ㄓㄣ ㄖㄣˊ	動漫	1	20	absent			-7.354194117						木真人	牧真人	木/真/人	牧真人	True	True	1		phrase.anime.tsv	1520	
牧野神奈	ㄇㄨˋ ㄧㄝˇ ㄕㄣˊ ㄋㄞˋ	動漫	1	12	absent			-7.354194117						木也什耐	牧野神奈	木/也/什/耐	牧野神奈	True	True	1		phrase.anime.tsv	1521	
物權行為	ㄨˋ ㄑㄩㄢˊ ㄒㄧㄥˊ ㄨㄟˊ	法律	1	13	absent			-7.354194117						勿全行為	物權行為	勿/全/行為	物權行為	True	True	1		phrase.law.tsv	121	
物權請求權	ㄨˋ ㄑㄩㄢˊ ㄑㄧㄥˇ ㄑㄧㄡˊ ㄑㄩㄢˊ	法律	1	6	absent			-7.354194117						勿全請求權	物權請求權	勿/全/請求權	物權請求權	True	True	1		phrase.law.tsv	122	
物語系列	ㄨˋ ㄩˇ ㄒㄧˋ ㄌㄧㄝˋ	動漫	1	23	absent			-7.354194117		物語/系列	2.75704763	物語/系列	2.75704763	勿與系列	物語系列	勿/與/系列	物語系列	True	True	1		phrase.anime.tsv	1522	
特南克斯	ㄊㄜˋ ㄋㄢˊ ㄎㄜˋ ㄙ	動漫	1	10	absent			-7.354194117						特南客司	特南克斯	特/南/客/司	特南克斯	True	True	1		phrase.anime.tsv	1523	
特洛瓦巴頓	ㄊㄜˋ ㄌㄨㄛˋ ㄨㄚˇ ㄅㄚ ㄉㄨㄣˋ	動漫	1	14	absent			-7.354194117						特落瓦八噸	特洛瓦巴頓	特/落/瓦/八噸	特洛瓦巴頓	True	True	1		phrase.anime.tsv	1524	
特洛耶特	ㄊㄜˋ ㄌㄨㄛˋ ㄧㄝ ㄊㄜˋ	動漫	1	15	absent			-7.354194117						特落耶特	特洛耶特	特/落/耶/特	特洛耶特	True	True	1		phrase.anime.tsv	1525	
特級廚師	ㄊㄜˋ ㄐㄧˊ ㄔㄨˊ ㄕ	動漫	1	13	absent			-7.354194117		特輯/廚師	3.927682856	特輯/廚師	3.927682856	特及廚師	特級廚師	特/及/廚師	特級廚師	True	True	1		phrase.anime.tsv	1526	
特萊希	ㄊㄜˋ ㄌㄞˊ ㄒㄧ	動漫	1	14	absent			-7.354194117						特來西	特萊希	特/來/西	特萊希	True	True	1		phrase.anime.tsv	1527	
犬夜叉	ㄑㄩㄢˇ ㄧㄝˋ ㄔㄚ	動漫	1	25	absent			-7.354194117						圈業差	犬夜叉	圈/業/差	犬夜叉	True	True	1		phrase.anime.tsv	1528	
犬山葵	ㄑㄩㄢˇ ㄕㄢ ㄎㄨㄟˊ	動漫	1	15	absent			-7.354194117						圈山葵	犬山葵	圈/山葵	犬山葵	True	True	1		phrase.anime.tsv	1529	
狡嚙慎也	ㄐㄧㄠˇ ㄋㄧㄝˋ ㄕㄣˋ ㄧㄝˇ	動漫	1	19	absent			-7.354194117						腳業甚也	狡嚙慎也	腳/業/甚/也	狡嚙慎也	True	True	1		phrase.anime.tsv	1533	
狩房淡幽	ㄕㄡˋ ㄈㄤˊ ㄉㄢˋ ㄧㄡ	動漫	1	15	absent			-7.354194117						受防彈優	狩房淡幽	受/防彈/優	狩房淡幽	True	True	1		phrase.anime.tsv	1534	
狼少女	ㄌㄤˊ ㄕㄠˋ ㄋㄩˇ	動漫	1	19	absent			-7.354194117						郎少女	狼少女	郎/少女	狼少女	True	True	1		phrase.anime.tsv	1535	
狼的孩子	ㄌㄤˊ ㄉㄜ˙ ㄏㄞˊ ㄗ˙	動漫	1	12	absent			-7.354194117						郎的孩子	狼的孩子	郎/的/孩子	狼的孩子	True	True	1		phrase.anime.tsv	1536	
狼與辛香料	ㄌㄤˊ ㄩˇ ㄒㄧㄣ ㄒㄧㄤ ㄌㄧㄠˋ	動漫	1	23	absent			-7.354194117						郎與新香料	狼與辛香料	郎/與/新/香料	狼與辛香料	True	True	1		phrase.anime.tsv	1537	
狼谷隼	ㄌㄤˊ ㄍㄨˇ ㄓㄨㄣˇ	動漫	1	13	absent			-7.354194117						郎古準	狼谷隼	郎/古/準	狼谷隼	True	True	1		phrase.anime.tsv	1538	
狼谷鷹	ㄌㄤˊ ㄍㄨˇ ㄧㄥ	動漫	1	11	absent			-7.354194117						郎古應	狼谷鷹	郎/古/應	狼谷鷹	True	True	1		phrase.anime.tsv	1539	
獄寺隼人	ㄩˋ ㄙˋ ㄓㄨㄣˇ ㄖㄣˊ	動漫	1	15	absent			-7.354194117						育四準人	獄寺隼人	育/四/準/人	獄寺隼人	True	True	1		phrase.anime.tsv	1540	
獅堂光	ㄕ ㄊㄤˊ ㄍㄨㄤ	動漫	1	17	absent			-7.354194117						失堂光	獅堂光	失/堂/光	獅堂光	True	True	1		phrase.anime.tsv	1541	
獻出心臟	ㄒㄧㄢˋ ㄔㄨ ㄒㄧㄣ ㄗㄤˋ	動漫	1	16	absent			-7.354194117		現出/心臟	1.918298811	現出/心臟	1.918298811	現出心臟	獻出心臟	現出/心臟	獻出心臟	True	True	1		phrase.anime.tsv	1546	
玉子市場	ㄩˋ ㄗ˙ ㄕˋ ㄔㄤˇ	動漫	1	20	absent			-7.354194117						育子市場	玉子市場	育/子/市場	玉子市場	True	True	1		phrase.anime.tsv	1547	
玉木真理	ㄩˋ ㄇㄨˋ ㄓㄣ ㄌㄧˇ	動漫	1	20	absent			-7.354194117						育目真理	玉木真理	育/目/真理	玉木真理	True	True	1		phrase.anime.tsv	1548	
玉葉妃	ㄩˋ ㄧㄝˋ ㄈㄟ	動漫	1	15	absent			-7.354194117						育業非	玉葉妃	育/業/非	玉葉妃	True	True	1		phrase.anime.tsv	1549	
玉藻京介	ㄩˋ ㄗㄠˇ ㄐㄧㄥ ㄐㄧㄝˋ	動漫	1	11	absent			-7.354194117						育早經界	玉藻京介	育/早/經/界	玉藻京介	True	True	1		phrase.anime.tsv	1550	
王宮藥劑師	ㄨㄤˊ ㄍㄨㄥ ㄧㄠˋ ㄐㄧˋ ㄕ	動漫	1	12	absent			-7.354194117		王宮/藥劑師	4.559009528	王宮/藥劑師	4.559009528	王公藥劑師	王宮藥劑師	王/公/藥劑師	王宮藥劑師	True	True	1		phrase.anime.tsv	1551	
王權者	ㄨㄤˊ ㄑㄩㄢˊ ㄓㄜˇ	動漫	1	11	absent			-7.354194117						王全者	王權者	王/全/者	王權者	True	True	1		phrase.anime.tsv	1552	
玖蘭樞	ㄐㄧㄡˇ ㄌㄢˊ ㄕㄨ	動漫	1	14	absent			-7.354194117						九蘭書	玖蘭樞	九/蘭/書	玖蘭樞	True	True	1		phrase.anime.tsv	1556	
玻璃熱性質	ㄅㄛ ㄌㄧˊ ㄖㄜˋ ㄒㄧㄥˋ ㄓˋ	材料化工	1	4	absent			-7.354194117						玻璃熱興致	玻璃熱性質	玻璃/熱/興致	玻璃熱性質	True	True	1		phrase.materials-chemistry.tsv	70	
珊璞	ㄕㄢ ㄆㄨˊ	動漫	1	15	absent			-7.354194117						山葡	珊璞	山/葡	珊璞	True	True	1		phrase.anime.tsv	1558	
理番政策	ㄌㄧˇ ㄈㄢ ㄓㄥˋ ㄘㄜˋ	歷史	1	13	absent			-7.354194117						理翻政策	理番政策	理/翻/政策	理番政策	True	True	1		phrase.history.tsv	114	
理蕃政策	ㄌㄧˇ ㄅㄛ ㄓㄥˋ ㄘㄜˋ	歷史	1	13	absent			-7.354194117						理波政策	理蕃政策	理/波/政策	理蕃政策	True	True	1		phrase.history.tsv	115	
琪歌露	ㄑㄧˊ ㄍㄜ ㄌㄨˋ	動漫	1	14	absent			-7.354194117						其歌路	琪歌露	其/歌路	琪歌露	True	True	1		phrase.anime.tsv	1565	
琴吹紬	ㄑㄧㄣˊ ㄔㄨㄟ ㄔㄡˊ	動漫	1	15	absent			-7.354194117						秦吹籌	琴吹紬	秦/吹/籌	琴吹紬	True	True	1		phrase.anime.tsv	1567	
瑟琳塔	ㄙㄜˋ ㄌㄧㄣˊ ㄊㄚˇ	動漫	1	10	absent			-7.354194117						色林塔	瑟琳塔	色/林/塔	瑟琳塔	True	True	1		phrase.anime.tsv	1569	
瑪莉妲	ㄇㄚˇ ㄌㄧˋ ㄉㄚˊ	動漫	1	11	absent			-7.354194117						瑪麗達	瑪莉妲	瑪麗/達	瑪莉妲	True	True	1		phrase.anime.tsv	1576	
瑪贊塔	ㄇㄚˇ ㄗㄢˋ ㄊㄚˇ	動漫	1	15	absent			-7.354194117						馬贊塔	瑪贊塔	馬/贊/塔	瑪贊塔	True	True	1		phrase.anime.tsv	1577	
生志摩妄	ㄕㄥ ㄓˋ ㄇㄛˊ ㄨㄤˋ	動漫	1	12	absent			-7.354194117						生致模望	生志摩妄	生/致/模/望	生志摩妄	True	True	1		phrase.anime.tsv	1581	
生成樹協定	ㄕㄥ ㄔㄥˊ ㄕㄨˋ ㄒㄧㄝˊ ㄉㄧㄥˋ	網路資安	1	3	absent			-7.354194117						生成數協定	生成樹協定	生/成/數/協定	生成樹協定	True	True	1		phrase.network-security.tsv	110	
生醫材料	ㄕㄥ ㄧ ㄘㄞˊ ㄌㄧㄠˋ	材料化工	1	13	absent			-7.354194117						生一材料	生醫材料	生/一/材料	生醫材料	True	True	1		phrase.materials-chemistry.tsv	72	
田中吉竹	ㄊㄧㄢˊ ㄓㄨㄥ ㄐㄧˊ ㄓㄨˊ	動漫	1	15	absent			-7.354194117						甜中及築	田中吉竹	甜/中/及/築	田中吉竹	True	True	1		phrase.anime.tsv	1583	
田井中律	ㄊㄧㄢˊ ㄐㄧㄥˇ ㄓㄨㄥ ㄌㄩˋ	動漫	1	17	absent			-7.354194117						甜景中率	田井中律	甜/景/中/率	田井中律	True	True	1		phrase.anime.tsv	1584	
田宮良子	ㄊㄧㄢˊ ㄍㄨㄥ ㄌㄧㄤˊ ㄗ˙	動漫	1	14	absent			-7.354194117						甜公糧子	田宮良子	甜/公糧/子	田宮良子	True	True	1		phrase.anime.tsv	1585	
田島悠一郎	ㄊㄧㄢˊ ㄉㄠˇ ㄧㄡ ㄧ ㄌㄤˊ	動漫	1	11	absent			-7.354194117						甜導優一郎	田島悠一郎	甜/導/優/一/郎	田島悠一郎	True	True	1		phrase.anime.tsv	1586	
田所惠	ㄊㄧㄢˊ ㄙㄨㄛˇ ㄏㄨㄟˋ	動漫	1	16	absent			-7.354194117						甜所會	田所惠	甜/所/會	田所惠	True	True	1		phrase.anime.tsv	1587	
田沼要	ㄊㄧㄢˊ ㄓㄠˇ ㄧㄠˋ	動漫	1	15	absent			-7.354194117						甜找要	田沼要	甜/找/要	田沼要	True	True	1		phrase.anime.tsv	1588	
田畑秀則	ㄊㄧㄢˊ ㄊㄧㄢˊ ㄒㄧㄡˋ ㄗㄜˊ	動漫	1	17	absent			-7.354194117						甜甜秀則	田畑秀則	甜甜/秀/則	田畑秀則	True	True	1		phrase.anime.tsv	1589	
由比濱結衣	ㄧㄡˊ ㄅㄧˇ ㄅㄧㄣ ㄐㄧㄝˊ ㄧ	動漫	1	15	absent			-7.354194117						由比賓結一	由比濱結衣	由/比/賓/結/一	由比濱結衣	True	True	1		phrase.anime.tsv	1590	
男公關部	ㄋㄢˊ ㄍㄨㄥ ㄍㄨㄢ ㄅㄨˋ	動漫	1	24	absent			-7.354194117						南公關不	男公關部	南/公關/不	男公關部	True	True	1		phrase.anime.tsv	1591	
界塚伊奈帆	ㄐㄧㄝˋ ㄓㄨㄥˇ ㄧ ㄋㄞˋ ㄈㄢˊ	動漫	1	17	absent			-7.354194117						借種一耐煩	界塚伊奈帆	借/種/一/耐煩	界塚伊奈帆	True	True	1		phrase.anime.tsv	1594	
畫眉丸	ㄏㄨㄚˋ ㄇㄟˊ ㄨㄢˊ	動漫	1	19	absent			-7.354194117						話沒完	畫眉丸	話/沒完	畫眉丸	True	True	1		phrase.anime.tsv	1595	
異世界之旅	ㄧˋ ㄕˋ ㄐㄧㄝˋ ㄓ ㄌㄩˇ	動漫	1	11	absent			-7.354194117						一世界之旅	異世界之旅	一/世界/之/旅	異世界之旅	True	True	1		phrase.anime.tsv	1597	
異世界藥局	ㄧˋ ㄕˋ ㄐㄧㄝˋ ㄧㄠˋ ㄐㄩˊ	動漫	1	18	absent			-7.354194117						一世界藥局	異世界藥局	一/世界/藥局	異世界藥局	True	True	1		phrase.anime.tsv	1598	
異世界食堂	ㄧˋ ㄕˋ ㄐㄧㄝˋ ㄕˊ ㄊㄤˊ	動漫	1	18	absent			-7.354194117						一世界食堂	異世界食堂	一/世界/食堂	異世界食堂	True	True	1		phrase.anime.tsv	1599	
異修羅	ㄧˋ ㄒㄧㄡ ㄌㄨㄛˊ	動漫	1	16	absent			-7.354194117						一修羅	異修羅	一/修/羅	異修羅	True	True	1		phrase.anime.tsv	1600	
異聞錄	ㄧˋ ㄨㄣˊ ㄌㄨˋ	動漫	1	22	absent			-7.354194117						藝文路	異聞錄	藝文/路	異聞錄	True	True	1		phrase.anime.tsv	1601	
當事人適格	ㄉㄤ ㄕˋ ㄖㄣˊ ㄕˋ ㄍㄜˊ	法律	1	4	absent			-7.354194117		當事人/事隔	3.706224659	當事人/事隔	3.706224659	當事人是格	當事人適格	當事人/是/格	當事人適格	True	True	1		phrase.law.tsv	127	
疊韻詞	ㄉㄧㄝˊ ㄩㄣˋ ㄘˊ	中文	1	10	absent			-7.354194117						跌運詞	疊韻詞	跌/運/詞	疊韻詞	True	True	1		phrase.chinese.tsv	98	
白井黑子	ㄅㄞˊ ㄐㄧㄥˇ ㄏㄟ ㄗˇ	動漫	1	19	absent			-7.354194117						白景黑子	白井黑子	白/景/黑子	白井黑子	True	True	1		phrase.anime.tsv	1605	
白咲花	ㄅㄞˊ ㄒㄧㄠˋ ㄏㄨㄚ	動漫	1	15	absent			-7.354194117						白校花	白咲花	白/校/花	白咲花	True	True	1		phrase.anime.tsv	1606	
白崎香織	ㄅㄞˊ ㄑㄧˊ ㄒㄧㄤ ㄓ	動漫	1	11	absent			-7.354194117		白旗/相知	4.419190966	白旗/相知	4.419190966	白其相之	白崎香織	白/其/相/之	白崎香織	True	True	1		phrase.anime.tsv	1607	
白石由竹	ㄅㄞˊ ㄕˊ ㄧㄡˊ ㄓㄨˊ	動漫	1	16	absent			-7.354194117						白石油築	白石由竹	白/石油/築	白石由竹	True	True	1		phrase.anime.tsv	1610	
白石純太	ㄅㄞˊ ㄕˊ ㄔㄨㄣˊ ㄊㄞˋ	動漫	1	17	absent			-7.354194117						白時純太	白石純太	白/時/純/太	白石純太	True	True	1		phrase.anime.tsv	1611	
白石結月	ㄅㄞˊ ㄕˊ ㄐㄧㄝˊ ㄩㄝˋ	動漫	1	13	absent			-7.354194117						白時節月	白石結月	白/時節/月	白石結月	True	True	1		phrase.anime.tsv	1612	
白石誠太	ㄅㄞˊ ㄕˊ ㄔㄥˊ ㄊㄞˋ	動漫	1	11	absent			-7.354194117						白時成太	白石誠太	白/時/成/太	白石誠太	True	True	1		phrase.anime.tsv	1613	
白銀御行	ㄅㄞˊ ㄧㄣˊ ㄩˋ ㄒㄧㄥˊ	動漫	1	18	absent			-7.354194117						白銀與行	白銀御行	白銀/與/行	白銀御行	True	True	1		phrase.anime.tsv	1616	
百鬼夜行抄	ㄅㄞˇ ㄍㄨㄟˇ ㄧㄝˋ ㄒㄧㄥˊ ㄔㄠ	動漫	1	19	absent			-7.354194117						百鬼夜行超	百鬼夜行抄	百鬼夜行/超	百鬼夜行抄	True	True	1		phrase.anime.tsv	1622	
皇后崎迅	ㄏㄨㄤˊ ㄏㄡˋ ㄑㄧˊ ㄒㄩㄣˋ	動漫	1	13	absent			-7.354194117						皇后其訊	皇后崎迅	皇后/其/訊	皇后崎迅	True	True	1		phrase.anime.tsv	1623	
監獄學園	ㄐㄧㄢ ㄩˋ ㄒㄩㄝˊ ㄩㄢˊ	動漫	1	20	absent			-7.354194117		監獄/學員	2.539413972	監獄/學員	2.539413972	監獄學員	監獄學園	監獄/學員	監獄學園	True	True	1		phrase.anime.tsv	1625	
監督式學習	ㄐㄧㄢ ㄉㄨ ㄕˋ ㄒㄩㄝˊ ㄒㄧˊ	AI資料科學	1	4	absent			-7.354194117						監督是學習	監督式學習	監督/是/學習	監督式學習	True	True	1		phrase.ai-data-science.tsv	119	
監督式微調	ㄐㄧㄢ ㄉㄨ ㄕˋ ㄨㄟˊ ㄉㄧㄠˋ	AI資料科學	1	4	absent			-7.354194117						監督視為調	監督式微調	監督/視為/調	監督式微調	True	True	1		phrase.ai-data-science.tsv	120	
盧各圖哈德	ㄌㄨˊ ㄍㄜˋ ㄊㄨˊ ㄏㄚ ㄉㄜˊ	動漫	1	15	absent			-7.354194117						爐個圖哈得	盧各圖哈德	爐/個/圖/哈/得	盧各圖哈德	True	True	1		phrase.anime.tsv	1626	
直井文人	ㄓˊ ㄐㄧㄥˇ ㄨㄣˊ ㄖㄣˊ	動漫	1	12	absent			-7.354194117						職景文人	直井文人	職/景/文人	直井文人	True	True	1		phrase.anime.tsv	1628	
直枝理樹	ㄓˊ ㄓ ㄌㄧˇ ㄕㄨˋ	動漫	1	18	absent			-7.354194117						職之理數	直枝理樹	職/之/理/數	直枝理樹	True	True	1		phrase.anime.tsv	1630	
直樹美紀	ㄓˊ ㄕㄨˋ ㄇㄟˇ ㄐㄧˋ	動漫	1	12	absent			-7.354194117		植樹/每季	4.939220769	植樹/每季	4.939220769	植樹美計	直樹美紀	植樹/美/計	直樹美紀	True	True	1		phrase.anime.tsv	1631	
直死之魔眼	ㄓˊ ㄙˇ ㄓ ㄇㄛˊ ㄧㄢˇ	動漫	1	13	absent			-7.354194117						職死之模演	直死之魔眼	職/死/之/模/演	直死之魔眼	True	True	1		phrase.anime.tsv	1632	
相位裕度	ㄒㄧㄤˋ ㄨㄟˋ ㄩˋ ㄉㄨˋ	電子電機	1	11	absent			-7.354194117						像衛浴度	相位裕度	像/衛浴/度	相位裕度	True	True	1		phrase.electronics.tsv	147	
相位設計	ㄒㄧㄤˋ ㄨㄟˋ ㄕㄜˋ ㄐㄧˋ	交通物流	1	12	absent			-7.354194117		相位/設計	3.064962021	相位/設計	3.064962021	像為設計	相位設計	像/為/設計	相位設計	True	True	1		phrase.transport-logistics.tsv	70	
相位鍵移	ㄒㄧㄤˋ ㄨㄟˋ ㄐㄧㄢˋ ㄧˊ	電子電機	1	10	absent			-7.354194117		相位/見疑	6.752134126	相位/見疑	6.752134126	像未見一	相位鍵移	像/未見/一	相位鍵移	True	True	1		phrase.electronics.tsv	148	
相位雜訊	ㄒㄧㄤˋ ㄨㄟˋ ㄗㄚˊ ㄒㄩㄣˋ	電子電機	1	9	absent			-7.354194117		相位/雜訊	5.45110413	相位/雜訊	5.45110413	像為雜訊	相位雜訊	像/為/雜訊	相位雜訊	True	True	1		phrase.electronics.tsv	149	
相樂左之助	ㄒㄧㄤ ㄌㄜˋ ㄗㄨㄛˇ ㄓ ㄓㄨˋ	動漫	1	17	absent			-7.354194117						箱樂左支柱	相樂左之助	箱/樂/左/支柱	相樂左之助	True	True	1		phrase.anime.tsv	1636	
相澤千鶴	ㄒㄧㄤ ㄗㄜˊ ㄑㄧㄢ ㄏㄜˋ	動漫	1	14	absent			-7.354194117						箱則千和	相澤千鶴	箱/則/千/和	相澤千鶴	True	True	1		phrase.anime.tsv	1637	
相澤榮子	ㄒㄧㄤ ㄗㄜˊ ㄖㄨㄥˊ ㄗ˙	動漫	1	15	absent			-7.354194117						箱則容子	相澤榮子	箱/則/容/子	相澤榮子	True	True	1		phrase.anime.tsv	1638	
相澤消太	ㄒㄧㄤ ㄗㄜˊ ㄒㄧㄠ ㄊㄞˋ	動漫	1	12	absent			-7.354194117						箱則消太	相澤消太	箱/則/消/太	相澤消太	True	True	1		phrase.anime.tsv	1639	
相澤祐一	ㄒㄧㄤ ㄗㄜˊ ㄧㄡˋ ㄧ	動漫	1	17	absent			-7.354194117						箱則又一	相澤祐一	箱/則/又/一	相澤祐一	True	True	1		phrase.anime.tsv	1640	
相澤雅	ㄒㄧㄤ ㄗㄜˊ ㄧㄚˇ	動漫	1	12	absent			-7.354194117						箱則亞	相澤雅	箱/則/亞	相澤雅	True	True	1		phrase.anime.tsv	1641	
相生祐子	ㄒㄧㄤ ㄕㄥ ㄧㄡˋ ㄗ˙	動漫	1	21	absent			-7.354194117						箱生柚子	相生祐子	箱/生/柚子	相生祐子	True	True	1		phrase.anime.tsv	1642	
相聚一刻	ㄒㄧㄤ ㄐㄩˋ ㄧ ㄎㄜˋ	動漫	1	20	absent			-7.354194117		相聚/一刻	4.020545361	相聚/一刻	4.020545361	相聚一課	相聚一刻	相聚/一/課	相聚一刻	True	True	1		phrase.anime.tsv	1643	
相良宗介	ㄒㄧㄤ ㄌㄧㄤˊ ㄗㄨㄥ ㄐㄧㄝˋ	動漫	1	19	absent			-7.354194117						箱良宗界	相良宗介	箱/良/宗/界	相良宗介	True	True	1		phrase.anime.tsv	1644	
盾之勇者	ㄉㄨㄣˋ ㄓ ㄩㄥˇ ㄓㄜˇ	動漫	1	22	absent			-7.354194117						頓之勇者	盾之勇者	頓/之/勇者	盾之勇者	True	True	1		phrase.anime.tsv	1645	
眉村健	ㄇㄟˊ ㄘㄨㄣ ㄐㄧㄢˋ	動漫	1	11	absent			-7.354194117						沒村建	眉村健	沒/村/建	眉村健	True	True	1		phrase.anime.tsv	1646	
真宮櫻	ㄓㄣ ㄍㄨㄥ ㄧㄥ	動漫	1	15	absent			-7.354194117						真公應	真宮櫻	真/公/應	真宮櫻	True	True	1		phrase.anime.tsv	1647	
真島太一	ㄓㄣ ㄉㄠˇ ㄊㄞˋ ㄧ	動漫	1	14	absent			-7.354194117						真導太一	真島太一	真/導/太/一	真島太一	True	True	1		phrase.anime.tsv	1650	
真崎杏子	ㄓㄣ ㄑㄧˊ ㄒㄧㄥˋ ㄗˇ	動漫	1	13	absent			-7.354194117		珍奇/杏子	5.082352511	珍奇/杏子	5.082352511	真其性子	真崎杏子	真/其/性/子	真崎杏子	True	True	1		phrase.anime.tsv	1651	
真打津輕	ㄓㄣ ㄉㄚˇ ㄐㄧㄣ ㄑㄧㄥ	動漫	1	15	absent			-7.354194117						真打今清	真打津輕	真/打/今/清	真打津輕	True	True	1		phrase.anime.tsv	1652	
真波山岳	ㄓㄣ ㄅㄛ ㄕㄢ ㄩㄝˋ	動漫	1	9	absent			-7.354194117						真波山月	真波山岳	真/波/山/月	真波山岳	True	True	1		phrase.anime.tsv	1654	
真田莉莉奈	ㄓㄣ ㄊㄧㄢˊ ㄌㄧˋ ㄌㄧˋ ㄋㄞˋ	動漫	1	12	absent			-7.354194117						真田莉莉耐	真田莉莉奈	真/田/莉莉/耐	真田莉莉奈	True	True	1		phrase.anime.tsv	1655	
真神圭護	ㄓㄣ ㄕㄣˊ ㄍㄨㄟ ㄏㄨˋ	動漫	1	12	absent			-7.354194117						真神規護	真神圭護	真神/規/護	真神圭護	True	True	1		phrase.anime.tsv	1658	
真紀真	ㄓㄣ ㄐㄧˋ ㄓㄣ	動漫	1	15	absent			-7.354194117						真計真	真紀真	真/計/真	真紀真	True	True	1		phrase.anime.tsv	1659	
矢澤妮可	ㄕˇ ㄗㄜˊ ㄋㄧˊ ㄎㄜˇ	動漫	1	8	absent			-7.354194117						使則呢可	矢澤妮可	使/則/呢/可	矢澤妮可	True	True	1		phrase.anime.tsv	1664	
矢野綾音	ㄕˇ ㄧㄝˇ ㄌㄧㄥˊ ㄧㄣ	動漫	1	15	absent			-7.354194117						使也靈因	矢野綾音	使/也/靈/因	矢野綾音	True	True	1		phrase.anime.tsv	1665	
矢颪碇	ㄕˇ ㄍㄨㄚ ㄉㄧㄥˋ	動漫	1	10	absent			-7.354194117						使括定	矢颪碇	使/括/定	矢颪碇	True	True	1		phrase.anime.tsv	1666	矢颪碇
石上優	ㄕˊ ㄕㄤˋ ㄧㄡ	動漫	1	14	absent			-7.354194117						時尚優	石上優	時尚/優	石上優	True	True	1		phrase.anime.tsv	1667	
石島土門	ㄕˊ ㄉㄠˇ ㄊㄨˇ ㄇㄣˊ	動漫	1	11	absent			-7.354194117						時導土們	石島土門	時/導/土/們	石島土門	True	True	1		phrase.anime.tsv	1668	
石川透	ㄕˊ ㄔㄨㄢ ㄊㄡˋ	動漫	1	15	absent			-7.354194117						時穿透	石川透	時/穿透	石川透	True	True	1		phrase.anime.tsv	1670	
石田大和	ㄕˊ ㄊㄧㄢˊ ㄉㄚˋ ㄏㄜˊ	動漫	1	19	absent			-7.354194117						時填大和	石田大和	時/填/大/和	石田大和	True	True	1		phrase.anime.tsv	1671	
石田將也	ㄕˊ ㄊㄧㄢˊ ㄐㄧㄤ ㄧㄝˇ	動漫	1	22	absent			-7.354194117						時填將也	石田將也	時/填/將/也	石田將也	True	True	1		phrase.anime.tsv	1672	
石田雨龍	ㄕˊ ㄊㄧㄢˊ ㄩˇ ㄌㄨㄥˊ	動漫	1	16	absent			-7.354194117						時填與龍	石田雨龍	時/填/與/龍	石田雨龍	True	True	1		phrase.anime.tsv	1673	
石神千空	ㄕˊ ㄕㄣˊ ㄑㄧㄢ ㄎㄨㄥ	動漫	1	22	absent			-7.354194117						時什千空	石神千空	時/什/千/空	石神千空	True	True	1		phrase.anime.tsv	1674	
砂川愛	ㄕㄚ ㄔㄨㄢ ㄞˋ	動漫	1	12	absent			-7.354194117						沙穿愛	砂川愛	沙/穿/愛	砂川愛	True	True	1		phrase.anime.tsv	1675	
砂川誠	ㄕㄚ ㄔㄨㄢ ㄔㄥˊ	動漫	1	14	absent			-7.354194117						沙穿成	砂川誠	沙/穿/成	砂川誠	True	True	1		phrase.anime.tsv	1676	
硫氧化物	ㄌㄧㄡˊ ㄧㄤˇ ㄏㄨㄚˋ ㄨˋ	環境能源	1	10	absent			-7.354194117						留氧化物	硫氧化物	留/氧化物	硫氧化物	True	True	1		phrase.energy-environment.tsv	95	
碇源堂	ㄉㄧㄥˋ ㄩㄢˊ ㄊㄤˊ	動漫	1	12	absent			-7.354194117						訂員堂	碇源堂	訂/員/堂	碇源堂	True	True	1		phrase.anime.tsv	1677	
碇真嗣	ㄉㄧㄥˋ ㄓㄣ ㄙˋ	動漫	1	23	absent			-7.354194117						訂真四	碇真嗣	訂/真/四	碇真嗣	True	True	1		phrase.anime.tsv	1678	
碎石樁工法	ㄙㄨㄟˋ ㄕˊ ㄓㄨㄤ ㄍㄨㄥ ㄈㄚˇ	建築土木	1	4	absent			-7.354194117						碎石樁公法	碎石樁工法	碎石/樁/公/法	碎石樁工法	True	True	1		phrase.civil-engineering.tsv	174	
碓冰拓海	ㄉㄨㄟˋ ㄅㄧㄥ ㄊㄨㄛˋ ㄏㄞˇ	動漫	1	16	absent			-7.354194117						對兵拓海	碓冰拓海	對/兵/拓/海	碓冰拓海	True	True	1		phrase.anime.tsv	1679	
碧翠絲	ㄅㄧˋ ㄘㄨㄟˋ ㄙ	動漫	1	14	absent			-7.354194117						必脆司	碧翠絲	必/脆/司	碧翠絲	True	True	1		phrase.anime.tsv	1680	
碳化矽	ㄊㄢˋ ㄏㄨㄚˋ ㄒㄧˋ	晶片半導體	1	10	absent			-7.354194117						碳化系	碳化矽	碳/化/系	碳化矽	True	True	1		phrase.semiconductor.tsv	115	
磁粒檢測	ㄘˊ ㄌㄧˋ ㄐㄧㄢˇ ㄘㄜˋ	製造機械	1	11	absent			-7.354194117		磁力/檢測	4.330530199	磁力/檢測	4.330530199	詞例檢測	磁粒檢測	詞/例/檢測	磁粒檢測	True	True	1		phrase.manufacturing.tsv	96	
磁通量	ㄘˊ ㄊㄨㄥ ㄌㄧㄤˋ	科學	1	11	absent			-7.354194117						詞通量	磁通量	詞/通量	磁通量	True	True	1		phrase.science.tsv	54	
磁阻式	ㄘˊ ㄗㄨˇ ㄕˋ	晶片半導體	1	11	absent			-7.354194117						詞組是	磁阻式	詞/組/是	磁阻式	True	True	1		phrase.semiconductor.tsv	116	
礦人道士	ㄎㄨㄤˋ ㄖㄣˊ ㄉㄠˋ ㄕˋ	動漫	1	11	absent			-7.354194117						況人到是	礦人道士	況/人/到/是	礦人道士	True	True	1		phrase.anime.tsv	1682	
神之一手	ㄕㄣˊ ㄓ ㄧ ㄕㄡˇ	動漫	1	13	absent			-7.354194117						什之一手	神之一手	什/之一/手	神之一手	True	True	1		phrase.anime.tsv	1683	
神之塔	ㄕㄣˊ ㄓ ㄊㄚˇ	動漫	1	22	absent			-7.354194117						什之塔	神之塔	什/之/塔	神之塔	True	True	1		phrase.anime.tsv	1684	
神仙鄉	ㄕㄣˊ ㄒㄧㄢ ㄒㄧㄤ	動漫	1	12	absent			-7.354194117						神仙相	神仙鄉	神仙/相	神仙鄉	True	True	1		phrase.anime.tsv	1685	
神代愛依	ㄕㄣˊ ㄉㄞˋ ㄞˋ ㄧ	動漫	1	12	absent			-7.354194117						什代愛一	神代愛依	什/代/愛/一	神代愛依	True	True	1		phrase.anime.tsv	1686	
神劍闖江湖	ㄕㄣˊ ㄐㄧㄢˋ ㄔㄨㄤˇ ㄐㄧㄤ ㄏㄨˊ	動漫	1	24	absent			-7.354194117						神劍搶江湖	神劍闖江湖	神劍/搶/江湖	神劍闖江湖	True	True	1		phrase.anime.tsv	1687	
神官長	ㄕㄣˊ ㄍㄨㄢ ㄓㄤˇ	動漫	1	10	absent			-7.354194117						什關長	神官長	什/關/長	神官長	True	True	1		phrase.anime.tsv	1688	
神尾觀鈴	ㄕㄣˊ ㄨㄟˇ ㄍㄨㄢ ㄌㄧㄥˊ	動漫	1	15	absent			-7.354194117						什委關靈	神尾觀鈴	什/委/關/靈	神尾觀鈴	True	True	1		phrase.anime.tsv	1689	
神崎蘭子	ㄕㄣˊ ㄑㄧˊ ㄌㄢˊ ㄗ˙	動漫	1	12	absent			-7.354194117		神奇/籃子	3.417680375	神奇/籃子	3.417680375	神奇籃子	神崎蘭子	神奇/籃子	神崎蘭子	True	True	1		phrase.anime.tsv	1690	
神崎麗美	ㄕㄣˊ ㄑㄧˊ ㄌㄧˋ ㄇㄟˇ	動漫	1	13	absent			-7.354194117						神奇力美	神崎麗美	神奇/力/美	神崎麗美	True	True	1		phrase.anime.tsv	1691	
神樂光	ㄕㄣˊ ㄌㄜˋ ㄍㄨㄤ	動漫	1	15	absent			-7.354194117						什樂光	神樂光	什/樂/光	神樂光	True	True	1		phrase.anime.tsv	1693	
神田優	ㄕㄣˊ ㄊㄧㄢˊ ㄧㄡ	動漫	1	15	absent			-7.354194117						什田優	神田優	什/田/優	神田優	True	True	1		phrase.anime.tsv	1694	
神田沙希	ㄕㄣˊ ㄊㄧㄢˊ ㄕㄚ ㄒㄧ	動漫	1	15	absent			-7.354194117						什田殺西	神田沙希	什/田/殺/西	神田沙希	True	True	1		phrase.anime.tsv	1695	
神神迴	ㄕㄣˊ ㄕㄣˊ ㄏㄨㄟˊ	動漫	1	12	absent			-7.354194117						什什回	神神迴	什/什/回	神神迴	True	True	1		phrase.anime.tsv	1697	
神裂火織	ㄕㄣˊ ㄌㄧㄝˋ ㄏㄨㄛˇ ㄓ	動漫	1	12	absent			-7.354194117						什烈火之	神裂火織	什/烈火/之	神裂火織	True	True	1		phrase.anime.tsv	1698	
神谷望	ㄕㄣˊ ㄍㄨˇ ㄨㄤˋ	動漫	1	11	absent			-7.354194117						什古望	神谷望	什/古/望	神谷望	True	True	1		phrase.anime.tsv	1699	
神谷薰	ㄕㄣˊ ㄍㄨˇ ㄒㄩㄣ	動漫	1	19	absent			-7.354194117						什古勳	神谷薰	什/古/勳	神谷薰	True	True	1		phrase.anime.tsv	1700	
神野惠	ㄕㄣˊ ㄧㄝˇ ㄏㄨㄟˋ	動漫	1	11	absent			-7.354194117						什也會	神野惠	什/也會	神野惠	True	True	1		phrase.anime.tsv	1701	
神隱少女	ㄕㄣˊ ㄧㄣˇ ㄕㄠˋ ㄋㄩˇ	動漫	1	28	absent			-7.354194117						什引少女	神隱少女	什/引/少女	神隱少女	True	True	1		phrase.anime.tsv	1702	
福羅倫斯	ㄈㄨˊ ㄌㄨㄛˊ ㄌㄨㄣˊ ㄙ	動漫	1	21	absent			-7.354194117						伏羅輪司	福羅倫斯	伏/羅/輪/司	福羅倫斯	True	True	1		phrase.anime.tsv	1707	
福部里志	ㄈㄨˊ ㄅㄨˋ ㄌㄧˇ ㄓˋ	動漫	1	17	absent			-7.354194117		服部/理智	4.78016285	服部/理智	4.78016285	伏不理智	福部里志	伏/不/理智	福部里志	True	True	1		phrase.anime.tsv	1708	
秋名山	ㄑㄧㄡ ㄇㄧㄥˊ ㄕㄢ	動漫	1	14	absent			-7.354194117						秋明山	秋名山	秋/明/山	秋名山	True	True	1		phrase.anime.tsv	1710	
秋山澪	ㄑㄧㄡ ㄕㄢ ㄌㄧㄥˊ	動漫	1	19	absent			-7.354194117						秋山陵	秋山澪	秋/山陵	秋山澪	True	True	1		phrase.anime.tsv	1711	
秋本麗子	ㄑㄧㄡ ㄅㄣˇ ㄌㄧˋ ㄗ˙	動漫	1	18	absent			-7.354194117						秋本例子	秋本麗子	秋/本/例子	秋本麗子	True	True	1		phrase.anime.tsv	1712	
秋樽櫻備	ㄑㄧㄡ ㄗㄨㄣ ㄧㄥ ㄅㄟˋ	動漫	1	15	absent			-7.354194117						秋尊應被	秋樽櫻備	秋/尊/應/被	秋樽櫻備	True	True	1		phrase.anime.tsv	1713	
秋瀨或	ㄑㄧㄡ ㄌㄞˋ ㄏㄨㄛˋ	動漫	1	13	absent			-7.354194117						秋來或	秋瀨或	秋/來/或	秋瀨或	True	True	1		phrase.anime.tsv	1714	
科塞特斯	ㄎㄜ ㄙㄜˋ ㄊㄜˋ ㄙ	動漫	1	13	absent			-7.354194117						科色特司	科塞特斯	科/色/特/司	科塞特斯	True	True	1		phrase.anime.tsv	1715	
秘銀	ㄇㄧˋ ㄧㄣˊ	動漫	1	12	absent			-7.354194117						日銀	秘銀	日/銀	秘銀	True	True	1		phrase.anime.tsv	1717	
租庸調制	ㄗㄨ ㄩㄥ ㄉㄧㄠˋ ㄓˋ	歷史	1	11	absent			-7.354194117						租擁調至	租庸調制	租/擁/調至	租庸調制	True	True	1		phrase.history.tsv	123	
移民實邊	ㄧˊ ㄇㄧㄣˊ ㄕˊ ㄅㄧㄢ	歷史	1	11	absent			-7.354194117						移民時邊	移民實邊	移民/時/邊	移民實邊	True	True	1		phrase.history.tsv	126	
稀咲鐵太	ㄒㄧ ㄒㄧㄠˋ ㄊㄧㄝˇ ㄊㄞˋ	動漫	1	11	absent			-7.354194117						西校鐵太	稀咲鐵太	西/校/鐵/太	稀咲鐵太	True	True	1		phrase.anime.tsv	1720	
稅前淨利	ㄕㄨㄟˋ ㄑㄧㄢˊ ㄐㄧㄥˋ ㄌㄧˋ	財會金融	1	12	absent			-7.354194117		睡前/淨利	4.844991595	睡前/淨利	4.844991595	睡前淨利	稅前淨利	睡前/淨利	稅前淨利	True	True	1		phrase.finance.tsv	115	
種村小依	ㄓㄨㄥˇ ㄘㄨㄣ ㄒㄧㄠˇ ㄧ	動漫	1	10	absent			-7.354194117						種村小一	種村小依	種/村/小/一	種村小依	True	True	1		phrase.anime.tsv	1721	
稻田多摩子	ㄉㄠˋ ㄊㄧㄢˊ ㄉㄨㄛ ㄇㄛˊ ㄗ˙	動漫	1	12	absent			-7.354194117						稻田多模子	稻田多摩子	稻田/多/模/子	稻田多摩子	True	True	1		phrase.anime.tsv	1722	
稻葉鄉子	ㄉㄠˋ ㄧㄝˋ ㄒㄧㄤ ㄗ˙	動漫	1	14	absent			-7.354194117						到業箱子	稻葉鄉子	到/業/箱子	稻葉鄉子	True	True	1		phrase.anime.tsv	1723	
稼動率分析	ㄐㄧㄚˋ ㄉㄨㄥˋ ㄌㄩˋ ㄈㄣ ㄒㄧ	製造機械	1	16	absent			-7.354194117						價動率分析	稼動率分析	價/動/率/分析	稼動率分析	True	True	1		phrase.manufacturing.tsv	98	
稽催	ㄐㄧ ㄘㄨㄟ	公務員公文	1	22	absent			-7.354194117						機催	稽催	機/催	稽催	True	True	1		phrase.government.tsv	53	
穆拉福拉卡	ㄇㄨˋ ㄌㄚ ㄈㄨˊ ㄌㄚ ㄎㄚˇ	動漫	1	11	absent			-7.354194117						木拉服拉卡	穆拉福拉卡	木/拉/服/拉/卡	穆拉福拉卡	True	True	1		phrase.anime.tsv	1724	
穆斯卡	ㄇㄨˋ ㄙ ㄎㄚˇ	動漫	1	17	absent			-7.354194117						木司卡	穆斯卡	木/司/卡	穆斯卡	True	True	1		phrase.anime.tsv	1725	
積層製造	ㄐㄧ ㄘㄥˊ ㄓˋ ㄗㄠˋ	製造機械	1	12	absent			-7.354194117		基層/製造	1.536727913	基層/製造	1.536727913	基層製造	積層製造	基層/製造	積層製造	True	True	1		phrase.manufacturing.tsv	99	
空條徐倫	ㄎㄨㄥ ㄊㄧㄠˊ ㄒㄩˊ ㄌㄨㄣˊ	動漫	1	12	absent			-7.354194117						空調徐輪	空條徐倫	空調/徐/輪	空條徐倫	True	True	1		phrase.anime.tsv	1727	
空條承太郎	ㄎㄨㄥ ㄊㄧㄠˊ ㄔㄥˊ ㄊㄞˋ ㄌㄤˊ	動漫	1	18	absent			-7.354194117						空調成太郎	空條承太郎	空調/成/太郎	空條承太郎	True	True	1		phrase.anime.tsv	1728	
窪谷須亞蓮	ㄨㄚ ㄍㄨˇ ㄒㄩ ㄧㄚˇ ㄌㄧㄢˊ	動漫	1	11	absent			-7.354194117						哇古需亞連	窪谷須亞蓮	哇/古/需/亞/連	窪谷須亞蓮	True	True	1		phrase.anime.tsv	1731	
竈門炭治郎	ㄗㄠˋ ㄇㄣˊ ㄊㄢˋ ㄓˋ ㄌㄤˊ	動漫	1	25	absent			-7.354194117						灶們探至郎	竈門炭治郎	灶/們/探/至/郎	竈門炭治郎	True	True	1		phrase.anime.tsv	1732	
竈門禰豆子	ㄗㄠˋ ㄇㄣˊ ㄇㄧˊ ㄉㄡˋ ㄗˇ	動漫	1	22	absent			-7.354194117						灶們迷鬥子	竈門禰豆子	灶/們/迷/鬥/子	竈門禰豆子	True	True	1		phrase.anime.tsv	1733	
立花瀧	ㄌㄧˋ ㄏㄨㄚ ㄌㄨㄥˊ	動漫	1	25	absent			-7.354194117						立花龍	立花瀧	立/花/龍	立花瀧	True	True	1		phrase.anime.tsv	1734	
立野廣	ㄌㄧˋ ㄧㄝˇ ㄍㄨㄤˇ	動漫	1	16	absent			-7.354194117						立也廣	立野廣	立/也/廣	立野廣	True	True	1		phrase.anime.tsv	1736	
競技歌牌	ㄐㄧㄥˋ ㄐㄧˋ ㄍㄜ ㄆㄞˊ	動漫	1	12	absent			-7.354194117						競技歌排	競技歌牌	競技/歌/排	競技歌牌	True	True	1		phrase.anime.tsv	1737	
竹本祐太	ㄓㄨˊ ㄅㄣˇ ㄧㄡˋ ㄊㄞˋ	動漫	1	18	absent			-7.354194117						逐本又太	竹本祐太	逐/本/又/太	竹本祐太	True	True	1		phrase.anime.tsv	1738	
笑面男	ㄒㄧㄠˋ ㄇㄧㄢˋ ㄋㄢˊ	動漫	1	12	absent			-7.354194117						笑面南	笑面男	笑/面/南	笑面男	True	True	1		phrase.anime.tsv	1739	
笠原匡	ㄌㄧˋ ㄩㄢˊ ㄎㄨㄤ	動漫	1	13	absent			-7.354194117						立員框	笠原匡	立/員/框	笠原匡	True	True	1		phrase.anime.tsv	1740	
第一神拳	ㄉㄧˋ ㄧ ㄕㄣˊ ㄑㄩㄢˊ	動漫	1	20	absent			-7.354194117		第一/神權	2.496958142	第一/神權	2.496958142	第一什全	第一神拳	第一/什/全	第一神拳	True	True	1		phrase.anime.tsv	1742	
第二十五夜	ㄉㄧˋ ㄦˋ ㄕˊ ㄨˇ ㄧㄝˋ	動漫	1	20	absent			-7.354194117		第二十/午夜	3.144813165	第二十/午夜	3.144813165	第二十五業	第二十五夜	第二十五/業	第二十五夜	True	True	1		phrase.anime.tsv	1743	
笹塚衛士	ㄕˋ ㄓㄨㄥˇ ㄨㄟˋ ㄕˋ	動漫	1	13	absent			-7.354194117						是種為是	笹塚衛士	是/種/為/是	笹塚衛士	True	True	1		phrase.anime.tsv	1744	
管式反應器	ㄍㄨㄢˇ ㄕˋ ㄈㄢˇ ㄧㄥˋ ㄑㄧˋ	材料化工	1	5	absent			-7.354194117		管事/反應器	5.04456395	管事/反應器	5.04456395	館是反應器	管式反應器	館/是/反應器	管式反應器	True	True	1		phrase.materials-chemistry.tsv	78	
箱根驛傳	ㄒㄧㄤ ㄍㄣ ㄧˋ ㄔㄨㄢˊ	動漫	1	12	absent			-7.354194117		箱根/一船	6.576042867	箱根/一船	6.576042867	箱跟一傳	箱根驛傳	箱/跟/一/傳	箱根驛傳	True	True	1		phrase.anime.tsv	1748	
節能診斷	ㄐㄧㄝˊ ㄋㄥˊ ㄓㄣˇ ㄉㄨㄢˋ	環境能源	1	12	absent			-7.354194117						截能診斷	節能診斷	截/能/診斷	節能診斷	True	True	1		phrase.energy-environment.tsv	107	
範馬刃牙	ㄈㄢˋ ㄇㄚˇ ㄖㄣˋ ㄧㄚˊ	動漫	1	19	absent			-7.354194117						飯馬認牙	範馬刃牙	飯/馬/認/牙	範馬刃牙	True	True	1		phrase.anime.tsv	1749	
範馬勇次郎	ㄈㄢˋ ㄇㄚˇ ㄩㄥˇ ㄘˋ ㄌㄤˊ	動漫	1	16	absent			-7.354194117						飯馬永次郎	範馬勇次郎	飯/馬/永/次郎	範馬勇次郎	True	True	1		phrase.anime.tsv	1750	
築城院真鍳	ㄓㄨˊ ㄔㄥˊ ㄩㄢˋ ㄓㄣ ㄐㄧㄢ	動漫	1	11	absent			-7.354194117						逐成院真間	築城院真鍳	逐/成/院/真/間	築城院真鍳	True	True	1		phrase.anime.tsv	1751	
篠原夏希	ㄒㄧㄠˇ ㄩㄢˊ ㄒㄧㄚˋ ㄒㄧ	動漫	1	17	absent			-7.354194117						小員下西	篠原夏希	小/員/下/西	篠原夏希	True	True	1		phrase.anime.tsv	1752	
篠原繪里香	ㄒㄧㄠˇ ㄩㄢˊ ㄏㄨㄟˋ ㄌㄧˇ ㄒㄧㄤ	動漫	1	17	absent			-7.354194117						小員會理相	篠原繪里香	小/員/會/理/相	篠原繪里香	True	True	1		phrase.anime.tsv	1753	
篠田初	ㄒㄧㄠˇ ㄊㄧㄢˊ ㄔㄨ	動漫	1	11	absent			-7.354194117						小田出	篠田初	小/田/出	篠田初	True	True	1		phrase.anime.tsv	1754	
簡帛文字	ㄐㄧㄢˇ ㄅㄛˊ ㄨㄣˊ ㄗˋ	中文	1	12	absent			-7.354194117						減博文字	簡帛文字	減/博/文字	簡帛文字	True	True	1		phrase.chinese.tsv	105	
簡諧振子	ㄐㄧㄢˇ ㄒㄧㄝˊ ㄓㄣˋ ㄗˇ	科學	1	11	absent			-7.354194117						減協鎮子	簡諧振子	減/協/鎮/子	簡諧振子	True	True	1		phrase.science.tsv	59	
米利傑	ㄇㄧˇ ㄌㄧˋ ㄐㄧㄝˊ	動漫	1	17	absent			-7.354194117						米力結	米利傑	米/力/結	米利傑	True	True	1		phrase.anime.tsv	1756	
米卡莎	ㄇㄧˇ ㄎㄚˇ ㄕㄚ	動漫	1	22	absent			-7.354194117						米卡殺	米卡莎	米/卡/殺	米卡莎	True	True	1		phrase.anime.tsv	1758	
米哈伊	ㄇㄧˇ ㄏㄚ ㄧ	動漫	1	16	absent			-7.354194117						米哈一	米哈伊	米/哈/一	米哈伊	True	True	1		phrase.anime.tsv	1759	
米格路迪亞	ㄇㄧˇ ㄍㄜˊ ㄌㄨˋ ㄉㄧˊ ㄧㄚˇ	動漫	1	19	absent			-7.354194117						米格路的亞	米格路迪亞	米/格/路/的/亞	米格路迪亞	True	True	1		phrase.anime.tsv	1762	
米莉亞	ㄇㄧˇ ㄌㄧˋ ㄧㄚˇ	動漫	1	15	absent			-7.354194117						米力亞	米莉亞	米/力/亞	米莉亞	True	True	1		phrase.anime.tsv	1764	
粕壁隼	ㄆㄛˋ ㄅㄧˋ ㄓㄨㄣˇ	動漫	1	18	absent			-7.354194117						破必準	粕壁隼	破/必/準	粕壁隼	True	True	1		phrase.anime.tsv	1766	
糞作獵人	ㄈㄣˋ ㄗㄨㄛˋ ㄌㄧㄝˋ ㄖㄣˊ	動漫	1	13	absent			-7.354194117						分作獵人	糞作獵人	分/作/獵人	糞作獵人	True	True	1		phrase.anime.tsv	1769	
糸師冴	ㄇㄧˋ ㄕ ㄏㄨˋ	動漫	1	12	absent			-7.354194117						日失怙	糸師冴	日/失怙	糸師冴	True	True	1		phrase.anime.tsv	1771	
糸師凜	ㄇㄧˋ ㄕ ㄌㄧㄣˇ	動漫	1	14	absent			-7.354194117						日師凜	糸師凜	日/師/凜	糸師凜	True	True	1		phrase.anime.tsv	1772	
紀田正臣	ㄐㄧˋ ㄊㄧㄢˊ ㄓㄥˋ ㄔㄣˊ	動漫	1	17	absent			-7.354194117						計田政陳	紀田正臣	計/田/政/陳	紀田正臣	True	True	1		phrase.anime.tsv	1773	
約兒佛傑	ㄩㄝ ㄦˊ ㄈㄛˊ ㄐㄧㄝˊ	動漫	1	21	absent			-7.354194117						約而佛結	約兒佛傑	約/而/佛/結	約兒佛傑	True	True	1		phrase.anime.tsv	1774	
約翰李貝特	ㄩㄝ ㄏㄢˋ ㄌㄧˇ ㄅㄟˋ ㄊㄜˋ	動漫	1	19	absent			-7.354194117						約翰理被特	約翰李貝特	約翰/理/被/特	約翰李貝特	True	True	1		phrase.anime.tsv	1777	
紅葉知弦	ㄏㄨㄥˊ ㄧㄝˋ ㄓ ㄒㄧㄢˊ	動漫	1	14	absent			-7.354194117						紅業之嫌	紅葉知弦	紅/業/之/嫌	紅葉知弦	True	True	1		phrase.anime.tsv	1781	
紅隊演練	ㄏㄨㄥˊ ㄉㄨㄟˋ ㄧㄢˇ ㄌㄧㄢˋ	網路資安	1	12	absent			-7.354194117						紅對演練	紅隊演練	紅/對/演練	紅隊演練	True	True	1		phrase.network-security.tsv	124	
納九条	ㄋㄚˋ ㄐㄧㄡˇ ㄊㄧㄠˊ	動漫	1	17	absent			-7.354194117						那九條	納九条	那/九條	納九条	True	True	1		phrase.anime.tsv	1785	
級配粒料	ㄐㄧˊ ㄆㄟˋ ㄌㄧˋ ㄌㄧㄠˋ	建築土木	1	9	absent			-7.354194117						及配力料	級配粒料	及/配/力/料	級配粒料	True	True	1		phrase.civil-engineering.tsv	179	
紫原敦	ㄗˇ ㄩㄢˊ ㄉㄨㄣ	動漫	1	11	absent			-7.354194117						子員敦	紫原敦	子/員/敦	紫原敦	True	True	1		phrase.anime.tsv	1788	
紫隊演練	ㄗˇ ㄉㄨㄟˋ ㄧㄢˇ ㄌㄧㄢˋ	網路資安	1	11	absent			-7.354194117						子對演練	紫隊演練	子/對/演練	紫隊演練	True	True	1		phrase.network-security.tsv	125	
細呂木	ㄒㄧˋ ㄌㄩˇ ㄇㄨˋ	動漫	1	10	absent			-7.354194117						係旅目	細呂木	係/旅/目	細呂木	True	True	1		phrase.anime.tsv	1791	
細川美樹	ㄒㄧˋ ㄔㄨㄢ ㄇㄟˇ ㄕㄨˋ	動漫	1	13	absent			-7.354194117						係穿美術	細川美樹	係/穿/美術	細川美樹	True	True	1		phrase.anime.tsv	1792	
細懸浮微粒	ㄒㄧˋ ㄒㄩㄢˊ ㄈㄨˊ ㄨㄟˊ ㄌㄧˋ	環境能源	1	5	absent			-7.354194117						係懸浮微粒	細懸浮微粒	係/懸浮微粒	細懸浮微粒	True	True	1		phrase.energy-environment.tsv	112	
細晶強化	ㄒㄧˋ ㄐㄧㄥ ㄑㄧㄤˊ ㄏㄨㄚˋ	材料化工	1	12	absent			-7.354194117						係經強化	細晶強化	係/經/強化	細晶強化	True	True	1		phrase.materials-chemistry.tsv	80	
紺野純子	ㄍㄢˋ ㄧㄝˇ ㄔㄨㄣˊ ㄗ˙	動漫	1	13	absent			-7.354194117						幹也純子	紺野純子	幹/也/純/子	紺野純子	True	True	1		phrase.anime.tsv	1795	
結城夏野	ㄐㄧㄝˊ ㄔㄥˊ ㄒㄧㄚˋ ㄧㄝˇ	動漫	1	18	absent			-7.354194117						截成下也	結城夏野	截/成/下/也	結城夏野	True	True	1		phrase.anime.tsv	1797	
結城明日奈	ㄐㄧㄝˊ ㄔㄥˊ ㄇㄧㄥˊ ㄖˋ ㄋㄞˋ	動漫	1	20	absent			-7.354194117						截成明日耐	結城明日奈	截/成/明日/耐	結城明日奈	True	True	1		phrase.anime.tsv	1798	
結構型商品	ㄐㄧㄝˊ ㄍㄡˋ ㄒㄧㄥˊ ㄕㄤ ㄆㄧㄣˇ	財會金融	1	5	absent			-7.354194117						結構行商品	結構型商品	結構/行/商品	結構型商品	True	True	1		phrase.finance.tsv	121	
結腸炎	ㄐㄧㄝˊ ㄔㄤˊ ㄧㄢˊ	醫學	1	10	0			-7.354194117						截腸炎	結腸炎	截/腸炎	結腸炎	True	True	1		phrase.medicine.tsv	186	
絕對王權	ㄐㄩㄝˊ ㄉㄨㄟˋ ㄨㄤˊ ㄑㄩㄢˊ	歷史	1	12	absent			-7.354194117		絕對/王權	3.491764561	絕對/王權	3.491764561	絕對王全	絕對王權	絕對/王/全	絕對王權	True	True	1		phrase.history.tsv	130	
絢瀨繪里	ㄒㄩㄢˋ ㄌㄞˋ ㄏㄨㄟˋ ㄌㄧˇ	動漫	1	19	absent			-7.354194117						旋來會理	絢瀨繪里	旋/來/會/理	絢瀨繪里	True	True	1		phrase.anime.tsv	1801	
給排水工程	ㄐㄧˇ ㄆㄞˊ ㄕㄨㄟˇ ㄍㄨㄥ ㄔㄥˊ	建築土木	1	6	absent			-7.354194117						己排水工程	給排水工程	己/排水/工程	給排水工程	True	True	1		phrase.civil-engineering.tsv	181	
絲菲爾	ㄙ ㄈㄟ ㄦˇ	動漫	1	19	absent			-7.354194117						私非爾	絲菲爾	私/非/爾	絲菲爾	True	True	1		phrase.anime.tsv	1803	
綠幕去背	ㄌㄩˋ ㄇㄨˋ ㄑㄩˋ ㄅㄟˋ	媒體設計	1	11	absent			-7.354194117						綠目去備	綠幕去背	綠/目/去/備	綠幕去背	True	True	1		phrase.media-design.tsv	69	
綠谷出久	ㄌㄩˋ ㄍㄨˇ ㄔㄨ ㄐㄧㄡˇ	動漫	1	24	absent			-7.354194117						綠古出九	綠谷出久	綠/古/出/九	綠谷出久	True	True	1		phrase.anime.tsv	1804	
維克托	ㄨㄟˊ ㄎㄜˋ ㄊㄨㄛ	動漫	1	17	absent			-7.354194117						為客他	維克托	為/客/他	維克托	True	True	1		phrase.anime.tsv	1806	
維多利加	ㄨㄟˊ ㄉㄨㄛ ㄌㄧˋ ㄐㄧㄚ	動漫	1	16	absent			-7.354194117						為多力家	維多利加	為/多/力/家	維多利加	True	True	1		phrase.anime.tsv	1808	
維拉爾	ㄨㄟˊ ㄌㄚ ㄦˇ	動漫	1	12	absent			-7.354194117						為拉爾	維拉爾	為/拉/爾	維拉爾	True	True	1		phrase.anime.tsv	1809	
維氏硬度	ㄨㄟˊ ㄕˋ ㄧㄥˋ ㄉㄨˋ	材料化工	1	12	absent			-7.354194117		圍事/硬度	5.67295288	圍事/硬度	5.67295288	為適應度	維氏硬度	為/適應/度	維氏硬度	True	True	1		phrase.materials-chemistry.tsv	82	
維爾德拉	ㄨㄟˊ ㄦˇ ㄉㄜˊ ㄌㄚ	動漫	1	20	absent			-7.354194117						為爾得拉	維爾德拉	為/爾/得/拉	維爾德拉	True	True	1		phrase.anime.tsv	1810	
維爾維特	ㄨㄟˊ ㄦˇ ㄨㄟˊ ㄊㄜˋ	動漫	1	11	absent			-7.354194117						為爾為特	維爾維特	為/爾/為/特	維爾維特	True	True	1		phrase.anime.tsv	1811	
網代慎平	ㄨㄤˇ ㄉㄞˋ ㄕㄣˋ ㄆㄧㄥˊ	動漫	1	22	absent			-7.354194117						往代甚平	網代慎平	往/代/甚/平	網代慎平	True	True	1		phrase.anime.tsv	1813	
網室栽培	ㄨㄤˇ ㄕˋ ㄗㄞ ㄆㄟˊ	農業食品	1	10	absent			-7.354194117		往事/栽培	3.289174903	往事/栽培	3.289174903	往是栽培	網室栽培	往/是/栽培	網室栽培	True	True	1		phrase.agriculture-food.tsv	44	
網格系統	ㄨㄤˇ ㄍㄜˊ ㄒㄧˋ ㄊㄨㄥˇ	媒體設計	1	12	absent			-7.354194117		網格/系統	3.615492817	網格/系統	3.615492817	往格系統	網格系統	往/格/系統	網格系統	True	True	1		phrase.media-design.tsv	70	
綾崎颯	ㄌㄧㄥˊ ㄑㄧˊ ㄙㄚˋ	動漫	1	20	absent			-7.354194117						零其卅	綾崎颯	零/其/卅	綾崎颯	True	True	1		phrase.anime.tsv	1815	
綾波零	ㄌㄧㄥˊ ㄅㄛ ㄌㄧㄥˊ	動漫	1	20	absent			-7.354194117						凌波靈	綾波零	凌波/靈	綾波零	True	True	1		phrase.anime.tsv	1816	
綾瀨千早	ㄌㄧㄥˊ ㄌㄞˋ ㄑㄧㄢ ㄗㄠˇ	動漫	1	18	absent			-7.354194117						零來千早	綾瀨千早	零/來/千/早	綾瀨千早	True	True	1		phrase.anime.tsv	1817	
綾瀨桃	ㄌㄧㄥˊ ㄌㄞˋ ㄊㄠˊ	動漫	1	21	absent			-7.354194117						零來桃	綾瀨桃	零/來/桃	綾瀨桃	True	True	1		phrase.anime.tsv	1818	
綿谷新	ㄇㄧㄢˊ ㄍㄨˇ ㄒㄧㄣ	動漫	1	15	absent			-7.354194117						眠古心	綿谷新	眠/古/心	綿谷新	True	True	1		phrase.anime.tsv	1819	
緋村劍心	ㄈㄟ ㄘㄨㄣ ㄐㄧㄢˋ ㄒㄧㄣ	動漫	1	22	absent			-7.354194117						非村建心	緋村劍心	非/村/建/心	緋村劍心	True	True	1		phrase.anime.tsv	1820	
線切割加工	ㄒㄧㄢˋ ㄑㄧㄝ ㄍㄜ ㄐㄧㄚ ㄍㄨㄥ	製造機械	1	5	absent			-7.354194117						現切割加工	線切割加工	現/切割/加工	線切割加工	True	True	1		phrase.manufacturing.tsv	107	
線框圖	ㄒㄧㄢˋ ㄎㄨㄤ ㄊㄨˊ	媒體設計	1	12	absent			-7.354194117						現框圖	線框圖	現/框/圖	線框圖	True	True	1		phrase.media-design.tsv	71	
緣結神	ㄩㄢˊ ㄐㄧㄝˊ ㄕㄣˊ	動漫	1	22	absent			-7.354194117						原截什	緣結神	原/截/什	緣結神	True	True	1		phrase.anime.tsv	1821	
緩衝區溢位	ㄏㄨㄢˇ ㄔㄨㄥ ㄑㄩ ㄧˋ ㄨㄟˋ	網路資安	1	4	absent			-7.354194117		緩衝區/意味	3.460654274	緩衝區/意味	3.460654274	緩衝區意味	緩衝區溢位	緩衝/區/意味	緩衝區溢位	True	True	1		phrase.network-security.tsv	137	
緩釋製劑	ㄏㄨㄢˇ ㄕˋ ㄓˋ ㄐㄧˋ	生技藥學	1	11	absent			-7.354194117						緩是志計	緩釋製劑	緩/是/志/計	緩釋製劑	True	True	1		phrase.biotech-pharma.tsv	78	
緹諾薛德	ㄊㄧˊ ㄋㄨㄛˋ ㄒㄩㄝ ㄉㄜˊ	動漫	1	14	absent			-7.354194117						提諾薛得	緹諾薛德	提/諾/薛/得	緹諾薛德	True	True	1		phrase.anime.tsv	1823	
縮合聚合	ㄙㄨㄛ ㄏㄜˊ ㄐㄩˋ ㄏㄜˊ	材料化工	1	11	absent			-7.354194117						梭和聚合	縮合聚合	梭/和/聚合	縮合聚合	True	True	1		phrase.materials-chemistry.tsv	83	
繁簡字	ㄈㄢˊ ㄐㄧㄢˇ ㄗˋ	中文	1	11	absent			-7.354194117						凡檢自	繁簡字	凡/檢/自	繁簡字	True	True	1		phrase.chinese.tsv	106	
繰屋匠	ㄗㄠˇ ㄨ ㄐㄧㄤˋ	動漫	1	11	absent			-7.354194117						早於將	繰屋匠	早/於/將	繰屋匠	True	True	1		phrase.anime.tsv	1824	
纏流子	ㄔㄢˊ ㄌㄧㄡˊ ㄗ˙	動漫	1	20	absent			-7.354194117						單流子	纏流子	單/流/子	纏流子	True	True	1		phrase.anime.tsv	1825	
羅曼尼	ㄌㄨㄛˊ ㄇㄢˋ ㄋㄧˊ	動漫	1	17	absent			-7.354194117						螺慢呢	羅曼尼	螺/慢/呢	羅曼尼	True	True	1		phrase.anime.tsv	1827	
羅羅亞索隆	ㄌㄨㄛˊ ㄌㄨㄛˊ ㄧㄚˇ ㄙㄨㄛˇ ㄌㄨㄥˊ	動漫	1	22	absent			-7.354194117						羅羅亞所龍	羅羅亞索隆	羅羅/亞/所/龍	羅羅亞索隆	True	True	1		phrase.anime.tsv	1828	
羅茲瓦爾	ㄌㄨㄛˊ ㄗ ㄨㄚˇ ㄦˇ	動漫	1	12	absent			-7.354194117						螺資瓦爾	羅茲瓦爾	螺/資/瓦爾	羅茲瓦爾	True	True	1		phrase.anime.tsv	1829	
羅諾	ㄌㄨㄛˊ ㄋㄨㄛˋ	動漫	1	12	absent			-7.354194117						螺諾	羅諾	螺/諾	羅諾	True	True	1		phrase.anime.tsv	1830	
羈縻政策	ㄐㄧ ㄇㄧˊ ㄓㄥˋ ㄘㄜˋ	歷史	1	10	absent			-7.354194117						機迷政策	羈縻政策	機/迷/政策	羈縻政策	True	True	1		phrase.history.tsv	136	
羌瘣	ㄑㄧㄤ ㄌㄟˇ	動漫	1	14	absent			-7.354194117						搶累	羌瘣	搶/累	羌瘣	True	True	1		phrase.anime.tsv	1832	
美代吉	ㄇㄟˇ ㄉㄞˋ ㄐㄧˊ	動漫	1	11	absent			-7.354194117						美代及	美代吉	美/代/及	美代吉	True	True	1		phrase.anime.tsv	1833	
美樹沙耶香	ㄇㄟˇ ㄕㄨˋ ㄕㄚ ㄧㄝ ㄒㄧㄤ	動漫	1	16	absent			-7.354194117						美術殺耶相	美樹沙耶香	美術/殺/耶/相	美樹沙耶香	True	True	1		phrase.anime.tsv	1836	
美美姬	ㄇㄟˇ ㄇㄟˇ ㄐㄧ	動漫	1	13	absent			-7.354194117						每每機	美美姬	每每/機	美美姬	True	True	1		phrase.anime.tsv	1837	
羽川翼	ㄩˇ ㄔㄨㄢ ㄧˋ	動漫	1	14	absent			-7.354194117						與穿一	羽川翼	與/穿/一	羽川翼	True	True	1		phrase.anime.tsv	1839	
羽鳥智世	ㄩˇ ㄋㄧㄠˇ ㄓˋ ㄕˋ	動漫	1	20	absent			-7.354194117						與鳥至是	羽鳥智世	與/鳥/至/是	羽鳥智世	True	True	1		phrase.anime.tsv	1841	
耶拉比琪	ㄧㄝ ㄌㄚ ㄅㄧˇ ㄑㄧˊ	動漫	1	11	absent			-7.354194117						耶拉比其	耶拉比琪	耶/拉/比/其	耶拉比琪	True	True	1		phrase.anime.tsv	1844	
聚碳酸酯	ㄐㄩˋ ㄊㄢˋ ㄙㄨㄢ ㄓˇ	材料化工	1	11	absent			-7.354194117						據碳酸只	聚碳酸酯	據/碳酸/只	聚碳酸酯	True	True	1		phrase.materials-chemistry.tsv	84	
聯合複詞	ㄌㄧㄢˊ ㄏㄜˊ ㄈㄨˋ ㄘˊ	中文	1	12	absent			-7.354194117		聯合/副詞	2.208562702	聯合/副詞	2.208562702	聯合副詞	聯合複詞	聯合/副詞	聯合複詞	True	True	1		phrase.chinese.tsv	110	
聯綿詞	ㄌㄧㄢˊ ㄇㄧㄢˊ ㄘˊ	中文	1	12	absent			-7.354194117						連綿詞	聯綿詞	連綿/詞	聯綿詞	True	True	1		phrase.chinese.tsv	111	
聲之形	ㄕㄥ ㄓ ㄒㄧㄥˊ	動漫	1	24	absent			-7.354194117						生之行	聲之形	生/之/行	聲之形	True	True	1		phrase.anime.tsv	1846	
聲音混音	ㄕㄥ ㄧㄣ ㄏㄨㄣˋ ㄧㄣ	媒體設計	1	12	absent			-7.354194117						聲音混因	聲音混音	聲音/混/因	聲音混音	True	True	1		phrase.media-design.tsv	74	
肌萎縮性	ㄐㄧ ㄨㄟˇ ㄙㄨㄛ ㄒㄧㄥˋ	醫學	1	10	absent			-7.354194117						機萎縮性	肌萎縮性	機/萎縮/性	肌萎縮性	True	True	1		phrase.medicine.tsv	197	
肌酸激酶	ㄐㄧ ㄙㄨㄢ ㄐㄧ ㄇㄟˊ	醫學	1	14	absent			-7.354194117						機酸激沒	肌酸激酶	機/酸/激/沒	肌酸激酶	True	True	1		phrase.medicine.tsv	198	
肌酸酐比	ㄐㄧ ㄙㄨㄢ ㄏㄤˇ ㄅㄧˇ	醫學	1	11	absent			-7.354194117						機酸酐比	肌酸酐比	機/酸/酐/比	肌酸酐比	True	True	1		phrase.medicine.tsv	199	
肌鈣蛋白	ㄐㄧ ㄍㄞˋ ㄉㄢˋ ㄅㄞˊ	醫學	1	8	absent			-7.354194117						機概蛋白	肌鈣蛋白	機/概/蛋白	肌鈣蛋白	True	True	1		phrase.medicine.tsv	200	
肖特基	ㄒㄧㄠˋ ㄊㄜˋ ㄐㄧ	電子電機	1	10	absent			-7.354194117						笑特基	肖特基	笑/特/基	肖特基	True	True	1		phrase.electronics.tsv	159	
肩旋轉肌	ㄐㄧㄢ ㄒㄩㄢˊ ㄓㄨㄢˇ ㄐㄧ	醫學	1	11	absent			-7.354194117						間旋轉機	肩旋轉肌	間/旋轉/機	肩旋轉肌	True	True	1		phrase.medicine.tsv	202	
肺纖維化	ㄈㄟˋ ㄒㄧㄢ ㄨㄟˊ ㄏㄨㄚˋ	醫學	1	12	absent			-7.354194117						費纖維化	肺纖維化	費/纖維/化	肺纖維化	True	True	1		phrase.medicine.tsv	204	
胖虎	ㄆㄤˋ ㄏㄨˇ	動漫	1	17	absent			-7.354194117						胖許	胖虎	胖/許	胖虎	True	True	1		phrase.anime.tsv	1849	
胡蝶忍	ㄏㄨˊ ㄉㄧㄝˊ ㄖㄣˇ	動漫	1	13	absent			-7.354194117						蝴蝶忍	胡蝶忍	蝴蝶/忍	胡蝶忍	True	True	1		phrase.anime.tsv	1851	
脂漏性	ㄓ ㄌㄡˋ ㄒㄧㄥˋ	醫學	1	10	absent			-7.354194117						之露性	脂漏性	之/露/性	脂漏性	True	True	1		phrase.medicine.tsv	208	
腎絲球	ㄕㄣˋ ㄙ ㄑㄧㄡˊ	醫學	1	10	absent			-7.354194117						慎思求	腎絲球	慎思/求	腎絲球	True	True	1		phrase.medicine.tsv	210	
腦嚙涅羅	ㄋㄠˇ ㄋㄧㄝˋ ㄋㄧㄝˋ ㄌㄨㄛˊ	動漫	1	20	absent			-7.354194117						腦業業羅	腦嚙涅羅	腦/業/業/羅	腦嚙涅羅	True	True	1		phrase.anime.tsv	1852	
腸溶錠	ㄔㄤˊ ㄖㄨㄥˊ ㄉㄧㄥˋ	生技藥學	1	11	absent			-7.354194117						長榮定	腸溶錠	長榮/定	腸溶錠	True	True	1		phrase.biotech-pharma.tsv	81	
膠體化學	ㄐㄧㄠ ㄊㄧˇ ㄏㄨㄚˋ ㄒㄩㄝˊ	科學	1	10	absent			-7.354194117		膠體/化學	4.504774704	膠體/化學	4.504774704	交體化學	膠體化學	交/體/化學	膠體化學	True	True	1		phrase.science.tsv	65	
膨鬆劑	ㄆㄥˊ ㄙㄨㄥ ㄐㄧˋ	農業食品	1	11	absent			-7.354194117						蓬鬆計	膨鬆劑	蓬鬆/計	膨鬆劑	True	True	1		phrase.agriculture-food.tsv	46	
自監督學習	ㄗˋ ㄐㄧㄢ ㄉㄨ ㄒㄩㄝˊ ㄒㄧˊ	AI資料科學	1	6	absent			-7.354194117						字監督學習	自監督學習	字/監督/學習	自監督學習	True	True	1		phrase.ai-data-science.tsv	134	
自編碼器	ㄗˋ ㄅㄧㄢ ㄇㄚˇ ㄑㄧˋ	AI資料科學	1	12	absent			-7.354194117						字編碼器	自編碼器	字/編碼/器	自編碼器	True	True	1		phrase.ai-data-science.tsv	135	
自駕車	ㄗˋ ㄐㄧㄚˋ ㄔㄜ	一般	1	15	absent			-7.354194117						字駕車	自駕車	字/駕車	自駕車	True	True	1		phrase.general.tsv	121	
臺灣民主國	ㄊㄞˊ ㄨㄢ ㄇㄧㄣˊ ㄓㄨˇ ㄍㄨㄛˊ	歷史	1	2	absent			-7.354194117		台灣/民主國	1.392195298	台灣/民主國	1.392195298	台灣民主國	臺灣民主國	台灣/民主國	臺灣民主國	True	True	1		phrase.history.tsv	141	
臺灣民眾黨	ㄊㄞˊ ㄨㄢ ㄇㄧㄣˊ ㄓㄨㄥˋ ㄉㄤˇ	歷史	1	4	absent			-7.354194117						台灣民眾黨	臺灣民眾黨	台灣/民眾/黨	臺灣民眾黨	True	True	1		phrase.history.tsv	142	
臺灣總督府	ㄊㄞˊ ㄨㄢ ㄗㄨㄥˇ ㄉㄨ ㄈㄨˇ	歷史	1	2	absent			-7.354194117		台灣/總督府	1.299881036	台灣/總督府	1.299881036	台灣總督府	臺灣總督府	台灣/總督府	臺灣總督府	True	True	1		phrase.history.tsv	143	
船井讓次	ㄔㄨㄢˊ ㄐㄧㄥˇ ㄖㄤˋ ㄘˋ	動漫	1	13	absent			-7.354194117						傳景讓次	船井讓次	傳/景/讓/次	船井讓次	True	True	1		phrase.anime.tsv	1861	
艾利亞斯	ㄞˋ ㄌㄧˋ ㄧㄚˇ ㄙ	動漫	1	17	absent			-7.354194117						愛力亞斯	艾利亞斯	愛/力/亞斯	艾利亞斯	True	True	1		phrase.anime.tsv	1863	
艾基爾	ㄞˋ ㄐㄧ ㄦˇ	動漫	1	11	absent			-7.354194117						愛基爾	艾基爾	愛/基爾	艾基爾	True	True	1		phrase.anime.tsv	1867	
艾妮絲菲亞	ㄞˋ ㄋㄧˊ ㄙ ㄈㄟ ㄧㄚˇ	動漫	1	17	absent			-7.354194117						愛尼斯非亞	艾妮絲菲亞	愛/尼斯/非/亞	艾妮絲菲亞	True	True	1		phrase.anime.tsv	1868	
艾姬多娜	ㄞˋ ㄐㄧ ㄉㄨㄛ ㄋㄚˋ	動漫	1	11	absent			-7.354194117						愛機多那	艾姬多娜	愛/機/多/那	艾姬多娜	True	True	1		phrase.anime.tsv	1869	
艾恩葛朗特	ㄞˋ ㄣ ㄍㄜˊ ㄌㄤˇ ㄊㄜˋ	動漫	1	14	absent			-7.354194117						愛恩格朗特	艾恩葛朗特	愛/恩/格/朗/特	艾恩葛朗特	True	True	1		phrase.anime.tsv	1871	
艾斯卡諾	ㄞˋ ㄙ ㄎㄚˇ ㄋㄨㄛˋ	動漫	1	8	absent			-7.354194117						愛司卡諾	艾斯卡諾	愛/司/卡諾	艾斯卡諾	True	True	1		phrase.anime.tsv	1873	
艾斯德斯	ㄞˋ ㄙ ㄉㄜˊ ㄙ	動漫	1	11	absent			-7.354194117						愛司得司	艾斯德斯	愛/司/得/司	艾斯德斯	True	True	1		phrase.anime.tsv	1874	
艾普斯隆	ㄞˋ ㄆㄨˇ ㄙ ㄌㄨㄥˊ	動漫	1	12	absent			-7.354194117						愛普司龍	艾普斯隆	愛/普/司/龍	艾普斯隆	True	True	1		phrase.anime.tsv	1875	
艾普羅	ㄞˋ ㄆㄨˇ ㄌㄨㄛˊ	動漫	1	14	absent			-7.354194117						愛普羅	艾普羅	愛/普羅	艾普羅	True	True	1		phrase.anime.tsv	1876	
艾波納	ㄞˋ ㄅㄛ ㄋㄚˋ	動漫	1	9	absent			-7.354194117						愛波那	艾波納	愛/波/那	艾波納	True	True	1		phrase.anime.tsv	1877	
艾爾文	ㄞˋ ㄦˇ ㄨㄣˊ	動漫	1	15	absent			-7.354194117						愛耳聞	艾爾文	愛/耳聞	艾爾文	True	True	1		phrase.anime.tsv	1878	
艾爾莎	ㄞˋ ㄦˇ ㄕㄚ	動漫	1	15	absent			-7.354194117						愛爾殺	艾爾莎	愛/爾/殺	艾爾莎	True	True	1		phrase.anime.tsv	1879	
艾瑟依拉姆	ㄞˋ ㄙㄜˋ ㄧ ㄌㄚ ㄇㄨˇ	動漫	1	13	absent			-7.354194117						愛色一拉母	艾瑟依拉姆	愛/色/一/拉/母	艾瑟依拉姆	True	True	1		phrase.anime.tsv	1880	
艾米娜卡	ㄞˋ ㄇㄧˇ ㄋㄚˋ ㄎㄚˇ	動漫	1	12	absent			-7.354194117						愛米那卡	艾米娜卡	愛/米/那/卡	艾米娜卡	True	True	1		phrase.anime.tsv	1882	
艾納爾	ㄞˋ ㄋㄚˋ ㄦˇ	動漫	1	12	absent			-7.354194117						愛那爾	艾納爾	愛/那/爾	艾納爾	True	True	1		phrase.anime.tsv	1883	
艾美諾公主	ㄞˋ ㄇㄟˇ ㄋㄨㄛˋ ㄍㄨㄥ ㄓㄨˇ	動漫	1	10	absent			-7.354194117						愛美諾公主	艾美諾公主	愛/美/諾/公主	艾美諾公主	True	True	1		phrase.anime.tsv	1885	
艾莉同學	ㄞˋ ㄌㄧˋ ㄊㄨㄥˊ ㄒㄩㄝˊ	動漫	1	22	absent			-7.354194117						愛力同學	艾莉同學	愛/力/同學	艾莉同學	True	True	1		phrase.anime.tsv	1887	
艾莉歐斯亞	ㄞˋ ㄌㄧˋ ㄡ ㄙ ㄧㄚˇ	動漫	1	13	absent			-7.354194117						愛力歐嘶啞	艾莉歐斯亞	愛/力/歐/嘶啞	艾莉歐斯亞	True	True	1		phrase.anime.tsv	1888	
艾莉緹	ㄞˋ ㄌㄧˋ ㄊㄧˊ	動漫	1	22	absent			-7.354194117						愛力題	艾莉緹	愛/力/題	艾莉緹	True	True	1		phrase.anime.tsv	1890	
艾蒂菲爾特	ㄞˋ ㄉㄧˋ ㄈㄟ ㄦˇ ㄊㄜˋ	動漫	1	15	absent			-7.354194117						愛的非爾特	艾蒂菲爾特	愛/的/非/爾/特	艾蒂菲爾特	True	True	1		phrase.anime.tsv	1891	
艾蕾卡	ㄞˋ ㄌㄟˇ ㄎㄚˇ	動漫	1	14	absent			-7.354194117						愛累卡	艾蕾卡	愛/累/卡	艾蕾卡	True	True	1		phrase.anime.tsv	1892	
艾薇兒布	ㄞˋ ㄨㄟˊ ㄦˊ ㄅㄨˋ	動漫	1	13	absent			-7.354194117						愛為而不	艾薇兒布	愛/為/而不	艾薇兒布	True	True	1		phrase.anime.tsv	1893	
艾薩克迪安	ㄞˋ ㄙㄚˋ ㄎㄜˋ ㄉㄧˊ ㄢ	動漫	1	17	absent			-7.354194117						愛卅客的安	艾薩克迪安	愛/卅/客/的/安	艾薩克迪安	True	True	1		phrase.anime.tsv	1894	
艾蘭諾	ㄞˋ ㄌㄢˊ ㄋㄨㄛˋ	動漫	1	14	absent			-7.354194117						愛蘭諾	艾蘭諾	愛/蘭/諾	艾蘭諾	True	True	1		phrase.anime.tsv	1895	
艾連葉卡	ㄞˋ ㄌㄧㄢˊ ㄧㄝˋ ㄎㄚˇ	動漫	1	25	absent			-7.354194117						愛連夜卡	艾連葉卡	愛/連夜/卡	艾連葉卡	True	True	1		phrase.anime.tsv	1896	
芙拉蒂蕾娜	ㄈㄨˊ ㄌㄚ ㄉㄧˋ ㄌㄟˇ ㄋㄚˋ	動漫	1	17	absent			-7.354194117						伏拉的累那	芙拉蒂蕾娜	伏/拉/的/累/那	芙拉蒂蕾娜	True	True	1		phrase.anime.tsv	1897	
芙莉蓮	ㄈㄨˊ ㄌㄧˋ ㄌㄧㄢˊ	動漫	1	27	0			-7.354194117						福利連	芙莉蓮	福利/連	芙莉蓮	True	True	1		phrase.anime.tsv	1898	
芙蕾阿斯達	ㄈㄨˊ ㄌㄟˇ ㄚ ㄙ ㄉㄚˊ	動漫	1	13	absent			-7.354194117						伏累阿司達	芙蕾阿斯達	伏/累/阿/司/達	芙蕾阿斯達	True	True	1		phrase.anime.tsv	1899	
芥川龍之介	ㄐㄧㄝˋ ㄔㄨㄢ ㄌㄨㄥˊ ㄓ ㄐㄧㄝˋ	動漫	1	15	absent			-7.354194117						借穿龍之界	芥川龍之介	借/穿/龍/之/界	芥川龍之介	True	True	1		phrase.anime.tsv	1901	
花井梓	ㄏㄨㄚ ㄐㄧㄥˇ ㄗˇ	動漫	1	12	absent			-7.354194117						花景子	花井梓	花/景/子	花井梓	True	True	1		phrase.anime.tsv	1903	
花園多惠	ㄏㄨㄚ ㄩㄢˊ ㄉㄨㄛ ㄏㄨㄟˋ	動漫	1	17	absent			-7.354194117		花園/多會	3.623654081	花園/多會	3.623654081	花園多會	花園多惠	花園/多/會	花園多惠	True	True	1		phrase.anime.tsv	1905	
花垣武道	ㄏㄨㄚ ㄩㄢˊ ㄨˇ ㄉㄠˋ	動漫	1	22	absent			-7.354194117		花園/舞蹈	2.105833349	花園/舞蹈	2.105833349	花園舞蹈	花垣武道	花園/舞蹈	花垣武道	True	True	1		phrase.anime.tsv	1907	
花子君	ㄏㄨㄚ ㄗˇ ㄐㄩㄣ	動漫	1	23	absent			-7.354194117						花子軍	花子君	花/子/軍	花子君	True	True	1		phrase.anime.tsv	1909	
花山薰	ㄏㄨㄚ ㄕㄢ ㄒㄩㄣ	動漫	1	11	absent			-7.354194117						花山勳	花山薰	花/山/勳	花山薰	True	True	1		phrase.anime.tsv	1910	
花式滑冰	ㄏㄨㄚ ㄕˋ ㄏㄨㄚˊ ㄅㄧㄥ	動漫	1	13	absent			-7.354194117		花式/滑冰	4.835680178	花式/滑冰	4.835680178	花是滑冰	花式滑冰	花/是/滑冰	花式滑冰	True	True	1		phrase.anime.tsv	1911	
花本葉久美	ㄏㄨㄚ ㄅㄣˇ ㄧㄝˋ ㄐㄧㄡˇ ㄇㄟˇ	動漫	1	15	absent			-7.354194117						花本業九美	花本葉久美	花/本/業/九/美	花本葉久美	True	True	1		phrase.anime.tsv	1912	
花枝娘	ㄏㄨㄚ ㄓ ㄋㄧㄤˊ	動漫	1	21	absent			-7.354194117						花之娘	花枝娘	花/之/娘	花枝娘	True	True	1		phrase.anime.tsv	1913	
花澤輝氣	ㄏㄨㄚ ㄗㄜˊ ㄏㄨㄟ ㄑㄧˋ	動漫	1	15	absent			-7.354194117						花則揮氣	花澤輝氣	花/則/揮/氣	花澤輝氣	True	True	1		phrase.anime.tsv	1914	
花牌情緣	ㄏㄨㄚ ㄆㄞˊ ㄑㄧㄥˊ ㄩㄢˊ	動漫	1	20	absent			-7.354194117						花排情員	花牌情緣	花/排/情/員	花牌情緣	True	True	1		phrase.anime.tsv	1916	
花菱烈火	ㄏㄨㄚ ㄌㄧㄥˊ ㄌㄧㄝˋ ㄏㄨㄛˇ	動漫	1	17	absent			-7.354194117						花靈烈火	花菱烈火	花/靈/烈火	花菱烈火	True	True	1		phrase.anime.tsv	1918	
芹澤朋也	ㄑㄧㄣˊ ㄗㄜˊ ㄆㄥˊ ㄧㄝˇ	動漫	1	14	absent			-7.354194117						秦則朋也	芹澤朋也	秦/則/朋/也	芹澤朋也	True	True	1		phrase.anime.tsv	1922	
芹澤蕾拉	ㄑㄧㄣˊ ㄗㄜˊ ㄌㄟˇ ㄌㄚ	動漫	1	11	absent			-7.354194117						秦則累拉	芹澤蕾拉	秦/則/累/拉	芹澤蕾拉	True	True	1		phrase.anime.tsv	1923	
芽亞里	ㄧㄚˊ ㄧㄚˇ ㄌㄧˇ	動漫	1	18	absent			-7.354194117						牙亞理	芽亞里	牙/亞/理	芽亞里	True	True	1		phrase.anime.tsv	1924	
若月妮可	ㄖㄨㄛˋ ㄩㄝˋ ㄋㄧˊ ㄎㄜˇ	動漫	1	15	absent			-7.354194117						若月呢可	若月妮可	若/月/呢/可	若月妮可	True	True	1		phrase.anime.tsv	1925	
若本真吾	ㄖㄨㄛˋ ㄅㄣˇ ㄓㄣ ㄨˊ	動漫	1	14	absent			-7.354194117						若本真無	若本真吾	若/本/真/無	若本真吾	True	True	1		phrase.anime.tsv	1926	
若狹悠里	ㄖㄨㄛˋ ㄒㄧㄚˊ ㄧㄡ ㄌㄧˇ	動漫	1	14	absent			-7.354194117						若峽優理	若狹悠里	若/峽/優/理	若狹悠里	True	True	1		phrase.anime.tsv	1927	
若葉姬色	ㄖㄨㄛˋ ㄧㄝˋ ㄐㄧ ㄙㄜˋ	動漫	1	15	absent			-7.354194117						若業績色	若葉姬色	若/業績/色	若葉姬色	True	True	1		phrase.anime.tsv	1928	
英偉達	ㄧㄥ ㄨㄟˇ ㄉㄚˊ	一般	1	8	absent			-7.354194117						應委達	英偉達	應/委/達	英偉達	True	True	1		phrase.general.tsv	123	
茂木夏樹	ㄇㄠˋ ㄇㄨˋ ㄒㄧㄚˋ ㄕㄨˋ	動漫	1	13	absent			-7.354194117						帽目下數	茂木夏樹	帽/目/下/數	茂木夏樹	True	True	1		phrase.anime.tsv	1930	
茂野吾郎	ㄇㄠˋ ㄧㄝˇ ㄨˊ ㄌㄤˊ	動漫	1	18	absent			-7.354194117						帽也無郎	茂野吾郎	帽/也/無/郎	茂野吾郎	True	True	1		phrase.anime.tsv	1931	
茂野英毅	ㄇㄠˋ ㄧㄝˇ ㄧㄥ ㄧˋ	動漫	1	12	absent			-7.354194117						帽也應一	茂野英毅	帽/也/應/一	茂野英毅	True	True	1		phrase.anime.tsv	1932	
茅場晶彥	ㄇㄠˊ ㄔㄤˇ ㄐㄧㄥ ㄧㄢˋ	動漫	1	14	absent			-7.354194117						毛場經驗	茅場晶彥	毛/場/經驗	茅場晶彥	True	True	1		phrase.anime.tsv	1934	
茅野楓	ㄇㄠˊ ㄧㄝˇ ㄈㄥ	動漫	1	15	absent			-7.354194117						毛也封	茅野楓	毛/也/封	茅野楓	True	True	1		phrase.anime.tsv	1935	
茅野貴子	ㄇㄠˊ ㄧㄝˇ ㄍㄨㄟˋ ㄗˇ	動漫	1	11	absent			-7.354194117						毛也貴子	茅野貴子	毛/也/貴子	茅野貴子	True	True	1		phrase.anime.tsv	1936	
茉希尾瀨	ㄇㄛˋ ㄒㄧ ㄨㄟˇ ㄌㄞˋ	動漫	1	13	absent			-7.354194117						末西委來	茉希尾瀨	末/西/委/來	茉希尾瀨	True	True	1		phrase.anime.tsv	1937	
茵蒂克絲	ㄧㄣ ㄉㄧˋ ㄎㄜˋ ㄙ	動漫	1	18	absent			-7.354194117		因地/緙絲	5.561802428	因地/緙絲	5.561802428	因地客司	茵蒂克絲	因/地/客/司	茵蒂克絲	True	True	1		phrase.anime.tsv	1939	
草壁梅	ㄘㄠˇ ㄅㄧˋ ㄇㄟˊ	動漫	1	22	absent			-7.354194117						草必沒	草壁梅	草/必/沒	草壁梅	True	True	1		phrase.anime.tsv	1940	
草壁皋月	ㄘㄠˇ ㄅㄧˋ ㄍㄠ ㄩㄝˋ	動漫	1	25	absent			-7.354194117						草必高月	草壁皋月	草/必/高/月	草壁皋月	True	True	1		phrase.anime.tsv	1941	
草摩夾	ㄘㄠˇ ㄇㄛˊ ㄐㄧㄚˊ	動漫	1	17	absent			-7.354194117						草模夾	草摩夾	草/模/夾	草摩夾	True	True	1		phrase.anime.tsv	1942	
草摩慊人	ㄘㄠˇ ㄇㄛˊ ㄑㄧㄢˋ ㄖㄣˊ	動漫	1	11	absent			-7.354194117						草模欠人	草摩慊人	草/模/欠/人	草摩慊人	True	True	1		phrase.anime.tsv	1943	
草摩由希	ㄘㄠˇ ㄇㄛˊ ㄧㄡˊ ㄒㄧ	動漫	1	19	absent			-7.354194117						草模由西	草摩由希	草/模/由/西	草摩由希	True	True	1		phrase.anime.tsv	1944	
草摩紅葉	ㄘㄠˇ ㄇㄛˊ ㄏㄨㄥˊ ㄧㄝˋ	動漫	1	13	absent			-7.354194117						草模紅葉	草摩紅葉	草/模/紅葉	草摩紅葉	True	True	1		phrase.anime.tsv	1945	
草摩紫吳	ㄘㄠˇ ㄇㄛˊ ㄗˇ ㄨˊ	動漫	1	15	absent			-7.354194117						草模子無	草摩紫吳	草/模/子/無	草摩紫吳	True	True	1		phrase.anime.tsv	1946	
草薙素子	ㄘㄠˇ ㄊㄧˋ ㄙㄨˋ ㄗ˙	動漫	1	21	absent			-7.354194117						草替速子	草薙素子	草/替/速/子	草薙素子	True	True	1		phrase.anime.tsv	1947	
荊棘魔法使	ㄐㄧㄥ ㄐㄧˊ ㄇㄛˊ ㄈㄚˇ ㄕˇ	動漫	1	13	absent			-7.354194117						經及魔法使	荊棘魔法使	經/及/魔法/使	荊棘魔法使	True	True	1		phrase.anime.tsv	1948	
荒卷大輔	ㄏㄨㄤ ㄐㄩㄢˇ ㄉㄚˋ ㄈㄨˇ	動漫	1	14	absent			-7.354194117						荒捲大府	荒卷大輔	荒/捲/大/府	荒卷大輔	True	True	1		phrase.anime.tsv	1949	
荒川河畔	ㄏㄨㄤ ㄔㄨㄢ ㄏㄜˊ ㄆㄢˋ	動漫	1	12	absent			-7.354194117						荒穿河畔	荒川河畔	荒/穿/河畔	荒川河畔	True	True	1		phrase.anime.tsv	1950	
荒川爆笑團	ㄏㄨㄤ ㄔㄨㄢ ㄅㄠˋ ㄒㄧㄠˋ ㄊㄨㄢˊ	動漫	1	20	absent			-7.354194117						荒穿爆笑團	荒川爆笑團	荒/穿/爆笑/團	荒川爆笑團	True	True	1		phrase.anime.tsv	1951	
荒耶宗蓮	ㄏㄨㄤ ㄧㄝ ㄗㄨㄥ ㄌㄧㄢˊ	動漫	1	12	absent			-7.354194117						荒耶宗連	荒耶宗蓮	荒/耶/宗/連	荒耶宗蓮	True	True	1		phrase.anime.tsv	1952	
荷治時期	ㄏㄜˊ ㄓˋ ㄕˊ ㄑㄧˊ	歷史	1	11	absent			-7.354194117						和志時期	荷治時期	和/志/時期	荷治時期	True	True	1		phrase.history.tsv	145	
荷米莉	ㄏㄜˊ ㄇㄧˇ ㄌㄧˋ	動漫	1	14	absent			-7.354194117						和米粒	荷米莉	和/米粒	荷米莉	True	True	1		phrase.anime.tsv	1954	
荻野千尋	ㄉㄧˊ ㄧㄝˇ ㄑㄧㄢ ㄒㄩㄣˊ	動漫	1	25	absent			-7.354194117						的也簽尋	荻野千尋	的/也/簽/尋	荻野千尋	True	True	1		phrase.anime.tsv	1955	
莉可麗絲	ㄌㄧˋ ㄎㄜˇ ㄌㄧˋ ㄙ	動漫	1	24	absent			-7.354194117						立可力司	莉可麗絲	立/可/力/司	莉可麗絲	True	True	1		phrase.anime.tsv	1957	
莉茲史瑪特	ㄌㄧˋ ㄗ ㄕˇ ㄇㄚˇ ㄊㄜˋ	動漫	1	12	absent			-7.354194117						立資使馬特	莉茲史瑪特	立/資/使/馬/特	莉茲史瑪特	True	True	1		phrase.anime.tsv	1959	
莉茲湯普森	ㄌㄧˋ ㄗ ㄊㄤ ㄆㄨˇ ㄙㄣ	動漫	1	9	absent			-7.354194117						立資湯普森	莉茲湯普森	立/資/湯/普/森	莉茲湯普森	True	True	1		phrase.anime.tsv	1960	
莉茲貝特	ㄌㄧˋ ㄗ ㄅㄟˋ ㄊㄜˋ	動漫	1	12	absent			-7.354194117						立資被特	莉茲貝特	立/資/被/特	莉茲貝特	True	True	1		phrase.anime.tsv	1961	
莉莉娜	ㄌㄧˋ ㄌㄧˋ ㄋㄚˋ	動漫	1	9	absent			-7.354194117						莉莉那	莉莉娜	莉莉/那	莉莉娜	True	True	1		phrase.anime.tsv	1962	
莉莉露卡	ㄌㄧˋ ㄌㄧˋ ㄌㄨˋ ㄎㄚˇ	動漫	1	14	absent			-7.354194117						莉莉路卡	莉莉露卡	莉莉/路/卡	莉莉露卡	True	True	1		phrase.anime.tsv	1963	
莉莎霍克愛	ㄌㄧˋ ㄕㄚ ㄏㄨㄛˋ ㄎㄜˋ ㄞˋ	動漫	1	16	absent			-7.354194117						立殺或客愛	莉莎霍克愛	立/殺/或/客/愛	莉莎霍克愛	True	True	1		phrase.anime.tsv	1964	
莎米哈伊	ㄕㄚ ㄇㄧˇ ㄏㄚ ㄧ	動漫	1	16	absent			-7.354194117						沙米哈一	莎米哈伊	沙/米/哈/一	莎米哈伊	True	True	1		phrase.anime.tsv	1966	
莫奇馬茲	ㄇㄛˋ ㄑㄧˊ ㄇㄚˇ ㄗ	動漫	1	11	absent			-7.354194117						末期馬資	莫奇馬茲	末期/馬/資	莫奇馬茲	True	True	1		phrase.anime.tsv	1967	
莫里亞蒂	ㄇㄛˋ ㄌㄧˇ ㄧㄚˇ ㄉㄧˋ	動漫	1	25	absent			-7.354194117						末理亞的	莫里亞蒂	末/理/亞/的	莫里亞蒂	True	True	1		phrase.anime.tsv	1969	
菅原卓郎	ㄐㄧㄢ ㄩㄢˊ ㄓㄨㄛˊ ㄌㄤˊ	動漫	1	13	absent			-7.354194117						間員著浪	菅原卓郎	間/員/著/浪	菅原卓郎	True	True	1		phrase.anime.tsv	1970	
菅原孝支	ㄐㄧㄢ ㄩㄢˊ ㄒㄧㄠˋ ㄓ	動漫	1	16	absent			-7.354194117						間員校之	菅原孝支	間/員/校/之	菅原孝支	True	True	1		phrase.anime.tsv	1971	
菅生明日香	ㄐㄧㄢ ㄕㄥ ㄇㄧㄥˊ ㄖˋ ㄒㄧㄤ	動漫	1	16	absent			-7.354194117						間聲明日相	菅生明日香	間/聲明/日/相	菅生明日香	True	True	1		phrase.anime.tsv	1972	
菊丸英二	ㄐㄩˊ ㄨㄢˊ ㄧㄥ ㄦˋ	動漫	1	14	absent			-7.354194117						局玩應二	菊丸英二	局/玩/應/二	菊丸英二	True	True	1		phrase.anime.tsv	1973	
菊地善人	ㄐㄩˊ ㄉㄧˋ ㄕㄢˋ ㄖㄣˊ	動漫	1	15	absent			-7.354194117						局的善人	菊地善人	局/的/善/人	菊地善人	True	True	1		phrase.anime.tsv	1974	
菊地真	ㄐㄩˊ ㄉㄧˋ ㄓㄣ	動漫	1	9	absent			-7.354194117						局的真	菊地真	局/的/真	菊地真	True	True	1		phrase.anime.tsv	1975	
菜月昴	ㄘㄞˋ ㄩㄝˋ ㄇㄠˇ	動漫	1	24	absent			-7.354194117						菜月卯	菜月昴	菜/月/卯	菜月昴	True	True	1		phrase.anime.tsv	1976	
華倫斯坦	ㄏㄨㄚˊ ㄌㄨㄣˊ ㄙ ㄊㄢˇ	動漫	1	16	absent			-7.354194117						滑輪司坦	華倫斯坦	滑輪/司/坦	華倫斯坦	True	True	1		phrase.anime.tsv	1977	
菱形窗	ㄌㄧㄥˊ ㄒㄧㄥˊ ㄔㄨㄤ	動漫	1	13	absent			-7.354194117						零行窗	菱形窗	零/行/窗	菱形窗	True	True	1		phrase.anime.tsv	1979	
菲特泰斯	ㄈㄟ ㄊㄜˋ ㄊㄞˋ ㄙ	動漫	1	16	absent			-7.354194117						非特太司	菲特泰斯	非/特/太/司	菲特泰斯	True	True	1		phrase.anime.tsv	1981	
菲瓦倫坦	ㄈㄟ ㄨㄚˇ ㄌㄨㄣˊ ㄊㄢˇ	動漫	1	15	absent			-7.354194117						非瓦輪坦	菲瓦倫坦	非/瓦/輪/坦	菲瓦倫坦	True	True	1		phrase.anime.tsv	1982	
萊德利	ㄌㄞˊ ㄉㄜˊ ㄌㄧˋ	動漫	1	13	absent			-7.354194117						來得利	萊德利	來/得利	萊德利	True	True	1		phrase.anime.tsv	1983	
萊涅絲艾	ㄌㄞˊ ㄋㄧㄝˋ ㄙ ㄞˋ	動漫	1	14	absent			-7.354194117						來業司愛	萊涅絲艾	來/業/司/愛	萊涅絲艾	True	True	1		phrase.anime.tsv	1984	
萊登修迦	ㄌㄞˊ ㄉㄥ ㄒㄧㄡ ㄐㄧㄚ	動漫	1	15	absent			-7.354194117						來登修家	萊登修迦	來/登/修/家	萊登修迦	True	True	1		phrase.anime.tsv	1985	
萩原雪步	ㄑㄧㄡ ㄩㄢˊ ㄒㄩㄝˇ ㄅㄨˋ	動漫	1	13	absent			-7.354194117						秋員雪不	萩原雪步	秋/員/雪/不	萩原雪步	True	True	1		phrase.anime.tsv	1987	
萩村鈴	ㄑㄧㄡ ㄘㄨㄣ ㄌㄧㄥˊ	動漫	1	12	absent			-7.354194117						秋村靈	萩村鈴	秋/村/靈	萩村鈴	True	True	1		phrase.anime.tsv	1988	
葉月渚	ㄧㄝˋ ㄩㄝˋ ㄓㄨˇ	動漫	1	13	absent			-7.354194117						業月主	葉月渚	業/月/主	葉月渚	True	True	1		phrase.anime.tsv	1990	
葉面施肥	ㄧㄝˋ ㄇㄧㄢˋ ㄕ ㄈㄟˊ	農業食品	1	10	absent			-7.354194117		頁面/施肥	3.694848482	頁面/施肥	3.694848482	頁面施肥	葉面施肥	頁面/施肥	葉面施肥	True	True	1		phrase.agriculture-food.tsv	48	
葛城美里	ㄍㄜˇ ㄔㄥˊ ㄇㄟˇ ㄌㄧˇ	動漫	1	15	absent			-7.354194117						個成美理	葛城美里	個/成/美/理	葛城美里	True	True	1		phrase.anime.tsv	1992	
葛拉漢艾卡	ㄍㄜˇ ㄌㄚ ㄏㄢˋ ㄞˋ ㄎㄚˇ	動漫	1	12	absent			-7.354194117						個拉漢愛卡	葛拉漢艾卡	個/拉/漢/愛/卡	葛拉漢艾卡	True	True	1		phrase.anime.tsv	1993	
蒙其迪魯夫	ㄇㄥˊ ㄑㄧˊ ㄉㄧˊ ㄌㄨˇ ㄈㄨ	動漫	1	25	absent			-7.354194117						盟其的魯不	蒙其迪魯夫	盟/其/的/魯/不	蒙其迪魯夫	True	True	1		phrase.anime.tsv	1997	蒙其D魯夫
蒲生真紀	ㄆㄨˊ ㄕㄥ ㄓㄣ ㄐㄧˋ	動漫	1	14	absent			-7.354194117						葡生真計	蒲生真紀	葡/生/真/計	蒲生真紀	True	True	1		phrase.anime.tsv	1998	
蒼井茜	ㄘㄤ ㄐㄧㄥˇ ㄑㄧㄢˋ	動漫	1	10	absent			-7.354194117						倉景欠	蒼井茜	倉/景/欠	蒼井茜	True	True	1		phrase.anime.tsv	1999	
蒼崎橙子	ㄘㄤ ㄑㄧˊ ㄔㄥˊ ㄗ˙	動漫	1	15	absent			-7.354194117						倉其成子	蒼崎橙子	倉/其/成/子	蒼崎橙子	True	True	1		phrase.anime.tsv	2000	
蒼鷺與少年	ㄘㄤ ㄌㄨˋ ㄩˇ ㄕㄠˋ ㄋㄧㄢˊ	動漫	1	22	absent			-7.354194117						倉路與少年	蒼鷺與少年	倉/路/與/少年	蒼鷺與少年	True	True	1		phrase.anime.tsv	2002	
蓋吉特	ㄍㄞˋ ㄐㄧˊ ㄊㄜˋ	動漫	1	20	absent			-7.354194117						蓋及特	蓋吉特	蓋/及/特	蓋吉特	True	True	1		phrase.anime.tsv	2003	
蕾哈爾	ㄌㄟˇ ㄏㄚ ㄦˇ	動漫	1	17	absent			-7.354194117						壘哈爾	蕾哈爾	壘/哈/爾	蕾哈爾	True	True	1		phrase.anime.tsv	2006	
蕾貝卡	ㄌㄟˇ ㄅㄟˋ ㄎㄚˇ	動漫	1	17	absent			-7.354194117						壘被卡	蕾貝卡	壘/被/卡	蕾貝卡	True	True	1		phrase.anime.tsv	2008	
薄刃新	ㄅㄛˊ ㄖㄣˋ ㄒㄧㄣ	動漫	1	11	absent			-7.354194117						柏認心	薄刃新	柏/認/心	薄刃新	True	True	1		phrase.anime.tsv	2009	
薇爾莉特	ㄨㄟˊ ㄦˇ ㄌㄧˋ ㄊㄜˋ	動漫	1	23	absent			-7.354194117						為爾力特	薇爾莉特	為/爾/力/特	薇爾莉特	True	True	1		phrase.anime.tsv	2011	
薙切繪里奈	ㄊㄧˋ ㄑㄧㄝˋ ㄏㄨㄟˋ ㄌㄧˇ ㄋㄞˋ	動漫	1	18	absent			-7.354194117						替切會理耐	薙切繪里奈	替/切/會/理/耐	薙切繪里奈	True	True	1		phrase.anime.tsv	2013	
薩流士	ㄙㄚˋ ㄌㄧㄡˊ ㄕˋ	動漫	1	18	absent			-7.354194117						蔡流是	薩流士	蔡/流/是	薩流士	True	True	1		phrase.anime.tsv	2014	
藍堂英	ㄌㄢˊ ㄊㄤˊ ㄧㄥ	動漫	1	11	absent			-7.354194117						欄堂應	藍堂英	欄/堂/應	藍堂英	True	True	1		phrase.anime.tsv	2015	
藍染惣右介	ㄌㄢˊ ㄖㄢˇ ㄗㄨㄥˇ ㄧㄡˋ ㄐㄧㄝˋ	動漫	1	11	absent			-7.354194117						欄染總又界	藍染惣右介	欄/染/總/又/界	藍染惣右介	True	True	1		phrase.anime.tsv	2016	
藍隊防禦	ㄌㄢˊ ㄉㄨㄟˋ ㄈㄤˊ ㄩˋ	網路資安	1	11	absent			-7.354194117		籃隊/防禦	3.778083223	籃隊/防禦	3.778083223	欄對防禦	藍隊防禦	欄/對/防禦	藍隊防禦	True	True	1		phrase.network-security.tsv	139	
藏原走	ㄗㄤˋ ㄩㄢˊ ㄗㄡˇ	動漫	1	18	absent			-7.354194117						藏員走	藏原走	藏/員/走	藏原走	True	True	1		phrase.anime.tsv	2018	
藤丸立香	ㄊㄥˊ ㄨㄢˊ ㄌㄧˋ ㄒㄧㄤ	動漫	1	23	absent			-7.354194117						藤完力相	藤丸立香	藤/完/力/相	藤丸立香	True	True	1		phrase.anime.tsv	2020	
藤原佐為	ㄊㄥˊ ㄩㄢˊ ㄗㄨㄛˇ ㄨㄟˊ	動漫	1	17	absent			-7.354194117						藤員左為	藤原佐為	藤/員/左/為	藤原佐為	True	True	1		phrase.anime.tsv	2021	
藤原千花	ㄊㄥˊ ㄩㄢˊ ㄑㄧㄢ ㄏㄨㄚ	動漫	1	16	absent			-7.354194117						藤員簽花	藤原千花	藤/員/簽/花	藤原千花	True	True	1		phrase.anime.tsv	2022	
藤原拓海	ㄊㄥˊ ㄩㄢˊ ㄊㄨㄛˋ ㄏㄞˇ	動漫	1	22	absent			-7.354194117						藤員拓海	藤原拓海	藤/員/拓/海	藤原拓海	True	True	1		phrase.anime.tsv	2023	
藤原羽月	ㄊㄥˊ ㄩㄢˊ ㄩˇ ㄩㄝˋ	動漫	1	17	absent			-7.354194117						藤員與月	藤原羽月	藤/員/與/月	藤原羽月	True	True	1		phrase.anime.tsv	2024	
藤堂葵	ㄊㄥˊ ㄊㄤˊ ㄎㄨㄟˊ	動漫	1	14	absent			-7.354194117						藤堂魁	藤堂葵	藤/堂/魁	藤堂葵	True	True	1		phrase.anime.tsv	2026	
藤岡春緋	ㄊㄥˊ ㄍㄤ ㄔㄨㄣ ㄈㄟ	動漫	1	21	absent			-7.354194117						藤剛春非	藤岡春緋	藤/剛/春/非	藤岡春緋	True	True	1		phrase.anime.tsv	2028	
藤林杏	ㄊㄥˊ ㄌㄧㄣˊ ㄒㄧㄥˋ	動漫	1	17	absent			-7.354194117						藤林姓	藤林杏	藤/林姓	藤林杏	True	True	1		phrase.anime.tsv	2030	
藤野清志	ㄊㄥˊ ㄧㄝˇ ㄑㄧㄥ ㄓˋ	動漫	1	18	absent			-7.354194117						藤也清治	藤野清志	藤/也/清/治	藤野清志	True	True	1		phrase.anime.tsv	2032	
蘇枋隼飛	ㄙㄨ ㄈㄤ ㄓㄨㄣˇ ㄈㄟ	動漫	1	13	absent			-7.354194117						蘇方準非	蘇枋隼飛	蘇/方/準/非	蘇枋隼飛	True	True	1		phrase.anime.tsv	2035	
蘇西曼	ㄙㄨ ㄒㄧ ㄇㄢˋ	動漫	1	14	absent			-7.354194117						蘇西慢	蘇西曼	蘇/西/慢	蘇西曼	True	True	1		phrase.anime.tsv	2039	
蘭佩洛基	ㄌㄢˊ ㄆㄟˋ ㄌㄨㄛˋ ㄐㄧ	動漫	1	23	absent			-7.354194117						欄配洛基	蘭佩洛基	欄/配/洛基	蘭佩洛基	True	True	1		phrase.anime.tsv	2040	
蘭頓薩斯頓	ㄌㄢˊ ㄉㄨㄣˋ ㄙㄚˋ ㄙ ㄉㄨㄣˋ	動漫	1	16	absent			-7.354194117						欄頓卅司頓	蘭頓薩斯頓	欄/頓/卅/司/頓	蘭頓薩斯頓	True	True	1		phrase.anime.tsv	2041	
虎杖悠仁	ㄏㄨˇ ㄓㄤˋ ㄧㄡ ㄖㄣˊ	動漫	1	25	absent			-7.354194117						許障優人	虎杖悠仁	許/障/優/人	虎杖悠仁	True	True	1		phrase.anime.tsv	2042	
蛇喰夢子	ㄕㄜˊ ㄘㄢ ㄇㄥˋ ㄗ˙	動漫	1	21	absent			-7.354194117						什參夢子	蛇喰夢子	什/參/夢/子	蛇喰夢子	True	True	1		phrase.anime.tsv	2045	
蛋白質轉譯	ㄉㄢˋ ㄅㄞˊ ㄓˊ ㄓㄨㄢˇ ㄧˋ	科學	1	4	absent			-7.354194117						蛋白質轉一	蛋白質轉譯	蛋白質/轉/一	蛋白質轉譯	True	True	1		phrase.science.tsv	70	
蜂樂迴	ㄈㄥ ㄌㄜˋ ㄏㄨㄟˊ	動漫	1	20	absent			-7.354194117						風樂回	蜂樂迴	風/樂/回	蜂樂迴	True	True	1		phrase.anime.tsv	2046	
蜘蛛膜下腔	ㄓ ㄓㄨ ㄇㄛˊ ㄒㄧㄚˋ ㄑㄧㄤ	醫學	1	3	absent			-7.354194117						蜘蛛膜下將	蜘蛛膜下腔	蜘蛛/膜/下/將	蜘蛛膜下腔	True	True	1		phrase.medicine.tsv	221	
蜜莉姆	ㄇㄧˋ ㄌㄧˋ ㄇㄨˇ	動漫	1	12	absent			-7.354194117						日力母	蜜莉姆	日/力/母	蜜莉姆	True	True	1		phrase.anime.tsv	2050	
蜥蜴僧侶	ㄒㄧ ㄧˋ ㄙㄥ ㄌㄩˇ	動漫	1	13	absent			-7.354194117		蜥蜴/僧侶	4.440910216	蜥蜴/僧侶	4.440910216	西一僧侶	蜥蜴僧侶	西/一/僧侶	蜥蜴僧侶	True	True	1		phrase.anime.tsv	2051	
蝦夷農	ㄒㄧㄚ ㄧˊ ㄋㄨㄥˊ	動漫	1	13	absent			-7.354194117						呀一農	蝦夷農	呀/一/農	蝦夷農	True	True	1		phrase.anime.tsv	2053	
蝦皮	ㄒㄧㄚ ㄆㄧˊ	一般	1	35	absent			-7.354194117						呀皮	蝦皮	呀/皮	蝦皮	True	True	1		phrase.general.tsv	129	
蝶野雛	ㄉㄧㄝˊ ㄧㄝˇ ㄔㄨˊ	動漫	1	15	absent			-7.354194117						跌也除	蝶野雛	跌/也/除	蝶野雛	True	True	1		phrase.anime.tsv	2054	
蝸輪蝸桿	ㄨㄛ ㄌㄨㄣˊ ㄨㄛ ㄍㄢˇ	製造機械	1	10	absent			-7.354194117						渦輪窩感	蝸輪蝸桿	渦輪/窩/感	蝸輪蝸桿	True	True	1		phrase.manufacturing.tsv	113	
蠕變試驗	ㄖㄨˊ ㄅㄧㄢˋ ㄕˋ ㄧㄢˋ	材料化工	1	10	absent			-7.354194117						如變試驗	蠕變試驗	如/變/試驗	蠕變試驗	True	True	1		phrase.materials-chemistry.tsv	90	
蠟筆小新	ㄌㄚˋ ㄅㄧˇ ㄒㄧㄠˇ ㄒㄧㄣ	動漫	1	28	0			-7.354194117		蠟筆/小心	2.920264352	蠟筆/小心	2.920264352	蠟筆小心	蠟筆小新	蠟筆/小心	蠟筆小新	True	True	1		phrase.anime.tsv	2059	
血盟騎士團	ㄒㄧㄝˇ ㄇㄥˊ ㄑㄧˊ ㄕˋ ㄊㄨㄢˊ	動漫	1	11	absent			-7.354194117						寫盟歧視團	血盟騎士團	寫/盟/歧視/團	血盟騎士團	True	True	1		phrase.anime.tsv	2061	
行紀契約	ㄒㄧㄥˊ ㄐㄧˋ ㄑㄧˋ ㄩㄝ	法律	1	13	absent			-7.354194117						行寄契約	行紀契約	行/寄/契約	行紀契約	True	True	1		phrase.law.tsv	156	
術後照護	ㄕㄨˋ ㄏㄡˋ ㄓㄠˋ ㄏㄨˋ	醫學	1	12	absent			-7.354194117						數後照護	術後照護	數/後/照護	術後照護	True	True	1		phrase.medicine.tsv	227	
街口支付	ㄐㄧㄝ ㄎㄡˇ ㄓ ㄈㄨˋ	一般	1	10	absent			-7.354194117		街口/支付	3.198675897	街口/支付	3.198675897	接口支付	街口支付	接/口/支付	街口支付	True	True	1		phrase.general.tsv	135	
衛宮切嗣	ㄨㄟˋ ㄍㄨㄥ ㄑㄧㄝˋ ㄙˋ	動漫	1	22	absent			-7.354194117						為公切四	衛宮切嗣	為公/切/四	衛宮切嗣	True	True	1		phrase.anime.tsv	2062	
衛宮士郎	ㄨㄟˋ ㄍㄨㄥ ㄕˋ ㄌㄤˊ	動漫	1	23	absent			-7.354194117		為公/侍郎	4.813239308	為公/侍郎	4.813239308	為公視郎	衛宮士郎	為/公視/郎	衛宮士郎	True	True	1		phrase.anime.tsv	2063	
衛所制度	ㄨㄟˋ ㄙㄨㄛˇ ㄓˋ ㄉㄨˋ	歷史	1	10	absent			-7.354194117		衛所/制度	3.4549757	衛所/制度	3.4549757	為所制度	衛所制度	為/所/制度	衛所制度	True	True	1		phrase.history.tsv	151	
袋式集塵器	ㄉㄞˋ ㄕˋ ㄐㄧˊ ㄔㄣˊ ㄑㄧˋ	環境能源	1	4	absent			-7.354194117						代是及陳氣	袋式集塵器	代/是/及/陳/氣	袋式集塵器	True	True	1		phrase.energy-environment.tsv	124	
補充複詞	ㄅㄨˇ ㄔㄨㄥ ㄈㄨˋ ㄘˊ	中文	1	11	absent			-7.354194117		補充/副詞	2.789291445	補充/副詞	2.789291445	補充副詞	補充複詞	補充/副詞	補充複詞	True	True	1		phrase.chinese.tsv	121	
製藥工程	ㄓˋ ㄧㄠˋ ㄍㄨㄥ ㄔㄥˊ	生技藥學	1	11	absent			-7.354194117		製藥/工程	2.214311884	製藥/工程	2.214311884	志要工程	製藥工程	志/要/工程	製藥工程	True	True	1		phrase.biotech-pharma.tsv	97	
西安事變	ㄒㄧ ㄢ ㄕˋ ㄅㄧㄢˋ	歷史	1	10	absent			-7.354194117		西安/事變	3.63461426	西安/事變	3.63461426	西安是變	西安事變	西安/是/變	西安事變	True	True	1		phrase.history.tsv	152	
西宮硝子	ㄒㄧ ㄍㄨㄥ ㄒㄧㄠ ㄗ˙	動漫	1	19	absent			-7.354194117						西公消子	西宮硝子	西/公/消/子	西宮硝子	True	True	1		phrase.anime.tsv	2066	
西宮結絃	ㄒㄧ ㄍㄨㄥ ㄐㄧㄝˊ ㄒㄧㄢˊ	動漫	1	17	absent			-7.354194117						西公結嫌	西宮結絃	西/公/結/嫌	西宮結絃	True	True	1		phrase.anime.tsv	2067	
西尾千夏	ㄒㄧ ㄨㄟˇ ㄑㄧㄢ ㄒㄧㄚˋ	動漫	1	11	absent			-7.354194117						西委簽下	西尾千夏	西/委/簽下	西尾千夏	True	True	1		phrase.anime.tsv	2068	
西木野真姬	ㄒㄧ ㄇㄨˋ ㄧㄝˇ ㄓㄣ ㄐㄧ	動漫	1	11	absent			-7.354194117						西目也真跡	西木野真姬	西/目/也/真跡	西木野真姬	True	True	1		phrase.anime.tsv	2069	
西朵莉	ㄒㄧ ㄉㄨㄛˇ ㄌㄧˋ	動漫	1	11	absent			-7.354194117						西躲力	西朵莉	西/躲/力	西朵莉	True	True	1		phrase.anime.tsv	2070	
西田優征	ㄒㄧ ㄊㄧㄢˊ ㄧㄡ ㄓㄥ	動漫	1	11	absent			-7.354194117						西田優爭	西田優征	西/田/優/爭	西田優征	True	True	1		phrase.anime.tsv	2074	
西莉卡	ㄒㄧ ㄌㄧˋ ㄎㄚˇ	動漫	1	12	absent			-7.354194117						犀利卡	西莉卡	犀利/卡	西莉卡	True	True	1		phrase.anime.tsv	2076	
西谷夕	ㄒㄧ ㄍㄨˇ ㄒㄧˋ	動漫	1	12	absent			-7.354194117						溪谷系	西谷夕	溪谷/系	西谷夕	True	True	1		phrase.anime.tsv	2078	
見崎鳴	ㄐㄧㄢˋ ㄑㄧˊ ㄇㄧㄥˊ	動漫	1	15	absent			-7.354194117						建其明	見崎鳴	建/其/明	見崎鳴	True	True	1		phrase.anime.tsv	2081	
言峰綺禮	ㄧㄢˊ ㄈㄥ ㄑㄧˇ ㄌㄧˇ	動漫	1	15	absent			-7.354194117						沿風起理	言峰綺禮	沿/風/起/理	言峰綺禮	True	True	1		phrase.anime.tsv	2083	
訴之利益	ㄙㄨˋ ㄓ ㄌㄧˋ ㄧˋ	法律	1	12	absent			-7.354194117						素之利益	訴之利益	素/之/利益	訴之利益	True	True	1		phrase.law.tsv	161	
詞祈艾	ㄘˊ ㄑㄧˊ ㄞˋ	動漫	1	10	absent			-7.354194117						詞其愛	詞祈艾	詞/其/愛	詞祈艾	True	True	1		phrase.anime.tsv	2086	
語用學	ㄩˇ ㄩㄥˋ ㄒㄩㄝˊ	中文	1	12	absent			-7.354194117						與用學	語用學	與/用/學	語用學	True	True	1		phrase.chinese.tsv	128	
諏訪原戒	ㄗㄡ ㄈㄤˇ ㄩㄢˊ ㄐㄧㄝˋ	動漫	1	11	absent			-7.354194117						鄒訪員界	諏訪原戒	鄒/訪/員/界	諏訪原戒	True	True	1		phrase.anime.tsv	2090	
諏訪賴重	ㄗㄡ ㄈㄤˇ ㄌㄞˋ ㄓㄨㄥˋ	動漫	1	15	absent			-7.354194117						鄒訪來重	諏訪賴重	鄒/訪/來/重	諏訪賴重	True	True	1		phrase.anime.tsv	2091	
諧振轉換器	ㄒㄧㄝˊ ㄓㄣˋ ㄓㄨㄢˇ ㄏㄨㄢˋ ㄑㄧˋ	電子電機	1	3	absent			-7.354194117						協鎮轉換器	諧振轉換器	協/鎮/轉換器	諧振轉換器	True	True	1		phrase.electronics.tsv	167	
諸星當	ㄓㄨ ㄒㄧㄥ ㄉㄤ	動漫	1	20	absent			-7.354194117						列星當	諸星當	列/星/當	諸星當	True	True	1		phrase.anime.tsv	2092	
諸神黃昏	ㄓㄨ ㄕㄣˊ ㄏㄨㄤˊ ㄏㄨㄣ	動漫	1	13	absent			-7.354194117						列什黃昏	諸神黃昏	列/什/黃昏	諸神黃昏	True	True	1		phrase.anime.tsv	2093	
諸葛岳人	ㄓㄨ ㄍㄜˊ ㄩㄝˋ ㄖㄣˊ	動漫	1	15	absent			-7.354194117						諸葛月人	諸葛岳人	諸葛/月/人	諸葛岳人	True	True	1		phrase.anime.tsv	2095	
諸葛澤	ㄓㄨ ㄍㄜˊ ㄗㄜˊ	動漫	1	10	absent			-7.354194117						諸葛則	諸葛澤	諸葛/則	諸葛澤	True	True	1		phrase.anime.tsv	2096	
諾兒菈艾倫	ㄋㄨㄛˋ ㄦˊ ㄌㄚ ㄞˋ ㄌㄨㄣˊ	動漫	1	16	absent			-7.354194117						諾而拉艾倫	諾兒菈艾倫	諾/而/拉/艾倫	諾兒菈艾倫	True	True	1		phrase.anime.tsv	2097	
諾瓦克	ㄋㄨㄛˋ ㄨㄚˇ ㄎㄜˋ	動漫	1	16	absent			-7.354194117						諾瓦客	諾瓦克	諾/瓦/客	諾瓦克	True	True	1		phrase.anime.tsv	2099	
諾艾兒	ㄋㄨㄛˋ ㄞˋ ㄦˊ	動漫	1	16	absent			-7.354194117						諾愛而	諾艾兒	諾/愛/而	諾艾兒	True	True	1		phrase.anime.tsv	2100	
謝爾凡	ㄒㄧㄝˋ ㄦˇ ㄈㄢˊ	動漫	1	22	absent			-7.354194117						謝爾繁	謝爾凡	謝/爾/繁	謝爾凡	True	True	1		phrase.anime.tsv	2103	
謝絲妲	ㄒㄧㄝˋ ㄙ ㄉㄚˊ	動漫	1	15	absent			-7.354194117						謝司達	謝絲妲	謝/司/達	謝絲妲	True	True	1		phrase.anime.tsv	2104	
豐濱和香	ㄈㄥ ㄅㄧㄣ ㄏㄜˊ ㄒㄧㄤ	動漫	1	12	absent			-7.354194117						豐濱和相	豐濱和香	豐濱/和/相	豐濱和香	True	True	1		phrase.anime.tsv	2108	
豪瑟	ㄏㄠˊ ㄙㄜˋ	動漫	1	13	absent			-7.354194117						號色	豪瑟	號/色	豪瑟	True	True	1		phrase.anime.tsv	2109	
豬熊陽子	ㄓㄨ ㄒㄩㄥˊ ㄧㄤˊ ㄗ˙	動漫	1	11	absent			-7.354194117						列雄陽子	豬熊陽子	列/雄/陽/子	豬熊陽子	True	True	1		phrase.anime.tsv	2110	
豬股大喜	ㄓㄨ ㄍㄨˇ ㄉㄚˋ ㄒㄧˇ	動漫	1	20	absent			-7.354194117		豬骨/大喜	5.223860349	豬骨/大喜	5.223860349	豬骨大喜	豬股大喜	豬骨/大喜	豬股大喜	True	True	1		phrase.anime.tsv	2111	
貝他係數	ㄅㄟˋ ㄊㄚ ㄒㄧˋ ㄕㄨˋ	財會金融	1	10	absent			-7.354194117		貝他/係數	4.720725662	貝他/係數	4.720725662	被他係數	貝他係數	被/他/係數	貝他係數	True	True	1		phrase.finance.tsv	134	
貝兒翠絲	ㄅㄟˋ ㄦˊ ㄘㄨㄟˋ ㄙ	動漫	1	13	absent			-7.354194117						被而脆司	貝兒翠絲	被/而/脆/司	貝兒翠絲	True	True	1		phrase.anime.tsv	2117	
貝內迪克特	ㄅㄟˋ ㄋㄟˋ ㄉㄧˊ ㄎㄜˋ ㄊㄜˋ	動漫	1	14	absent			-7.354194117						被內的客特	貝內迪克特	被/內/的/客/特	貝內迪克特	True	True	1		phrase.anime.tsv	2118	
貝卡斯	ㄅㄟˋ ㄎㄚˇ ㄙ	動漫	1	11	absent			-7.354194117						被卡司	貝卡斯	被/卡司	貝卡斯	True	True	1		phrase.anime.tsv	2119	
貝吉塔	ㄅㄟˋ ㄐㄧˊ ㄊㄚˇ	動漫	1	22	absent			-7.354194117						被及塔	貝吉塔	被/及/塔	貝吉塔	True	True	1		phrase.anime.tsv	2120	
貝爾克朗尼	ㄅㄟˋ ㄦˇ ㄎㄜˋ ㄌㄤˇ ㄋㄧˊ	動漫	1	21	absent			-7.354194117						貝爾客朗呢	貝爾克朗尼	貝爾/客/朗/呢	貝爾克朗尼	True	True	1		phrase.anime.tsv	2121	
貝阿朵莉切	ㄅㄟˋ ㄚ ㄉㄨㄛˇ ㄌㄧˋ ㄑㄧㄝˋ	動漫	1	15	absent			-7.354194117						被阿躲力切	貝阿朵莉切	被/阿/躲/力/切	貝阿朵莉切	True	True	1		phrase.anime.tsv	2123	
負偏壓	ㄈㄨˋ ㄆㄧㄢ ㄧㄚ	晶片半導體	1	11	absent			-7.354194117						附篇壓	負偏壓	附/篇/壓	負偏壓	True	True	1		phrase.semiconductor.tsv	151	
負增強	ㄈㄨˋ ㄗㄥ ㄑㄧㄤˊ	心理社會	1	12	absent			-7.354194117						附增強	負增強	附/增強	負增強	True	True	1		phrase.psychology-society.tsv	83	
負懲罰	ㄈㄨˋ ㄔㄥˊ ㄈㄚˊ	心理社會	1	12	absent			-7.354194117						附懲罰	負懲罰	附/懲罰	負懲罰	True	True	1		phrase.psychology-society.tsv	84	
費倫	ㄈㄟˋ ㄌㄨㄣˊ	動漫	1	21	absent			-7.354194117						費輪	費倫	費/輪	費倫	True	True	1		phrase.anime.tsv	2126	
費拉特厄	ㄈㄟˋ ㄌㄚ ㄊㄜˋ ㄜˋ	動漫	1	12	absent			-7.354194117						費拉特惡	費拉特厄	費/拉/特/惡	費拉特厄	True	True	1		phrase.anime.tsv	2127	
費雷斯	ㄈㄟˋ ㄌㄟˊ ㄙ	動漫	1	11	absent			-7.354194117						費雷司	費雷斯	費/雷/司	費雷斯	True	True	1		phrase.anime.tsv	2128	
賢狼赫蘿	ㄒㄧㄢˊ ㄌㄤˊ ㄏㄜˋ ㄌㄨㄛˊ	動漫	1	13	absent			-7.354194117						嫌郎和羅	賢狼赫蘿	嫌/郎/和/羅	賢狼赫蘿	True	True	1		phrase.anime.tsv	2129	
賣藥郎	ㄇㄞˋ ㄧㄠˋ ㄌㄤˊ	動漫	1	18	absent			-7.354194117						賣要郎	賣藥郎	賣/要/郎	賣藥郎	True	True	1		phrase.anime.tsv	2130	
質譜分析	ㄓˋ ㄆㄨˇ ㄈㄣ ㄒㄧ	生技藥學	1	13	absent			-7.354194117						志普分析	質譜分析	志/普/分析	質譜分析	True	True	1		phrase.biotech-pharma.tsv	102	
質點缺陷	ㄓˊ ㄉㄧㄢˇ ㄑㄩㄝ ㄒㄧㄢˋ	材料化工	1	9	absent			-7.354194117		質點/缺陷	4.61225504	質點/缺陷	4.61225504	職點缺陷	質點缺陷	職/點/缺陷	質點缺陷	True	True	1		phrase.materials-chemistry.tsv	97	
賽卡零	ㄙㄞˋ ㄎㄚˇ ㄌㄧㄥˊ	動漫	1	12	absent			-7.354194117						賽卡靈	賽卡零	賽/卡/靈	賽卡零	True	True	1		phrase.anime.tsv	2133	
賽巴斯欽	ㄙㄞˋ ㄅㄚ ㄙ ㄑㄧㄣ	動漫	1	19	absent			-7.354194117						賽八司親	賽巴斯欽	賽/八/司/親	賽巴斯欽	True	True	1		phrase.anime.tsv	2134	
賽蕾嘉	ㄙㄞˋ ㄌㄟˇ ㄐㄧㄚ	動漫	1	15	absent			-7.354194117						賽累加	賽蕾嘉	賽/累加	賽蕾嘉	True	True	1		phrase.anime.tsv	2135	
贓物罪	ㄗㄤ ㄨˋ ㄗㄨㄟˋ	法律	1	10	absent			-7.354194117						贓物最	贓物罪	贓物/最	贓物罪	True	True	1		phrase.law.tsv	176	
赤井秀一	ㄔˋ ㄐㄧㄥˇ ㄒㄧㄡˋ ㄧ	動漫	1	9	absent			-7.354194117						赤景秀一	赤井秀一	赤/景/秀/一	赤井秀一	True	True	1		phrase.anime.tsv	2136	
赤司征十郎	ㄔˋ ㄙ ㄓㄥ ㄕˊ ㄌㄤˊ	動漫	1	10	absent			-7.354194117						赤司爭時郎	赤司征十郎	赤/司/爭/時/郎	赤司征十郎	True	True	1		phrase.anime.tsv	2137	
赤木剛憲	ㄔˋ ㄇㄨˋ ㄍㄤ ㄒㄧㄢˋ	動漫	1	19	absent			-7.354194117						赤目剛現	赤木剛憲	赤/目/剛/現	赤木剛憲	True	True	1		phrase.anime.tsv	2138	
赤根葵	ㄔˋ ㄍㄣ ㄎㄨㄟˊ	動漫	1	12	absent			-7.354194117						赤跟魁	赤根葵	赤/跟/魁	赤根葵	True	True	1		phrase.anime.tsv	2139	
赤澤泉美	ㄔˋ ㄗㄜˊ ㄑㄩㄢˊ ㄇㄟˇ	動漫	1	14	absent			-7.354194117		斥責/全美	3.880561191	斥責/全美	3.880561191	斥責全美	赤澤泉美	斥責/全美	赤澤泉美	True	True	1		phrase.anime.tsv	2140	
赤紅之瞳	ㄔˋ ㄏㄨㄥˊ ㄓ ㄊㄨㄥˊ	動漫	1	20	absent			-7.354194117						赤紅之同	赤紅之瞳	赤/紅/之/同	赤紅之瞳	True	True	1		phrase.anime.tsv	2142	
赤羽業	ㄔˋ ㄩˇ ㄧㄝˋ	動漫	1	17	absent			-7.354194117						赤與業	赤羽業	赤/與/業	赤羽業	True	True	1		phrase.anime.tsv	2143	
赤羽雷真	ㄔˋ ㄩˇ ㄌㄟˊ ㄓㄣ	動漫	1	17	absent			-7.354194117						赤與雷真	赤羽雷真	赤/與/雷/真	赤羽雷真	True	True	1		phrase.anime.tsv	2144	
赤髮白雪姬	ㄔˋ ㄈㄚˇ ㄅㄞˊ ㄒㄩㄝˇ ㄐㄧ	動漫	1	20	absent			-7.354194117						赤法白雪機	赤髮白雪姬	赤/法/白雪/機	赤髮白雪姬	True	True	1		phrase.anime.tsv	2145	
赫斯緹雅	ㄏㄜˋ ㄙ ㄊㄧˊ ㄧㄚˇ	動漫	1	18	absent			-7.354194117						赫斯題亞	赫斯緹雅	赫斯/題/亞	赫斯緹雅	True	True	1		phrase.anime.tsv	2146	
超電磁砲	ㄔㄠ ㄉㄧㄢˋ ㄘˊ ㄆㄠˋ	動漫	1	25	absent			-7.354194117						抄電磁泡	超電磁砲	抄/電磁/泡	超電磁砲	True	True	1		phrase.anime.tsv	2148	
越前龍馬	ㄩㄝˋ ㄑㄧㄢˊ ㄌㄨㄥˊ ㄇㄚˇ	動漫	1	21	absent			-7.354194117						月乾隆馬	越前龍馬	月/乾隆/馬	越前龍馬	True	True	1		phrase.anime.tsv	2149	
越谷夏海	ㄩㄝˋ ㄍㄨˇ ㄒㄧㄚˋ ㄏㄞˇ	動漫	1	14	absent			-7.354194117						月古下海	越谷夏海	月/古/下海	越谷夏海	True	True	1		phrase.anime.tsv	2150	
越谷小鞠	ㄩㄝˋ ㄍㄨˇ ㄒㄧㄠˇ ㄐㄩˊ	動漫	1	13	absent			-7.354194117						月古小局	越谷小鞠	月/古/小/局	越谷小鞠	True	True	1		phrase.anime.tsv	2151	
跡部景吾	ㄐㄧ ㄅㄨˋ ㄐㄧㄥˇ ㄨˊ	動漫	1	12	absent			-7.354194117						機佈景無	跡部景吾	機/佈景/無	跡部景吾	True	True	1		phrase.anime.tsv	2153	
路克賽科爾	ㄌㄨˋ ㄎㄜˋ ㄙㄞˋ ㄎㄜ ㄦˇ	動漫	1	9	absent			-7.354194117						陸客賽科爾	路克賽科爾	陸客/賽/科爾	路克賽科爾	True	True	1		phrase.anime.tsv	2156	
躍動青春	ㄩㄝˋ ㄉㄨㄥˋ ㄑㄧㄥ ㄔㄨㄣ	動漫	1	21	absent			-7.354194117		躍動/青春	3.971276982	躍動/青春	3.971276982	月動青春	躍動青春	月/動/青春	躍動青春	True	True	1		phrase.anime.tsv	2159	
輔助踢細胞	ㄈㄨˇ ㄓㄨˋ ㄊㄧ ㄒㄧˋ ㄅㄠ	動漫	1	11	absent			-7.354194117						輔助梯細胞	輔助踢細胞	輔助/梯/細胞	輔助踢細胞	True	True	1		phrase.anime.tsv	2162	輔助T細胞
輕音部	ㄑㄧㄥ ㄧㄣ ㄅㄨˋ	動漫	1	14	absent			-7.354194117						清因不	輕音部	清/因/不	輕音部	True	True	1		phrase.anime.tsv	2164	
輝夜姬	ㄏㄨㄟ ㄧㄝˋ ㄐㄧ	動漫	1	23	absent			-7.354194117						灰業績	輝夜姬	灰/業績	輝夜姬	True	True	1		phrase.anime.tsv	2165	
輪入道	ㄌㄨㄣˊ ㄖㄨˋ ㄉㄠˋ	動漫	1	13	absent			-7.354194117						輪入到	輪入道	輪/入/到	輪入道	True	True	1		phrase.anime.tsv	2166	
輪堂鴉夜	ㄌㄨㄣˊ ㄊㄤˊ ㄧㄚ ㄧㄝˋ	動漫	1	18	absent			-7.354194117						輪堂壓業	輪堂鴉夜	輪/堂/壓/業	輪堂鴉夜	True	True	1		phrase.anime.tsv	2167	
輸電線路	ㄕㄨ ㄉㄧㄢˋ ㄒㄧㄢˋ ㄌㄨˋ	環境能源	1	10	absent			-7.354194117		書店/線路	2.734089308	書店/線路	2.734089308	書店線路	輸電線路	書店/線路	輸電線路	True	True	1		phrase.energy-environment.tsv	131	
轉胺酶	ㄓㄨㄢˇ ㄢˋ ㄇㄟˊ	醫學	1	13	absent			-7.354194117						轉暗沒	轉胺酶	轉/暗/沒	轉胺酶	True	True	1		phrase.medicine.tsv	232	
轟焦凍	ㄏㄨㄥ ㄐㄧㄠ ㄉㄨㄥˋ	動漫	1	16	absent			-7.354194117						轟交動	轟焦凍	轟/交/動	轟焦凍	True	True	1		phrase.anime.tsv	2171	
辛耶諾贊	ㄒㄧㄣ ㄧㄝ ㄋㄨㄛˋ ㄗㄢˋ	動漫	1	20	absent			-7.354194117						心耶諾贊	辛耶諾贊	心/耶/諾/贊	辛耶諾贊	True	True	1		phrase.anime.tsv	2175	
辰石幸次	ㄔㄣˊ ㄕˊ ㄒㄧㄥˋ ㄘˋ	動漫	1	13	absent			-7.354194117						陳食性次	辰石幸次	陳/食性/次	辰石幸次	True	True	1		phrase.anime.tsv	2176	
農育權	ㄋㄨㄥˊ ㄩˋ ㄑㄩㄢˊ	法律	1	12	absent			-7.354194117						濃郁全	農育權	濃郁/全	農育權	True	True	1		phrase.law.tsv	177	
近藤勇	ㄐㄧㄣˋ ㄊㄥˊ ㄩㄥˇ	動漫	1	9	absent			-7.354194117						進騰永	近藤勇	進/騰/永	近藤勇	True	True	1		phrase.anime.tsv	2177	
返馳式	ㄈㄢˇ ㄔˊ ㄕˋ	電子電機	1	11	absent			-7.354194117						反持是	返馳式	反/持/是	返馳式	True	True	1		phrase.electronics.tsv	173	
迦勒底	ㄐㄧㄚ ㄌㄜˋ ㄉㄧˇ	動漫	1	15	absent			-7.354194117						加樂底	迦勒底	加/樂/底	迦勒底	True	True	1		phrase.anime.tsv	2178	
迪亞布羅	ㄉㄧˊ ㄧㄚˇ ㄅㄨˋ ㄌㄨㄛˊ	動漫	1	11	absent			-7.354194117						的亞不羅	迪亞布羅	的/亞/不/羅	迪亞布羅	True	True	1		phrase.anime.tsv	2179	
迪奧布蘭度	ㄉㄧˊ ㄠˋ ㄅㄨˋ ㄌㄢˊ ㄉㄨˋ	動漫	1	11	absent			-7.354194117						的奧不蘭度	迪奧布蘭度	的/奧/不/蘭/度	迪奧布蘭度	True	True	1		phrase.anime.tsv	2180	
迪斯迪斯	ㄉㄧˊ ㄙ ㄉㄧˊ ㄙ	動漫	1	17	absent			-7.354194117						的司的司	迪斯迪斯	的/司/的/司	迪斯迪斯	True	True	1		phrase.anime.tsv	2181	
迪歐	ㄉㄧˊ ㄡ	動漫	1	15	absent			-7.354194117						的歐	迪歐	的/歐	迪歐	True	True	1		phrase.anime.tsv	2182	
迪米烏哥斯	ㄉㄧˊ ㄇㄧˇ ㄨ ㄍㄜ ㄙ	動漫	1	15	absent			-7.354194117						的米於歌司	迪米烏哥斯	的/米/於/歌/司	迪米烏哥斯	True	True	1		phrase.anime.tsv	2184	
迴歸模型	ㄏㄨㄟˊ ㄍㄨㄟ ㄇㄛˊ ㄒㄧㄥˊ	AI資料科學	1	14	absent			-7.354194117		回歸/模型	2.305620259	回歸/模型	2.305620259	回歸模型	迴歸模型	回歸/模型	迴歸模型	True	True	1		phrase.ai-data-science.tsv	156	
逃若黨	ㄊㄠˊ ㄖㄨㄛˋ ㄉㄤˇ	動漫	1	12	absent			-7.354194117						桃若擋	逃若黨	桃/若/擋	逃若黨	True	True	1		phrase.anime.tsv	2187	
逆流症	ㄋㄧˋ ㄌㄧㄡˊ ㄓㄥˋ	醫學	1	11	absent			-7.354194117						逆流政	逆流症	逆流/政	逆流症	True	True	1		phrase.medicine.tsv	234	
通假字	ㄊㄨㄥ ㄐㄧㄚˇ ㄗˋ	中文	1	13	absent			-7.354194117						通假自	通假字	通/假/自	通假字	True	True	1		phrase.chinese.tsv	139	
速動比率	ㄙㄨˋ ㄉㄨㄥˋ ㄅㄧˇ ㄌㄩˋ	財會金融	1	12	absent			-7.354194117						素動比率	速動比率	素/動/比率	速動比率	True	True	1		phrase.finance.tsv	158	
逢坂壯五	ㄈㄥˊ ㄅㄢˇ ㄓㄨㄤˋ ㄨˇ	動漫	1	9	absent			-7.354194117						逢版狀五	逢坂壯五	逢/版/狀/五	逢坂壯五	True	True	1		phrase.anime.tsv	2191	
逢坂大河	ㄈㄥˊ ㄅㄢˇ ㄉㄚˋ ㄏㄜˊ	動漫	1	19	absent			-7.354194117						逢版大和	逢坂大河	逢/版/大/和	逢坂大河	True	True	1		phrase.anime.tsv	2192	
連動句	ㄌㄧㄢˊ ㄉㄨㄥˋ ㄐㄩˋ	中文	1	10	absent			-7.354194117						連動具	連動句	連/動/具	連動句	True	True	1		phrase.chinese.tsv	140	
連接埠轉換	ㄌㄧㄢˊ ㄐㄧㄝ ㄅㄨˋ ㄓㄨㄢˇ ㄏㄨㄢˋ	網路資安	1	4	absent			-7.354194117						連接不轉換	連接埠轉換	連接/不/轉換	連接埠轉換	True	True	1		phrase.network-security.tsv	163	
進藤光	ㄐㄧㄣˋ ㄊㄥˊ ㄍㄨㄤ	動漫	1	20	absent			-7.354194117						進騰光	進藤光	進/騰/光	進藤光	True	True	1		phrase.anime.tsv	2194	
逸散污染源	ㄧˋ ㄙㄢˋ ㄨ ㄖㄢˇ ㄩㄢˊ	環境能源	1	3	absent			-7.354194117						一散污染源	逸散污染源	一/散/污染源	逸散污染源	True	True	1		phrase.energy-environment.tsv	134	
過動症	ㄍㄨㄛˋ ㄉㄨㄥˋ ㄓㄥˋ	教育	1	10	absent			-7.354194117						過動政	過動症	過/動/政	過動症	True	True	1		phrase.education.tsv	106	
達克妮絲	ㄉㄚˊ ㄎㄜˋ ㄋㄧˊ ㄙ	動漫	1	15	absent			-7.354194117						答客尼斯	達克妮絲	答/客/尼斯	達克妮絲	True	True	1		phrase.anime.tsv	2200	
達米安	ㄉㄚˊ ㄇㄧˇ ㄢ	動漫	1	14	absent			-7.354194117						答米安	達米安	答/米/安	達米安	True	True	1		phrase.anime.tsv	2202	
遠坂凜	ㄩㄢˇ ㄅㄢˇ ㄌㄧㄣˇ	動漫	1	17	absent			-7.354194117						遠版凜	遠坂凜	遠/版/凜	遠坂凜	True	True	1		phrase.anime.tsv	2203	
遠山倫	ㄩㄢˇ ㄕㄢ ㄌㄨㄣˊ	動漫	1	14	absent			-7.354194117						遠山輪	遠山倫	遠山/輪	遠山倫	True	True	1		phrase.anime.tsv	2204	
遠藤健兒	ㄩㄢˇ ㄊㄥˊ ㄐㄧㄢˋ ㄦˊ	動漫	1	20	absent			-7.354194117		遠藤/健兒	5.655224113	遠藤/健兒	5.655224113	遠藤建而	遠藤健兒	遠藤/建/而	遠藤健兒	True	True	1		phrase.anime.tsv	2206	
遠藤神乃	ㄩㄢˇ ㄊㄥˊ ㄕㄣˊ ㄋㄞˇ	動漫	1	17	absent			-7.354194117						遠藤什乃	遠藤神乃	遠藤/什/乃	遠藤神乃	True	True	1		phrase.anime.tsv	2207	
遠野美凪	ㄩㄢˇ ㄧㄝˇ ㄇㄟˇ ㄓˇ	動漫	1	11	absent			-7.354194117						遠也美只	遠野美凪	遠/也/美/只	遠野美凪	True	True	1		phrase.anime.tsv	2208	
邪王真眼	ㄒㄧㄝˊ ㄨㄤˊ ㄓㄣ ㄧㄢˇ	動漫	1	13	absent			-7.354194117						協王真演	邪王真眼	協/王/真/演	邪王真眼	True	True	1		phrase.anime.tsv	2212	
郁永河事件	ㄩˋ ㄩㄥˇ ㄏㄜˊ ㄕˋ ㄐㄧㄢˋ	歷史	1	3	absent			-7.354194117						育永和市建	郁永河事件	育/永和市/建	郁永河事件	True	True	1		phrase.history.tsv	165	
郡國並行	ㄐㄩㄣˋ ㄍㄨㄛˊ ㄅㄧㄥˋ ㄒㄧㄥˊ	歷史	1	10	absent			-7.354194117		俊國/並行	4.214315031	俊國/並行	4.214315031	俊國並行	郡國並行	俊/國/並行	郡國並行	True	True	1		phrase.history.tsv	166	
配位化學	ㄆㄟˋ ㄨㄟˋ ㄏㄨㄚˋ ㄒㄩㄝˊ	科學	1	12	absent			-7.354194117						佩為化學	配位化學	佩/為/化學	配位化學	True	True	1		phrase.science.tsv	77	
配位聚合	ㄆㄟˋ ㄨㄟˋ ㄐㄩˋ ㄏㄜˊ	材料化工	1	12	absent			-7.354194117						佩畏懼和	配位聚合	佩/畏懼/和	配位聚合	True	True	1		phrase.materials-chemistry.tsv	103	
配送車隊	ㄆㄟˋ ㄙㄨㄥˋ ㄔㄜ ㄉㄨㄟˋ	交通物流	1	14	absent			-7.354194117						佩送車隊	配送車隊	佩/送/車隊	配送車隊	True	True	1		phrase.transport-logistics.tsv	99	
配電饋線	ㄆㄟˋ ㄉㄧㄢˋ ㄎㄨㄟˋ ㄒㄧㄢˋ	環境能源	1	11	absent			-7.354194117						佩電饋線	配電饋線	佩/電/饋/線	配電饋線	True	True	1		phrase.energy-environment.tsv	137	
酷拉皮卡	ㄎㄨˋ ㄌㄚ ㄆㄧˊ ㄎㄚˇ	動漫	1	18	absent			-7.354194117						庫拉皮卡	酷拉皮卡	庫/拉皮/卡	酷拉皮卡	True	True	1		phrase.anime.tsv	2215	
醛固酮	ㄑㄩㄢˊ ㄍㄨˋ ㄊㄨㄥˊ	醫學	1	9	absent			-7.354194117						全故同	醛固酮	全/故/同	醛固酮	True	True	1		phrase.medicine.tsv	241	
里包恩	ㄌㄧˇ ㄅㄠ ㄣ	動漫	1	17	absent			-7.354194117						理包恩	里包恩	理/包/恩	里包恩	True	True	1		phrase.anime.tsv	2217	
里歐弗提亞	ㄌㄧˇ ㄡ ㄈㄨˊ ㄊㄧˊ ㄧㄚˇ	動漫	1	15	absent			-7.354194117						理歐服題亞	里歐弗提亞	理/歐/服/題/亞	里歐弗提亞	True	True	1		phrase.anime.tsv	2219	
里甲制度	ㄌㄧˇ ㄐㄧㄚˇ ㄓˋ ㄉㄨˋ	歷史	1	12	absent			-7.354194117						理假制度	里甲制度	理/假/制度	里甲制度	True	True	1		phrase.history.tsv	167	
里維阿卡曼	ㄌㄧˇ ㄨㄟˊ ㄚ ㄎㄚˇ ㄇㄢˋ	動漫	1	17	absent			-7.354194117						理為阿卡慢	里維阿卡曼	理/為/阿/卡/慢	里維阿卡曼	True	True	1		phrase.anime.tsv	2220	
里見菜穗子	ㄌㄧˇ ㄐㄧㄢˋ ㄘㄞˋ ㄙㄨㄟˋ ㄗ˙	動漫	1	15	absent			-7.354194117						理建菜歲子	里見菜穗子	理/建/菜/歲/子	里見菜穗子	True	True	1		phrase.anime.tsv	2221	
野原廣志	ㄧㄝˇ ㄩㄢˊ ㄍㄨㄤˇ ㄓˋ	動漫	1	19	absent			-7.354194117						也員廣至	野原廣志	也/員/廣/至	野原廣志	True	True	1		phrase.anime.tsv	2222	
野原新之助	ㄧㄝˇ ㄩㄢˊ ㄒㄧㄣ ㄓ ㄓㄨˋ	動漫	1	25	absent			-7.354194117						也員新知助	野原新之助	也/員/新知/助	野原新之助	True	True	1		phrase.anime.tsv	2223	
野原美冴	ㄧㄝˇ ㄩㄢˊ ㄇㄟˇ ㄏㄨˋ	動漫	1	22	absent			-7.354194117						也員美護	野原美冴	也/員/美/護	野原美冴	True	True	1		phrase.anime.tsv	2224	
野原葵	ㄧㄝˇ ㄩㄢˊ ㄎㄨㄟˊ	動漫	1	17	absent			-7.354194117						也員魁	野原葵	也/員/魁	野原葵	True	True	1		phrase.anime.tsv	2225	
野崎梅太郎	ㄧㄝˇ ㄑㄧˊ ㄇㄟˊ ㄊㄞˋ ㄌㄤˊ	動漫	1	21	absent			-7.354194117						也其沒太郎	野崎梅太郎	也/其/沒/太郎	野崎梅太郎	True	True	1		phrase.anime.tsv	2227	
野田妹	ㄧㄝˇ ㄊㄧㄢˊ ㄇㄟˋ	動漫	1	13	absent			-7.354194117						也田妹	野田妹	也/田/妹	野田妹	True	True	1		phrase.anime.tsv	2228	
野田惠	ㄧㄝˇ ㄊㄧㄢˊ ㄏㄨㄟˋ	動漫	1	21	absent			-7.354194117						也田會	野田惠	也/田/會	野田惠	True	True	1		phrase.anime.tsv	2229	
金木研	ㄐㄧㄣ ㄇㄨˋ ㄧㄢˊ	動漫	1	21	absent			-7.354194117						今目研	金木研	今/目/研	金木研	True	True	1		phrase.anime.tsv	2231	
金森沙耶加	ㄐㄧㄣ ㄙㄣ ㄕㄚ ㄧㄝ ㄐㄧㄚ	動漫	1	15	absent			-7.354194117						今森殺耶家	金森沙耶加	今/森/殺/耶/家	金森沙耶加	True	True	1		phrase.anime.tsv	2232	
金氧半	ㄐㄧㄣ ㄧㄤˇ ㄅㄢˋ	晶片半導體	1	12	absent			-7.354194117						今養辦	金氧半	今/養/辦	金氧半	True	True	1		phrase.semiconductor.tsv	162	
金田一	ㄐㄧㄣ ㄊㄧㄢˊ ㄧ	動漫	1	25	absent			-7.354194117						今田一	金田一	今/田/一	金田一	True	True	1		phrase.anime.tsv	2233	
金田一一	ㄐㄧㄣ ㄊㄧㄢˊ ㄧ ㄧ	動漫	1	22	absent			-7.354194117						今田一一	金田一一	今/田/一一	金田一一	True	True	1		phrase.anime.tsv	2234	
金相分析	ㄐㄧㄣ ㄒㄧㄤˋ ㄈㄣ ㄒㄧ	材料化工	1	11	absent			-7.354194117		金相/分析	3.711927498	金相/分析	3.711927498	今像分析	金相分析	今/像/分析	金相分析	True	True	1		phrase.materials-chemistry.tsv	108	
釘崎野薔薇	ㄉㄧㄥ ㄑㄧˊ ㄧㄝˇ ㄑㄧㄤˊ ㄨㄟˊ	動漫	1	19	absent			-7.354194117						丁其也薔薇	釘崎野薔薇	丁/其/也/薔薇	釘崎野薔薇	True	True	1		phrase.anime.tsv	2236	
針目縫	ㄓㄣ ㄇㄨˋ ㄈㄥˊ	動漫	1	12	absent			-7.354194117						真目逢	針目縫	真/目/逢	針目縫	True	True	1		phrase.anime.tsv	2237	
鈑金加工	ㄅㄢˇ ㄐㄧㄣ ㄐㄧㄚ ㄍㄨㄥ	製造機械	1	9	absent			-7.354194117						版今加工	鈑金加工	版/今/加工	鈑金加工	True	True	1		phrase.manufacturing.tsv	134	
鈴井涼太	ㄌㄧㄥˊ ㄐㄧㄥˇ ㄌㄧㄤˊ ㄊㄞˋ	動漫	1	16	absent			-7.354194117						零景良太	鈴井涼太	零/景/良/太	鈴井涼太	True	True	1		phrase.anime.tsv	2238	
鈴屋什造	ㄌㄧㄥˊ ㄨ ㄕㄜˊ ㄗㄠˋ	動漫	1	12	absent			-7.354194117						零於什造	鈴屋什造	零/於/什/造	鈴屋什造	True	True	1		phrase.anime.tsv	2239	
鈴芽之旅	ㄌㄧㄥˊ ㄧㄚˊ ㄓ ㄌㄩˇ	動漫	1	25	absent			-7.354194117						零牙之旅	鈴芽之旅	零/牙/之/旅	鈴芽之旅	True	True	1		phrase.anime.tsv	2240	
銀之匙	ㄧㄣˊ ㄓ ㄔˊ	動漫	1	22	absent			-7.354194117						銀支持	銀之匙	銀/支持	銀之匙	True	True	1		phrase.anime.tsv	2242	
銅合金	ㄊㄨㄥˊ ㄏㄜˊ ㄐㄧㄣ	材料化工	1	14	absent			-7.354194117						同合金	銅合金	同/合金	銅合金	True	True	1		phrase.materials-chemistry.tsv	110	
銛之塚崇	ㄒㄧㄢ ㄓ ㄓㄨㄥˇ ㄔㄨㄥˊ	動漫	1	10	absent			-7.354194117						先之種重	銛之塚崇	先/之/種/重	銛之塚崇	True	True	1		phrase.anime.tsv	2245	
鋼材熱性質	ㄍㄤ ㄘㄞˊ ㄖㄜˋ ㄒㄧㄥˋ ㄓˋ	材料化工	1	3	absent			-7.354194117						剛才熱興致	鋼材熱性質	剛才/熱/興致	鋼材熱性質	True	True	1		phrase.materials-chemistry.tsv	113	
鋼材熱處理	ㄍㄤ ㄘㄞˊ ㄖㄜˋ ㄔㄨˇ ㄌㄧˇ	材料化工	1	2	absent			-7.354194117		剛才/熱處理	3.706811147	剛才/熱處理	3.706811147	剛才熱處理	鋼材熱處理	剛才/熱處理	鋼材熱處理	True	True	1		phrase.materials-chemistry.tsv	114	
鋼纖維	ㄍㄤ ㄒㄧㄢ ㄨㄟˊ	建築土木	1	4	absent			-7.354194117						剛纖維	鋼纖維	剛/纖維	鋼纖維	True	True	1		phrase.civil-engineering.tsv	207	
錐生零	ㄓㄨㄟ ㄕㄥ ㄌㄧㄥˊ	動漫	1	15	absent			-7.354194117						追生靈	錐生零	追/生靈	錐生零	True	True	1		phrase.anime.tsv	2248	
錢婆婆	ㄑㄧㄢˊ ㄆㄛˊ ㄆㄛˊ	動漫	1	17	absent			-7.354194117						前婆婆	錢婆婆	前/婆婆	錢婆婆	True	True	1		phrase.anime.tsv	2249	
錦木千束	ㄐㄧㄣˇ ㄇㄨˋ ㄑㄧㄢ ㄕㄨˋ	動漫	1	22	absent			-7.354194117						僅目千數	錦木千束	僅/目/千/數	錦木千束	True	True	1		phrase.anime.tsv	2250	
錯亂坊	ㄘㄨㄛˋ ㄌㄨㄢˋ ㄈㄤ	動漫	1	12	absent			-7.354194117						錯亂方	錯亂坊	錯亂/方	錯亂坊	True	True	1		phrase.anime.tsv	2251	
鍊金術師	ㄌㄧㄢˋ ㄐㄧㄣ ㄕㄨˋ ㄕ	動漫	1	26	absent			-7.354194117						煉金術師	鍊金術師	煉金術/師	鍊金術師	True	True	1		phrase.anime.tsv	2252	
鍛造模具	ㄉㄨㄢˋ ㄗㄠˋ ㄇㄨˊ ㄐㄩˋ	製造機械	1	10	absent			-7.354194117						斷造模具	鍛造模具	斷/造/模/具	鍛造模具	True	True	1		phrase.manufacturing.tsv	136	
鎳基合金	ㄋㄧㄝˋ ㄐㄧ ㄏㄜˊ ㄐㄧㄣ	材料化工	1	12	absent			-7.354194117						業機合金	鎳基合金	業/機/合金	鎳基合金	True	True	1		phrase.materials-chemistry.tsv	115	
鏈鋸人	ㄌㄧㄢˋ ㄐㄩˋ ㄖㄣˊ	動漫	1	25	absent			-7.354194117						練巨人	鏈鋸人	練/巨人	鏈鋸人	True	True	1		phrase.anime.tsv	2253	
長名馴染	ㄔㄤˊ ㄇㄧㄥˊ ㄒㄩㄣˊ ㄖㄢˇ	動漫	1	16	absent			-7.354194117						常明尋染	長名馴染	常/明/尋/染	長名馴染	True	True	1		phrase.anime.tsv	2255	
長新冠	ㄓㄤˇ ㄒㄧㄣ ㄍㄨㄢˋ	一般	1	8	absent			-7.354194117						長心慣	長新冠	長/心/慣	長新冠	True	True	1		phrase.general.tsv	160	
長月早苗	ㄔㄤˊ ㄩㄝˋ ㄗㄠˇ ㄇㄧㄠˊ	動漫	1	12	absent			-7.354194117						常月早描	長月早苗	常/月/早/描	長月早苗	True	True	1		phrase.anime.tsv	2256	
長沙會戰	ㄔㄤˊ ㄕㄚ ㄏㄨㄟˋ ㄓㄢˋ	歷史	1	9	absent			-7.354194117		長沙/會戰	4.97761716	長沙/會戰	4.97761716	長沙會占	長沙會戰	長沙/會/占	長沙會戰	True	True	1		phrase.history.tsv	168	
長瀞同學	ㄔㄤˊ ㄐㄧㄥˋ ㄊㄨㄥˊ ㄒㄩㄝˊ	動漫	1	20	absent			-7.354194117						常境同學	長瀞同學	常/境/同學	長瀞同學	True	True	1		phrase.anime.tsv	2257	
長瀞早瀨	ㄔㄤˊ ㄐㄧㄥˋ ㄗㄠˇ ㄌㄞˋ	動漫	1	18	absent			-7.354194117						常境早來	長瀞早瀨	常/境/早/來	長瀞早瀨	True	True	1		phrase.anime.tsv	2258	
長照服務	ㄔㄤˊ ㄓㄠˋ ㄈㄨˊ ㄨˋ	一般	1	18	absent			-7.354194117						常照服務	長照服務	常/照/服務	長照服務	True	True	1		phrase.general.tsv	162	
長野原美緒	ㄔㄤˊ ㄧㄝˇ ㄩㄢˊ ㄇㄟˇ ㄒㄩˋ	動漫	1	18	absent			-7.354194117						常也員美續	長野原美緒	常/也/員/美/續	長野原美緒	True	True	1		phrase.anime.tsv	2259	
長門有希	ㄔㄤˊ ㄇㄣˊ ㄧㄡˇ ㄒㄧ	動漫	1	17	absent			-7.354194117						常們有西	長門有希	常/們/有/西	長門有希	True	True	1		phrase.anime.tsv	2260	
門式起重機	ㄇㄣˊ ㄕˋ ㄑㄧˇ ㄓㄨㄥˋ ㄐㄧ	交通物流	1	5	absent			-7.354194117		門市/起重機	4.442503959	門市/起重機	4.442503959	門市起重機	門式起重機	門市/起重機	門式起重機	True	True	1		phrase.transport-logistics.tsv	101	
閂鎖	ㄕㄨㄢ ㄙㄨㄛˇ	晶片半導體	1	11	absent			-7.354194117						栓所	閂鎖	栓/所	閂鎖	True	True	1	拴鎖	phrase.semiconductor.tsv	163	
閉迴路控制	ㄅㄧˋ ㄏㄨㄟˊ ㄌㄨˋ ㄎㄨㄥˋ ㄓˋ	電子電機	1	5	absent			-7.354194117						必迴路控制	閉迴路控制	必/迴路/控制	閉迴路控制	True	True	1		phrase.electronics.tsv	185	
開拓異境	ㄎㄞ ㄊㄨㄛˋ ㄧˋ ㄐㄧㄥˋ	動漫	1	22	absent			-7.354194117		開拓/意境	3.105632376	開拓/意境	3.105632376	開拓意境	開拓異境	開拓/意境	開拓異境	True	True	1		phrase.anime.tsv	2262	
開源模型	ㄎㄞ ㄩㄢˊ ㄇㄛˊ ㄒㄧㄥˊ	一般	1	14	absent			-7.354194117		開源/模型	3.206177909	開源/模型	3.206177909	開員模型	開源模型	開/員/模型	開源模型	True	True	1		phrase.general.tsv	163	
開源軟體	ㄎㄞ ㄩㄢˊ ㄖㄨㄢˇ ㄊㄧˇ	一般	1	18	absent			-7.354194117		開源/軟體	2.393162402	開源/軟體	2.393162402	開員軟體	開源軟體	開/員/軟體	開源軟體	True	True	1		phrase.general.tsv	164	
間桐櫻	ㄐㄧㄢ ㄊㄨㄥˊ ㄧㄥ	動漫	1	15	absent			-7.354194117						間同應	間桐櫻	間/同/應	間桐櫻	True	True	1		phrase.anime.tsv	2263	
間質幹細胞	ㄐㄧㄢ ㄓˊ ㄍㄢˋ ㄒㄧˋ ㄅㄠ	生技藥學	1	3	absent			-7.354194117		兼職/幹細胞	3.236591426	兼職/幹細胞	3.236591426	兼職幹細胞	間質幹細胞	兼職/幹細胞	間質幹細胞	True	True	1		phrase.biotech-pharma.tsv	111	
閘道服務	ㄓㄚˊ ㄉㄠˋ ㄈㄨˊ ㄨˋ	軟體科學	1	8	absent			-7.354194117		閘道/服務	2.35974498	閘道/服務	2.35974498	閘到服務	閘道服務	閘/到/服務	閘道服務	True	True	1		phrase.software.tsv	95	
閻魔大王	ㄧㄢˊ ㄇㄛˊ ㄉㄚˋ ㄨㄤˊ	動漫	1	16	absent			-7.354194117		研磨/大王	3.809877976	研磨/大王	3.809877976	研磨大王	閻魔大王	研磨/大王	閻魔大王	True	True	1		phrase.anime.tsv	2264	
關根萌子	ㄍㄨㄢ ㄍㄣ ㄇㄥˊ ㄗ˙	動漫	1	13	absent			-7.354194117						關跟盟子	關根萌子	關/跟/盟/子	關根萌子	True	True	1		phrase.anime.tsv	2268	
防風鈴	ㄈㄤˊ ㄈㄥ ㄌㄧㄥˊ	動漫	1	13	absent			-7.354194117						房風鈴	防風鈴	房/風鈴	防風鈴	True	True	1		phrase.anime.tsv	2270	
阻變式	ㄗㄨˇ ㄅㄧㄢˋ ㄕˋ	晶片半導體	1	11	absent			-7.354194117						組便是	阻變式	組/便是	阻變式	True	True	1		phrase.semiconductor.tsv	165	
阿克婭	ㄚ ㄎㄜˋ ㄧㄚˋ	動漫	1	20	absent			-7.354194117						阿客亞	阿克婭	阿/客/亞	阿克婭	True	True	1		phrase.anime.tsv	2272	
阿卡曼	ㄚ ㄎㄚˇ ㄇㄢˋ	動漫	1	22	absent			-7.354194117						阿卡慢	阿卡曼	阿/卡/慢	阿卡曼	True	True	1		phrase.anime.tsv	2274	
阿基曼	ㄚ ㄐㄧ ㄇㄢˋ	動漫	1	17	absent			-7.354194117						阿機慢	阿基曼	阿/機/慢	阿基曼	True	True	1		phrase.anime.tsv	2276	
阿奎亞	ㄚ ㄎㄨㄟˊ ㄧㄚˇ	動漫	1	21	absent			-7.354194117						阿魁亞	阿奎亞	阿/魁/亞	阿奎亞	True	True	1		phrase.anime.tsv	2277	
阿妮莫奈	ㄚ ㄋㄧˊ ㄇㄛˋ ㄋㄞˋ	動漫	1	9	absent			-7.354194117						阿呢沒耐	阿妮莫奈	阿/呢/沒/耐	阿妮莫奈	True	True	1		phrase.anime.tsv	2278	
阿席莉帕	ㄚ ㄒㄧˊ ㄌㄧˋ ㄆㄚˋ	動漫	1	18	absent			-7.354194117						阿習力怕	阿席莉帕	阿/習/力/怕	阿席莉帕	True	True	1		phrase.anime.tsv	2279	
阿席達卡	ㄚ ㄒㄧˊ ㄉㄚˊ ㄎㄚˇ	動漫	1	23	absent			-7.354194117						阿習達卡	阿席達卡	阿/習/達卡	阿席達卡	True	True	1		phrase.anime.tsv	2280	
阿散井戀次	ㄚ ㄙㄢˋ ㄐㄧㄥˇ ㄌㄧㄢˋ ㄘˋ	動漫	1	14	absent			-7.354194117						阿散景練次	阿散井戀次	阿/散/景/練/次	阿散井戀次	True	True	1		phrase.anime.tsv	2281	
阿斯哈	ㄚ ㄙ ㄏㄚ	動漫	1	15	absent			-7.354194117						阿司哈	阿斯哈	阿/司/哈	阿斯哈	True	True	1		phrase.anime.tsv	2282	
阿斯拉	ㄚ ㄙ ㄌㄚ	動漫	1	12	absent			-7.354194117						阿司拉	阿斯拉	阿/司/拉	阿斯拉	True	True	1		phrase.anime.tsv	2283	
阿斯蘭薩拉	ㄚ ㄙ ㄌㄢˊ ㄙㄚˋ ㄌㄚ	動漫	1	19	absent			-7.354194117						阿司蘭薩拉	阿斯蘭薩拉	阿/司/蘭/薩拉	阿斯蘭薩拉	True	True	1		phrase.anime.tsv	2284	
阿比斯	ㄚ ㄅㄧˇ ㄙ	動漫	1	12	absent			-7.354194117						阿比司	阿比斯	阿/比/司	阿比斯	True	True	1		phrase.anime.tsv	2286	
阿波連玲奈	ㄚ ㄅㄛ ㄌㄧㄢˊ ㄌㄧㄥˊ ㄋㄞˋ	動漫	1	17	absent			-7.354194117						阿波連靈耐	阿波連玲奈	阿波/連/靈/耐	阿波連玲奈	True	True	1		phrase.anime.tsv	2288	
阿烏拉	ㄚ ㄨ ㄌㄚ	動漫	1	11	absent			-7.354194117						阿於拉	阿烏拉	阿/於/拉	阿烏拉	True	True	1		phrase.anime.tsv	2289	
阿爾德比特	ㄚ ㄦˇ ㄉㄜˊ ㄅㄧˇ ㄊㄜˋ	動漫	1	11	absent			-7.354194117						阿爾得比特	阿爾德比特	阿/爾/得/比/特	阿爾德比特	True	True	1		phrase.anime.tsv	2290	
阿爾托莉雅	ㄚ ㄦˇ ㄊㄨㄛ ㄌㄧˋ ㄧㄚˇ	動漫	1	20	absent			-7.354194117						阿爾他力亞	阿爾托莉雅	阿/爾/他/力/亞	阿爾托莉雅	True	True	1		phrase.anime.tsv	2291	
阿爾泰爾	ㄚ ㄦˇ ㄊㄞˋ ㄦˇ	動漫	1	12	absent			-7.354194117						阿爾太爾	阿爾泰爾	阿/爾/太/爾	阿爾泰爾	True	True	1		phrase.anime.tsv	2293	
阿爾馮斯	ㄚ ㄦˇ ㄈㄥˊ ㄙ	動漫	1	21	absent			-7.354194117						阿爾逢司	阿爾馮斯	阿/爾/逢/司	阿爾馮斯	True	True	1		phrase.anime.tsv	2294	
阿瑞尼士	ㄚ ㄖㄨㄟˋ ㄋㄧˊ ㄕˋ	材料化工	1	12	0			-7.354194117						阿瑞尼是	阿瑞尼士	阿/瑞/尼/是	阿瑞尼士	True	True	1		phrase.materials-chemistry.tsv	117	
阿維里歐	ㄚ ㄨㄟˊ ㄌㄧˇ ㄡ	動漫	1	18	absent			-7.354194117						阿為理歐	阿維里歐	阿/為/理/歐	阿維里歐	True	True	1		phrase.anime.tsv	2295	
阿良良木曆	ㄚ ㄌㄧㄤˊ ㄌㄧㄤˊ ㄇㄨˋ ㄌㄧˋ	動漫	1	21	absent			-7.354194117						阿良良目力	阿良良木曆	阿/良/良/目/力	阿良良木曆	True	True	1		phrase.anime.tsv	2296	
阿蕾塔	ㄚ ㄌㄟˇ ㄊㄚˇ	動漫	1	14	absent			-7.354194117						阿累塔	阿蕾塔	阿/累/塔	阿蕾塔	True	True	1		phrase.anime.tsv	2297	
阿謝拉特	ㄚ ㄒㄧㄝˋ ㄌㄚ ㄊㄜˋ	動漫	1	17	absent			-7.354194117						阿謝啦特	阿謝拉特	阿/謝/啦/特	阿謝拉特	True	True	1		phrase.anime.tsv	2299	
阿部隆也	ㄚ ㄅㄨˋ ㄌㄨㄥˊ ㄧㄝˇ	動漫	1	14	absent			-7.354194117						阿不龍也	阿部隆也	阿/不/龍/也	阿部隆也	True	True	1		phrase.anime.tsv	2300	
阿黛爾海德	ㄚ ㄉㄞˋ ㄦˇ ㄏㄞˇ ㄉㄜˊ	動漫	1	9	absent			-7.354194117						阿代爾海得	阿黛爾海德	阿/代/爾/海/得	阿黛爾海德	True	True	1		phrase.anime.tsv	2303	
降谷千紘	ㄐㄧㄤˋ ㄍㄨˇ ㄑㄧㄢ ㄏㄨㄥˊ	動漫	1	14	absent			-7.354194117						降古千紅	降谷千紘	降/古/千/紅	降谷千紘	True	True	1		phrase.anime.tsv	2305	
降谷曉	ㄐㄧㄤˋ ㄍㄨˇ ㄒㄧㄠˇ	動漫	1	16	absent			-7.354194117						降古小	降谷曉	降/古/小	降谷曉	True	True	1		phrase.anime.tsv	2306	
降谷萌路	ㄐㄧㄤˋ ㄍㄨˇ ㄇㄥˊ ㄌㄨˋ	動漫	1	11	absent			-7.354194117						降古盟路	降谷萌路	降/古/盟/路	降谷萌路	True	True	1		phrase.anime.tsv	2307	
陣內侘助	ㄓㄣˋ ㄋㄟˋ ㄔㄚˋ ㄓㄨˋ	動漫	1	15	absent			-7.354194117						鎮內差助	陣內侘助	鎮/內/差/助	陣內侘助	True	True	1		phrase.anime.tsv	2309	
陰極防蝕	ㄧㄣ ㄐㄧˊ ㄈㄤˊ ㄕˊ	材料化工	1	9	absent			-7.354194117						陰極防時	陰極防蝕	陰極/防/時	陰極防蝕	True	True	1		phrase.materials-chemistry.tsv	118	
陶瓷熱性質	ㄊㄠˊ ㄘˊ ㄖㄜˋ ㄒㄧㄥˋ ㄓˋ	材料化工	1	3	absent			-7.354194117						陶瓷熱興致	陶瓷熱性質	陶瓷/熱/興致	陶瓷熱性質	True	True	1		phrase.materials-chemistry.tsv	121	
陷波濾波器	ㄒㄧㄢˋ ㄅㄛ ㄌㄩˋ ㄅㄛ ㄑㄧˋ	電子電機	1	4	absent			-7.354194117						現波濾波器	陷波濾波器	現/波/濾波器	陷波濾波器	True	True	1		phrase.electronics.tsv	190	
陸域風電	ㄌㄨˋ ㄩˋ ㄈㄥ ㄉㄧㄢˋ	環境能源	1	12	absent			-7.354194117						路與封電	陸域風電	路/與/封/電	陸域風電	True	True	1		phrase.energy-environment.tsv	139	
陸少糖	ㄌㄨˋ ㄕㄠˇ ㄊㄤˊ	動漫	1	16	absent			-7.354194117						路少糖	陸少糖	路/少/糖	陸少糖	True	True	1		phrase.anime.tsv	2312	
陽務樂郎	ㄧㄤˊ ㄨˋ ㄌㄜˋ ㄌㄤˊ	動漫	1	20	absent			-7.354194117						陽物樂郎	陽務樂郎	陽/物/樂/郎	陽務樂郎	True	True	1		phrase.anime.tsv	2313	
陽極保護	ㄧㄤˊ ㄐㄧˊ ㄅㄠˇ ㄏㄨˋ	材料化工	1	10	absent			-7.354194117		陽極/保護	3.610214252	陽極/保護	3.610214252	陽及保護	陽極保護	陽/及/保護	陽極保護	True	True	1		phrase.materials-chemistry.tsv	123	
隋唐時期	ㄙㄨㄟˊ ㄊㄤˊ ㄕˊ ㄑㄧˊ	歷史	1	10	absent			-7.354194117						隨堂時期	隋唐時期	隨/堂/時期	隋唐時期	True	True	1		phrase.history.tsv	175	
階層式分群	ㄐㄧㄝ ㄘㄥˊ ㄕˋ ㄈㄣ ㄑㄩㄣˊ	AI資料科學	1	4	absent			-7.354194117						階層是分群	階層式分群	階層/是/分/群	階層式分群	True	True	1		phrase.ai-data-science.tsv	162	
雀斑公主	ㄑㄩㄝˋ ㄅㄢ ㄍㄨㄥ ㄓㄨˇ	動漫	1	21	absent			-7.354194117		雀斑/公主	3.740141011	雀斑/公主	3.740141011	卻搬公主	雀斑公主	卻/搬/公主	雀斑公主	True	True	1		phrase.anime.tsv	2315	
雅兒貝德	ㄧㄚˇ ㄦˊ ㄅㄟˋ ㄉㄜˊ	動漫	1	19	absent			-7.354194117						雅而被得	雅兒貝德	雅/而/被/得	雅兒貝德	True	True	1		phrase.anime.tsv	2316	
雙聲詞	ㄕㄨㄤ ㄕㄥ ㄘˊ	中文	1	10	absent			-7.354194117						雙生詞	雙聲詞	雙/生/詞	雙聲詞	True	True	1		phrase.chinese.tsv	156	
雙葉杏	ㄕㄨㄤ ㄧㄝˋ ㄒㄧㄥˋ	動漫	1	9	absent			-7.354194117						雙業性	雙葉杏	雙/業/性	雙葉杏	True	True	1		phrase.anime.tsv	2317	
雙葉理央	ㄕㄨㄤ ㄧㄝˋ ㄌㄧˇ ㄧㄤ	動漫	1	13	absent			-7.354194117						雙夜裡央	雙葉理央	雙/夜裡/央	雙葉理央	True	True	1		phrase.anime.tsv	2318	
雛鶴愛	ㄔㄨˊ ㄏㄜˋ ㄞˋ	動漫	1	15	absent			-7.354194117						除和愛	雛鶴愛	除/和/愛	雛鶴愛	True	True	1		phrase.anime.tsv	2319	
離子佈植	ㄌㄧˊ ㄗˇ ㄅㄨˋ ㄓˊ	晶片半導體	1	10	absent			-7.354194117		離子/不值	3.537820229	離子/不值	3.537820229	離子不值	離子佈植	離子/不值	離子佈植	True	True	1		phrase.semiconductor.tsv	171	
離子佈植機	ㄌㄧˊ ㄗˇ ㄅㄨˋ ㄓˊ ㄐㄧ	晶片半導體	1	12	absent			-7.354194117						離子不值機	離子佈植機	離子/不值/機	離子佈植機	True	True	1		phrase.semiconductor.tsv	172	
雨和雪	ㄩˇ ㄏㄜˊ ㄒㄩㄝˇ	動漫	1	21	absent			-7.354194117						與和雪	雨和雪	與/和/雪	雨和雪	True	True	1		phrase.anime.tsv	2320	
雨流美彌音	ㄩˇ ㄌㄧㄡˊ ㄇㄟˇ ㄇㄧˊ ㄧㄣ	動漫	1	15	absent			-7.354194117						與留美迷因	雨流美彌音	與/留美/迷/因	雨流美彌音	True	True	1		phrase.anime.tsv	2321	
雪女冰麗	ㄒㄩㄝˇ ㄋㄩˇ ㄅㄧㄥ ㄌㄧˋ	動漫	1	15	absent			-7.354194117						雪女兵力	雪女冰麗	雪/女/兵力	雪女冰麗	True	True	1		phrase.anime.tsv	2323	
雲雀恭彌	ㄩㄣˊ ㄑㄩㄝˋ ㄍㄨㄥ ㄇㄧˊ	動漫	1	12	absent			-7.354194117						雲雀公迷	雲雀恭彌	雲雀/公/迷	雲雀恭彌	True	True	1		phrase.anime.tsv	2326	
零之使魔	ㄌㄧㄥˊ ㄓ ㄕˇ ㄇㄛˊ	動漫	1	22	absent			-7.354194117						零之使模	零之使魔	零/之/使/模	零之使魔	True	True	1		phrase.anime.tsv	2327	
雷姆	ㄌㄟˊ ㄇㄨˇ	動漫	1	18	absent			-7.354194117						雷母	雷姆	雷/母	雷姆	True	True	1		phrase.anime.tsv	2329	
雷斯	ㄌㄟˊ ㄙ	動漫	1	14	absent			-7.354194117						雷司	雷斯	雷/司	雷斯	True	True	1		phrase.anime.tsv	2331	
雷查夫	ㄌㄟˊ ㄔㄚˊ ㄈㄨ	動漫	1	19	absent			-7.354194117						擂茶不	雷查夫	擂茶/不	雷查夫	True	True	1		phrase.anime.tsv	2332	
雷歐奈	ㄌㄟˊ ㄡ ㄋㄞˋ	動漫	1	12	absent			-7.354194117						雷歐耐	雷歐奈	雷/歐/耐	雷歐奈	True	True	1		phrase.anime.tsv	2335	
雷阿斯	ㄌㄟˊ ㄚ ㄙ	動漫	1	19	absent			-7.354194117						雷阿司	雷阿斯	雷/阿/司	雷阿斯	True	True	1		phrase.anime.tsv	2336	
雷魯根	ㄌㄟˊ ㄌㄨˇ ㄍㄣ	動漫	1	14	absent			-7.354194117						雷魯跟	雷魯根	雷/魯/跟	雷魯根	True	True	1		phrase.anime.tsv	2337	
電池儲能	ㄉㄧㄢˋ ㄔˊ ㄔㄨˇ ㄋㄥˊ	環境能源	1	11	absent			-7.354194117						電池處能	電池儲能	電池/處/能	電池儲能	True	True	1		phrase.energy-environment.tsv	144	
電源熱分析	ㄉㄧㄢˋ ㄩㄢˊ ㄖㄜˋ ㄈㄣ ㄒㄧ	電子電機	1	4	absent			-7.354194117						店員熱分析	電源熱分析	店員/熱/分析	電源熱分析	True	True	1		phrase.electronics.tsv	199	
電漿物理	ㄉㄧㄢˋ ㄐㄧㄤ ㄨˋ ㄌㄧˇ	科學	1	13	absent			-7.354194117						電將物理	電漿物理	電/將/物理	電漿物理	True	True	1		phrase.science.tsv	85	
霍蘭德	ㄏㄨㄛˋ ㄌㄢˊ ㄉㄜˊ	動漫	1	12	absent			-7.354194117						或蘭得	霍蘭德	或/蘭/得	霍蘭德	True	True	1		phrase.anime.tsv	2339	
霍金斯	ㄏㄨㄛˋ ㄐㄧㄣ ㄙ	動漫	1	17	absent			-7.354194117						或金絲	霍金斯	或/金絲	霍金斯	True	True	1		phrase.anime.tsv	2340	
霧島佳乃	ㄨˋ ㄉㄠˇ ㄐㄧㄚ ㄋㄞˇ	動漫	1	13	absent			-7.354194117						誤導家乃	霧島佳乃	誤導/家/乃	霧島佳乃	True	True	1		phrase.anime.tsv	2342	
霧島翔子	ㄨˋ ㄉㄠˇ ㄒㄧㄤˊ ㄗ˙	動漫	1	10	absent			-7.354194117						誤導祥子	霧島翔子	誤導/祥/子	霧島翔子	True	True	1		phrase.anime.tsv	2343	
霧嶋董香	ㄨˋ ㄉㄠˇ ㄉㄨㄥˇ ㄒㄧㄤ	動漫	1	18	absent			-7.354194117						誤導懂相	霧嶋董香	誤導/懂/相	霧嶋董香	True	True	1		phrase.anime.tsv	2344	
霧澤風子	ㄨˋ ㄗㄜˊ ㄈㄥ ㄗ˙	動漫	1	13	absent			-7.354194117						勿則瘋子	霧澤風子	勿/則/瘋子	霧澤風子	True	True	1		phrase.anime.tsv	2345	
露崎真晝	ㄌㄨˋ ㄑㄧˊ ㄓㄣ ㄓㄡˋ	動漫	1	11	absent			-7.354194117						路其真宙	露崎真晝	路/其/真/宙	露崎真晝	True	True	1		phrase.anime.tsv	2346	
露維亞	ㄌㄨˋ ㄨㄟˊ ㄧㄚˇ	動漫	1	10	absent			-7.354194117						路為亞	露維亞	路/為/亞	露維亞	True	True	1		phrase.anime.tsv	2350	
靈幻新隆	ㄌㄧㄥˊ ㄏㄨㄢˋ ㄒㄧㄣ ㄌㄨㄥˊ	動漫	1	19	absent			-7.354194117						零換新龍	靈幻新隆	零/換新/龍	靈幻新隆	True	True	1		phrase.anime.tsv	2355	
青之壬生浪	ㄑㄧㄥ ㄓ ㄖㄣˊ ㄕㄥ ㄌㄤˋ	動漫	1	18	absent			-7.354194117						清之人聲浪	青之壬生浪	清/之/人/聲浪	青之壬生浪	True	True	1		phrase.anime.tsv	2358	
青之箱	ㄑㄧㄥ ㄓ ㄒㄧㄤ	動漫	1	22	absent			-7.354194117						清之相	青之箱	清/之/相	青之箱	True	True	1		phrase.anime.tsv	2359	
青之驅魔師	ㄑㄧㄥ ㄓ ㄑㄩ ㄇㄛˊ ㄕ	動漫	1	20	absent			-7.354194117						清之區無師	青之驅魔師	清/之/區/無/師	青之驅魔師	True	True	1		phrase.anime.tsv	2360	
青峰大輝	ㄑㄧㄥ ㄈㄥ ㄉㄚˋ ㄏㄨㄟ	動漫	1	12	absent			-7.354194117						清風大揮	青峰大輝	清風/大/揮	青峰大輝	True	True	1		phrase.anime.tsv	2361	
青春紀行	ㄑㄧㄥ ㄔㄨㄣ ㄐㄧˋ ㄒㄧㄥˊ	動漫	1	20	absent			-7.354194117		青春/紀行	4.214315031	青春/紀行	4.214315031	青春計行	青春紀行	青春/計/行	青春紀行	True	True	1		phrase.anime.tsv	2366	
青木勝	ㄑㄧㄥ ㄇㄨˋ ㄕㄥˋ	動漫	1	11	absent			-7.354194117						清目聖	青木勝	清/目/聖	青木勝	True	True	1		phrase.anime.tsv	2367	
青田坊	ㄑㄧㄥ ㄊㄧㄢˊ ㄈㄤ	動漫	1	14	absent			-7.354194117						清甜方	青田坊	清甜/方	青田坊	True	True	1		phrase.anime.tsv	2368	
靜電集塵器	ㄐㄧㄥˋ ㄉㄧㄢˋ ㄐㄧˊ ㄔㄣˊ ㄑㄧˋ	環境能源	1	3	absent			-7.354194117						竟電及陳氣	靜電集塵器	竟/電/及/陳/氣	靜電集塵器	True	True	1		phrase.energy-environment.tsv	146	
非主謂句	ㄈㄟ ㄓㄨˇ ㄨㄟˋ ㄐㄩˋ	中文	1	12	absent			-7.354194117						非主畏懼	非主謂句	非/主/畏懼	非主謂句	True	True	1		phrase.chinese.tsv	157	
非對稱式	ㄈㄟ ㄉㄨㄟˋ ㄔㄣˋ ㄕˋ	網路資安	1	12	absent			-7.354194117						非對稱是	非對稱式	非/對稱/是	非對稱式	True	True	1		phrase.network-security.tsv	173	
非監督式	ㄈㄟ ㄐㄧㄢ ㄉㄨ ㄕˋ	AI資料科學	1	12	absent			-7.354194117						非監督是	非監督式	非/監督/是	非監督式	True	True	1		phrase.ai-data-science.tsv	165	
面堂終太郎	ㄇㄧㄢˋ ㄊㄤˊ ㄓㄨㄥ ㄊㄞˋ ㄌㄤˊ	動漫	1	15	absent			-7.354194117						麵堂中太郎	面堂終太郎	麵/堂/中/太郎	面堂終太郎	True	True	1		phrase.anime.tsv	2370	
韓大偉	ㄏㄢˊ ㄉㄚˋ ㄨㄟˇ	動漫	1	15	absent			-7.354194117						含大偉	韓大偉	含/大/偉	韓大偉	True	True	1		phrase.anime.tsv	2373	
音無結弦	ㄧㄣ ㄨˊ ㄐㄧㄝˊ ㄒㄧㄢˊ	動漫	1	21	absent			-7.354194117						因無結嫌	音無結弦	因/無/結/嫌	音無結弦	True	True	1		phrase.anime.tsv	2374	
音無響子	ㄧㄣ ㄨˊ ㄒㄧㄤˇ ㄗ˙	動漫	1	18	absent			-7.354194117						因無想子	音無響子	因/無/想/子	音無響子	True	True	1		phrase.anime.tsv	2375	
音系學	ㄧㄣ ㄒㄧˋ ㄒㄩㄝˊ	中文	1	12	absent			-7.354194117						因系學	音系學	因/系/學	音系學	True	True	1		phrase.chinese.tsv	159	
音速索尼克	ㄧㄣ ㄙㄨˋ ㄙㄨㄛˇ ㄋㄧˊ ㄎㄜˋ	動漫	1	17	absent			-7.354194117						因素所尼克	音速索尼克	因素/所/尼克	音速索尼克	True	True	1		phrase.anime.tsv	2376	
響良牙	ㄒㄧㄤˇ ㄌㄧㄤˊ ㄧㄚˊ	動漫	1	17	absent			-7.354194117						想量牙	響良牙	想/量/牙	響良牙	True	True	1		phrase.anime.tsv	2377	
響裕太	ㄒㄧㄤˇ ㄩˋ ㄊㄞˋ	動漫	1	18	absent			-7.354194117						想愈太	響裕太	想/愈/太	響裕太	True	True	1		phrase.anime.tsv	2378	
須之宮	ㄒㄩ ㄓ ㄍㄨㄥ	動漫	1	11	absent			-7.354194117						須之公	須之宮	須/之/公	須之宮	True	True	1		phrase.anime.tsv	2379	
須和弘人	ㄒㄩ ㄏㄜˊ ㄏㄨㄥˊ ㄖㄣˊ	動漫	1	14	absent			-7.354194117						須和紅人	須和弘人	須/和/紅/人	須和弘人	True	True	1		phrase.anime.tsv	2380	
須賀圭介	ㄒㄩ ㄏㄜˋ ㄍㄨㄟ ㄐㄧㄝˋ	動漫	1	15	absent			-7.354194117						須和歸界	須賀圭介	須/和/歸/界	須賀圭介	True	True	1		phrase.anime.tsv	2382	
須鄉伸之	ㄒㄩ ㄒㄧㄤ ㄕㄣ ㄓ	動漫	1	10	absent			-7.354194117						須相深知	須鄉伸之	須/相/深知	須鄉伸之	True	True	1		phrase.anime.tsv	2383	
頭文字迪	ㄊㄡˊ ㄨㄣˊ ㄗˋ ㄉㄧˊ	動漫	1	24	absent			-7.354194117						投文字的	頭文字迪	投/文字/的	頭文字迪	True	True	1		phrase.anime.tsv	2385	頭文字D
風之傷	ㄈㄥ ㄓ ㄕㄤ	動漫	1	15	absent			-7.354194117						風之商	風之傷	風/之/商	風之傷	True	True	1		phrase.anime.tsv	2386	
風早翔太	ㄈㄥ ㄗㄠˇ ㄒㄧㄤˊ ㄊㄞˋ	動漫	1	17	absent			-7.354194117						風早祥太	風早翔太	風/早/祥/太	風早翔太	True	True	1		phrase.anime.tsv	2388	
風祭監志	ㄈㄥ ㄐㄧˋ ㄐㄧㄢ ㄓˋ	動漫	1	14	absent			-7.354194117		風紀/監製	4.646623941	風紀/監製	4.646623941	風計監製	風祭監志	風/計/監製	風祭監志	True	True	1		phrase.anime.tsv	2389	
風見隼人	ㄈㄥ ㄐㄧㄢˋ ㄓㄨㄣˇ ㄖㄣˊ	動漫	1	19	absent			-7.354194117						封建準人	風見隼人	封建/準/人	風見隼人	True	True	1		phrase.anime.tsv	2390	
飆速宅男	ㄅㄧㄠ ㄙㄨˋ ㄓㄞˊ ㄋㄢˊ	動漫	1	20	absent			-7.354194117						標速宅男	飆速宅男	標/速/宅男	飆速宅男	True	True	1		phrase.anime.tsv	2394	
飛天御劍流	ㄈㄟ ㄊㄧㄢ ㄩˋ ㄐㄧㄢˋ ㄌㄧㄡˊ	動漫	1	14	absent			-7.354194117						非天遇見流	飛天御劍流	非/天/遇見/流	飛天御劍流	True	True	1		phrase.anime.tsv	2396	
飛鳥川千瀨	ㄈㄟ ㄋㄧㄠˇ ㄔㄨㄢ ㄑㄧㄢ ㄌㄞˋ	動漫	1	11	absent			-7.354194117						飛鳥穿千來	飛鳥川千瀨	飛鳥/穿/千/來	飛鳥川千瀨	True	True	1		phrase.anime.tsv	2399	
食戟之靈	ㄕˊ ㄐㄧˇ ㄓ ㄌㄧㄥˊ	動漫	1	23	absent			-7.354194117						十幾之靈	食戟之靈	十幾/之/靈	食戟之靈	True	True	1		phrase.anime.tsv	2401	
食蜂操祈	ㄕˊ ㄈㄥ ㄘㄠ ㄑㄧˊ	動漫	1	13	absent			-7.354194117						時風操其	食蜂操祈	時/風/操/其	食蜂操祈	True	True	1		phrase.anime.tsv	2402	
飯嶋司	ㄈㄢˋ ㄉㄠˇ ㄙ	動漫	1	15	absent			-7.354194117						飯導司	飯嶋司	飯/導/司	飯嶋司	True	True	1		phrase.anime.tsv	2403	
飯嶋律	ㄈㄢˋ ㄉㄠˇ ㄌㄩˋ	動漫	1	17	absent			-7.354194117						飯導率	飯嶋律	飯/導/率	飯嶋律	True	True	1		phrase.anime.tsv	2404	
飯嶋蝸牛	ㄈㄢˋ ㄉㄠˇ ㄍㄨㄚ ㄋㄧㄡˊ	動漫	1	11	absent			-7.354194117		飯島/蝸牛	4.51723738	飯島/蝸牛	4.51723738	飯導蝸牛	飯嶋蝸牛	飯/導/蝸牛	飯嶋蝸牛	True	True	1		phrase.anime.tsv	2405	
養液栽培	ㄧㄤˇ ㄧㄝˋ ㄗㄞ ㄆㄟˊ	農業食品	1	9	absent			-7.354194117						養業栽培	養液栽培	養/業/栽培	養液栽培	True	True	1		phrase.agriculture-food.tsv	73	
餓狼	ㄜˋ ㄌㄤˊ	動漫	1	12	0			-7.354194117						呃郎	餓狼	呃/郎	餓狼	True	True	1		phrase.anime.tsv	2406	
首件檢查	ㄕㄡˇ ㄐㄧㄢˋ ㄐㄧㄢˇ ㄔㄚˊ	製造機械	1	13	absent			-7.354194117		首見/檢查	2.919481537	首見/檢查	2.919481537	首見檢查	首件檢查	首見/檢查	首件檢查	True	True	1		phrase.manufacturing.tsv	146	
首渡效應	ㄕㄡˇ ㄉㄨˋ ㄒㄧㄠˋ ㄧㄥˋ	生技藥學	1	12	absent			-7.354194117		首度/效應	2.023030109	首度/效應	2.023030109	首度效應	首渡效應	首度/效應	首渡效應	True	True	1		phrase.biotech-pharma.tsv	115	
香風智乃	ㄒㄧㄤ ㄈㄥ ㄓˋ ㄋㄞˇ	動漫	1	16	absent			-7.354194117						箱封至乃	香風智乃	箱/封/至/乃	香風智乃	True	True	1		phrase.anime.tsv	2410	
馬丁尼茲	ㄇㄚˇ ㄉㄧㄥ ㄋㄧˊ ㄗ	動漫	1	22	absent			-7.354194117						馬丁尼資	馬丁尼茲	馬丁尼/資	馬丁尼茲	True	True	1		phrase.anime.tsv	2411	
馬克士威	ㄇㄚˇ ㄎㄜˋ ㄕˋ ㄨㄟ	科學	1	10	0			-7.354194117		馬克/示威	2.790096439	馬克/示威	2.790096439	馬克示威	馬克士威	馬克/示威	馬克士威	True	True	1		phrase.science.tsv	88	
馬克思史學	ㄇㄚˇ ㄎㄜˋ ㄙ ㄕˇ ㄒㄩㄝˊ	歷史	1	3	absent			-7.354194117		馬克斯/史學	3.15981855	馬克斯/史學	3.15981855	馬克斯史學	馬克思史學	馬克斯/史學	馬克思史學	True	True	1		phrase.history.tsv	180	
馬斯克	ㄇㄚˇ ㄙ ㄎㄜˋ	人名-當代	1	41	absent			-7.354194117						馬斯客	馬斯克	馬/斯/客	馬斯克	True	True	1		phrase.people-contemporary.tsv	54	
馬歇爾計畫	ㄇㄚˇ ㄒㄧㄝ ㄦˇ ㄐㄧˋ ㄏㄨㄚˋ	歷史	1	6	absent			-7.354194117						馬些爾計畫	馬歇爾計畫	馬/些/爾/計畫	馬歇爾計畫	True	True	1		phrase.history.tsv	181	
馬淵洸	ㄇㄚˇ ㄩㄢ ㄏㄨㄤˇ	動漫	1	16	absent			-7.354194117						馬淵謊	馬淵洸	馬/淵/謊	馬淵洸	True	True	1		phrase.anime.tsv	2413	
馬狼照英	ㄇㄚˇ ㄌㄤˊ ㄓㄠˋ ㄧㄥ	動漫	1	11	absent			-7.354194117						馬郎照應	馬狼照英	馬/郎/照/應	馬狼照英	True	True	1		phrase.anime.tsv	2414	
馬瑟納斯	ㄇㄚˇ ㄙㄜˋ ㄋㄚˋ ㄙ	動漫	1	14	absent			-7.354194117						馬色那司	馬瑟納斯	馬/色/那/司	馬瑟納斯	True	True	1		phrase.anime.tsv	2415	
馬魯克	ㄇㄚˇ ㄌㄨˇ ㄎㄜˋ	動漫	1	14	absent			-7.354194117						馬魯客	馬魯克	馬/魯/客	馬魯克	True	True	1		phrase.anime.tsv	2416	
馮提古	ㄈㄥˊ ㄊㄧˊ ㄍㄨˇ	動漫	1	19	absent			-7.354194117						逢題古	馮提古	逢/題/古	馮提古	True	True	1		phrase.anime.tsv	2417	
馮紐曼	ㄈㄥˊ ㄋㄧㄡˇ ㄇㄢˋ	人名-歷史	1	11	0			-7.354194117						逢紐曼	馮紐曼	逢/紐/曼	馮紐曼	True	True	1		phrase.people-history.tsv	165	
馳井靜句	ㄔˊ ㄐㄧㄥˇ ㄐㄧㄥˋ ㄐㄩˋ	動漫	1	14	absent			-7.354194117						持景境具	馳井靜句	持/景/境/具	馳井靜句	True	True	1		phrase.anime.tsv	2418	
駒場一郎	ㄐㄩ ㄔㄤˇ ㄧ ㄌㄤˊ	動漫	1	15	absent			-7.354194117						車場一郎	駒場一郎	車/場/一/郎	駒場一郎	True	True	1		phrase.anime.tsv	2419	
騎士制度	ㄑㄧˊ ㄕˋ ㄓˋ ㄉㄨˋ	歷史	1	10	absent			-7.354194117		歧視/制度	1.400618037	歧視/制度	1.400618037	其是制度	騎士制度	其/是/制度	騎士制度	True	True	1		phrase.history.tsv	182	
驅魔少年	ㄑㄩ ㄇㄛˊ ㄕㄠˋ ㄋㄧㄢˊ	動漫	1	20	absent			-7.354194117						區無少年	驅魔少年	區/無/少年	驅魔少年	True	True	1		phrase.anime.tsv	2422	
驅魔師	ㄑㄩ ㄇㄛˊ ㄕ	動漫	1	21	absent			-7.354194117						區無師	驅魔師	區/無/師	驅魔師	True	True	1		phrase.anime.tsv	2423	
驚爆危機	ㄐㄧㄥ ㄅㄠˋ ㄨㄟˊ ㄐㄧ	動漫	1	21	absent			-7.354194117						經報危機	驚爆危機	經/報/危機	驚爆危機	True	True	1		phrase.anime.tsv	2424	
高倉健	ㄍㄠ ㄘㄤ ㄐㄧㄢˋ	動漫	1	18	absent			-7.354194117						高蒼建	高倉健	高/蒼/建	高倉健	True	True	1		phrase.anime.tsv	2427	
高坂京介	ㄍㄠ ㄅㄢˇ ㄐㄧㄥ ㄐㄧㄝˋ	動漫	1	20	absent			-7.354194117						高版經界	高坂京介	高/版/經/界	高坂京介	True	True	1		phrase.anime.tsv	2428	
高坂桐乃	ㄍㄠ ㄅㄢˇ ㄊㄨㄥˊ ㄋㄞˇ	動漫	1	17	absent			-7.354194117						高版同乃	高坂桐乃	高/版/同/乃	高坂桐乃	True	True	1		phrase.anime.tsv	2429	
高坂穗乃果	ㄍㄠ ㄅㄢˇ ㄙㄨㄟˋ ㄋㄞˇ ㄍㄨㄛˇ	動漫	1	22	absent			-7.354194117						高版歲乃果	高坂穗乃果	高/版/歲/乃/果	高坂穗乃果	True	True	1		phrase.anime.tsv	2430	
高基氏體	ㄍㄠ ㄐㄧ ㄕˋ ㄊㄧˇ	科學	1	13	absent			-7.354194117						高基是體	高基氏體	高/基/是/體	高基氏體	True	True	1		phrase.science.tsv	90	
高宮菜穗	ㄍㄠ ㄍㄨㄥ ㄘㄞˋ ㄙㄨㄟˋ	動漫	1	18	absent			-7.354194117						高公菜歲	高宮菜穗	高/公/菜/歲	高宮菜穗	True	True	1		phrase.anime.tsv	2431	
高崎美咲	ㄍㄠ ㄑㄧˊ ㄇㄟˇ ㄒㄧㄠˋ	動漫	1	14	absent			-7.354194117						高奇美校	高崎美咲	高/奇美/校	高崎美咲	True	True	1		phrase.anime.tsv	2432	
高擬真原型	ㄍㄠ ㄋㄧˇ ㄓㄣ ㄩㄢˊ ㄒㄧㄥˊ	媒體設計	1	6	absent			-7.354194117						高你真原型	高擬真原型	高/你/真/原型	高擬真原型	True	True	1		phrase.media-design.tsv	98	
高木同學	ㄍㄠ ㄇㄨˋ ㄊㄨㄥˊ ㄒㄩㄝˊ	動漫	1	23	absent			-7.354194117						高目同學	高木同學	高/目/同學	高木同學	True	True	1		phrase.anime.tsv	2435	
高木泰士	ㄍㄠ ㄇㄨˋ ㄊㄞˋ ㄕˋ	動漫	1	12	absent			-7.354194117						高目太是	高木泰士	高/目/太/是	高木泰士	True	True	1		phrase.anime.tsv	2436	
高杉晉助	ㄍㄠ ㄕㄢ ㄐㄧㄣˋ ㄓㄨˋ	動漫	1	11	absent			-7.354194117		高山/進駐	2.779607308	高山/進駐	2.779607308	高山進駐	高杉晉助	高山/進駐	高杉晉助	True	True	1		phrase.anime.tsv	2437	
高校之神	ㄍㄠ ㄒㄧㄠˋ ㄓ ㄕㄣˊ	動漫	1	19	absent			-7.354194117						高效之什	高校之神	高效/之/什	高校之神	True	True	1		phrase.anime.tsv	2439	
高槻彌生	ㄍㄠ ㄍㄨㄟ ㄇㄧˊ ㄕㄥ	動漫	1	12	absent			-7.354194117						高規迷生	高槻彌生	高/規/迷/生	高槻彌生	True	True	1		phrase.anime.tsv	2440	
高橋啟介	ㄍㄠ ㄑㄧㄠˊ ㄑㄧˇ ㄐㄧㄝˋ	動漫	1	17	absent			-7.354194117						高橋起界	高橋啟介	高橋/起/界	高橋啟介	True	True	1		phrase.anime.tsv	2441	
高橋涼介	ㄍㄠ ㄑㄧㄠˊ ㄌㄧㄤˊ ㄐㄧㄝˋ	動漫	1	19	absent			-7.354194117						高橋樑界	高橋涼介	高/橋樑/界	高橋涼介	True	True	1		phrase.anime.tsv	2442	
高瀨春彥	ㄍㄠ ㄌㄞˋ ㄔㄨㄣ ㄧㄢˋ	動漫	1	17	absent			-7.354194117						高來春驗	高瀨春彥	高/來/春/驗	高瀨春彥	True	True	1		phrase.anime.tsv	2444	
高町奈葉	ㄍㄠ ㄊㄧㄥˇ ㄋㄞˋ ㄧㄝˋ	動漫	1	19	absent			-7.354194117						高挺耐業	高町奈葉	高/挺/耐/業	高町奈葉	True	True	1		phrase.anime.tsv	2446	
高良美幸	ㄍㄠ ㄌㄧㄤˊ ㄇㄟˇ ㄒㄧㄥˋ	動漫	1	13	absent			-7.354194117						高粱美性	高良美幸	高粱/美/性	高良美幸	True	True	1		phrase.anime.tsv	2448	
高遠遙一	ㄍㄠ ㄩㄢˇ ㄧㄠˊ ㄧ	動漫	1	13	absent			-7.354194117						高遠搖一	高遠遙一	高遠/搖/一	高遠遙一	True	True	1		phrase.anime.tsv	2450	
高野千鶴	ㄍㄠ ㄧㄝˇ ㄑㄧㄢ ㄏㄜˋ	動漫	1	11	absent			-7.354194117						高也簽和	高野千鶴	高/也/簽/和	高野千鶴	True	True	1		phrase.anime.tsv	2451	
高野晶	ㄍㄠ ㄧㄝˇ ㄐㄧㄥ	動漫	1	11	absent			-7.354194117						高也經	高野晶	高/也/經	高野晶	True	True	1		phrase.anime.tsv	2452	
高須龍兒	ㄍㄠ ㄒㄩ ㄌㄨㄥˊ ㄦˊ	動漫	1	22	absent			-7.354194117						高需龍而	高須龍兒	高/需/龍/而	高須龍兒	True	True	1		phrase.anime.tsv	2454	
鬼之手	ㄍㄨㄟˇ ㄓ ㄕㄡˇ	動漫	1	12	absent			-7.354194117						鬼隻手	鬼之手	鬼/隻手	鬼之手	True	True	1		phrase.anime.tsv	2456	
鬼之血	ㄍㄨㄟˇ ㄓ ㄒㄩㄝˇ	動漫	1	11	absent			-7.354194117						鬼之雪	鬼之血	鬼/之/雪	鬼之血	True	True	1		phrase.anime.tsv	2457	
鬼塚英吉	ㄍㄨㄟˇ ㄓㄨㄥˇ ㄧㄥ ㄐㄧˊ	動漫	1	20	absent			-7.354194117						鬼種應即	鬼塚英吉	鬼/種/應/即	鬼塚英吉	True	True	1		phrase.anime.tsv	2458	
鬼燈的冷徹	ㄍㄨㄟˇ ㄉㄥ ㄉㄜ˙ ㄌㄥˇ ㄔㄜˋ	動漫	1	21	absent			-7.354194117						鬼登的冷徹	鬼燈的冷徹	鬼/登/的/冷/徹	鬼燈的冷徹	True	True	1		phrase.anime.tsv	2461	
鬼龍院皐月	ㄍㄨㄟˇ ㄌㄨㄥˊ ㄩㄢˋ ㄍㄠ ㄩㄝˋ	動漫	1	17	absent			-7.354194117						鬼龍院高月	鬼龍院皐月	鬼/龍/院/高/月	鬼龍院皐月	True	True	1		phrase.anime.tsv	2462	
魅上照	ㄇㄟˋ ㄕㄤˋ ㄓㄠˋ	動漫	1	12	absent			-7.354194117						妹上照	魅上照	妹/上/照	魅上照	True	True	1		phrase.anime.tsv	2463	
魔女宅急便	ㄇㄛˊ ㄋㄩˇ ㄓㄞˊ ㄐㄧˊ ㄅㄧㄢˋ	動漫	1	25	absent			-7.354194117						魔女宅即便	魔女宅急便	魔女/宅/即便	魔女宅急便	True	True	1		phrase.anime.tsv	2465	
魔法帝	ㄇㄛˊ ㄈㄚˇ ㄉㄧˋ	動漫	1	13	absent			-7.354194117						魔法的	魔法帝	魔法/的	魔法帝	True	True	1		phrase.anime.tsv	2471	
魔法騎士	ㄇㄛˊ ㄈㄚˇ ㄑㄧˊ ㄕˋ	動漫	1	20	absent			-7.354194117		魔法/歧視	2.930620598	魔法/歧視	2.930620598	魔法歧視	魔法騎士	魔法/歧視	魔法騎士	True	True	1		phrase.anime.tsv	2473	
魚叉式	ㄩˊ ㄔㄚ ㄕˋ	網路資安	1	10	absent			-7.354194117						於差是	魚叉式	於/差/是	魚叉式	True	True	1		phrase.network-security.tsv	175	
魯蛇	ㄌㄨˇ ㄕㄜˊ	動漫	1	23	absent			-7.354194117						魯什	魯蛇	魯/什	魯蛇	True	True	1		phrase.anime.tsv	2475	
魯迪格爾	ㄌㄨˇ ㄉㄧˊ ㄍㄜˊ ㄦˇ	動漫	1	11	absent			-7.354194117						魯的格爾	魯迪格爾	魯/的/格/爾	魯迪格爾	True	True	1		phrase.anime.tsv	2477	
魯迪烏斯	ㄌㄨˇ ㄉㄧˊ ㄨ ㄙ	動漫	1	22	absent			-7.354194117						魯的屋司	魯迪烏斯	魯/的/屋/司	魯迪烏斯	True	True	1		phrase.anime.tsv	2478	
鮎澤美咲	ㄋㄧㄢˊ ㄗㄜˊ ㄇㄟˇ ㄒㄧㄠˋ	動漫	1	19	absent			-7.354194117						年則美校	鮎澤美咲	年/則/美/校	鮎澤美咲	True	True	1		phrase.anime.tsv	2479	
鳥束零太	ㄋㄧㄠˇ ㄕㄨˋ ㄌㄧㄥˊ ㄊㄞˋ	動漫	1	13	absent			-7.354194117						鳥樹齡太	鳥束零太	鳥/樹齡/太	鳥束零太	True	True	1		phrase.anime.tsv	2481	
鳳凰寺紅葉	ㄈㄥˋ ㄏㄨㄤˊ ㄙˋ ㄏㄨㄥˊ ㄧㄝˋ	動漫	1	15	absent			-7.354194117						鳳凰四紅葉	鳳凰寺紅葉	鳳凰/四/紅葉	鳳凰寺紅葉	True	True	1		phrase.anime.tsv	2483	
鳳凰寺風	ㄈㄥˋ ㄏㄨㄤˊ ㄙˋ ㄈㄥ	動漫	1	13	absent			-7.354194117						鳳凰四風	鳳凰寺風	鳳凰/四/風	鳳凰寺風	True	True	1		phrase.anime.tsv	2484	
鳳鏡夜	ㄈㄥˋ ㄐㄧㄥˋ ㄧㄝˋ	動漫	1	16	absent			-7.354194117						縫敬業	鳳鏡夜	縫/敬業	鳳鏡夜	True	True	1		phrase.anime.tsv	2485	
鳴子章吉	ㄇㄧㄥˊ ㄗ˙ ㄓㄤ ㄐㄧˊ	動漫	1	14	absent			-7.354194117						名字張即	鳴子章吉	名字/張/即	鳴子章吉	True	True	1		phrase.anime.tsv	2486	
鳴泣之時	ㄇㄧㄥˊ ㄑㄧˋ ㄓ ㄕˊ	動漫	1	19	absent			-7.354194117		名氣/之時	3.730015192	名氣/之時	3.730015192	名氣之時	鳴泣之時	名氣/之/時	鳴泣之時	True	True	1		phrase.anime.tsv	2487	
鳶一折紙	ㄩㄢ ㄧ ㄓㄜˊ ㄓˇ	動漫	1	17	absent			-7.354194117						宛一摺紙	鳶一折紙	宛/一/摺紙	鳶一折紙	True	True	1		phrase.anime.tsv	2488	
鵺野鳴介	ㄧㄝˋ ㄧㄝˇ ㄇㄧㄥˊ ㄐㄧㄝˋ	動漫	1	19	absent			-7.354194117						業也明界	鵺野鳴介	業/也/明/界	鵺野鳴介	True	True	1		phrase.anime.tsv	2489	
鶴來民子	ㄏㄜˋ ㄌㄞˊ ㄇㄧㄣˊ ㄗ˙	動漫	1	15	absent			-7.354194117						嚇來民子	鶴來民子	嚇/來/民/子	鶴來民子	True	True	1		phrase.anime.tsv	2490	
鶴河秋水	ㄏㄜˋ ㄏㄜˊ ㄑㄧㄡ ㄕㄨㄟˇ	動漫	1	12	absent			-7.354194117						嚇和秋水	鶴河秋水	嚇/和/秋/水	鶴河秋水	True	True	1		phrase.anime.tsv	2491	
鶴見中尉	ㄏㄜˋ ㄐㄧㄢˋ ㄓㄨㄥ ㄨㄟˋ	動漫	1	14	absent			-7.354194117						嚇建中為	鶴見中尉	嚇/建中/為	鶴見中尉	True	True	1		phrase.anime.tsv	2492	
鶴見知利子	ㄏㄜˋ ㄐㄧㄢˋ ㄓ ㄌㄧˋ ㄗ˙	動漫	1	13	absent			-7.354194117						嚇建之例子	鶴見知利子	嚇/建/之/例子	鶴見知利子	True	True	1		phrase.anime.tsv	2493	
鷹村守	ㄧㄥ ㄘㄨㄣ ㄕㄡˇ	動漫	1	15	absent			-7.354194117						應村手	鷹村守	應/村/手	鷹村守	True	True	1		phrase.anime.tsv	2494	
鷺之宮伊澄	ㄌㄨˋ ㄓ ㄍㄨㄥ ㄧ ㄔㄥˊ	動漫	1	12	absent			-7.354194117						路之公一成	鷺之宮伊澄	路/之/公/一/成	鷺之宮伊澄	True	True	1		phrase.anime.tsv	2495	
鹼性磷酸酶	ㄐㄧㄢˇ ㄒㄧㄥˋ ㄌㄧㄣˊ ㄙㄨㄢ ㄇㄟˊ	醫學	1	6	absent			-7.354194117						鹼性磷酸沒	鹼性磷酸酶	鹼性/磷酸/沒	鹼性磷酸酶	True	True	1		phrase.medicine.tsv	270	
鹿島虎太郎	ㄌㄨˋ ㄉㄠˇ ㄏㄨˇ ㄊㄞˋ ㄌㄤˊ	動漫	1	15	absent			-7.354194117						路導許太郎	鹿島虎太郎	路/導/許/太郎	鹿島虎太郎	True	True	1		phrase.anime.tsv	2496	
鹿島遊	ㄌㄨˋ ㄉㄠˇ ㄧㄡˊ	動漫	1	12	absent			-7.354194117						路導遊	鹿島遊	路/導遊	鹿島遊	True	True	1		phrase.anime.tsv	2497	
鹿島龍一	ㄌㄨˋ ㄉㄠˇ ㄌㄨㄥˊ ㄧ	動漫	1	17	absent			-7.354194117						路導龍一	鹿島龍一	路/導/龍/一	鹿島龍一	True	True	1		phrase.anime.tsv	2498	
鹿目圓	ㄌㄨˋ ㄇㄨˋ ㄩㄢˊ	動漫	1	24	absent			-7.354194117						路墓園	鹿目圓	路/墓園	鹿目圓	True	True	1		phrase.anime.tsv	2499	
鹿野千夏	ㄌㄨˋ ㄧㄝˇ ㄑㄧㄢ ㄒㄧㄚˋ	動漫	1	17	absent			-7.354194117		鹿野/簽下	4.278647156	鹿野/簽下	4.278647156	路也簽下	鹿野千夏	路/也/簽下	鹿野千夏	True	True	1		phrase.anime.tsv	2500	
麗日御茶子	ㄌㄧˋ ㄖˋ ㄩˋ ㄔㄚˊ ㄗ˙	動漫	1	18	absent			-7.354194117						立日與查子	麗日御茶子	立/日/與/查/子	麗日御茶子	True	True	1		phrase.anime.tsv	2501	
麥斯威爾	ㄇㄞˋ ㄙ ㄨㄟ ㄦˇ	動漫	1	15	absent			-7.354194117						賣司威爾	麥斯威爾	賣/司/威/爾	麥斯威爾	True	True	1		phrase.anime.tsv	2502	
麻中蓬	ㄇㄚˊ ㄓㄨㄥ ㄆㄥˊ	動漫	1	16	absent			-7.354194117						麻中朋	麻中蓬	麻/中/朋	麻中蓬	True	True	1		phrase.anime.tsv	2503	
麻倉葉	ㄇㄚˊ ㄘㄤ ㄧㄝˋ	動漫	1	18	absent			-7.354194117						麻蒼業	麻倉葉	麻/蒼/業	麻倉葉	True	True	1		phrase.anime.tsv	2504	
黃仁勳	ㄏㄨㄤˊ ㄖㄣˊ ㄒㄩㄣ	人名-當代	1	43	absent			-7.354194117						黃人勳	黃仁勳	黃/人/勳	黃仁勳	True	True	1		phrase.people-contemporary.tsv	57	
黃瀨涼太	ㄏㄨㄤˊ ㄌㄞˋ ㄌㄧㄤˊ ㄊㄞˋ	動漫	1	16	absent			-7.354194117						黃來良太	黃瀨涼太	黃/來/良/太	黃瀨涼太	True	True	1		phrase.anime.tsv	2506	
黎明卿	ㄌㄧˊ ㄇㄧㄥˊ ㄑㄧㄥ	動漫	1	10	absent			-7.354194117						離明清	黎明卿	離/明清	黎明卿	True	True	1		phrase.anime.tsv	2510	
黑主優姬	ㄏㄟ ㄓㄨˇ ㄧㄡ ㄐㄧ	動漫	1	18	absent			-7.354194117						黑主優機	黑主優姬	黑/主/優/機	黑主優姬	True	True	1		phrase.anime.tsv	2511	
黑執事	ㄏㄟ ㄓˊ ㄕˋ	動漫	1	24	absent			-7.354194117						黑直是	黑執事	黑/直/是	黑執事	True	True	1		phrase.anime.tsv	2512	
黑崎一護	ㄏㄟ ㄑㄧˊ ㄧ ㄏㄨˋ	動漫	1	24	absent			-7.354194117						黑其醫護	黑崎一護	黑/其/醫護	黑崎一護	True	True	1		phrase.anime.tsv	2515	
黑川茜	ㄏㄟ ㄔㄨㄢ ㄑㄧㄢˋ	動漫	1	14	absent			-7.354194117						黑川欠	黑川茜	黑川/欠	黑川茜	True	True	1		phrase.anime.tsv	2516	
黑帽大人	ㄏㄟ ㄇㄠˋ ㄉㄚˋ ㄖㄣˊ	動漫	1	17	absent			-7.354194117						黑貿大人	黑帽大人	黑/貿/大人	黑帽大人	True	True	1		phrase.anime.tsv	2517	
黑柳亮	ㄏㄟ ㄌㄧㄡˇ ㄌㄧㄤˋ	動漫	1	9	absent			-7.354194117						黑柳量	黑柳亮	黑/柳/量	黑柳亮	True	True	1		phrase.anime.tsv	2520	
黑桐幹也	ㄏㄟ ㄊㄨㄥˊ ㄍㄢˋ ㄧㄝˇ	動漫	1	17	absent			-7.354194117						黑同幹也	黑桐幹也	黑/同/幹/也	黑桐幹也	True	True	1		phrase.anime.tsv	2521	
黑桐鮮花	ㄏㄟ ㄊㄨㄥˊ ㄒㄧㄢ ㄏㄨㄚ	動漫	1	13	absent			-7.354194117						黑同鮮花	黑桐鮮花	黑/同/鮮花	黑桐鮮花	True	True	1		phrase.anime.tsv	2522	
黑沼爽子	ㄏㄟ ㄓㄠˇ ㄕㄨㄤˇ ㄗ˙	動漫	1	20	absent			-7.354194117						黑找爽子	黑沼爽子	黑/找/爽/子	黑沼爽子	True	True	1		phrase.anime.tsv	2523	
黑澤露比	ㄏㄟ ㄗㄜˊ ㄌㄨˋ ㄅㄧˇ	動漫	1	14	absent			-7.354194117						黑則路比	黑澤露比	黑/則/路/比	黑澤露比	True	True	1		phrase.anime.tsv	2524	
黑澤黛雅	ㄏㄟ ㄗㄜˊ ㄉㄞˋ ㄧㄚˇ	動漫	1	13	absent			-7.354194117						黑則帶亞	黑澤黛雅	黑/則/帶/亞	黑澤黛雅	True	True	1		phrase.anime.tsv	2525	
黑色五葉草	ㄏㄟ ㄙㄜˋ ㄨˇ ㄧㄝˋ ㄘㄠˇ	動漫	1	23	absent			-7.354194117						黑色午夜草	黑色五葉草	黑色/午夜/草	黑色五葉草	True	True	1		phrase.anime.tsv	2527	
黑部夏美	ㄏㄟ ㄅㄨˋ ㄒㄧㄚˋ ㄇㄟˇ	動漫	1	10	absent			-7.354194117						黑不下美	黑部夏美	黑/不下/美	黑部夏美	True	True	1		phrase.anime.tsv	2529	
黛拓武	ㄉㄞˋ ㄊㄨㄛˋ ㄨˇ	動漫	1	12	absent			-7.354194117						代拓五	黛拓武	代/拓/五	黛拓武	True	True	1		phrase.anime.tsv	2532	
齊木楠雄	ㄑㄧˊ ㄇㄨˋ ㄋㄢˊ ㄒㄩㄥˊ	動漫	1	25	absent			-7.354194117						其目南雄	齊木楠雄	其/目/南雄	齊木楠雄	True	True	1		phrase.anime.tsv	2533	
齊納二極體	ㄑㄧˊ ㄋㄚˋ ㄦˋ ㄐㄧˊ ㄊㄧˇ	電子電機	1	4	absent			-7.354194117						其那二極體	齊納二極體	其/那/二極體	齊納二極體	True	True	1		phrase.electronics.tsv	220	
齊藤惠那	ㄑㄧˊ ㄊㄥˊ ㄏㄨㄟˋ ㄋㄚˋ	動漫	1	13	absent			-7.354194117						其騰會那	齊藤惠那	其/騰/會/那	齊藤惠那	True	True	1		phrase.anime.tsv	2534	
齊齒呼	ㄑㄧˊ ㄔˇ ㄏㄨ	中文	1	11	absent			-7.354194117						其尺乎	齊齒呼	其/尺/乎	齊齒呼	True	True	1		phrase.chinese.tsv	166	
齋森美世	ㄓㄞ ㄙㄣ ㄇㄟˇ ㄕˋ	動漫	1	19	absent			-7.354194117						摘森美是	齋森美世	摘/森/美/是	齋森美世	True	True	1		phrase.anime.tsv	2535	
齋森香耶	ㄓㄞ ㄙㄣ ㄒㄧㄤ ㄧㄝ	動漫	1	14	absent			-7.354194117						摘森相耶	齋森香耶	摘/森/相/耶	齋森香耶	True	True	1		phrase.anime.tsv	2536	
龍之峰帝人	ㄌㄨㄥˊ ㄓ ㄈㄥ ㄉㄧˋ ㄖㄣˊ	動漫	1	20	absent			-7.354194117						龍之風的人	龍之峰帝人	龍/之/風/的/人	龍之峰帝人	True	True	1		phrase.anime.tsv	2538	
龍咲海	ㄌㄨㄥˊ ㄒㄧㄠˋ ㄏㄞˇ	動漫	1	15	absent			-7.354194117						龍校海	龍咲海	龍/校/海	龍咲海	True	True	1		phrase.anime.tsv	2539	
龍宮寺堅	ㄌㄨㄥˊ ㄍㄨㄥ ㄙˋ ㄐㄧㄢ	動漫	1	17	absent			-7.354194117						龍公四間	龍宮寺堅	龍/公/四/間	龍宮寺堅	True	True	1		phrase.anime.tsv	2540	
龍宮禮奈	ㄌㄨㄥˊ ㄍㄨㄥ ㄌㄧˇ ㄋㄞˋ	動漫	1	17	absent			-7.354194117						龍公里耐	龍宮禮奈	龍/公里/耐	龍宮禮奈	True	True	1		phrase.anime.tsv	2541	
龍崎怜	ㄌㄨㄥˊ ㄑㄧˊ ㄌㄧㄥˊ	動漫	1	11	absent			-7.354194117						龍其靈	龍崎怜	龍/其/靈	龍崎怜	True	True	1		phrase.anime.tsv	2542	
龍崎憲一朗	ㄌㄨㄥˊ ㄑㄧˊ ㄒㄧㄢˋ ㄧ ㄌㄤˇ	動漫	1	15	absent			-7.354194117						龍期限伊朗	龍崎憲一朗	龍/期限/伊朗	龍崎憲一朗	True	True	1		phrase.anime.tsv	2543	
龍與虎	ㄌㄨㄥˊ ㄩˇ ㄏㄨˇ	動漫	1	24	absent			-7.354194117						龍與許	龍與虎	龍/與/許	龍與虎	True	True	1		phrase.anime.tsv	2545	
龜派氣功	ㄍㄨㄟ ㄆㄞˋ ㄑㄧˋ ㄍㄨㄥ	動漫	1	16	absent			-7.354194117						規派氣功	龜派氣功	規/派/氣功	龜派氣功	True	True	1		phrase.anime.tsv	2547	
