word	reading	category	target_count	source_count	mcp_same_text_source_count	mcp_exact_words	mcp_best_exact_score	new_log10_probability	new_minus_best_exact	mcp_best_split	new_minus_best_split	mcp_best_path	new_minus_best_path	before_text	after_text	before_segments	after_segments	default_changed	new_word_default	new_word_candidate_rank	mcp_raw_mapping_words	file	line	source_word
久保明菜	ㄐㄧㄡˇ ㄅㄠˇ ㄇㄧㄥˊ ㄘㄞˋ	動漫	1	13	absent			-7.354194117		酒保/名菜	6.752134126	酒保/名菜	6.752134126	九保明菜	久保明菜	九/保/明/菜	久保明菜	True	True	1		phrase.anime.tsv	86	
相位鍵移	ㄒㄧㄤˋ ㄨㄟˋ ㄐㄧㄢˋ ㄧˊ	電子電機	1	10	absent			-7.354194117		相位/見疑	6.752134126	相位/見疑	6.752134126	像未見一	相位鍵移	像/未見/一	相位鍵移	True	True	1		phrase.electronics.tsv	148	
怪盜艾克斯	ㄍㄨㄞˋ ㄉㄠˋ ㄞˋ ㄎㄜˋ ㄙ	動漫	1	10	absent			-7.354194117		怪到/愛克斯	6.576042867	怪到/愛克斯	6.576042867	怪到愛克斯	怪盜艾克斯	怪/到/愛克斯	怪盜艾克斯	True	True	1		phrase.anime.tsv	984	怪盜X
箱根驛傳	ㄒㄧㄤ ㄍㄣ ㄧˋ ㄔㄨㄢˊ	動漫	1	12	absent			-7.354194117		箱根/一船	6.576042867	箱根/一船	6.576042867	箱跟一傳	箱根驛傳	箱/跟/一/傳	箱根驛傳	True	True	1		phrase.anime.tsv	1748	
佐藤正男	ㄗㄨㄛˇ ㄊㄥˊ ㄓㄥˋ ㄋㄢˊ	動漫	1	12	absent			-7.354194117		佐籐/正南	6.275012871	佐籐/正南	6.275012871	佐籐政南	佐藤正男	佐籐/政/南	佐藤正男	True	True	1		phrase.anime.tsv	194	
幼女戰記	ㄧㄡˋ ㄋㄩˇ ㄓㄢˋ ㄐㄧˋ	動漫	1	21	absent			-7.354194117		幼女/戰技	6.275012871	幼女/戰技	6.275012871	又女戰計	幼女戰記	又/女/戰/計	幼女戰記	True	True	1		phrase.anime.tsv	929	
凪誠士郎	ㄓˇ ㄔㄥˊ ㄕˋ ㄌㄤˊ	動漫	1	17	absent			-7.354194117		只成/侍郎	6.053164122	只成/侍郎	6.053164122	只城市郎	凪誠士郎	只/城市/郎	凪誠士郎	True	True	1		phrase.anime.tsv	287	
三葉睦實	ㄙㄢ ㄧㄝˋ ㄇㄨˋ ㄕˊ	動漫	1	11	absent			-7.354194117		三頁/木石	5.922830353	三頁/木石	5.922830353	三頁目時	三葉睦實	三頁/目/時	三葉睦實	True	True	1		phrase.anime.tsv	41	
五河士道	ㄨˇ ㄏㄜˊ ㄕˋ ㄉㄠˋ	動漫	1	22	absent			-7.354194117		五盒/市道	5.922830353	五盒/市道	5.922830353	五和是到	五河士道	五/和/是/到	五河士道	True	True	1		phrase.anime.tsv	119	
劍之聖女	ㄐㄧㄢˋ ㄓ ㄕㄥˋ ㄋㄩˇ	動漫	1	10	absent			-7.354194117		艦隻/聖女	5.922830353	艦隻/聖女	5.922830353	建之聖女	劍之聖女	建/之/聖女	劍之聖女	True	True	1		phrase.anime.tsv	311	
未聞花名	ㄨㄟˋ ㄨㄣˊ ㄏㄨㄚ ㄇㄧㄥˊ	動漫	1	24	absent			-7.354194117		未聞/花名	5.922830353	未聞/花名	5.922830353	未聞花明	未聞花名	未聞/花/明	未聞花名	True	True	1		phrase.anime.tsv	1199	
烈火之炎	ㄌㄧㄝˋ ㄏㄨㄛˇ ㄓ ㄧㄢˊ	動漫	1	19	absent			-7.354194117		烈火/知言	5.922830353	烈火/知言	5.922830353	烈火之研	烈火之炎	烈火/之/研	烈火之炎	True	True	1		phrase.anime.tsv	1491	
吉井明久	ㄐㄧˊ ㄐㄧㄥˇ ㄇㄧㄥˊ ㄐㄧㄡˇ	動漫	1	20	absent			-7.354194117		即景/名酒	5.877072863	即景/名酒	5.877072863	及井明九	吉井明久	及/井/明/九	吉井明久	True	True	1		phrase.anime.tsv	419	
怪盜基德	ㄍㄨㄞˋ ㄉㄠˋ ㄐㄧ ㄉㄜˊ	動漫	1	12	absent			-7.354194117		怪到/積德	5.877072863	怪到/積德	5.877072863	怪到機得	怪盜基德	怪/到/機/得	怪盜基德	True	True	1		phrase.anime.tsv	985	
呂布奉先	ㄌㄩˇ ㄅㄨˋ ㄈㄥˋ ㄒㄧㄢ	動漫	1	15	absent			-7.354194117		呂布/鳳仙	5.752134126	呂布/鳳仙	5.752134126	旅不鳳仙	呂布奉先	旅/不/鳳仙	呂布奉先	True	True	1		phrase.anime.tsv	441	
溫水和彥	ㄨㄣ ㄕㄨㄟˇ ㄏㄜˊ ㄧㄢˋ	動漫	1	20	absent			-7.354194117		溫水/何晏	5.67295288	溫水/何晏	5.67295288	溫水和驗	溫水和彥	溫/水/和/驗	溫水和彥	True	True	1		phrase.anime.tsv	1450	
維氏硬度	ㄨㄟˊ ㄕˋ ㄧㄥˋ ㄉㄨˋ	材料化工	1	12	absent			-7.354194117		圍事/硬度	5.67295288	圍事/硬度	5.67295288	為適應度	維氏硬度	為/適應/度	維氏硬度	True	True	1		phrase.materials-chemistry.tsv	82	
遠藤健兒	ㄩㄢˇ ㄊㄥˊ ㄐㄧㄢˋ ㄦˊ	動漫	1	20	absent			-7.354194117		遠藤/健兒	5.655224113	遠藤/健兒	5.655224113	遠藤建而	遠藤健兒	遠藤/建/而	遠藤健兒	True	True	1		phrase.anime.tsv	2206	
水野亞美	ㄕㄨㄟˇ ㄧㄝˇ ㄧㄚˇ ㄇㄟˇ	動漫	1	20	absent			-7.354194117		水野/亞美	5.646623941	水野/亞美	5.646623941	水也亞美	水野亞美	水/也/亞美	水野亞美	True	True	1		phrase.anime.tsv	1369	
櫻井桃子	ㄧㄥ ㄐㄧㄥˇ ㄊㄠˊ ㄗ˙	動漫	1	13	absent			-7.354194117		櫻井/桃子	5.638190774	櫻井/桃子	5.638190774	應景桃子	櫻井桃子	應/景/桃子	櫻井桃子	True	True	1		phrase.anime.tsv	1313	
六道輪迴	ㄌㄧㄡˋ ㄉㄠˋ ㄌㄨㄣˊ ㄏㄨㄟˊ	動漫	1	17	0			-7.354194117		六道/輪迴	5.621800358	六道/輪迴	5.621800358	六到輪迴	六道輪迴	六/到/輪迴	六道輪迴	True	True	1		phrase.anime.tsv	278	
茵蒂克絲	ㄧㄣ ㄉㄧˋ ㄎㄜˋ ㄙ	動漫	1	18	absent			-7.354194117		因地/緙絲	5.561802428	因地/緙絲	5.561802428	因地客司	茵蒂克絲	因/地/客/司	茵蒂克絲	True	True	1		phrase.anime.tsv	1939	
刀劍神域	ㄉㄠ ㄐㄧㄢˋ ㄕㄣˊ ㄩˋ	動漫	1	26	absent			-7.354194117		刀劍/神諭	5.509096077	刀劍/神諭	5.509096077	刀建神諭	刀劍神域	刀/建/神諭	刀劍神域	True	True	1		phrase.anime.tsv	293	
升壓轉換器	ㄕㄥ ㄧㄚ ㄓㄨㄢˇ ㄏㄨㄢˋ ㄑㄧˋ	電子電機	1	5	absent			-7.354194117		聲押/轉換器	5.462099515	聲押/轉換器	5.462099515	生壓轉換器	升壓轉換器	生/壓/轉換器	升壓轉換器	True	True	1		phrase.electronics.tsv	41	
相位雜訊	ㄒㄧㄤˋ ㄨㄟˋ ㄗㄚˊ ㄒㄩㄣˋ	電子電機	1	9	absent			-7.354194117		相位/雜訊	5.45110413	相位/雜訊	5.45110413	像為雜訊	相位雜訊	像/為/雜訊	相位雜訊	True	True	1		phrase.electronics.tsv	149	
涼風青葉	ㄌㄧㄤˊ ㄈㄥ ㄑㄧㄥ ㄧㄝˋ	動漫	1	18	absent			-7.354194117		涼風/青葉	5.429914831	涼風/青葉	5.429914831	涼風清業	涼風青葉	涼風/清/業	涼風青葉	True	True	1		phrase.anime.tsv	1425	
安琪艾瑪	ㄢ ㄑㄧˊ ㄞˋ ㄇㄚˇ	動漫	1	13	absent			-7.354194117		安琪/艾瑪	5.395152725	安琪/艾瑪	5.395152725	安其艾瑪	安琪艾瑪	安/其/艾瑪	安琪艾瑪	True	True	1		phrase.anime.tsv	732	
山田妖精	ㄕㄢ ㄊㄧㄢˊ ㄧㄠ ㄐㄧㄥ	動漫	1	14	absent			-7.354194117		山田/妖精	5.371922884	山田/妖精	5.371922884	山田要經	山田妖精	山田/要/經	山田妖精	True	True	1		phrase.anime.tsv	849	
星型綱要	ㄒㄧㄥ ㄒㄧㄥˊ ㄍㄤ ㄧㄠˋ	AI資料科學	1	12	absent			-7.354194117		星形/綱要	5.297289266	星形/綱要	5.297289266	星行綱要	星型綱要	星/行/綱要	星型綱要	True	True	1		phrase.ai-data-science.tsv	94	
前原圭一	ㄑㄧㄢˊ ㄩㄢˊ ㄍㄨㄟ ㄧ	動漫	1	20	absent			-7.354194117		前緣/皈依	5.275012871	前緣/皈依	5.275012871	前員規一	前原圭一	前/員/規/一	前原圭一	True	True	1		phrase.anime.tsv	300	
妖精弓手	ㄧㄠ ㄐㄧㄥ ㄍㄨㄥ ㄕㄡˇ	動漫	1	14	absent			-7.354194117		妖精/攻守	5.275012871	妖精/攻守	5.275012871	邀經公手	妖精弓手	邀/經/公/手	妖精弓手	True	True	1		phrase.anime.tsv	679	
再借不難	ㄗㄞˋ ㄐㄧㄝˋ ㄅㄨˋ ㄋㄢˊ	動漫	1	15	0			-7.354194117		再借/不難	5.264289006	再借/不難	5.264289006	在界不難	再借不難	在/界/不難	再借不難	True	True	1		phrase.anime.tsv	281	
早乙女亂馬	ㄗㄠˇ ㄧˇ ㄋㄩˇ ㄌㄨㄢˋ ㄇㄚˇ	動漫	1	23	absent			-7.354194117		早乙女/亂碼	5.240250765	早乙女/亂碼	5.240250765	早乙女亂碼	早乙女亂馬	早乙女/亂碼	早乙女亂馬	True	True	1		phrase.anime.tsv	1122	
豬股大喜	ㄓㄨ ㄍㄨˇ ㄉㄚˋ ㄒㄧˇ	動漫	1	20	absent			-7.354194117		豬骨/大喜	5.223860349	豬骨/大喜	5.223860349	豬骨大喜	豬股大喜	豬骨/大喜	豬股大喜	True	True	1		phrase.anime.tsv	2111	
市之宮行	ㄕˋ ㄓ ㄍㄨㄥ ㄒㄧㄥˊ	動漫	1	18	absent			-7.354194117		適之/弓形	5.161069519	適之/弓形	5.161069519	是之公行	市之宮行	是/之/公/行	市之宮行	True	True	1		phrase.anime.tsv	883	
安堂麗治	ㄢ ㄊㄤˊ ㄌㄧˋ ㄓˋ	動漫	1	11	absent			-7.354194117		庵堂/立志	5.15553703	庵堂/立志	5.15553703	安堂立志	安堂麗治	安/堂/立志	安堂麗治	True	True	1		phrase.anime.tsv	723	
本田未央	ㄅㄣˇ ㄊㄧㄢˊ ㄨㄟˋ ㄧㄤ	動漫	1	14	absent			-7.354194117		本田/未央	5.144679103	本田/未央	5.144679103	本甜味央	本田未央	本/甜味/央	本田未央	True	True	1		phrase.anime.tsv	1201	
栗原萬里	ㄌㄧˋ ㄩㄢˊ ㄨㄢˋ ㄌㄧˇ	動漫	1	9	absent			-7.354194117		利源/萬里	5.139350269	利源/萬里	5.139350269	立員萬里	栗原萬里	立/員/萬里	栗原萬里	True	True	1		phrase.anime.tsv	1254	
真崎杏子	ㄓㄣ ㄑㄧˊ ㄒㄧㄥˋ ㄗˇ	動漫	1	13	absent			-7.354194117		珍奇/杏子	5.082352511	珍奇/杏子	5.082352511	真其性子	真崎杏子	真/其/性/子	真崎杏子	True	True	1		phrase.anime.tsv	1651	
管式反應器	ㄍㄨㄢˇ ㄕˋ ㄈㄢˇ ㄧㄥˋ ㄑㄧˋ	材料化工	1	5	absent			-7.354194117		管事/反應器	5.04456395	管事/反應器	5.04456395	館是反應器	管式反應器	館/是/反應器	管式反應器	True	True	1		phrase.materials-chemistry.tsv	78	
北斗神拳	ㄅㄟˇ ㄉㄡˇ ㄕㄣˊ ㄑㄩㄢˊ	動漫	1	23	absent			-7.354194117		北斗/神權	5.036130782	北斗/神權	5.036130782	北斗什全	北斗神拳	北斗/什/全	北斗神拳	True	True	1		phrase.anime.tsv	329	
長沙會戰	ㄔㄤˊ ㄕㄚ ㄏㄨㄟˋ ㄓㄢˋ	歷史	1	9	absent			-7.354194117		長沙/會戰	4.97761716	長沙/會戰	4.97761716	長沙會占	長沙會戰	長沙/會/占	長沙會戰	True	True	1		phrase.history.tsv	168	
一拳超人	ㄧ ㄑㄩㄢˊ ㄔㄠ ㄖㄣˊ	動漫	1	25	absent			-7.354194117		一拳/超人	4.969482374	一拳/超人	4.969482374	一全超人	一拳超人	一/全/超人	一拳超人	True	True	1		phrase.anime.tsv	9	
直樹美紀	ㄓˊ ㄕㄨˋ ㄇㄟˇ ㄐㄧˋ	動漫	1	12	absent			-7.354194117		植樹/每季	4.939220769	植樹/每季	4.939220769	植樹美計	直樹美紀	植樹/美/計	直樹美紀	True	True	1		phrase.anime.tsv	1631	
水上麻衣	ㄕㄨㄟˇ ㄕㄤˋ ㄇㄚˊ ㄧ	動漫	1	16	absent			-7.354194117		水上/麻衣	4.930948243	水上/麻衣	4.930948243	水上麻一	水上麻衣	水/上/麻/一	水上麻衣	True	True	1		phrase.anime.tsv	1359	
市川雷諾	ㄕˋ ㄔㄨㄢ ㄌㄟˊ ㄋㄨㄛˋ	動漫	1	16	absent			-7.354194117		試穿/雷諾	4.89480163	試穿/雷諾	4.89480163	是穿雷諾	市川雷諾	是/穿/雷諾	市川雷諾	True	True	1		phrase.anime.tsv	885	
旭日之心	ㄒㄩˋ ㄖˋ ㄓ ㄒㄧㄣ	動漫	1	12	absent			-7.354194117		旭日/知心	4.885846787	旭日/知心	4.885846787	續日之心	旭日之心	續/日/之/心	旭日之心	True	True	1		phrase.anime.tsv	1126	
凝血酶原	ㄋㄧㄥˊ ㄒㄧㄝˇ ㄇㄟˊ ㄩㄢˊ	醫學	1	12	absent			-7.354194117		凝血/梅園	4.865643401	凝血/梅園	4.865643401	凝血沒員	凝血酶原	凝血/沒/員	凝血酶原	True	True	1		phrase.medicine.tsv	37	
主謂複詞	ㄓㄨˇ ㄨㄟˋ ㄈㄨˋ ㄘˊ	中文	1	13	absent			-7.354194117		主位/副詞	4.849044139	主位/副詞	4.849044139	主為副詞	主謂複詞	主/為/副詞	主謂複詞	True	True	1		phrase.chinese.tsv	11	
稅前淨利	ㄕㄨㄟˋ ㄑㄧㄢˊ ㄐㄧㄥˋ ㄌㄧˋ	財會金融	1	12	absent			-7.354194117		睡前/淨利	4.844991595	睡前/淨利	4.844991595	睡前淨利	稅前淨利	睡前/淨利	稅前淨利	True	True	1		phrase.finance.tsv	115	
花式滑冰	ㄏㄨㄚ ㄕˋ ㄏㄨㄚˊ ㄅㄧㄥ	動漫	1	13	absent			-7.354194117		花式/滑冰	4.835680178	花式/滑冰	4.835680178	花是滑冰	花式滑冰	花/是/滑冰	花式滑冰	True	True	1		phrase.anime.tsv	1911	
不動產役權	ㄅㄨˊ ㄉㄨㄥˋ ㄔㄢˇ ㄧˋ ㄑㄩㄢˊ	法律	1	4	absent			-7.354194117		不動產/一拳	4.8227152	不動產/一拳	4.8227152	不動產一全	不動產役權	不動產/一/全	不動產役權	True	True	1		phrase.law.tsv	4	
衛宮士郎	ㄨㄟˋ ㄍㄨㄥ ㄕˋ ㄌㄤˊ	動漫	1	23	absent			-7.354194117		為公/侍郎	4.813239308	為公/侍郎	4.813239308	為公視郎	衛宮士郎	為/公視/郎	衛宮士郎	True	True	1		phrase.anime.tsv	2063	
福部里志	ㄈㄨˊ ㄅㄨˋ ㄌㄧˇ ㄓˋ	動漫	1	17	absent			-7.354194117		服部/理智	4.78016285	服部/理智	4.78016285	伏不理智	福部里志	伏/不/理智	福部里志	True	True	1		phrase.anime.tsv	1708	
加勁擋土牆	ㄐㄧㄚ ㄐㄧㄣˋ ㄉㄤˇ ㄊㄨˇ ㄑㄧㄤˊ	建築土木	1	6	absent			-7.354194117		加進/擋土牆	4.774410521	加進/擋土牆	4.774410521	加進擋土牆	加勁擋土牆	加進/擋土牆	加勁擋土牆	True	True	1		phrase.civil-engineering.tsv	23	
妖精尾巴	ㄧㄠ ㄐㄧㄥ ㄨㄟˇ ㄅㄚ	動漫	1	14	absent			-7.354194117		妖精/尾巴	4.76090805	妖精/尾巴	4.76090805	邀經尾巴	妖精尾巴	邀/經/尾巴	妖精尾巴	True	True	1		phrase.anime.tsv	678	
武漢會戰	ㄨˇ ㄏㄢˋ ㄏㄨㄟˋ ㄓㄢˋ	歷史	1	9	absent			-7.354194117		武漢/會戰	4.730944827	武漢/會戰	4.730944827	武漢會占	武漢會戰	武漢/會/占	武漢會戰	True	True	1		phrase.history.tsv	98	
貝他係數	ㄅㄟˋ ㄊㄚ ㄒㄧˋ ㄕㄨˋ	財會金融	1	10	absent			-7.354194117		貝他/係數	4.720725662	貝他/係數	4.720725662	被他係數	貝他係數	被/他/係數	貝他係數	True	True	1		phrase.finance.tsv	134	
好氧消化	ㄏㄠˋ ㄧㄤˇ ㄒㄧㄠ ㄏㄨㄚˋ	環境能源	1	13	absent			-7.354194117		耗氧/消化	4.700981604	耗氧/消化	4.700981604	號養消化	好氧消化	號/養/消化	好氧消化	True	True	1		phrase.energy-environment.tsv	36	
強風吹拂	ㄑㄧㄤˊ ㄈㄥ ㄔㄨㄟ ㄈㄨˊ	動漫	1	20	absent			-7.354194117		強風/吹拂	4.683948264	強風/吹拂	4.683948264	牆風吹服	強風吹拂	牆/風吹/服	強風吹拂	True	True	1		phrase.anime.tsv	944	
三相四線	ㄙㄢ ㄒㄧㄤˋ ㄙˋ ㄒㄧㄢˋ	電子電機	1	9	absent			-7.354194117		三項/四線	4.665774295	三項/四線	4.665774295	三項四現	三相四線	三項/四/現	三相四線	True	True	1		phrase.electronics.tsv	5	
沖田總悟	ㄔㄨㄥ ㄊㄧㄢˊ ㄗㄨㄥˇ ㄨˋ	動漫	1	14	absent			-7.354194117		充填/總務	4.664885258	充填/總務	4.664885258	充填總務	沖田總悟	充填/總務	沖田總悟	True	True	1		phrase.anime.tsv	1383	
風祭監志	ㄈㄥ ㄐㄧˋ ㄐㄧㄢ ㄓˋ	動漫	1	14	absent			-7.354194117		風紀/監製	4.646623941	風紀/監製	4.646623941	風計監製	風祭監志	風/計/監製	風祭監志	True	True	1		phrase.anime.tsv	2389	
質點缺陷	ㄓˊ ㄉㄧㄢˇ ㄑㄩㄝ ㄒㄧㄢˋ	材料化工	1	9	absent			-7.354194117		質點/缺陷	4.61225504	質點/缺陷	4.61225504	職點缺陷	質點缺陷	職/點/缺陷	質點缺陷	True	True	1		phrase.materials-chemistry.tsv	97	
園原杏里	ㄩㄢˊ ㄩㄢˊ ㄒㄧㄥˋ ㄌㄧˇ	動漫	1	15	absent			-7.354194117		源源/性理	4.607559918	源源/性理	4.607559918	源源性理	園原杏里	源源/性/理	園原杏里	True	True	1		phrase.anime.tsv	500	
夜櫻二刃	ㄧㄝˋ ㄧㄥ ㄦˋ ㄖㄣˋ	動漫	1	12	absent			-7.354194117		夜鶯/二任	4.60600609	夜鶯/二任	4.60600609	夜鶯二認	夜櫻二刃	夜鶯/二/認	夜櫻二刃	True	True	1		phrase.anime.tsv	590	
山下一夫	ㄕㄢ ㄒㄧㄚˋ ㄧ ㄈㄨ	動漫	1	15	absent			-7.354194117		山下/一夫	4.60600609	山下/一夫	4.60600609	山下一不	山下一夫	山下/一/不	山下一夫	True	True	1		phrase.anime.tsv	840	
圓城寺仁	ㄩㄢˊ ㄔㄥˊ ㄙˋ ㄖㄣˊ	動漫	1	12	absent			-7.354194117		圓成/四人	4.600611058	圓成/四人	4.600611058	原成四人	圓城寺仁	原/成/四/人	圓城寺仁	True	True	1		phrase.anime.tsv	504	
王宮藥劑師	ㄨㄤˊ ㄍㄨㄥ ㄧㄠˋ ㄐㄧˋ ㄕ	動漫	1	12	absent			-7.354194117		王宮/藥劑師	4.559009528	王宮/藥劑師	4.559009528	王公藥劑師	王宮藥劑師	王/公/藥劑師	王宮藥劑師	True	True	1		phrase.anime.tsv	1551	
飯嶋蝸牛	ㄈㄢˋ ㄉㄠˇ ㄍㄨㄚ ㄋㄧㄡˊ	動漫	1	11	absent			-7.354194117		飯島/蝸牛	4.51723738	飯島/蝸牛	4.51723738	飯導蝸牛	飯嶋蝸牛	飯/導/蝸牛	飯嶋蝸牛	True	True	1		phrase.anime.tsv	2405	
膠體化學	ㄐㄧㄠ ㄊㄧˇ ㄏㄨㄚˋ ㄒㄩㄝˊ	科學	1	10	absent			-7.354194117		膠體/化學	4.504774704	膠體/化學	4.504774704	交體化學	膠體化學	交/體/化學	膠體化學	True	True	1		phrase.science.tsv	65	
奇巧計程車	ㄑㄧˊ ㄑㄧㄠˇ ㄐㄧˋ ㄔㄥˊ ㄔㄜ	動漫	1	23	absent			-7.354194117		奇巧/計程車	4.490871257	奇巧/計程車	4.490871257	其巧計程車	奇巧計程車	其/巧/計程車	奇巧計程車	True	True	1		phrase.anime.tsv	650	
多式聯運	ㄉㄨㄛ ㄕˋ ㄌㄧㄢˊ ㄩㄣˋ	交通物流	1	13	absent			-7.354194117		多是/聯運	4.463773099	多是/聯運	4.463773099	多是連運	多式聯運	多/是/連/運	多式聯運	True	True	1		phrase.transport-logistics.tsv	32	
北條時行	ㄅㄟˇ ㄊㄧㄠˊ ㄕˊ ㄒㄧㄥˊ	動漫	1	18	absent			-7.354194117		北條/實行	4.452191226	北條/實行	4.452191226	北條實行	北條時行	北/條/實行	北條時行	True	True	1		phrase.anime.tsv	332	
伊芙加登	ㄧ ㄈㄨˊ ㄐㄧㄚ ㄉㄥ	動漫	1	23	absent			-7.354194117		衣服/加登	4.443036509	衣服/加登	4.443036509	衣服家登	伊芙加登	衣服/家/登	伊芙加登	True	True	1		phrase.anime.tsv	170	
門式起重機	ㄇㄣˊ ㄕˋ ㄑㄧˇ ㄓㄨㄥˋ ㄐㄧ	交通物流	1	5	absent			-7.354194117		門市/起重機	4.442503959	門市/起重機	4.442503959	門市起重機	門式起重機	門市/起重機	門式起重機	True	True	1		phrase.transport-logistics.tsv	101	
蜥蜴僧侶	ㄒㄧ ㄧˋ ㄙㄥ ㄌㄩˇ	動漫	1	13	absent			-7.354194117		蜥蜴/僧侶	4.440910216	蜥蜴/僧侶	4.440910216	西一僧侶	蜥蜴僧侶	西/一/僧侶	蜥蜴僧侶	True	True	1		phrase.anime.tsv	2051	
宮水四葉	ㄍㄨㄥ ㄕㄨㄟˇ ㄙˋ ㄧㄝˋ	動漫	1	19	absent			-7.354194117		供水/四頁	4.424775192	供水/四頁	4.424775192	供水四業	宮水四葉	供水/四/業	宮水四葉	True	True	1		phrase.anime.tsv	752	
白崎香織	ㄅㄞˊ ㄑㄧˊ ㄒㄧㄤ ㄓ	動漫	1	11	absent			-7.354194117		白旗/相知	4.419190966	白旗/相知	4.419190966	白其相之	白崎香織	白/其/相/之	白崎香織	True	True	1		phrase.anime.tsv	1607	
人衣一體	ㄖㄣˊ ㄧ ㄧ ㄊㄧˇ	動漫	1	13	absent			-7.354194117		仁醫/一體	4.409711445	仁醫/一體	4.409711445	人一一體	人衣一體	人/一一/體	人衣一體	True	True	1		phrase.anime.tsv	150	
愚地獨步	ㄩˊ ㄉㄧˋ ㄉㄨˊ ㄅㄨˋ	動漫	1	14	absent			-7.354194117		餘地/獨步	4.37738578	餘地/獨步	4.37738578	於的讀不	愚地獨步	於/的/讀/不	愚地獨步	True	True	1		phrase.anime.tsv	999	
單機排程	ㄉㄢ ㄐㄧ ㄆㄞˊ ㄔㄥˊ	工業工程	1	11	absent			-7.354194117		單機/排成	4.345593946	單機/排成	4.345593946	單機排成	單機排程	單機/排/成	單機排程	True	True	1		phrase.industrial-engineering.tsv	29	
寒蟬鳴泣	ㄏㄢˊ ㄔㄢˊ ㄇㄧㄥˊ ㄑㄧˋ	動漫	1	22	absent			-7.354194117		寒蟬/名氣	4.339253768	寒蟬/名氣	4.339253768	寒蟬名氣	寒蟬鳴泣	寒蟬/名氣	寒蟬鳴泣	True	True	1		phrase.anime.tsv	761	
磁粒檢測	ㄘˊ ㄌㄧˋ ㄐㄧㄢˇ ㄘㄜˋ	製造機械	1	11	absent			-7.354194117		磁力/檢測	4.330530199	磁力/檢測	4.330530199	詞例檢測	磁粒檢測	詞/例/檢測	磁粒檢測	True	True	1		phrase.manufacturing.tsv	96	
漣波電壓	ㄌㄧㄢˊ ㄅㄛ ㄉㄧㄢˋ ㄧㄚ	電子電機	1	9	absent			-7.354194117		聯播/電壓	4.306529923	聯播/電壓	4.306529923	連撥電壓	漣波電壓	連/撥/電壓	漣波電壓	True	True	1		phrase.electronics.tsv	135	
鹿野千夏	ㄌㄨˋ ㄧㄝˇ ㄑㄧㄢ ㄒㄧㄚˋ	動漫	1	17	absent			-7.354194117		鹿野/簽下	4.278647156	鹿野/簽下	4.278647156	路也簽下	鹿野千夏	路/也/簽下	鹿野千夏	True	True	1		phrase.anime.tsv	2500	
郡國並行	ㄐㄩㄣˋ ㄍㄨㄛˊ ㄅㄧㄥˋ ㄒㄧㄥˊ	歷史	1	10	absent			-7.354194117		俊國/並行	4.214315031	俊國/並行	4.214315031	俊國並行	郡國並行	俊/國/並行	郡國並行	True	True	1		phrase.history.tsv	166	
青春紀行	ㄑㄧㄥ ㄔㄨㄣ ㄐㄧˋ ㄒㄧㄥˊ	動漫	1	20	absent			-7.354194117		青春/紀行	4.214315031	青春/紀行	4.214315031	青春計行	青春紀行	青春/計/行	青春紀行	True	True	1		phrase.anime.tsv	2366	
宮水三葉	ㄍㄨㄥ ㄕㄨㄟˇ ㄙㄢ ㄧㄝˋ	動漫	1	22	absent			-7.354194117		供水/三頁	4.169502687	供水/三頁	4.169502687	供水三業	宮水三葉	供水/三/業	宮水三葉	True	True	1		phrase.anime.tsv	751	
古泉一樹	ㄍㄨˇ ㄑㄩㄢˊ ㄧ ㄕㄨˋ	動漫	1	14	absent			-7.354194117		股權/醫術	4.04776909	股權/醫術	4.04776909	股權一束	古泉一樹	股權/一/束	古泉一樹	True	True	1		phrase.anime.tsv	388	
冊封體制	ㄘㄜˋ ㄈㄥ ㄊㄧˇ ㄓˋ	歷史	1	10	absent			-7.354194117		側風/體制	4.042016761	側風/體制	4.042016761	側風體制	冊封體制	側風/體制	冊封體制	True	True	1		phrase.history.tsv	23	
存在艾克斯	ㄘㄨㄣˊ ㄗㄞˋ ㄞˋ ㄎㄜˋ ㄙ	動漫	1	12	absent			-7.354194117		存在/愛克斯	4.032181679	存在/愛克斯	4.032181679	存在愛克斯	存在艾克斯	存在/愛克斯	存在艾克斯	True	True	1		phrase.anime.tsv	699	存在X
封印解除	ㄈㄥ ㄧㄣˋ ㄐㄧㄝˇ ㄔㄨˊ	動漫	1	14	absent			-7.354194117		封印/解除	4.022969336	封印/解除	4.022969336	風印解除	封印解除	風/印/解除	封印解除	True	True	1		phrase.anime.tsv	769	
相聚一刻	ㄒㄧㄤ ㄐㄩˋ ㄧ ㄎㄜˋ	動漫	1	20	absent			-7.354194117		相聚/一刻	4.020545361	相聚/一刻	4.020545361	相聚一課	相聚一刻	相聚/一/課	相聚一刻	True	True	1		phrase.anime.tsv	1643	
應力鬆弛	ㄧㄥˋ ㄌㄧˋ ㄙㄨㄥ ㄔˊ	製造機械	1	9	absent			-7.354194117		應力/鬆弛	3.994738097	應力/鬆弛	3.994738097	硬力鬆弛	應力鬆弛	硬/力/鬆弛	應力鬆弛	True	True	1		phrase.manufacturing.tsv	46	
躍動青春	ㄩㄝˋ ㄉㄨㄥˋ ㄑㄧㄥ ㄔㄨㄣ	動漫	1	21	absent			-7.354194117		躍動/青春	3.971276982	躍動/青春	3.971276982	月動青春	躍動青春	月/動/青春	躍動青春	True	True	1		phrase.anime.tsv	2159	
三相不平衡	ㄙㄢ ㄒㄧㄤˋ ㄅㄨˋ ㄆㄧㄥˊ ㄏㄥˊ	電子電機	1	2	absent			-7.354194117		三項/不平衡	3.966804291	三項/不平衡	3.966804291	三項不平衡	三相不平衡	三項/不平衡	三相不平衡	True	True	1		phrase.electronics.tsv	4	
特級廚師	ㄊㄜˋ ㄐㄧˊ ㄔㄨˊ ㄕ	動漫	1	13	absent			-7.354194117		特輯/廚師	3.927682856	特輯/廚師	3.927682856	特及廚師	特級廚師	特/及/廚師	特級廚師	True	True	1		phrase.anime.tsv	1526	
合意管轄	ㄏㄜˊ ㄧˋ ㄍㄨㄢˇ ㄒㄧㄚˊ	法律	1	9	absent			-7.354194117		合意/管轄	3.924764853	合意/管轄	3.924764853	和一管轄	合意管轄	和/一/管轄	合意管轄	True	True	1		phrase.law.tsv	42	
排程最佳化	ㄆㄞˊ ㄔㄥˊ ㄗㄨㄟˋ ㄐㄧㄚ ㄏㄨㄚˋ	工業工程	1	17	absent			-7.354194117		排成/最佳化	3.885846787	排成/最佳化	3.885846787	排成最佳化	排程最佳化	排成/最佳化	排程最佳化	True	True	1		phrase.industrial-engineering.tsv	60	
赤澤泉美	ㄔˋ ㄗㄜˊ ㄑㄩㄢˊ ㄇㄟˇ	動漫	1	14	absent			-7.354194117		斥責/全美	3.880561191	斥責/全美	3.880561191	斥責全美	赤澤泉美	斥責/全美	赤澤泉美	True	True	1		phrase.anime.tsv	2140	
安全基線	ㄢ ㄑㄩㄢˊ ㄐㄧ ㄒㄧㄢˋ	網路資安	1	12	absent			-7.354194117		安全/基線	3.87476278	安全/基線	3.87476278	安全基現	安全基線	安全/基/現	安全基線	True	True	1		phrase.network-security.tsv	57	
中止未遂	ㄓㄨㄥ ㄓˇ ㄨㄟˋ ㄙㄨㄟˋ	法律	1	10	absent			-7.354194117		終止/未遂	3.842444406	終止/未遂	3.842444406	終止未遂	中止未遂	終止/未遂	中止未遂	True	True	1		phrase.law.tsv	12	
閻魔大王	ㄧㄢˊ ㄇㄛˊ ㄉㄚˋ ㄨㄤˊ	動漫	1	16	absent			-7.354194117		研磨/大王	3.809877976	研磨/大王	3.809877976	研磨大王	閻魔大王	研磨/大王	閻魔大王	True	True	1		phrase.anime.tsv	2264	
學園奶爸	ㄒㄩㄝˊ ㄩㄢˊ ㄋㄞˇ ㄅㄚˋ	動漫	1	19	absent			-7.354194117		學員/奶爸	3.805681861	學員/奶爸	3.805681861	學員奶爸	學園奶爸	學員/奶爸	學園奶爸	True	True	1		phrase.anime.tsv	706	
名取周一	ㄇㄧㄥˊ ㄑㄩˇ ㄓㄡ ㄧ	動漫	1	17	absent			-7.354194117		名曲/週一	3.800796607	名曲/週一	3.800796607	明取週一	名取周一	明/取/週一	名取周一	True	True	1		phrase.anime.tsv	432	
藍隊防禦	ㄌㄢˊ ㄉㄨㄟˋ ㄈㄤˊ ㄩˋ	網路資安	1	11	absent			-7.354194117		籃隊/防禦	3.778083223	籃隊/防禦	3.778083223	欄對防禦	藍隊防禦	欄/對/防禦	藍隊防禦	True	True	1		phrase.network-security.tsv	139	
亂馬二分之一	ㄌㄨㄢˋ ㄇㄚˇ ㄦˋ ㄈㄣ ㄓ ㄧ	動漫	1	25	absent			-7.354194117		亂碼/二分之一	3.770428749	亂碼/二分之一	3.770428749	亂碼二分之一	亂馬二分之一	亂碼/二分之一	亂馬二分之一	True	True	1		phrase.anime.tsv	105	亂馬1/2
雀斑公主	ㄑㄩㄝˋ ㄅㄢ ㄍㄨㄥ ㄓㄨˇ	動漫	1	21	absent			-7.354194117		雀斑/公主	3.740141011	雀斑/公主	3.740141011	卻搬公主	雀斑公主	卻/搬/公主	雀斑公主	True	True	1		phrase.anime.tsv	2315	
鳴泣之時	ㄇㄧㄥˊ ㄑㄧˋ ㄓ ㄕˊ	動漫	1	19	absent			-7.354194117		名氣/之時	3.730015192	名氣/之時	3.730015192	名氣之時	鳴泣之時	名氣/之/時	鳴泣之時	True	True	1		phrase.anime.tsv	2487	
備品管理	ㄅㄟˋ ㄆㄧㄣˇ ㄍㄨㄢˇ ㄌㄧˇ	製造機械	1	16	absent			-7.354194117		備品/管理	3.728881666	備品/管理	3.728881666	被品管理	備品管理	被/品/管理	備品管理	True	True	1		phrase.manufacturing.tsv	8	
金相分析	ㄐㄧㄣ ㄒㄧㄤˋ ㄈㄣ ㄒㄧ	材料化工	1	11	absent			-7.354194117		金相/分析	3.711927498	金相/分析	3.711927498	今像分析	金相分析	今/像/分析	金相分析	True	True	1		phrase.materials-chemistry.tsv	108	
鋼材熱處理	ㄍㄤ ㄘㄞˊ ㄖㄜˋ ㄔㄨˇ ㄌㄧˇ	材料化工	1	2	absent			-7.354194117		剛才/熱處理	3.706811147	剛才/熱處理	3.706811147	剛才熱處理	鋼材熱處理	剛才/熱處理	鋼材熱處理	True	True	1		phrase.materials-chemistry.tsv	114	
當事人適格	ㄉㄤ ㄕˋ ㄖㄣˊ ㄕˋ ㄍㄜˊ	法律	1	4	absent			-7.354194117		當事人/事隔	3.706224659	當事人/事隔	3.706224659	當事人是格	當事人適格	當事人/是/格	當事人適格	True	True	1		phrase.law.tsv	127	
葉面施肥	ㄧㄝˋ ㄇㄧㄢˋ ㄕ ㄈㄟˊ	農業食品	1	10	absent			-7.354194117		頁面/施肥	3.694848482	頁面/施肥	3.694848482	頁面施肥	葉面施肥	頁面/施肥	葉面施肥	True	True	1		phrase.agriculture-food.tsv	48	
年鑑學派	ㄋㄧㄢˊ ㄐㄧㄢˋ ㄒㄩㄝˊ ㄆㄞˋ	歷史	1	9	absent			-7.354194117		年鑑/學派	3.637523142	年鑑/學派	3.637523142	年建學派	年鑑學派	年/建/學派	年鑑學派	True	True	1		phrase.history.tsv	69	
西安事變	ㄒㄧ ㄢ ㄕˋ ㄅㄧㄢˋ	歷史	1	10	absent			-7.354194117		西安/事變	3.63461426	西安/事變	3.63461426	西安是變	西安事變	西安/是/變	西安事變	True	True	1		phrase.history.tsv	152	
花園多惠	ㄏㄨㄚ ㄩㄢˊ ㄉㄨㄛ ㄏㄨㄟˋ	動漫	1	17	absent			-7.354194117		花園/多會	3.623654081	花園/多會	3.623654081	花園多會	花園多惠	花園/多/會	花園多惠	True	True	1		phrase.anime.tsv	1905	
市地重劃	ㄕˋ ㄉㄧˋ ㄔㄨㄥˊ ㄏㄨㄚˋ	建築土木	1	10	absent			-7.354194117		市地/重劃	3.617240164	市地/重劃	3.617240164	是的重劃	市地重劃	是/的/重劃	市地重劃	True	True	1		phrase.civil-engineering.tsv	82	
網格系統	ㄨㄤˇ ㄍㄜˊ ㄒㄧˋ ㄊㄨㄥˇ	媒體設計	1	12	absent			-7.354194117		網格/系統	3.615492817	網格/系統	3.615492817	往格系統	網格系統	往/格/系統	網格系統	True	True	1		phrase.media-design.tsv	70	
陽極保護	ㄧㄤˊ ㄐㄧˊ ㄅㄠˇ ㄏㄨˋ	材料化工	1	10	absent			-7.354194117		陽極/保護	3.610214252	陽極/保護	3.610214252	陽及保護	陽極保護	陽/及/保護	陽極保護	True	True	1		phrase.materials-chemistry.tsv	123	
基載電力	ㄐㄧ ㄗㄞˋ ㄉㄧㄢˋ ㄌㄧˋ	環境能源	1	12	absent			-7.354194117		積在/電力	3.589271133	積在/電力	3.589271133	機在電力	基載電力	機/在/電力	基載電力	True	True	1		phrase.energy-environment.tsv	31	
離子佈植	ㄌㄧˊ ㄗˇ ㄅㄨˋ ㄓˊ	晶片半導體	1	10	absent			-7.354194117		離子/不值	3.537820229	離子/不值	3.537820229	離子不值	離子佈植	離子/不值	離子佈植	True	True	1		phrase.semiconductor.tsv	171	
晨曦公主	ㄔㄣˊ ㄒㄧ ㄍㄨㄥ ㄓㄨˇ	動漫	1	22	absent			-7.354194117		晨曦/公主	3.529287646	晨曦/公主	3.529287646	陳西公主	晨曦公主	陳/西/公主	晨曦公主	True	True	1		phrase.anime.tsv	1147	
學園孤島	ㄒㄩㄝˊ ㄩㄢˊ ㄍㄨ ㄉㄠˇ	動漫	1	20	absent			-7.354194117		學員/孤島	3.504651865	學員/孤島	3.504651865	學員孤島	學園孤島	學員/孤島	學園孤島	True	True	1		phrase.anime.tsv	707	
絕對王權	ㄐㄩㄝˊ ㄉㄨㄟˋ ㄨㄤˊ ㄑㄩㄢˊ	歷史	1	12	absent			-7.354194117		絕對/王權	3.491764561	絕對/王權	3.491764561	絕對王全	絕對王權	絕對/王/全	絕對王權	True	True	1		phrase.history.tsv	130	
緩衝區溢位	ㄏㄨㄢˇ ㄔㄨㄥ ㄑㄩ ㄧˋ ㄨㄟˋ	網路資安	1	4	absent			-7.354194117		緩衝區/意味	3.460654274	緩衝區/意味	3.460654274	緩衝區意味	緩衝區溢位	緩衝/區/意味	緩衝區溢位	True	True	1		phrase.network-security.tsv	137	
桐谷和人	ㄊㄨㄥˊ ㄍㄨˇ ㄏㄜˊ ㄖㄣˊ	動漫	1	22	absent			-7.354194117		銅鼓/何人	3.460432355	銅鼓/何人	3.460432355	銅鼓何人	桐谷和人	銅鼓/何人	桐谷和人	True	True	1		phrase.anime.tsv	1273	
衛所制度	ㄨㄟˋ ㄙㄨㄛˇ ㄓˋ ㄉㄨˋ	歷史	1	10	absent			-7.354194117		衛所/制度	3.4549757	衛所/制度	3.4549757	為所制度	衛所制度	為/所/制度	衛所制度	True	True	1		phrase.history.tsv	151	
有功功率	ㄧㄡˇ ㄍㄨㄥ ㄍㄨㄥ ㄌㄩˋ	電子電機	1	10	absent			-7.354194117		有功/功率	3.422228003	有功/功率	3.422228003	有公功率	有功功率	有/公/功率	有功功率	True	True	1		phrase.electronics.tsv	125	
神崎蘭子	ㄕㄣˊ ㄑㄧˊ ㄌㄢˊ ㄗ˙	動漫	1	12	absent			-7.354194117		神奇/籃子	3.417680375	神奇/籃子	3.417680375	神奇籃子	神崎蘭子	神奇/籃子	神崎蘭子	True	True	1		phrase.anime.tsv	1690	
桐生剎那	ㄊㄨㄥˊ ㄕㄥ ㄔㄚˋ ㄋㄚˋ	動漫	1	12	absent			-7.354194117		同聲/剎那	3.392678106	同聲/剎那	3.392678106	同生剎那	桐生剎那	同/生/剎那	桐生剎那	True	True	1		phrase.anime.tsv	1272	
大垣千明	ㄉㄚˋ ㄩㄢˊ ㄑㄧㄢ ㄇㄧㄥˊ	動漫	1	17	absent			-7.354194117		大園/簽名	3.377569065	大園/簽名	3.377569065	大員簽名	大垣千明	大/員/簽名	大垣千明	True	True	1		phrase.anime.tsv	604	
初春飾利	ㄔㄨ ㄔㄨㄣ ㄕˋ ㄌㄧˋ	動漫	1	17	absent			-7.354194117		初春/市立	3.367422383	初春/市立	3.367422383	初春市立	初春飾利	初春/市立	初春飾利	True	True	1		phrase.anime.tsv	295	
條形基礎	ㄊㄧㄠˊ ㄒㄧㄥˊ ㄐㄧ ㄔㄨˇ	建築土木	1	10	absent			-7.354194117		條型/基礎	3.348413217	條型/基礎	3.348413217	調行基礎	條形基礎	調/行/基礎	條形基礎	True	True	1		phrase.civil-engineering.tsv	129	
名義發誓	ㄇㄧㄥˊ ㄧˋ ㄈㄚ ㄕˋ	動漫	1	14	absent			-7.354194117		名義/發誓	3.34000972	名義/發誓	3.34000972	名義發是	名義發誓	名義/發/是	名義發誓	True	True	1		phrase.anime.tsv	433	
析出強化	ㄒㄧ ㄔㄨ ㄑㄧㄤˊ ㄏㄨㄚˋ	材料化工	1	10	absent			-7.354194117		西出/強化	3.33234354	西出/強化	3.33234354	西出強化	析出強化	西/出/強化	析出強化	True	True	1		phrase.materials-chemistry.tsv	50	
網室栽培	ㄨㄤˇ ㄕˋ ㄗㄞ ㄆㄟˊ	農業食品	1	10	absent			-7.354194117		往事/栽培	3.289174903	往事/栽培	3.289174903	往是栽培	網室栽培	往/是/栽培	網室栽培	True	True	1		phrase.agriculture-food.tsv	44	
宮城良田	ㄍㄨㄥ ㄔㄥˊ ㄌㄧㄤˊ ㄊㄧㄢˊ	動漫	1	17	absent			-7.354194117		工程/良田	3.286193891	工程/良田	3.286193891	工程良田	宮城良田	工程/良田	宮城良田	True	True	1		phrase.anime.tsv	746	
間質幹細胞	ㄐㄧㄢ ㄓˊ ㄍㄢˋ ㄒㄧˋ ㄅㄠ	生技藥學	1	3	absent			-7.354194117		兼職/幹細胞	3.236591426	兼職/幹細胞	3.236591426	兼職幹細胞	間質幹細胞	兼職/幹細胞	間質幹細胞	True	True	1		phrase.biotech-pharma.tsv	111	
在地下城	ㄗㄞˋ ㄉㄧˋ ㄒㄧㄚˋ ㄔㄥˊ	動漫	1	23	absent			-7.354194117		在地/下成	3.213748929	在地/下成	3.213748929	在地下成	在地下城	在地/下/成	在地下城	True	True	1		phrase.anime.tsv	510	
開源模型	ㄎㄞ ㄩㄢˊ ㄇㄛˊ ㄒㄧㄥˊ	一般	1	14	absent			-7.354194117		開源/模型	3.206177909	開源/模型	3.206177909	開員模型	開源模型	開/員/模型	開源模型	True	True	1		phrase.general.tsv	163	
反向傳播	ㄈㄢˇ ㄒㄧㄤˋ ㄔㄨㄢˊ ㄅㄛ	AI資料科學	1	10	absent			-7.354194117		反向/傳播	3.20590002	反向/傳播	3.20590002	反像傳播	反向傳播	反/像/傳播	反向傳播	True	True	1		phrase.ai-data-science.tsv	30	
均方誤差	ㄐㄩㄣ ㄈㄤ ㄨˋ ㄔㄚ	AI資料科學	1	12	absent			-7.354194117		軍方/誤差	3.201600039	軍方/誤差	3.201600039	軍方誤差	均方誤差	軍方/誤差	均方誤差	True	True	1		phrase.ai-data-science.tsv	39	
街口支付	ㄐㄧㄝ ㄎㄡˇ ㄓ ㄈㄨˋ	一般	1	10	absent			-7.354194117		街口/支付	3.198675897	街口/支付	3.198675897	接口支付	街口支付	接/口/支付	街口支付	True	True	1		phrase.general.tsv	135	
馬克思史學	ㄇㄚˇ ㄎㄜˋ ㄙ ㄕˇ ㄒㄩㄝˊ	歷史	1	3	absent			-7.354194117		馬克斯/史學	3.15981855	馬克斯/史學	3.15981855	馬克斯史學	馬克思史學	馬克斯/史學	馬克思史學	True	True	1		phrase.history.tsv	180	
第二十五夜	ㄉㄧˋ ㄦˋ ㄕˊ ㄨˇ ㄧㄝˋ	動漫	1	20	absent			-7.354194117		第二十/午夜	3.144813165	第二十/午夜	3.144813165	第二十五業	第二十五夜	第二十五/業	第二十五夜	True	True	1		phrase.anime.tsv	1743	
漩渦鳴人	ㄒㄩㄢˊ ㄨㄛ ㄇㄧㄥˊ ㄖㄣˊ	動漫	1	25	absent			-7.354194117		漩渦/名人	3.12605051	漩渦/名人	3.12605051	漩渦名人	漩渦鳴人	漩渦/名人	漩渦鳴人	True	True	1		phrase.anime.tsv	1455	
開拓異境	ㄎㄞ ㄊㄨㄛˋ ㄧˋ ㄐㄧㄥˋ	動漫	1	22	absent			-7.354194117		開拓/意境	3.105632376	開拓/意境	3.105632376	開拓意境	開拓異境	開拓/意境	開拓異境	True	True	1		phrase.anime.tsv	2262	
相位設計	ㄒㄧㄤˋ ㄨㄟˋ ㄕㄜˋ ㄐㄧˋ	交通物流	1	12	absent			-7.354194117		相位/設計	3.064962021	相位/設計	3.064962021	像為設計	相位設計	像/為/設計	相位設計	True	True	1		phrase.transport-logistics.tsv	70	
液液平衡	ㄧㄝˋ ㄧㄝˋ ㄆㄧㄥˊ ㄏㄥˊ	材料化工	1	11	absent			-7.354194117		夜夜/平衡	3.064738952	夜夜/平衡	3.064738952	業業平衡	液液平衡	業/業/平衡	液液平衡	True	True	1		phrase.materials-chemistry.tsv	57	
應力集中	ㄧㄥˋ ㄌㄧˋ ㄐㄧˊ ㄓㄨㄥ	製造機械	1	10	absent			-7.354194117		應力/集中	3.036130782	應力/集中	3.036130782	硬立即中	應力集中	硬/立即/中	應力集中	True	True	1		phrase.manufacturing.tsv	45	
吸血鬼騎士	ㄒㄧ ㄒㄧㄝˇ ㄍㄨㄟˇ ㄑㄧˊ ㄕˋ	動漫	1	20	absent			-7.354194117		吸血鬼/歧視	2.965382704	吸血鬼/歧視	2.965382704	吸血鬼歧視	吸血鬼騎士	吸血鬼/歧視	吸血鬼騎士	True	True	1		phrase.anime.tsv	439	
整數溢位	ㄓㄥˇ ㄕㄨˋ ㄧˋ ㄨㄟˋ	網路資安	1	11	absent			-7.354194117		整數/意味	2.934684452	整數/意味	2.934684452	整數意味	整數溢位	整數/意味	整數溢位	True	True	1		phrase.network-security.tsv	87	
魔法騎士	ㄇㄛˊ ㄈㄚˇ ㄑㄧˊ ㄕˋ	動漫	1	20	absent			-7.354194117		魔法/歧視	2.930620598	魔法/歧視	2.930620598	魔法歧視	魔法騎士	魔法/歧視	魔法騎士	True	True	1		phrase.anime.tsv	2473	
延時曲線	ㄧㄢˊ ㄕˊ ㄑㄩ ㄒㄧㄢˋ	建築土木	1	11	absent			-7.354194117		岩石/曲線	2.929312481	岩石/曲線	2.929312481	岩石曲線	延時曲線	岩石/曲線	延時曲線	True	True	1		phrase.civil-engineering.tsv	93	
牧村美樹	ㄇㄨˋ ㄘㄨㄣ ㄇㄟˇ ㄕㄨˋ	動漫	1	14	absent			-7.354194117		木村/美術	2.928659897	木村/美術	2.928659897	木村美術	牧村美樹	木村/美術	牧村美樹	True	True	1		phrase.anime.tsv	1518	
蠟筆小新	ㄌㄚˋ ㄅㄧˇ ㄒㄧㄠˇ ㄒㄧㄣ	動漫	1	28	0			-7.354194117		蠟筆/小心	2.920264352	蠟筆/小心	2.920264352	蠟筆小心	蠟筆小新	蠟筆/小心	蠟筆小新	True	True	1		phrase.anime.tsv	2059	
首件檢查	ㄕㄡˇ ㄐㄧㄢˋ ㄐㄧㄢˇ ㄔㄚˊ	製造機械	1	13	absent			-7.354194117		首見/檢查	2.919481537	首見/檢查	2.919481537	首見檢查	首件檢查	首見/檢查	首件檢查	True	True	1		phrase.manufacturing.tsv	146	
公案小說	ㄍㄨㄥ ㄢˋ ㄒㄧㄠˇ ㄕㄨㄛ	中文	1	10	absent			-7.354194117		公案/小說	2.910243064	公案/小說	2.910243064	工案小說	公案小說	工/案/小說	公案小說	True	True	1		phrase.chinese.tsv	29	
明鄭時期	ㄇㄧㄥˊ ㄓㄥˋ ㄕˊ ㄑㄧˊ	歷史	1	13	absent			-7.354194117		明政/時期	2.897828084	明政/時期	2.897828084	明政時期	明鄭時期	明/政/時期	明鄭時期	True	True	1		phrase.history.tsv	89	
明智健悟	ㄇㄧㄥˊ ㄓˋ ㄐㄧㄢˋ ㄨˋ	動漫	1	15	absent			-7.354194117		明治/建物	2.873454382	明治/建物	2.873454382	明志建物	明智健悟	明志/建物	明智健悟	True	True	1		phrase.anime.tsv	1129	
原代細胞	ㄩㄢˊ ㄉㄞˋ ㄒㄧˋ ㄅㄠ	生技藥學	1	13	absent			-7.354194117		元代/細胞	2.867310452	元代/細胞	2.867310452	元代細胞	原代細胞	元代/細胞	原代細胞	True	True	1		phrase.biotech-pharma.tsv	23	
馬克士威	ㄇㄚˇ ㄎㄜˋ ㄕˋ ㄨㄟ	科學	1	10	0			-7.354194117		馬克/示威	2.790096439	馬克/示威	2.790096439	馬克示威	馬克士威	馬克/示威	馬克士威	True	True	1		phrase.science.tsv	88	
補充複詞	ㄅㄨˇ ㄔㄨㄥ ㄈㄨˋ ㄘˊ	中文	1	11	absent			-7.354194117		補充/副詞	2.789291445	補充/副詞	2.789291445	補充副詞	補充複詞	補充/副詞	補充複詞	True	True	1		phrase.chinese.tsv	121	
高杉晉助	ㄍㄠ ㄕㄢ ㄐㄧㄣˋ ㄓㄨˋ	動漫	1	11	absent			-7.354194117		高山/進駐	2.779607308	高山/進駐	2.779607308	高山進駐	高杉晉助	高山/進駐	高杉晉助	True	True	1		phrase.anime.tsv	2437	
物語系列	ㄨˋ ㄩˇ ㄒㄧˋ ㄌㄧㄝˋ	動漫	1	23	absent			-7.354194117		物語/系列	2.75704763	物語/系列	2.75704763	勿與系列	物語系列	勿/與/系列	物語系列	True	True	1		phrase.anime.tsv	1522	
桐谷直葉	ㄊㄨㄥˊ ㄍㄨˇ ㄓˊ ㄧㄝˋ	動漫	1	16	absent			-7.354194117		銅鼓/職業	2.747705267	銅鼓/職業	2.747705267	銅鼓職業	桐谷直葉	銅鼓/職業	桐谷直葉	True	True	1		phrase.anime.tsv	1274	
輸電線路	ㄕㄨ ㄉㄧㄢˋ ㄒㄧㄢˋ ㄌㄨˋ	環境能源	1	10	absent			-7.354194117		書店/線路	2.734089308	書店/線路	2.734089308	書店線路	輸電線路	書店/線路	輸電線路	True	True	1		phrase.energy-environment.tsv	131	
火星騎士	ㄏㄨㄛˇ ㄒㄧㄥ ㄑㄧˊ ㄕˋ	動漫	1	11	absent			-7.354194117		火星/歧視	2.725805187	火星/歧視	2.725805187	火星期是	火星騎士	火/星期/是	火星騎士	True	True	1		phrase.anime.tsv	1477	
市谷有咲	ㄕˋ ㄍㄨˇ ㄧㄡˇ ㄒㄧㄠˋ	動漫	1	12	absent			-7.354194117		釋股/有效	2.713911488	釋股/有效	2.713911488	是鼓有效	市谷有咲	是/鼓/有效	市谷有咲	True	True	1		phrase.anime.tsv	886	
太陽之手	ㄊㄞˋ ㄧㄤˊ ㄓ ㄕㄡˇ	動漫	1	10	absent			-7.354194117		太陽/隻手	2.713831954	太陽/隻手	2.713831954	太陽隻手	太陽之手	太陽/隻手	太陽之手	True	True	1		phrase.anime.tsv	645	
監獄學園	ㄐㄧㄢ ㄩˋ ㄒㄩㄝˊ ㄩㄢˊ	動漫	1	20	absent			-7.354194117		監獄/學員	2.539413972	監獄/學員	2.539413972	監獄學員	監獄學園	監獄/學員	監獄學園	True	True	1		phrase.anime.tsv	1625	
坂本太郎	ㄅㄢˇ ㄅㄣˇ ㄊㄞˋ ㄌㄤˊ	動漫	1	21	absent			-7.354194117		版本/太郎	2.538510133	版本/太郎	2.538510133	版本太郎	坂本太郎	版本/太郎	坂本太郎	True	True	1		phrase.anime.tsv	526	
土司制度	ㄊㄨˇ ㄙ ㄓˋ ㄉㄨˋ	歷史	1	10	absent			-7.354194117		吐司/制度	2.517123606	吐司/制度	2.517123606	吐司制度	土司制度	吐司/制度	土司制度	True	True	1		phrase.history.tsv	47	
權力分立	ㄑㄩㄢˊ ㄌㄧˋ ㄈㄣ ㄌㄧˋ	法律	1	11	absent			-7.354194117		權力/分立	2.499888076	權力/分立	2.499888076	權利分立	權力分立	權利/分立	權力分立	True	True	1		phrase.law.tsv	106	
第一神拳	ㄉㄧˋ ㄧ ㄕㄣˊ ㄑㄩㄢˊ	動漫	1	20	absent			-7.354194117		第一/神權	2.496958142	第一/神權	2.496958142	第一什全	第一神拳	第一/什/全	第一神拳	True	True	1		phrase.anime.tsv	1742	
傳奇劇本	ㄔㄨㄢˊ ㄑㄧˊ ㄐㄩˋ ㄅㄣˇ	中文	1	11	absent			-7.354194117		傳奇/劇本	2.453892548	傳奇/劇本	2.453892548	船期劇本	傳奇劇本	船期/劇本	傳奇劇本	True	True	1		phrase.chinese.tsv	25	
彈性模數	ㄊㄢˊ ㄒㄧㄥˋ ㄇㄛˊ ㄕㄨˋ	製造機械	1	11	absent			-7.354194117		彈性/魔術	2.408120305	彈性/魔術	2.408120305	彈性魔術	彈性模數	彈性/魔術	彈性模數	True	True	1		phrase.manufacturing.tsv	41	
開源軟體	ㄎㄞ ㄩㄢˊ ㄖㄨㄢˇ ㄊㄧˇ	一般	1	18	absent			-7.354194117		開源/軟體	2.393162402	開源/軟體	2.393162402	開員軟體	開源軟體	開/員/軟體	開源軟體	True	True	1		phrase.general.tsv	164	
閘道服務	ㄓㄚˊ ㄉㄠˋ ㄈㄨˊ ㄨˋ	軟體科學	1	8	absent			-7.354194117		閘道/服務	2.35974498	閘道/服務	2.35974498	閘到服務	閘道服務	閘/到/服務	閘道服務	True	True	1		phrase.software.tsv	95	
情事變更	ㄑㄧㄥˊ ㄕˋ ㄅㄧㄢˋ ㄍㄥ	法律	1	10	absent			-7.354194117		情勢/變更	2.340640687	情勢/變更	2.340640687	情勢變更	情事變更	情勢/變更	情事變更	True	True	1		phrase.law.tsv	78	
迴歸模型	ㄏㄨㄟˊ ㄍㄨㄟ ㄇㄛˊ ㄒㄧㄥˊ	AI資料科學	1	14	absent			-7.354194117		回歸/模型	2.305620259	回歸/模型	2.305620259	回歸模型	迴歸模型	回歸/模型	迴歸模型	True	True	1		phrase.ai-data-science.tsv	156	
製藥工程	ㄓˋ ㄧㄠˋ ㄍㄨㄥ ㄔㄥˊ	生技藥學	1	11	absent			-7.354194117		製藥/工程	2.214311884	製藥/工程	2.214311884	志要工程	製藥工程	志/要/工程	製藥工程	True	True	1		phrase.biotech-pharma.tsv	97	
聯合複詞	ㄌㄧㄢˊ ㄏㄜˊ ㄈㄨˋ ㄘˊ	中文	1	12	absent			-7.354194117		聯合/副詞	2.208562702	聯合/副詞	2.208562702	聯合副詞	聯合複詞	聯合/副詞	聯合複詞	True	True	1		phrase.chinese.tsv	110	
心理語言學	ㄒㄧㄣ ㄌㄧˇ ㄩˇ ㄧㄢˊ ㄒㄩㄝˊ	中文	1	4	absent			-7.354194117		心理/語言學	2.188457296	心理/語言學	2.188457296	心裡語言學	心理語言學	心裡/語言學	心理語言學	True	True	1		phrase.chinese.tsv	54	
花垣武道	ㄏㄨㄚ ㄩㄢˊ ㄨˇ ㄉㄠˋ	動漫	1	22	absent			-7.354194117		花園/舞蹈	2.105833349	花園/舞蹈	2.105833349	花園舞蹈	花垣武道	花園/舞蹈	花垣武道	True	True	1		phrase.anime.tsv	1907	
首渡效應	ㄕㄡˇ ㄉㄨˋ ㄒㄧㄠˋ ㄧㄥˋ	生技藥學	1	12	absent			-7.354194117		首度/效應	2.023030109	首度/效應	2.023030109	首度效應	首渡效應	首度/效應	首渡效應	True	True	1		phrase.biotech-pharma.tsv	115	
即期利率	ㄐㄧˊ ㄑㄧˊ ㄌㄧˋ ㄌㄩˋ	財會金融	1	10	absent			-7.354194117		及其/利率	1.990266402	及其/利率	1.990266402	及其利率	即期利率	及其/利率	即期利率	True	True	1		phrase.finance.tsv	26	
獻出心臟	ㄒㄧㄢˋ ㄔㄨ ㄒㄧㄣ ㄗㄤˋ	動漫	1	16	absent			-7.354194117		現出/心臟	1.918298811	現出/心臟	1.918298811	現出心臟	獻出心臟	現出/心臟	獻出心臟	True	True	1		phrase.anime.tsv	1546	
客觀歸責	ㄎㄜˋ ㄍㄨㄢ ㄍㄨㄟ ㄗㄜˊ	法律	1	11	absent			-7.354194117		客觀/規則	1.908901348	客觀/規則	1.908901348	客觀規則	客觀歸責	客觀/規則	客觀歸責	True	True	1		phrase.law.tsv	62	
暗殺時間	ㄢˋ ㄕㄚ ㄕˊ ㄐㄧㄢ	動漫	1	14	absent			-7.354194117		暗殺/時間	1.905801654	暗殺/時間	1.905801654	案殺時間	暗殺時間	案/殺時間	暗殺時間	True	True	1		phrase.anime.tsv	1154	
坂本日常	ㄅㄢˇ ㄅㄣˇ ㄖˋ ㄔㄤˊ	動漫	1	23	absent			-7.354194117		版本/日常	1.66945106	版本/日常	1.66945106	版本日常	坂本日常	版本/日常	坂本日常	True	True	1		phrase.anime.tsv	527	
積層製造	ㄐㄧ ㄘㄥˊ ㄓˋ ㄗㄠˋ	製造機械	1	12	absent			-7.354194117		基層/製造	1.536727913	基層/製造	1.536727913	基層製造	積層製造	基層/製造	積層製造	True	True	1		phrase.manufacturing.tsv	99	
中程計畫	ㄓㄨㄥ ㄔㄥˊ ㄐㄧˋ ㄏㄨㄚˋ	公務員公文	1	15	absent			-7.354194117		忠誠/計畫	1.513957503	忠誠/計畫	1.513957503	中成計畫	中程計畫	中/成/計畫	中程計畫	True	True	1	中程計劃	phrase.government.tsv	2	
騎士制度	ㄑㄧˊ ㄕˋ ㄓˋ ㄉㄨˋ	歷史	1	10	absent			-7.354194117		歧視/制度	1.400618037	歧視/制度	1.400618037	其是制度	騎士制度	其/是/制度	騎士制度	True	True	1		phrase.history.tsv	182	
臺灣民主國	ㄊㄞˊ ㄨㄢ ㄇㄧㄣˊ ㄓㄨˇ ㄍㄨㄛˊ	歷史	1	2	absent			-7.354194117		台灣/民主國	1.392195298	台灣/民主國	1.392195298	台灣民主國	臺灣民主國	台灣/民主國	臺灣民主國	True	True	1		phrase.history.tsv	141	
建築聲學	ㄐㄧㄢˋ ㄓㄨˊ ㄕㄥ ㄒㄩㄝˊ	建築土木	1	12	absent			-7.354194117		建築/升學	1.391223721	建築/升學	1.391223721	建築升學	建築聲學	建築/升學	建築聲學	True	True	1		phrase.civil-engineering.tsv	96	
臺灣總督府	ㄊㄞˊ ㄨㄢ ㄗㄨㄥˇ ㄉㄨ ㄈㄨˇ	歷史	1	2	absent			-7.354194117		台灣/總督府	1.299881036	台灣/總督府	1.299881036	台灣總督府	臺灣總督府	台灣/總督府	臺灣總督府	True	True	1		phrase.history.tsv	143	
滾珠軸承	ㄍㄨㄣˇ ㄓㄨ ㄓㄡˊ ㄔㄥˊ	製造機械	1	9	absent			-7.354194117		滾珠/軸承	6.752134126	滾珠/軸承	6.752134126	滾珠軸承	滾珠軸承	滾珠/軸承	滾珠/軸承	False	True	1		phrase.manufacturing.tsv	80	
雪崩二極體	ㄒㄩㄝˇ ㄅㄥ ㄦˋ ㄐㄧˊ ㄊㄧˇ	電子電機	1	2	absent			-7.354194117		雪崩/二極體	6.399951608	雪崩/二極體	6.399951608	雪崩二極體	雪崩二極體	雪崩/二極體	雪崩/二極體	False	True	1		phrase.electronics.tsv	193	
江戶川柯南	ㄐㄧㄤ ㄏㄨˋ ㄔㄨㄢ ㄎㄜ ㄋㄢˊ	動漫	1	25	absent			-7.354194117		江戶川/柯南	6.275012871	江戶川/柯南	6.275012871	江戶川柯南	江戶川柯南	江戶川/柯南	江戶川柯南	False	True	1		phrase.anime.tsv	1377	
降壓轉換器	ㄐㄧㄤˋ ㄧㄚ ㄓㄨㄢˇ ㄏㄨㄢˋ ㄑㄧˋ	電子電機	1	2	absent			-7.354194117		降壓/轉換器	6.240250765	降壓/轉換器	6.240250765	降壓轉換器	降壓轉換器	降壓/轉換器	降壓轉換器	False	True	1		phrase.electronics.tsv	188	
黏著詞素	ㄋㄧㄢˊ ㄓㄨㄛˊ ㄘˊ ㄙㄨˋ	中文	1	9	absent			-7.354194117		黏著/詞素	6.075440516	黏著/詞素	6.075440516	黏著詞素	黏著詞素	黏著/詞素	黏著詞素	False	True	1		phrase.chinese.tsv	164	
酸鹼滴定	ㄙㄨㄢ ㄐㄧㄢˇ ㄉㄧ ㄉㄧㄥˋ	材料化工	1	9	absent			-7.354194117		酸鹼/滴定	6.053164122	酸鹼/滴定	6.053164122	酸鹼滴定	酸鹼滴定	酸鹼/滴定	酸鹼/滴定	False	True	1		phrase.materials-chemistry.tsv	105	
固態繼電器	ㄍㄨˋ ㄊㄞˋ ㄐㄧˋ ㄉㄧㄢˋ ㄑㄧˋ	電子電機	1	2	absent			-7.354194117		固態/繼電器	6.031974823	固態/繼電器	6.031974823	固態繼電器	固態繼電器	固態/繼電器	固態/繼電器	False	True	1		phrase.electronics.tsv	51	
毛細管電泳	ㄇㄠˊ ㄒㄧˋ ㄍㄨㄢˇ ㄉㄧㄢˋ ㄩㄥˇ	生技藥學	1	2	absent			-7.354194117		毛細管/電泳	5.8227152	毛細管/電泳	5.8227152	毛細管電泳	毛細管電泳	毛細管/電泳	毛細管/電泳	False	True	1		phrase.biotech-pharma.tsv	51	
法拉第定律	ㄈㄚˇ ㄌㄚ ㄉㄧˋ ㄉㄧㄥˋ ㄌㄩˋ	科學	1	2	absent			-7.354194117		法拉第/定律	5.700981604	法拉第/定律	5.700981604	法拉第定律	法拉第定律	法拉第/定律	法拉第/定律	False	True	1		phrase.science.tsv	39	
拉伸彈簧	ㄌㄚ ㄕㄣ ㄊㄢˊ ㄏㄨㄤˊ	製造機械	1	9	absent			-7.354194117		拉伸/彈簧	5.638190774	拉伸/彈簧	5.638190774	拉伸彈簧	拉伸彈簧	拉伸/彈簧	拉伸/彈簧	False	True	1		phrase.manufacturing.tsv	51	
總有機碳	ㄗㄨㄥˇ ㄧㄡˇ ㄐㄧ ㄊㄢˋ	環境能源	1	10	absent			-7.354194117		總有/積碳	5.548014143	總有/積碳	5.548014143	總有機碳	總有機碳	總/有機/碳	總有機碳	False	True	1		phrase.energy-environment.tsv	115	
射頻除錯	ㄕㄜˋ ㄆㄧㄣˊ ㄔㄨˊ ㄘㄨㄛˋ	電子電機	1	9	absent			-7.354194117		射頻/除錯	5.541280761	射頻/除錯	5.541280761	射頻除錯	射頻除錯	射頻/除錯	射頻/除錯	False	True	1		phrase.electronics.tsv	75	
無菌充填	ㄨˊ ㄐㄩㄣˋ ㄔㄨㄥ ㄊㄧㄢˊ	生技藥學	1	9	absent			-7.354194117		無菌/充填	5.515345027	無菌/充填	5.515345027	無菌充填	無菌充填	無菌/充填	無菌/充填	False	True	1		phrase.biotech-pharma.tsv	59	
古手梨花	ㄍㄨˇ ㄕㄡˇ ㄌㄧˊ ㄏㄨㄚ	動漫	1	12	absent			-7.354194117		鼓手/梨花	5.467703392	鼓手/梨花	5.467703392	古手梨花	古手梨花	古/手/梨花	古手梨花	False	True	1		phrase.anime.tsv	386	
充電器除錯	ㄔㄨㄥ ㄉㄧㄢˋ ㄑㄧˋ ㄔㄨˊ ㄘㄨㄛˋ	電子電機	1	2	absent			-7.354194117		充電器/除錯	5.462099515	充電器/除錯	5.462099515	充電器除錯	充電器除錯	充電器/除錯	充電器/除錯	False	True	1		phrase.electronics.tsv	23	
電路板除錯	ㄉㄧㄢˋ ㄌㄨˋ ㄅㄢˇ ㄔㄨˊ ㄘㄨㄛˋ	電子電機	1	2	absent			-7.354194117		電路板/除錯	5.462099515	電路板/除錯	5.462099515	電路板除錯	電路板除錯	電路板/除錯	電路板/除錯	False	True	1		phrase.electronics.tsv	207	
商鞅變法	ㄕㄤ ㄧㄤ ㄅㄧㄢˋ ㄈㄚˇ	歷史	1	9	absent			-7.354194117		商鞅/變法	5.445709099	商鞅/變法	5.445709099	商鞅變法	商鞅變法	商鞅/變/法	商鞅變法	False	True	1		phrase.history.tsv	41	
整流二極體	ㄓㄥˇ ㄌㄧㄡˊ ㄦˋ ㄐㄧˊ ㄊㄧˇ	電子電機	1	2	absent			-7.354194117		整流/二極體	5.445709099	整流/二極體	5.445709099	整流二極體	整流二極體	整流/二極體	整流/二極體	False	True	1		phrase.electronics.tsv	101	
儀表放大器	ㄧˊ ㄅㄧㄠˇ ㄈㄤˋ ㄉㄚˋ ㄑㄧˋ	電子電機	1	2	absent			-7.354194117		儀表/放大器	5.429914831	儀表/放大器	5.429914831	儀表放大器	儀表放大器	儀表/放大器	儀表/放大器	False	True	1		phrase.electronics.tsv	17	
白蓮教起義	ㄅㄞˊ ㄌㄧㄢˊ ㄐㄧㄠˋ ㄑㄧˇ ㄧˋ	歷史	1	2	absent			-7.354194117		白蓮教/起義	5.409711445	白蓮教/起義	5.409711445	白蓮教起義	白蓮教起義	白蓮教/起義	白蓮教/起義	False	True	1		phrase.history.tsv	117	
路易士酸鹼	ㄌㄨˋ ㄧˋ ㄕˋ ㄙㄨㄢ ㄐㄧㄢˇ	科學	1	2	absent			-7.354194117		路易士/酸鹼	5.354194117	路易士/酸鹼	5.354194117	路易士酸鹼	路易士酸鹼	路易士/酸鹼	路易士酸鹼	False	True	1		phrase.science.tsv	72	
閃電霹靂車	ㄕㄢˇ ㄉㄧㄢˋ ㄆㄧ ㄌㄧˋ ㄔㄜ	動漫	1	21	absent			-7.354194117		閃電/霹靂車	5.308871139	閃電/霹靂車	5.308871139	閃電霹靂車	閃電霹靂車	閃電/霹靂車	閃電霹靂車	False	True	1		phrase.anime.tsv	2261	
扭力彈簧	ㄋㄧㄡˇ ㄌㄧˋ ㄊㄢˊ ㄏㄨㄤˊ	製造機械	1	9	absent			-7.354194117		扭力/彈簧	5.240250765	扭力/彈簧	5.240250765	扭力彈簧	扭力彈簧	扭力/彈簧	扭力/彈簧	False	True	1		phrase.manufacturing.tsv	48	
時脈除錯	ㄕˊ ㄇㄞˋ ㄔㄨˊ ㄘㄨㄛˋ	電子電機	1	9	absent			-7.354194117		時脈/除錯	5.240250765	時脈/除錯	5.240250765	時脈除錯	時脈除錯	時脈/除錯	時脈/除錯	False	True	1		phrase.electronics.tsv	120	
批次反應器	ㄆㄧ ㄘˋ ㄈㄢˇ ㄧㄥˋ ㄑㄧˋ	材料化工	1	2	absent			-7.354194117		批次/反應器	5.233620186	批次/反應器	5.233620186	批次反應器	批次反應器	批次/反應器	批次/反應器	False	True	1		phrase.materials-chemistry.tsv	37	
梁柱補強	ㄌㄧㄤˊ ㄓㄨˋ ㄅㄨˇ ㄑㄧㄤˊ	建築土木	1	9	absent			-7.354194117		梁柱/補強	5.201905773	梁柱/補強	5.201905773	梁柱補強	梁柱補強	梁柱/補強	梁柱/補強	False	True	1		phrase.civil-engineering.tsv	127	
感測器除錯	ㄍㄢˇ ㄘㄜˋ ㄑㄧˋ ㄔㄨˊ ㄘㄨㄛˋ	電子電機	1	2	absent			-7.354194117		感測器/除錯	5.19885808	感測器/除錯	5.19885808	感測器除錯	感測器除錯	感測器/除錯	感測器/除錯	False	True	1		phrase.electronics.tsv	91	
王安石變法	ㄨㄤˊ ㄢ ㄕˊ ㄅㄧㄢˋ ㄈㄚˇ	歷史	1	2	absent			-7.354194117		王安石/變法	5.195831625	王安石/變法	5.195831625	王安石變法	王安石變法	王安石/變/法	王安石變法	False	True	1		phrase.history.tsv	113	
空運提單	ㄎㄨㄥ ㄩㄣˋ ㄊㄧˊ ㄉㄢ	交通物流	1	10	absent			-7.354194117		空運/提單	5.183932402	空運/提單	5.183932402	空運提單	空運提單	空運/提/單	空運提單	False	True	1		phrase.transport-logistics.tsv	73	
海運提單	ㄏㄞˇ ㄩㄣˋ ㄊㄧˊ ㄉㄢ	交通物流	1	10	absent			-7.354194117		海運/提單	5.15553703	海運/提單	5.15553703	海運提單	海運提單	海運/提/單	海運提單	False	True	1		phrase.transport-logistics.tsv	62	
火神大我	ㄏㄨㄛˇ ㄕㄣˊ ㄉㄚˋ ㄨㄛˇ	動漫	1	18	absent			-7.354194117		火神/大我	5.150074135	火神/大我	5.150074135	火神大我	火神大我	火神/大/我	火神大我	False	True	1		phrase.anime.tsv	1478	
滑動軸承	ㄏㄨㄚˊ ㄉㄨㄥˋ ㄓㄡˊ ㄔㄥˊ	製造機械	1	10	absent			-7.354194117		滑動/軸承	5.139350269	滑動/軸承	5.139350269	滑動軸承	滑動軸承	滑動/軸承	滑動軸承	False	True	1		phrase.manufacturing.tsv	77	
二階電路	ㄦˋ ㄐㄧㄝ ㄉㄧㄢˋ ㄌㄨˋ	電子電機	1	13	absent			-7.354194117		二街/電路	5.057528927	二街/電路	5.057528927	二階電路	二階電路	二/階/電路	二階電路	False	True	1		phrase.electronics.tsv	8	
霍爾感測器	ㄏㄨㄛˋ ㄦˇ ㄍㄢˇ ㄘㄜˋ ㄑㄧˋ	電子電機	1	2	absent			-7.354194117		霍爾/感測器	5.057528927	霍爾/感測器	5.057528927	霍爾感測器	霍爾感測器	霍爾/感測器	霍爾/感測器	False	True	1		phrase.electronics.tsv	209	
遞進複句	ㄉㄧˋ ㄐㄧㄣˋ ㄈㄨˋ ㄐㄩˋ	中文	1	9	absent			-7.354194117		遞進/複句	5.025814514	遞進/複句	5.025814514	遞進複句	遞進複句	遞進/複句	遞進複句	False	True	1		phrase.chinese.tsv	141	
活性碳吸附	ㄏㄨㄛˊ ㄒㄧㄥˋ ㄊㄢˋ ㄒㄧ ㄈㄨˋ	環境能源	1	3	absent			-7.354194117		活性碳/吸附	4.990582137	活性碳/吸附	4.990582137	活性碳吸附	活性碳吸附	活性碳/吸附	活性碳/吸附	False	True	1		phrase.energy-environment.tsv	74	
經緯儀測量	ㄐㄧㄥ ㄨㄟˇ ㄧˊ ㄘㄜˋ ㄌㄧㄤˊ	建築土木	1	2	absent			-7.354194117		經緯儀/測量	4.930948243	經緯儀/測量	4.930948243	經緯儀測量	經緯儀測量	經緯儀/測量	經緯儀測量	False	True	1		phrase.civil-engineering.tsv	182	
存貨週轉率	ㄘㄨㄣˊ ㄏㄨㄛˋ ㄓㄡ ㄓㄨㄢˇ ㄌㄩˋ	財會金融	1	3	absent			-7.354194117		存貨/周轉率	4.922830353	存貨/周轉率	4.922830353	存貨週轉率	存貨週轉率	存貨/週轉率	存貨/週轉率	False	True	1		phrase.finance.tsv	37	
斯巴達城邦	ㄙ ㄅㄚ ㄉㄚˊ ㄔㄥˊ ㄅㄤ	歷史	1	2	absent			-7.354194117		斯巴達/城邦	4.922830353	斯巴達/城邦	4.922830353	斯巴達城邦	斯巴達城邦	斯巴達/城邦	斯巴達城邦	False	True	1		phrase.history.tsv	84	
降伏強度	ㄒㄧㄤˊ ㄈㄨˊ ㄑㄧㄤˊ ㄉㄨˋ	製造機械	1	9	absent			-7.354194117		降伏/強度	4.903945009	降伏/強度	4.903945009	降伏強度	降伏強度	降伏/強度	降伏強度	False	True	1		phrase.manufacturing.tsv	138	
前列腺肥大	ㄑㄧㄢˊ ㄌㄧㄝˋ ㄒㄧㄢˋ ㄈㄟˊ ㄉㄚˋ	醫學	1	3	absent			-7.354194117		前列腺/肥大	4.899349257	前列腺/肥大	4.899349257	前列腺肥大	前列腺肥大	前列腺/肥大	前列腺/肥大	False	True	1		phrase.medicine.tsv	42	
民法總則	ㄇㄧㄣˊ ㄈㄚˇ ㄗㄨㄥˇ ㄗㄜˊ	法律	1	10	absent			-7.354194117		民法/總則	4.877072863	民法/總則	4.877072863	民法總則	民法總則	民法/總/則	民法總則	False	True	1		phrase.law.tsv	111	
魔女守護者	ㄇㄛˊ ㄋㄩˇ ㄕㄡˇ ㄏㄨˋ ㄓㄜˇ	動漫	1	12	absent			-7.354194117		魔女/守護者	4.877072863	魔女/守護者	4.877072863	魔女守護者	魔女守護者	魔女/守護者	魔女守護者	False	True	1		phrase.anime.tsv	2466	
軟性電路板	ㄖㄨㄢˇ ㄒㄧㄥˋ ㄉㄧㄢˋ ㄌㄨˋ ㄅㄢˇ	電子電機	1	3	absent			-7.354194117		軟性/電路板	4.868472691	軟性/電路板	4.868472691	軟性電路板	軟性電路板	軟性/電路板	軟性電路板	False	True	1		phrase.electronics.tsv	168	
安培定律	ㄢ ㄆㄟˊ ㄉㄧㄥˋ ㄌㄩˋ	科學	1	9	absent			-7.354194117		安培/定律	4.855883564	安培/定律	4.855883564	安培定律	安培定律	安培/定律	安培/定律	False	True	1		phrase.science.tsv	28	
射頻量測	ㄕㄜˋ ㄆㄧㄣˊ ㄌㄧㄤˊ ㄘㄜˋ	電子電機	1	9	absent			-7.354194117		射頻/量測	4.849044139	射頻/量測	4.849044139	射頻量測	射頻量測	射頻/量測	射頻/量測	False	True	1		phrase.electronics.tsv	74	
水耕栽培	ㄕㄨㄟˇ ㄍㄥ ㄗㄞ ㄆㄟˊ	農業食品	1	14	absent			-7.354194117		水耕/栽培	4.816375022	水耕/栽培	4.816375022	水耕栽培	水耕栽培	水耕/栽培	水耕/栽培	False	True	1		phrase.agriculture-food.tsv	26	
溶血性貧血	ㄖㄨㄥˊ ㄒㄧㄝˇ ㄒㄧㄥˋ ㄆㄧㄣˊ ㄒㄧㄝˇ	醫學	1	3	absent			-7.354194117		溶血性/貧血	4.793092734	溶血性/貧血	4.793092734	溶血性貧血	溶血性貧血	溶血性/貧血	溶血性/貧血	False	True	1		phrase.medicine.tsv	139	
端點稽核	ㄉㄨㄢ ㄉㄧㄢˇ ㄐㄧ ㄏㄜˊ	網路資安	1	10	absent			-7.354194117		端點/稽核	4.793092734	端點/稽核	4.793092734	端點稽核	端點稽核	端點/稽核	端點/稽核	False	True	1		phrase.network-security.tsv	120	
刑法總則	ㄒㄧㄥˊ ㄈㄚˇ ㄗㄨㄥˇ ㄗㄜˊ	法律	1	10	absent			-7.354194117		刑法/總則	4.787167751	刑法/總則	4.787167751	刑法總則	刑法總則	刑法/總/則	刑法總則	False	True	1		phrase.law.tsv	34	
私募股權	ㄙ ㄇㄨˋ ㄍㄨˇ ㄑㄩㄢˊ	財會金融	1	12	absent			-7.354194117		思慕/股權	4.78016285	思慕/股權	4.78016285	私募股權	私募股權	私/募/股權	私募股權	False	True	1		phrase.finance.tsv	112	
充電器量測	ㄔㄨㄥ ㄉㄧㄢˋ ㄑㄧˋ ㄌㄧㄤˊ ㄘㄜˋ	電子電機	1	2	absent			-7.354194117		充電器/量測	4.769862893	充電器/量測	4.769862893	充電器量測	充電器量測	充電器/量測	充電器/量測	False	True	1		phrase.electronics.tsv	22	
電路板量測	ㄉㄧㄢˋ ㄌㄨˋ ㄅㄢˇ ㄌㄧㄤˊ ㄘㄜˋ	電子電機	1	2	absent			-7.354194117		電路板/量測	4.769862893	電路板/量測	4.769862893	電路板量測	電路板量測	電路板/量測	電路板/量測	False	True	1		phrase.electronics.tsv	206	
公差堆疊	ㄍㄨㄥ ㄔㄞ ㄉㄨㄟ ㄉㄧㄝˊ	製造機械	1	9	absent			-7.354194117		公差/堆疊	4.76312951	公差/堆疊	4.76312951	公差堆疊	公差堆疊	公差/堆疊	公差/堆疊	False	True	1		phrase.manufacturing.tsv	11	
梁柱修復	ㄌㄧㄤˊ ㄓㄨˋ ㄒㄧㄡ ㄈㄨˋ	建築土木	1	9	absent			-7.354194117		梁柱/修復	4.76312951	梁柱/修復	4.76312951	梁柱修復	梁柱修復	梁柱/修復	梁柱/修復	False	True	1		phrase.civil-engineering.tsv	123	
開墾拓殖	ㄎㄞ ㄎㄣˇ ㄊㄨㄛˋ ㄓˊ	歷史	1	10	absent			-7.354194117		開墾/拓殖	4.76312951	開墾/拓殖	4.76312951	開墾拓殖	開墾拓殖	開墾/拓殖	開墾拓殖	False	True	1		phrase.history.tsv	169	
射頻校正	ㄕㄜˋ ㄆㄧㄣˊ ㄐㄧㄠˋ ㄓㄥˋ	電子電機	1	9	absent			-7.354194117		射頻/校正	4.757597022	射頻/校正	4.757597022	射頻校正	射頻校正	射頻/校正	射頻/校正	False	True	1		phrase.electronics.tsv	70	
刀具壽命	ㄉㄠ ㄐㄩˋ ㄕㄡˋ ㄇㄧㄥˋ	製造機械	1	9	absent			-7.354194117		刀具/壽命	4.746739094	刀具/壽命	4.746739094	刀具壽命	刀具壽命	刀具/壽命	刀具/壽命	False	True	1		phrase.manufacturing.tsv	14	
武裝偵探社	ㄨˇ ㄓㄨㄤ ㄓㄣ ㄊㄢˋ ㄕㄜˋ	動漫	1	14	absent			-7.354194117		武裝/偵探社	4.746739094	武裝/偵探社	4.746739094	武裝偵探社	武裝偵探社	武裝/偵探社	武裝偵探社	False	True	1		phrase.anime.tsv	1335	
密碼雜湊	ㄇㄧˋ ㄇㄚˇ ㄗㄚˊ ㄘㄡˋ	網路資安	1	10	absent			-7.354194117		密碼/雜湊	4.720725662	密碼/雜湊	4.720725662	密碼雜湊	密碼雜湊	密碼/雜湊	密碼/雜湊	False	True	1		phrase.network-security.tsv	63	
梁柱監測	ㄌㄧㄤˊ ㄓㄨˋ ㄐㄧㄢ ㄘㄜˋ	建築土木	1	10	absent			-7.354194117		梁柱/監測	4.714707628	梁柱/監測	4.714707628	梁柱監測	梁柱監測	梁柱/監測	梁柱/監測	False	True	1		phrase.civil-engineering.tsv	126	
主動濾波器	ㄓㄨˇ ㄉㄨㄥˋ ㄌㄩˋ ㄅㄛ ㄑㄧˋ	電子電機	1	4	absent			-7.354194117		主動/濾波器	4.712720007	主動/濾波器	4.712720007	主動濾波器	主動濾波器	主動/濾波器	主動/濾波器	False	True	1		phrase.electronics.tsv	6	
鳥籠使者	ㄋㄧㄠˇ ㄌㄨㄥˊ ㄕˇ ㄓㄜˇ	動漫	1	12	absent			-7.354194117		鳥籠/使者	4.710741441	鳥籠/使者	4.710741441	鳥籠使者	鳥籠使者	鳥籠/使者	鳥籠使者	False	True	1		phrase.anime.tsv	2482	
看板拉動	ㄎㄢ ㄅㄢˇ ㄌㄚ ㄉㄨㄥˋ	製造機械	1	10	absent			-7.354194117		看板/拉動	4.679792305	看板/拉動	4.679792305	看板拉動	看板拉動	看板/拉/動	看板拉動	False	True	1		phrase.manufacturing.tsv	94	
充電器校正	ㄔㄨㄥ ㄉㄧㄢˋ ㄑㄧˋ ㄐㄧㄠˋ ㄓㄥˋ	電子電機	1	2	absent			-7.354194117		充電器/校正	4.678415776	充電器/校正	4.678415776	充電器校正	充電器校正	充電器/校正	充電器/校正	False	True	1		phrase.electronics.tsv	19	
電路板校正	ㄉㄧㄢˋ ㄌㄨˋ ㄅㄢˇ ㄐㄧㄠˋ ㄓㄥˋ	電子電機	1	2	absent			-7.354194117		電路板/校正	4.678415776	電路板/校正	4.678415776	電路板校正	電路板校正	電路板/校正	電路板/校正	False	True	1		phrase.electronics.tsv	203	
結帳分錄	ㄐㄧㄝˊ ㄓㄤˋ ㄈㄣ ㄌㄨˋ	財會金融	1	10	absent			-7.354194117		結帳/分路	4.67295288	結帳/分路	4.67295288	結帳分錄	結帳分錄	結帳/分/錄	結帳分錄	False	True	1		phrase.finance.tsv	120	
射頻電路	ㄕㄜˋ ㄆㄧㄣˊ ㄉㄧㄢˋ ㄌㄨˋ	電子電機	1	9	absent			-7.354194117		射頻/電路	4.659588918	射頻/電路	4.659588918	射頻電路	射頻電路	射頻/電路	射頻/電路	False	True	1		phrase.electronics.tsv	76	
進料檢驗	ㄐㄧㄣˋ ㄌㄧㄠˋ ㄐㄧㄢˇ ㄧㄢˋ	製造機械	1	11	absent			-7.354194117		進料/檢驗	4.632383502	進料/檢驗	4.632383502	進料檢驗	進料檢驗	進/料/檢驗	進料檢驗	False	True	1		phrase.manufacturing.tsv	131	
高分子聚合	ㄍㄠ ㄈㄣ ㄗˇ ㄐㄩˋ ㄏㄜˊ	材料化工	1	2	absent			-7.354194117		高分子/聚合	4.568864282	高分子/聚合	4.568864282	高分子聚合	高分子聚合	高分子/聚合	高分子聚合	False	True	1		phrase.materials-chemistry.tsv	131	
損益兩平	ㄙㄨㄣˇ ㄧˋ ㄌㄧㄤˇ ㄆㄧㄥˊ	財會金融	1	11	absent			-7.354194117		損益/兩瓶	4.568152907	損益/兩瓶	4.568152907	損益兩平	損益兩平	損益/兩/平	損益兩平	False	True	1		phrase.finance.tsv	63	
安慰劑對照	ㄢ ㄨㄟˋ ㄐㄧˋ ㄉㄨㄟˋ ㄓㄠˋ	生技藥學	1	2	absent			-7.354194117		安慰劑/對照	4.563205642	安慰劑/對照	4.563205642	安慰劑對照	安慰劑對照	安慰劑/對照	安慰劑/對照	False	True	1		phrase.biotech-pharma.tsv	41	
懸浮固體	ㄒㄩㄢˊ ㄈㄨˊ ㄍㄨˋ ㄊㄧˇ	環境能源	1	10	absent			-7.354194117		懸浮/固體	4.561802428	懸浮/固體	4.561802428	懸浮固體	懸浮固體	懸浮/固體	懸浮固體	False	True	1		phrase.energy-environment.tsv	49	
直流轉換器	ㄓˊ ㄌㄧㄡˊ ㄓㄨㄢˇ ㄏㄨㄢˋ ㄑㄧˋ	電子電機	1	3	absent			-7.354194117		直流/轉換器	4.559009528	直流/轉換器	4.559009528	直流轉換器	直流轉換器	直流/轉換器	直流/轉換器	False	True	1		phrase.electronics.tsv	145	
飛鳥桃子	ㄈㄟ ㄋㄧㄠˇ ㄊㄠˊ ㄗ˙	動漫	1	12	absent			-7.354194117		飛鳥/桃子	4.559009528	飛鳥/桃子	4.559009528	飛鳥桃子	飛鳥桃子	飛鳥/桃子	飛鳥桃子	False	True	1		phrase.anime.tsv	2400	
時脈量測	ㄕˊ ㄇㄞˋ ㄌㄧㄤˊ ㄘㄜˋ	電子電機	1	9	absent			-7.354194117		時脈/量測	4.548014143	時脈/量測	4.548014143	時脈量測	時脈量測	時脈/量測	時脈/量測	False	True	1		phrase.electronics.tsv	119	
真菌毒素	ㄓㄣ ㄐㄩㄣˋ ㄉㄨˊ ㄙㄨˋ	農業食品	1	12	absent			-7.354194117		真菌/毒素	4.54530825	真菌/毒素	4.54530825	真菌毒素	真菌毒素	真菌/毒素	真菌毒素	False	True	1		phrase.agriculture-food.tsv	38	
拉伸試驗	ㄌㄚ ㄕㄣ ㄕˋ ㄧㄢˋ	材料化工	1	10	absent			-7.354194117		拉伸/試驗	4.538616369	拉伸/試驗	4.538616369	拉伸試驗	拉伸試驗	拉伸/試驗	拉伸/試驗	False	True	1		phrase.materials-chemistry.tsv	38	
地質鑽探	ㄉㄧˋ ㄓˊ ㄗㄨㄢ ㄊㄢˋ	建築土木	1	10	absent			-7.354194117		地質/鑽探	4.534650182	地質/鑽探	4.534650182	地質鑽探	地質鑽探	地質/鑽探	地質/鑽探	False	True	1		phrase.civil-engineering.tsv	53	
運算放大器	ㄩㄣˋ ㄙㄨㄢˋ ㄈㄤˋ ㄉㄚˋ ㄑㄧˋ	電子電機	1	3	absent			-7.354194117		運算/放大器	4.532026038	運算/放大器	4.532026038	運算放大器	運算放大器	運算/放大器	運算/放大器	False	True	1		phrase.electronics.tsv	182	
多項式迴歸	ㄉㄨㄛ ㄒㄧㄤˋ ㄕˋ ㄏㄨㄟˊ ㄍㄨㄟ	AI資料科學	1	3	absent			-7.354194117		多項式/回歸	4.519138016	多項式/回歸	4.519138016	多項式迴歸	多項式迴歸	多項式/迴歸	多項式迴歸	False	True	1		phrase.ai-data-science.tsv	46	
遞延所得稅	ㄉㄧˋ ㄧㄢˊ ㄙㄨㄛˇ ㄉㄜˊ ㄕㄨㄟˋ	財會金融	1	3	absent			-7.354194117		遞延/所得稅	4.519138016	遞延/所得稅	4.519138016	遞延所得稅	遞延所得稅	遞延/所得稅	遞延所得稅	False	True	1		phrase.finance.tsv	161	
開港通商	ㄎㄞ ㄍㄤˇ ㄊㄨㄥ ㄕㄤ	歷史	1	9	absent			-7.354194117		開港/通商	4.511584878	開港/通商	4.511584878	開港通商	開港通商	開港/通商	開港通商	False	True	1		phrase.history.tsv	171	
感測器量測	ㄍㄢˇ ㄘㄜˋ ㄑㄧˋ ㄌㄧㄤˊ ㄘㄜˋ	電子電機	1	2	absent			-7.354194117		感測器/量測	4.506621458	感測器/量測	4.506621458	感測器量測	感測器量測	感測器/量測	感測器/量測	False	True	1		phrase.electronics.tsv	90	
急性骨髓炎	ㄐㄧˊ ㄒㄧㄥˋ ㄍㄨˇ ㄙㄨㄟˇ ㄧㄢˊ	醫學	1	3	absent			-7.354194117		急性/骨髓炎	4.506005	急性/骨髓炎	4.506005	急性骨髓炎	急性骨髓炎	急性/骨髓炎	急性/骨髓炎	False	True	1		phrase.medicine.tsv	100	
字體排印	ㄗˋ ㄊㄧˇ ㄆㄞˊ ㄧㄣˋ	媒體設計	1	10	absent			-7.354194117		字體/排印	4.501714124	字體/排印	4.501714124	字體排印	字體排印	字體/排印	字體排印	False	True	1		phrase.media-design.tsv	31	
債權讓與	ㄓㄞˋ ㄑㄩㄢˊ ㄖㄤˋ ㄩˇ	法律	1	10	absent			-7.354194117		債權/讓與	4.496861621	債權/讓與	4.496861621	債權讓與	債權讓與	債權/讓/與	債權讓與	False	True	1		phrase.law.tsv	27	
疲勞裂紋	ㄆㄧˊ ㄌㄠˊ ㄌㄧㄝˋ ㄨㄣˊ	製造機械	1	10	absent			-7.354194117		疲勞/裂紋	4.492062738	疲勞/裂紋	4.492062738	疲勞裂紋	疲勞裂紋	疲勞/裂紋	疲勞/裂紋	False	True	1		phrase.manufacturing.tsv	93	
功率因數	ㄍㄨㄥ ㄌㄩˋ ㄧㄣ ㄕㄨˋ	電子電機	1	10	0			-7.354194117		功率/因數	4.479132854	功率/因數	4.479132854	功率因數	功率因數	功率/因/數	功率因數	False	True	1		phrase.electronics.tsv	39	
內視鏡止血	ㄋㄟˋ ㄕˋ ㄐㄧㄥˋ ㄓˇ ㄒㄧㄝˇ	醫學	1	3	absent			-7.354194117		內視鏡/止血	4.464892415	內視鏡/止血	4.464892415	內視鏡止血	內視鏡止血	內視鏡/止血	內視鏡/止血	False	True	1		phrase.medicine.tsv	32	
椎間盤突出	ㄓㄨㄟ ㄐㄧㄢ ㄆㄢˊ ㄊㄨˊ ㄔㄨ	醫學	1	3	absent			-7.354194117		椎間盤/突出	4.462099515	椎間盤/突出	4.462099515	椎間盤突出	椎間盤突出	椎間盤/突出	椎間盤/突出	False	True	1		phrase.medicine.tsv	123	
時脈校正	ㄕˊ ㄇㄞˋ ㄐㄧㄠˋ ㄓㄥˋ	電子電機	1	9	absent			-7.354194117		時脈/校正	4.456567026	時脈/校正	4.456567026	時脈校正	時脈校正	時脈/校正	時脈/校正	False	True	1		phrase.electronics.tsv	115	
逃出農園	ㄊㄠˊ ㄔㄨ ㄋㄨㄥˊ ㄩㄢˊ	動漫	1	14	absent			-7.354194117		逃出/農園	4.451647338	逃出/農園	4.451647338	逃出農園	逃出農園	逃出/農園	逃出農園	False	True	1		phrase.anime.tsv	2186	
天線增益	ㄊㄧㄢ ㄒㄧㄢˋ ㄗㄥ ㄧˋ	電子電機	1	10	absent			-7.354194117		天線/增益	4.436163781	天線/增益	4.436163781	天線增益	天線增益	天線/增益	天線/增益	False	True	1		phrase.electronics.tsv	58	
密度分群	ㄇㄧˋ ㄉㄨˋ ㄈㄣ ㄑㄩㄣˊ	AI資料科學	1	11	absent			-7.354194117		密度/分群	4.428366543	密度/分群	4.428366543	密度分群	密度分群	密度/分/群	密度分群	False	True	1		phrase.ai-data-science.tsv	54	
密碼加鹽	ㄇㄧˋ ㄇㄚˇ ㄐㄧㄚ ㄧㄢˊ	網路資安	1	10	absent			-7.354194117		密碼/加鹽	4.419695666	密碼/加鹽	4.419695666	密碼加鹽	密碼加鹽	密碼/加鹽	密碼/加鹽	False	True	1		phrase.network-security.tsv	60	
賭博默示錄	ㄉㄨˇ ㄅㄛˊ ㄇㄛˋ ㄕˋ ㄌㄨˋ	動漫	1	22	absent			-7.354194117		賭博/默示錄	4.419695666	賭博/默示錄	4.419695666	賭博默示錄	賭博默示錄	賭博/默示錄	賭博默示錄	False	True	1		phrase.anime.tsv	2132	
感測器校正	ㄍㄢˇ ㄘㄜˋ ㄑㄧˋ ㄐㄧㄠˋ ㄓㄥˋ	電子電機	1	2	absent			-7.354194117		感測器/校正	4.415174341	感測器/校正	4.415174341	感測器校正	感測器校正	感測器/校正	感測器/校正	False	True	1		phrase.electronics.tsv	87	
損益相抵	ㄙㄨㄣˇ ㄧˋ ㄒㄧㄤ ㄉㄧˇ	法律	1	10	absent			-7.354194117		損益/相抵	4.403342658	損益/相抵	4.403342658	損益相抵	損益相抵	損益/相抵	損益/相抵	False	True	1		phrase.law.tsv	91	
花開物語	ㄏㄨㄚ ㄎㄞ ㄨˋ ㄩˇ	動漫	1	19	absent			-7.354194117		花開/物語	4.395152725	花開/物語	4.395152725	花開物語	花開物語	花/開/物語	花開物語	False	True	1		phrase.anime.tsv	1919	
流體輸送	ㄌㄧㄡˊ ㄊㄧˇ ㄕㄨ ㄙㄨㄥˋ	材料化工	1	9	absent			-7.354194117		流體/輸送	4.394199279	流體/輸送	4.394199279	流體輸送	流體輸送	流體/輸送	流體輸送	False	True	1		phrase.materials-chemistry.tsv	56	
妊娠糖尿病	ㄖㄣˋ ㄔㄣˊ ㄊㄤˊ ㄋㄧㄠˋ ㄅㄧㄥˋ	醫學	1	3	absent			-7.354194117		妊娠/糖尿病	4.389227743	妊娠/糖尿病	4.389227743	妊娠糖尿病	妊娠糖尿病	妊娠/糖尿病	妊娠/糖尿病	False	True	1		phrase.medicine.tsv	73	
陶瓷熱處理	ㄊㄠˊ ㄘˊ ㄖㄜˋ ㄔㄨˇ ㄌㄧˇ	材料化工	1	3	absent			-7.354194117		陶瓷/熱處理	4.383382507	陶瓷/熱處理	4.383382507	陶瓷熱處理	陶瓷熱處理	陶瓷/熱處理	陶瓷/熱處理	False	True	1		phrase.materials-chemistry.tsv	122	
射頻驗證	ㄕㄜˋ ㄆㄧㄣˊ ㄧㄢˋ ㄓㄥˋ	電子電機	1	9	absent			-7.354194117		射頻/驗證	4.376470512	射頻/驗證	4.376470512	射頻驗證	射頻驗證	射頻/驗證	射頻/驗證	False	True	1		phrase.electronics.tsv	77	
庫存週轉率	ㄎㄨˋ ㄘㄨㄣˊ ㄓㄡ ㄓㄨㄢˇ ㄌㄩˋ	商業	1	10	absent			-7.354194117		庫存/周轉率	4.369216991	庫存/周轉率	4.369216991	庫存週轉率	庫存週轉率	庫存/週轉率	庫存/週轉率	False	True	1		phrase.business.tsv	96	
梁柱施工	ㄌㄧㄤˊ ㄓㄨˋ ㄕ ㄍㄨㄥ	建築土木	1	10	absent			-7.354194117		梁柱/施工	4.36831876	梁柱/施工	4.36831876	梁柱施工	梁柱施工	梁柱/施工	梁柱/施工	False	True	1		phrase.civil-engineering.tsv	124	
貓咪西餐廳	ㄇㄠ ㄇㄧ ㄒㄧ ㄘㄢ ㄊㄧㄥ	動漫	1	10	absent			-7.354194117		貓咪/西餐廳	4.354194117	貓咪/西餐廳	4.354194117	貓咪西餐廳	貓咪西餐廳	貓咪/西餐廳	貓咪西餐廳	False	True	1		phrase.anime.tsv	2114	
分層抽樣	ㄈㄣ ㄘㄥˊ ㄔㄡ ㄧㄤˋ	AI資料科學	1	10	absent			-7.354194117		分層/抽樣	4.35376004	分層/抽樣	4.35376004	分層抽樣	分層抽樣	分層/抽樣	分層/抽樣	False	True	1		phrase.ai-data-science.tsv	20	
封包遺失	ㄈㄥ ㄅㄠ ㄧˊ ㄕ	網路資安	1	10	absent			-7.354194117		封包/遺失	4.333004818	封包/遺失	4.333004818	封包遺失	封包遺失	封包/遺失	封包遺失	False	True	1		phrase.network-security.tsv	64	
梁柱檢驗	ㄌㄧㄤˊ ㄓㄨˋ ㄐㄧㄢˇ ㄧㄢˋ	建築土木	1	11	absent			-7.354194117		梁柱/檢驗	4.331353507	梁柱/檢驗	4.331353507	梁柱檢驗	梁柱檢驗	梁柱/檢驗	梁柱/檢驗	False	True	1		phrase.civil-engineering.tsv	125	
山田太郎	ㄕㄢ ㄊㄧㄢˊ ㄊㄞˋ ㄌㄤˊ	動漫	1	11	absent			-7.354194117		山田/太郎	4.317565222	山田/太郎	4.317565222	山田太郎	山田太郎	山田/太郎	山田太郎	False	True	1		phrase.anime.tsv	848	
顧客接觸點	ㄍㄨˋ ㄎㄜˋ ㄐㄧㄝ ㄔㄨˋ ㄉㄧㄢˇ	商業	1	4	absent			-7.354194117		顧客/接觸點	4.317565222	顧客/接觸點	4.317565222	顧客接觸點	顧客接觸點	顧客/接觸點	顧客/接觸點	False	True	1		phrase.business.tsv	182	
轟隆轟隆	ㄏㄨㄥ ㄌㄨㄥˊ ㄏㄨㄥ ㄌㄨㄥˊ	動漫	1	11	absent			-7.354194117		轟隆/轟隆	4.317166238	轟隆/轟隆	4.317166238	轟隆轟隆	轟隆轟隆	轟隆/轟隆	轟隆轟隆	False	True	1		phrase.anime.tsv	2172	
莫耳濃度	ㄇㄛˋ ㄦˇ ㄋㄨㄥˊ ㄉㄨˋ	科學	1	12	absent			-7.354194117		莫爾/濃度	4.302270201	莫爾/濃度	4.302270201	莫耳濃度	莫耳濃度	莫耳/濃度	莫耳/濃度	False	True	1		phrase.science.tsv	68	
充電器驗證	ㄔㄨㄥ ㄉㄧㄢˋ ㄑㄧˋ ㄧㄢˋ ㄓㄥˋ	電子電機	1	2	absent			-7.354194117		充電器/驗證	4.297289266	充電器/驗證	4.297289266	充電器驗證	充電器驗證	充電器/驗證	充電器/驗證	False	True	1		phrase.electronics.tsv	24	
電路板驗證	ㄉㄧㄢˋ ㄌㄨˋ ㄅㄢˇ ㄧㄢˋ ㄓㄥˋ	電子電機	1	2	absent			-7.354194117		電路板/驗證	4.297289266	電路板/驗證	4.297289266	電路板驗證	電路板驗證	電路板/驗證	電路板/驗證	False	True	1		phrase.electronics.tsv	208	
天線除錯	ㄊㄧㄢ ㄒㄧㄢˋ ㄔㄨˊ ㄘㄨㄛˋ	電子電機	1	10	absent			-7.354194117		天線/除錯	4.276462938	天線/除錯	4.276462938	天線除錯	天線除錯	天線/除錯	天線/除錯	False	True	1		phrase.electronics.tsv	65	
化工熱力學	ㄏㄨㄚˋ ㄍㄨㄥ ㄖㄜˋ ㄌㄧˋ ㄒㄩㄝˊ	材料化工	1	3	absent			-7.354194117		化工/熱力學	4.275012871	化工/熱力學	4.275012871	化工熱力學	化工熱力學	化工/熱力學	化工熱力學	False	True	1		phrase.materials-chemistry.tsv	14	
尖峰負載	ㄐㄧㄢ ㄈㄥ ㄈㄨˋ ㄗㄞˇ	環境能源	1	10	absent			-7.354194117		尖峰/負載	4.27356763	尖峰/負載	4.27356763	尖峰負載	尖峰負載	尖峰/負載	尖峰/負載	False	True	1		phrase.energy-environment.tsv	39	
剛性路面	ㄍㄤ ㄒㄧㄥˋ ㄌㄨˋ ㄇㄧㄢˋ	建築土木	1	9	absent			-7.354194117		剛性/路面	4.271408747	剛性/路面	4.271408747	剛性路面	剛性路面	剛性/路面	剛性/路面	False	True	1		phrase.civil-engineering.tsv	15	
高斯定律	ㄍㄠ ㄙ ㄉㄧㄥˋ ㄌㄩˋ	科學	1	9	absent			-7.354194117		高斯/定律	4.269617839	高斯/定律	4.269617839	高斯定律	高斯定律	高斯/定律	高斯定律	False	True	1		phrase.science.tsv	91	
機能亢進	ㄐㄧ ㄋㄥˊ ㄎㄤˋ ㄐㄧㄣˋ	醫學	1	10	absent			-7.354194117		機能/亢進	4.252103592	機能/亢進	4.252103592	機能亢進	機能亢進	機能/亢進	機能亢進	False	True	1		phrase.medicine.tsv	125	
切換損耗	ㄑㄧㄝ ㄏㄨㄢˋ ㄙㄨㄣˇ ㄏㄠˋ	電子電機	1	10	absent			-7.354194117		切換/損耗	4.247663264	切換/損耗	4.247663264	切換損耗	切換損耗	切換/損耗	切換/損耗	False	True	1		phrase.electronics.tsv	36	
交互詰問	ㄐㄧㄠ ㄏㄨˋ ㄐㄧㄝˊ ㄨㄣˋ	法律	1	10	absent			-7.354194117		交互/詰問	4.244278254	交互/詰問	4.244278254	交互詰問	交互詰問	交互/詰問	交互詰問	False	True	1		phrase.law.tsv	14	
地滑監測	ㄉㄧˋ ㄏㄨㄚˊ ㄐㄧㄢ ㄘㄜˋ	建築土木	1	10	absent			-7.354194117		地滑/監測	4.237586373	地滑/監測	4.237586373	地滑監測	地滑監測	地滑/監測	地滑/監測	False	True	1		phrase.civil-engineering.tsv	44	
過失相抵	ㄍㄨㄛˋ ㄕ ㄒㄧㄤ ㄉㄧˇ	法律	1	10	absent			-7.354194117		過失/相抵	4.236591426	過失/相抵	4.236591426	過失相抵	過失相抵	過失/相抵	過失相抵	False	True	1		phrase.law.tsv	179	
焊接變形	ㄏㄢˋ ㄐㄧㄝ ㄅㄧㄢˋ ㄒㄧㄥˊ	製造機械	1	9	absent			-7.354194117		焊接/變形	4.233620186	焊接/變形	4.233620186	焊接變形	焊接變形	焊接/變形	焊接/變形	False	True	1		phrase.manufacturing.tsv	84	
自由基聚合	ㄗˋ ㄧㄡˊ ㄐㄧ ㄐㄩˋ ㄏㄜˊ	材料化工	1	3	absent			-7.354194117		自由基/聚合	4.226441602	自由基/聚合	4.226441602	自由基聚合	自由基聚合	自由基/聚合	自由基/聚合	False	True	1		phrase.materials-chemistry.tsv	88	
撒旦之子	ㄙㄚ ㄉㄢˋ ㄓ ㄗˇ	動漫	1	12	absent			-7.354194117		撒旦/之子	4.225794849	撒旦/之子	4.225794849	撒旦之子	撒旦之子	撒旦/之子	撒旦之子	False	True	1		phrase.anime.tsv	1080	
荒野女巫	ㄏㄨㄤ ㄧㄝˇ ㄋㄩˇ ㄨˊ	動漫	1	16	absent			-7.354194117		荒野/女巫	4.225794849	荒野/女巫	4.225794849	荒野女巫	荒野女巫	荒野/女巫	荒野女巫	False	True	1		phrase.anime.tsv	1953	
主動脈剝離	ㄓㄨˇ ㄉㄨㄥˋ ㄇㄞˋ ㄅㄛ ㄌㄧˊ	醫學	1	3	absent			-7.354194117		主動脈/玻璃	4.216207385	主動脈/玻璃	4.216207385	主動脈剝離	主動脈剝離	主動脈/剝離	主動脈/剝離	False	True	1		phrase.medicine.tsv	13	
西治時期	ㄒㄧ ㄓˋ ㄕˊ ㄑㄧˊ	歷史	1	12	absent			-7.354194117		西至/時期	4.19885808	西至/時期	4.19885808	西治時期	西治時期	西/治/時期	西治時期	False	True	1		phrase.history.tsv	153	
阻尼振動	ㄗㄨˇ ㄋㄧˊ ㄓㄣˋ ㄉㄨㄥˋ	科學	1	9	absent			-7.354194117		阻尼/振動	4.183345914	阻尼/振動	4.183345914	阻尼振動	阻尼振動	阻尼/振動	阻尼振動	False	True	1		phrase.science.tsv	83	
焊接缺陷	ㄏㄢˋ ㄐㄧㄝ ㄑㄩㄝ ㄒㄧㄢˋ	製造機械	1	9	absent			-7.354194117		焊接/缺陷	4.172922346	焊接/缺陷	4.172922346	焊接缺陷	焊接缺陷	焊接/缺陷	焊接/缺陷	False	True	1		phrase.manufacturing.tsv	83	
速率常數	ㄙㄨˋ ㄌㄩˋ ㄔㄤˊ ㄕㄨˋ	材料化工	1	10	absent			-7.354194117		速率/常數	4.170639584	速率/常數	4.170639584	速率常數	速率常數	速率/常/數	速率常數	False	True	1		phrase.materials-chemistry.tsv	101	
混凝土鋪面	ㄏㄨㄣˋ ㄋㄧㄥˊ ㄊㄨˇ ㄆㄨ ㄇㄧㄢˋ	建築土木	1	2	absent			-7.354194117		混凝土/鋪面	4.168651963	混凝土/鋪面	4.168651963	混凝土鋪面	混凝土鋪面	混凝土/鋪面	混凝土/鋪面	False	True	1		phrase.civil-engineering.tsv	161	
幾何公差	ㄐㄧˇ ㄏㄜˊ ㄍㄨㄥ ㄔㄞ	製造機械	1	10	absent			-7.354194117		幾何/公差	4.161069519	幾何/公差	4.161069519	幾何公差	幾何公差	幾何/公差	幾何/公差	False	True	1		phrase.manufacturing.tsv	40	
福星小子	ㄈㄨˊ ㄒㄧㄥ ㄒㄧㄠˇ ㄗ˙	動漫	1	22	absent			-7.354194117		福星/小子	4.157465395	福星/小子	4.157465395	福星小子	福星小子	福星/小子	福星小子	False	True	1		phrase.anime.tsv	1704	
渦流檢測	ㄨㄛ ㄌㄧㄡˊ ㄐㄧㄢˇ ㄘㄜˋ	製造機械	1	9	absent			-7.354194117		渦流/檢測	4.15443894	渦流/檢測	4.15443894	渦流檢測	渦流檢測	渦流/檢測	渦流/檢測	False	True	1		phrase.manufacturing.tsv	76	
產能利用率	ㄔㄢˇ ㄋㄥˊ ㄌㄧˋ ㄩㄥˋ ㄌㄩˋ	工業工程	1	3	absent			-7.354194117		產能/利用率	4.153617191	產能/利用率	4.153617191	產能利用率	產能利用率	產能/利用率	產能/利用率	False	True	1		phrase.industrial-engineering.tsv	82	
限定猜拳	ㄒㄧㄢˋ ㄉㄧㄥˋ ㄘㄞ ㄑㄩㄢˊ	動漫	1	13	absent			-7.354194117		限定/猜拳	4.152796993	限定/猜拳	4.152796993	限定猜拳	限定猜拳	限定/猜拳	限定猜拳	False	True	1		phrase.anime.tsv	2308	
載體構築	ㄗㄞˇ ㄊㄧˇ ㄍㄡˋ ㄓㄨˊ	生技藥學	1	9	absent			-7.354194117		載體/構築	4.145752761	載體/構築	4.145752761	載體構築	載體構築	載體/構築	載體/構築	False	True	1		phrase.biotech-pharma.tsv	104	
在製品水準	ㄗㄞˋ ㄓˋ ㄆㄧㄣˇ ㄕㄨㄟˇ ㄓㄨㄣˇ	工業工程	1	7	absent			-7.354194117		再製品/水準	4.1452156	再製品/水準	4.1452156	在製品水準	在製品水準	在/製品/水準	在製品水準	False	True	1		phrase.industrial-engineering.tsv	31	
精度校正	ㄐㄧㄥ ㄉㄨˋ ㄐㄧㄠˋ ㄓㄥˋ	製造機械	1	15	absent			-7.354194117		精度/校正	4.114144345	精度/校正	4.114144345	精度校正	精度校正	精度/校正	精度/校正	False	True	1		phrase.manufacturing.tsv	103	
切削加工	ㄑㄧㄝ ㄒㄧㄠ ㄐㄧㄚ ㄍㄨㄥ	製造機械	1	9	absent			-7.354194117		切削/加工	4.104751156	切削/加工	4.104751156	切削加工	切削加工	切削/加工	切削/加工	False	True	1		phrase.manufacturing.tsv	16	
無罪推定	ㄨˊ ㄗㄨㄟˋ ㄊㄨㄟ ㄉㄧㄥˋ	法律	1	10	absent			-7.354194117		無罪/推定	4.102312663	無罪/推定	4.102312663	無罪推定	無罪推定	無罪/推定	無罪推定	False	True	1		phrase.law.tsv	120	
謀殺鬧劇	ㄇㄡˊ ㄕㄚ ㄋㄠˋ ㄐㄩˋ	動漫	1	20	absent			-7.354194117		謀殺/鬧劇	4.100371679	謀殺/鬧劇	4.100371679	謀殺鬧劇	謀殺鬧劇	謀殺/鬧劇	謀殺鬧劇	False	True	1		phrase.anime.tsv	2101	
炎炎消防隊	ㄧㄢˊ ㄧㄢˊ ㄒㄧㄠ ㄈㄤˊ ㄉㄨㄟˋ	動漫	1	22	absent			-7.354194117		炎炎/消防隊	4.098921612	炎炎/消防隊	4.098921612	炎炎消防隊	炎炎消防隊	炎炎/消防隊	炎炎消防隊	False	True	1		phrase.anime.tsv	1488	
燃燒救火隊	ㄖㄢˊ ㄕㄠ ㄐㄧㄡˋ ㄏㄨㄛˇ ㄉㄨㄟˋ	動漫	1	11	absent			-7.354194117		燃燒/救火隊	4.098921612	燃燒/救火隊	4.098921612	燃燒救火隊	燃燒救火隊	燃燒/救火隊	燃燒救火隊	False	True	1		phrase.anime.tsv	1507	
作物育種	ㄗㄨㄛˋ ㄨˋ ㄩˋ ㄓㄨㄥˇ	農業食品	1	15	absent			-7.354194117		作物/育種	4.078192127	作物/育種	4.078192127	作物育種	作物育種	作物/育/種	作物育種	False	True	1		phrase.agriculture-food.tsv	2	
下肢靜脈	ㄒㄧㄚˋ ㄓ ㄐㄧㄥˋ ㄇㄞˋ	醫學	1	12	absent			-7.354194117		下肢/靜脈	4.077732313	下肢/靜脈	4.077732313	下肢靜脈	下肢靜脈	下肢/靜脈	下肢/靜脈	False	True	1		phrase.medicine.tsv	5	
時脈驗證	ㄕˊ ㄇㄞˋ ㄧㄢˋ ㄓㄥˋ	電子電機	1	9	absent			-7.354194117		時脈/驗證	4.075440516	時脈/驗證	4.075440516	時脈驗證	時脈驗證	時脈/驗證	時脈/驗證	False	True	1		phrase.electronics.tsv	121	
中原音韻	ㄓㄨㄥ ㄩㄢˊ ㄧㄣ ㄩㄣˋ	中文	1	10	absent			-7.354194117		中原/音韻	4.073615747	中原/音韻	4.073615747	中原音韻	中原音韻	中原/音韻	中原/音韻	False	True	1		phrase.chinese.tsv	7	
超商取貨	ㄔㄠ ㄕㄤ ㄑㄩˇ ㄏㄨㄛˋ	一般	1	25	absent			-7.354194117		超商/取貨	4.065051281	超商/取貨	4.065051281	超商取貨	超商取貨	超商/取貨	超商/取貨	False	True	1		phrase.general.tsv	147	
射頻模擬	ㄕㄜˋ ㄆㄧㄣˊ ㄇㄛˊ ㄋㄧˇ	電子電機	1	10	absent			-7.354194117		射頻/模擬	4.063047356	射頻/模擬	4.063047356	射頻模擬	射頻模擬	射頻/模擬	射頻/模擬	False	True	1		phrase.electronics.tsv	71	
安定性試驗	ㄢ ㄉㄧㄥˋ ㄒㄧㄥˋ ㄕˋ ㄧㄢˋ	生技藥學	1	3	absent			-7.354194117		安定性/試驗	4.061495114	安定性/試驗	4.061495114	安定性試驗	安定性試驗	安定性/試驗	安定性試驗	False	True	1		phrase.biotech-pharma.tsv	40	
氫原子模型	ㄑㄧㄥ ㄩㄢˊ ㄗˇ ㄇㄛˊ ㄒㄧㄥˊ	科學	1	4	absent			-7.354194117		氫原子/模型	4.061495114	氫原子/模型	4.061495114	氫原子模型	氫原子模型	氫原子/模型	氫原子模型	False	True	1		phrase.science.tsv	38	
天下大將軍	ㄊㄧㄢ ㄒㄧㄚˋ ㄉㄚˋ ㄐㄧㄤ ㄐㄩㄣ	動漫	1	13	absent			-7.354194117		天下/大將軍	4.05099806	天下/大將軍	4.05099806	天下大將軍	天下大將軍	天下/大將軍	天下大將軍	False	True	1		phrase.anime.tsv	620	
拜占庭帝國	ㄅㄞˋ ㄓㄢˋ ㄊㄧㄥˊ ㄉㄧˋ ㄍㄨㄛˊ	歷史	1	2	absent			-7.354194117		拜占庭/帝國	4.04970359	拜占庭/帝國	4.04970359	拜占庭帝國	拜占庭帝國	拜占庭/帝國	拜占庭/帝國	False	True	1		phrase.history.tsv	78	
間隙原子	ㄐㄧㄢˋ ㄒㄧˋ ㄩㄢˊ ㄗˇ	材料化工	1	9	absent			-7.354194117		間隙/原子	4.038223772	間隙/原子	4.038223772	間隙原子	間隙原子	間隙/原子	間隙原子	False	True	1		phrase.materials-chemistry.tsv	116	
感測器驗證	ㄍㄢˇ ㄘㄜˋ ㄑㄧˋ ㄧㄢˋ ㄓㄥˋ	電子電機	1	2	absent			-7.354194117		感測器/驗證	4.034047831	感測器/驗證	4.034047831	感測器驗證	感測器驗證	感測器/驗證	感測器/驗證	False	True	1		phrase.electronics.tsv	92	
旋風管家	ㄒㄩㄢˋ ㄈㄥ ㄍㄨㄢˇ ㄐㄧㄚ	動漫	1	22	absent			-7.354194117		旋風/管家	4.022766821	旋風/管家	4.022766821	旋風管家	旋風管家	旋風/管家	旋風管家	False	True	1		phrase.anime.tsv	1109	
散射參數	ㄙㄢˋ ㄕㄜˋ ㄘㄢ ㄕㄨˋ	電子電機	1	9	absent			-7.354194117		散射/參數	4.019137598	散射/參數	4.019137598	散射參數	散射參數	散射/參數	散射參數	False	True	1		phrase.electronics.tsv	100	
蝕刻製程	ㄕˊ ㄎㄜ ㄓˋ ㄔㄥˊ	晶片半導體	1	14	absent			-7.354194117		十顆/製成	4.003171265	十顆/製成	4.003171265	蝕刻製程	蝕刻製程	蝕刻/製程	蝕刻/製程	False	True	1		phrase.semiconductor.tsv	138	
帝國衰亡	ㄉㄧˋ ㄍㄨㄛˊ ㄕㄨㄞ ㄨㄤˊ	歷史	1	11	absent			-7.354194117		帝國/衰亡	3.998551067	帝國/衰亡	3.998551067	帝國衰亡	帝國衰亡	帝國/衰亡	帝國/衰亡	False	True	1		phrase.history.tsv	68	
白蛋白數值	ㄅㄞˊ ㄉㄢˋ ㄅㄞˊ ㄕㄨˋ ㄓˊ	醫學	1	3	absent			-7.354194117		白蛋白/數值	3.998551067	白蛋白/數值	3.998551067	白蛋白數值	白蛋白數值	白蛋白/數值	白蛋白/數值	False	True	1		phrase.medicine.tsv	162	
基因敲入	ㄐㄧ ㄧㄣ ㄑㄧㄠ ㄖㄨˋ	生技藥學	1	11	absent			-7.354194117		基因/敲入	3.993411428	基因/敲入	3.993411428	基因敲入	基因敲入	基因/敲入	基因/敲入	False	True	1		phrase.biotech-pharma.tsv	32	
加成聚合	ㄐㄧㄚ ㄔㄥˊ ㄐㄩˋ ㄏㄜˊ	材料化工	1	9	absent			-7.354194117		加成/聚合	3.989080686	加成/聚合	3.989080686	加成聚合	加成聚合	加/成/聚合	加成聚合	False	True	1		phrase.materials-chemistry.tsv	10	
四次揮手	ㄙˋ ㄘˋ ㄏㄨㄟ ㄕㄡˇ	網路資安	1	10	absent			-7.354194117		四次/揮手	3.988706132	四次/揮手	3.988706132	四次揮手	四次揮手	四次/揮手	四次/揮手	False	True	1		phrase.network-security.tsv	44	
充電器模擬	ㄔㄨㄥ ㄉㄧㄢˋ ㄑㄧˋ ㄇㄛˊ ㄋㄧˇ	電子電機	1	3	absent			-7.354194117		充電器/模擬	3.98386611	充電器/模擬	3.98386611	充電器模擬	充電器模擬	充電器/模擬	充電器/模擬	False	True	1		phrase.electronics.tsv	20	
電路板模擬	ㄉㄧㄢˋ ㄌㄨˋ ㄅㄢˇ ㄇㄛˊ ㄋㄧˇ	電子電機	1	3	absent			-7.354194117		電路板/模擬	3.98386611	電路板/模擬	3.98386611	電路板模擬	電路板模擬	電路板/模擬	電路板/模擬	False	True	1		phrase.electronics.tsv	204	
噴霧乾燥	ㄆㄣ ㄨˋ ㄍㄢ ㄗㄠˋ	農業食品	1	12	absent			-7.354194117		噴霧/乾燥	3.982018831	噴霧/乾燥	3.982018831	噴霧乾燥	噴霧乾燥	噴霧/乾燥	噴霧乾燥	False	True	1		phrase.agriculture-food.tsv	9	
死神之子	ㄙˇ ㄕㄣˊ ㄓ ㄗˇ	動漫	1	10	absent			-7.354194117		死神/之子	3.973982876	死神/之子	3.973982876	死神之子	死神之子	死神/之子	死神之子	False	True	1		phrase.anime.tsv	1343	
妖怪少爺	ㄧㄠ ㄍㄨㄞˋ ㄕㄠˋ ㄧㄝˊ	動漫	1	20	absent			-7.354194117		妖怪/少爺	3.972537635	妖怪/少爺	3.972537635	妖怪少爺	妖怪少爺	妖怪/少爺	妖怪少爺	False	True	1		phrase.anime.tsv	677	
柔性路面	ㄖㄡˊ ㄒㄧㄥˋ ㄌㄨˋ ㄇㄧㄢˋ	建築土木	1	9	absent			-7.354194117		柔性/路面	3.970378751	柔性/路面	3.970378751	柔性路面	柔性路面	柔性/路面	柔性/路面	False	True	1		phrase.civil-engineering.tsv	120	
扭轉應力	ㄋㄧㄡˇ ㄓㄨㄢˇ ㄧㄥˋ ㄌㄧˋ	製造機械	1	10	absent			-7.354194117		扭轉/應力	3.961497164	扭轉/應力	3.961497164	扭轉應力	扭轉應力	扭轉/應/力	扭轉應力	False	True	1		phrase.manufacturing.tsv	49	
樓板補強	ㄌㄡˊ ㄅㄢˇ ㄅㄨˇ ㄑㄧㄤˊ	建築土木	1	9	absent			-7.354194117		樓板/補強	3.958867724	樓板/補強	3.958867724	樓板補強	樓板補強	樓板/補強	樓板/補強	False	True	1		phrase.civil-engineering.tsv	137	
行車紀錄器	ㄒㄧㄥˊ ㄔㄜ ㄐㄧˋ ㄌㄨˋ ㄑㄧˋ	一般	1	16	absent	行車記錄器	-6.877072863	-7.354194117	-0.477121255	行車/記錄器	3.954520396	行車記錄器	-0.477121255	行車記錄器	行車記錄器	行車記錄器	行車記錄器	False	False	2	行車記錄器	phrase.general.tsv	134	
換裝娃娃	ㄏㄨㄢˋ ㄓㄨㄤ ㄨㄚˊ ㄨㄚˊ	動漫	1	25	absent			-7.354194117		換裝/娃娃	3.939889429	換裝/娃娃	3.939889429	換裝娃娃	換裝娃娃	換裝/娃娃	換裝娃娃	False	True	1		phrase.anime.tsv	1077	
次級社會化	ㄘˋ ㄐㄧˊ ㄕㄜˋ ㄏㄨㄟˋ ㄏㄨㄚˋ	心理社會	1	3	absent			-7.354194117		次級/社會化	3.939889429	次級/社會化	3.939889429	次級社會化	次級社會化	次級/社會化	次級/社會化	False	True	1		phrase.psychology-society.tsv	39	
句法剖析	ㄐㄩˋ ㄈㄚˇ ㄆㄡ ㄒㄧ	AI資料科學	1	10	absent			-7.354194117		句法/剖析	3.93556143	句法/剖析	3.93556143	句法剖析	句法剖析	句法/剖析	句法/剖析	False	True	1		phrase.ai-data-science.tsv	31	
爆裂魔法	ㄅㄠˋ ㄌㄧㄝˋ ㄇㄛˊ ㄈㄚˇ	動漫	1	15	absent			-7.354194117		爆裂/魔法	3.930620598	爆裂/魔法	3.930620598	爆裂魔法	爆裂魔法	爆裂/魔法	爆裂魔法	False	True	1		phrase.anime.tsv	1510	
憑證填充	ㄆㄧㄥˊ ㄓㄥˋ ㄊㄧㄢˊ ㄔㄨㄥ	網路資安	1	10	absent			-7.354194117		憑證/填充	3.920264352	憑證/填充	3.920264352	憑證填充	憑證填充	憑證/填充	憑證/填充	False	True	1		phrase.network-security.tsv	77	
孟德爾遺傳	ㄇㄥˋ ㄉㄜˊ ㄦˇ ㄧˊ ㄔㄨㄢˊ	科學	1	2	absent			-7.354194117		孟德爾/遺傳	3.911714348	孟德爾/遺傳	3.911714348	孟德爾遺傳	孟德爾遺傳	孟德爾/遺傳	孟德爾遺傳	False	True	1		phrase.science.tsv	26	
退火製程	ㄊㄨㄟˋ ㄏㄨㄛˇ ㄓˋ ㄔㄥˊ	晶片半導體	1	14	absent			-7.354194117		退火/製成	3.906261252	退火/製成	3.906261252	退火製程	退火製程	退火/製程	退火/製程	False	True	1		phrase.semiconductor.tsv	154	
租賃負債	ㄗㄨ ㄌㄧㄣˋ ㄈㄨˋ ㄓㄞˋ	財會金融	1	10	absent			-7.354194117		租賃/負債	3.901641054	租賃/負債	3.901641054	租賃負債	租賃負債	租賃/負債	租賃/負債	False	True	1		phrase.finance.tsv	113	
熱電材料	ㄖㄜˋ ㄉㄧㄢˋ ㄘㄞˊ ㄌㄧㄠˋ	材料化工	1	10	absent			-7.354194117		熱電/材料	3.890002747	熱電/材料	3.890002747	熱電材料	熱電材料	熱/電/材料	熱電材料	False	True	1		phrase.materials-chemistry.tsv	67	
星際牛仔	ㄒㄧㄥ ㄐㄧˋ ㄋㄧㄡˊ ㄗㄞˇ	動漫	1	22	absent			-7.354194117		星際/牛仔	3.888068247	星際/牛仔	3.888068247	星際牛仔	星際牛仔	星際/牛仔	星際牛仔	False	True	1		phrase.anime.tsv	1139	
封建莊園	ㄈㄥ ㄐㄧㄢˋ ㄓㄨㄤ ㄩㄢˊ	歷史	1	10	absent			-7.354194117		封建/莊園	3.886290171	封建/莊園	3.886290171	封建莊園	封建莊園	封建/莊園	封建/莊園	False	True	1		phrase.history.tsv	62	
波士頓矩陣	ㄅㄛ ㄕˋ ㄉㄨㄣˋ ㄐㄩˇ ㄓㄣˋ	商業	1	4	absent			-7.354194117		波士頓/矩陣	3.882242663	波士頓/矩陣	3.882242663	波士頓矩陣	波士頓矩陣	波士頓/矩陣	波士頓矩陣	False	True	1		phrase.business.tsv	113	
函式呼叫	ㄏㄢˊ ㄕˋ ㄏㄨ ㄐㄧㄠˋ	AI資料科學	1	10	absent			-7.354194117		函式/呼叫	3.877072863	函式/呼叫	3.877072863	函式呼叫	函式呼叫	函式/呼叫	函式/呼叫	False	True	1		phrase.ai-data-science.tsv	19	
尺寸公差	ㄔˇ ㄘㄨㄣˋ ㄍㄨㄥ ㄔㄞ	製造機械	1	10	absent			-7.354194117		尺寸/公差	3.876638785	尺寸/公差	3.876638785	尺寸公差	尺寸公差	尺寸/公差	尺寸/公差	False	True	1		phrase.manufacturing.tsv	36	
幸福婚約	ㄒㄧㄥˋ ㄈㄨˊ ㄏㄨㄣ ㄩㄝ	動漫	1	21	absent			-7.354194117		幸福/婚約	3.871320534	幸福/婚約	3.871320534	幸福婚約	幸福婚約	幸福/婚約	幸福婚約	False	True	1		phrase.anime.tsv	922	
彎曲應力	ㄨㄢ ㄑㄩ ㄧㄥˋ ㄌㄧˋ	製造機械	1	10	absent			-7.354194117		彎曲/應力	3.863673808	彎曲/應力	3.863673808	彎曲應力	彎曲應力	彎曲/應/力	彎曲應力	False	True	1		phrase.manufacturing.tsv	42	
地下水盤查	ㄉㄧˋ ㄒㄧㄚˋ ㄕㄨㄟˇ ㄆㄢˊ ㄔㄚˊ	環境能源	1	3	absent			-7.354194117		地下水/盤查	3.846473141	地下水/盤查	3.846473141	地下水盤查	地下水盤查	地下水/盤查	地下水/盤查	False	True	1		phrase.energy-environment.tsv	27	
卡諾循環	ㄎㄚˇ ㄋㄨㄛˋ ㄒㄩㄣˊ ㄏㄨㄢˊ	科學	1	10	absent			-7.354194117		卡諾/循環	3.844722765	卡諾/循環	3.844722765	卡諾循環	卡諾循環	卡諾/循環	卡諾/循環	False	True	1		phrase.science.tsv	13	
梯度下降	ㄊㄧ ㄉㄨˋ ㄒㄧㄚˋ ㄐㄧㄤˋ	AI資料科學	1	11	absent			-7.354194117		梯度/下降	3.844319832	梯度/下降	3.844319832	梯度下降	梯度下降	梯度/下降	梯度下降	False	True	1		phrase.ai-data-science.tsv	100	
等溫過程	ㄉㄥˇ ㄨㄣ ㄍㄨㄛˋ ㄔㄥˊ	科學	1	10	absent			-7.354194117		等溫/過程	3.843783169	等溫/過程	3.843783169	等溫過程	等溫過程	等/溫/過程	等溫過程	False	True	1		phrase.science.tsv	58	
約翰華生	ㄩㄝ ㄏㄢˋ ㄏㄨㄚˊ ㄕㄥ	動漫	1	12	absent			-7.354194117		約翰/華生	3.843649107	約翰/華生	3.843649107	約翰華生	約翰華生	約翰/華/生	約翰華生	False	True	1		phrase.anime.tsv	1778	
女神咖啡廳	ㄋㄩˇ ㄕㄣˊ ㄎㄚ ㄈㄟ ㄊㄧㄥ	動漫	1	20	absent			-7.354194117		女神/咖啡廳	3.835680178	女神/咖啡廳	3.835680178	女神咖啡廳	女神咖啡廳	女神/咖啡廳	女神咖啡廳	False	True	1		phrase.anime.tsv	670	
微波電路	ㄨㄟˊ ㄅㄛ ㄉㄧㄢˋ ㄌㄨˋ	電子電機	1	10	absent			-7.354194117		微波/電路	3.833514116	微波/電路	3.833514116	微波電路	微波電路	微波/電路	微波電路	False	True	1		phrase.electronics.tsv	83	
行星齒輪	ㄒㄧㄥˊ ㄒㄧㄥ ㄔˇ ㄌㄨㄣˊ	製造機械	1	10	absent			-7.354194117		行星/齒輪	3.829408668	行星/齒輪	3.829408668	行星齒輪	行星齒輪	行星/齒輪	行星齒輪	False	True	1		phrase.manufacturing.tsv	114	
微生物限量	ㄨㄟˊ ㄕㄥ ㄨˋ ㄒㄧㄢˋ ㄌㄧㄤˋ	農業食品	1	3	absent			-7.354194117		微生物/限量	3.824763763	微生物/限量	3.824763763	微生物限量	微生物限量	微生物/限量	微生物/限量	False	True	1		phrase.agriculture-food.tsv	17	
入滲設施	ㄖㄨˋ ㄕㄣˋ ㄕㄜˋ ㄕ	建築土木	1	10	absent			-7.354194117		入滲/設施	3.821694531	入滲/設施	3.821694531	入滲設施	入滲設施	入滲/設施	入滲設施	False	True	1		phrase.civil-engineering.tsv	8	
玻璃熱處理	ㄅㄛ ㄌㄧˊ ㄖㄜˋ ㄔㄨˇ ㄌㄧˇ	材料化工	1	4	absent			-7.354194117		玻璃/熱處理	3.818267376	玻璃/熱處理	3.818267376	玻璃熱處理	玻璃熱處理	玻璃/熱處理	玻璃/熱處理	False	True	1		phrase.materials-chemistry.tsv	71	
交響詩篇	ㄐㄧㄠ ㄒㄧㄤˇ ㄕ ㄆㄧㄢ	動漫	1	18	absent			-7.354194117		交響/詩篇	3.813364303	交響/詩篇	3.813364303	交響詩篇	交響詩篇	交響/詩篇	交響詩篇	False	True	1		phrase.anime.tsv	146	
初級社會化	ㄔㄨ ㄐㄧˊ ㄕㄜˋ ㄏㄨㄟˋ ㄏㄨㄚˋ	心理社會	1	2	absent			-7.354194117		出擊/社會化	3.807651454	出擊/社會化	3.807651454	初級社會化	初級社會化	初級/社會化	初級/社會化	False	True	1		phrase.psychology-society.tsv	14	
都卜勒效應	ㄉㄨ ㄅㄨˇ ㄌㄜˋ ㄒㄧㄠˋ ㄧㄥˋ	科學	1	3	absent			-7.354194117		都卜勒/效應	3.805681861	都卜勒/效應	3.805681861	都卜勒效應	都卜勒效應	都卜勒/效應	都卜勒效應	False	True	1		phrase.science.tsv	76	
動態路由	ㄉㄨㄥˋ ㄊㄞˋ ㄌㄨˋ ㄧㄡˊ	網路資安	1	11	absent			-7.354194117		動態/陸游	3.802256422	動態/陸游	3.802256422	動態路由	動態路由	動態/路/由	動態路由	False	True	1		phrase.network-security.tsv	34	
呼吸器脫離	ㄏㄨ ㄒㄧ ㄑㄧˋ ㄊㄨㄛ ㄌㄧˊ	醫學	1	3	absent			-7.354194117		呼吸器/脫離	3.797891617	呼吸器/脫離	3.797891617	呼吸器脫離	呼吸器脫離	呼吸器/脫離	呼吸器脫離	False	True	1		phrase.medicine.tsv	60	
切削深度	ㄑㄧㄝ ㄒㄧㄠ ㄕㄣ ㄉㄨˋ	製造機械	1	10	absent			-7.354194117		切削/深度	3.796927589	切削/深度	3.796927589	切削深度	切削深度	切削/深度	切削/深度	False	True	1		phrase.manufacturing.tsv	17	
樣本不平衡	ㄧㄤˋ ㄅㄣˇ ㄅㄨˋ ㄆㄧㄥˊ ㄏㄥˊ	AI資料科學	1	3	absent			-7.354194117		樣本/不平衡	3.795485547	樣本/不平衡	3.795485547	樣本不平衡	樣本不平衡	樣本/不平衡	樣本/不平衡	False	True	1		phrase.ai-data-science.tsv	104	
有馬公生	ㄧㄡˇ ㄇㄚˇ ㄍㄨㄥ ㄕㄥ	動漫	1	22	absent			-7.354194117		有馬/公升	3.794766318	有馬/公升	3.794766318	有馬公生	有馬公生	有/馬公/生	有馬公生	False	True	1		phrase.anime.tsv	1180	
提示微調	ㄊㄧˊ ㄕˋ ㄨㄟˊ ㄊㄧㄠˊ	AI資料科學	1	10	absent			-7.354194117		提示/微調	3.787638786	提示/微調	3.787638786	提示微調	提示微調	提示/微調	提示/微調	False	True	1		phrase.ai-data-science.tsv	87	
噴射混凝土	ㄆㄣ ㄕㄜˋ ㄏㄨㄣˋ ㄋㄧㄥˊ ㄊㄨˇ	建築土木	1	3	absent			-7.354194117		噴射/混凝土	3.783301081	噴射/混凝土	3.783301081	噴射混凝土	噴射混凝土	噴射/混凝土	噴射/混凝土	False	True	1		phrase.civil-engineering.tsv	36	
應付帳款	ㄧㄥˋ ㄈㄨˋ ㄓㄤˋ ㄎㄨㄢˇ	財會金融	1	12	absent			-7.354194117		應付/帳款	3.777162132	應付/帳款	3.777162132	應付帳款	應付帳款	應付/帳款	應付/帳款	False	True	1		phrase.finance.tsv	48	
甲狀腺結節	ㄐㄧㄚˇ ㄓㄨㄤˋ ㄒㄧㄢˋ ㄐㄧㄝˊ ㄐㄧㄝˊ	醫學	1	3	absent			-7.354194117		甲狀腺/節節	3.776702318	甲狀腺/節節	3.776702318	甲狀腺結節	甲狀腺結節	甲狀腺/結節	甲狀腺結節	False	True	1		phrase.medicine.tsv	151	
邊疆治理	ㄅㄧㄢ ㄐㄧㄤ ㄓˋ ㄌㄧˇ	歷史	1	9	absent			-7.354194117		邊疆/治理	3.771222188	邊疆/治理	3.771222188	邊疆治理	邊疆治理	邊疆/治理	邊疆/治理	False	True	1		phrase.history.tsv	164	
廢棄物盤查	ㄈㄟˋ ㄑㄧˋ ㄨˋ ㄆㄢˊ ㄔㄚˊ	環境能源	1	4	absent			-7.354194117		廢棄物/盤查	3.764691321	廢棄物/盤查	3.764691321	廢棄物盤查	廢棄物盤查	廢棄物/盤查	廢棄物/盤查	False	True	1		phrase.energy-environment.tsv	43	
淨利成長率	ㄐㄧㄥˋ ㄌㄧˋ ㄔㄥˊ ㄓㄤˇ ㄌㄩˋ	商業	1	4	absent			-7.354194117		淨利/成長率	3.763909714	淨利/成長率	3.763909714	淨利成長率	淨利成長率	淨利/成長率	淨利/成長率	False	True	1		phrase.business.tsv	120	
時脈模擬	ㄕˊ ㄇㄞˋ ㄇㄛˊ ㄋㄧˇ	電子電機	1	10	absent			-7.354194117		時脈/模擬	3.76201736	時脈/模擬	3.76201736	時脈模擬	時脈模擬	時脈/模擬	時脈/模擬	False	True	1		phrase.electronics.tsv	116	
壓縮彈簧	ㄧㄚ ㄙㄨㄛ ㄊㄢˊ ㄏㄨㄤˊ	製造機械	1	10	absent			-7.354194117		壓縮/彈簧	3.760243822	壓縮/彈簧	3.760243822	壓縮彈簧	壓縮彈簧	壓縮/彈簧	壓縮/彈簧	False	True	1		phrase.manufacturing.tsv	26	
幹道連鎖	ㄍㄢˋ ㄉㄠˋ ㄌㄧㄢˊ ㄙㄨㄛˇ	交通物流	1	9	absent			-7.354194117		幹道/連鎖	3.75529423	幹道/連鎖	3.75529423	幹道連鎖	幹道連鎖	幹道/連鎖	幹道/連鎖	False	True	1		phrase.transport-logistics.tsv	37	
牛頓力學	ㄋㄧㄡˊ ㄉㄨㄣˋ ㄌㄧˋ ㄒㄩㄝˊ	科學	1	10	absent			-7.354194117		牛頓/力學	3.752242713	牛頓/力學	3.752242713	牛頓力學	牛頓力學	牛頓/力學	牛頓力學	False	True	1		phrase.science.tsv	50	
給付遲延	ㄐㄧˇ ㄈㄨˋ ㄔˊ ㄧㄢˊ	法律	1	11	absent			-7.354194117		給付/遲延	3.743533954	給付/遲延	3.743533954	給付遲延	給付遲延	給付/遲延	給付/遲延	False	True	1		phrase.law.tsv	139	
東京復仇者	ㄉㄨㄥ ㄐㄧㄥ ㄈㄨˋ ㄔㄡˊ ㄓㄜˇ	動漫	1	24	absent			-7.354194117		東京/復仇者	3.740457976	東京/復仇者	3.740457976	東京復仇者	東京復仇者	東京/復仇者	東京復仇者	False	True	1		phrase.anime.tsv	1232	
自由詞素	ㄗˋ ㄧㄡˊ ㄘˊ ㄙㄨˋ	中文	1	12	absent			-7.354194117		自由/詞素	3.731255148	自由/詞素	3.731255148	自由詞素	自由詞素	自由/詞素	自由/詞素	False	True	1		phrase.chinese.tsv	116	
上下文視窗	ㄕㄤˋ ㄒㄧㄚˋ ㄨㄣˊ ㄕˋ ㄔㄨㄤ	AI資料科學	1	3	absent			-7.354194117		上下文/視窗	3.730738069	上下文/視窗	3.730738069	上下文視窗	上下文視窗	上下/文/視窗	上下文視窗	False	True	1		phrase.ai-data-science.tsv	2	
光學顯微鏡	ㄍㄨㄤ ㄒㄩㄝˊ ㄒㄧㄢˇ ㄨㄟˊ ㄐㄧㄥˋ	材料化工	1	3	absent			-7.354194117		光學/顯微鏡	3.729087542	光學/顯微鏡	3.729087542	光學顯微鏡	光學顯微鏡	光學/顯微鏡	光學/顯微鏡	False	True	1		phrase.materials-chemistry.tsv	5	
空運物流	ㄎㄨㄥ ㄩㄣˋ ㄨˋ ㄌㄧㄡˊ	交通物流	1	10	absent			-7.354194117		空運/物流	3.729087542	空運/物流	3.729087542	空運物流	空運物流	空運/物流	空運/物流	False	True	1		phrase.transport-logistics.tsv	74	
遺產管理人	ㄧˊ ㄔㄢˇ ㄍㄨㄢˇ ㄌㄧˇ ㄖㄣˊ	法律	1	3	absent			-7.354194117		遺產/管理人	3.725294553	遺產/管理人	3.725294553	遺產管理人	遺產管理人	遺產/管理人	遺產/管理人	False	True	1		phrase.law.tsv	185	
感測器模擬	ㄍㄢˇ ㄘㄜˋ ㄑㄧˋ ㄇㄛˊ ㄋㄧˇ	電子電機	1	3	absent			-7.354194117		感測器/模擬	3.720624675	感測器/模擬	3.720624675	感測器模擬	感測器模擬	感測器/模擬	感測器/模擬	False	True	1		phrase.electronics.tsv	88	
無菌製程	ㄨˊ ㄐㄩㄣˋ ㄓˋ ㄔㄥˊ	生技藥學	1	10	absent			-7.354194117		無菌/製成	3.720624675	無菌/製成	3.720624675	無菌製程	無菌製程	無菌/製程	無菌/製程	False	True	1		phrase.biotech-pharma.tsv	60	
毛利成長率	ㄇㄠˊ ㄌㄧˋ ㄔㄥˊ ㄓㄤˇ ㄌㄩˋ	商業	1	4	absent			-7.354194117		毛利/成長率	3.715605034	毛利/成長率	3.715605034	毛利成長率	毛利成長率	毛利/成長率	毛利/成長率	False	True	1		phrase.business.tsv	108	
土壤盤查	ㄊㄨˇ ㄖㄤˇ ㄆㄢˊ ㄔㄚˊ	環境能源	1	10	absent			-7.354194117		土壤/盤查	3.712819172	土壤/盤查	3.712819172	土壤盤查	土壤盤查	土壤/盤查	土壤/盤查	False	True	1		phrase.energy-environment.tsv	22	
保稅工廠	ㄅㄠˇ ㄕㄨㄟˋ ㄍㄨㄥ ㄔㄤˇ	交通物流	1	10	absent			-7.354194117		保稅/工廠	3.709263409	保稅/工廠	3.709263409	保稅工廠	保稅工廠	保稅/工廠	保稅/工廠	False	True	1		phrase.transport-logistics.tsv	11	
海運物流	ㄏㄞˇ ㄩㄣˋ ㄨˋ ㄌㄧㄡˊ	交通物流	1	10	absent			-7.354194117		海運/物流	3.70069217	海運/物流	3.70069217	海運物流	海運物流	海運/物流	海運/物流	False	True	1		phrase.transport-logistics.tsv	63	
斷裂力學	ㄉㄨㄢˋ ㄌㄧㄝˋ ㄌㄧˋ ㄒㄩㄝˊ	製造機械	1	10	absent			-7.354194117		斷裂/力學	3.695515089	斷裂/力學	3.695515089	斷裂力學	斷裂力學	斷裂/力學	斷裂力學	False	True	1		phrase.manufacturing.tsv	58	
希臘化時代	ㄒㄧ ㄌㄚˋ ㄏㄨㄚˋ ㄕˊ ㄉㄞˋ	歷史	1	3	absent			-7.354194117		希臘/劃時代	3.691436286	希臘/劃時代	3.691436286	希臘化時代	希臘化時代	希臘/化/時代	希臘化時代	False	True	1		phrase.history.tsv	66	
腐蝕防護	ㄈㄨˇ ㄕˊ ㄈㄤˊ ㄏㄨˋ	材料化工	1	10	absent			-7.354194117		腐蝕/防護	3.690681647	腐蝕/防護	3.690681647	腐蝕防護	腐蝕防護	腐蝕/防護	腐蝕/防護	False	True	1		phrase.materials-chemistry.tsv	87	
啟發式評估	ㄑㄧˇ ㄈㄚ ㄕˋ ㄆㄧㄥˊ ㄍㄨ	媒體設計	1	4	absent			-7.354194117		啟發式/評估	3.68805069	啟發式/評估	3.68805069	啟發式評估	啟發式評估	啟發式/評估	啟發式評估	False	True	1		phrase.media-design.tsv	24	
溶劑回收	ㄖㄨㄥˊ ㄐㄧˋ ㄏㄨㄟˊ ㄕㄡ	材料化工	1	10	absent			-7.354194117		溶劑/回收	3.677317685	溶劑/回收	3.677317685	溶劑回收	溶劑回收	溶劑/回收	溶劑/回收	False	True	1		phrase.materials-chemistry.tsv	58	
一階電路	ㄧ ㄐㄧㄝ ㄉㄧㄢˋ ㄌㄨˋ	電子電機	1	10	absent			-7.354194117		一階/電路	3.659588918	一階/電路	3.659588918	一階電路	一階電路	一階/電路	一階電路	False	True	1		phrase.electronics.tsv	2	
招待不周	ㄓㄠ ㄉㄞˋ ㄅㄨˋ ㄓㄡ	動漫	1	13	absent			-7.354194117		招待/不周	3.654356392	招待/不周	3.654356392	招待不周	招待不周	招待/不周	招待不周	False	True	1	招待不週	phrase.anime.tsv	1064	
效能調校	ㄒㄧㄠˋ ㄋㄥˊ ㄊㄧㄠˊ ㄐㄧㄠˋ	軟體科學	1	18	absent			-7.354194117		效能/調教	3.65383659	效能/調教	3.65383659	效能調校	效能調校	效能/調校	效能/調校	False	True	1		phrase.software.tsv	53	
參數最佳化	ㄘㄢ ㄕㄨˋ ㄗㄨㄟˋ ㄐㄧㄚ ㄏㄨㄚˋ	製造機械	1	15	absent			-7.354194117		參數/最佳化	3.651160813	參數/最佳化	3.651160813	參數最佳化	參數最佳化	參數/最佳化	參數/最佳化	False	True	1		phrase.manufacturing.tsv	21	
食品過敏原	ㄕˊ ㄆㄧㄣˇ ㄍㄨㄛˋ ㄇㄧㄣˇ ㄩㄢˊ	農業食品	1	4	absent			-7.354194117		食品/過敏原	3.639864358	食品/過敏原	3.639864358	食品過敏原	食品過敏原	食品/過敏原	食品/過敏原	False	True	1		phrase.agriculture-food.tsv	72	
混凝土補強	ㄏㄨㄣˋ ㄋㄧㄥˊ ㄊㄨˇ ㄅㄨˇ ㄑㄧㄤˊ	建築土木	1	3	absent			-7.354194117		混凝土/補強	3.639612909	混凝土/補強	3.639612909	混凝土補強	混凝土補強	混凝土/補強	混凝土/補強	False	True	1		phrase.civil-engineering.tsv	159	
直流馬達	ㄓˊ ㄌㄧㄡˊ ㄇㄚˇ ㄉㄚˊ	電子電機	1	14	absent			-7.354194117		直流/馬達	3.639529125	直流/馬達	3.639529125	直流馬達	直流馬達	直流/馬達	直流/馬達	False	True	1		phrase.electronics.tsv	146	
硬度試驗	ㄧㄥˋ ㄉㄨˋ ㄕˋ ㄧㄢˋ	材料化工	1	10	absent			-7.354194117		硬度/試驗	3.635526382	硬度/試驗	3.635526382	硬度試驗	硬度試驗	硬度/試驗	硬度/試驗	False	True	1		phrase.materials-chemistry.tsv	76	
動感超人	ㄉㄨㄥˋ ㄍㄢˇ ㄔㄠ ㄖㄣˊ	動漫	1	16	absent			-7.354194117		動感/超人	3.635028623	動感/超人	3.635028623	動感超人	動感超人	動感/超人	動感超人	False	True	1		phrase.anime.tsv	322	
地盤補強	ㄉㄧˋ ㄆㄢˊ ㄅㄨˇ ㄑㄧㄤˊ	建築土木	1	10	absent			-7.354194117		地盤/補強	3.627874505	地盤/補強	3.627874505	地盤補強	地盤補強	地盤/補強	地盤/補強	False	True	1		phrase.civil-engineering.tsv	51	
承接複句	ㄔㄥˊ ㄐㄧㄝ ㄈㄨˋ ㄐㄩˋ	中文	1	10	absent			-7.354194117		承接/複句	3.627874505	承接/複句	3.627874505	承接複句	承接複句	承接/複句	承接/複句	False	True	1		phrase.chinese.tsv	59	
擅長逃跑	ㄕㄢˋ ㄔㄤˊ ㄊㄠˊ ㄆㄠˇ	動漫	1	20	absent			-7.354194117		擅長/逃跑	3.619794375	擅長/逃跑	3.619794375	擅長逃跑	擅長逃跑	擅長/逃跑	擅長逃跑	False	True	1		phrase.anime.tsv	1083	
模板修復	ㄇㄛˊ ㄅㄢˇ ㄒㄧㄡ ㄈㄨˋ	建築土木	1	9	absent			-7.354194117		模版/修復	3.617001475	模版/修復	3.617001475	模板修復	模板修復	模板/修復	模板/修復	False	True	1		phrase.civil-engineering.tsv	142	
搖曳露營	ㄧㄠˊ ㄧˋ ㄌㄨˋ ㄧㄥˊ	動漫	1	24	absent			-7.354194117		搖曳/露營	3.613910398	搖曳/露營	3.613910398	搖曳露營	搖曳露營	搖曳/露營	搖曳露營	False	True	1		phrase.anime.tsv	1078	
隨機分派	ㄙㄨㄟˊ ㄐㄧ ㄈㄣ ㄆㄞˋ	生技藥學	1	10	absent			-7.354194117		隨機/分派	3.603531471	隨機/分派	3.603531471	隨機分派	隨機分派	隨機/分派	隨機/分派	False	True	1		phrase.biotech-pharma.tsv	112	
推論最佳化	ㄊㄨㄟ ㄌㄨㄣˋ ㄗㄨㄟˋ ㄐㄧㄚ ㄏㄨㄚˋ	AI資料科學	1	14	absent			-7.354194117		推論/最佳化	3.603300197	推論/最佳化	3.603300197	推論最佳化	推論最佳化	推論/最佳化	推論/最佳化	False	True	1		phrase.ai-data-science.tsv	84	
完整性驗證	ㄨㄢˊ ㄓㄥˇ ㄒㄧㄥˋ ㄧㄢˋ ㄓㄥˋ	網路資安	1	3	absent			-7.354194117		完整性/驗證	3.598319262	完整性/驗證	3.598319262	完整性驗證	完整性驗證	完整性/驗證	完整性驗證	False	True	1		phrase.network-security.tsv	59	
地下水稽核	ㄉㄧˋ ㄒㄧㄚˋ ㄕㄨㄟˇ ㄐㄧ ㄏㄜˊ	環境能源	1	3	absent			-7.354194117		地下水/稽核	3.592867795	地下水/稽核	3.592867795	地下水稽核	地下水稽核	地下水/稽核	地下水/稽核	False	True	1		phrase.energy-environment.tsv	28	
天線量測	ㄊㄧㄢ ㄒㄧㄢˋ ㄌㄧㄤˊ ㄘㄜˋ	電子電機	1	10	absent			-7.354194117		天線/量測	3.584226316	天線/量測	3.584226316	天線量測	天線量測	天線/量測	天線/量測	False	True	1		phrase.electronics.tsv	64	
黃金神威	ㄏㄨㄤˊ ㄐㄧㄣ ㄕㄣˊ ㄨㄟ	動漫	1	23	absent			-7.354194117		黃金/神威	3.584226316	黃金/神威	3.584226316	黃金神威	黃金神威	黃金/神威	黃金神威	False	True	1		phrase.anime.tsv	2508	
不安抗辯	ㄅㄨˋ ㄢ ㄎㄤˋ ㄅㄧㄢˋ	法律	1	11	absent			-7.354194117		不安/抗辯	3.582606636	不安/抗辯	3.582606636	不安抗辯	不安抗辯	不安/抗辯	不安抗辯	False	True	1		phrase.law.tsv	5	
資安通報	ㄗ ㄢ ㄊㄨㄥ ㄅㄠˋ	網路資安	1	10	absent			-7.354194117		資安/通報	3.577783529	資安/通報	3.577783529	資安通報	資安通報	資安/通報	資安/通報	False	True	1		phrase.network-security.tsv	150	
日誌監控	ㄖˋ ㄓˋ ㄐㄧㄢ ㄎㄨㄥˋ	網路資安	1	13	absent			-7.354194117		日誌/監控	3.577129963	日誌/監控	3.577129963	日誌監控	日誌監控	日誌/監控	日誌/監控	False	True	1		phrase.network-security.tsv	91	
朝貢體系	ㄔㄠˊ ㄍㄨㄥˋ ㄊㄧˇ ㄒㄧˋ	歷史	1	10	absent			-7.354194117		朝貢/體系	3.571578185	朝貢/體系	3.571578185	朝貢體系	朝貢體系	朝貢/體系	朝貢體系	False	True	1		phrase.history.tsv	91	
土地拓墾	ㄊㄨˇ ㄉㄧˋ ㄊㄨㄛˋ ㄎㄣˇ	歷史	1	12	absent			-7.354194117		土地/拓墾	3.569149159	土地/拓墾	3.569149159	土地拓墾	土地拓墾	土地/拓墾	土地/拓墾	False	True	1		phrase.history.tsv	49	
慢性腎臟病	ㄇㄢˋ ㄒㄧㄥˋ ㄕㄣˋ ㄗㄤˋ ㄅㄧㄥˋ	醫學	1	4	absent			-7.354194117		慢性/腎臟病	3.56595502	慢性/腎臟病	3.56595502	慢性腎臟病	慢性腎臟病	慢性/腎臟病	慢性腎臟病	False	True	1		phrase.medicine.tsv	103	
無功功率	ㄨˊ ㄍㄨㄥ ㄍㄨㄥ ㄌㄩˋ	電子電機	1	9	absent			-7.354194117		蜈蚣/功率	3.565319002	蜈蚣/功率	3.565319002	無功功率	無功功率	無功/功率	無功/功率	False	True	1		phrase.electronics.tsv	137	
敘事視角	ㄒㄩˋ ㄕˋ ㄕˋ ㄐㄧㄠˇ	中文	1	10	absent			-7.354194117		敘事/視角	3.561102517	敘事/視角	3.561102517	敘事視角	敘事視角	敘事/視角	敘事/視角	False	True	1		phrase.chinese.tsv	68	
超音波加工	ㄔㄠ ㄧㄣ ㄅㄛ ㄐㄧㄚ ㄍㄨㄥ	製造機械	1	3	absent			-7.354194117		超音波/加工	3.560683112	超音波/加工	3.560683112	超音波加工	超音波加工	超音波/加工	超音波/加工	False	True	1		phrase.manufacturing.tsv	126	
普通公司債	ㄆㄨˇ ㄊㄨㄥ ㄍㄨㄥ ㄙ ㄓㄞˋ	財會金融	1	4	absent			-7.354194117		普通/公司債	3.558105689	普通/公司債	3.558105689	普通公司債	普通公司債	普通/公司債	普通/公司債	False	True	1		phrase.finance.tsv	70	
波動光學	ㄅㄛ ㄉㄨㄥˋ ㄍㄨㄤ ㄒㄩㄝˊ	科學	1	10	absent			-7.354194117		波動/光學	3.558105689	波動/光學	3.558105689	波動光學	波動光學	波動/光學	波動/光學	False	True	1		phrase.science.tsv	42	
應付票據	ㄧㄥˋ ㄈㄨˋ ㄆㄧㄠˋ ㄐㄩˋ	財會金融	1	10	absent			-7.354194117		應付/票據	3.54991835	應付/票據	3.54991835	應付票據	應付票據	應付/票據	應付/票據	False	True	1		phrase.finance.tsv	49	
機械製圖	ㄐㄧ ㄒㄧㄝˋ ㄓˋ ㄊㄨˊ	製造機械	1	11	absent			-7.354194117		機械/製圖	3.546253396	機械/製圖	3.546253396	機械製圖	機械製圖	機械/製圖	機械/製圖	False	True	1		phrase.manufacturing.tsv	65	
臭氧消毒	ㄔㄡˋ ㄧㄤˇ ㄒㄧㄠ ㄉㄨˊ	環境能源	1	10	absent			-7.354194117		臭氧/消毒	3.543558417	臭氧/消毒	3.543558417	臭氧消毒	臭氧消毒	臭氧/消毒	臭氧消毒	False	True	1		phrase.energy-environment.tsv	122	
鑽石王牌	ㄗㄨㄢˋ ㄕˊ ㄨㄤˊ ㄆㄞˊ	動漫	1	21	absent			-7.354194117		鑽石/王牌	3.526824844	鑽石/王牌	3.526824844	鑽石王牌	鑽石王牌	鑽石/王牌	鑽石王牌	False	True	1		phrase.anime.tsv	2254	
施工計畫書	ㄕ ㄍㄨㄥ ㄐㄧˋ ㄏㄨㄚˋ ㄕㄨ	建築土木	1	4	absent			-7.354194117		施工/計劃書	3.52322072	施工/計劃書	3.52322072	施工計畫書	施工計畫書	施工/計畫/書	施工計畫書	False	True	1		phrase.civil-engineering.tsv	115	
樓板修復	ㄌㄡˊ ㄅㄢˇ ㄒㄧㄡ ㄈㄨˋ	建築土木	1	9	absent			-7.354194117		樓板/修復	3.520091462	樓板/修復	3.520091462	樓板修復	樓板修復	樓板/修復	樓板/修復	False	True	1		phrase.civil-engineering.tsv	133	
藥物動力學	ㄧㄠˋ ㄨˋ ㄉㄨㄥˋ ㄌㄧˋ ㄒㄩㄝˊ	生技藥學	1	4	absent			-7.354194117		藥物/動力學	3.518376763	藥物/動力學	3.518376763	藥物動力學	藥物動力學	藥物/動力學	藥物/動力學	False	True	1		phrase.biotech-pharma.tsv	86	
轉折複句	ㄓㄨㄢˇ ㄓㄜˊ ㄈㄨˋ ㄐㄩˋ	中文	1	10	absent			-7.354194117		轉折/複句	3.516164034	轉折/複句	3.516164034	轉折複句	轉折複句	轉折/複句	轉折複句	False	True	1		phrase.chinese.tsv	135	
廢棄物稽核	ㄈㄟˋ ㄑㄧˋ ㄨˋ ㄐㄧ ㄏㄜˊ	環境能源	1	4	absent			-7.354194117		廢棄物/稽核	3.511085975	廢棄物/稽核	3.511085975	廢棄物稽核	廢棄物稽核	廢棄物/稽核	廢棄物/稽核	False	True	1		phrase.energy-environment.tsv	44	
選擇定則	ㄒㄩㄢˇ ㄗㄜˊ ㄉㄧㄥˋ ㄗㄜˊ	科學	1	12	absent			-7.354194117		選擇/定則	3.509716942	選擇/定則	3.509716942	選擇定則	選擇定則	選擇/定/則	選擇定則	False	True	1		phrase.science.tsv	74	
水質盤查	ㄕㄨㄟˇ ㄓˊ ㄆㄢˊ ㄔㄚˊ	環境能源	1	11	absent			-7.354194117		水質/盤查	3.506189846	水質/盤查	3.506189846	水質盤查	水質盤查	水質/盤查	水質/盤查	False	True	1		phrase.energy-environment.tsv	66	
伸縮裝置	ㄕㄣ ㄙㄨㄛ ㄓㄨㄤ ㄓˋ	建築土木	1	10	absent			-7.354194117		伸縮/裝置	3.50342539	伸縮/裝置	3.50342539	伸縮裝置	伸縮裝置	伸縮/裝置	伸縮/裝置	False	True	1		phrase.civil-engineering.tsv	3	
天線校正	ㄊㄧㄢ ㄒㄧㄢˋ ㄐㄧㄠˋ ㄓㄥˋ	電子電機	1	10	absent			-7.354194117		天線/校正	3.492779199	天線/校正	3.492779199	天線校正	天線校正	天線/校正	天線/校正	False	True	1		phrase.electronics.tsv	60	
高分子材料	ㄍㄠ ㄈㄣ ㄗˇ ㄘㄞˊ ㄌㄧㄠˋ	材料化工	1	3	absent			-7.354194117		高分子/材料	3.492062738	高分子/材料	3.492062738	高分子材料	高分子材料	高分子/材料	高分子材料	False	True	1		phrase.materials-chemistry.tsv	130	
無權代理	ㄨˊ ㄑㄩㄢˊ ㄉㄞˋ ㄌㄧˇ	法律	1	10	absent			-7.354194117		無權/代理	3.491287904	無權/代理	3.491287904	無權代理	無權代理	無權/代理	無權/代理	False	True	1		phrase.law.tsv	119	
超音波檢測	ㄔㄠ ㄧㄣ ㄅㄛ ㄐㄧㄢˇ ㄘㄜˋ	製造機械	1	3	absent			-7.354194117		超音波/檢測	3.485432159	超音波/檢測	3.485432159	超音波檢測	超音波檢測	超音波/檢測	超音波/檢測	False	True	1		phrase.manufacturing.tsv	127	
射出成形	ㄕㄜˋ ㄔㄨ ㄔㄥˊ ㄒㄧㄥˊ	製造機械	1	12	absent			-7.354194117		射出/成形	3.473094899	射出/成形	3.473094899	射出成形	射出成形	射出/成形	射出/成形	False	True	1		phrase.manufacturing.tsv	32	
樓板監測	ㄌㄡˊ ㄅㄢˇ ㄐㄧㄢ ㄘㄜˋ	建築土木	1	10	absent			-7.354194117		樓板/監測	3.471669579	樓板/監測	3.471669579	樓板監測	樓板監測	樓板/監測	樓板/監測	False	True	1		phrase.civil-engineering.tsv	136	
並列複句	ㄅㄧㄥˋ ㄌㄧㄝˋ ㄈㄨˋ ㄐㄩˋ	中文	1	10	absent			-7.354194117		並列/複句	3.469512013	並列/複句	3.469512013	並列複句	並列複句	並列/複句	並列/複句	False	True	1		phrase.chinese.tsv	6	
溫室氣體	ㄨㄣ ㄕˋ ㄑㄧˋ ㄊㄧˇ	環境能源	1	14	absent			-7.354194117		溫室/氣體	3.467477843	溫室/氣體	3.467477843	溫室氣體	溫室氣體	溫室/氣體	溫室/氣體	False	True	1		phrase.energy-environment.tsv	80	
居間契約	ㄐㄩ ㄐㄧㄢ ㄑㄧˋ ㄩㄝ	法律	1	10	absent			-7.354194117		居間/契約	3.464780353	居間/契約	3.464780353	居間契約	居間契約	居間/契約	居間契約	False	True	1		phrase.law.tsv	70	
情境訪查	ㄑㄧㄥˊ ㄐㄧㄥˋ ㄈㄤˇ ㄔㄚˊ	媒體設計	1	11	absent			-7.354194117		情境/訪查	3.463437865	情境/訪查	3.463437865	情境訪查	情境訪查	情境/訪查	情境/訪查	False	True	1		phrase.media-design.tsv	43	
滑動視窗	ㄏㄨㄚˊ ㄉㄨㄥˋ ㄕˋ ㄔㄨㄤ	網路資安	1	10	absent			-7.354194117		滑動/視窗	3.460376893	滑動/視窗	3.460376893	滑動視窗	滑動視窗	滑動/視窗	滑動視窗	False	True	1		phrase.network-security.tsv	105	
土壤稽核	ㄊㄨˇ ㄖㄤˇ ㄐㄧ ㄏㄜˊ	環境能源	1	10	absent			-7.354194117		土壤/稽核	3.459213826	土壤/稽核	3.459213826	土壤稽核	土壤稽核	土壤/稽核	土壤/稽核	False	True	1		phrase.energy-environment.tsv	23	
忠實表述	ㄓㄨㄥ ㄕˊ ㄅㄧㄠˇ ㄕㄨˋ	財會金融	1	10	absent			-7.354194117		中時/表述	3.456292243	中時/表述	3.456292243	忠實表述	忠實表述	忠實/表述	忠實/表述	False	True	1		phrase.finance.tsv	46	
行省制度	ㄒㄧㄥˊ ㄕㄥˇ ㄓˋ ㄉㄨˋ	歷史	1	10	absent			-7.354194117		行省/制度	3.4549757	行省/制度	3.4549757	行省制度	行省制度	行/省/制度	行省制度	False	True	1		phrase.history.tsv	150	
紫外線消毒	ㄗˇ ㄨㄞˋ ㄒㄧㄢˋ ㄒㄧㄠ ㄉㄨˊ	環境能源	1	3	absent			-7.354194117		紫外線/消毒	3.448290351	紫外線/消毒	3.448290351	紫外線消毒	紫外線消毒	紫外線/消毒	紫外線/消毒	False	True	1		phrase.energy-environment.tsv	111	
同儕評量	ㄊㄨㄥˊ ㄔㄞˊ ㄆㄧㄥˊ ㄌㄧㄤˊ	教育	1	10	absent			-7.354194117		同儕/評量	3.437740169	同儕/評量	3.437740169	同儕評量	同儕評量	同儕/評量	同儕/評量	False	True	1		phrase.education.tsv	20	
溫室栽培	ㄨㄣ ㄕˋ ㄗㄞ ㄆㄟˊ	農業食品	1	16	absent			-7.354194117		溫室/栽培	3.436163781	溫室/栽培	3.436163781	溫室栽培	溫室栽培	溫室/栽培	溫室/栽培	False	True	1		phrase.agriculture-food.tsv	28	
分類械鬥	ㄈㄣ ㄌㄟˋ ㄒㄧㄝˋ ㄉㄡˋ	歷史	1	11	absent			-7.354194117		分類/械鬥	3.434749907	分類/械鬥	3.434749907	分類械鬥	分類械鬥	分類/械鬥	分類械鬥	False	True	1		phrase.history.tsv	26	
虛構推理	ㄒㄩ ㄍㄡˋ ㄊㄨㄟ ㄌㄧˇ	動漫	1	21	absent			-7.354194117		虛構/推理	3.433809875	虛構/推理	3.433809875	虛構推理	虛構推理	虛構/推理	虛構推理	False	True	1		phrase.anime.tsv	2044	
化學動力學	ㄏㄨㄚˋ ㄒㄩㄝˊ ㄉㄨㄥˋ ㄌㄧˋ ㄒㄩㄝˊ	科學	1	4	absent			-7.354194117		化學/動力學	3.425593458	化學/動力學	3.425593458	化學動力學	化學動力學	化學/動力學	化學/動力學	False	True	1		phrase.science.tsv	11	
次要終點	ㄘˋ ㄧㄠˋ ㄓㄨㄥ ㄉㄧㄢˇ	生技藥學	1	10	absent			-7.354194117		次要/終點	3.424519799	次要/終點	3.424519799	次要終點	次要終點	次要/終點	次要/終點	False	True	1		phrase.biotech-pharma.tsv	50	
憑證撤銷	ㄆㄧㄥˊ ㄓㄥˋ ㄔㄜˋ ㄒㄧㄠ	網路資安	1	10	absent			-7.354194117		憑證/撤銷	3.418032376	憑證/撤銷	3.418032376	憑證撤銷	憑證撤銷	憑證/撤銷	憑證/撤銷	False	True	1		phrase.network-security.tsv	78	
鑑別診斷	ㄐㄧㄢˋ ㄅㄧㄝˊ ㄓㄣˇ ㄉㄨㄢˋ	醫學	1	12	absent			-7.354194117		鑑別/診斷	3.414575038	鑑別/診斷	3.414575038	鑑別診斷	鑑別診斷	鑑別/診斷	鑑別診斷	False	True	1		phrase.medicine.tsv	244	
因果複句	ㄧㄣ ㄍㄨㄛˇ ㄈㄨˋ ㄐㄩˋ	中文	1	10	absent			-7.354194117		因果/複句	3.413030657	因果/複句	3.413030657	因果複句	因果複句	因果/複句	因果/複句	False	True	1		phrase.chinese.tsv	44	
每股盈餘	ㄇㄟˇ ㄍㄨˇ ㄧㄥˊ ㄩˊ	財會金融	1	11	absent			-7.354194117		美股/盈餘	3.408725532	美股/盈餘	3.408725532	每股盈餘	每股盈餘	每股/盈餘	每股/盈餘	False	True	1		phrase.finance.tsv	85	
幾何光學	ㄐㄧˇ ㄏㄜˊ ㄍㄨㄤ ㄒㄩㄝˊ	科學	1	10	absent			-7.354194117		幾何/光學	3.405781152	幾何/光學	3.405781152	幾何光學	幾何光學	幾何/光學	幾何/光學	False	True	1		phrase.science.tsv	30	
食品召回	ㄕˊ ㄆㄧㄣˇ ㄓㄠˋ ㄏㄨㄟˊ	農業食品	1	11	absent			-7.354194117		食品/召回	3.405781152	食品/召回	3.405781152	食品召回	食品召回	食品/召回	食品/召回	False	True	1		phrase.agriculture-food.tsv	67	
波動方程	ㄅㄛ ㄉㄨㄥˋ ㄈㄤ ㄔㄥˊ	科學	1	10	absent			-7.354194117		波動/方程	3.402031543	波動/方程	3.402031543	波動方程	波動方程	波動/方程	波動/方程	False	True	1		phrase.science.tsv	43	
伺服器稽核	ㄙˋ ㄈㄨˊ ㄑㄧˋ ㄐㄧ ㄏㄜˊ	網路資安	1	4	absent			-7.354194117		伺服器/稽核	3.397641525	伺服器/稽核	3.397641525	伺服器稽核	伺服器稽核	伺服器/稽核	伺服器/稽核	False	True	1		phrase.network-security.tsv	13	
自白法則	ㄗˋ ㄅㄛˊ ㄈㄚˇ ㄗㄜˊ	法律	1	10	absent			-7.354194117		自白/法則	3.392630655	自白/法則	3.392630655	自白法則	自白法則	自白/法則	自白/法則	False	True	1		phrase.law.tsv	145	
雨水下水道	ㄩˇ ㄕㄨㄟˇ ㄒㄧㄚˋ ㄕㄨㄟˇ ㄉㄠˋ	建築土木	1	3	absent			-7.354194117		雨水/下水道	3.389793046	雨水/下水道	3.389793046	雨水下水道	雨水下水道	雨水/下水道	雨水/下水道	False	True	1		phrase.civil-engineering.tsv	219	
密碼噴灑	ㄇㄧˋ ㄇㄚˇ ㄆㄣ ㄙㄚˇ	網路資安	1	10	absent			-7.354194117		密碼/噴灑	3.388287202	密碼/噴灑	3.388287202	密碼噴灑	密碼噴灑	密碼/噴灑	密碼/噴灑	False	True	1		phrase.network-security.tsv	62	
廣義相對論	ㄍㄨㄤˇ ㄧˋ ㄒㄧㄤ ㄉㄨㄟˋ ㄌㄨㄣˋ	科學	1	3	absent			-7.354194117		廣義/相對論	3.38440558	廣義/相對論	3.38440558	廣義相對論	廣義相對論	廣義/相對論	廣義/相對論	False	True	1		phrase.science.tsv	31	
先導化合物	ㄒㄧㄢ ㄉㄠˇ ㄏㄨㄚˋ ㄏㄜˊ ㄨˋ	生技藥學	1	3	absent			-7.354194117		先導/化合物	3.38296467	先導/化合物	3.38296467	先導化合物	先導化合物	先導/化合物	先導/化合物	False	True	1		phrase.biotech-pharma.tsv	9	
污水下水道	ㄨ ㄕㄨㄟˇ ㄒㄧㄚˋ ㄕㄨㄟˇ ㄉㄠˋ	建築土木	1	3	absent			-7.354194117		污水/下水道	3.382037582	污水/下水道	3.382037582	污水下水道	污水下水道	污水/下水道	污水/下水道	False	True	1		phrase.civil-engineering.tsv	148	
資訊自決權	ㄗ ㄒㄩㄣˋ ㄗˋ ㄐㄩㄝˊ ㄑㄩㄢˊ	法律	1	5	absent			-7.354194117		資訊/自決權	3.378854233	資訊/自決權	3.378854233	資訊自決權	資訊自決權	資訊/自決權	資訊/自決權	False	True	1		phrase.law.tsv	174	
預知保養	ㄩˋ ㄓ ㄅㄠˇ ㄧㄤˇ	製造機械	1	10	absent			-7.354194117		預知/保養	3.369216991	預知/保養	3.369216991	預知保養	預知保養	預知/保養	預知/保養	False	True	1		phrase.manufacturing.tsv	144	
梁柱設計	ㄌㄧㄤˊ ㄓㄨˋ ㄕㄜˋ ㄐㄧˋ	建築土木	1	12	absent			-7.354194117		梁柱/設計	3.365992017	梁柱/設計	3.365992017	梁柱設計	梁柱設計	梁柱/設計	梁柱/設計	False	True	1		phrase.civil-engineering.tsv	128	
指令微調	ㄓˇ ㄌㄧㄥˋ ㄨㄟˊ ㄊㄧㄠˊ	AI資料科學	1	11	absent			-7.354194117		指令/微調	3.362790815	指令/微調	3.362790815	指令微調	指令微調	指令/微調	指令微調	False	True	1		phrase.ai-data-science.tsv	78	
山崩防治	ㄕㄢ ㄅㄥ ㄈㄤˊ ㄓˋ	建築土木	1	10	absent			-7.354194117		山崩/防治	3.361199019	山崩/防治	3.361199019	山崩防治	山崩防治	山崩/防治	山崩/防治	False	True	1		phrase.civil-engineering.tsv	73	
微型隧道	ㄨㄟˊ ㄒㄧㄥˊ ㄙㄨㄟˋ ㄉㄠˋ	建築土木	1	10	absent			-7.354194117		微型/隧道	3.358558923	微型/隧道	3.358558923	微型隧道	微型隧道	微型/隧道	微型隧道	False	True	1		phrase.civil-engineering.tsv	99	
接地平面	ㄐㄧㄝ ㄉㄧˋ ㄆㄧㄥˊ ㄇㄧㄢˋ	電子電機	1	9	absent			-7.354194117		接地/平面	3.35376004	接地/平面	3.35376004	接地平面	接地平面	接地/平面	接地/平面	False	True	1		phrase.electronics.tsv	95	
費用認列	ㄈㄟˋ ㄩㄥˋ ㄖㄣˋ ㄌㄧㄝˋ	財會金融	1	11	absent			-7.354194117		費用/認列	3.352676741	費用/認列	3.352676741	費用認列	費用認列	費用/認列	費用/認列	False	True	1		phrase.finance.tsv	145	
可用性測試	ㄎㄜˇ ㄩㄥˋ ㄒㄧㄥˋ ㄘㄜˋ ㄕˋ	媒體設計	1	4	absent			-7.354194117		可用性/測試	3.352287413	可用性/測試	3.352287413	可用性測試	可用性測試	可用性/測試	可用性測試	False	True	1		phrase.media-design.tsv	22	
殭屍少女	ㄐㄧㄤ ㄕ ㄕㄠˋ ㄋㄩˇ	動漫	1	10	absent			-7.354194117		殭屍/少女	3.347086734	殭屍/少女	3.347086734	殭屍少女	殭屍少女	殭屍/少女	殭屍少女	False	True	1		phrase.anime.tsv	1345	
妄想學生會	ㄨㄤˋ ㄒㄧㄤˇ ㄒㄩㄝˊ ㄕㄥ ㄏㄨㄟˋ	動漫	1	20	absent			-7.354194117		妄想/學生會	3.343470252	妄想/學生會	3.343470252	妄想學生會	妄想學生會	妄想/學生會	妄想學生會	False	True	1		phrase.anime.tsv	676	
天才千金	ㄊㄧㄢ ㄘㄞˊ ㄑㄧㄢ ㄐㄧㄣ	動漫	1	19	absent			-7.354194117		天才/千金	3.335202523	天才/千金	3.335202523	天才千金	天才千金	天才/千金	天才千金	False	True	1		phrase.anime.tsv	628	
農藥殘留	ㄋㄨㄥˊ ㄧㄠˋ ㄘㄢˊ ㄌㄧㄡˊ	農業食品	1	18	absent			-7.354194117		農藥/殘留	3.334994716	農藥/殘留	3.334994716	農藥殘留	農藥殘留	農藥/殘留	農藥/殘留	False	True	1		phrase.agriculture-food.tsv	56	
收入認列	ㄕㄡ ㄖㄨˋ ㄖㄣˋ ㄌㄧㄝˋ	財會金融	1	11	absent			-7.354194117		收入/認列	3.332880752	收入/認列	3.332880752	收入認列	收入認列	收入/認列	收入/認列	False	True	1		phrase.finance.tsv	65	
古希臘文明	ㄍㄨˇ ㄒㄧ ㄌㄚˋ ㄨㄣˊ ㄇㄧㄥˊ	歷史	1	3	absent			-7.354194117		古希臘/文明	3.330653596	古希臘/文明	3.330653596	古希臘文明	古希臘文明	古希臘/文明	古希臘文明	False	True	1		phrase.history.tsv	36	
傳導干擾	ㄔㄨㄢˊ ㄉㄠˇ ㄍㄢ ㄖㄠˇ	電子電機	1	10	absent			-7.354194117		傳導/干擾	3.325948301	傳導/干擾	3.325948301	傳導干擾	傳導干擾	傳導/干擾	傳導干擾	False	True	1		phrase.electronics.tsv	15	
散裝運輸	ㄙㄢˇ ㄓㄨㄤ ㄩㄣˋ ㄕㄨ	交通物流	1	10	absent			-7.354194117		散裝/運輸	3.322341486	散裝/運輸	3.322341486	散裝運輸	散裝運輸	散裝/運輸	散裝運輸	False	True	1		phrase.transport-logistics.tsv	49	
千年伯爵	ㄑㄧㄢ ㄋㄧㄢˊ ㄅㄛˊ ㄐㄩㄝˊ	動漫	1	11	absent			-7.354194117		千年/伯爵	3.317525307	千年/伯爵	3.317525307	千年伯爵	千年伯爵	千年/伯爵	千年伯爵	False	True	1		phrase.anime.tsv	340	
市占率預測	ㄕˋ ㄓㄢˋ ㄌㄩˋ ㄩˋ ㄘㄜˋ	商業	1	4	absent			-7.354194117		市占率/預測	3.311264384	市占率/預測	3.311264384	市占率預測	市占率預測	市占率/預測	市占率/預測	False	True	1		phrase.business.tsv	89	
毛利預測	ㄇㄠˊ ㄌㄧˋ ㄩˋ ㄘㄜˋ	財會金融	1	10	absent			-7.354194117		毛利/預測	3.311264384	毛利/預測	3.311264384	毛利預測	毛利預測	毛利/預測	毛利/預測	False	True	1		phrase.finance.tsv	88	
白蛋白檢驗	ㄅㄞˊ ㄉㄢˋ ㄅㄞˊ ㄐㄧㄢˇ ㄧㄢˋ	醫學	1	4	absent			-7.354194117		白蛋白/檢驗	3.310164207	白蛋白/檢驗	3.310164207	白蛋白檢驗	白蛋白檢驗	白蛋白/檢驗	白蛋白/檢驗	False	True	1		phrase.medicine.tsv	163	
心臟超音波	ㄒㄧㄣ ㄗㄤˋ ㄔㄠ ㄧㄣ ㄅㄛ	醫學	1	4	absent			-7.354194117		心臟/超音波	3.298510052	心臟/超音波	3.298510052	心臟超音波	心臟超音波	心臟/超音波	心臟/超音波	False	True	1		phrase.medicine.tsv	95	
北洋時期	ㄅㄟˇ ㄧㄤˊ ㄕˊ ㄑㄧˊ	歷史	1	10	absent			-7.354194117		北洋/時期	3.295768093	北洋/時期	3.295768093	北洋時期	北洋時期	北洋/時期	北洋/時期	False	True	1		phrase.history.tsv	28	
孤島效應	ㄍㄨ ㄉㄠˇ ㄒㄧㄠˋ ㄧㄥˋ	環境能源	1	10	absent			-7.354194117		孤島/效應	3.2937985	孤島/效應	3.2937985	孤島效應	孤島效應	孤島/效應	孤島/效應	False	True	1		phrase.energy-environment.tsv	37	
中山春樹	ㄓㄨㄥ ㄕㄢ ㄔㄨㄣ ㄕㄨˋ	動漫	1	14	absent			-7.354194117		中山/春樹	3.292967892	中山/春樹	3.292967892	中山春樹	中山春樹	中山/春樹	中山春樹	False	True	1		phrase.anime.tsv	71	
功率調度	ㄍㄨㄥ ㄌㄩˋ ㄉㄧㄠˋ ㄉㄨˋ	環境能源	1	10	absent			-7.354194117		功率/調度	3.291612133	功率/調度	3.291612133	功率調度	功率調度	功率/調度	功率/調度	False	True	1		phrase.energy-environment.tsv	13	
焦慮依附	ㄐㄧㄠ ㄌㄩˋ ㄧ ㄈㄨˋ	心理社會	1	10	absent			-7.354194117		焦慮/依附	3.286565401	焦慮/依附	3.286565401	焦慮依附	焦慮依附	焦慮/依附	焦慮/依附	False	True	1		phrase.psychology-society.tsv	49	
循環盤點	ㄒㄩㄣˊ ㄏㄨㄢˊ ㄆㄢˊ ㄉㄧㄢˇ	交通物流	1	11	absent			-7.354194117		循環/盤點	3.285414754	循環/盤點	3.285414754	循環盤點	循環盤點	循環/盤點	循環/盤點	False	True	1		phrase.transport-logistics.tsv	39	
多頭注意力	ㄉㄨㄛ ㄊㄡˊ ㄓㄨˋ ㄧˋ ㄌㄧˋ	AI資料科學	1	3	absent			-7.354194117		多頭/注意力	3.283048827	多頭/注意力	3.283048827	多頭注意力	多頭注意力	多頭/注意力	多頭注意力	False	True	1		phrase.ai-data-science.tsv	47	
薄膜製程	ㄅㄛˊ ㄇㄛˊ ㄓˋ ㄔㄥˊ	晶片半導體	1	14	absent			-7.354194117		薄膜/製成	3.283011961	薄膜/製成	3.283011961	薄膜製程	薄膜製程	薄膜/製程	薄膜/製程	False	True	1		phrase.semiconductor.tsv	133	
逃避依附	ㄊㄠˊ ㄅㄧˋ ㄧ ㄈㄨˋ	心理社會	1	10	absent			-7.354194117		逃避/依附	3.278172976	逃避/依附	3.278172976	逃避依附	逃避依附	逃避/依附	逃避/依附	False	True	1		phrase.psychology-society.tsv	86	
樣式指南	ㄧㄤˋ ㄕˋ ㄓˇ ㄋㄢˊ	媒體設計	1	10	absent			-7.354194117		樣式/指南	3.276753533	樣式/指南	3.276753533	樣式指南	樣式指南	樣式/指南	樣式/指南	False	True	1		phrase.media-design.tsv	57	
回流路徑	ㄏㄨㄟˊ ㄌㄧㄡˊ ㄌㄨˋ ㄐㄧㄥˋ	電子電機	1	10	absent			-7.354194117		回流/路徑	3.269260542	回流/路徑	3.269260542	回流路徑	回流路徑	回流/路徑	回流路徑	False	True	1		phrase.electronics.tsv	50	
排放係數	ㄆㄞˊ ㄈㄤˋ ㄒㄧˋ ㄕㄨˋ	環境能源	1	10	absent			-7.354194117		排放/係數	3.264359629	排放/係數	3.264359629	排放係數	排放係數	排放/係數	排放/係數	False	True	1		phrase.energy-environment.tsv	52	
水果籃子	ㄕㄨㄟˇ ㄍㄨㄛˇ ㄌㄢˊ ㄗ˙	動漫	1	24	absent			-7.354194117		水果/籃子	3.263231041	水果/籃子	3.263231041	水果籃子	水果籃子	水果/籃子	水果籃子	False	True	1		phrase.anime.tsv	1363	
磁碟鑑識	ㄘˊ ㄉㄧㄝˊ ㄐㄧㄢˋ ㄕˋ	網路資安	1	10	absent			-7.354194117		磁碟/見識	3.259967632	磁碟/見識	3.259967632	磁碟鑑識	磁碟鑑識	磁碟/鑑識	磁碟/鑑識	False	True	1		phrase.network-security.tsv	112	
正向心理學	ㄓㄥˋ ㄒㄧㄤˋ ㄒㄧㄣ ㄌㄧˇ ㄒㄩㄝˊ	心理社會	1	3	absent			-7.354194117		正向/心理學	3.258676075	正向/心理學	3.258676075	正向心理學	正向心理學	正向/心理學	正向心理學	False	True	1		phrase.psychology-society.tsv	40	
固態物理	ㄍㄨˋ ㄊㄞˋ ㄨˋ ㄌㄧˇ	科學	1	10	absent			-7.354194117		固態/物理	3.256728563	固態/物理	3.256728563	固態物理	固態物理	固態/物理	固態/物理	False	True	1		phrase.science.tsv	22	
私募基金	ㄙ ㄇㄨˋ ㄐㄧ ㄐㄧㄣ	財會金融	1	12	absent			-7.354194117		思慕/基金	3.255896581	思慕/基金	3.255896581	私募基金	私募基金	私/募/基金	私募基金	False	True	1		phrase.finance.tsv	111	
水質稽核	ㄕㄨㄟˇ ㄓˊ ㄐㄧ ㄏㄜˊ	環境能源	1	11	absent			-7.354194117		水質/稽核	3.2525845	水質/稽核	3.2525845	水質稽核	水質稽核	水質/稽核	水質/稽核	False	True	1		phrase.energy-environment.tsv	67	
夏日重現	ㄒㄧㄚˋ ㄖˋ ㄔㄨㄥˊ ㄒㄧㄢˋ	動漫	1	24	absent			-7.354194117		夏日/重現	3.250390396	夏日/重現	3.250390396	夏日重現	夏日重現	夏日/重現	夏日重現	False	True	1		phrase.anime.tsv	565	
沉默螺旋	ㄔㄣˊ ㄇㄛˋ ㄌㄨㄛˊ ㄒㄩㄢˊ	媒體設計	1	10	absent			-7.354194117		沉默/螺旋	3.249263378	沉默/螺旋	3.249263378	沉默螺旋	沉默螺旋	沉默/螺旋	沉默/螺旋	False	True	1		phrase.media-design.tsv	59	
怪獸八號	ㄍㄨㄞˋ ㄕㄡˋ ㄅㄚ ㄏㄠˋ	動漫	1	23	absent			-7.354194117		怪獸/八號	3.249024689	怪獸/八號	3.249024689	怪獸八號	怪獸八號	怪獸/八號	怪獸八號	False	True	1		phrase.anime.tsv	983	怪獸8號
等壓過程	ㄉㄥˇ ㄧㄚ ㄍㄨㄛˋ ㄔㄥˊ	科學	1	10	absent			-7.354194117		等壓/過程	3.241723178	等壓/過程	3.241723178	等壓過程	等壓過程	等/壓/過程	等壓過程	False	True	1		phrase.science.tsv	56	
凡爾賽體系	ㄈㄢˊ ㄦˇ ㄙㄞˋ ㄊㄧˇ ㄒㄧˋ	歷史	1	3	absent			-7.354194117		凡爾賽/體系	3.240584966	凡爾賽/體系	3.240584966	凡爾賽體系	凡爾賽體系	凡爾賽/體系	凡爾賽體系	False	True	1		phrase.history.tsv	24	
單細胞分析	ㄉㄢ ㄒㄧˋ ㄅㄠ ㄈㄣ ㄒㄧ	生技藥學	1	4	absent			-7.354194117		單細胞/分析	3.234806244	單細胞/分析	3.234806244	單細胞分析	單細胞分析	單細胞/分析	單細胞分析	False	True	1		phrase.biotech-pharma.tsv	29	
病毒載體	ㄅㄧㄥˋ ㄉㄨˊ ㄗㄞˇ ㄊㄧˇ	生技藥學	1	11	absent			-7.354194117		病毒/載體	3.231519604	病毒/載體	3.231519604	病毒載體	病毒載體	病毒/載體	病毒載體	False	True	1		phrase.biotech-pharma.tsv	62	
地熱發電	ㄉㄧˋ ㄖㄜˋ ㄈㄚ ㄉㄧㄢˋ	環境能源	1	10	absent			-7.354194117		地熱/發電	3.230669136	地熱/發電	3.230669136	地熱發電	地熱發電	地熱/發電	地熱發電	False	True	1		phrase.energy-environment.tsv	29	
動態號誌	ㄉㄨㄥˋ ㄊㄞˋ ㄏㄠˋ ㄓˋ	交通物流	1	11	absent			-7.354194117		動態/號誌	3.225020014	動態/號誌	3.225020014	動態號誌	動態號誌	動態/號誌	動態/號誌	False	True	1		phrase.transport-logistics.tsv	24	
模板施工	ㄇㄛˊ ㄅㄢˇ ㄕ ㄍㄨㄥ	建築土木	1	10	absent			-7.354194117		模版/施工	3.222190724	模版/施工	3.222190724	模板施工	模板施工	模板/施工	模板/施工	False	True	1		phrase.civil-engineering.tsv	144	
權限控管	ㄑㄩㄢˊ ㄒㄧㄢˋ ㄎㄨㄥˋ ㄍㄨㄢˇ	軟體科學	1	23	absent			-7.354194117		權限/控管	3.220782961	權限/控管	3.220782961	權限控管	權限控管	權限/控管	權限/控管	False	True	1		phrase.software.tsv	63	
廢氣洗滌	ㄈㄟˋ ㄑㄧˋ ㄒㄧˇ ㄉㄧˊ	材料化工	1	9	absent			-7.354194117		廢棄/洗滌	3.218235025	廢棄/洗滌	3.218235025	廢氣洗滌	廢氣洗滌	廢氣/洗滌	廢氣/洗滌	False	True	1		phrase.materials-chemistry.tsv	32	
核銷案件	ㄏㄜˊ ㄒㄧㄠ ㄢˋ ㄐㄧㄢˋ	公務員公文	1	15	absent			-7.354194117		核銷/案件	3.215575683	核銷/案件	3.215575683	核銷案件	核銷案件	核銷/案件	核銷案件	False	True	1		phrase.government.tsv	47	
量子運算	ㄌㄧㄤˋ ㄗˇ ㄩㄣˋ ㄙㄨㄢˋ	一般	1	14	absent			-7.354194117		量子/運算	3.215007937	量子/運算	3.215007937	量子運算	量子運算	量子/運算	量子/運算	False	True	1		phrase.general.tsv	156	
調整分錄	ㄊㄧㄠˊ ㄓㄥˇ ㄈㄣ ㄌㄨˋ	財會金融	1	11	absent			-7.354194117		調整/分路	3.214000439	調整/分路	3.214000439	調整分錄	調整分錄	調整/分/錄	調整分錄	False	True	1		phrase.finance.tsv	132	
消滅時效	ㄒㄧㄠ ㄇㄧㄝˋ ㄕˊ ㄒㄧㄠˋ	法律	1	10	absent			-7.354194117		消滅/時效	3.211679512	消滅/時效	3.211679512	消滅時效	消滅時效	消滅/時效	消滅時效	False	True	1		phrase.law.tsv	115	
耐震評估	ㄋㄞˋ ㄓㄣˋ ㄆㄧㄥˊ ㄍㄨ	建築土木	1	22	absent			-7.354194117		耐震/評估	3.210929435	耐震/評估	3.210929435	耐震評估	耐震評估	耐震/評估	耐震/評估	False	True	1		phrase.civil-engineering.tsv	186	
機能低下	ㄐㄧ ㄋㄥˊ ㄉㄧ ㄒㄧㄚˋ	醫學	1	10	absent			-7.354194117		機能/低下	3.210710907	機能/低下	3.210710907	機能低下	機能低下	機能/低下	機能低下	False	True	1		phrase.medicine.tsv	126	
漢語語言學	ㄏㄢˋ ㄩˇ ㄩˇ ㄧㄢˊ ㄒㄩㄝˊ	中文	1	3	absent			-7.354194117		漢語/語言學	3.204636326	漢語/語言學	3.204636326	漢語語言學	漢語語言學	漢語/語言學	漢語/語言學	False	True	1		phrase.chinese.tsv	94	
旅次分布	ㄌㄩˇ ㄘˋ ㄈㄣ ㄅㄨˋ	交通物流	1	12	absent			-7.354194117		屢次/分布	3.201905773	屢次/分布	3.201905773	旅次分布	旅次分布	旅/次/分布	旅次分布	False	True	1		phrase.transport-logistics.tsv	50	
混凝土修復	ㄏㄨㄣˋ ㄋㄧㄥˊ ㄊㄨˇ ㄒㄧㄡ ㄈㄨˋ	建築土木	1	3	absent			-7.354194117		混凝土/修復	3.200836646	混凝土/修復	3.200836646	混凝土修復	混凝土修復	混凝土/修復	混凝土/修復	False	True	1		phrase.civil-engineering.tsv	153	
感應馬達	ㄍㄢˇ ㄧㄥˋ ㄇㄚˇ ㄉㄚˊ	電子電機	1	10	absent			-7.354194117		感應/馬達	3.200196431	感應/馬達	3.200196431	感應馬達	感應馬達	感應/馬達	感應/馬達	False	True	1		phrase.electronics.tsv	85	
一手史料	ㄧ ㄕㄡˇ ㄕˇ ㄌㄧㄠˋ	歷史	1	10	absent			-7.354194117		一手/史料	3.195289096	一手/史料	3.195289096	一手史料	一手史料	一手/史料	一手/史料	False	True	1		phrase.history.tsv	2	
地盤修復	ㄉㄧˋ ㄆㄢˊ ㄒㄧㄡ ㄈㄨˋ	建築土木	1	10	absent			-7.354194117		地盤/修復	3.189098243	地盤/修復	3.189098243	地盤修復	地盤修復	地盤/修復	地盤/修復	False	True	1		phrase.civil-engineering.tsv	46	
黃金魔女	ㄏㄨㄤˊ ㄐㄧㄣ ㄇㄛˊ ㄋㄩˇ	動漫	1	11	absent			-7.354194117		黃金/魔女	3.186286307	黃金/魔女	3.186286307	黃金魔女	黃金魔女	黃金/魔女	黃金魔女	False	True	1		phrase.anime.tsv	2509	
商業滅菌	ㄕㄤ ㄧㄝˋ ㄇㄧㄝˋ ㄐㄩㄣˋ	農業食品	1	10	absent			-7.354194117		商業/滅菌	3.184402164	商業/滅菌	3.184402164	商業滅菌	商業滅菌	商業/滅菌	商業/滅菌	False	True	1		phrase.agriculture-food.tsv	8	
酸鹼平衡	ㄙㄨㄢ ㄐㄧㄢˇ ㄆㄧㄥˊ ㄏㄥˊ	材料化工	1	10	absent			-7.354194117		酸鹼/平衡	3.178682304	酸鹼/平衡	3.178682304	酸鹼平衡	酸鹼平衡	酸鹼/平衡	酸鹼/平衡	False	True	1		phrase.materials-chemistry.tsv	104	
中間人攻擊	ㄓㄨㄥ ㄐㄧㄢ ㄖㄣˊ ㄍㄨㄥ ㄐㄧˊ	網路資安	1	3	absent			-7.354194117		中間人/攻擊	3.171636816	中間人/攻擊	3.171636816	中間人攻擊	中間人攻擊	中間人/攻擊	中間人攻擊	False	True	1		phrase.network-security.tsv	7	
放電加工	ㄈㄤˋ ㄉㄧㄢˋ ㄐㄧㄚ ㄍㄨㄥ	製造機械	1	10	absent			-7.354194117		放電/加工	3.168992052	放電/加工	3.168992052	放電加工	放電加工	放電/加工	放電/加工	False	True	1		phrase.manufacturing.tsv	54	
烏龍派出所	ㄨ ㄌㄨㄥˊ ㄆㄞˋ ㄔㄨ ㄙㄨㄛˇ	動漫	1	26	absent			-7.354194117		烏龍/派出所	3.166955498	烏龍/派出所	3.166955498	烏龍派出所	烏龍派出所	烏龍/派出所	烏龍派出所	False	True	1		phrase.anime.tsv	1495	
有害廢棄物	ㄧㄡˇ ㄏㄞˋ ㄈㄟˋ ㄑㄧˋ ㄨˋ	環境能源	1	3	absent			-7.354194117		有害/廢棄物	3.166391479	有害/廢棄物	3.166391479	有害廢棄物	有害廢棄物	有害/廢棄物	有害/廢棄物	False	True	1		phrase.energy-environment.tsv	57	
偏好最佳化	ㄆㄧㄢ ㄏㄠˋ ㄗㄨㄟˋ ㄐㄧㄚ ㄏㄨㄚˋ	AI資料科學	1	4	absent			-7.354194117		偏好/最佳化	3.161570917	偏好/最佳化	3.161570917	偏好最佳化	偏好最佳化	偏好/最佳化	偏好/最佳化	False	True	1		phrase.ai-data-science.tsv	15	
文本嵌入	ㄨㄣˊ ㄅㄣˇ ㄑㄧㄢ ㄖㄨˋ	AI資料科學	1	10	absent			-7.354194117		文本/嵌入	3.158848059	文本/嵌入	3.158848059	文本嵌入	文本嵌入	文本/嵌入	文本嵌入	False	True	1		phrase.ai-data-science.tsv	92	
聖杯戰爭	ㄕㄥˋ ㄅㄟ ㄓㄢˋ ㄓㄥ	動漫	1	15	absent			-7.354194117		聖杯/戰爭	3.155646992	聖杯/戰爭	3.155646992	聖杯戰爭	聖杯戰爭	聖杯/戰爭	聖杯戰爭	False	True	1		phrase.anime.tsv	1845	
文本摘要	ㄨㄣˊ ㄅㄣˇ ㄓㄞ ㄧㄠˋ	AI資料科學	1	10	absent			-7.354194117		文本/摘要	3.154987638	文本/摘要	3.154987638	文本摘要	文本摘要	文本/摘要	文本摘要	False	True	1		phrase.ai-data-science.tsv	93	
保甲制度	ㄅㄠˇ ㄐㄧㄚˇ ㄓˋ ㄉㄨˋ	歷史	1	10	absent			-7.354194117		保甲/制度	3.153945704	保甲/制度	3.153945704	保甲制度	保甲制度	保甲/制度	保甲制度	False	True	1		phrase.history.tsv	12	
混凝土監測	ㄏㄨㄣˋ ㄋㄧㄥˊ ㄊㄨˇ ㄐㄧㄢ ㄘㄜˋ	建築土木	1	4	absent			-7.354194117		混凝土/監測	3.152414764	混凝土/監測	3.152414764	混凝土監測	混凝土監測	混凝土/監測	混凝土/監測	False	True	1		phrase.civil-engineering.tsv	158	
電路比對	ㄉㄧㄢˋ ㄌㄨˋ ㄅㄧˇ ㄉㄨㄟˋ	晶片半導體	1	10	absent			-7.354194117		電路/比對	3.151733047	電路/比對	3.151733047	電路比對	電路比對	電路/比對	電路/比對	False	True	1		phrase.semiconductor.tsv	176	
實證史學	ㄕˊ ㄓㄥˋ ㄕˇ ㄒㄩㄝˊ	歷史	1	10	absent			-7.354194117		實證/史學	3.147584093	實證/史學	3.147584093	實證史學	實證史學	實證/史學	實證史學	False	True	1		phrase.history.tsv	61	
素養評量	ㄙㄨˋ ㄧㄤˇ ㄆㄧㄥˊ ㄌㄧㄤˊ	教育	1	16	absent			-7.354194117		素養/評量	3.145484097	素養/評量	3.145484097	素養評量	素養評量	素養/評量	素養/評量	False	True	1		phrase.education.tsv	80	
太陽熱能	ㄊㄞˋ ㄧㄤˊ ㄖㄜˋ ㄋㄥˊ	環境能源	1	10	absent			-7.354194117		太陽/熱能	3.143180427	太陽/熱能	3.143180427	太陽熱能	太陽熱能	太陽熱/能	太陽熱/能	False	True	1		phrase.energy-environment.tsv	34	
伊斯蘭興起	ㄧ ㄙ ㄌㄢˊ ㄒㄧㄥ ㄑㄧˇ	歷史	1	3	absent			-7.354194117		伊斯蘭/興起	3.143100286	伊斯蘭/興起	3.143100286	伊斯蘭興起	伊斯蘭興起	伊斯蘭/興起	伊斯蘭興起	False	True	1		phrase.history.tsv	10	
地盤監測	ㄉㄧˋ ㄆㄢˊ ㄐㄧㄢ ㄘㄜˋ	建築土木	1	11	absent			-7.354194117		地盤/監測	3.14067636	地盤/監測	3.14067636	地盤監測	地盤監測	地盤/監測	地盤/監測	False	True	1		phrase.civil-engineering.tsv	50	
財務槓桿	ㄘㄞˊ ㄨˋ ㄍㄤˋ ㄍㄢˇ	財會金融	1	11	absent			-7.354194117		財務/槓桿	3.138397985	財務/槓桿	3.138397985	財務槓桿	財務槓桿	財務/槓桿	財務/槓桿	False	True	1		phrase.finance.tsv	141	
叢集系統	ㄘㄨㄥˊ ㄐㄧˊ ㄒㄧˋ ㄊㄨㄥˇ	軟體科學	1	24	absent			-7.354194117		叢集/系統	3.138371562	叢集/系統	3.138371562	叢集系統	叢集系統	叢集/系統	叢集/系統	False	True	1		phrase.software.tsv	20	
弱點掃描	ㄖㄨㄛˋ ㄉㄧㄢˇ ㄙㄠˇ ㄇㄧㄠˊ	網路資安	1	14	absent			-7.354194117		弱點/掃描	3.129531589	弱點/掃描	3.129531589	弱點掃描	弱點掃描	弱點/掃描	弱點掃描	False	True	1		phrase.network-security.tsv	70	
糟糕念頭	ㄗㄠ ㄍㄠ ㄋㄧㄢˋ ㄊㄡˊ	動漫	1	23	absent			-7.354194117		糟糕/念頭	3.127439595	糟糕/念頭	3.127439595	糟糕念頭	糟糕念頭	糟糕/念頭	糟糕念頭	False	True	1		phrase.anime.tsv	1770	
批號管理	ㄆㄧ ㄏㄠˋ ㄍㄨㄢˇ ㄌㄧˇ	交通物流	1	12	absent			-7.354194117		批號/管理	3.126821675	批號/管理	3.126821675	批號管理	批號管理	批號/管理	批號/管理	False	True	1		phrase.transport-logistics.tsv	42	
圖形處理器	ㄊㄨˊ ㄒㄧㄥˊ ㄔㄨˇ ㄌㄧˇ ㄑㄧˋ	晶片半導體	1	3	absent			-7.354194117		圖形/處理器	3.126410217	圖形/處理器	3.126410217	圖形處理器	圖形處理器	圖形/處理器	圖形/處理器	False	True	1		phrase.semiconductor.tsv	26	
最小權限	ㄗㄨㄟˋ ㄒㄧㄠˇ ㄑㄩㄢˊ ㄒㄧㄢˋ	網路資安	1	10	absent			-7.354194117		最小/權限	3.126410217	最小/權限	3.126410217	最小權限	最小權限	最小/權限	最小/權限	False	True	1		phrase.network-security.tsv	95	
三十六字母	ㄙㄢ ㄕˊ ㄌㄧㄡˋ ㄗˋ ㄇㄨˇ	中文	1	4	absent			-7.354194117		三十六/字母	3.125922115	三十六/字母	3.125922115	三十六字母	三十六字母	三十六/字母	三十六/字母	False	True	1		phrase.chinese.tsv	2	
樓板施工	ㄌㄡˊ ㄅㄢˇ ㄕ ㄍㄨㄥ	建築土木	1	10	absent			-7.354194117		樓板/施工	3.125280711	樓板/施工	3.125280711	樓板施工	樓板施工	樓板/施工	樓板/施工	False	True	1		phrase.civil-engineering.tsv	134	
批次作業	ㄆㄧ ㄘˋ ㄗㄨㄛˋ ㄧㄝˋ	軟體科學	1	19	absent			-7.354194117		批次/作業	3.124435506	批次/作業	3.124435506	批次作業	批次作業	批次/作業	批次/作業	False	True	1		phrase.software.tsv	41	
數位除錯	ㄕㄨˋ ㄨㄟˋ ㄔㄨˊ ㄘㄨㄛˋ	電子電機	1	11	absent			-7.354194117		數位/除錯	3.118690921	數位/除錯	3.118690921	數位除錯	數位除錯	數位/除錯	數位/除錯	False	True	1		phrase.electronics.tsv	109	
清洗製程	ㄑㄧㄥ ㄒㄧˇ ㄓˋ ㄔㄥˊ	晶片半導體	1	14	absent			-7.354194117		清洗/製成	3.113869562	清洗/製成	3.113869562	清洗製程	清洗製程	清洗/製程	清洗/製程	False	True	1		phrase.semiconductor.tsv	101	
天線驗證	ㄊㄧㄢ ㄒㄧㄢˋ ㄧㄢˋ ㄓㄥˋ	電子電機	1	10	absent			-7.354194117		天線/驗證	3.111652689	天線/驗證	3.111652689	天線驗證	天線驗證	天線/驗證	天線/驗證	False	True	1		phrase.electronics.tsv	66	
漢語方言	ㄏㄢˋ ㄩˇ ㄈㄤ ㄧㄢˊ	中文	1	10	absent			-7.354194117		漢語/方言	3.110263581	漢語/方言	3.110263581	漢語方言	漢語方言	漢語/方言	漢語/方言	False	True	1		phrase.chinese.tsv	93	
移動污染源	ㄧˊ ㄉㄨㄥˋ ㄨ ㄖㄢˇ ㄩㄢˊ	環境能源	1	4	absent			-7.354194117		移動/污染源	3.106662731	移動/污染源	3.106662731	移動污染源	移動污染源	移動/污染源	移動/污染源	False	True	1		phrase.energy-environment.tsv	101	
海禁政策	ㄏㄞˇ ㄐㄧㄣˋ ㄓㄥˋ ㄘㄜˋ	歷史	1	10	absent			-7.354194117		海禁/政策	3.104873441	海禁/政策	3.104873441	海禁政策	海禁政策	海禁/政策	海禁/政策	False	True	1		phrase.history.tsv	106	
分裂互補	ㄈㄣ ㄌㄧㄝˋ ㄏㄨˋ ㄅㄨˇ	媒體設計	1	11	absent			-7.354194117		分裂/互補	3.103920531	分裂/互補	3.103920531	分裂互補	分裂互補	分裂/互補	分裂互補	False	True	1		phrase.media-design.tsv	13	
遺產分割	ㄧˊ ㄔㄢˇ ㄈㄣ ㄍㄜ	法律	1	10	absent			-7.354194117		遺產/分割	3.100371679	遺產/分割	3.100371679	遺產分割	遺產分割	遺產/分割	遺產/分割	False	True	1		phrase.law.tsv	184	
氧化還原	ㄧㄤˇ ㄏㄨㄚˋ ㄏㄨㄢˊ ㄩㄢˊ	材料化工	1	11	absent			-7.354194117		氧化/還原	3.094982624	氧化/還原	3.094982624	氧化還原	氧化還原	氧化/還原	氧化/還原	False	True	1		phrase.materials-chemistry.tsv	52	
壓電材料	ㄧㄚ ㄉㄧㄢˋ ㄘㄞˊ ㄌㄧㄠˋ	材料化工	1	10	absent			-7.354194117		壓電/材料	3.094122729	壓電/材料	3.094122729	壓電材料	壓電材料	壓電/材料	壓電材料	False	True	1		phrase.materials-chemistry.tsv	25	
宣告監護	ㄒㄩㄢ ㄍㄠˋ ㄐㄧㄢ ㄏㄨˋ	法律	1	11	absent			-7.354194117		宣告/監護	3.094122729	宣告/監護	3.094122729	宣告監護	宣告監護	宣告/監護	宣告監護	False	True	1		phrase.law.tsv	63	
區段徵收	ㄑㄩ ㄉㄨㄢˋ ㄓㄥ ㄕㄡ	建築土木	1	10	absent			-7.354194117		區段/徵收	3.090321441	區段/徵收	3.090321441	區段徵收	區段徵收	區段/徵收	區段/徵收	False	True	1		phrase.civil-engineering.tsv	24	
暗殺教室	ㄢˋ ㄕㄚ ㄐㄧㄠˋ ㄕˋ	動漫	1	24	absent			-7.354194117		暗殺/教室	3.089824982	暗殺/教室	3.089824982	暗殺教室	暗殺教室	暗殺/教室	暗殺教室	False	True	1		phrase.anime.tsv	1153	
市占率趨勢	ㄕˋ ㄓㄢˋ ㄌㄩˋ ㄑㄩ ㄕˋ	商業	1	4	absent			-7.354194117		市占率/趨勢	3.088668782	市占率/趨勢	3.088668782	市占率趨勢	市占率趨勢	市占率/趨勢	市占率/趨勢	False	True	1		phrase.business.tsv	88	
樓板檢驗	ㄌㄡˊ ㄅㄢˇ ㄐㄧㄢˇ ㄧㄢˋ	建築土木	1	11	absent			-7.354194117		樓板/檢驗	3.088315458	樓板/檢驗	3.088315458	樓板檢驗	樓板檢驗	樓板/檢驗	樓板/檢驗	False	True	1		phrase.civil-engineering.tsv	135	
我是鋼彈	ㄨㄛˇ ㄕˋ ㄍㄤ ㄉㄢˋ	動漫	1	13	absent			-7.354194117		我是/鋼彈	3.075897909	我是/鋼彈	3.075897909	我是鋼彈	我是鋼彈	我是/鋼彈	我是鋼彈	False	True	1		phrase.anime.tsv	1026	
定期定額	ㄉㄧㄥˋ ㄑㄧˊ ㄉㄧㄥˋ ㄜˊ	一般	1	30	absent			-7.354194117		定期/定額	3.075326243	定期/定額	3.075326243	定期定額	定期定額	定期/定額	定期/定額	False	True	1		phrase.general.tsv	42	
王者天下	ㄨㄤˊ ㄓㄜˇ ㄊㄧㄢ ㄒㄧㄚˋ	動漫	1	23	absent			-7.354194117		亡者/天下	3.073274455	亡者/天下	3.073274455	王者天下	王者天下	王/者/天下	王者天下	False	True	1		phrase.anime.tsv	1554	
黃金拼圖	ㄏㄨㄤˊ ㄐㄧㄣ ㄆㄧㄣ ㄊㄨˊ	動漫	1	19	absent			-7.354194117		黃金/拼圖	3.072342955	黃金/拼圖	3.072342955	黃金拼圖	黃金拼圖	黃金/拼圖	黃金拼圖	False	True	1		phrase.anime.tsv	2507	
流動性風險	ㄌㄧㄡˊ ㄉㄨㄥˋ ㄒㄧㄥˋ ㄈㄥ ㄒㄧㄢˇ	財會金融	1	3	absent			-7.354194117		流動性/風險	3.07159466	流動性/風險	3.07159466	流動性風險	流動性風險	流動性/風險	流動性/風險	False	True	1		phrase.finance.tsv	90	
不當得利	ㄅㄨˊ ㄉㄤˋ ㄉㄜˊ ㄌㄧˋ	法律	1	11	absent			-7.354194117		不當/得利	3.071436096	不當/得利	3.071436096	不當得利	不當得利	不當/得利	不當/得利	False	True	1		phrase.law.tsv	8	
資產盤點	ㄗ ㄔㄢˇ ㄆㄢˊ ㄉㄧㄢˇ	網路資安	1	11	absent			-7.354194117		資產/盤點	3.067019657	資產/盤點	3.067019657	資產盤點	資產盤點	資產/盤點	資產/盤點	False	True	1		phrase.network-security.tsv	156	
諮商心理學	ㄗ ㄕㄤ ㄒㄧㄣ ㄌㄧˇ ㄒㄩㄝˊ	心理社會	1	3	absent			-7.354194117		諮商/心理學	3.066347617	諮商/心理學	3.066347617	諮商心理學	諮商心理學	諮商/心理學	諮商/心理學	False	True	1		phrase.psychology-society.tsv	82	
地盤改良	ㄉㄧˋ ㄆㄢˊ ㄍㄞˇ ㄌㄧㄤˊ	建築土木	1	10	absent			-7.354194117		地盤/改良	3.062492347	地盤/改良	3.062492347	地盤改良	地盤改良	地盤/改良	地盤/改良	False	True	1		phrase.civil-engineering.tsv	47	
寄託契約	ㄐㄧˋ ㄊㄨㄛ ㄑㄧˋ ㄩㄝ	法律	1	10	absent			-7.354194117		寄託/契約	3.061760819	寄託/契約	3.061760819	寄託契約	寄託契約	寄託/契約	寄託契約	False	True	1		phrase.law.tsv	65	
流程最佳化	ㄌㄧㄡˊ ㄔㄥˊ ㄗㄨㄟˋ ㄐㄧㄚ ㄏㄨㄚˋ	工業工程	1	17	absent			-7.354194117		流程/最佳化	3.060853665	流程/最佳化	3.060853665	流程最佳化	流程最佳化	流程/最佳化	流程/最佳化	False	True	1		phrase.industrial-engineering.tsv	75	
天體物理	ㄊㄧㄢ ㄊㄧˇ ㄨˋ ㄌㄧˇ	科學	1	10	absent			-7.354194117		天體/物理	3.060433918	天體/物理	3.060433918	天體物理	天體物理	天/體/物理	天體物理	False	True	1		phrase.science.tsv	25	
二手史料	ㄦˋ ㄕㄡˇ ㄕˇ ㄌㄧㄠˋ	歷史	1	10	absent			-7.354194117		二手/史料	3.054773991	二手/史料	3.054773991	二手史料	二手史料	二手/史料	二手/史料	False	True	1		phrase.history.tsv	8	
動量傳遞	ㄉㄨㄥˋ ㄌㄧㄤˋ ㄔㄨㄢˊ ㄉㄧˋ	材料化工	1	10	absent			-7.354194117		動量/傳遞	3.04970359	動量/傳遞	3.04970359	動量傳遞	動量傳遞	動量/傳遞	動量傳遞	False	True	1		phrase.materials-chemistry.tsv	11	
策略性採購	ㄘㄜˋ ㄌㄩㄝˋ ㄒㄧㄥˋ ㄘㄞˇ ㄍㄡˋ	商業	1	4	absent			-7.354194117		策略性/採購	3.046740869	策略性/採購	3.046740869	策略性採購	策略性採購	策略性/採購	策略性/採購	False	True	1		phrase.business.tsv	146	
伺服馬達	ㄙˋ ㄈㄨˊ ㄇㄚˇ ㄉㄚˊ	電子電機	1	10	absent			-7.354194117		伺服/馬達	3.044308558	伺服/馬達	3.044308558	伺服馬達	伺服馬達	伺服/馬達	伺服/馬達	False	True	1		phrase.electronics.tsv	10	
排序模型	ㄆㄞˊ ㄒㄩˋ ㄇㄛˊ ㄒㄧㄥˊ	AI資料科學	1	14	absent			-7.354194117		排序/模型	3.040305815	排序/模型	3.040305815	排序模型	排序模型	排序/模型	排序/模型	False	True	1		phrase.ai-data-science.tsv	80	
租借女友	ㄗㄨ ㄐㄧㄝˋ ㄋㄩˇ ㄧㄡˇ	動漫	1	20	absent			-7.354194117		租界/女友	3.038643583	租界/女友	3.038643583	租借女友	租借女友	租借/女友	租借女友	False	True	1		phrase.anime.tsv	1718	
武藤遊戲	ㄨˇ ㄊㄥˊ ㄧㄡˊ ㄒㄧˋ	動漫	1	22	absent			-7.354194117		武藤/遊戲	3.038580585	武藤/遊戲	3.038580585	武藤遊戲	武藤遊戲	武藤/遊戲	武藤遊戲	False	True	1		phrase.anime.tsv	1334	
專屬管轄	ㄓㄨㄢ ㄕㄨˇ ㄍㄨㄢˇ ㄒㄧㄚˊ	法律	1	10	absent			-7.354194117		專屬/管轄	3.037804366	專屬/管轄	3.037804366	專屬管轄	專屬管轄	專屬/管轄	專屬管轄	False	True	1		phrase.law.tsv	68	
董事會治理	ㄉㄨㄥˇ ㄕˋ ㄏㄨㄟˋ ㄓˋ ㄌㄧˇ	商業	1	4	absent			-7.354194117		董事會/治理	3.032223062	董事會/治理	3.032223062	董事會治理	董事會治理	董事會/治理	董事會/治理	False	True	1		phrase.business.tsv	155	
永續報告書	ㄩㄥˇ ㄒㄩˋ ㄅㄠˋ ㄍㄠˋ ㄕㄨ	商業	1	4	absent			-7.354194117		永續/報告書	3.029459079	永續/報告書	3.029459079	永續報告書	永續報告書	永續/報告書	永續/報告書	False	True	1		phrase.business.tsv	111	
孤獨搖滾	ㄍㄨ ㄉㄨˊ ㄧㄠˊ ㄍㄨㄣˇ	動漫	1	25	absent			-7.354194117		孤獨/搖滾	3.029335729	孤獨/搖滾	3.029335729	孤獨搖滾	孤獨搖滾	孤獨/搖滾	孤獨搖滾	False	True	1		phrase.anime.tsv	703	
一人出局	ㄧ ㄖㄣˊ ㄔㄨ ㄐㄩˊ	動漫	1	12	absent			-7.354194117		一人/出局	3.02726458	一人/出局	3.02726458	一人出局	一人出局	一/人/出局	一人出局	False	True	1		phrase.anime.tsv	4	
流動負債	ㄌㄧㄡˊ ㄉㄨㄥˋ ㄈㄨˋ ㄓㄞˋ	財會金融	1	10	absent			-7.354194117		流動/負債	3.025203262	流動/負債	3.025203262	流動負債	流動負債	流動/負債	流動/負債	False	True	1		phrase.finance.tsv	91	
設備匹配	ㄕㄜˋ ㄅㄟˋ ㄆㄧˇ ㄆㄟˋ	晶片半導體	1	20	absent			-7.354194117		設備/匹配	3.01303668	設備/匹配	3.01303668	設備匹配	設備匹配	設備/匹配	設備/匹配	False	True	1		phrase.semiconductor.tsv	146	
變異數分析	ㄅㄧㄢˋ ㄧˋ ㄕㄨˋ ㄈㄣ ㄒㄧ	工業工程	1	4	absent			-7.354194117		變異數/分析	3.012957494	變異數/分析	3.012957494	變異數分析	變異數分析	變異數/分析	變異數分析	False	True	1		phrase.industrial-engineering.tsv	96	
古典制約	ㄍㄨˇ ㄉㄧㄢˇ ㄓˋ ㄩㄝ	心理社會	1	11	absent			-7.354194117		古典/制約	3.011140194	古典/制約	3.011140194	古典制約	古典制約	古典/制約	古典/制約	False	True	1		phrase.psychology-society.tsv	18	
射線檢測	ㄕㄜˋ ㄒㄧㄢˋ ㄐㄧㄢˇ ㄘㄜˋ	製造機械	1	10	absent			-7.354194117		射線/檢測	3.008310904	射線/檢測	3.008310904	射線檢測	射線檢測	射線/檢測	射線/檢測	False	True	1		phrase.manufacturing.tsv	35	
稅務會計	ㄕㄨㄟˋ ㄨˋ ㄎㄨㄞˋ ㄐㄧˋ	財會金融	1	10	absent			-7.354194117		稅務/會計	2.992825195	稅務/會計	2.992825195	稅務會計	稅務會計	稅務/會計	稅務/會計	False	True	1		phrase.finance.tsv	116	
委辦案件	ㄨㄟˇ ㄅㄢˋ ㄢˋ ㄐㄧㄢˋ	公務員公文	1	15	absent			-7.354194117		委辦/案件	2.985126762	委辦/案件	2.985126762	委辦案件	委辦案件	委辦/案件	委辦案件	False	True	1		phrase.government.tsv	24	
等價交換	ㄉㄥˇ ㄐㄧㄚˋ ㄐㄧㄠ ㄏㄨㄢˋ	動漫	1	15	absent			-7.354194117		等價/交換	2.979225931	等價/交換	2.979225931	等價交換	等價交換	等價/交換	等價交換	False	True	1		phrase.anime.tsv	1745	
基督教化	ㄐㄧ ㄉㄨ ㄐㄧㄠˋ ㄏㄨㄚˋ	歷史	1	11	absent			-7.354194117		基督/教化	2.978347681	基督/教化	2.978347681	基督教化	基督教化	基督教/化	基督教化	False	True	1		phrase.history.tsv	53	
居家隔離	ㄐㄩ ㄐㄧㄚ ㄍㄜˊ ㄌㄧˊ	一般	1	22	absent			-7.354194117		居家/隔離	2.977982267	居家/隔離	2.977982267	居家隔離	居家隔離	居家/隔離	居家隔離	False	True	1		phrase.general.tsv	50	
故障診斷	ㄍㄨˋ ㄓㄤˋ ㄓㄣˇ ㄉㄨㄢˋ	製造機械	1	15	absent			-7.354194117		故障/診斷	2.977325296	故障/診斷	2.977325296	故障診斷	故障診斷	故障/診斷	故障/診斷	False	True	1		phrase.manufacturing.tsv	56	
營業槓桿	ㄧㄥˊ ㄧㄝˋ ㄍㄤˋ ㄍㄢˇ	財會金融	1	11	absent			-7.354194117		營業/槓桿	2.973042922	營業/槓桿	2.973042922	營業槓桿	營業槓桿	營業/槓桿	營業/槓桿	False	True	1		phrase.finance.tsv	98	
自動人偶	ㄗˋ ㄉㄨㄥˋ ㄖㄣˊ ㄡˇ	動漫	1	11	absent			-7.354194117		自動/人偶	2.972321263	自動/人偶	2.972321263	自動人偶	自動人偶	自動/人偶	自動人偶	False	True	1		phrase.anime.tsv	1856	
安全對齊	ㄢ ㄑㄩㄢˊ ㄉㄨㄟˋ ㄑㄧˊ	AI資料科學	1	12	absent			-7.354194117		安全/對齊	2.971672793	安全/對齊	2.971672793	安全對齊	安全對齊	安全/對齊	安全/對齊	False	True	1		phrase.ai-data-science.tsv	53	
良率分析	ㄌㄧㄤˊ ㄌㄩˋ ㄈㄣ ㄒㄧ	晶片半導體	1	16	absent			-7.354194117		良率/分析	2.971564809	良率/分析	2.971564809	良率分析	良率分析	良率/分析	良率/分析	False	True	1		phrase.semiconductor.tsv	131	
機械手臂	ㄐㄧ ㄒㄧㄝˋ ㄕㄡˇ ㄅㄟˋ	製造機械	1	13	absent			-7.354194117		機械/手臂	2.970522344	機械/手臂	2.970522344	機械手臂	機械手臂	機械/手臂	機械/手臂	False	True	1		phrase.manufacturing.tsv	64	
地下水監測	ㄉㄧˋ ㄒㄧㄚˋ ㄕㄨㄟˇ ㄐㄧㄢ ㄘㄜˋ	環境能源	1	4	absent			-7.354194117		地下水/監測	2.970414645	地下水/監測	2.970414645	地下水監測	地下水監測	地下水/監測	地下水/監測	False	True	1		phrase.energy-environment.tsv	26	
射頻設計	ㄕㄜˋ ㄆㄧㄣˊ ㄕㄜˋ ㄐㄧˋ	電子電機	1	12	absent			-7.354194117		射頻/設計	2.968052008	射頻/設計	2.968052008	射頻設計	射頻設計	射頻/設計	射頻/設計	False	True	1		phrase.electronics.tsv	73	
天敵昆蟲	ㄊㄧㄢ ㄉㄧˊ ㄎㄨㄣ ㄔㄨㄥˊ	農業食品	1	12	absent			-7.354194117		天敵/昆蟲	2.967891387	天敵/昆蟲	2.967891387	天敵昆蟲	天敵昆蟲	天敵/昆蟲	天敵昆蟲	False	True	1		phrase.agriculture-food.tsv	13	
交叉驗證	ㄐㄧㄠ ㄔㄚ ㄧㄢˋ ㄓㄥˋ	AI資料科學	1	10	absent			-7.354194117		交叉/驗證	2.964850806	交叉/驗證	2.964850806	交叉驗證	交叉驗證	交叉/驗證	交叉/驗證	False	True	1		phrase.ai-data-science.tsv	7	
薪酬委員會	ㄒㄧㄣ ㄔㄡˊ ㄨㄟˇ ㄩㄢˊ ㄏㄨㄟˋ	商業	1	4	absent			-7.354194117		薪酬/委員會	2.961567501	薪酬/委員會	2.961567501	薪酬委員會	薪酬委員會	薪酬/委員會	薪酬/委員會	False	True	1		phrase.business.tsv	156	
超導材料	ㄔㄠ ㄉㄠˇ ㄘㄞˊ ㄌㄧㄠˋ	材料化工	1	10	absent			-7.354194117		超導/材料	2.960583821	超導/材料	2.960583821	超導材料	超導材料	超導/材料	超導材料	False	True	1		phrase.materials-chemistry.tsv	98	
傳遞函數	ㄔㄨㄢˊ ㄉㄧˋ ㄏㄢˊ ㄕㄨˋ	電子電機	1	11	absent			-7.354194117		傳遞/函數	2.958256472	傳遞/函數	2.958256472	傳遞函數	傳遞函數	傳遞/函數	傳遞函數	False	True	1		phrase.electronics.tsv	16	
不穩定性	ㄅㄨˋ ㄨㄣˇ ㄉㄧㄥˋ ㄒㄧㄥˋ	晶片半導體	1	11	absent			-7.354194117		不穩/定性	2.95153732	不穩/定性	2.95153732	不穩定性	不穩定性	不/穩定性	不/穩定性	False	True	1		phrase.semiconductor.tsv	2	
真空包裝	ㄓㄣ ㄎㄨㄥ ㄅㄠ ㄓㄨㄤ	農業食品	1	15	absent			-7.354194117		真空/包裝	2.938970287	真空/包裝	2.938970287	真空包裝	真空包裝	真空/包裝	真空/包裝	False	True	1		phrase.agriculture-food.tsv	37	
心智負荷	ㄒㄧㄣ ㄓˋ ㄈㄨˋ ㄏㄜˋ	工業工程	1	10	absent			-7.354194117		心智/負荷	2.938786692	心智/負荷	2.938786692	心智負荷	心智負荷	心智/負荷	心智負荷	False	True	1		phrase.industrial-engineering.tsv	53	
人力盤點	ㄖㄣˊ ㄌㄧˋ ㄆㄢˊ ㄉㄧㄢˇ	商業	1	11	absent			-7.354194117		人力/盤點	2.938519783	人力/盤點	2.938519783	人力盤點	人力盤點	人力/盤點	人力/盤點	False	True	1		phrase.business.tsv	6	
條碼支付	ㄊㄧㄠˊ ㄇㄚˇ ㄓ ㄈㄨˋ	一般	1	8	absent			-7.354194117		條碼/支付	2.937154442	條碼/支付	2.937154442	條碼支付	條碼支付	條碼/支付	條碼支付	False	True	1		phrase.general.tsv	77	
存貨預測	ㄘㄨㄣˊ ㄏㄨㄛˋ ㄩˋ ㄘㄜˋ	財會金融	1	10	absent			-7.354194117		存貨/預測	2.936805471	存貨/預測	2.936805471	存貨預測	存貨預測	存貨/預測	存貨/預測	False	True	1		phrase.finance.tsv	38	
合夥契約	ㄏㄜˊ ㄏㄨㄛˇ ㄑㄧˋ ㄩㄝ	法律	1	10	absent			-7.354194117		合夥/契約	2.931801281	合夥/契約	2.931801281	合夥契約	合夥契約	合夥/契約	合夥契約	False	True	1		phrase.law.tsv	41	
公差配合	ㄍㄨㄥ ㄔㄞ ㄆㄟˋ ㄏㄜˊ	製造機械	1	10	absent			-7.354194117		公差/配合	2.929557453	公差/配合	2.929557453	公差配合	公差配合	公差/配合	公差/配合	False	True	1		phrase.manufacturing.tsv	12	
食品微生物	ㄕˊ ㄆㄧㄣˇ ㄨㄟˊ ㄕㄥ ㄨˋ	農業食品	1	4	absent			-7.354194117		食品/微生物	2.928659897	食品/微生物	2.928659897	食品微生物	食品微生物	食品/微生物	食品/微生物	False	True	1		phrase.agriculture-food.tsv	69	
加密資產	ㄐㄧㄚ ㄇㄧˋ ㄗ ㄔㄢˇ	一般	1	8	absent			-7.354194117		加密/資產	2.927357664	加密/資產	2.927357664	加密資產	加密資產	加密/資產	加密資產	False	True	1		phrase.general.tsv	21	
幹線公車	ㄍㄢˋ ㄒㄧㄢˋ ㄍㄨㄥ ㄔㄜ	交通物流	1	10	absent			-7.354194117		幹線/公車	2.927227655	幹線/公車	2.927227655	幹線公車	幹線公車	幹線/公車	幹線公車	False	True	1		phrase.transport-logistics.tsv	36	
酸鹼理論	ㄙㄨㄢ ㄐㄧㄢˇ ㄌㄧˇ ㄌㄨㄣˋ	科學	1	10	absent			-7.354194117		酸鹼/理論	2.916443555	酸鹼/理論	2.916443555	酸鹼理論	酸鹼理論	酸鹼/理論	酸鹼/理論	False	True	1		phrase.science.tsv	79	
擁塞控制	ㄩㄥˇ ㄙㄜˋ ㄎㄨㄥˋ ㄓˋ	網路資安	1	11	absent			-7.354194117		擁塞/控制	2.915572669	擁塞/控制	2.915572669	擁塞控制	擁塞控制	擁塞/控制	擁塞/控制	False	True	1		phrase.network-security.tsv	86	
負債比率	ㄈㄨˋ ㄓㄞˋ ㄅㄧˇ ㄌㄩˋ	財會金融	1	10	absent			-7.354194117		負債/比率	2.908589914	負債/比率	2.908589914	負債比率	負債比率	負債/比率	負債/比率	False	True	1		phrase.finance.tsv	136	
藥物最佳化	ㄧㄠˋ ㄨˋ ㄗㄨㄟˋ ㄐㄧㄚ ㄏㄨㄚˋ	生技藥學	1	4	absent			-7.354194117		藥物/最佳化	2.907361929	藥物/最佳化	2.907361929	藥物最佳化	藥物最佳化	藥物/最佳化	藥物/最佳化	False	True	1		phrase.biotech-pharma.tsv	88	
公開金鑰	ㄍㄨㄥ ㄎㄞ ㄐㄧㄣ ㄧㄠˋ	網路資安	1	12	absent			-7.354194117		公開/金鑰	2.906075497	公開/金鑰	2.906075497	公開金鑰	公開金鑰	公開/金鑰	公開/金鑰	False	True	1		phrase.network-security.tsv	27	
惡意巨集	ㄜˋ ㄧˋ ㄐㄩˋ ㄐㄧˊ	網路資安	1	10	absent			-7.354194117		惡意/聚集	2.903821822	惡意/聚集	2.903821822	惡意巨集	惡意巨集	惡意/巨集	惡意/巨集	False	True	1		phrase.network-security.tsv	75	
品質計畫書	ㄆㄧㄣˇ ㄓˊ ㄐㄧˋ ㄏㄨㄚˋ ㄕㄨ	建築土木	1	5	absent			-7.354194117		品質/計劃書	2.902714712	品質/計劃書	2.902714712	品質計畫書	品質計畫書	品質/計畫/書	品質計畫書	False	True	1		phrase.civil-engineering.tsv	33	
記憶體鑑識	ㄐㄧˋ ㄧˋ ㄊㄧˇ ㄐㄧㄢˋ ㄕˋ	網路資安	1	4	absent			-7.354194117		記憶體/見識	2.898801021	記憶體/見識	2.898801021	記憶體鑑識	記憶體鑑識	記憶體/鑑識	記憶體/鑑識	False	True	1		phrase.network-security.tsv	145	
義和團運動	ㄧˋ ㄏㄜˊ ㄊㄨㄢˊ ㄩㄣˋ ㄉㄨㄥˋ	歷史	1	3	absent			-7.354194117		義和團/運動	2.895405236	義和團/運動	2.895405236	義和團運動	義和團運動	義和團/運動	義和團/運動	False	True	1		phrase.history.tsv	138	
基因調控	ㄐㄧ ㄧㄣ ㄊㄧㄠˊ ㄎㄨㄥˋ	科學	1	11	absent			-7.354194117		基因/調控	2.890749086	基因/調控	2.890749086	基因調控	基因調控	基因/調控	基因/調控	False	True	1		phrase.science.tsv	24	
可逆過程	ㄎㄜˇ ㄋㄧˋ ㄍㄨㄛˋ ㄔㄥˊ	科學	1	10	absent			-7.354194117		可逆/過程	2.88954066	可逆/過程	2.88954066	可逆過程	可逆過程	可逆/過程	可逆/過程	False	True	1		phrase.science.tsv	19	
充電器設計	ㄔㄨㄥ ㄉㄧㄢˋ ㄑㄧˋ ㄕㄜˋ ㄐㄧˋ	電子電機	1	5	absent			-7.354194117		充電器/設計	2.888870762	充電器/設計	2.888870762	充電器設計	充電器設計	充電器/設計	充電器/設計	False	True	1		phrase.electronics.tsv	21	
電路板設計	ㄉㄧㄢˋ ㄌㄨˋ ㄅㄢˇ ㄕㄜˋ ㄐㄧˋ	電子電機	1	5	absent			-7.354194117		電路板/設計	2.888870762	電路板/設計	2.888870762	電路板設計	電路板設計	電路板/設計	電路板/設計	False	True	1		phrase.electronics.tsv	205	
廢棄物監測	ㄈㄟˋ ㄑㄧˋ ㄨˋ ㄐㄧㄢ ㄘㄜˋ	環境能源	1	5	absent			-7.354194117		廢棄物/監測	2.888632825	廢棄物/監測	2.888632825	廢棄物監測	廢棄物監測	廢棄物/監測	廢棄物/監測	False	True	1		phrase.energy-environment.tsv	42	
災難復原	ㄗㄞ ㄋㄢˋ ㄈㄨˋ ㄩㄢˊ	軟體科學	1	18	absent			-7.354194117		災難/復原	2.886512033	災難/復原	2.886512033	災難復原	災難復原	災難/復原	災難復原	False	True	1		phrase.software.tsv	68	
灰姑娘女孩	ㄏㄨㄟ ㄍㄨ ㄋㄧㄤˊ ㄋㄩˇ ㄏㄞˊ	動漫	1	12	absent			-7.354194117		灰姑娘/女孩	2.886260598	灰姑娘/女孩	2.886260598	灰姑娘女孩	灰姑娘女孩	灰姑娘/女孩	灰姑娘女孩	False	True	1		phrase.anime.tsv	1484	
疲勞試驗	ㄆㄧˊ ㄌㄠˊ ㄕˋ ㄧㄢˋ	材料化工	1	10	absent			-7.354194117		疲勞/試驗	2.880604972	疲勞/試驗	2.880604972	疲勞試驗	疲勞試驗	疲勞/試驗	疲勞/試驗	False	True	1		phrase.materials-chemistry.tsv	74	
幻想殺手	ㄏㄨㄢˋ ㄒㄧㄤˇ ㄕㄚ ㄕㄡˇ	動漫	1	13	absent			-7.354194117		幻想/殺手	2.880415283	幻想/殺手	2.880415283	幻想殺手	幻想殺手	幻想/殺手	幻想殺手	False	True	1		phrase.anime.tsv	926	
營收成長率	ㄧㄥˊ ㄕㄡ ㄔㄥˊ ㄓㄤˇ ㄌㄩˋ	商業	1	4	absent			-7.354194117		營收/成長率	2.873784704	營收/成長率	2.873784704	營收成長率	營收成長率	營收/成長率	營收成長率	False	True	1		phrase.business.tsv	122	
生成模型	ㄕㄥ ㄔㄥˊ ㄇㄛˊ ㄒㄧㄥˊ	AI資料科學	1	14	absent			-7.354194117		生成/模型	2.871163416	生成/模型	2.871163416	生成模型	生成模型	生/成/模型	生成模型	False	True	1		phrase.ai-data-science.tsv	116	
度量學習	ㄉㄨˋ ㄌㄧㄤˊ ㄒㄩㄝˊ ㄒㄧˊ	AI資料科學	1	10	absent			-7.354194117		度量/學習	2.864067013	度量/學習	2.864067013	度量學習	度量學習	度量/學習	度量學習	False	True	1		phrase.ai-data-science.tsv	66	
手機條碼	ㄕㄡˇ ㄐㄧ ㄊㄧㄠˊ ㄇㄚˇ	一般	1	10	absent			-7.354194117		手機/條碼	2.862888465	手機/條碼	2.862888465	手機條碼	手機條碼	手機/條碼	手機/條碼	False	True	1		phrase.general.tsv	59	
委任契約	ㄨㄟˇ ㄖㄣˋ ㄑㄧˋ ㄩㄝ	法律	1	10	absent			-7.354194117		委任/契約	2.856380184	委任/契約	2.856380184	委任契約	委任契約	委任/契約	委任契約	False	True	1		phrase.law.tsv	58	
出租女友	ㄔㄨ ㄗㄨ ㄋㄩˇ ㄧㄡˇ	動漫	1	12	absent			-7.354194117		出租/女友	2.852792487	出租/女友	2.852792487	出租女友	出租女友	出租/女友	出租女友	False	True	1		phrase.anime.tsv	291	
承攬契約	ㄔㄥˊ ㄌㄢˇ ㄑㄧˋ ㄩㄝ	法律	1	10	absent			-7.354194117		承攬/契約	2.850131235	承攬/契約	2.850131235	承攬契約	承攬契約	承攬/契約	承攬/契約	False	True	1		phrase.law.tsv	86	
機械元件	ㄐㄧ ㄒㄧㄝˋ ㄩㄢˊ ㄐㄧㄢˋ	製造機械	1	11	absent			-7.354194117		機械/元件	2.847283392	機械/元件	2.847283392	機械元件	機械元件	機械/元件	機械/元件	False	True	1		phrase.manufacturing.tsv	63	
資料庫稽核	ㄗ ㄌㄧㄠˋ ㄎㄨˋ ㄐㄧ ㄏㄜˊ	網路資安	1	4	absent			-7.354194117		資料庫/稽核	2.843006184	資料庫/稽核	2.843006184	資料庫稽核	資料庫稽核	資料庫/稽核	資料庫/稽核	False	True	1		phrase.network-security.tsv	154	
單一登入	ㄉㄢ ㄧ ㄉㄥ ㄖㄨˋ	網路資安	1	11	absent			-7.354194117		單一/登入	2.83968621	單一/登入	2.83968621	單一登入	單一登入	單一/登入	單一/登入	False	True	1		phrase.network-security.tsv	42	
土壤監測	ㄊㄨˇ ㄖㄤˇ ㄐㄧㄢ ㄘㄜˋ	環境能源	1	11	absent			-7.354194117		土壤/監測	2.836760676	土壤/監測	2.836760676	土壤監測	土壤監測	土壤/監測	土壤/監測	False	True	1		phrase.energy-environment.tsv	21	
奈米過濾	ㄋㄞˋ ㄇㄧˇ ㄍㄨㄛˋ ㄌㄩˋ	材料化工	1	11	absent			-7.354194117		奈米/過濾	2.835522281	奈米/過濾	2.835522281	奈米過濾	奈米過濾	奈米/過濾	奈米/過濾	False	True	1		phrase.materials-chemistry.tsv	29	
釣魚簡訊	ㄉㄧㄠˋ ㄩˊ ㄐㄧㄢˇ ㄒㄩㄣˋ	一般	1	12	absent			-7.354194117		釣魚/簡訊	2.834261171	釣魚/簡訊	2.834261171	釣魚簡訊	釣魚簡訊	釣魚/簡訊	釣魚/簡訊	False	True	1		phrase.general.tsv	158	
超音波檢查	ㄔㄠ ㄧㄣ ㄅㄛ ㄐㄧㄢˇ ㄔㄚˊ	醫學	1	16	absent			-7.354194117		超音波/檢查	2.834051341	超音波/檢查	2.834051341	超音波檢查	超音波檢查	超音波/檢查	超音波/檢查	False	True	1		phrase.medicine.tsv	231	
借貸法則	ㄐㄧㄝˋ ㄉㄞˋ ㄈㄚˇ ㄗㄜˊ	財會金融	1	10	absent			-7.354194117		借貸/法則	2.832768343	借貸/法則	2.832768343	借貸法則	借貸法則	借貸/法則	借貸/法則	False	True	1		phrase.finance.tsv	14	
九條可憐	ㄐㄧㄡˇ ㄊㄧㄠˊ ㄎㄜˇ ㄌㄧㄢˊ	動漫	1	10	absent			-7.354194117		九條/可憐	2.829720102	九條/可憐	2.829720102	九條可憐	九條可憐	九條/可憐	九條可憐	False	True	1		phrase.anime.tsv	99	
資本公積	ㄗ ㄅㄣˇ ㄍㄨㄥ ㄐㄧ	財會金融	1	11	absent			-7.354194117		資本/公雞	2.829214135	資本/公雞	2.829214135	資本公積	資本公積	資本/公/積	資本公積	False	True	1		phrase.finance.tsv	148	
倉位管理	ㄘㄤ ㄨㄟˋ ㄍㄨㄢˇ ㄌㄧˇ	交通物流	1	12	absent			-7.354194117		艙位/管理	2.825791679	艙位/管理	2.825791679	倉位管理	倉位管理	倉/位/管理	倉位管理	False	True	1		phrase.transport-logistics.tsv	12	
認知失調	ㄖㄣˋ ㄓ ㄕ ㄊㄧㄠˊ	心理社會	1	11	absent			-7.354194117		認知/失調	2.817130975	認知/失調	2.817130975	認知失調	認知失調	認知/失調	認知/失調	False	True	1		phrase.psychology-society.tsv	79	
撤銷訴訟	ㄔㄜˋ ㄒㄧㄠ ㄙㄨˋ ㄙㄨㄥˋ	法律	1	10	absent			-7.354194117		撤銷/訴訟	2.813739504	撤銷/訴訟	2.813739504	撤銷訴訟	撤銷訴訟	撤銷/訴訟	撤銷/訴訟	False	True	1		phrase.law.tsv	93	
使用權資產	ㄕˇ ㄩㄥˋ ㄑㄩㄢˊ ㄗ ㄔㄢˇ	財會金融	1	3	absent			-7.354194117		使用權/資產	2.813414311	使用權/資產	2.813414311	使用權資產	使用權資產	使用權/資產	使用權資產	False	True	1		phrase.finance.tsv	8	
氣候減緩	ㄑㄧˋ ㄏㄡˋ ㄐㄧㄢˇ ㄏㄨㄢˇ	環境能源	1	11	absent			-7.354194117		氣候/減緩	2.811518044	氣候/減緩	2.811518044	氣候減緩	氣候減緩	氣候/減緩	氣候/減緩	False	True	1		phrase.energy-environment.tsv	59	
固定污染源	ㄍㄨˋ ㄉㄧㄥˋ ㄨ ㄖㄢˇ ㄩㄢˊ	環境能源	1	4	absent			-7.354194117		固定/污染源	2.809258351	固定/污染源	2.809258351	固定污染源	固定污染源	固定/污染源	固定/污染源	False	True	1		phrase.energy-environment.tsv	18	
外牆工程	ㄨㄞˋ ㄑㄧㄤˊ ㄍㄨㄥ ㄔㄥˊ	建築土木	1	11	absent			-7.354194117		外牆/工程	2.809072637	外牆/工程	2.809072637	外牆工程	外牆工程	外牆/工程	外牆/工程	False	True	1		phrase.civil-engineering.tsv	64	
取樣試驗	ㄑㄩˇ ㄧㄤˋ ㄕˋ ㄧㄢˋ	建築土木	1	13	absent			-7.354194117		取樣/試驗	2.806222609	取樣/試驗	2.806222609	取樣試驗	取樣試驗	取樣/試驗	取樣/試驗	False	True	1		phrase.civil-engineering.tsv	26	
混凝土施工	ㄏㄨㄣˋ ㄋㄧㄥˊ ㄊㄨˇ ㄕ ㄍㄨㄥ	建築土木	1	3	absent			-7.354194117		混凝土/施工	2.806025896	混凝土/施工	2.806025896	混凝土施工	混凝土施工	混凝土/施工	混凝土/施工	False	True	1		phrase.civil-engineering.tsv	155	
結構化資料	ㄐㄧㄝˊ ㄍㄡˋ ㄏㄨㄚˋ ㄗ ㄌㄧㄠˋ	AI資料科學	1	5	absent			-7.354194117		結構化/資料	2.801355623	結構化/資料	2.801355623	結構化資料	結構化資料	結構化/資料	結構化/資料	False	True	1		phrase.ai-data-science.tsv	124	
故障轉移	ㄍㄨˋ ㄓㄤˋ ㄓㄨㄢˇ ㄧˊ	軟體科學	1	18	absent			-7.354194117		故障/轉移	2.800602336	故障/轉移	2.800602336	故障轉移	故障轉移	故障/轉移	故障/轉移	False	True	1		phrase.software.tsv	51	
稽核案件	ㄐㄧ ㄏㄜˊ ㄢˋ ㄐㄧㄢˋ	公務員公文	1	15	absent			-7.354194117		稽核/案件	2.800602336	稽核/案件	2.800602336	稽核案件	稽核案件	稽核/案件	稽核/案件	False	True	1		phrase.government.tsv	54	
中輟預防	ㄓㄨㄥ ㄔㄨㄛˋ ㄩˋ ㄈㄤˊ	教育	1	10	absent			-7.354194117		中輟/預防	2.799438526	中輟/預防	2.799438526	中輟預防	中輟預防	中輟/預防	中輟預防	False	True	1		phrase.education.tsv	3	
天線模擬	ㄊㄧㄢ ㄒㄧㄢˋ ㄇㄛˊ ㄋㄧˇ	電子電機	1	10	absent			-7.354194117		天線/模擬	2.798229533	天線/模擬	2.798229533	天線模擬	天線模擬	天線/模擬	天線/模擬	False	True	1		phrase.electronics.tsv	61	
容器格式	ㄖㄨㄥˊ ㄑㄧˋ ㄍㄜˊ ㄕˋ	媒體設計	1	10	absent			-7.354194117		容器/格式	2.795701548	容器/格式	2.795701548	容器格式	容器格式	容器/格式	容器/格式	False	True	1		phrase.media-design.tsv	34	
地盤施工	ㄉㄧˋ ㄆㄢˊ ㄕ ㄍㄨㄥ	建築土木	1	10	absent			-7.354194117		地盤/施工	2.794287492	地盤/施工	2.794287492	地盤施工	地盤施工	地盤/施工	地盤/施工	False	True	1		phrase.civil-engineering.tsv	48	
熱量傳遞	ㄖㄜˋ ㄌㄧㄤˋ ㄔㄨㄢˊ ㄉㄧˋ	材料化工	1	10	absent			-7.354194117		熱量/傳遞	2.791425574	熱量/傳遞	2.791425574	熱量傳遞	熱量傳遞	熱量/傳遞	熱量傳遞	False	True	1		phrase.materials-chemistry.tsv	66	
嵌入模型	ㄑㄧㄢ ㄖㄨˋ ㄇㄛˊ ㄒㄧㄥˊ	AI資料科學	1	14	absent			-7.354194117		嵌入/模型	2.790428342	嵌入/模型	2.790428342	嵌入模型	嵌入模型	嵌入/模型	嵌入/模型	False	True	1		phrase.ai-data-science.tsv	62	
數位簽章	ㄕㄨˋ ㄨㄟˋ ㄑㄧㄢ ㄓㄤ	網路資安	1	11	absent			-7.354194117		數位/簽章	2.785476242	數位/簽章	2.785476242	數位簽章	數位簽章	數位/簽章	數位/簽章	False	True	1		phrase.network-security.tsv	89	
明清時期	ㄇㄧㄥˊ ㄑㄧㄥ ㄕˊ ㄑㄧˊ	歷史	1	10	absent			-7.354194117		明清/時期	2.783884732	明清/時期	2.783884732	明清時期	明清時期	明清/時期	明清/時期	False	True	1		phrase.history.tsv	88	
秦漢時期	ㄑㄧㄣˊ ㄏㄢˋ ㄕˊ ㄑㄧˊ	歷史	1	10	absent			-7.354194117		秦漢/時期	2.783884732	秦漢/時期	2.783884732	秦漢時期	秦漢時期	秦漢/時期	秦漢時期	False	True	1		phrase.history.tsv	125	
氣候調適	ㄑㄧˋ ㄏㄡˋ ㄊㄧㄠˊ ㄕˋ	環境能源	1	11	absent			-7.354194117		氣候/調適	2.783184445	氣候/調適	2.783184445	氣候調適	氣候調適	氣候/調適	氣候/調適	False	True	1		phrase.energy-environment.tsv	60	
權益乘數	ㄑㄩㄢˊ ㄧˋ ㄔㄥˊ ㄕㄨˋ	財會金融	1	11	absent			-7.354194117		權益/成數	2.780093368	權益/成數	2.780093368	權益乘數	權益乘數	權益/乘數	權益/乘數	False	True	1		phrase.finance.tsv	80	
模型推論	ㄇㄛˊ ㄒㄧㄥˊ ㄊㄨㄟ ㄌㄨㄣˋ	一般	1	13	absent			-7.354194117		模型/推論	2.778948524	模型/推論	2.778948524	模型推論	模型推論	模型/推論	模型/推論	False	True	1		phrase.general.tsv	79	
擴散製程	ㄎㄨㄛˋ ㄙㄢˋ ㄓˋ ㄔㄥˊ	晶片半導體	1	14	absent			-7.354194117		擴散/製成	2.774856473	擴散/製成	2.774856473	擴散製程	擴散製程	擴散/製程	擴散/製程	False	True	1		phrase.semiconductor.tsv	58	
守門理論	ㄕㄡˇ ㄇㄣˊ ㄌㄧˇ ㄌㄨㄣˋ	媒體設計	1	10	absent			-7.354194117		守門/理論	2.770315519	守門/理論	2.770315519	守門理論	守門理論	守門/理論	守門/理論	False	True	1		phrase.media-design.tsv	33	
人才盤點	ㄖㄣˊ ㄘㄞˊ ㄆㄢˊ ㄉㄧㄢˇ	商業	1	11	absent			-7.354194117		人才/盤點	2.770236275	人才/盤點	2.770236275	人才盤點	人才盤點	人才/盤點	人才/盤點	False	True	1		phrase.business.tsv	14	
混凝土檢驗	ㄏㄨㄣˋ ㄋㄧㄥˊ ㄊㄨˇ ㄐㄧㄢˇ ㄧㄢˋ	建築土木	1	4	absent			-7.354194117		混凝土/檢驗	2.769060642	混凝土/檢驗	2.769060642	混凝土檢驗	混凝土檢驗	混凝土/檢驗	混凝土/檢驗	False	True	1		phrase.civil-engineering.tsv	157	
緊急避難	ㄐㄧㄣˇ ㄐㄧˊ ㄅㄧˋ ㄋㄢˋ	法律	1	11	absent			-7.354194117		緊急/避難	2.768936482	緊急/避難	2.768936482	緊急避難	緊急避難	緊急/避難	緊急/避難	False	True	1		phrase.law.tsv	140	
合成生物學	ㄏㄜˊ ㄔㄥˊ ㄕㄥ ㄨˋ ㄒㄩㄝˊ	生技藥學	1	4	absent			-7.354194117		合成/生物學	2.766370946	合成/生物學	2.766370946	合成生物學	合成生物學	合成/生物學	合成/生物學	False	True	1		phrase.biotech-pharma.tsv	26	
微分控制	ㄨㄟˊ ㄈㄣ ㄎㄨㄥˋ ㄓˋ	電子電機	1	11	absent			-7.354194117		微分/控制	2.765810349	微分/控制	2.765810349	微分控制	微分控制	微分/控制	微分/控制	False	True	1		phrase.electronics.tsv	82	
視覺特效	ㄕˋ ㄐㄩㄝˊ ㄊㄜˋ ㄒㄧㄠˋ	媒體設計	1	11	absent			-7.354194117		視覺/特效	2.765317621	視覺/特效	2.765317621	視覺特效	視覺特效	視覺/特效	視覺/特效	False	True	1		phrase.media-design.tsv	81	
彎曲試驗	ㄨㄢ ㄑㄩ ㄕˋ ㄧㄢˋ	材料化工	1	10	absent			-7.354194117		彎曲/試驗	2.764099403	彎曲/試驗	2.764099403	彎曲試驗	彎曲試驗	彎曲/試驗	彎曲試驗	False	True	1		phrase.materials-chemistry.tsv	33	
自動倉儲	ㄗˋ ㄉㄨㄥˋ ㄘㄤ ㄔㄨˊ	交通物流	1	11	absent			-7.354194117		自動/倉儲	2.75971317	自動/倉儲	2.75971317	自動倉儲	自動倉儲	自動/倉儲	自動/倉儲	False	True	1		phrase.transport-logistics.tsv	81	
合約負債	ㄏㄜˊ ㄩㄝ ㄈㄨˋ ㄓㄞˋ	財會金融	1	11	absent			-7.354194117		合約/負債	2.759470171	合約/負債	2.759470171	合約負債	合約負債	合約/負債	合約/負債	False	True	1		phrase.finance.tsv	27	
存續期間	ㄘㄨㄣˊ ㄒㄩˋ ㄑㄧˊ ㄐㄧㄢ	財會金融	1	13	absent			-7.354194117		存續/期間	2.759139028	存續/期間	2.759139028	存續期間	存續期間	存續/期間	存續期間	False	True	1		phrase.finance.tsv	35	
土壤改良	ㄊㄨˇ ㄖㄤˇ ㄍㄞˇ ㄌㄧㄤˊ	農業食品	1	16	absent			-7.354194117		土壤/改良	2.758576663	土壤/改良	2.758576663	土壤改良	土壤改良	土壤/改良	土壤/改良	False	True	1		phrase.agriculture-food.tsv	11	
地盤檢驗	ㄉㄧˋ ㄆㄢˊ ㄐㄧㄢˇ ㄧㄢˋ	建築土木	1	11	absent			-7.354194117		地盤/檢驗	2.757322239	地盤/檢驗	2.757322239	地盤檢驗	地盤檢驗	地盤/檢驗	地盤/檢驗	False	True	1		phrase.civil-engineering.tsv	49	
正當防衛	ㄓㄥˋ ㄉㄤ ㄈㄤˊ ㄨㄟˋ	法律	1	11	absent			-7.354194117		正當/防衛	2.757322239	正當/防衛	2.757322239	正當防衛	正當防衛	正當/防衛	正當防衛	False	True	1		phrase.law.tsv	109	
反應級數	ㄈㄢˇ ㄧㄥˋ ㄐㄧˊ ㄕㄨˋ	材料化工	1	12	absent			-7.354194117		反應/級數	2.753678615	反應/級數	2.753678615	反應級數	反應級數	反應/級數	反應/級數	False	True	1		phrase.materials-chemistry.tsv	18	
魔法公主	ㄇㄛˊ ㄈㄚˇ ㄍㄨㄥ ㄓㄨˇ	動漫	1	25	absent			-7.354194117		魔法/公主	2.751136396	魔法/公主	2.751136396	魔法公主	魔法公主	魔法/公主	魔法公主	False	True	1		phrase.anime.tsv	2469	
航空貨運	ㄏㄤˊ ㄎㄨㄥ ㄏㄨㄛˋ ㄩㄣˋ	交通物流	1	11	absent			-7.354194117		航空/貨運	2.750249042	航空/貨運	2.750249042	航空貨運	航空貨運	航空/貨運	航空/貨運	False	True	1		phrase.transport-logistics.tsv	88	
古典力學	ㄍㄨˇ ㄉㄧㄢˇ ㄌㄧˋ ㄒㄩㄝˊ	科學	1	11	absent			-7.354194117		古典/力學	2.750227422	古典/力學	2.750227422	古典力學	古典力學	古典/力學	古典/力學	False	True	1		phrase.science.tsv	18	
腐蝕測試	ㄈㄨˇ ㄕˊ ㄘㄜˋ ㄕˋ	材料化工	1	16	absent			-7.354194117		腐蝕/測試	2.750227422	腐蝕/測試	2.750227422	腐蝕測試	腐蝕測試	腐蝕/測試	腐蝕/測試	False	True	1		phrase.materials-chemistry.tsv	86	
簡易判決	ㄐㄧㄢˇ ㄧˋ ㄆㄢˋ ㄐㄩㄝˊ	法律	1	10	absent			-7.354194117		簡易/判決	2.748372105	簡易/判決	2.748372105	簡易判決	簡易判決	簡易/判決	簡易/判決	False	True	1		phrase.law.tsv	133	
容積移轉	ㄖㄨㄥˊ ㄐㄧ ㄧˊ ㄓㄨㄢˇ	建築土木	1	10	absent			-7.354194117		容積/移轉	2.74622468	容積/移轉	2.74622468	容積移轉	容積移轉	容積/移轉	容積移轉	False	True	1		phrase.civil-engineering.tsv	70	
框架效應	ㄎㄨㄤ ㄐㄧㄚˋ ㄒㄧㄠˋ ㄧㄥˋ	心理社會	1	10	absent			-7.354194117		框架/效應	2.744984021	框架/效應	2.744984021	框架效應	框架效應	框架/效應	框架/效應	False	True	1		phrase.psychology-society.tsv	37	
傳聞法則	ㄔㄨㄢˊ ㄨㄣˊ ㄈㄚˇ ㄗㄜˊ	法律	1	10	absent			-7.354194117		傳聞/法則	2.744813173	傳聞/法則	2.744813173	傳聞法則	傳聞法則	傳聞/法則	傳聞/法則	False	True	1		phrase.law.tsv	23	
暴力破解	ㄅㄠˋ ㄌㄧˋ ㄆㄛˋ ㄐㄧㄝˇ	網路資安	1	11	absent			-7.354194117		暴力/破解	2.74302332	暴力/破解	2.74302332	暴力破解	暴力破解	暴力/破解	暴力破解	False	True	1		phrase.network-security.tsv	93	
質量傳遞	ㄓˊ ㄌㄧㄤˋ ㄔㄨㄢˊ ㄉㄧˋ	材料化工	1	10	absent			-7.354194117		質量/傳遞	2.741940211	質量/傳遞	2.741940211	質量傳遞	質量傳遞	質量/傳遞	質量/傳遞	False	True	1		phrase.materials-chemistry.tsv	96	
綜合損益	ㄗㄨㄥˋ ㄏㄜˊ ㄙㄨㄣˇ ㄧˋ	財會金融	1	11	absent			-7.354194117		綜合/損益	2.741579775	綜合/損益	2.741579775	綜合損益	綜合損益	綜合/損益	綜合/損益	False	True	1		phrase.finance.tsv	122	
操作制約	ㄘㄠ ㄗㄨㄛˋ ㄓˋ ㄩㄝ	心理社會	1	11	absent			-7.354194117		操作/制約	2.740288899	操作/制約	2.740288899	操作制約	操作制約	操作/制約	操作/制約	False	True	1		phrase.psychology-society.tsv	34	
拋棄繼承	ㄆㄠ ㄑㄧˋ ㄐㄧˋ ㄔㄥˊ	法律	1	10	absent			-7.354194117		拋棄/計程	2.738770164	拋棄/計程	2.738770164	拋棄繼承	拋棄繼承	拋棄/繼承	拋棄/繼承	False	True	1		phrase.law.tsv	88	
排隊長度	ㄆㄞˊ ㄉㄨㄟˋ ㄔㄤˊ ㄉㄨˋ	交通物流	1	10	absent			-7.354194117		排隊/長度	2.737750113	排隊/長度	2.737750113	排隊長度	排隊長度	排隊/長度	排隊/長度	False	True	1		phrase.transport-logistics.tsv	45	
市占率分析	ㄕˋ ㄓㄢˋ ㄌㄩˋ ㄈㄣ ㄒㄧ	商業	1	5	absent			-7.354194117		市占率/分析	2.734203893	市占率/分析	2.734203893	市占率分析	市占率分析	市占率/分析	市占率/分析	False	True	1		phrase.business.tsv	86	
魔法少女	ㄇㄛˊ ㄈㄚˇ ㄕㄠˋ ㄋㄩˇ	動漫	1	26	absent			-7.354194117		魔法/少女	2.733745733	魔法/少女	2.733745733	魔法少女	魔法少女	魔法/少女	魔法少女	False	True	1		phrase.anime.tsv	2470	
死亡筆記本	ㄙˇ ㄨㄤˊ ㄅㄧˇ ㄐㄧˋ ㄅㄣˇ	動漫	1	26	absent			-7.354194117		死亡/筆記本	2.723776413	死亡/筆記本	2.723776413	死亡筆記本	死亡筆記本	死亡/筆記本	死亡筆記本	False	True	1		phrase.anime.tsv	1337	
破壞韌性	ㄆㄛˋ ㄏㄨㄞˋ ㄖㄣˋ ㄒㄧㄥˋ	製造機械	1	11	absent			-7.354194117		破壞/任性	2.723623874	破壞/任性	2.723623874	破壞韌性	破壞韌性	破壞/韌性	破壞/韌性	False	True	1		phrase.manufacturing.tsv	95	
同步馬達	ㄊㄨㄥˊ ㄅㄨˋ ㄇㄚˇ ㄉㄚˊ	電子電機	1	13	absent			-7.354194117		同步/馬達	2.723075176	同步/馬達	2.723075176	同步馬達	同步馬達	同步/馬達	同步/馬達	False	True	1		phrase.electronics.tsv	47	
市占率目標	ㄕˋ ㄓㄢˋ ㄌㄩˋ ㄇㄨˋ ㄅㄧㄠ	商業	1	4	absent			-7.354194117		市占率/目標	2.721716579	市占率/目標	2.721716579	市占率目標	市占率目標	市占率/目標	市占率/目標	False	True	1		phrase.business.tsv	87	
檢索模型	ㄐㄧㄢˇ ㄙㄨㄛˇ ㄇㄛˊ ㄒㄧㄥˊ	AI資料科學	1	14	absent			-7.354194117		檢索/模型	2.719072434	檢索/模型	2.719072434	檢索模型	檢索模型	檢索/模型	檢索/模型	False	True	1		phrase.ai-data-science.tsv	107	
訴願案件	ㄙㄨˋ ㄩㄢˋ ㄢˋ ㄐㄧㄢˋ	公務員公文	1	15	absent			-7.354194117		訴願/案件	2.71726513	訴願/案件	2.71726513	訴願案件	訴願案件	訴願/案件	訴願案件	False	True	1		phrase.government.tsv	66	
假設複句	ㄐㄧㄚˇ ㄕㄜˋ ㄈㄨˋ ㄐㄩˋ	中文	1	11	absent			-7.354194117		假設/複句	2.715475294	假設/複句	2.715475294	假設複句	假設複句	假設/複句	假設/複句	False	True	1		phrase.chinese.tsv	21	
伺服器晶片	ㄙˋ ㄈㄨˊ ㄑㄧˋ ㄐㄧㄥ ㄆㄧㄢˋ	一般	1	8	absent			-7.354194117		伺服器/晶片	2.712244328	伺服器/晶片	2.712244328	伺服器晶片	伺服器晶片	伺服器/晶片	伺服器晶片	False	True	1		phrase.general.tsv	7	
雜訊分析	ㄗㄚˊ ㄒㄩㄣˋ ㄈㄣ ㄒㄧ	電子電機	1	19	absent			-7.354194117		雜訊/分析	2.711927498	雜訊/分析	2.711927498	雜訊分析	雜訊分析	雜訊/分析	雜訊/分析	False	True	1		phrase.electronics.tsv	192	
凍結乾燥	ㄉㄨㄥˋ ㄐㄧㄝˊ ㄍㄢ ㄗㄠˋ	農業食品	1	14	absent			-7.354194117		凍結/乾燥	2.705677984	凍結/乾燥	2.705677984	凍結乾燥	凍結乾燥	凍結/乾燥	凍結乾燥	False	True	1		phrase.agriculture-food.tsv	3	
顧客滿意度	ㄍㄨˋ ㄎㄜˋ ㄇㄢˇ ㄧˋ ㄉㄨˋ	商業	1	4	absent			-7.354194117		顧客/滿意度	2.704781365	顧客/滿意度	2.704781365	顧客滿意度	顧客滿意度	顧客/滿意度	顧客/滿意度	False	True	1		phrase.business.tsv	183	
反向形成	ㄈㄢˇ ㄒㄧㄤˋ ㄒㄧㄥˊ ㄔㄥˊ	心理社會	1	10	absent			-7.354194117		反向/形成	2.702102564	反向/形成	2.702102564	反向形成	反向形成	反向/形成	反向形成	False	True	1		phrase.psychology-society.tsv	17	
分封制度	ㄈㄣ ㄈㄥ ㄓˋ ㄉㄨˋ	歷史	1	10	absent			-7.354194117		分封/制度	2.701648033	分封/制度	2.701648033	分封制度	分封制度	分封/制度	分封制度	False	True	1		phrase.history.tsv	25	
藥師少女	ㄧㄠˋ ㄕ ㄕㄠˋ ㄋㄩˇ	動漫	1	24	absent			-7.354194117		藥師/少女	2.701561049	藥師/少女	2.701561049	藥師少女	藥師少女	藥師/少女	藥師少女	False	True	1		phrase.anime.tsv	2034	
黑暗集會	ㄏㄟ ㄢˋ ㄐㄧˊ ㄏㄨㄟˋ	動漫	1	20	absent			-7.354194117		黑暗/集會	2.69811509	黑暗/集會	2.69811509	黑暗集會	黑暗集會	黑暗/集會	黑暗集會	False	True	1		phrase.anime.tsv	2519	
即時監控	ㄐㄧˊ ㄕˊ ㄐㄧㄢ ㄎㄨㄥˋ	交通物流	1	13	absent			-7.354194117		即時/監控	2.697588097	即時/監控	2.697588097	即時監控	即時監控	即時/監控	即時/監控	False	True	1		phrase.transport-logistics.tsv	27	
薄膜材料	ㄅㄛˊ ㄇㄛˊ ㄘㄞˊ ㄌㄧㄠˋ	材料化工	1	12	absent			-7.354194117		薄膜/材料	2.692722189	薄膜/材料	2.692722189	薄膜材料	薄膜材料	薄膜/材料	薄膜/材料	False	True	1		phrase.materials-chemistry.tsv	89	
胚胎幹細胞	ㄆㄟ ㄊㄞ ㄍㄢˋ ㄒㄧˋ ㄅㄠ	生技藥學	1	3	absent			-7.354194117		胚胎/幹細胞	2.691436286	胚胎/幹細胞	2.691436286	胚胎幹細胞	胚胎幹細胞	胚胎/幹細胞	胚胎幹細胞	False	True	1		phrase.biotech-pharma.tsv	80	
分散式能源	ㄈㄣ ㄙㄢˋ ㄕˋ ㄋㄥˊ ㄩㄢˊ	環境能源	1	3	absent			-7.354194117		分散式/能源	2.689777808	分散式/能源	2.689777808	分散式能源	分散式能源	分散式/能源	分散式/能源	False	True	1		phrase.energy-environment.tsv	11	
接駁運輸	ㄐㄧㄝ ㄅㄛˊ ㄩㄣˋ ㄕㄨ	交通物流	1	10	absent			-7.354194117		接駁/運輸	2.689467547	接駁/運輸	2.689467547	接駁運輸	接駁運輸	接駁/運輸	接駁/運輸	False	True	1		phrase.transport-logistics.tsv	46	
威脅獵捕	ㄨㄟ ㄒㄧㄝˊ ㄌㄧㄝˋ ㄅㄨˇ	網路資安	1	11	absent			-7.354194117		威脅/獵捕	2.684644807	威脅/獵捕	2.684644807	威脅獵捕	威脅獵捕	威脅/獵捕	威脅/獵捕	False	True	1		phrase.network-security.tsv	53	
雷射加工	ㄌㄟˊ ㄕㄜˋ ㄐㄧㄚ ㄍㄨㄥ	製造機械	1	10	absent			-7.354194117		雷射/加工	2.683558688	雷射/加工	2.683558688	雷射加工	雷射加工	雷射/加工	雷射/加工	False	True	1		phrase.manufacturing.tsv	140	
物件儲存	ㄨˋ ㄐㄧㄢˋ ㄔㄨˊ ㄘㄨㄣˊ	軟體科學	1	8	absent			-7.354194117		物件/儲存	2.681228538	物件/儲存	2.681228538	物件儲存	物件儲存	物件/儲存	物件/儲存	False	True	1		phrase.software.tsv	71	
土石流防治	ㄊㄨˇ ㄕˊ ㄌㄧㄡˊ ㄈㄤˊ ㄓˋ	建築土木	1	3	absent			-7.354194117		土石流/防治	2.679957782	土石流/防治	2.679957782	土石流防治	土石流防治	土石流/防治	土石流防治	False	True	1		phrase.civil-engineering.tsv	40	
五大人格	ㄨˇ ㄉㄚˋ ㄖㄣˊ ㄍㄜˊ	心理社會	1	10	absent			-7.354194117		五大/人格	2.676441208	五大/人格	2.676441208	五大人格	五大人格	五大/人格	五大人格	False	True	1		phrase.psychology-society.tsv	2	
連續對焦	ㄌㄧㄢˊ ㄒㄩˋ ㄉㄨㄟˋ ㄐㄧㄠ	媒體設計	1	11	absent			-7.354194117		連續/對焦	2.676058304	連續/對焦	2.676058304	連續對焦	連續對焦	連續/對焦	連續/對焦	False	True	1		phrase.media-design.tsv	90	
口碑行銷	ㄎㄡˇ ㄅㄟ ㄒㄧㄥˊ ㄒㄧㄠ	商業	1	11	absent			-7.354194117		口碑/行銷	2.675275316	口碑/行銷	2.675275316	口碑行銷	口碑行銷	口碑/行銷	口碑行銷	False	True	1		phrase.business.tsv	38	
抽樣檢驗	ㄔㄡ ㄧㄤˋ ㄐㄧㄢˇ ㄧㄢˋ	工業工程	1	11	absent			-7.354194117		抽樣/檢驗	2.67334211	抽樣/檢驗	2.67334211	抽樣檢驗	抽樣檢驗	抽樣/檢驗	抽樣/檢驗	False	True	1		phrase.industrial-engineering.tsv	55	
高速婆婆	ㄍㄠ ㄙㄨˋ ㄆㄛˊ ㄆㄛˊ	動漫	1	11	absent			-7.354194117		高速/婆婆	2.671697053	高速/婆婆	2.671697053	高速婆婆	高速婆婆	高速/婆婆	高速婆婆	False	True	1		phrase.anime.tsv	2449	
列管案件	ㄌㄧㄝˋ ㄍㄨㄢˇ ㄢˋ ㄐㄧㄢˋ	公務員公文	1	15	absent			-7.354194117		列管/案件	2.671507639	列管/案件	2.671507639	列管案件	列管案件	列管/案件	列管/案件	False	True	1		phrase.government.tsv	20	
命令注入	ㄇㄧㄥˋ ㄌㄧㄥˋ ㄓㄨˋ ㄖㄨˋ	網路資安	1	11	absent			-7.354194117		命令/注入	2.671507639	命令/注入	2.671507639	命令注入	命令注入	命令/注入	命令注入	False	True	1		phrase.network-security.tsv	40	
邊緣運算	ㄅㄧㄢ ㄩㄢˊ ㄩㄣˋ ㄙㄨㄢˋ	一般	1	8	absent			-7.354194117		邊緣/運算	2.668703178	邊緣/運算	2.668703178	邊緣運算	邊緣運算	邊緣/運算	邊緣/運算	False	True	1		phrase.general.tsv	153	
批次處理	ㄆㄧ ㄘˋ ㄔㄨˇ ㄌㄧˇ	AI資料科學	1	11	absent			-7.354194117		批次/處理	2.667575721	批次/處理	2.667575721	批次處理	批次處理	批次/處理	批次/處理	False	True	1		phrase.ai-data-science.tsv	77	
時脈設計	ㄕˊ ㄇㄞˋ ㄕㄜˋ ㄐㄧˋ	電子電機	1	12	absent			-7.354194117		時脈/設計	2.667022013	時脈/設計	2.667022013	時脈設計	時脈設計	時脈/設計	時脈/設計	False	True	1		phrase.electronics.tsv	118	
壓縮試驗	ㄧㄚ ㄙㄨㄛ ㄕˋ ㄧㄢˋ	材料化工	1	10	absent			-7.354194117		壓縮/試驗	2.660669417	壓縮/試驗	2.660669417	壓縮試驗	壓縮試驗	壓縮/試驗	壓縮/試驗	False	True	1		phrase.materials-chemistry.tsv	24	
精實生產	ㄐㄧㄥ ㄕˊ ㄕㄥ ㄔㄢˇ	製造機械	1	10	absent			-7.354194117		精實/生產	2.659588918	精實/生產	2.659588918	精實生產	精實生產	精實/生產	精實生產	False	True	1		phrase.manufacturing.tsv	102	
靈魂共鳴	ㄌㄧㄥˊ ㄏㄨㄣˊ ㄍㄨㄥˋ ㄇㄧㄥˊ	動漫	1	11	absent			-7.354194117		靈魂/共鳴	2.658887595	靈魂/共鳴	2.658887595	靈魂共鳴	靈魂共鳴	靈魂/共鳴	靈魂共鳴	False	True	1		phrase.anime.tsv	2357	
古代漢語	ㄍㄨˇ ㄉㄞˋ ㄏㄢˋ ㄩˇ	中文	1	11	absent			-7.354194117		古代/漢語	2.65876498	古代/漢語	2.65876498	古代漢語	古代漢語	古代/漢語	古代/漢語	False	True	1		phrase.chinese.tsv	36	
連帶債務	ㄌㄧㄢˊ ㄉㄞˋ ㄓㄞˋ ㄨˋ	法律	1	10	absent			-7.354194117		連帶/債務	2.656485397	連帶/債務	2.656485397	連帶債務	連帶債務	連帶/債務	連帶債務	False	True	1		phrase.law.tsv	178	
趨向動詞	ㄑㄩ ㄒㄧㄤˋ ㄉㄨㄥˋ ㄘˊ	中文	1	10	absent			-7.354194117		趨向/動詞	2.648509973	趨向/動詞	2.648509973	趨向動詞	趨向動詞	趨向/動詞	趨向動詞	False	True	1		phrase.chinese.tsv	132	
真正的戰士	ㄓㄣ ㄓㄥˋ ㄉㄜ˙ ㄓㄢˋ ㄕˋ	動漫	1	13	absent			-7.354194117		真正的/戰士	2.639730233	真正的/戰士	2.639730233	真正的戰士	真正的戰士	真正的/戰士	真正的戰士	False	True	1		phrase.anime.tsv	1653	
力學性質	ㄌㄧˋ ㄒㄩㄝˊ ㄒㄧㄥˋ ㄓˊ	材料化工	1	15	absent			-7.354194117		力學/性質	2.638299361	力學/性質	2.638299361	力學性質	力學性質	力學/性質	力學/性質	False	True	1		phrase.materials-chemistry.tsv	8	
負債預測	ㄈㄨˋ ㄓㄞˋ ㄩˋ ㄘㄜˋ	財會金融	1	10	absent			-7.354194117		負債/預測	2.635775476	負債/預測	2.635775476	負債預測	負債預測	負債/預測	負債/預測	False	True	1		phrase.finance.tsv	138	
婚姻撤銷	ㄏㄨㄣ ㄧㄣ ㄔㄜˋ ㄒㄧㄠ	法律	1	11	absent			-7.354194117		婚姻/撤銷	2.634688816	婚姻/撤銷	2.634688816	婚姻撤銷	婚姻撤銷	婚姻/撤銷	婚姻/撤銷	False	True	1		phrase.law.tsv	59	
一致性原則	ㄧ ㄓˋ ㄒㄧㄥˋ ㄩㄢˊ ㄗㄜˊ	財會金融	1	3	absent			-7.354194117		一致性/原則	2.63399759	一致性/原則	2.63399759	一致性原則	一致性原則	一致性/原則	一致性/原則	False	True	1		phrase.finance.tsv	2	
臨床心理學	ㄌㄧㄣˊ ㄔㄨㄤˊ ㄒㄧㄣ ㄌㄧˇ ㄒㄩㄝˊ	心理社會	1	4	absent			-7.354194117		臨床/心理學	2.631017666	臨床/心理學	2.631017666	臨床心理學	臨床心理學	臨床/心理學	臨床/心理學	False	True	1		phrase.psychology-society.tsv	70	
少女漫畫家	ㄕㄠˋ ㄋㄩˇ ㄇㄢˋ ㄏㄨㄚˋ ㄐㄧㄚ	動漫	1	13	absent			-7.354194117		少女/漫畫家	2.630205141	少女/漫畫家	2.630205141	少女漫畫家	少女漫畫家	少女/漫畫家	少女漫畫家	False	True	1		phrase.anime.tsv	815	
水質監測	ㄕㄨㄟˇ ㄓˊ ㄐㄧㄢ ㄘㄜˋ	環境能源	1	12	absent			-7.354194117		水質/監測	2.63013135	水質/監測	2.63013135	水質監測	水質監測	水質/監測	水質/監測	False	True	1		phrase.energy-environment.tsv	65	
分布體積	ㄈㄣ ㄅㄨˋ ㄊㄧˇ ㄐㄧ	生技藥學	1	11	absent			-7.354194117		分布/體積	2.627874505	分布/體積	2.627874505	分布體積	分布體積	分布/體積	分布/體積	False	True	1		phrase.biotech-pharma.tsv	14	
向量搜尋	ㄒㄧㄤˋ ㄌㄧㄤˋ ㄙㄡ ㄒㄩㄣˊ	AI資料科學	1	10	absent			-7.354194117		向量/搜尋	2.626506494	向量/搜尋	2.626506494	向量搜尋	向量搜尋	向量/搜尋	向量/搜尋	False	True	1		phrase.ai-data-science.tsv	33	
感測器設計	ㄍㄢˇ ㄘㄜˋ ㄑㄧˋ ㄕㄜˋ ㄐㄧˋ	電子電機	1	5	absent			-7.354194117		感測器/設計	2.625629328	感測器/設計	2.625629328	感測器設計	感測器設計	感測器/設計	感測器/設計	False	True	1		phrase.electronics.tsv	89	
品牌識別	ㄆㄧㄣˇ ㄆㄞˊ ㄕˋ ㄅㄧㄝˊ	商業	1	11	absent			-7.354194117		品牌/識別	2.624737735	品牌/識別	2.624737735	品牌識別	品牌識別	品牌/識別	品牌/識別	False	True	1		phrase.business.tsv	51	
內部稽核	ㄋㄟˋ ㄅㄨˋ ㄐㄧ ㄏㄜˊ	商業	1	11	absent			-7.354194117		內部/稽核	2.613294814	內部/稽核	2.613294814	內部稽核	內部稽核	內部/稽核	內部/稽核	False	True	1		phrase.business.tsv	33	
拿破崙戰爭	ㄋㄚˊ ㄆㄛˋ ㄌㄨㄣˊ ㄓㄢˋ ㄓㄥ	歷史	1	3	absent			-7.354194117		拿破崙/戰爭	2.60597507	拿破崙/戰爭	2.60597507	拿破崙戰爭	拿破崙戰爭	拿破崙/戰爭	拿破崙/戰爭	False	True	1		phrase.history.tsv	79	
不死少女	ㄅㄨˋ ㄙˇ ㄕㄠˋ ㄋㄩˇ	動漫	1	20	absent			-7.354194117		不死/少女	2.604651036	不死/少女	2.604651036	不死少女	不死少女	不死/少女	不死少女	False	True	1		phrase.anime.tsv	57	
合格商機	ㄏㄜˊ ㄍㄜˊ ㄕㄤ ㄐㄧ	商業	1	11	absent			-7.354194117		合格/商機	2.594141243	合格/商機	2.594141243	合格商機	合格商機	合格/商機	合格/商機	False	True	1		phrase.business.tsv	40	
重金屬污染	ㄓㄨㄥˋ ㄐㄧㄣ ㄕㄨˇ ㄨ ㄖㄢˇ	農業食品	1	3	absent			-7.354194117		重金屬/污染	2.59305594	重金屬/污染	2.59305594	重金屬污染	重金屬污染	重金屬/污染	重金屬污染	False	True	1		phrase.agriculture-food.tsv	58	
內部報酬率	ㄋㄟˋ ㄅㄨˋ ㄅㄠˋ ㄔㄡˊ ㄌㄩˋ	財會金融	1	4	absent			-7.354194117		內部/報酬率	2.588935468	內部/報酬率	2.588935468	內部報酬率	內部報酬率	內部/報酬率	內部/報酬率	False	True	1		phrase.finance.tsv	16	
犯罪係數	ㄈㄢˋ ㄗㄨㄟˋ ㄒㄧˋ ㄕㄨˋ	動漫	1	14	absent			-7.354194117		犯罪/係數	2.587186753	犯罪/係數	2.587186753	犯罪係數	犯罪係數	犯罪/係數	犯罪係數	False	True	1		phrase.anime.tsv	1530	
資安事件	ㄗ ㄢ ㄕˋ ㄐㄧㄢˋ	網路資安	1	10	absent			-7.354194117		資安/事件	2.582871262	資安/事件	2.582871262	資安事件	資安事件	資安/事件	資安/事件	False	True	1		phrase.network-security.tsv	149	
蘇聯解體	ㄙㄨ ㄌㄧㄢˊ ㄐㄧㄝˇ ㄊㄧˇ	歷史	1	11	absent			-7.354194117		蘇聯/解體	2.580934409	蘇聯/解體	2.580934409	蘇聯解體	蘇聯解體	蘇聯/解體	蘇聯解體	False	True	1		phrase.history.tsv	148	
限定繼承	ㄒㄧㄢˋ ㄉㄧㄥˋ ㄐㄧˋ ㄔㄥˊ	法律	1	10	absent			-7.354194117		限定/計程	2.578765725	限定/計程	2.578765725	限定繼承	限定繼承	限定/繼承	限定/繼承	False	True	1		phrase.law.tsv	186	
生理心理學	ㄕㄥ ㄌㄧˇ ㄒㄧㄣ ㄌㄧˇ ㄒㄩㄝˊ	心理社會	1	4	absent			-7.354194117		生理/心理學	2.577434838	生理/心理學	2.577434838	生理心理學	生理心理學	生理/心理學	生理/心理學	False	True	1		phrase.psychology-society.tsv	50	
食品追溯	ㄕˊ ㄆㄧㄣˇ ㄓㄨㄟ ㄙㄨˋ	農業食品	1	12	absent			-7.354194117		食品/追溯	2.571148545	食品/追溯	2.571148545	食品追溯	食品追溯	食品/追溯	食品/追溯	False	True	1		phrase.agriculture-food.tsv	71	
推論加速	ㄊㄨㄟ ㄌㄨㄣˋ ㄐㄧㄚ ㄙㄨˋ	AI資料科學	1	10	absent			-7.354194117		推論/加速	2.570862354	推論/加速	2.570862354	推論加速	推論加速	推論/加速	推論/加速	False	True	1		phrase.ai-data-science.tsv	83	
日照分析	ㄖˋ ㄓㄠˋ ㄈㄣ ㄒㄧ	建築土木	1	11	absent			-7.354194117		日照/分析	2.565799463	日照/分析	2.565799463	日照分析	日照分析	日照/分析	日照/分析	False	True	1		phrase.civil-engineering.tsv	116	
醫療口罩	ㄧ ㄌㄧㄠˊ ㄎㄡˇ ㄓㄠˋ	一般	1	18	absent			-7.354194117		醫療/口罩	2.565276633	醫療/口罩	2.565276633	醫療口罩	醫療口罩	醫療/口罩	醫療口罩	False	True	1		phrase.general.tsv	155	
俠義小說	ㄒㄧㄚˊ ㄧˋ ㄒㄧㄠˇ ㄕㄨㄛ	中文	1	10	absent			-7.354194117		狹義/小說	2.561788419	狹義/小說	2.561788419	俠義小說	俠義小說	俠義/小說	俠義/小說	False	True	1		phrase.chinese.tsv	17	
離子交換	ㄌㄧˊ ㄗˇ ㄐㄧㄠ ㄏㄨㄢˋ	材料化工	1	10	absent			-7.354194117		離子/交換	2.560096623	離子/交換	2.560096623	離子交換	離子交換	離子/交換	離子/交換	False	True	1		phrase.materials-chemistry.tsv	124	
容器平台	ㄖㄨㄥˊ ㄑㄧˋ ㄆㄧㄥˊ ㄊㄞˊ	軟體科學	1	24	absent			-7.354194117		容器/平台	2.556199897	容器/平台	2.556199897	容器平台	容器平台	容器/平台	容器/平台	False	True	1		phrase.software.tsv	28	
核子物理	ㄏㄜˊ ㄗˇ ㄨˋ ㄌㄧˇ	科學	1	10	absent			-7.354194117		核子/物理	2.553641992	核子/物理	2.553641992	核子物理	核子物理	核子/物理	核子/物理	False	True	1		phrase.science.tsv	35	
失效模式	ㄕ ㄒㄧㄠˋ ㄇㄛˊ ㄕˋ	工業工程	1	10	absent			-7.354194117		失效/模式	2.552728664	失效/模式	2.552728664	失效模式	失效模式	失效/模式	失效/模式	False	True	1		phrase.industrial-engineering.tsv	34	
對焦模式	ㄉㄨㄟˋ ㄐㄧㄠ ㄇㄛˊ ㄕˋ	媒體設計	1	10	absent			-7.354194117		對焦/模式	2.552728664	對焦/模式	2.552728664	對焦模式	對焦模式	對焦/模式	對焦模式	False	True	1		phrase.media-design.tsv	35	
史料批判	ㄕˇ ㄌㄧㄠˋ ㄆㄧ ㄆㄢˋ	歷史	1	10	absent			-7.354194117		史料/批判	2.552502345	史料/批判	2.552502345	史料批判	史料批判	史料/批判	史料/批判	False	True	1		phrase.history.tsv	38	
視覺層級	ㄕˋ ㄐㄩㄝˊ ㄘㄥˊ ㄐㄧˊ	媒體設計	1	11	absent			-7.354194117		視覺/層級	2.550354772	視覺/層級	2.550354772	視覺層級	視覺層級	視覺/層級	視覺/層級	False	True	1		phrase.media-design.tsv	80	
缺陷追蹤	ㄑㄩㄝ ㄒㄧㄢˋ ㄓㄨㄟ ㄗㄨㄥ	晶片半導體	1	20	absent			-7.354194117		缺陷/追蹤	2.549673055	缺陷/追蹤	2.549673055	缺陷追蹤	缺陷追蹤	缺陷/追蹤	缺陷/追蹤	False	True	1		phrase.semiconductor.tsv	126	
網路分層	ㄨㄤˇ ㄌㄨˋ ㄈㄣ ㄘㄥˊ	網路資安	1	12	absent			-7.354194117		網路/分層	2.548849606	網路/分層	2.548849606	網路分層	網路分層	網路/分層	網路/分層	False	True	1		phrase.network-security.tsv	131	
藍色監獄	ㄌㄢˊ ㄙㄜˋ ㄐㄧㄢ ㄩˋ	動漫	1	25	absent			-7.354194117		藍色/監獄	2.541013585	藍色/監獄	2.541013585	藍色監獄	藍色監獄	藍色/監獄	藍色監獄	False	True	1		phrase.anime.tsv	2017	
棒球大聯盟	ㄅㄤˋ ㄑㄧㄡˊ ㄉㄚˋ ㄌㄧㄢˊ ㄇㄥˊ	動漫	1	20	absent			-7.354194117		棒球/大聯盟	2.540833334	棒球/大聯盟	2.540833334	棒球大聯盟	棒球大聯盟	棒球/大聯盟	棒球大聯盟	False	True	1		phrase.anime.tsv	1289	
模板工程	ㄇㄛˊ ㄅㄢˇ ㄍㄨㄥ ㄔㄥˊ	建築土木	1	11	absent			-7.354194117		模版/工程	2.538005864	模版/工程	2.538005864	模板工程	模板工程	模板/工程	模板/工程	False	True	1		phrase.civil-engineering.tsv	143	
人格心理學	ㄖㄣˊ ㄍㄜˊ ㄒㄧㄣ ㄌㄧˇ ㄒㄩㄝˊ	心理社會	1	4	absent			-7.354194117		人格/心理學	2.533231175	人格/心理學	2.533231175	人格心理學	人格心理學	人格/心理學	人格/心理學	False	True	1		phrase.psychology-society.tsv	6	
擴散模型	ㄎㄨㄛˋ ㄙㄢˋ ㄇㄛˊ ㄒㄧㄥˊ	AI資料科學	1	11	absent			-7.354194117		擴散/模型	2.532150327	擴散/模型	2.532150327	擴散模型	擴散模型	擴散/模型	擴散/模型	False	True	1		phrase.ai-data-science.tsv	88	
霧社事件	ㄨˋ ㄕㄜˋ ㄕˋ ㄐㄧㄢˋ	歷史	1	10	absent			-7.354194117		霧社/事件	2.53171874	霧社/事件	2.53171874	霧社事件	霧社事件	霧社/事件	霧社/事件	False	True	1		phrase.history.tsv	178	
魔法革命	ㄇㄛˊ ㄈㄚˇ ㄍㄜˊ ㄇㄧㄥˋ	動漫	1	20	absent			-7.354194117		魔法/革命	2.53165992	魔法/革命	2.53165992	魔法革命	魔法革命	魔法/革命	魔法革命	False	True	1		phrase.anime.tsv	2472	
法定繼承	ㄈㄚˇ ㄉㄧㄥˋ ㄐㄧˋ ㄔㄥˊ	法律	1	10	absent			-7.354194117		法定/計程	2.527309819	法定/計程	2.527309819	法定繼承	法定繼承	法定/繼承	法定/繼承	False	True	1		phrase.law.tsv	112	
工程估價	ㄍㄨㄥ ㄔㄥˊ ㄍㄨ ㄐㄧㄚˋ	建築土木	1	12	absent			-7.354194117		工程/估價	2.522765898	工程/估價	2.522765898	工程估價	工程估價	工程/估價	工程/估價	False	True	1		phrase.civil-engineering.tsv	80	
採光分析	ㄘㄞˇ ㄍㄨㄤ ㄈㄣ ㄒㄧ	建築土木	1	11	absent			-7.354194117		採光/分析	2.5215958	採光/分析	2.5215958	採光分析	採光分析	採光/分析	採光/分析	False	True	1		phrase.civil-engineering.tsv	106	
開放式題目	ㄎㄞ ㄈㄤˋ ㄕˋ ㄊㄧˊ ㄇㄨˋ	教育	1	4	absent			-7.354194117		開放式/題目	2.514910949	開放式/題目	2.514910949	開放式題目	開放式題目	開放式/題目	開放式題目	False	True	1		phrase.education.tsv	108	
假設檢定	ㄐㄧㄚˇ ㄕㄜˋ ㄐㄧㄢˇ ㄉㄧㄥˋ	工業工程	1	11	absent			-7.354194117		假設/檢定	2.513655199	假設/檢定	2.513655199	假設檢定	假設檢定	假設/檢定	假設/檢定	False	True	1		phrase.industrial-engineering.tsv	11	
老化指數	ㄌㄠˇ ㄏㄨㄚˋ ㄓˇ ㄕㄨˋ	心理社會	1	10	absent			-7.354194117		老化/指數	2.513523556	老化/指數	2.513523556	老化指數	老化指數	老化/指數	老化/指數	False	True	1		phrase.psychology-society.tsv	69	
動態圖形	ㄉㄨㄥˋ ㄊㄞˋ ㄊㄨˊ ㄒㄧㄥˊ	媒體設計	1	11	absent			-7.354194117		動態/圖形	2.510986264	動態/圖形	2.510986264	動態圖形	動態圖形	動態/圖形	動態/圖形	False	True	1		phrase.media-design.tsv	15	
施工查核	ㄕ ㄍㄨㄥ ㄔㄚˊ ㄏㄜˊ	建築土木	1	21	absent			-7.354194117		施工/查核	2.510986264	施工/查核	2.510986264	施工查核	施工查核	施工/查核	施工/查核	False	True	1		phrase.civil-engineering.tsv	113	
雅典民主	ㄧㄚˇ ㄉㄧㄢˇ ㄇㄧㄣˊ ㄓㄨˇ	歷史	1	10	absent			-7.354194117		雅典/民主	2.510338695	雅典/民主	2.510338695	雅典民主	雅典民主	雅典/民主	雅典/民主	False	True	1		phrase.history.tsv	176	
最終處置	ㄗㄨㄟˋ ㄓㄨㄥ ㄔㄨˇ ㄓˋ	環境能源	1	11	absent			-7.354194117		最終/處置	2.504197666	最終/處置	2.504197666	最終處置	最終處置	最終/處置	最終/處置	False	True	1		phrase.energy-environment.tsv	55	
債務承擔	ㄓㄞˋ ㄨˋ ㄔㄥˊ ㄉㄢ	法律	1	11	absent			-7.354194117		債務/承擔	2.50416086	債務/承擔	2.50416086	債務承擔	債務承擔	債務/承擔	債務/承擔	False	True	1		phrase.law.tsv	25	
證據保全	ㄓㄥˋ ㄐㄩˋ ㄅㄠˇ ㄑㄩㄢˊ	法律	1	11	absent			-7.354194117		證據/保全	2.504117923	證據/保全	2.504117923	證據保全	證據保全	證據/保全	證據/保全	False	True	1		phrase.law.tsv	168	
常態分布	ㄔㄤˊ ㄊㄞˋ ㄈㄣ ㄅㄨˋ	工業工程	1	10	absent	常態分佈	-6.877072863	-7.354194117	-0.477121255	常態/分布	2.502935769	常態分佈	-0.477121255	常態分布	常態分布	常態/分布	常態/分布	False	True	2	常態分佈	phrase.industrial-engineering.tsv	50	
地獄少女	ㄉㄧˋ ㄩˋ ㄕㄠˋ ㄋㄩˇ	動漫	1	22	absent			-7.354194117		地獄/少女	2.501988694	地獄/少女	2.501988694	地獄少女	地獄少女	地獄/少女	地獄少女	False	True	1		phrase.anime.tsv	518	
快取系統	ㄎㄨㄞˋ ㄑㄩˇ ㄒㄧˋ ㄊㄨㄥˇ	軟體科學	1	24	absent			-7.354194117		快取/系統	2.501549465	快取/系統	2.501549465	快取系統	快取系統	快取/系統	快取/系統	False	True	1		phrase.software.tsv	38	
兩極體系	ㄌㄧㄤˇ ㄐㄧˊ ㄊㄧˇ ㄒㄧˋ	歷史	1	10	absent			-7.354194117		兩極/體系	2.497598133	兩極/體系	2.497598133	兩極體系	兩極體系	兩極/體系	兩極體系	False	True	1		phrase.history.tsv	18	
移動城堡	ㄧˊ ㄉㄨㄥˋ ㄔㄥˊ ㄅㄠˇ	動漫	1	27	absent			-7.354194117		移動/城堡	2.494383575	移動/城堡	2.494383575	移動城堡	移動城堡	移動/城堡	移動城堡	False	True	1		phrase.anime.tsv	1719	
化學計量	ㄏㄨㄚˋ ㄒㄩㄝˊ ㄐㄧˋ ㄌㄧㄤˋ	科學	1	11	absent			-7.354194117		化學/劑量	2.491937479	化學/劑量	2.491937479	化學計量	化學計量	化學/計量	化學/計量	False	True	1		phrase.science.tsv	12	
編碼格式	ㄅㄧㄢ ㄇㄚˇ ㄍㄜˊ ㄕˋ	媒體設計	1	10	absent			-7.354194117		編碼/格式	2.489208657	編碼/格式	2.489208657	編碼格式	編碼格式	編碼/格式	編碼/格式	False	True	1		phrase.media-design.tsv	72	
外部批判	ㄨㄞˋ ㄅㄨˋ ㄆㄧ ㄆㄢˋ	歷史	1	10	absent			-7.354194117		外部/批判	2.487859511	外部/批判	2.487859511	外部批判	外部批判	外部/批判	外部/批判	False	True	1		phrase.history.tsv	54	
精準農業	ㄐㄧㄥ ㄓㄨㄣˇ ㄋㄨㄥˊ ㄧㄝˋ	農業食品	1	15	absent			-7.354194117		精準/農業	2.487056748	精準/農業	2.487056748	精準農業	精準農業	精準/農業	精準/農業	False	True	1		phrase.agriculture-food.tsv	42	
藥物過敏	ㄧㄠˋ ㄨˋ ㄍㄨㄛˋ ㄇㄧㄣˇ	生技藥學	1	11	absent			-7.354194117		藥物/過敏	2.480286713	藥物/過敏	2.480286713	藥物過敏	藥物過敏	藥物/過敏	藥物/過敏	False	True	1		phrase.biotech-pharma.tsv	90	
出貨檢驗	ㄔㄨ ㄏㄨㄛˋ ㄐㄧㄢˇ ㄧㄢˋ	製造機械	1	11	absent			-7.354194117		出貨/檢驗	2.480095158	出貨/檢驗	2.480095158	出貨檢驗	出貨檢驗	出貨/檢驗	出貨/檢驗	False	True	1		phrase.manufacturing.tsv	13	
交通壅塞	ㄐㄧㄠ ㄊㄨㄥ ㄩㄥ ㄙㄜˋ	交通物流	1	12	absent			-7.354194117		交通/壅塞	2.479480429	交通/壅塞	2.479480429	交通壅塞	交通壅塞	交通/壅塞	交通/壅塞	False	True	1		phrase.transport-logistics.tsv	5	
侵略地上	ㄑㄧㄣ ㄌㄩㄝˋ ㄉㄧˋ ㄕㄤˋ	動漫	1	12	absent			-7.354194117		侵略/地上	2.476845812	侵略/地上	2.476845812	侵略地上	侵略地上	侵略/地上	侵略地上	False	True	1		phrase.anime.tsv	210	
婚姻無效	ㄏㄨㄣ ㄧㄣ ㄨˊ ㄒㄧㄠˋ	法律	1	11	absent			-7.354194117		婚姻/無效	2.473489112	婚姻/無效	2.473489112	婚姻無效	婚姻無效	婚姻/無效	婚姻/無效	False	True	1		phrase.law.tsv	60	
中世紀城市	ㄓㄨㄥ ㄕˋ ㄐㄧˋ ㄔㄥˊ ㄕˋ	歷史	1	3	absent			-7.354194117		中世紀/城市	2.472923613	中世紀/城市	2.472923613	中世紀城市	中世紀城市	中世紀/城市	中世紀/城市	False	True	1		phrase.history.tsv	6	
定價預測	ㄉㄧㄥˋ ㄐㄧㄚˋ ㄩˋ ㄘㄜˋ	商業	1	11	absent			-7.354194117		定價/預測	2.472746689	定價/預測	2.472746689	定價預測	定價預測	定價/預測	定價/預測	False	True	1		phrase.business.tsv	66	
疲勞測試	ㄆㄧˊ ㄌㄠˊ ㄘㄜˋ ㄕˋ	材料化工	1	16	absent			-7.354194117		疲勞/測試	2.472427267	疲勞/測試	2.472427267	疲勞測試	疲勞測試	疲勞/測試	疲勞/測試	False	True	1		phrase.materials-chemistry.tsv	73	
燃料電池	ㄖㄢˊ ㄌㄧㄠˋ ㄉㄧㄢˋ ㄔˊ	環境能源	1	10	absent			-7.354194117		燃料/電池	2.471709425	燃料/電池	2.471709425	燃料電池	燃料電池	燃料/電池	燃料/電池	False	True	1		phrase.energy-environment.tsv	82	
光電材料	ㄍㄨㄤ ㄉㄧㄢˋ ㄘㄞˊ ㄌㄧㄠˋ	材料化工	1	10	absent			-7.354194117		光電/材料	2.466756873	光電/材料	2.466756873	光電材料	光電材料	光電/材料	光電/材料	False	True	1		phrase.materials-chemistry.tsv	6	
契約終止	ㄑㄧˋ ㄩㄝ ㄓㄨㄥ ㄓˇ	法律	1	11	absent			-7.354194117		契約/終止	2.462233164	契約/終止	2.462233164	契約終止	契約終止	契約/終止	契約/終止	False	True	1		phrase.law.tsv	50	
依附理論	ㄧ ㄈㄨˋ ㄌㄧˇ ㄌㄨㄣˋ	心理社會	1	10	absent			-7.354194117		依附/理論	2.461598695	依附/理論	2.461598695	依附理論	依附理論	依附/理論	依附/理論	False	True	1		phrase.psychology-society.tsv	9	
實例分割	ㄕˊ ㄌㄧˋ ㄈㄣ ㄍㄜ	AI資料科學	1	10	absent			-7.354194117		實力/分割	2.461231793	實力/分割	2.461231793	實例分割	實例分割	實例/分割	實例/分割	False	True	1		phrase.ai-data-science.tsv	55	
語音模型	ㄩˇ ㄧㄣ ㄇㄛˊ ㄒㄧㄥˊ	AI資料科學	1	14	absent			-7.354194117		語音/模型	2.459435123	語音/模型	2.459435123	語音模型	語音模型	語音/模型	語音/模型	False	True	1		phrase.ai-data-science.tsv	147	
快門速度	ㄎㄨㄞˋ ㄇㄣˊ ㄙㄨˋ ㄉㄨˋ	媒體設計	1	10	absent			-7.354194117		快門/速度	2.457849813	快門/速度	2.457849813	快門速度	快門速度	快門/速度	快門/速度	False	True	1		phrase.media-design.tsv	42	
敏感度分析	ㄇㄧㄣˇ ㄍㄢˇ ㄉㄨˋ ㄈㄣ ㄒㄧ	財會金融	1	17	absent			-7.354194117		敏感度/分析	2.456654993	敏感度/分析	2.456654993	敏感度分析	敏感度分析	敏感度/分析	敏感度分析	False	True	1		phrase.finance.tsv	69	
皇民化運動	ㄏㄨㄤˊ ㄇㄧㄣˊ ㄏㄨㄚˋ ㄩㄣˋ ㄉㄨㄥˋ	歷史	1	3	absent			-7.354194117		皇民化/運動	2.456072542	皇民化/運動	2.456072542	皇民化運動	皇民化運動	皇民化/運動	皇民化運動	False	True	1		phrase.history.tsv	118	
阿拉伯帝國	ㄚ ㄌㄚ ㄅㄛˊ ㄉㄧˋ ㄍㄨㄛˊ	歷史	1	4	absent			-7.354194117		阿拉伯/帝國	2.455863929	阿拉伯/帝國	2.455863929	阿拉伯帝國	阿拉伯帝國	阿拉伯/帝國	阿拉伯/帝國	False	True	1		phrase.history.tsv	173	
來自深淵	ㄌㄞˊ ㄗˋ ㄕㄣ ㄩㄢ	動漫	1	22	absent			-7.354194117		來自/深淵	2.453717746	來自/深淵	2.453717746	來自深淵	來自深淵	來自/深淵	來自深淵	False	True	1		phrase.anime.tsv	207	
藥物篩選	ㄧㄠˋ ㄨˋ ㄕㄞ ㄒㄩㄢˇ	生技藥學	1	11	absent			-7.354194117		藥物/篩選	2.436190007	藥物/篩選	2.436190007	藥物篩選	藥物篩選	藥物/篩選	藥物篩選	False	True	1		phrase.biotech-pharma.tsv	89	
男子高中生	ㄋㄢˊ ㄗˇ ㄍㄠ ㄓㄨㄥ ㄕㄥ	動漫	1	13	absent			-7.354194117		男子/高中生	2.430080308	男子/高中生	2.430080308	男子高中生	男子高中生	男子/高中生	男子高中生	False	True	1		phrase.anime.tsv	1593	
滲透測試	ㄕㄣˋ ㄊㄡˋ ㄘㄜˋ ㄕˋ	網路資安	1	11	absent			-7.354194117		滲透/測試	2.427147286	滲透/測試	2.427147286	滲透測試	滲透測試	滲透/測試	滲透/測試	False	True	1		phrase.network-security.tsv	106	
數位量測	ㄕㄨˋ ㄨㄟˋ ㄌㄧㄤˊ ㄘㄜˋ	電子電機	1	11	absent			-7.354194117		數位/量測	2.426454299	數位/量測	2.426454299	數位量測	數位量測	數位/量測	數位/量測	False	True	1		phrase.electronics.tsv	108	
航空保安	ㄏㄤˊ ㄎㄨㄥ ㄅㄠˇ ㄢ	交通物流	1	11	absent			-7.354194117		航空/保安	2.425306889	航空/保安	2.425306889	航空保安	航空保安	航空/保安	航空/保安	False	True	1		phrase.transport-logistics.tsv	87	
前端應用	ㄑㄧㄢˊ ㄉㄨㄢ ㄧㄥˋ ㄩㄥˋ	軟體科學	1	11	absent			-7.354194117		前端/應用	2.423948265	前端/應用	2.423948265	前端應用	前端應用	前端/應用	前端/應用	False	True	1		phrase.software.tsv	14	
電壓調整	ㄉㄧㄢˋ ㄧㄚ ㄊㄧㄠˊ ㄓㄥˇ	環境能源	1	10	absent			-7.354194117		電壓/調整	2.421608749	電壓/調整	2.421608749	電壓調整	電壓調整	電壓/調整	電壓/調整	False	True	1		phrase.energy-environment.tsv	143	
叫車平台	ㄐㄧㄠˋ ㄔㄜ ㄆㄧㄥˊ ㄊㄞˊ	一般	1	10	absent			-7.354194117		轎車/平台	2.420403233	轎車/平台	2.420403233	叫車平台	叫車平台	叫車/平台	叫車/平台	False	True	1		phrase.general.tsv	25	
虛擬電廠	ㄒㄩ ㄋㄧˇ ㄉㄧㄢˋ ㄔㄤˇ	環境能源	1	11	absent			-7.354194117		虛擬/電廠	2.419190966	虛擬/電廠	2.419190966	虛擬電廠	虛擬電廠	虛擬/電廠	虛擬/電廠	False	True	1		phrase.energy-environment.tsv	123	
薄膜設備	ㄅㄛˊ ㄇㄛˊ ㄕㄜˋ ㄅㄟˋ	晶片半導體	1	13	absent			-7.354194117		薄膜/設備	2.417816113	薄膜/設備	2.417816113	薄膜設備	薄膜設備	薄膜/設備	薄膜/設備	False	True	1		phrase.semiconductor.tsv	134	
莊園制度	ㄓㄨㄤ ㄩㄢˊ ㄓˋ ㄉㄨˋ	歷史	1	10	absent			-7.354194117		莊園/制度	2.413583014	莊園/制度	2.413583014	莊園制度	莊園制度	莊園/制度	莊園/制度	False	True	1		phrase.history.tsv	146	
工廠佈置	ㄍㄨㄥ ㄔㄤˇ ㄅㄨˋ ㄓˋ	工業工程	1	11	absent			-7.354194117		工廠/佈置	2.412598219	工廠/佈置	2.412598219	工廠佈置	工廠佈置	工廠/佈置	工廠/佈置	False	True	1		phrase.industrial-engineering.tsv	47	
認知心理學	ㄖㄣˋ ㄓ ㄒㄧㄣ ㄌㄧˇ ㄒㄩㄝˊ	心理社會	1	4	absent			-7.354194117		認知/心理學	2.411809012	認知/心理學	2.411809012	認知心理學	認知心理學	認知/心理學	認知/心理學	False	True	1		phrase.psychology-society.tsv	80	
宣告輔助	ㄒㄩㄢ ㄍㄠˋ ㄈㄨˇ ㄓㄨˋ	法律	1	11	absent			-7.354194117		宣告/輔助	2.408725532	宣告/輔助	2.408725532	宣告輔助	宣告輔助	宣告/輔助	宣告輔助	False	True	1		phrase.law.tsv	64	
影像剪輯	ㄧㄥˇ ㄒㄧㄤˋ ㄐㄧㄢˇ ㄐㄧˊ	媒體設計	1	11	absent			-7.354194117		影像/剪輯	2.40656437	影像/剪輯	2.40656437	影像剪輯	影像剪輯	影像/剪輯	影像/剪輯	False	True	1		phrase.media-design.tsv	39	
倉儲規劃	ㄘㄤ ㄔㄨˊ ㄍㄨㄟ ㄏㄨㄚˋ	工業工程	1	11	absent			-7.354194117		倉儲/規劃	2.40585941	倉儲/規劃	2.40585941	倉儲規劃	倉儲規劃	倉儲/規劃	倉儲/規劃	False	True	1		phrase.industrial-engineering.tsv	10	
十二年國教	ㄕˊ ㄦˋ ㄋㄧㄢˊ ㄍㄨㄛˊ ㄐㄧㄠˋ	教育	1	4	absent			-7.354194117		十二年/國教	2.404243306	十二年/國教	2.404243306	十二年國教	十二年國教	十二年/國教	十二年國教	False	True	1		phrase.education.tsv	14	
文本分類	ㄨㄣˊ ㄅㄣˇ ㄈㄣ ㄌㄟˋ	AI資料科學	1	10	absent			-7.354194117		文本/分類	2.402565224	文本/分類	2.402565224	文本分類	文本分類	文本/分類	文本分類	False	True	1		phrase.ai-data-science.tsv	91	
自行車運輸	ㄗˋ ㄒㄧㄥˊ ㄔㄜ ㄩㄣˋ ㄕㄨ	交通物流	1	4	absent			-7.354194117		自行車/運輸	2.400502063	自行車/運輸	2.400502063	自行車運輸	自行車運輸	自行車/運輸	自行車/運輸	False	True	1		phrase.transport-logistics.tsv	86	
網球王子	ㄨㄤˇ ㄑㄧㄡˊ ㄨㄤˊ ㄗˇ	動漫	1	23	absent			-7.354194117		網球/王子	2.394756791	網球/王子	2.394756791	網球王子	網球王子	網球/王子	網球王子	False	True	1		phrase.anime.tsv	1814	
即時強制	ㄐㄧˊ ㄕˊ ㄑㄧㄤˇ ㄓˋ	法律	1	11	absent			-7.354194117		即時/強制	2.393304944	即時/強制	2.393304944	即時強制	即時強制	即時/強制	即時/強制	False	True	1		phrase.law.tsv	38	
訴訟標的	ㄙㄨˋ ㄙㄨㄥˋ ㄅㄧㄠ ㄉㄧˋ	法律	1	11	absent			-7.354194117		訴訟/標的	2.392061648	訴訟/標的	2.392061648	訴訟標的	訴訟標的	訴訟/標的	訴訟標的	False	True	1		phrase.law.tsv	163	
誠信原則	ㄔㄥˊ ㄒㄧㄣˋ ㄩㄢˊ ㄗㄜˊ	法律	1	10	absent			-7.354194117		誠信/原則	2.391834254	誠信/原則	2.391834254	誠信原則	誠信原則	誠信/原則	誠信/原則	False	True	1		phrase.law.tsv	165	
曝光補償	ㄆㄨˋ ㄍㄨㄤ ㄅㄨˇ ㄔㄤˊ	媒體設計	1	11	absent			-7.354194117		曝光/補償	2.389863761	曝光/補償	2.389863761	曝光補償	曝光補償	曝光/補償	曝光/補償	False	True	1		phrase.media-design.tsv	51	
色彩分級	ㄙㄜˋ ㄘㄞˇ ㄈㄣ ㄐㄧˊ	媒體設計	1	11	absent			-7.354194117		色彩/分級	2.389665789	色彩/分級	2.389665789	色彩分級	色彩分級	色彩/分級	色彩/分級	False	True	1		phrase.media-design.tsv	75	
危害辨識	ㄨㄟˊ ㄏㄞˋ ㄅㄧㄢˋ ㄕˋ	工業工程	1	10	absent			-7.354194117		危害/便是	2.385832601	危害/便是	2.385832601	危害辨識	危害辨識	危害/辨識	危害辨識	False	True	1		phrase.industrial-engineering.tsv	21	
舉證責任	ㄐㄩˇ ㄓㄥˋ ㄗㄜˊ ㄖㄣˋ	法律	1	10	absent			-7.354194117		舉證/責任	2.375853795	舉證/責任	2.375853795	舉證責任	舉證責任	舉證/責任	舉證/責任	False	True	1		phrase.law.tsv	146	
勒索病毒	ㄌㄜˋ ㄙㄨㄛˇ ㄅㄧㄥˋ ㄉㄨˊ	網路資安	1	10	absent			-7.354194117		勒索/病毒	2.374941746	勒索/病毒	2.374941746	勒索病毒	勒索病毒	勒索/病毒	勒索/病毒	False	True	1		phrase.network-security.tsv	31	
釣魚郵件	ㄉㄧㄠˋ ㄩˊ ㄧㄡˊ ㄐㄧㄢˋ	一般	1	10	absent			-7.354194117		釣魚/郵件	2.373799829	釣魚/郵件	2.373799829	釣魚郵件	釣魚郵件	釣魚/郵件	釣魚/郵件	False	True	1		phrase.general.tsv	159	
先進製程	ㄒㄧㄢ ㄐㄧㄣˋ ㄓˋ ㄔㄥˊ	一般	1	22	absent			-7.354194117		先進/製成	2.368022751	先進/製成	2.368022751	先進製程	先進製程	先進/製程	先進/製程	False	True	1		phrase.general.tsv	12	
文明起源	ㄨㄣˊ ㄇㄧㄥˊ ㄑㄧˇ ㄩㄢˊ	歷史	1	11	absent			-7.354194117		文明/起源	2.367977919	文明/起源	2.367977919	文明起源	文明起源	文明/起源	文明/起源	False	True	1		phrase.history.tsv	83	
教學研究會	ㄐㄧㄠ ㄒㄩㄝˊ ㄧㄢˊ ㄐㄧㄡˋ ㄏㄨㄟˋ	教育	1	5	absent			-7.354194117		教學/研究會	2.36777175	教學/研究會	2.36777175	教學研究會	教學研究會	教學/研究會	教學/研究會	False	True	1		phrase.education.tsv	58	
保護接地	ㄅㄠˇ ㄏㄨˋ ㄐㄧㄝ ㄉㄧˋ	電子電機	1	12	absent			-7.354194117		保護/接地	2.367176203	保護/接地	2.367176203	保護接地	保護接地	保護/接地	保護/接地	False	True	1		phrase.electronics.tsv	13	
臨床試驗	ㄌㄧㄣˊ ㄔㄨㄤˊ ㄕˋ ㄧㄢˋ	生技藥學	1	17	absent			-7.354194117		臨床/試驗	2.366889915	臨床/試驗	2.366889915	臨床試驗	臨床試驗	臨床/試驗	臨床/試驗	False	True	1		phrase.biotech-pharma.tsv	82	
串流處理	ㄔㄨㄢˋ ㄌㄧㄡˊ ㄔㄨˇ ㄌㄧˇ	AI資料科學	1	11	absent			-7.354194117		串流/處理	2.366545725	串流/處理	2.366545725	串流處理	串流處理	串流/處理	串流/處理	False	True	1		phrase.ai-data-science.tsv	3	
使用者旅程	ㄕˇ ㄩㄥˋ ㄓㄜˇ ㄌㄩˇ ㄔㄥˊ	媒體設計	1	5	absent			-7.354194117		使用者/旅程	2.366152698	使用者/旅程	2.366152698	使用者旅程	使用者旅程	使用者/旅程	使用者/旅程	False	True	1		phrase.media-design.tsv	8	
禮樂制度	ㄌㄧˇ ㄩㄝˋ ㄓˋ ㄉㄨˋ	歷史	1	10	absent			-7.354194117		禮樂/制度	2.36389523	禮樂/制度	2.36389523	禮樂制度	禮樂制度	禮樂/制度	禮樂/制度	False	True	1		phrase.history.tsv	121	
天氣之子	ㄊㄧㄢ ㄑㄧˋ ㄓ ㄗˇ	動漫	1	25	absent			-7.354194117		天氣/之子	2.361199019	天氣/之子	2.361199019	天氣之子	天氣之子	天氣/之子	天氣之子	False	True	1		phrase.anime.tsv	631	
製程檢驗	ㄓˋ ㄔㄥˊ ㄐㄧㄢˇ ㄧㄢˋ	製造機械	1	11	absent			-7.354194117		製成/檢驗	2.360541896	製成/檢驗	2.360541896	製程檢驗	製程檢驗	製程/檢驗	製程/檢驗	False	True	1		phrase.manufacturing.tsv	118	
日誌分析	ㄖˋ ㄓˋ ㄈㄣ ㄒㄧ	軟體科學	1	24	absent			-7.354194117		日誌/分析	2.35974498	日誌/分析	2.35974498	日誌分析	日誌分析	日誌/分析	日誌/分析	False	True	1		phrase.software.tsv	55	
補救教學	ㄅㄨˇ ㄐㄧㄡˋ ㄐㄧㄠ ㄒㄩㄝˊ	教育	1	24	absent			-7.354194117		補救/教學	2.358431724	補救/教學	2.358431724	補救教學	補救教學	補救/教學	補救/教學	False	True	1		phrase.education.tsv	88	
版本控管	ㄅㄢˇ ㄅㄣˇ ㄎㄨㄥˋ ㄍㄨㄢˇ	軟體科學	1	23	absent			-7.354194117		版本/控管	2.358181821	版本/控管	2.358181821	版本控管	版本控管	版本/控管	版本/控管	False	True	1		phrase.software.tsv	70	
預防保養	ㄩˋ ㄈㄤˊ ㄅㄠˇ ㄧㄤˇ	製造機械	1	16	absent			-7.354194117		預防/保養	2.358032824	預防/保養	2.358032824	預防保養	預防保養	預防/保養	預防/保養	False	True	1		phrase.manufacturing.tsv	145	
結婚要件	ㄐㄧㄝˊ ㄏㄨㄣ ㄧㄠˋ ㄐㄧㄢˋ	法律	1	11	absent			-7.354194117		結婚/要件	2.356982535	結婚/要件	2.356982535	結婚要件	結婚要件	結婚/要件	結婚/要件	False	True	1		phrase.law.tsv	135	
粒子物理	ㄌㄧˋ ㄗˇ ㄨˋ ㄌㄧˇ	科學	1	10	absent			-7.354194117		粒子/物理	2.356231386	粒子/物理	2.356231386	粒子物理	粒子物理	粒子/物理	粒子/物理	False	True	1		phrase.science.tsv	60	
計算語言學	ㄐㄧˋ ㄙㄨㄢˋ ㄩˇ ㄧㄢˊ ㄒㄩㄝˊ	中文	1	4	absent			-7.354194117		計算/語言學	2.353690628	計算/語言學	2.353690628	計算語言學	計算語言學	計算/語言學	計算/語言學	False	True	1		phrase.chinese.tsv	122	
望遠鏡頭	ㄨㄤˋ ㄩㄢˇ ㄐㄧㄥˋ ㄊㄡˊ	媒體設計	1	11	absent			-7.354194117		望遠/鏡頭	2.352114491	望遠/鏡頭	2.352114491	望遠鏡頭	望遠鏡頭	望遠鏡/頭	望遠鏡頭	False	True	1		phrase.media-design.tsv	54	
羅馬共和	ㄌㄨㄛˊ ㄇㄚˇ ㄍㄨㄥˋ ㄏㄜˊ	歷史	1	10	absent			-7.354194117		羅馬/共和	2.351682486	羅馬/共和	2.351682486	羅馬共和	羅馬共和	羅馬/共和	羅馬共和	False	True	1		phrase.history.tsv	134	
姿態估計	ㄗ ㄊㄞˋ ㄍㄨ ㄐㄧˋ	AI資料科學	1	10	absent			-7.354194117		姿態/估計	2.346860354	姿態/估計	2.346860354	姿態估計	姿態估計	姿態/估計	姿態估計	False	True	1		phrase.ai-data-science.tsv	49	
憲法法庭	ㄒㄧㄢˋ ㄈㄚˇ ㄈㄚˇ ㄊㄧㄥˊ	法律	1	11	absent			-7.354194117		憲法/法庭	2.341112407	憲法/法庭	2.341112407	憲法法庭	憲法法庭	憲法/法庭	憲法/法庭	False	True	1		phrase.law.tsv	82	
行會制度	ㄏㄤˊ ㄏㄨㄟˋ ㄓˋ ㄉㄨˋ	歷史	1	10	absent			-7.354194117		行會/制度	2.341032347	行會/制度	2.341032347	行會制度	行會制度	行會/制度	行會制度	False	True	1		phrase.history.tsv	149	
失效分析	ㄕ ㄒㄧㄠˋ ㄈㄣ ㄒㄧ	材料化工	1	16	absent			-7.354194117		失效/分析	2.340859636	失效/分析	2.340859636	失效分析	失效分析	失效/分析	失效/分析	False	True	1		phrase.materials-chemistry.tsv	26	
功能接地	ㄍㄨㄥ ㄋㄥˊ ㄐㄧㄝ ㄉㄧˋ	電子電機	1	12	absent			-7.354194117		功能/接地	2.337662176	功能/接地	2.337662176	功能接地	功能接地	功能/接地	功能/接地	False	True	1		phrase.electronics.tsv	40	
數位校正	ㄕㄨˋ ㄨㄟˋ ㄐㄧㄠˋ ㄓㄥˋ	電子電機	1	11	absent			-7.354194117		數位/校正	2.335007182	數位/校正	2.335007182	數位校正	數位校正	數位/校正	數位/校正	False	True	1		phrase.electronics.tsv	103	
自主保養	ㄗˋ ㄓㄨˇ ㄅㄠˇ ㄧㄤˇ	製造機械	1	11	absent			-7.354194117		自主/保養	2.332137097	自主/保養	2.332137097	自主保養	自主保養	自主/保養	自主/保養	False	True	1		phrase.manufacturing.tsv	111	
現金比率	ㄒㄧㄢˋ ㄐㄧㄣ ㄅㄧˇ ㄌㄩˋ	財會金融	1	11	absent			-7.354194117		現今/比率	2.325013328	現今/比率	2.325013328	現金比率	現金比率	現金/比率	現金/比率	False	True	1		phrase.finance.tsv	104	
太陽光電	ㄊㄞˋ ㄧㄤˊ ㄍㄨㄤ ㄉㄧㄢˋ	環境能源	1	10	absent			-7.354194117		太陽/光電	2.321994544	太陽/光電	2.321994544	太陽光電	太陽光電	太陽光/電	太陽光電	False	True	1		phrase.energy-environment.tsv	33	
製程路線	ㄓˋ ㄔㄥˊ ㄌㄨˋ ㄒㄧㄢˋ	製造機械	1	10	absent			-7.354194117		製成/路線	2.321930027	製成/路線	2.321930027	製程路線	製程路線	製程/路線	製程/路線	False	True	1		phrase.manufacturing.tsv	119	
客戶區隔	ㄎㄜˋ ㄏㄨˋ ㄑㄩ ㄍㄜˊ	商業	1	11	absent			-7.354194117		客戶/區隔	2.315196645	客戶/區隔	2.315196645	客戶區隔	客戶區隔	客戶/區隔	客戶/區隔	False	True	1		phrase.business.tsv	75	
多元評量	ㄉㄨㄛ ㄩㄢˊ ㄆㄧㄥˊ ㄌㄧㄤˊ	教育	1	11	absent			-7.354194117		多元/評量	2.314978351	多元/評量	2.314978351	多元評量	多元評量	多元/評量	多元/評量	False	True	1		phrase.education.tsv	27	
殭屍網路	ㄐㄧㄤ ㄕ ㄨㄤˇ ㄌㄨˋ	網路資安	1	11	absent			-7.354194117		殭屍/網路	2.31148869	殭屍/網路	2.31148869	殭屍網路	殭屍網路	殭屍/網路	殭屍/網路	False	True	1		phrase.network-security.tsv	101	
非正式控制	ㄈㄟ ㄓㄥˋ ㄕˋ ㄎㄨㄥˋ ㄓˋ	心理社會	1	4	absent			-7.354194117		非正式/控制	2.3071725	非正式/控制	2.3071725	非正式控制	非正式控制	非正式/控制	非正式/控制	False	True	1		phrase.psychology-society.tsv	91	
違憲審查	ㄨㄟˊ ㄒㄧㄢˋ ㄕㄣˇ ㄔㄚˊ	法律	1	10	absent			-7.354194117		違憲/審查	2.302501476	違憲/審查	2.302501476	違憲審查	違憲審查	違憲/審查	違憲審查	False	True	1		phrase.law.tsv	180	
卡片分類	ㄎㄚˇ ㄆㄧㄢˋ ㄈㄣ ㄌㄟˋ	媒體設計	1	10	absent			-7.354194117		卡片/分類	2.300719993	卡片/分類	2.300719993	卡片分類	卡片分類	卡片/分類	卡片/分類	False	True	1		phrase.media-design.tsv	20	
品質查驗	ㄆㄧㄣˇ ㄓˊ ㄔㄚˊ ㄧㄢˋ	建築土木	1	21	absent			-7.354194117		品質/查驗	2.300654721	品質/查驗	2.300654721	品質查驗	品質查驗	品質/查驗	品質/查驗	False	True	1		phrase.civil-engineering.tsv	30	
威脅偵測	ㄨㄟ ㄒㄧㄝˊ ㄓㄣ ㄘㄜˋ	網路資安	1	13	absent			-7.354194117		威脅/偵測	2.299634683	威脅/偵測	2.299634683	威脅偵測	威脅偵測	威脅/偵測	威脅/偵測	False	True	1		phrase.network-security.tsv	50	
多元選修	ㄉㄨㄛ ㄩㄢˊ ㄒㄩㄢˇ ㄒㄧㄡ	教育	1	11	absent			-7.354194117		多元/選修	2.299466185	多元/選修	2.299466185	多元選修	多元選修	多元/選修	多元/選修	False	True	1		phrase.education.tsv	28	
旅次產生	ㄌㄩˇ ㄘˋ ㄔㄢˇ ㄕㄥ	交通物流	1	12	absent			-7.354194117		屢次/產生	2.297746659	屢次/產生	2.297746659	旅次產生	旅次產生	旅/次/產生	旅次產生	False	True	1		phrase.transport-logistics.tsv	51	
晶體結構	ㄐㄧㄥ ㄊㄧˇ ㄐㄧㄝˊ ㄍㄡˋ	材料化工	1	10	absent			-7.354194117		晶體/結構	2.296634509	晶體/結構	2.296634509	晶體結構	晶體結構	晶體/結構	晶體結構	False	True	1		phrase.materials-chemistry.tsv	46	
黃金分割	ㄏㄨㄤˊ ㄐㄧㄣ ㄈㄣ ㄍㄜ	媒體設計	1	11	absent			-7.354194117		黃金/分割	2.294191705	黃金/分割	2.294191705	黃金分割	黃金分割	黃金/分割	黃金分割	False	True	1		phrase.media-design.tsv	99	
社會分層	ㄕㄜˋ ㄏㄨㄟˋ ㄈㄣ ㄘㄥˊ	心理社會	1	13	absent			-7.354194117		社會/分層	2.294017743	社會/分層	2.294017743	社會分層	社會分層	社會/分層	社會/分層	False	True	1		phrase.psychology-society.tsv	52	
注意力機制	ㄓㄨˋ ㄧˋ ㄌㄧˋ ㄐㄧ ㄓˋ	AI資料科學	1	4	absent			-7.354194117		注意力/機制	2.293224456	注意力/機制	2.293224456	注意力機制	注意力機制	注意力/機制	注意力/機制	False	True	1		phrase.ai-data-science.tsv	109	
少女歌劇	ㄕㄠˋ ㄋㄩˇ ㄍㄜ ㄐㄩˋ	動漫	1	20	absent			-7.354194117		少女/歌劇	2.291386584	少女/歌劇	2.291386584	少女歌劇	少女歌劇	少女/歌劇	少女歌劇	False	True	1		phrase.anime.tsv	814	
地下水污染	ㄉㄧˋ ㄒㄧㄚˋ ㄕㄨㄟˇ ㄨ ㄖㄢˇ	環境能源	1	3	absent			-7.354194117		地下水/污染	2.28809565	地下水/污染	2.28809565	地下水污染	地下水污染	地下水/污染	地下水/污染	False	True	1		phrase.energy-environment.tsv	25	
人員流動率	ㄖㄣˊ ㄩㄢˊ ㄌㄧㄡˊ ㄉㄨㄥˋ ㄌㄩˋ	商業	1	5	absent			-7.354194117		人員/流動率	2.287309374	人員/流動率	2.287309374	人員流動率	人員流動率	人員/流動率	人員/流動率	False	True	1		phrase.business.tsv	11	
統計力學	ㄊㄨㄥˇ ㄐㄧˋ ㄌㄧˋ ㄒㄩㄝˊ	科學	1	11	absent			-7.354194117		統計/力學	2.281907448	統計/力學	2.281907448	統計力學	統計力學	統計/力學	統計/力學	False	True	1		phrase.science.tsv	64	
賦稅制度	ㄈㄨˋ ㄕㄨㄟˋ ㄓˋ ㄉㄨˋ	歷史	1	11	absent			-7.354194117		賦稅/制度	2.27888444	賦稅/制度	2.27888444	賦稅制度	賦稅制度	賦稅/制度	賦稅/制度	False	True	1		phrase.history.tsv	159	
設備配方	ㄕㄜˋ ㄅㄟˋ ㄆㄟˋ ㄈㄤ	晶片半導體	1	13	absent			-7.354194117		設備/配方	2.27763741	設備/配方	2.27763741	設備配方	設備配方	設備/配方	設備/配方	False	True	1		phrase.semiconductor.tsv	147	
基礎補強	ㄐㄧ ㄔㄨˇ ㄅㄨˇ ㄑㄧㄤˊ	建築土木	1	12	absent			-7.354194117		基礎/補強	2.275306119	基礎/補強	2.275306119	基礎補強	基礎補強	基礎/補強	基礎/補強	False	True	1		phrase.civil-engineering.tsv	60	
平凡職業	ㄆㄧㄥˊ ㄈㄢˊ ㄓˊ ㄧㄝˋ	動漫	1	21	absent			-7.354194117		平凡/職業	2.273812982	平凡/職業	2.273812982	平凡職業	平凡職業	平凡/職業	平凡職業	False	True	1		phrase.anime.tsv	915	
存取控制	ㄘㄨㄣˊ ㄑㄩˇ ㄎㄨㄥˋ ㄓˋ	網路資安	1	15	absent			-7.354194117		存取/控制	2.270960327	存取/控制	2.270960327	存取控制	存取控制	存取/控制	存取/控制	False	True	1		phrase.network-security.tsv	55	
契約解除	ㄑㄧˋ ㄩㄝ ㄐㄧㄝˇ ㄔㄨˊ	法律	1	11	absent			-7.354194117		契約/解除	2.267094481	契約/解除	2.267094481	契約解除	契約解除	契約/解除	契約/解除	False	True	1		phrase.law.tsv	52	
聯合複句	ㄌㄧㄢˊ ㄏㄜˊ ㄈㄨˋ ㄐㄩˋ	中文	1	12	absent			-7.354194117		聯合/複句	2.26039434	聯合/複句	2.26039434	聯合複句	聯合複句	聯合/複句	聯合/複句	False	True	1		phrase.chinese.tsv	109	
特殊相對論	ㄊㄜˋ ㄕㄨ ㄒㄧㄤ ㄉㄨㄟˋ ㄌㄨㄣˋ	科學	1	4	absent			-7.354194117		特殊/相對論	2.259569283	特殊/相對論	2.259569283	特殊相對論	特殊相對論	特殊/相對論	特殊/相對論	False	True	1		phrase.science.tsv	52	
集水區分析	ㄐㄧˊ ㄕㄨㄟˇ ㄑㄩ ㄈㄣ ㄒㄧ	建築土木	1	4	absent			-7.354194117		集水區/分析	2.257082638	集水區/分析	2.257082638	集水區分析	集水區分析	集水區/分析	集水區分析	False	True	1		phrase.civil-engineering.tsv	218	
關稅自主	ㄍㄨㄢ ㄕㄨㄟˋ ㄗˋ ㄓㄨˇ	歷史	1	11	absent			-7.354194117		關稅/自主	2.256416383	關稅/自主	2.256416383	關稅自主	關稅自主	關稅/自主	關稅/自主	False	True	1		phrase.history.tsv	172	
結社自由	ㄐㄧㄝˊ ㄕㄜˋ ㄗˋ ㄧㄡˊ	法律	1	11	absent			-7.354194117		結社/自由	2.254133893	結社/自由	2.254133893	結社自由	結社自由	結社/自由	結社自由	False	True	1		phrase.law.tsv	136	
框架理論	ㄎㄨㄤ ㄐㄧㄚˋ ㄌㄧˇ ㄌㄨㄣˋ	媒體設計	1	10	absent			-7.354194117		框架/理論	2.253685723	框架/理論	2.253685723	框架理論	框架理論	框架/理論	框架/理論	False	True	1		phrase.media-design.tsv	55	
一方通行	ㄧ ㄈㄤ ㄊㄨㄥ ㄒㄧㄥˊ	動漫	1	14	absent			-7.354194117		一方/通行	2.249621658	一方/通行	2.249621658	一方通行	一方通行	一方/通行	一方通行	False	True	1		phrase.anime.tsv	10	
數位憑證	ㄕㄨˋ ㄨㄟˋ ㄆㄧㄥˊ ㄓㄥˋ	網路資安	1	11	absent			-7.354194117		數位/憑證	2.245862539	數位/憑證	2.245862539	數位憑證	數位憑證	數位/憑證	數位/憑證	False	True	1		phrase.network-security.tsv	88	
影像生成	ㄧㄥˇ ㄒㄧㄤˋ ㄕㄥ ㄔㄥˊ	AI資料科學	1	11	absent			-7.354194117		影像/生成	2.244261395	影像/生成	2.244261395	影像生成	影像生成	影像/生/成	影像生成	False	True	1		phrase.ai-data-science.tsv	71	
輔助駕駛	ㄈㄨˇ ㄓㄨˋ ㄐㄧㄚˋ ㄕˇ	一般	1	18	absent			-7.354194117		輔助/駕駛	2.242041742	輔助/駕駛	2.242041742	輔助駕駛	輔助駕駛	輔助/駕駛	輔助駕駛	False	True	1		phrase.general.tsv	148	
轉移溫度	ㄓㄨㄢˇ ㄧˊ ㄨㄣ ㄉㄨˋ	材料化工	1	11	absent			-7.354194117		轉移/溫度	2.241294325	轉移/溫度	2.241294325	轉移溫度	轉移溫度	轉移/溫度	轉移/溫度	False	True	1		phrase.materials-chemistry.tsv	100	
積分控制	ㄐㄧ ㄈㄣ ㄎㄨㄥˋ ㄓˋ	電子電機	1	11	absent			-7.354194117		積分/控制	2.237536572	積分/控制	2.237536572	積分控制	積分控制	積分/控制	積分/控制	False	True	1		phrase.electronics.tsv	151	
倉儲管理	ㄘㄤ ㄔㄨˊ ㄍㄨㄢˇ ㄌㄧˇ	交通物流	1	12	absent			-7.354194117		倉儲/管理	2.237519973	倉儲/管理	2.237519973	倉儲管理	倉儲管理	倉儲/管理	倉儲/管理	False	True	1		phrase.transport-logistics.tsv	13	
數位電路	ㄕㄨˋ ㄨㄟˋ ㄉㄧㄢˋ ㄌㄨˋ	電子電機	1	11	absent			-7.354194117		數位/電路	2.236999079	數位/電路	2.236999079	數位電路	數位電路	數位/電路	數位/電路	False	True	1		phrase.electronics.tsv	110	
高速加工	ㄍㄠ ㄙㄨˋ ㄐㄧㄚ ㄍㄨㄥ	製造機械	1	11	absent			-7.354194117		高速/加工	2.231139959	高速/加工	2.231139959	高速加工	高速加工	高速/加工	高速/加工	False	True	1		phrase.manufacturing.tsv	147	
協同學習	ㄒㄧㄝˊ ㄊㄨㄥˊ ㄒㄩㄝˊ ㄒㄧˊ	教育	1	10	absent			-7.354194117		協同/學習	2.22249848	協同/學習	2.22249848	協同學習	協同學習	協同/學習	協同學習	False	True	1		phrase.education.tsv	15	
時效取得	ㄕˊ ㄒㄧㄠˋ ㄑㄩˇ ㄉㄜˊ	法律	1	10	absent			-7.354194117		時效/取得	2.221249577	時效/取得	2.221249577	時效取得	時效取得	時效/取得	時效/取得	False	True	1		phrase.law.tsv	97	
陶瓷材料	ㄊㄠˊ ㄘˊ ㄘㄞˊ ㄌㄧㄠˋ	材料化工	1	10	absent			-7.354194117		陶瓷/材料	2.220221132	陶瓷/材料	2.220221132	陶瓷材料	陶瓷材料	陶瓷/材料	陶瓷/材料	False	True	1		phrase.materials-chemistry.tsv	120	
不能未遂	ㄅㄨˋ ㄋㄥˊ ㄨㄟˋ ㄙㄨㄟˋ	法律	1	12	absent			-7.354194117		不能/未遂	2.219437062	不能/未遂	2.219437062	不能未遂	不能未遂	不能/未遂	不能/未遂	False	True	1		phrase.law.tsv	9	
大門兄弟	ㄉㄚˋ ㄇㄣˊ ㄒㄩㄥ ㄉㄧˋ	動漫	1	12	absent			-7.354194117		大門/兄弟	2.219274689	大門/兄弟	2.219274689	大門兄弟	大門兄弟	大門/兄弟	大門兄弟	False	True	1		phrase.anime.tsv	618	
原子物理	ㄩㄢˊ ㄗˇ ㄨˋ ㄌㄧˇ	科學	1	10	absent			-7.354194117		原子/物理	2.217220022	原子/物理	2.217220022	原子物理	原子物理	原子/物理	原子/物理	False	True	1		phrase.science.tsv	14	
保全程序	ㄅㄠˇ ㄑㄩㄢˊ ㄔㄥˊ ㄒㄩˋ	法律	1	10	absent			-7.354194117		保全/程序	2.215790359	保全/程序	2.215790359	保全程序	保全程序	保全/程序	保全/程序	False	True	1		phrase.law.tsv	18	
張力結構	ㄓㄤ ㄌㄧˋ ㄐㄧㄝˊ ㄍㄡˋ	建築土木	1	10	absent			-7.354194117		張力/結構	2.215329569	張力/結構	2.215329569	張力結構	張力結構	張力/結構	張力結構	False	True	1		phrase.civil-engineering.tsv	98	
條約體系	ㄊㄧㄠˊ ㄩㄝ ㄊㄧˇ ㄒㄧˋ	歷史	1	10	absent			-7.354194117		條約/體系	2.215279101	條約/體系	2.215279101	條約體系	條約體系	條約/體系	條約體系	False	True	1		phrase.history.tsv	96	
能源查核	ㄋㄥˊ ㄩㄢˊ ㄔㄚˊ ㄏㄜˊ	環境能源	1	11	absent			-7.354194117		能源/查核	2.212656553	能源/查核	2.212656553	能源查核	能源查核	能源/查核	能源/查核	False	True	1		phrase.energy-environment.tsv	119	
會計循環	ㄎㄨㄞˋ ㄐㄧˋ ㄒㄩㄣˊ ㄏㄨㄢˊ	財會金融	1	11	absent			-7.354194117		會計/循環	2.212518632	會計/循環	2.212518632	會計循環	會計循環	會計/循環	會計/循環	False	True	1		phrase.finance.tsv	72	
命題原則	ㄇㄧㄥˋ ㄊㄧˊ ㄩㄢˊ ㄗㄜˊ	教育	1	10	absent			-7.354194117		命題/原則	2.21109809	命題/原則	2.21109809	命題原則	命題原則	命題/原則	命題原則	False	True	1		phrase.education.tsv	21	
向量控制	ㄒㄧㄤˋ ㄌㄧㄤˋ ㄎㄨㄥˋ ㄓˋ	電子電機	1	11	absent			-7.354194117		向量/控制	2.206502338	向量/控制	2.206502338	向量控制	向量控制	向量/控制	向量/控制	False	True	1		phrase.electronics.tsv	48	
條件複句	ㄊㄧㄠˊ ㄐㄧㄢˋ ㄈㄨˋ ㄐㄩˋ	中文	1	12	absent			-7.354194117		條件/複句	2.204082692	條件/複句	2.204082692	條件複句	條件複句	條件/複句	條件/複句	False	True	1		phrase.chinese.tsv	84	
食品中毒	ㄕˊ ㄆㄧㄣˇ ㄓㄨㄥˋ ㄉㄨˊ	農業食品	1	17	absent			-7.354194117		食品/中毒	2.201661169	食品/中毒	2.201661169	食品中毒	食品中毒	食品/中毒	食品/中毒	False	True	1		phrase.agriculture-food.tsv	62	
氣候變遷	ㄑㄧˋ ㄏㄡˋ ㄅㄧㄢˋ ㄑㄧㄢ	環境能源	1	11	absent			-7.354194117		氣候/變遷	2.201001425	氣候/變遷	2.201001425	氣候變遷	氣候變遷	氣候/變遷	氣候/變遷	False	True	1		phrase.energy-environment.tsv	61	
視覺模型	ㄕˋ ㄐㄩㄝˊ ㄇㄛˊ ㄒㄧㄥˊ	AI資料科學	1	15	absent			-7.354194117		視覺/模型	2.200159875	視覺/模型	2.200159875	視覺模型	視覺模型	視覺/模型	視覺/模型	False	True	1		phrase.ai-data-science.tsv	138	
平面線形	ㄆㄧㄥˊ ㄇㄧㄢˋ ㄒㄧㄢˋ ㄒㄧㄥˊ	建築土木	1	11	absent			-7.354194117		平面/現行	2.190257908	平面/現行	2.190257908	平面線形	平面線形	平面/線形	平面/線形	False	True	1		phrase.civil-engineering.tsv	92	
位置編碼	ㄨㄟˋ ㄓˋ ㄅㄧㄢ ㄇㄚˇ	AI資料科學	1	11	absent			-7.354194117		位置/編碼	2.189127939	位置/編碼	2.189127939	位置編碼	位置編碼	位置/編碼	位置/編碼	False	True	1		phrase.ai-data-science.tsv	12	
國中會考	ㄍㄨㄛˊ ㄓㄨㄥ ㄏㄨㄟˋ ㄎㄠˇ	一般	1	30	absent			-7.354194117		國中/會考	2.188151993	國中/會考	2.188151993	國中會考	國中會考	國中/會考	國中會考	False	True	1		phrase.general.tsv	31	
買賣契約	ㄇㄞˇ ㄇㄞˋ ㄑㄧˋ ㄩㄝ	法律	1	11	absent			-7.354194117		買賣/契約	2.184684265	買賣/契約	2.184684265	買賣契約	買賣契約	買賣/契約	買賣/契約	False	True	1		phrase.law.tsv	173	
無形資產	ㄨˊ ㄒㄧㄥˊ ㄗ ㄔㄢˇ	財會金融	1	10	absent			-7.354194117		無形/資產	2.18306468	無形/資產	2.18306468	無形資產	無形資產	無形/資產	無形資產	False	True	1		phrase.finance.tsv	93	
生產排程	ㄕㄥ ㄔㄢˇ ㄆㄞˊ ㄔㄥˊ	製造機械	1	12	absent			-7.354194117		生產/排成	2.182467664	生產/排成	2.182467664	生產排程	生產排程	生產/排/程	生產排程	False	True	1		phrase.manufacturing.tsv	89	
偶像大師	ㄡˇ ㄒㄧㄤˋ ㄉㄚˋ ㄕ	動漫	1	22	absent			-7.354194117		偶像/大師	2.177477924	偶像/大師	2.177477924	偶像大師	偶像大師	偶像/大師	偶像大師	False	True	1		phrase.anime.tsv	231	
人生清單	ㄖㄣˊ ㄕㄥ ㄑㄧㄥ ㄉㄢ	動漫	1	13	absent			-7.354194117		人生/清單	2.176196154	人生/清單	2.176196154	人生清單	人生清單	人生/清單	人生清單	False	True	1		phrase.anime.tsv	149	
人才招募	ㄖㄣˊ ㄘㄞˊ ㄓㄠ ㄇㄨˋ	商業	1	11	absent			-7.354194117		人才/招募	2.175729422	人才/招募	2.175729422	人才招募	人才招募	人才/招募	人才/招募	False	True	1		phrase.business.tsv	12	
產能分析	ㄔㄢˇ ㄋㄥˊ ㄈㄣ ㄒㄧ	工業工程	1	18	absent			-7.354194117		產能/分析	2.174108403	產能/分析	2.174108403	產能分析	產能分析	產能/分析	產能/分析	False	True	1		phrase.industrial-engineering.tsv	81	
沉沒成本	ㄔㄣˊ ㄇㄛˋ ㄔㄥˊ ㄅㄣˇ	財會金融	1	10	absent			-7.354194117		沉默/成本	2.172521995	沉默/成本	2.172521995	沉默成本	沉默成本	沉默/成本	沉默/成本	False	False	1		phrase.finance.tsv	89	
實體風險	ㄕˊ ㄊㄧˇ ㄈㄥ ㄒㄧㄢˇ	環境能源	1	10	absent			-7.354194117		實體/風險	2.172264822	實體/風險	2.172264822	實體風險	實體風險	實體/風險	實體/風險	False	True	1		phrase.energy-environment.tsv	38	
友善農業	ㄧㄡˇ ㄕㄢˋ ㄋㄨㄥˊ ㄧㄝˋ	農業食品	1	14	absent			-7.354194117		友善/農業	2.169213253	友善/農業	2.169213253	友善農業	友善農業	友善/農業	友善/農業	False	True	1		phrase.agriculture-food.tsv	7	
公開授課	ㄍㄨㄥ ㄎㄞ ㄕㄡˋ ㄎㄜˋ	教育	1	12	absent			-7.354194117		公開/授課	2.165712808	公開/授課	2.165712808	公開授課	公開授課	公開/授課	公開/授課	False	True	1		phrase.education.tsv	12	
偵測回應	ㄓㄣ ㄘㄜˋ ㄏㄨㄟˊ ㄧㄥˋ	網路資安	1	13	absent			-7.354194117		偵測/回應	2.161141907	偵測/回應	2.161141907	偵測回應	偵測回應	偵測/回應	偵測/回應	False	True	1		phrase.network-security.tsv	22	
權限檢查	ㄑㄩㄢˊ ㄒㄧㄢˋ ㄐㄧㄢˇ ㄔㄚˊ	網路資安	1	14	absent			-7.354194117		權限/檢查	2.160635442	權限/檢查	2.160635442	權限檢查	權限檢查	權限/檢查	權限/檢查	False	True	1		phrase.network-security.tsv	100	
測試製程	ㄘㄜˋ ㄕˋ ㄓˋ ㄔㄥˊ	晶片半導體	1	8	absent			-7.354194117		測試/製成	2.159627053	測試/製成	2.159627053	測試製程	測試製程	測試/製程	測試/製程	False	True	1		phrase.semiconductor.tsv	104	
細胞分化	ㄒㄧˋ ㄅㄠ ㄈㄣ ㄏㄨㄚˋ	生技藥學	1	11	absent			-7.354194117		細胞/分化	2.159446734	細胞/分化	2.159446734	細胞分化	細胞分化	細胞/分化	細胞/分化	False	True	1		phrase.biotech-pharma.tsv	72	
人格特質	ㄖㄣˊ ㄍㄜˊ ㄊㄜˋ ㄓˊ	心理社會	1	11	absent			-7.354194117		人格/特質	2.15731081	人格/特質	2.15731081	人格特質	人格特質	人格/特質	人格/特質	False	True	1		phrase.psychology-society.tsv	7	
土壤污染	ㄊㄨˇ ㄖㄤˇ ㄨ ㄖㄢˇ	環境能源	1	10	absent			-7.354194117		土壤/污染	2.154441682	土壤/污染	2.154441682	土壤污染	土壤污染	土壤/污染	土壤/污染	False	True	1		phrase.energy-environment.tsv	20	
入侵指標	ㄖㄨˋ ㄑㄧㄣ ㄓˇ ㄅㄧㄠ	網路資安	1	11	absent			-7.354194117		入侵/指標	2.152152858	入侵/指標	2.152152858	入侵指標	入侵指標	入侵/指標	入侵指標	False	True	1		phrase.network-security.tsv	26	
水質指標	ㄕㄨㄟˇ ㄓˊ ㄓˇ ㄅㄧㄠ	環境能源	1	11	absent			-7.354194117		水質/指標	2.15036195	水質/指標	2.15036195	水質指標	水質指標	水質/指標	水質/指標	False	True	1		phrase.energy-environment.tsv	64	
權限提升	ㄑㄩㄢˊ ㄒㄧㄢˋ ㄊㄧˊ ㄕㄥ	網路資安	1	10	absent			-7.354194117		權限/提升	2.147972898	權限/提升	2.147972898	權限提升	權限提升	權限/提升	權限/提升	False	True	1		phrase.network-security.tsv	99	
內在動機	ㄋㄟˋ ㄗㄞˋ ㄉㄨㄥˋ ㄐㄧ	教育	1	11	absent			-7.354194117		內在/動機	2.146802139	內在/動機	2.146802139	內在動機	內在動機	內在/動機	內在動機	False	True	1		phrase.education.tsv	8	
一百個朋友	ㄧ ㄅㄞˇ ㄍㄜ˙ ㄆㄥˊ ㄧㄡˇ	動漫	1	13	absent			-7.354194117		一百個/朋友	2.146290587	一百個/朋友	2.146290587	一百個朋友	一百個朋友	一百個/朋友	一百個朋友	False	True	1		phrase.anime.tsv	15	
債權行為	ㄓㄞˋ ㄑㄩㄢˊ ㄒㄧㄥˊ ㄨㄟˊ	法律	1	10	absent			-7.354194117		債權/行為	2.143715075	債權/行為	2.143715075	債權行為	債權行為	債權/行為	債權/行為	False	True	1		phrase.law.tsv	26	
數位鑑識	ㄕㄨˋ ㄨㄟˋ ㄐㄧㄢˋ ㄕˋ	網路資安	1	11	absent			-7.354194117		數位/見識	2.142729162	數位/見識	2.142729162	數位鑑識	數位鑑識	數位/鑑識	數位/鑑識	False	True	1		phrase.network-security.tsv	90	
陳情案件	ㄔㄣˊ ㄑㄧㄥˊ ㄢˋ ㄐㄧㄢˋ	公務員公文	1	15	absent			-7.354194117		陳情/案件	2.140028722	陳情/案件	2.140028722	陳情案件	陳情案件	陳情/案件	陳情/案件	False	True	1		phrase.government.tsv	75	
食品加工	ㄕˊ ㄆㄧㄣˇ ㄐㄧㄚ ㄍㄨㄥ	農業食品	1	20	absent			-7.354194117		食品/加工	2.138609423	食品/加工	2.138609423	食品加工	食品加工	食品/加工	食品/加工	False	True	1		phrase.agriculture-food.tsv	64	
減量管理	ㄐㄧㄢˇ ㄌㄧㄤˋ ㄍㄨㄢˇ ㄌㄧˇ	環境能源	1	14	absent			-7.354194117		減量/管理	2.137817059	減量/管理	2.137817059	減量管理	減量管理	減量/管理	減量管理	False	True	1		phrase.energy-environment.tsv	79	
噪音污染	ㄗㄠˋ ㄧㄣ ㄨ ㄖㄢˇ	環境能源	1	10	absent			-7.354194117		噪音/污染	2.134761542	噪音/污染	2.134761542	噪音污染	噪音污染	噪音/污染	噪音/污染	False	True	1		phrase.energy-environment.tsv	17	
應用處理器	ㄧㄥˋ ㄩㄥˋ ㄔㄨˇ ㄌㄧˇ ㄑㄧˋ	晶片半導體	1	5	absent			-7.354194117		應用/處理器	2.131873112	應用/處理器	2.131873112	應用處理器	應用處理器	應用/處理器	應用/處理器	False	True	1		phrase.semiconductor.tsv	47	
反應速率	ㄈㄢˇ ㄧㄥˋ ㄙㄨˋ ㄌㄩˋ	材料化工	1	12	absent			-7.354194117		反應/速率	2.131225465	反應/速率	2.131225465	反應速率	反應速率	反應/速率	反應/速率	False	True	1		phrase.materials-chemistry.tsv	19	
細胞生物學	ㄒㄧˋ ㄅㄠ ㄕㄥ ㄨˋ ㄒㄩㄝˊ	科學	1	4	absent			-7.354194117		細胞/生物學	2.131051363	細胞/生物學	2.131051363	細胞生物學	細胞生物學	細胞/生物學	細胞/生物學	False	True	1		phrase.science.tsv	62	
生產力指標	ㄕㄥ ㄔㄢˇ ㄌㄧˋ ㄓˇ ㄅㄧㄠ	商業	1	4	absent			-7.354194117		生產力/指標	2.129428043	生產力/指標	2.129428043	生產力指標	生產力指標	生產力/指標	生產力指標	False	True	1		phrase.business.tsv	133	
績效指標	ㄐㄧ ㄒㄧㄠˋ ㄓˇ ㄅㄧㄠ	環境能源	1	13	absent			-7.354194117		績效/指標	2.129428043	績效/指標	2.129428043	績效指標	績效指標	績效/指標	績效/指標	False	True	1		phrase.energy-environment.tsv	116	
柏林危機	ㄅㄛˊ ㄌㄧㄣˊ ㄨㄟˊ ㄐㄧ	歷史	1	10	absent			-7.354194117		柏林/危機	2.123244768	柏林/危機	2.123244768	柏林危機	柏林危機	柏林/危機	柏林/危機	False	True	1		phrase.history.tsv	94	
樓板設計	ㄌㄡˊ ㄅㄢˇ ㄕㄜˋ ㄐㄧˋ	建築土木	1	12	absent			-7.354194117		樓板/設計	2.122953968	樓板/設計	2.122953968	樓板設計	樓板設計	樓板/設計	樓板/設計	False	True	1		phrase.civil-engineering.tsv	138	
混凝土工程	ㄏㄨㄣˋ ㄋㄧㄥˊ ㄊㄨˇ ㄍㄨㄥ ㄔㄥˊ	建築土木	1	4	absent			-7.354194117		混凝土/工程	2.121841035	混凝土/工程	2.121841035	混凝土工程	混凝土工程	混凝土/工程	混凝土/工程	False	True	1		phrase.civil-engineering.tsv	154	
會計估計	ㄎㄨㄞˋ ㄐㄧˋ ㄍㄨ ㄐㄧˋ	財會金融	1	11	absent			-7.354194117		會計/估計	2.119062271	會計/估計	2.119062271	會計估計	會計估計	會計/估計	會計/估計	False	True	1		phrase.finance.tsv	71	
安全依附	ㄢ ㄑㄩㄢˊ ㄧ ㄈㄨˋ	心理社會	1	12	absent			-7.354194117		安全/依附	2.118887925	安全/依附	2.118887925	安全依附	安全依附	安全/依附	安全/依附	False	True	1		phrase.psychology-society.tsv	24	
語意記憶	ㄩˇ ㄧˋ ㄐㄧˋ ㄧˋ	心理社會	1	10	absent			-7.354194117		語意/記憶	2.118145838	語意/記憶	2.118145838	語意記憶	語意記憶	語意/記憶	語意/記憶	False	True	1		phrase.psychology-society.tsv	81	
定價策略	ㄉㄧㄥˋ ㄐㄧㄚˋ ㄘㄜˋ ㄌㄩㄝˋ	商業	1	11	absent			-7.354194117		定價/策略	2.117007411	定價/策略	2.117007411	定價策略	定價策略	定價/策略	定價/策略	False	True	1		phrase.business.tsv	63	
惡意軟體	ㄜˋ ㄧˋ ㄖㄨㄢˇ ㄊㄧˇ	一般	1	18	absent			-7.354194117		惡意/軟體	2.112817005	惡意/軟體	2.112817005	惡意軟體	惡意軟體	惡意/軟體	惡意/軟體	False	True	1		phrase.general.tsv	57	
高速介面	ㄍㄠ ㄙㄨˋ ㄐㄧㄝˋ ㄇㄧㄢˋ	電子電機	1	14	absent			-7.354194117		高速/介面	2.112110082	高速/介面	2.112110082	高速介面	高速介面	高速/介面	高速/介面	False	True	1		phrase.electronics.tsv	219	
攝影構圖	ㄕㄜˋ ㄧㄥˇ ㄍㄡˋ ㄊㄨˊ	媒體設計	1	12	absent			-7.354194117		攝影/構圖	2.11089805	攝影/構圖	2.11089805	攝影構圖	攝影構圖	攝影/構圖	攝影/構圖	False	True	1		phrase.media-design.tsv	45	
地下學生會	ㄉㄧˋ ㄒㄧㄚˋ ㄒㄩㄝˊ ㄕㄥ ㄏㄨㄟˋ	動漫	1	12	absent			-7.354194117		地下/學生會	2.109298784	地下/學生會	2.109298784	地下學生會	地下學生會	地下/學生會	地下學生會	False	True	1		phrase.anime.tsv	512	
憲法訴訟	ㄒㄧㄢˋ ㄈㄚˇ ㄙㄨˋ ㄙㄨㄥˋ	法律	1	11	absent			-7.354194117		憲法/訴訟	2.106073657	憲法/訴訟	2.106073657	憲法訴訟	憲法訴訟	憲法/訴訟	憲法/訴訟	False	True	1		phrase.law.tsv	83	
條碼管理	ㄊㄧㄠˊ ㄇㄚˇ ㄍㄨㄢˇ ㄌㄧˇ	交通物流	1	12	absent			-7.354194117		條碼/管理	2.105632376	條碼/管理	2.105632376	條碼管理	條碼管理	條碼/管理	條碼/管理	False	True	1		phrase.transport-logistics.tsv	58	
外在動機	ㄨㄞˋ ㄗㄞˋ ㄉㄨㄥˋ ㄐㄧ	教育	1	11	absent			-7.354194117		外在/動機	2.105289467	外在/動機	2.105289467	外在動機	外在動機	外在/動機	外在動機	False	True	1		phrase.education.tsv	26	
目的複句	ㄇㄨˋ ㄉㄧˋ ㄈㄨˋ ㄐㄩˋ	中文	1	12	absent			-7.354194117		目的/複句	2.098957805	目的/複句	2.098957805	目的複句	目的複句	目的/複句	目的/複句	False	True	1		phrase.chinese.tsv	100	
確認訴訟	ㄑㄩㄝˋ ㄖㄣˋ ㄙㄨˋ ㄙㄨㄥˋ	法律	1	11	absent			-7.354194117		確認/訴訟	2.09661153	確認/訴訟	2.09661153	確認訴訟	確認訴訟	確認/訴訟	確認/訴訟	False	True	1		phrase.law.tsv	129	
財務比率	ㄘㄞˊ ㄨˋ ㄅㄧˇ ㄌㄩˋ	財會金融	1	11	absent			-7.354194117		財務/比率	2.094194322	財務/比率	2.094194322	財務比率	財務比率	財務/比率	財務比率	False	True	1		phrase.finance.tsv	142	
民主化時期	ㄇㄧㄣˊ ㄓㄨˇ ㄏㄨㄚˋ ㄕˊ ㄑㄧˊ	歷史	1	4	absent			-7.354194117		民主化/時期	2.09164811	民主化/時期	2.09164811	民主化時期	民主化時期	民主化/時期	民主化時期	False	True	1		phrase.history.tsv	102	
使用者訪談	ㄕˇ ㄩㄥˋ ㄓㄜˇ ㄈㄤˇ ㄊㄢˊ	媒體設計	1	5	absent			-7.354194117		使用者/訪談	2.090527282	使用者/訪談	2.090527282	使用者訪談	使用者訪談	使用者/訪談	使用者/訪談	False	True	1		phrase.media-design.tsv	10	
品牌延伸	ㄆㄧㄣˇ ㄆㄞˊ ㄧㄢˊ ㄕㄣ	商業	1	11	absent			-7.354194117		品牌/延伸	2.088942217	品牌/延伸	2.088942217	品牌延伸	品牌延伸	品牌/延伸	品牌/延伸	False	True	1		phrase.business.tsv	45	
線上客服	ㄒㄧㄢˋ ㄕㄤˋ ㄎㄜˋ ㄈㄨˊ	一般	1	18	absent			-7.354194117		線上/客服	2.08604691	線上/客服	2.08604691	線上客服	線上客服	線上/客服	線上/客服	False	True	1		phrase.general.tsv	113	
損失補償	ㄙㄨㄣˇ ㄕ ㄅㄨˇ ㄔㄤˊ	法律	1	11	absent			-7.354194117		損失/補償	2.084786257	損失/補償	2.084786257	損失補償	損失補償	損失/補償	損失/補償	False	True	1		phrase.law.tsv	90	
選擇性注意	ㄒㄩㄢˇ ㄗㄜˊ ㄒㄧㄥˋ ㄓㄨˋ ㄧˋ	心理社會	1	3	absent			-7.354194117		選擇性/注意	2.083226624	選擇性/注意	2.083226624	選擇性注意	選擇性注意	選擇性/注意	選擇性/注意	False	True	1		phrase.psychology-society.tsv	87	
指數分布	ㄓˇ ㄕㄨˋ ㄈㄣ ㄅㄨˋ	工業工程	1	11	absent			-7.354194117		指數/分布	2.077238555	指數/分布	2.077238555	指數分布	指數分布	指數/分布	指數/分布	False	True	1		phrase.industrial-engineering.tsv	57	
你的謊言	ㄋㄧˇ ㄉㄜ˙ ㄏㄨㄤˇ ㄧㄢˊ	動漫	1	14	absent			-7.354194117		你的/謊言	2.076229821	你的/謊言	2.076229821	你的謊言	你的謊言	你的/謊言	你的謊言	False	True	1		phrase.anime.tsv	204	
預測模型	ㄩˋ ㄘㄜˋ ㄇㄛˊ ㄒㄧㄥˊ	AI資料科學	1	15	absent			-7.354194117		預測/模型	2.075470232	預測/模型	2.075470232	預測模型	預測模型	預測/模型	預測/模型	False	True	1		phrase.ai-data-science.tsv	167	
所得稅費用	ㄙㄨㄛˇ ㄉㄜˊ ㄕㄨㄟˋ ㄈㄟˋ ㄩㄥˋ	財會金融	1	4	absent			-7.354194117		所得稅/費用	2.07392314	所得稅/費用	2.07392314	所得稅費用	所得稅費用	所得稅/費用	所得稅/費用	False	True	1		phrase.finance.tsv	57	
接地系統	ㄐㄧㄝ ㄉㄧˋ ㄒㄧˋ ㄊㄨㄥˇ	電子電機	1	12	absent			-7.354194117		接地/系統	2.071424773	接地/系統	2.071424773	接地系統	接地系統	接地/系統	接地/系統	False	True	1		phrase.electronics.tsv	96	
節拍時間	ㄐㄧㄝˊ ㄆㄞ ㄕˊ ㄐㄧㄢ	製造機械	1	11	absent			-7.354194117		節拍/時間	2.062587758	節拍/時間	2.062587758	節拍時間	節拍時間	節拍/時間	節拍時間	False	True	1		phrase.manufacturing.tsv	100	
排放交易	ㄆㄞˊ ㄈㄤˋ ㄐㄧㄠ ㄧˋ	環境能源	1	10	absent			-7.354194117		排放/交易	2.060239646	排放/交易	2.060239646	排放交易	排放交易	排放/交易	排放/交易	False	True	1		phrase.energy-environment.tsv	51	
審判程序	ㄕㄣˇ ㄆㄢˋ ㄔㄥˊ ㄒㄩˋ	法律	1	10	absent			-7.354194117		審判/程序	2.053755164	審判/程序	2.053755164	審判程序	審判程序	審判/程序	審判/程序	False	True	1		phrase.law.tsv	67	
接班人計畫	ㄐㄧㄝ ㄅㄢ ㄖㄣˊ ㄐㄧˋ ㄏㄨㄚˋ	商業	1	5	absent			-7.354194117		接班人/計畫	2.051776598	接班人/計畫	2.051776598	接班人計畫	接班人計畫	接班人/計畫	接班人/計畫	False	True	1		phrase.business.tsv	101	
共享機車	ㄍㄨㄥˋ ㄒㄧㄤˇ ㄐㄧ ㄔㄜ	一般	1	12	absent			-7.354194117		共享/機車	2.051568852	共享/機車	2.051568852	共享機車	共享機車	共享/機車	共享/機車	False	True	1		phrase.general.tsv	16	
譴責小說	ㄑㄧㄢˇ ㄗㄜˊ ㄒㄧㄠˇ ㄕㄨㄛ	中文	1	10	absent			-7.354194117		譴責/小說	2.051058563	譴責/小說	2.051058563	譴責小說	譴責小說	譴責/小說	譴責小說	False	True	1		phrase.chinese.tsv	131	
財務會計	ㄘㄞˊ ㄨˋ ㄎㄨㄞˋ ㄐㄧˋ	財會金融	1	11	absent			-7.354194117		財務/會計	2.050261896	財務/會計	2.050261896	財務會計	財務會計	財務/會計	財務/會計	False	True	1		phrase.finance.tsv	140	
侵權行為	ㄑㄧㄣ ㄑㄩㄢˊ ㄒㄧㄥˊ ㄨㄟˊ	法律	1	10	absent			-7.354194117		侵權/行為	2.046805062	侵權/行為	2.046805062	侵權行為	侵權行為	侵權/行為	侵權/行為	False	True	1		phrase.law.tsv	17	
中華一番	ㄓㄨㄥ ㄏㄨㄚˊ ㄧ ㄈㄢ	動漫	1	22	absent			-7.354194117		中華/一番	2.046454258	中華/一番	2.046454258	中華一番	中華一番	中華/一番	中華一番	False	True	1		phrase.anime.tsv	74	
標準工時	ㄅㄧㄠ ㄓㄨㄣˇ ㄍㄨㄥ ㄕˊ	製造機械	1	12	absent			-7.354194117		標準/工時	2.042584339	標準/工時	2.042584339	標準工時	標準工時	標準/工時	標準/工時	False	True	1		phrase.manufacturing.tsv	60	
匯率風險	ㄏㄨㄟˋ ㄌㄩˋ ㄈㄥ ㄒㄧㄢˇ	財會金融	1	11	absent			-7.354194117		匯率/風險	2.03706301	匯率/風險	2.03706301	匯率風險	匯率風險	匯率/風險	匯率/風險	False	True	1		phrase.finance.tsv	25	
泌尿系統	ㄇㄧˋ ㄋㄧㄠˋ ㄒㄧˋ ㄊㄨㄥˇ	醫學	1	12	absent			-7.354194117		泌尿/系統	2.03570922	泌尿/系統	2.03570922	泌尿系統	泌尿系統	泌尿/系統	泌尿/系統	False	True	1		phrase.medicine.tsv	133	
獲利指數	ㄏㄨㄛˋ ㄌㄧˋ ㄓˇ ㄕㄨˋ	財會金融	1	11	absent			-7.354194117		獲利/指數	2.034180841	獲利/指數	2.034180841	獲利指數	獲利指數	獲利/指數	獲利指數	False	True	1		phrase.finance.tsv	101	
分類模型	ㄈㄣ ㄌㄟˋ ㄇㄛˊ ㄒㄧㄥˊ	AI資料科學	1	15	absent			-7.354194117		分類/模型	2.034145507	分類/模型	2.034145507	分類模型	分類模型	分類/模型	分類/模型	False	True	1		phrase.ai-data-science.tsv	23	
推的孩子	ㄊㄨㄟ ㄉㄜ˙ ㄏㄞˊ ㄗ˙	動漫	1	15	absent			-7.354194117		推的/孩子	2.033713408	推的/孩子	2.033713408	推的孩子	推的孩子	推/的/孩子	推的孩子	False	True	1		phrase.anime.tsv	1074	
攸關成本	ㄧㄡ ㄍㄨㄢ ㄔㄥˊ ㄅㄣˇ	財會金融	1	10	absent			-7.354194117		攸關/成本	2.031644058	攸關/成本	2.031644058	攸關成本	攸關成本	攸關/成本	攸關成本	False	True	1		phrase.finance.tsv	67	
序號管理	ㄒㄩˋ ㄏㄠˋ ㄍㄨㄢˇ ㄌㄧˇ	交通物流	1	12	absent			-7.354194117		序號/管理	2.029911662	序號/管理	2.029911662	序號管理	序號管理	序號/管理	序號/管理	False	True	1		phrase.transport-logistics.tsv	38	
新產品開發	ㄒㄧㄣ ㄔㄢˇ ㄆㄧㄣˇ ㄎㄞ ㄈㄚ	商業	1	4	absent			-7.354194117		新產品/開發	2.029648284	新產品/開發	2.029648284	新產品開發	新產品開發	新產品/開發	新產品/開發	False	True	1		phrase.business.tsv	105	
生活圈規劃	ㄕㄥ ㄏㄨㄛˊ ㄑㄩㄢ ㄍㄨㄟ ㄏㄨㄚˋ	建築土木	1	4	absent			-7.354194117		生活圈/規劃	2.027989384	生活圈/規劃	2.027989384	生活圈規劃	生活圈規劃	生活圈/規劃	生活圈規劃	False	True	1		phrase.civil-engineering.tsv	170	
提前停止	ㄊㄧˊ ㄑㄧㄢˊ ㄊㄧㄥˊ ㄓˇ	AI資料科學	1	11	absent			-7.354194117		提前/停止	2.025423214	提前/停止	2.025423214	提前停止	提前停止	提前/停止	提前/停止	False	True	1		phrase.ai-data-science.tsv	85	
支付命令	ㄓ ㄈㄨˋ ㄇㄧㄥˋ ㄌㄧㄥˋ	法律	1	11	absent			-7.354194117		支付/命令	2.02384529	支付/命令	2.02384529	支付命令	支付命令	支付/命令	支付/命令	False	True	1		phrase.law.tsv	94	
人口遷移	ㄖㄣˊ ㄎㄡˇ ㄑㄧㄢ ㄧˊ	心理社會	1	12	absent			-7.354194117		人口/遷移	2.021632457	人口/遷移	2.021632457	人口遷移	人口遷移	人口/遷移	人口/遷移	False	True	1		phrase.psychology-society.tsv	5	
天線工程	ㄊㄧㄢ ㄒㄧㄢˋ ㄍㄨㄥ ㄔㄥˊ	電子電機	1	11	absent			-7.354194117		天線/工程	2.021376068	天線/工程	2.021376068	天線工程	天線工程	天線/工程	天線/工程	False	True	1		phrase.electronics.tsv	59	
負債準備	ㄈㄨˋ ㄓㄞˋ ㄓㄨㄣˇ ㄅㄟˋ	財會金融	1	10	absent			-7.354194117		負債/準備	2.020827462	負債/準備	2.020827462	負債準備	負債準備	負債/準備	負債/準備	False	True	1		phrase.finance.tsv	137	
影像分割	ㄧㄥˇ ㄒㄧㄤˋ ㄈㄣ ㄍㄜ	AI資料科學	1	11	absent			-7.354194117		影像/分割	2.019619746	影像/分割	2.019619746	影像分割	影像分割	影像/分割	影像/分割	False	True	1		phrase.ai-data-science.tsv	69	
模型風險	ㄇㄛˊ ㄒㄧㄥˊ ㄈㄥ ㄒㄧㄢˇ	財會金融	1	11	absent			-7.354194117		模型/風險	2.019444905	模型/風險	2.019444905	模型風險	模型風險	模型/風險	模型/風險	False	True	1		phrase.finance.tsv	78	
半導體材料	ㄅㄢˋ ㄉㄠˇ ㄊㄧˇ ㄘㄞˊ ㄌㄧㄠˋ	材料化工	1	4	absent			-7.354194117		半導體/材料	2.019306289	半導體/材料	2.019306289	半導體材料	半導體材料	半導體/材料	半導體材料	False	True	1		phrase.materials-chemistry.tsv	15	
社會懈怠	ㄕㄜˋ ㄏㄨㄟˋ ㄒㄧㄝˋ ㄉㄞˋ	心理社會	1	13	absent			-7.354194117		社會/懈怠	2.013191134	社會/懈怠	2.013191134	社會懈怠	社會懈怠	社會/懈怠	社會/懈怠	False	True	1		phrase.psychology-society.tsv	56	
推薦模型	ㄊㄨㄟ ㄐㄧㄢˋ ㄇㄛˊ ㄒㄧㄥˊ	AI資料科學	1	15	absent			-7.354194117		推薦/模型	2.006499253	推薦/模型	2.006499253	推薦模型	推薦模型	推薦/模型	推薦/模型	False	True	1		phrase.ai-data-science.tsv	82	
提示工程	ㄊㄧˊ ㄕˋ ㄍㄨㄥ ㄔㄥˊ	一般	1	13	absent			-7.354194117		提示/工程	1.998392161	提示/工程	1.998392161	提示工程	提示工程	提示/工程	提示/工程	False	True	1		phrase.general.tsv	66	
相鄰關係	ㄒㄧㄤ ㄌㄧㄣˊ ㄍㄨㄢ ㄒㄧˋ	法律	1	11	absent			-7.354194117		相鄰/關係	1.989701282	相鄰/關係	1.989701282	相鄰關係	相鄰關係	相鄰/關係	相鄰/關係	False	True	1		phrase.law.tsv	128	
衝擊試驗	ㄔㄨㄥ ㄐㄧˊ ㄕˋ ㄧㄢˋ	材料化工	1	11	absent			-7.354194117		衝擊/試驗	1.98900013	衝擊/試驗	1.98900013	衝擊試驗	衝擊試驗	衝擊/試驗	衝擊/試驗	False	True	1		phrase.materials-chemistry.tsv	91	
口述歷史	ㄎㄡˇ ㄕㄨˋ ㄌㄧˋ ㄕˇ	歷史	1	10	absent			-7.354194117		口述/歷史	1.981041111	口述/歷史	1.981041111	口述歷史	口述歷史	口述/歷史	口述/歷史	False	True	1		phrase.history.tsv	34	
復健治療	ㄈㄨˋ ㄐㄧㄢˋ ㄓˋ ㄌㄧㄠˊ	醫學	1	13	absent			-7.354194117		復健/治療	1.97983993	復健/治療	1.97983993	附件治療	附件治療	附件/治療	附件/治療	False	False	1		phrase.medicine.tsv	87	
事業廢棄物	ㄕˋ ㄧㄝˋ ㄈㄟˋ ㄑㄧˋ ㄨˋ	環境能源	1	5	absent			-7.354194117		事業/廢棄物	1.978870758	事業/廢棄物	1.978870758	事業廢棄物	事業廢棄物	事業/廢棄物	事業/廢棄物	False	True	1		phrase.energy-environment.tsv	4	
材料試驗	ㄘㄞˊ ㄌㄧㄠˋ ㄕˋ ㄧㄢˋ	建築土木	1	13	absent			-7.354194117		材料/試驗	1.977514985	材料/試驗	1.977514985	材料試驗	材料試驗	材料/試驗	材料/試驗	False	True	1		phrase.civil-engineering.tsv	119	
標籤理論	ㄅㄧㄠ ㄑㄧㄢ ㄌㄧˇ ㄌㄨㄣˋ	心理社會	1	10	absent			-7.354194117		標籤/理論	1.974435502	標籤/理論	1.974435502	標籤理論	標籤理論	標籤/理論	標籤/理論	False	True	1		phrase.psychology-society.tsv	38	
物流管理	ㄨˋ ㄌㄧㄡˊ ㄍㄨㄢˇ ㄌㄧˇ	交通物流	1	12	absent			-7.354194117		物流/管理	1.973006811	物流/管理	1.973006811	物流管理	物流管理	物流/管理	物流/管理	False	True	1		phrase.transport-logistics.tsv	69	
貓咪老師	ㄇㄠ ㄇㄧ ㄌㄠˇ ㄕ	動漫	1	20	absent			-7.354194117		貓咪/老師	1.971546814	貓咪/老師	1.971546814	貓咪老師	貓咪老師	貓咪/老師	貓咪老師	False	True	1		phrase.anime.tsv	2113	
動物用藥	ㄉㄨㄥˋ ㄨˋ ㄩㄥˋ ㄧㄠˋ	農業食品	1	15	absent			-7.354194117		動物/用藥	1.966672599	動物/用藥	1.966672599	動物用藥	動物用藥	動物/用藥	動物/用藥	False	True	1		phrase.agriculture-food.tsv	5	
勒索軟體	ㄌㄜˋ ㄙㄨㄛˇ ㄖㄨㄢˇ ㄊㄧˇ	一般	1	14	absent			-7.354194117		勒索/軟體	1.965933017	勒索/軟體	1.965933017	勒索軟體	勒索軟體	勒索/軟體	勒索/軟體	False	True	1		phrase.general.tsv	23	
鄉下女孩	ㄒㄧㄤ ㄒㄧㄚˋ ㄋㄩˇ ㄏㄞˊ	動漫	1	12	absent			-7.354194117		鄉下/女孩	1.964202772	鄉下/女孩	1.964202772	鄉下女孩	鄉下女孩	鄉下/女孩	鄉下/女孩	False	True	1		phrase.anime.tsv	2213	
後端服務	ㄏㄡˋ ㄉㄨㄢ ㄈㄨˊ ㄨˋ	軟體科學	1	28	absent			-7.354194117		後端/服務	1.961804972	後端/服務	1.961804972	後端服務	後端服務	後端/服務	後端/服務	False	True	1		phrase.software.tsv	35	
多重障礙	ㄉㄨㄛ ㄔㄨㄥˊ ㄓㄤˋ ㄞˋ	教育	1	10	absent			-7.354194117		多重/障礙	1.961063087	多重/障礙	1.961063087	多重障礙	多重障礙	多重/障礙	多重/障礙	False	True	1		phrase.education.tsv	29	
光電工程	ㄍㄨㄤ ㄉㄧㄢˋ ㄍㄨㄥ ㄔㄥˊ	電子電機	1	11	absent			-7.354194117		光電/工程	1.95985803	光電/工程	1.95985803	光電工程	光電工程	光電/工程	光電/工程	False	True	1		phrase.electronics.tsv	27	
選擇複句	ㄒㄩㄢˇ ㄗㄜˊ ㄈㄨˋ ㄐㄩˋ	中文	1	12	absent			-7.354194117		選擇/複句	1.959488589	選擇/複句	1.959488589	選擇複句	選擇複句	選擇/複句	選擇/複句	False	True	1		phrase.chinese.tsv	142	
數位驗證	ㄕㄨˋ ㄨㄟˋ ㄧㄢˋ ㄓㄥˋ	電子電機	1	11	absent			-7.354194117		數位/驗證	1.953880672	數位/驗證	1.953880672	數位驗證	數位驗證	數位/驗證	數位/驗證	False	True	1		phrase.electronics.tsv	111	
情節記憶	ㄑㄧㄥˊ ㄐㄧㄝˊ ㄐㄧˋ ㄧˋ	心理社會	1	10	absent			-7.354194117		情節/記憶	1.951083896	情節/記憶	1.951083896	情節記憶	情節記憶	情節/記憶	情節記憶	False	True	1		phrase.psychology-society.tsv	30	
自動列車	ㄗˋ ㄉㄨㄥˋ ㄌㄧㄝˋ ㄔㄜ	交通物流	1	13	absent			-7.354194117		自動/列車	1.945723494	自動/列車	1.945723494	自動列車	自動列車	自動/列車	自動/列車	False	True	1		phrase.transport-logistics.tsv	83	
市場契合	ㄕˋ ㄔㄤˇ ㄑㄧˋ ㄏㄜˊ	商業	1	12	absent			-7.354194117		市場/契合	1.943140373	市場/契合	1.943140373	市場契合	市場契合	市場/契合	市場/契合	False	True	1		phrase.business.tsv	91	
氣候風險	ㄑㄧˋ ㄏㄡˋ ㄈㄥ ㄒㄧㄢˇ	環境能源	1	11	absent			-7.354194117		氣候/風險	1.940706591	氣候/風險	1.940706591	氣候風險	氣候風險	氣候/風險	氣候/風險	False	True	1		phrase.energy-environment.tsv	62	
修補管理	ㄒㄧㄡ ㄅㄨˇ ㄍㄨㄢˇ ㄌㄧˇ	網路資安	1	12	absent			-7.354194117		修補/管理	1.936489977	修補/管理	1.936489977	修補管理	修補管理	修補/管理	修補/管理	False	True	1		phrase.network-security.tsv	20	
分散式系統	ㄈㄣ ㄙㄢˋ ㄕˋ ㄒㄧˋ ㄊㄨㄥˇ	軟體科學	1	24	absent			-7.354194117		分散式/系統	1.93425158	分散式/系統	1.93425158	分散式系統	分散式系統	分散式/系統	分散式/系統	False	True	1		phrase.software.tsv	12	
最強的世界	ㄗㄨㄟˋ ㄑㄧㄤˊ ㄉㄜ˙ ㄕˋ ㄐㄧㄝˋ	動漫	1	12	absent			-7.354194117		最強的/世界	1.932720169	最強的/世界	1.932720169	最強的世界	最強的世界	最強的/世界	最強的世界	False	True	1		phrase.anime.tsv	1163	
魔術協會	ㄇㄛˊ ㄕㄨˋ ㄒㄧㄝˊ ㄏㄨㄟˋ	動漫	1	12	absent			-7.354194117		魔術/協會	1.929550918	魔術/協會	1.929550918	魔術協會	魔術協會	魔術/協會	魔術協會	False	True	1		phrase.anime.tsv	2474	
瓶頸分析	ㄆㄧㄥˊ ㄐㄧㄥˇ ㄈㄣ ㄒㄧ	工業工程	1	18	absent			-7.354194117		瓶頸/分析	1.926597663	瓶頸/分析	1.926597663	瓶頸分析	瓶頸分析	瓶頸/分析	瓶頸分析	False	True	1		phrase.industrial-engineering.tsv	78	
轉型風險	ㄓㄨㄢˇ ㄒㄧㄥˊ ㄈㄥ ㄒㄧㄢˇ	環境能源	1	11	absent			-7.354194117		轉型/風險	1.926537635	轉型/風險	1.926537635	轉型風險	轉型風險	轉型/風險	轉型風險	False	True	1		phrase.energy-environment.tsv	132	
前端服務	ㄑㄧㄢˊ ㄉㄨㄢ ㄈㄨˊ ㄨˋ	軟體科學	1	24	absent			-7.354194117		前端/服務	1.924821405	前端/服務	1.924821405	前端服務	前端服務	前端/服務	前端/服務	False	True	1		phrase.software.tsv	15	
因果分析	ㄧㄣ ㄍㄨㄛˇ ㄈㄣ ㄒㄧ	歷史	1	11	absent			-7.354194117		因果/分析	1.923052383	因果/分析	1.923052383	因果分析	因果分析	因果/分析	因果/分析	False	True	1		phrase.history.tsv	42	
行銷自動化	ㄒㄧㄥˊ ㄒㄧㄠ ㄗˋ ㄉㄨㄥˋ ㄏㄨㄚˋ	商業	1	4	absent			-7.354194117		行銷/自動化	1.914428924	行銷/自動化	1.914428924	行銷自動化	行銷自動化	行銷/自動化	行銷/自動化	False	True	1		phrase.business.tsv	158	
偏差行為	ㄆㄧㄢ ㄔㄚ ㄒㄧㄥˊ ㄨㄟˊ	心理社會	1	10	absent			-7.354194117		偏差/行為	1.9090291	偏差/行為	1.9090291	偏差行為	偏差行為	偏差/行為	偏差/行為	False	True	1		phrase.psychology-society.tsv	10	
單元操作	ㄉㄢ ㄩㄢˊ ㄘㄠ ㄗㄨㄛˋ	材料化工	1	11	absent			-7.354194117		單元/操作	1.907529601	單元/操作	1.907529601	單元操作	單元操作	單元/操作	單元操作	False	True	1		phrase.materials-chemistry.tsv	20	
細胞骨架	ㄒㄧˋ ㄅㄠ ㄍㄨˇ ㄐㄧㄚˋ	科學	1	11	absent			-7.354194117		細胞/股價	1.904826813	細胞/股價	1.904826813	細胞骨架	細胞骨架	細胞/骨架	細胞/骨架	False	True	1		phrase.science.tsv	63	
網路最佳化	ㄨㄤˇ ㄌㄨˋ ㄗㄨㄟˋ ㄐㄧㄚ ㄏㄨㄚˋ	工業工程	1	5	absent			-7.354194117		網路/最佳化	1.900046211	網路/最佳化	1.900046211	網路最佳化	網路最佳化	網路/最佳化	網路/最佳化	False	True	1		phrase.industrial-engineering.tsv	88	
全球素養	ㄑㄩㄢˊ ㄑㄧㄡˊ ㄙㄨˋ ㄧㄤˇ	教育	1	12	absent			-7.354194117		全球/素養	1.898851247	全球/素養	1.898851247	全球素養	全球素養	全球/素養	全球/素養	False	True	1		phrase.education.tsv	10	
定價分析	ㄉㄧㄥˋ ㄐㄧㄚˋ ㄈㄣ ㄒㄧ	商業	1	12	absent			-7.354194117		定價/分析	1.895686198	定價/分析	1.895686198	定價分析	定價分析	定價/分析	定價/分析	False	True	1		phrase.business.tsv	62	
設備保養	ㄕㄜˋ ㄅㄟˋ ㄅㄠˇ ㄧㄤˇ	製造機械	1	15	absent			-7.354194117		設備/保養	1.894937368	設備/保養	1.894937368	設備保養	設備保養	設備/保養	設備/保養	False	True	1		phrase.manufacturing.tsv	123	
死後世界	ㄙˇ ㄏㄡˋ ㄕˋ ㄐㄧㄝˋ	動漫	1	13	absent			-7.354194117		死後/世界	1.888138037	死後/世界	1.888138037	死後世界	死後世界	死後/世界	死後世界	False	True	1		phrase.anime.tsv	1339	
品牌預測	ㄆㄧㄣˇ ㄆㄞˊ ㄩˋ ㄘㄜˋ	商業	1	11	absent			-7.354194117		品牌/預測	1.885867468	品牌/預測	1.885867468	品牌預測	品牌預測	品牌/預測	品牌/預測	False	True	1		phrase.business.tsv	52	
績效評估	ㄐㄧ ㄒㄧㄠˋ ㄆㄧㄥˊ ㄍㄨ	商業	1	20	absent			-7.354194117		績效/評估	1.883570501	績效/評估	1.883570501	績效評估	績效評估	績效/評估	績效/評估	False	True	1		phrase.business.tsv	152	
真空系統	ㄓㄣ ㄎㄨㄥ ㄒㄧˋ ㄊㄨㄥˇ	晶片半導體	1	12	absent			-7.354194117		真空/系統	1.875130127	真空/系統	1.875130127	真空系統	真空系統	真空/系統	真空/系統	False	True	1		phrase.semiconductor.tsv	112	
人因工程	ㄖㄣˊ ㄧㄣ ㄍㄨㄥ ㄔㄥˊ	工業工程	1	11	absent			-7.354194117		人因/工程	1.874574185	人因/工程	1.874574185	人因工程	人因工程	人/因/工程	人因工程	False	True	1		phrase.industrial-engineering.tsv	4	
品牌定位	ㄆㄧㄣˇ ㄆㄞˊ ㄉㄧㄥˋ ㄨㄟˋ	商業	1	11	absent			-7.354194117		品牌/定位	1.874069269	品牌/定位	1.874069269	品牌定位	品牌定位	品牌/定位	品牌/定位	False	True	1		phrase.business.tsv	44	
缺陷分析	ㄑㄩㄝ ㄒㄧㄢˋ ㄈㄣ ㄒㄧ	晶片半導體	1	16	absent			-7.354194117		缺陷/分析	1.873078408	缺陷/分析	1.873078408	缺陷分析	缺陷分析	缺陷/分析	缺陷/分析	False	True	1		phrase.semiconductor.tsv	125	
善意取得	ㄕㄢˋ ㄧˋ ㄑㄩˇ ㄉㄜˊ	法律	1	10	absent			-7.354194117		善意/取得	1.871786507	善意/取得	1.871786507	善意取得	善意取得	善意/取得	善意/取得	False	True	1		phrase.law.tsv	44	
混合辦公	ㄏㄨㄣˋ ㄏㄜˊ ㄅㄢˋ ㄍㄨㄥ	一般	1	8	absent			-7.354194117		混合/辦公	1.870769444	混合/辦公	1.870769444	混合辦公	混合辦公	混合/辦公	混合辦公	False	True	1		phrase.general.tsv	87	
文本分析	ㄨㄣˊ ㄅㄣˇ ㄈㄣ ㄒㄧ	中文	1	11	absent			-7.354194117		文本/分析	1.866829458	文本/分析	1.866829458	文本分析	文本分析	文本/分析	文本分析	False	True	1		phrase.chinese.tsv	73	
陳述意見	ㄔㄣˊ ㄕㄨˋ ㄧˋ ㄐㄧㄢˋ	法律	1	10	absent			-7.354194117		陳述/意見	1.86572096	陳述/意見	1.86572096	陳述意見	陳述意見	陳述/意見	陳述/意見	False	True	1		phrase.law.tsv	188	
團體迷思	ㄊㄨㄢˊ ㄊㄧˇ ㄇㄧˊ ㄙ	心理社會	1	12	absent			-7.354194117		團體/迷思	1.861566411	團體/迷思	1.861566411	團體迷思	團體迷思	團體/迷思	團體/迷思	False	True	1		phrase.psychology-society.tsv	22	
物流中心	ㄨˋ ㄌㄧㄡˊ ㄓㄨㄥ ㄒㄧㄣ	交通物流	1	13	absent			-7.354194117		物流/中心	1.861524507	物流/中心	1.861524507	物流中心	物流中心	物流/中心	物流/中心	False	True	1		phrase.transport-logistics.tsv	68	
輸送系統	ㄕㄨ ㄙㄨㄥˋ ㄒㄧˋ ㄊㄨㄥˇ	製造機械	1	13	absent			-7.354194117		輸送/系統	1.859617961	輸送/系統	1.859617961	輸送系統	輸送系統	輸送/系統	輸送/系統	False	True	1		phrase.manufacturing.tsv	129	
現代漢語	ㄒㄧㄢˋ ㄉㄞˋ ㄏㄢˋ ㄩˇ	中文	1	12	absent			-7.354194117		現代/漢語	1.858777451	現代/漢語	1.858777451	現代漢語	現代漢語	現代/漢語	現代/漢語	False	True	1		phrase.chinese.tsv	96	
一般廢棄物	ㄧ ㄅㄢ ㄈㄟˋ ㄑㄧˋ ㄨˋ	環境能源	1	5	absent			-7.354194117		一般/廢棄物	1.853717502	一般/廢棄物	1.853717502	一般廢棄物	一般廢棄物	一般/廢棄物	一般/廢棄物	False	True	1		phrase.energy-environment.tsv	2	
次級市場	ㄘˋ ㄐㄧˊ ㄕˋ ㄔㄤˇ	財會金融	1	11	absent			-7.354194117		次級/市場	1.853529599	次級/市場	1.853529599	次級市場	次級市場	次級/市場	次級/市場	False	True	1		phrase.finance.tsv	83	
密碼原則	ㄇㄧˋ ㄇㄚˇ ㄩㄢˊ ㄗㄜˊ	網路資安	1	10	absent			-7.354194117		密碼/原則	1.851787483	密碼/原則	1.851787483	密碼原則	密碼原則	密碼/原則	密碼/原則	False	True	1		phrase.network-security.tsv	61	
代謝工程	ㄉㄞˋ ㄒㄧㄝˋ ㄍㄨㄥ ㄔㄥˊ	生技藥學	1	11	absent			-7.354194117		代謝/工程	1.848443328	代謝/工程	1.848443328	代謝工程	代謝工程	代謝/工程	代謝/工程	False	True	1		phrase.biotech-pharma.tsv	5	
電池材料	ㄉㄧㄢˋ ㄔˊ ㄘㄞˊ ㄌㄧㄠˋ	材料化工	1	13	absent			-7.354194117		電池/材料	1.847624149	電池/材料	1.847624149	電池材料	電池材料	電池/材料	電池/材料	False	True	1		phrase.materials-chemistry.tsv	127	
列車控制	ㄌㄧㄝˋ ㄔㄜ ㄎㄨㄥˋ ㄓˋ	交通物流	1	11	absent			-7.354194117		列車/控制	1.840670221	列車/控制	1.840670221	列車控制	列車控制	列車/控制	列車/控制	False	True	1		phrase.transport-logistics.tsv	23	
自我效能	ㄗˋ ㄨㄛˇ ㄒㄧㄠˋ ㄋㄥˊ	心理社會	1	12	absent			-7.354194117		自我/效能	1.837871646	自我/效能	1.837871646	自我效能	自我效能	自我/效能	自我/效能	False	True	1		phrase.psychology-society.tsv	72	
排程系統	ㄆㄞˊ ㄔㄥˊ ㄒㄧˋ ㄊㄨㄥˇ	軟體科學	1	9	absent			-7.354194117		排成/系統	1.837341567	排成/系統	1.837341567	排成系統	排成系統	排成/系統	排成/系統	False	False	1		phrase.software.tsv	45	
排程服務	ㄆㄞˊ ㄔㄥˊ ㄈㄨˊ ㄨˋ	軟體科學	1	9	absent			-7.354194117		排成/服務	1.836866235	排成/服務	1.836866235	排成服務	排成服務	排成/服務	排成/服務	False	False	1		phrase.software.tsv	44	
基礎修復	ㄐㄧ ㄔㄨˇ ㄒㄧㄡ ㄈㄨˋ	建築土木	1	12	absent			-7.354194117		基礎/修復	1.836529856	基礎/修復	1.836529856	基礎修復	基礎修復	基礎/修復	基礎/修復	False	True	1		phrase.civil-engineering.tsv	56	
兵役制度	ㄅㄧㄥ ㄧˋ ㄓˋ ㄉㄨˋ	歷史	1	11	absent			-7.354194117		兵役/制度	1.835186941	兵役/制度	1.835186941	兵役制度	兵役制度	兵役/制度	兵役/制度	False	True	1		phrase.history.tsv	22	
社群平台	ㄕㄜˋ ㄑㄩㄣˊ ㄆㄧㄥˊ ㄊㄞˊ	一般	1	35	absent			-7.354194117		社群/平台	1.833690934	社群/平台	1.833690934	社群平台	社群平台	社群/平台	社群/平台	False	True	1		phrase.general.tsv	101	
製程改善	ㄓˋ ㄔㄥˊ ㄍㄞˇ ㄕㄢˋ	製造機械	1	15	absent			-7.354194117		製成/改善	1.830957661	製成/改善	1.830957661	製程改善	製程改善	製程/改善	製程/改善	False	True	1		phrase.manufacturing.tsv	117	
公共史學	ㄍㄨㄥ ㄍㄨㄥˋ ㄕˇ ㄒㄩㄝˊ	歷史	1	12	absent			-7.354194117		公共/史學	1.827091618	公共/史學	1.827091618	公共史學	公共史學	公共/史學	公共/史學	False	True	1		phrase.history.tsv	20	
排名指標	ㄆㄞˊ ㄇㄧㄥˊ ㄓˇ ㄅㄧㄠ	AI資料科學	1	11	absent			-7.354194117		排名/指標	1.825850859	排名/指標	1.825850859	排名指標	排名指標	排名/指標	排名/指標	False	True	1		phrase.ai-data-science.tsv	79	
死亡回歸	ㄙˇ ㄨㄤˊ ㄏㄨㄟˊ ㄍㄨㄟ	動漫	1	15	absent			-7.354194117		死亡/回歸	1.823218763	死亡/回歸	1.823218763	死亡回歸	死亡回歸	死亡/回歸	死亡回歸	False	True	1		phrase.anime.tsv	1336	
問答系統	ㄨㄣˋ ㄉㄚˊ ㄒㄧˋ ㄊㄨㄥˇ	AI資料科學	1	12	absent			-7.354194117		問答/系統	1.823101127	問答/系統	1.823101127	問答系統	問答系統	問答/系統	問答/系統	False	True	1		phrase.ai-data-science.tsv	35	
二級處理	ㄦˋ ㄐㄧˊ ㄔㄨˇ ㄌㄧˇ	環境能源	1	11	absent			-7.354194117		二級/處理	1.822477681	二級/處理	1.822477681	二級處理	二級處理	二級/處理	二級/處理	False	True	1		phrase.energy-environment.tsv	6	
健康心理學	ㄐㄧㄢˋ ㄎㄤ ㄒㄧㄣ ㄌㄧˇ ㄒㄩㄝˊ	心理社會	1	5	absent			-7.354194117		健康/心理學	1.820020732	健康/心理學	1.820020732	健康心理學	健康心理學	健康/心理學	健康/心理學	False	True	1		phrase.psychology-society.tsv	11	
登入系統	ㄉㄥ ㄖㄨˋ ㄒㄧˋ ㄊㄨㄥˇ	軟體科學	1	14	absent			-7.354194117		登入/系統	1.816152267	登入/系統	1.816152267	登入系統	登入系統	登入/系統	登入/系統	False	True	1		phrase.software.tsv	72	
永續農業	ㄩㄥˇ ㄒㄩˋ ㄋㄨㄥˊ ㄧㄝˋ	農業食品	1	16	absent			-7.354194117		永續/農業	1.813987314	永續/農業	1.813987314	永續農業	永續農業	永續/農業	永續/農業	False	True	1		phrase.agriculture-food.tsv	27	
無效行為	ㄨˊ ㄒㄧㄠˋ ㄒㄧㄥˊ ㄨㄟˊ	法律	1	10	absent			-7.354194117		無效/行為	1.811276615	無效/行為	1.811276615	無效行為	無效行為	無效/行為	無效/行為	False	True	1		phrase.law.tsv	118	
食品包裝	ㄕˊ ㄆㄧㄣˇ ㄅㄠ ㄓㄨㄤ	農業食品	1	15	absent			-7.354194117		食品/包裝	1.810101257	食品/包裝	1.810101257	食品包裝	食品包裝	食品/包裝	食品/包裝	False	True	1		phrase.agriculture-food.tsv	65	
國際物流	ㄍㄨㄛˊ ㄐㄧˋ ㄨˋ ㄌㄧㄡˊ	交通物流	1	12	absent			-7.354194117		國際/物流	1.808809058	國際/物流	1.808809058	國際物流	國際物流	國際/物流	國際/物流	False	True	1		phrase.transport-logistics.tsv	30	
初級處理	ㄔㄨ ㄐㄧˊ ㄔㄨˇ ㄌㄧˇ	環境能源	1	11	absent			-7.354194117		出擊/處理	1.805878419	出擊/處理	1.805878419	初級處理	初級處理	初級/處理	初級/處理	False	True	1		phrase.energy-environment.tsv	12	
混凝土設計	ㄏㄨㄣˋ ㄋㄧㄥˊ ㄊㄨˇ ㄕㄜˋ ㄐㄧˋ	建築土木	1	5	absent			-7.354194117		混凝土/設計	1.803699153	混凝土/設計	1.803699153	混凝土設計	混凝土設計	混凝土/設計	混凝土/設計	False	True	1		phrase.civil-engineering.tsv	160	
主要終點	ㄓㄨˇ ㄧㄠˋ ㄓㄨㄥ ㄉㄧㄢˇ	生技藥學	1	12	absent			-7.354194117		主要/終點	1.800778391	主要/終點	1.800778391	主要終點	主要終點	主要/終點	主要/終點	False	True	1		phrase.biotech-pharma.tsv	3	
會計錯誤	ㄎㄨㄞˋ ㄐㄧˋ ㄘㄨㄛˋ ㄨˋ	財會金融	1	11	absent			-7.354194117		會計/錯誤	1.800199499	會計/錯誤	1.800199499	會計錯誤	會計錯誤	會計/錯誤	會計/錯誤	False	True	1		phrase.finance.tsv	74	
檢測設備	ㄐㄧㄢˇ ㄘㄜˋ ㄕㄜˋ ㄅㄟˋ	製造機械	1	13	absent			-7.354194117		檢測/設備	1.795552736	檢測/設備	1.795552736	檢測設備	檢測設備	檢測/設備	檢測/設備	False	True	1		phrase.manufacturing.tsv	69	
表面化學	ㄅㄧㄠˇ ㄇㄧㄢˋ ㄏㄨㄚˋ ㄒㄩㄝˊ	科學	1	10	absent			-7.354194117		表面/化學	1.795504743	表面/化學	1.795504743	表面化學	表面化學	表面/化學	表面/化學	False	True	1		phrase.science.tsv	71	
網絡分析	ㄨㄤˇ ㄌㄨㄛˋ ㄈㄣ ㄒㄧ	心理社會	1	11	absent			-7.354194117		網絡/分析	1.79547355	網絡/分析	1.79547355	網絡分析	網絡分析	網絡/分析	網絡分析	False	True	1		phrase.psychology-society.tsv	67	
綠色化學	ㄌㄩˋ ㄙㄜˋ ㄏㄨㄚˋ ㄒㄩㄝˊ	環境能源	1	11	absent			-7.354194117		綠色/化學	1.792967475	綠色/化學	1.792967475	綠色化學	綠色化學	綠色/化學	綠色/化學	False	True	1		phrase.energy-environment.tsv	114	
地盤設計	ㄉㄧˋ ㄆㄢˊ ㄕㄜˋ ㄐㄧˋ	建築土木	1	12	absent			-7.354194117		地盤/設計	1.791960749	地盤/設計	1.791960749	地盤設計	地盤設計	地盤/設計	地盤/設計	False	True	1		phrase.civil-engineering.tsv	52	
基礎監測	ㄐㄧ ㄔㄨˇ ㄐㄧㄢ ㄘㄜˋ	建築土木	1	13	absent			-7.354194117		基礎/監測	1.788107974	基礎/監測	1.788107974	基礎監測	基礎監測	基礎/監測	基礎/監測	False	True	1		phrase.civil-engineering.tsv	59	
社交工程	ㄕㄜˋ ㄐㄧㄠ ㄍㄨㄥ ㄔㄥˊ	網路資安	1	11	absent			-7.354194117		社交/工程	1.783766771	社交/工程	1.783766771	社交工程	社交工程	社交/工程	社交工程	False	True	1		phrase.network-security.tsv	113	
維也納會議	ㄨㄟˊ ㄧㄝˇ ㄋㄚˋ ㄏㄨㄟˋ ㄧˋ	歷史	1	4	absent			-7.354194117		維也納/會議	1.783534447	維也納/會議	1.783534447	維也納會議	維也納會議	維也納/會議	維也納/會議	False	True	1		phrase.history.tsv	133	
插畫設計	ㄔㄚ ㄏㄨㄚˋ ㄕㄜˋ ㄐㄧˋ	媒體設計	1	12	absent			-7.354194117		插畫/設計	1.780531288	插畫/設計	1.780531288	插畫設計	插畫設計	插畫/設計	插畫/設計	False	True	1		phrase.media-design.tsv	44	
定價規劃	ㄉㄧㄥˋ ㄐㄧㄚˋ ㄍㄨㄟ ㄏㄨㄚˋ	商業	1	12	absent			-7.354194117		定價/規劃	1.779949808	定價/規劃	1.779949808	定價規劃	定價規劃	定價/規劃	定價/規劃	False	True	1		phrase.business.tsv	65	
敘事結構	ㄒㄩˋ ㄕˋ ㄐㄧㄝˊ ㄍㄡˋ	中文	1	10	absent			-7.354194117		敘事/結構	1.767415585	敘事/結構	1.767415585	敘事結構	敘事結構	敘事/結構	敘事/結構	False	True	1		phrase.chinese.tsv	66	
資產預測	ㄗ ㄔㄢˇ ㄩˋ ㄘㄜˋ	財會金融	1	11	absent			-7.354194117		資產/預測	1.765241523	資產/預測	1.765241523	資產預測	資產預測	資產/預測	資產預測	False	True	1		phrase.finance.tsv	154	
時效處理	ㄕˊ ㄒㄧㄠˋ ㄔㄨˇ ㄌㄧˇ	材料化工	1	11	absent			-7.354194117		時效/處理	1.759578399	時效/處理	1.759578399	時效處理	時效處理	時效/處理	時效/處理	False	True	1		phrase.materials-chemistry.tsv	44	
歷史語言學	ㄌㄧˋ ㄕˇ ㄩˇ ㄧㄢˊ ㄒㄩㄝˊ	中文	1	5	absent			-7.354194117		歷史/語言學	1.753533721	歷史/語言學	1.753533721	歷史語言學	歷史語言學	歷史/語言學	歷史/語言學	False	True	1		phrase.chinese.tsv	89	
再生能源	ㄗㄞˋ ㄕㄥ ㄋㄥˊ ㄩㄢˊ	一般	1	32	absent			-7.354194117		再生/能源	1.752970949	再生/能源	1.752970949	再生能源	再生能源	再生/能源	再生能源	False	True	1		phrase.general.tsv	18	
事實查核	ㄕˋ ㄕˊ ㄔㄚˊ ㄏㄜˊ	媒體設計	1	12	absent			-7.354194117		事實/查核	1.743585051	事實/查核	1.743585051	事實查核	事實查核	事實/查核	事實/查核	False	True	1		phrase.media-design.tsv	2	
採購案件	ㄘㄞˇ ㄍㄡˋ ㄢˋ ㄐㄧㄢˋ	公務員公文	1	15	absent			-7.354194117		採購/案件	1.740631348	採購/案件	1.740631348	採購案件	採購案件	採購/案件	採購/案件	False	True	1		phrase.government.tsv	32	
物種形成	ㄨˋ ㄓㄨㄥˇ ㄒㄧㄥˊ ㄔㄥˊ	科學	1	11	absent			-7.354194117		物種/形成	1.739327472	物種/形成	1.739327472	物種形成	物種形成	物種/形成	物種/形成	False	True	1		phrase.science.tsv	51	
混合成本	ㄏㄨㄣˋ ㄏㄜˊ ㄔㄥˊ ㄅㄣˇ	財會金融	1	11	absent			-7.354194117		混合/成本	1.738012784	混合/成本	1.738012784	混合成本	混合成本	混合/成本	混合/成本	False	True	1		phrase.finance.tsv	92	
內部批判	ㄋㄟˋ ㄅㄨˋ ㄆㄧ ㄆㄢˋ	歷史	1	11	absent			-7.354194117		內部/批判	1.7371214	內部/批判	1.7371214	內部批判	內部批判	內部/批判	內部/批判	False	True	1		phrase.history.tsv	15	
資料外洩	ㄗ ㄌㄧㄠˋ ㄨㄞˋ ㄒㄧㄝˋ	一般	1	16	absent			-7.354194117		資料/外洩	1.727375571	資料/外洩	1.727375571	資料外洩	資料外洩	資料/外洩	資料/外洩	False	True	1		phrase.general.tsv	144	
三級處理	ㄙㄢ ㄐㄧˊ ㄔㄨˇ ㄌㄧˇ	環境能源	1	11	absent			-7.354194117		三級/處理	1.726697173	三級/處理	1.726697173	三級處理	三級處理	三級/處理	三級/處理	False	True	1		phrase.energy-environment.tsv	3	
初級市場	ㄔㄨ ㄐㄧˊ ㄕˋ ㄔㄤˇ	財會金融	1	11	absent			-7.354194117		出擊/市場	1.721291623	出擊/市場	1.721291623	初級市場	初級市場	初級/市場	初級/市場	False	True	1		phrase.finance.tsv	19	
供應商管理	ㄍㄨㄥ ㄧㄥˋ ㄕㄤ ㄍㄨㄢˇ ㄌㄧˇ	商業	1	5	absent			-7.354194117		供應商/管理	1.716044442	供應商/管理	1.716044442	供應商管理	供應商管理	供應商/管理	供應商/管理	False	True	1		phrase.business.tsv	17	
遠距醫療	ㄩㄢˇ ㄐㄩˋ ㄧ ㄌㄧㄠˊ	一般	1	10	absent			-7.354194117		遠距/醫療	1.712940185	遠距/醫療	1.712940185	遠距醫療	遠距醫療	遠距/醫療	遠距/醫療	False	True	1		phrase.general.tsv	152	
護法運動	ㄏㄨˋ ㄈㄚˇ ㄩㄣˋ ㄉㄨㄥˋ	歷史	1	10	absent			-7.354194117		護法/運動	1.712135392	護法/運動	1.712135392	護法運動	護法運動	護法/運動	護法/運動	False	True	1		phrase.history.tsv	157	
品德教育	ㄆㄧㄣˇ ㄉㄜˊ ㄐㄧㄠˋ ㄩˋ	教育	1	11	absent			-7.354194117		品德/教育	1.710790795	品德/教育	1.710790795	品德教育	品德教育	品德/教育	品德教育	False	True	1		phrase.education.tsv	22	
期待可能性	ㄑㄧˊ ㄉㄞˋ ㄎㄜˇ ㄋㄥˊ ㄒㄧㄥˋ	法律	1	4	absent			-7.354194117		期待/可能性	1.707623764	期待/可能性	1.707623764	期待可能性	期待可能性	期待/可能性	期待/可能性	False	True	1		phrase.law.tsv	100	
天線設計	ㄊㄧㄢ ㄒㄧㄢˋ ㄕㄜˋ ㄐㄧˋ	電子電機	1	12	absent			-7.354194117		天線/設計	1.703234185	天線/設計	1.703234185	天線設計	天線設計	天線/設計	天線/設計	False	True	1		phrase.electronics.tsv	63	
推薦指標	ㄊㄨㄟ ㄐㄧㄢˋ ㄓˇ ㄅㄧㄠ	AI資料科學	1	11	absent			-7.354194117		推薦/指標	1.702821112	推薦/指標	1.702821112	推薦指標	推薦指標	推薦/指標	推薦/指標	False	True	1		phrase.ai-data-science.tsv	81	
施工規範	ㄕ ㄍㄨㄥ ㄍㄨㄟ ㄈㄢˋ	建築土木	1	13	absent			-7.354194117		施工/規範	1.702737769	施工/規範	1.702737769	施工規範	施工規範	施工/規範	施工/規範	False	True	1		phrase.civil-engineering.tsv	114	
交換契約	ㄐㄧㄠ ㄏㄨㄢˋ ㄑㄧˋ ㄩㄝ	財會金融	1	11	absent			-7.354194117		交換/契約	1.70047233	交換/契約	1.70047233	交換契約	交換契約	交換/契約	交換/契約	False	True	1		phrase.finance.tsv	4	
法規案件	ㄈㄚˇ ㄍㄨㄟ ㄢˋ ㄐㄧㄢˋ	公務員公文	1	15	absent			-7.354194117		法規/案件	1.69970184	法規/案件	1.69970184	法規案件	法規案件	法規/案件	法規/案件	False	True	1		phrase.government.tsv	49	
品牌權益	ㄆㄧㄣˇ ㄆㄞˊ ㄑㄩㄢˊ ㄧˋ	商業	1	11	absent			-7.354194117		品牌/權益	1.699192142	品牌/權益	1.699192142	品牌權益	品牌權益	品牌/權益	品牌/權益	False	True	1		phrase.business.tsv	47	
利率風險	ㄌㄧˋ ㄌㄩˋ ㄈㄥ ㄒㄧㄢˇ	財會金融	1	11	absent			-7.354194117		利率/風險	1.69640422	利率/風險	1.69640422	利率風險	利率風險	利率/風險	利率/風險	False	True	1		phrase.finance.tsv	21	
蛋白質工程	ㄉㄢˋ ㄅㄞˊ ㄓˊ ㄍㄨㄥ ㄔㄥˊ	生技藥學	1	5	absent			-7.354194117		蛋白質/工程	1.692907824	蛋白質/工程	1.692907824	蛋白質工程	蛋白質工程	蛋白質/工程	蛋白質/工程	False	True	1		phrase.biotech-pharma.tsv	92	
效能分析	ㄒㄧㄠˋ ㄋㄥˊ ㄈㄣ ㄒㄧ	軟體科學	1	24	absent			-7.354194117		效能/分析	1.692811208	效能/分析	1.692811208	效能分析	效能分析	效能/分析	效能/分析	False	True	1		phrase.software.tsv	52	
容量分析	ㄖㄨㄥˊ ㄌㄧㄤˋ ㄈㄣ ㄒㄧ	交通物流	1	14	absent			-7.354194117		容量/分析	1.682543721	容量/分析	1.682543721	容量分析	容量分析	容量/分析	容量/分析	False	True	1		phrase.transport-logistics.tsv	34	
藥品製造	ㄧㄠˋ ㄆㄧㄣˇ ㄓˋ ㄗㄠˋ	生技藥學	1	11	absent			-7.354194117		藥品/製造	1.682281105	藥品/製造	1.682281105	藥品製造	藥品製造	藥品/製造	藥品/製造	False	True	1		phrase.biotech-pharma.tsv	84	
角落生物	ㄐㄧㄠˇ ㄌㄨㄛˋ ㄕㄥ ㄨˋ	一般	1	13	absent			-7.354194117		角落/生物	1.672518803	角落/生物	1.672518803	角落生物	角落生物	角落/生物	角落/生物	False	True	1		phrase.general.tsv	138	
史學方法	ㄕˇ ㄒㄩㄝˊ ㄈㄤ ㄈㄚˇ	歷史	1	10	absent			-7.354194117		史學/方法	1.668723786	史學/方法	1.668723786	史學方法	史學方法	史學/方法	史學方法	False	True	1		phrase.history.tsv	37	
安全庫存	ㄢ ㄑㄩㄢˊ ㄎㄨˋ ㄘㄨㄣˊ	商業	1	12	absent			-7.354194117		安全/庫存	1.667936904	安全/庫存	1.667936904	安全庫存	安全庫存	安全/庫存	安全/庫存	False	True	1		phrase.business.tsv	58	
變動成本	ㄅㄧㄢˋ ㄉㄨㄥˋ ㄔㄥˊ ㄅㄣˇ	財會金融	1	11	absent			-7.354194117		變動/成本	1.659080346	變動/成本	1.659080346	變動成本	變動成本	變動/成本	變動/成本	False	True	1		phrase.finance.tsv	133	
漏洞管理	ㄌㄡˋ ㄉㄨㄥˋ ㄍㄨㄢˇ ㄌㄧˇ	網路資安	1	12	absent			-7.354194117		漏洞/管理	1.656999659	漏洞/管理	1.656999659	漏洞管理	漏洞管理	漏洞/管理	漏洞/管理	False	True	1		phrase.network-security.tsv	107	
朝野太陽	ㄔㄠˊ ㄧㄝˇ ㄊㄞˋ ㄧㄤˊ	動漫	1	18	absent			-7.354194117		朝野/太陽	1.649199864	朝野/太陽	1.649199864	朝野太陽	朝野太陽	朝野/太陽	朝野太陽	False	True	1		phrase.anime.tsv	1187	
資本支出	ㄗ ㄅㄣˇ ㄓ ㄔㄨ	財會金融	1	11	absent			-7.354194117		資本/支出	1.644436697	資本/支出	1.644436697	資本支出	資本支出	資本/支出	資本/支出	False	True	1		phrase.finance.tsv	150	
污染防治	ㄨ ㄖㄢˇ ㄈㄤˊ ㄓˋ	環境能源	1	11	absent			-7.354194117		污染/防治	1.641453526	污染/防治	1.641453526	污染防治	污染防治	污染/防治	污染/防治	False	True	1		phrase.energy-environment.tsv	71	
數位模擬	ㄕㄨˋ ㄨㄟˋ ㄇㄛˊ ㄋㄧˇ	電子電機	1	11	absent			-7.354194117		數位/模擬	1.640457516	數位/模擬	1.640457516	數位模擬	數位模擬	數位/模擬	數位/模擬	False	True	1		phrase.electronics.tsv	104	
角色緊張	ㄐㄩㄝˊ ㄙㄜˋ ㄐㄧㄣˇ ㄓㄤ	心理社會	1	12	absent			-7.354194117		角色/緊張	1.639938144	角色/緊張	1.639938144	角色緊張	角色緊張	角色/緊張	角色/緊張	False	True	1		phrase.psychology-society.tsv	76	
快速公車	ㄎㄨㄞˋ ㄙㄨˋ ㄍㄨㄥ ㄔㄜ	交通物流	1	11	absent			-7.354194117		快速/公車	1.638479843	快速/公車	1.638479843	快速公車	快速公車	快速/公車	快速/公車	False	True	1		phrase.transport-logistics.tsv	40	
人力預測	ㄖㄣˊ ㄌㄧˋ ㄩˋ ㄘㄜˋ	商業	1	11	absent			-7.354194117		人力/預測	1.636741648	人力/預測	1.636741648	人力預測	人力預測	人力/預測	人力/預測	False	True	1		phrase.business.tsv	10	
網路延遲	ㄨㄤˇ ㄌㄨˋ ㄧㄢˊ ㄔˊ	網路資安	1	12	absent			-7.354194117		網路/延遲	1.635999782	網路/延遲	1.635999782	網路延遲	網路延遲	網路/延遲	網路/延遲	False	True	1		phrase.network-security.tsv	132	
食品化學	ㄕˊ ㄆㄧㄣˇ ㄏㄨㄚˋ ㄒㄩㄝˊ	農業食品	1	14	absent			-7.354194117		食品/化學	1.635542984	食品/化學	1.635542984	食品化學	食品化學	食品/化學	食品/化學	False	True	1		phrase.agriculture-food.tsv	66	
事件應變	ㄕˋ ㄐㄧㄢˋ ㄧㄥˋ ㄅㄧㄢˋ	網路資安	1	12	absent			-7.354194117		事件/應變	1.630644044	事件/應變	1.630644044	事件應變	事件應變	事件/應變	事件/應變	False	True	1		phrase.network-security.tsv	10	
數位邏輯	ㄕㄨˋ ㄨㄟˋ ㄌㄨㄛˊ ㄐㄧˊ	電子電機	1	11	absent			-7.354194117		數位/邏輯	1.629489901	數位/邏輯	1.629489901	數位邏輯	數位邏輯	數位/邏輯	數位/邏輯	False	True	1		phrase.electronics.tsv	107	
被動投資	ㄅㄟˋ ㄉㄨㄥˋ ㄊㄡˊ ㄗ	一般	1	10	absent			-7.354194117		被動/投資	1.627095513	被動/投資	1.627095513	被動投資	被動投資	被動/投資	被動投資	False	True	1		phrase.general.tsv	136	
評量設計	ㄆㄧㄥˊ ㄌㄧㄤˊ ㄕㄜˋ ㄐㄧˋ	教育	1	17	absent			-7.354194117		評量/設計	1.625629328	評量/設計	1.625629328	評量設計	評量設計	評量/設計	評量/設計	False	True	1		phrase.education.tsv	94	
數位轉型	ㄕㄨˋ ㄨㄟˋ ㄓㄨㄢˇ ㄒㄧㄥˊ	一般	1	16	absent			-7.354194117		數位/轉型	1.62517925	數位/轉型	1.62517925	數位轉型	數位轉型	數位/轉型	數位轉型	False	True	1		phrase.general.tsv	70	
基礎模型	ㄐㄧ ㄔㄨˇ ㄇㄛˊ ㄒㄧㄥˊ	AI資料科學	1	13	absent			-7.354194117		基礎/模型	1.612016715	基礎/模型	1.612016715	基礎模型	基礎模型	基礎/模型	基礎模型	False	True	1		phrase.ai-data-science.tsv	40	
定價管理	ㄉㄧㄥˋ ㄐㄧㄚˋ ㄍㄨㄢˇ ㄌㄧˇ	商業	1	12	absent			-7.354194117		定價/管理	1.611610371	定價/管理	1.611610371	定價管理	定價管理	定價/管理	定價/管理	False	True	1		phrase.business.tsv	64	
綠燈時間	ㄌㄩˋ ㄉㄥ ㄕˊ ㄐㄧㄢ	交通物流	1	11	absent			-7.354194117		綠燈/時間	1.611402237	綠燈/時間	1.611402237	綠燈時間	綠燈時間	綠燈/時間	綠燈/時間	False	True	1		phrase.transport-logistics.tsv	77	
公路運輸	ㄍㄨㄥ ㄌㄨˋ ㄩㄣˋ ㄕㄨ	交通物流	1	11	absent			-7.354194117		公路/運輸	1.609295891	公路/運輸	1.609295891	公路運輸	公路運輸	公路/運輸	公路/運輸	False	True	1		phrase.transport-logistics.tsv	18	
績效分析	ㄐㄧ ㄒㄧㄠˋ ㄈㄣ ㄒㄧ	交通物流	1	14	absent			-7.354194117		績效/分析	1.606417314	績效/分析	1.606417314	績效分析	績效分析	績效/分析	績效/分析	False	True	1		phrase.transport-logistics.tsv	78	
新創公司	ㄒㄧㄣ ㄔㄨㄤˋ ㄍㄨㄥ ㄙ	一般	1	18	absent			-7.354194117		新創/公司	1.602761036	新創/公司	1.602761036	新創公司	新創公司	新創/公司	新創/公司	False	True	1		phrase.general.tsv	74	
廢棄物管理	ㄈㄟˋ ㄑㄧˋ ㄨˋ ㄍㄨㄢˇ ㄌㄧˇ	環境能源	1	5	absent			-7.354194117		廢棄物/管理	1.601776868	廢棄物/管理	1.601776868	廢棄物管理	廢棄物管理	廢棄物/管理	廢棄物/管理	False	True	1		phrase.energy-environment.tsv	45	
廢水處理	ㄈㄟˋ ㄕㄨㄟˇ ㄔㄨˇ ㄌㄧˇ	環境能源	1	10	absent			-7.354194117		廢水/處理	1.598378696	廢水/處理	1.598378696	廢水處理	廢水處理	廢水/處理	廢水/處理	False	True	1		phrase.energy-environment.tsv	46	
信用評等	ㄒㄧㄣˋ ㄩㄥˋ ㄆㄧㄥˊ ㄉㄥˇ	財會金融	1	11	absent			-7.354194117		信用/平等	1.596621977	信用/平等	1.596621977	信用評等	信用評等	信用/評等	信用/評等	False	True	1		phrase.finance.tsv	11	
生命週期	ㄕㄥ ㄇㄧㄥˋ ㄓㄡ ㄑㄧˊ	商業	1	13	absent			-7.354194117		生命/週期	1.593846285	生命/週期	1.593846285	生命週期	生命週期	生命/週期	生命/週期	False	True	1		phrase.business.tsv	132	
現金基礎	ㄒㄧㄢˋ ㄐㄧㄣ ㄐㄧ ㄔㄨˇ	財會金融	1	11	absent			-7.354194117		現今/基礎	1.588745373	現今/基礎	1.588745373	現金基礎	現金基礎	現金/基礎	現金/基礎	False	True	1		phrase.finance.tsv	103	
集體記憶	ㄐㄧˊ ㄊㄧˇ ㄐㄧˋ ㄧˋ	歷史	1	11	absent			-7.354194117		集體/記憶	1.586509254	集體/記憶	1.586509254	集體記憶	集體記憶	集體/記憶	集體記憶	False	True	1		phrase.history.tsv	177	
語言模型	ㄩˇ ㄧㄢˊ ㄇㄛˊ ㄒㄧㄥˊ	AI資料科學	1	14	absent			-7.354194117		語言/模型	1.586066075	語言/模型	1.586066075	語言模型	語言模型	語言/模型	語言/模型	False	True	1		phrase.ai-data-science.tsv	146	
人口轉型	ㄖㄣˊ ㄎㄡˇ ㄓㄨㄢˇ ㄒㄧㄥˊ	心理社會	1	12	absent			-7.354194117		人口/轉型	1.581494768	人口/轉型	1.581494768	人口轉型	人口轉型	人口/轉型	人口/轉型	False	True	1		phrase.psychology-society.tsv	4	
社會助長	ㄕㄜˋ ㄏㄨㄟˋ ㄓㄨˋ ㄓㄤˇ	心理社會	1	13	absent			-7.354194117		社會/助長	1.579535573	社會/助長	1.579535573	社會助長	社會助長	社會/助長	社會/助長	False	True	1		phrase.psychology-society.tsv	53	
營運資金	ㄧㄥˊ ㄩㄣˋ ㄗ ㄐㄧㄣ	財會金融	1	11	absent			-7.354194117		營運/資金	1.578012509	營運/資金	1.578012509	營運資金	營運資金	營運/資金	營運/資金	False	True	1		phrase.finance.tsv	100	
服務藍圖	ㄈㄨˊ ㄨˋ ㄌㄢˊ ㄊㄨˊ	媒體設計	1	12	absent			-7.354194117		服務/藍圖	1.577590988	服務/藍圖	1.577590988	服務藍圖	服務藍圖	服務/藍圖	服務/藍圖	False	True	1		phrase.media-design.tsv	52	
角色衝突	ㄐㄩㄝˊ ㄙㄜˋ ㄔㄨㄥ ㄊㄨˊ	心理社會	1	12	absent			-7.354194117		角色/衝突	1.574887012	角色/衝突	1.574887012	角色衝突	角色衝突	角色/衝突	角色/衝突	False	True	1		phrase.psychology-society.tsv	77	
電腦斷層	ㄉㄧㄢˋ ㄋㄠˇ ㄉㄨㄢˋ ㄘㄥˊ	醫學	1	15	absent			-7.354194117		電腦/斷層	1.573879686	電腦/斷層	1.573879686	電腦斷層	電腦斷層	電腦/斷層	電腦/斷層	False	True	1		phrase.medicine.tsv	251	
動態範圍	ㄉㄨㄥˋ ㄊㄞˋ ㄈㄢˋ ㄨㄟˊ	媒體設計	1	11	absent			-7.354194117		動態/範圍	1.573229088	動態/範圍	1.573229088	動態範圍	動態範圍	動態/範圍	動態/範圍	False	True	1		phrase.media-design.tsv	16	
雲端服務	ㄩㄣˊ ㄉㄨㄢ ㄈㄨˊ ㄨˋ	一般	1	20	absent			-7.354194117		雲端/服務	1.569694507	雲端/服務	1.569694507	雲端服務	雲端服務	雲端/服務	雲端/服務	False	True	1		phrase.general.tsv	168	
身分認同	ㄕㄣ ㄈㄣˋ ㄖㄣˋ ㄊㄨㄥˊ	心理社會	1	11	absent			-7.354194117		身分/認同	1.568529791	身分/認同	1.568529791	身分認同	身分認同	身分/認同	身分/認同	False	True	1		phrase.psychology-society.tsv	85	
容量規劃	ㄖㄨㄥˊ ㄌㄧㄤˋ ㄍㄨㄟ ㄏㄨㄚˋ	軟體科學	1	37	absent			-7.354194117		容量/規劃	1.56680733	容量/規劃	1.56680733	容量規劃	容量規劃	容量/規劃	容量/規劃	False	True	1		phrase.software.tsv	29	
雲端環境	ㄩㄣˊ ㄉㄨㄢ ㄏㄨㄢˊ ㄐㄧㄥˋ	網路資安	1	12	absent			-7.354194117		雲端/環境	1.563093921	雲端/環境	1.563093921	雲端環境	雲端環境	雲端/環境	雲端/環境	False	True	1		phrase.network-security.tsv	170	
傳遞現象	ㄔㄨㄢˊ ㄉㄧˋ ㄒㄧㄢˋ ㄒㄧㄤˋ	材料化工	1	11	absent			-7.354194117		傳遞/現象	1.562079204	傳遞/現象	1.562079204	傳遞現象	傳遞現象	傳遞/現象	傳遞現象	False	True	1		phrase.materials-chemistry.tsv	4	
基因編輯	ㄐㄧ ㄧㄣ ㄅㄧㄢ ㄐㄧˊ	生技藥學	1	11	absent			-7.354194117		基因/編輯	1.562047663	基因/編輯	1.562047663	基因編輯	基因編輯	基因/編輯	基因/編輯	False	True	1		phrase.biotech-pharma.tsv	34	
工程測量	ㄍㄨㄥ ㄔㄥˊ ㄘㄜˋ ㄌㄧㄤˊ	建築土木	1	12	absent			-7.354194117		工程/測量	1.561918022	工程/測量	1.561918022	工程測量	工程測量	工程/測量	工程/測量	False	True	1		phrase.civil-engineering.tsv	81	
土地徵收	ㄊㄨˇ ㄉㄧˋ ㄓㄥ ㄕㄡ	建築土木	1	12	absent			-7.354194117		土地/徵收	1.560548987	土地/徵收	1.560548987	土地徵收	土地徵收	土地/徵收	土地/徵收	False	True	1		phrase.civil-engineering.tsv	39	
協商程序	ㄒㄧㄝˊ ㄕㄤ ㄔㄥˊ ㄒㄩˋ	法律	1	11	absent			-7.354194117		協商/程序	1.557383969	協商/程序	1.557383969	協商程序	協商程序	協商/程序	協商/程序	False	True	1		phrase.law.tsv	37	
智慧代理	ㄓˋ ㄏㄨㄟˋ ㄉㄞˋ ㄌㄧˇ	AI資料科學	1	12	absent			-7.354194117		智慧/代理	1.557086609	智慧/代理	1.557086609	智慧代理	智慧代理	智慧/代理	智慧/代理	False	True	1		phrase.ai-data-science.tsv	95	
人因設計	ㄖㄣˊ ㄧㄣ ㄕㄜˋ ㄐㄧˋ	工業工程	1	12	absent			-7.354194117		人因/設計	1.556432302	人因/設計	1.556432302	人因設計	人因設計	人/因/設計	人因設計	False	True	1		phrase.industrial-engineering.tsv	5	
情境分析	ㄑㄧㄥˊ ㄐㄧㄥˋ ㄈㄣ ㄒㄧ	財會金融	1	17	absent			-7.354194117		情境/分析	1.553565006	情境/分析	1.553565006	情境分析	情境分析	情境/分析	情境/分析	False	True	1		phrase.finance.tsv	47	
企業治理	ㄑㄧˋ ㄧㄝˋ ㄓˋ ㄌㄧˇ	商業	1	12	absent			-7.354194117		企業/治理	1.55147511	企業/治理	1.55147511	企業治理	企業治理	企業/治理	企業/治理	False	True	1		phrase.business.tsv	16	
我是天才	ㄨㄛˇ ㄕˋ ㄊㄧㄢ ㄘㄞˊ	動漫	1	16	absent			-7.354194117		我是/天才	1.548268008	我是/天才	1.548268008	我是天才	我是天才	我是/天才	我是天才	False	True	1		phrase.anime.tsv	1025	
費用預測	ㄈㄟˋ ㄩㄥˋ ㄩˋ ㄘㄜˋ	財會金融	1	11	absent			-7.354194117		費用/預測	1.542743118	費用/預測	1.542743118	費用預測	費用預測	費用/預測	費用/預測	False	True	1		phrase.finance.tsv	146	
包裝設備	ㄅㄠ ㄓㄨㄤ ㄕㄜˋ ㄅㄟˋ	製造機械	1	13	absent			-7.354194117		包裝/設備	1.542295522	包裝/設備	1.542295522	包裝設備	包裝設備	包裝/設備	包裝/設備	False	True	1		phrase.manufacturing.tsv	20	
比較史學	ㄅㄧˇ ㄐㄧㄠˇ ㄕˇ ㄒㄩㄝˊ	歷史	1	13	absent			-7.354194117		比較/史學	1.533087234	比較/史學	1.533087234	比較史學	比較史學	比較/史學	比較史學	False	True	1		phrase.history.tsv	101	
品牌策略	ㄆㄧㄣˇ ㄆㄞˊ ㄘㄜˋ ㄌㄩㄝˋ	商業	1	11	absent			-7.354194117		品牌/策略	1.53012819	品牌/策略	1.53012819	品牌策略	品牌策略	品牌/策略	品牌/策略	False	True	1		phrase.business.tsv	48	
動機理論	ㄉㄨㄥˋ ㄐㄧ ㄌㄧˇ ㄌㄨㄣˋ	教育	1	11	absent			-7.354194117		動機/理論	1.52727747	動機/理論	1.52727747	動機理論	動機理論	動機/理論	動機/理論	False	True	1		phrase.education.tsv	13	
學習診斷	ㄒㄩㄝˊ ㄒㄧˊ ㄓㄣˇ ㄉㄨㄢˋ	教育	1	16	absent			-7.354194117		學習/診斷	1.525420829	學習/診斷	1.525420829	學習診斷	學習診斷	學習/診斷	學習/診斷	False	True	1		phrase.education.tsv	37	
收入預測	ㄕㄡ ㄖㄨˋ ㄩˋ ㄘㄜˋ	財會金融	1	11	absent			-7.354194117		收入/預測	1.522947129	收入/預測	1.522947129	收入預測	收入預測	收入/預測	收入/預測	False	True	1		phrase.finance.tsv	66	
比率分析	ㄅㄧˇ ㄌㄩˋ ㄈㄣ ㄒㄧ	財會金融	1	17	absent			-7.354194117		比率/分析	1.5215958	比率/分析	1.5215958	比率分析	比率分析	比率/分析	比率/分析	False	True	1		phrase.finance.tsv	86	
實驗室檢查	ㄕˊ ㄧㄢˋ ㄕˋ ㄐㄧㄢˇ ㄔㄚˊ	醫學	1	13	absent			-7.354194117		實驗室/檢查	1.521541528	實驗室/檢查	1.521541528	實驗室檢查	實驗室檢查	實驗室/檢查	實驗室/檢查	False	True	1		phrase.medicine.tsv	76	
導向學習	ㄉㄠˇ ㄒㄧㄤˋ ㄒㄩㄝˊ ㄒㄧˊ	教育	1	14	absent			-7.354194117		導向/學習	1.506858411	導向/學習	1.506858411	導向學習	導向學習	導向/學習	導向/學習	False	True	1		phrase.education.tsv	43	
網路鑑識	ㄨㄤˇ ㄌㄨˋ ㄐㄧㄢˋ ㄕˋ	網路資安	1	12	absent			-7.354194117		網路/見識	1.50033718	網路/見識	1.50033718	網路鑑識	網路鑑識	網路/鑑識	網路/鑑識	False	True	1		phrase.network-security.tsv	135	
流程改善	ㄌㄧㄡˊ ㄔㄥˊ ㄍㄞˇ ㄕㄢˋ	商業	1	19	absent			-7.354194117		流程/改善	1.499654895	流程/改善	1.499654895	流程改善	流程改善	流程/改善	流程/改善	False	True	1		phrase.business.tsv	119	
原型設計	ㄩㄢˊ ㄒㄧㄥˊ ㄕㄜˋ ㄐㄧˋ	媒體設計	1	12	absent			-7.354194117		圓形/設計	1.496760297	圓形/設計	1.496760297	原型設計	原型設計	原型/設計	原型/設計	False	True	1		phrase.media-design.tsv	21	
模型訓練	ㄇㄛˊ ㄒㄧㄥˊ ㄒㄩㄣˋ ㄌㄧㄢˋ	一般	1	8	absent			-7.354194117		模型/訓練	1.489204508	模型/訓練	1.489204508	模型訓練	模型訓練	模型/訓練	模型/訓練	False	True	1		phrase.general.tsv	80	
往返時間	ㄨㄤˇ ㄈㄢˇ ㄕˊ ㄐㄧㄢ	網路資安	1	11	absent			-7.354194117		往返/時間	1.479832922	往返/時間	1.479832922	往返時間	往返時間	往返/時間	往返/時間	False	True	1		phrase.network-security.tsv	71	
食品保存	ㄕˊ ㄆㄧㄣˇ ㄅㄠˇ ㄘㄨㄣˊ	農業食品	1	16	absent			-7.354194117		食品/保存	1.476788214	食品/保存	1.476788214	食品保存	食品保存	食品/保存	食品/保存	False	True	1		phrase.agriculture-food.tsv	63	
機密管理	ㄐㄧ ㄇㄧˋ ㄍㄨㄢˇ ㄌㄧˇ	網路資安	1	12	absent			-7.354194117		機密/管理	1.476028635	機密/管理	1.476028635	機密管理	機密管理	機密/管理	機密/管理	False	True	1		phrase.network-security.tsv	98	
分別共有	ㄈㄣ ㄅㄧㄝˊ ㄍㄨㄥˋ ㄧㄡˇ	法律	1	12	absent			-7.354194117		分別/共有	1.470805266	分別/共有	1.470805266	分別共有	分別共有	分別/共有	分別/共有	False	True	1		phrase.law.tsv	32	
風險評估	ㄈㄥ ㄒㄧㄢˇ ㄆㄧㄥˊ ㄍㄨ	商業	1	20	absent			-7.354194117		風險/評估	1.469909222	風險/評估	1.469909222	風險評估	風險評估	風險/評估	風險/評估	False	True	1		phrase.business.tsv	185	
農民組合	ㄋㄨㄥˊ ㄇㄧㄣˊ ㄗㄨˇ ㄏㄜˊ	歷史	1	11	absent			-7.354194117		農民/組合	1.4692759	農民/組合	1.4692759	農民組合	農民組合	農民/組合	農民組合	False	True	1		phrase.history.tsv	161	
長期追蹤	ㄔㄤˊ ㄑㄧˊ ㄓㄨㄟ ㄗㄨㄥ	醫學	1	12	absent			-7.354194117		長期/追蹤	1.463984428	長期/追蹤	1.463984428	長期追蹤	長期追蹤	長期/追蹤	長期/追蹤	False	True	1		phrase.medicine.tsv	245	
異常分析	ㄧˋ ㄔㄤˊ ㄈㄣ ㄒㄧ	晶片半導體	1	21	absent			-7.354194117		異常/分析	1.463954232	異常/分析	1.463954232	異常分析	異常分析	異常/分析	異常/分析	False	True	1		phrase.semiconductor.tsv	110	
對比學習	ㄉㄨㄟˋ ㄅㄧˇ ㄒㄩㄝˊ ㄒㄧˊ	AI資料科學	1	11	absent			-7.354194117		對比/學習	1.462010438	對比/學習	1.462010438	對比學習	對比學習	對比/學習	對比學習	False	True	1		phrase.ai-data-science.tsv	59	
英雄學院	ㄧㄥ ㄒㄩㄥˊ ㄒㄩㄝˊ ㄩㄢˋ	動漫	1	26	absent			-7.354194117		英雄/學院	1.452961993	英雄/學院	1.452961993	英雄學院	英雄學院	英雄/學院	英雄/學院	False	True	1		phrase.anime.tsv	1929	
快速恢復	ㄎㄨㄞˋ ㄙㄨˋ ㄏㄨㄟ ㄈㄨˋ	網路資安	1	11	absent			-7.354194117		快速/恢復	1.451266478	快速/恢復	1.451266478	快速恢復	快速恢復	快速/恢復	快速/恢復	False	True	1		phrase.network-security.tsv	72	
版面設計	ㄅㄢˇ ㄇㄧㄢˋ ㄕㄜˋ ㄐㄧˋ	媒體設計	1	12	absent			-7.354194117		版面/設計	1.449538069	版面/設計	1.449538069	版面設計	版面設計	版面/設計	版面/設計	False	True	1		phrase.media-design.tsv	66	
交通模型	ㄐㄧㄠ ㄊㄨㄥ ㄇㄛˊ ㄒㄧㄥˊ	交通物流	1	13	absent			-7.354194117		交通/模型	1.442053931	交通/模型	1.442053931	交通模型	交通模型	交通/模型	交通/模型	False	True	1		phrase.transport-logistics.tsv	8	
基礎施工	ㄐㄧ ㄔㄨˇ ㄕ ㄍㄨㄥ	建築土木	1	12	absent			-7.354194117		基礎/施工	1.441719106	基礎/施工	1.441719106	基礎施工	基礎施工	基礎/施工	基礎/施工	False	True	1		phrase.civil-engineering.tsv	57	
資料管線	ㄗ ㄌㄧㄠˋ ㄍㄨㄢˇ ㄒㄧㄢˋ	軟體科學	1	9	absent			-7.354194117		資料/管線	1.439627787	資料/管線	1.439627787	資料管線	資料管線	資料/管線	資料/管線	False	True	1		phrase.software.tsv	88	
成本預測	ㄔㄥˊ ㄅㄣˇ ㄩˋ ㄘㄜˋ	財會金融	1	11	absent			-7.354194117		成本/預測	1.437729641	成本/預測	1.437729641	成本預測	成本預測	成本/預測	成本/預測	False	True	1		phrase.finance.tsv	56	
農業革命	ㄋㄨㄥˊ ㄧㄝˋ ㄍㄜˊ ㄇㄧㄥˋ	歷史	1	11	absent			-7.354194117		農業/革命	1.437430746	農業/革命	1.437430746	農業革命	農業革命	農業/革命	農業/革命	False	True	1		phrase.history.tsv	160	
成分分析	ㄔㄥˊ ㄈㄣˋ ㄈㄣ ㄒㄧ	AI資料科學	1	14	absent			-7.354194117		成分/分析	1.435465694	成分/分析	1.435465694	成分分析	成分分析	成分/分析	成分/分析	False	True	1		phrase.ai-data-science.tsv	75	
清理計畫	ㄑㄧㄥ ㄌㄧˇ ㄐㄧˋ ㄏㄨㄚˋ	環境能源	1	12	absent			-7.354194117		清理/計畫	1.425949885	清理/計畫	1.425949885	清理計畫	清理計畫	清理/計畫	清理/計畫	False	True	1		phrase.energy-environment.tsv	77	
基準計畫	ㄐㄧ ㄓㄨㄣˇ ㄐㄧˋ ㄏㄨㄚˋ	商業	1	12	absent			-7.354194117		基準/計畫	1.420840479	基準/計畫	1.420840479	基準計畫	基準計畫	基準/計畫	基準/計畫	False	True	1		phrase.business.tsv	57	
模擬分析	ㄇㄛˊ ㄋㄧˇ ㄈㄣ ㄒㄧ	工業工程	1	18	absent			-7.354194117		模擬/分析	1.420780737	模擬/分析	1.420780737	模擬分析	模擬分析	模擬/分析	模擬/分析	False	True	1		phrase.industrial-engineering.tsv	71	
字體設計	ㄗˋ ㄊㄧˇ ㄕㄜˋ ㄐㄧˋ	媒體設計	1	12	absent			-7.354194117		字體/設計	1.41660201	字體/設計	1.41660201	字體設計	字體設計	字體/設計	字體設計	False	True	1		phrase.media-design.tsv	32	
動態分析	ㄉㄨㄥˋ ㄊㄞˋ ㄈㄣ ㄒㄧ	網路資安	1	12	absent			-7.354194117		動態/分析	1.415262308	動態/分析	1.415262308	動態分析	動態分析	動態/分析	動態/分析	False	True	1		phrase.network-security.tsv	33	
治療指數	ㄓˋ ㄌㄧㄠˊ ㄓˇ ㄕㄨˋ	生技藥學	1	12	absent			-7.354194117		治療/指數	1.414480724	治療/指數	1.414480724	治療指數	治療指數	治療/指數	治療/指數	False	True	1		phrase.biotech-pharma.tsv	53	
環境噪音	ㄏㄨㄢˊ ㄐㄧㄥˋ ㄗㄠˋ ㄧㄣ	環境能源	1	15	absent			-7.354194117		環境/噪音	1.409759813	環境/噪音	1.409759813	環境噪音	環境噪音	環境/噪音	環境/噪音	False	True	1		phrase.energy-environment.tsv	84	
影像分類	ㄧㄥˇ ㄒㄧㄤˋ ㄈㄣ ㄌㄟˋ	AI資料科學	1	11	absent			-7.354194117		影像/分類	1.407243486	影像/分類	1.407243486	影像分類	影像分類	影像/分類	影像/分類	False	True	1		phrase.ai-data-science.tsv	70	
基礎檢驗	ㄐㄧ ㄔㄨˇ ㄐㄧㄢˇ ㄧㄢˋ	建築土木	1	13	absent			-7.354194117		基礎/檢驗	1.404753853	基礎/檢驗	1.404753853	基礎檢驗	基礎檢驗	基礎/檢驗	基礎/檢驗	False	True	1		phrase.civil-engineering.tsv	58	
歷史敘事	ㄌㄧˋ ㄕˇ ㄒㄩˋ ㄕˋ	歷史	1	12	absent			-7.354194117		歷史/敘事	1.40464311	歷史/敘事	1.40464311	歷史敘事	歷史敘事	歷史/敘事	歷史/敘事	False	True	1		phrase.history.tsv	99	
動畫製作	ㄉㄨㄥˋ ㄏㄨㄚˋ ㄓˋ ㄗㄨㄛˋ	動漫	1	12	absent			-7.354194117		動畫/製作	1.398648751	動畫/製作	1.398648751	動畫製作	動畫製作	動畫/製作	動畫製作	False	True	1		phrase.anime.tsv	323	
有機農業	ㄧㄡˇ ㄐㄧ ㄋㄨㄥˊ ㄧㄝˋ	農業食品	1	18	absent			-7.354194117		有機/農業	1.396594492	有機/農業	1.396594492	有機農業	有機農業	有機/農業	有機/農業	False	True	1		phrase.agriculture-food.tsv	21	
色彩理論	ㄙㄜˋ ㄘㄞˇ ㄌㄧˇ ㄌㄨㄣˋ	媒體設計	1	11	absent			-7.354194117		色彩/理論	1.395960022	色彩/理論	1.395960022	色彩理論	色彩理論	色彩/理論	色彩/理論	False	True	1		phrase.media-design.tsv	76	
文學少女	ㄨㄣˊ ㄒㄩㄝˊ ㄕㄠˋ ㄋㄩˇ	動漫	1	13	absent			-7.354194117		文學/少女	1.393606814	文學/少女	1.393606814	文學少女	文學少女	文學/少女	文學少女	False	True	1		phrase.anime.tsv	1091	
能源效率	ㄋㄥˊ ㄩㄢˊ ㄒㄧㄠˋ ㄌㄩˋ	環境能源	1	11	absent			-7.354194117		能源/效率	1.391926145	能源/效率	1.391926145	能源效率	能源效率	能源/效率	能源/效率	False	True	1		phrase.energy-environment.tsv	118	
程序記憶	ㄔㄥˊ ㄒㄩˋ ㄐㄧˋ ㄧˋ	心理社會	1	11	absent			-7.354194117		程序/記憶	1.385156747	程序/記憶	1.385156747	程序記憶	程序記憶	程序/記憶	程序/記憶	False	True	1		phrase.psychology-society.tsv	63	
世界頂尖	ㄕˋ ㄐㄧㄝˋ ㄉㄧㄥˇ ㄐㄧㄢ	動漫	1	16	absent			-7.354194117		世界/頂尖	1.383650598	世界/頂尖	1.383650598	世界頂尖	世界頂尖	世界/頂尖	世界頂尖	False	True	1		phrase.anime.tsv	63	
血液系統	ㄒㄧㄝˇ ㄧˋ ㄒㄧˋ ㄊㄨㄥˇ	醫學	1	13	absent			-7.354194117		血液/系統	1.37996437	血液/系統	1.37996437	血液系統	血液系統	血液/系統	血液系統	False	True	1		phrase.medicine.tsv	224	
我的回合	ㄨㄛˇ ㄉㄜ˙ ㄏㄨㄟˊ ㄏㄜˊ	動漫	1	14	absent			-7.354194117		我的/回合	1.378555551	我的/回合	1.378555551	我的回合	我的回合	我的/回合	我的回合	False	True	1		phrase.anime.tsv	1027	
清潔生產	ㄑㄧㄥ ㄐㄧㄝˊ ㄕㄥ ㄔㄢˇ	環境能源	1	11	absent			-7.354194117		清潔/生產	1.374031609	清潔/生產	1.374031609	清潔生產	清潔生產	清潔/生產	清潔/生產	False	True	1		phrase.energy-environment.tsv	76	
效應分析	ㄒㄧㄠˋ ㄧㄥˋ ㄈㄣ ㄒㄧ	工業工程	1	10	absent			-7.354194117		效應/分析	1.367535225	效應/分析	1.367535225	效應分析	效應分析	效應/分析	效應分析	False	True	1		phrase.industrial-engineering.tsv	62	
細胞培養	ㄒㄧˋ ㄅㄠ ㄆㄟˊ ㄧㄤˇ	生技藥學	1	11	absent			-7.354194117		細胞/培養	1.365920622	細胞/培養	1.365920622	細胞培養	細胞培養	細胞/培養	細胞/培養	False	True	1		phrase.biotech-pharma.tsv	73	
回收期間	ㄏㄨㄟˊ ㄕㄡ ㄑㄧˊ ㄐㄧㄢ	財會金融	1	11	absent			-7.354194117		回收/期間	1.365563824	回收/期間	1.365563824	回收期間	回收期間	回收/期間	回收/期間	False	True	1		phrase.finance.tsv	29	
營業利益	ㄧㄥˊ ㄧㄝˋ ㄌㄧˋ ㄧˋ	商業	1	10	absent			-7.354194117		營業/利益	1.364822622	營業/利益	1.364822622	營業利益	營業利益	營業/利益	營業/利益	False	True	1		phrase.business.tsv	124	
生殖系統	ㄕㄥ ㄓˊ ㄒㄧˋ ㄊㄨㄥˇ	醫學	1	12	absent			-7.354194117		生殖/系統	1.362639786	生殖/系統	1.362639786	生殖系統	生殖系統	生殖/系統	生殖/系統	False	True	1		phrase.medicine.tsv	147	
執行進度	ㄓˊ ㄒㄧㄥˊ ㄐㄧㄣˋ ㄉㄨˋ	公務員公文	1	20	absent			-7.354194117		執行/進度	1.358553659	執行/進度	1.358553659	執行進度	執行進度	執行/進度	執行/進度	False	True	1		phrase.government.tsv	22	
圖像設計	ㄊㄨˊ ㄒㄧㄤˋ ㄕㄜˋ ㄐㄧˋ	媒體設計	1	12	absent			-7.354194117		圖像/設計	1.357391845	圖像/設計	1.357391845	圖像設計	圖像設計	圖像/設計	圖像/設計	False	True	1		phrase.media-design.tsv	26	
營業收入	ㄧㄥˊ ㄧㄝˋ ㄕㄡ ㄖㄨˋ	財會金融	1	11	absent			-7.354194117		營業/收入	1.353130098	營業/收入	1.353130098	營業收入	營業收入	營業/收入	營業/收入	False	True	1		phrase.finance.tsv	97	
客戶策略	ㄎㄜˋ ㄏㄨˋ ㄘㄜˋ ㄌㄩㄝˋ	商業	1	11	absent			-7.354194117		客戶/策略	1.350617272	客戶/策略	1.350617272	客戶策略	客戶策略	客戶/策略	客戶/策略	False	True	1		phrase.business.tsv	79	
作業風險	ㄗㄨㄛˋ ㄧㄝˋ ㄈㄥ ㄒㄧㄢˇ	財會金融	1	12	absent			-7.354194117		作業/風險	1.345626732	作業/風險	1.345626732	作業風險	作業風險	作業/風險	作業/風險	False	True	1		phrase.finance.tsv	7	
社會救助	ㄕㄜˋ ㄏㄨㄟˋ ㄐㄧㄡˋ ㄓㄨˋ	心理社會	1	13	absent			-7.354194117		社會/救助	1.344184353	社會/救助	1.344184353	社會救助	社會救助	社會/救助	社會/救助	False	True	1		phrase.psychology-society.tsv	59	
工作抽樣	ㄍㄨㄥ ㄗㄨㄛˋ ㄔㄡ ㄧㄤˋ	工業工程	1	13	absent			-7.354194117		工作/抽樣	1.341805333	工作/抽樣	1.341805333	工作抽樣	工作抽樣	工作/抽樣	工作/抽樣	False	True	1		phrase.industrial-engineering.tsv	42	
回顧會議	ㄏㄨㄟˊ ㄍㄨˋ ㄏㄨㄟˋ ㄧˋ	商業	1	11	absent			-7.354194117		回顧/會議	1.33969458	回顧/會議	1.33969458	回顧會議	回顧會議	回顧/會議	回顧/會議	False	True	1		phrase.business.tsv	56	
衝突理論	ㄔㄨㄥ ㄊㄨˊ ㄌㄧˇ ㄌㄨㄣˋ	心理社會	1	11	absent			-7.354194117		衝突/理論	1.335518579	衝突/理論	1.335518579	衝突理論	衝突理論	衝突/理論	衝突/理論	False	True	1		phrase.psychology-society.tsv	74	
智慧材料	ㄓˋ ㄏㄨㄟˋ ㄘㄞˊ ㄌㄧㄠˋ	材料化工	1	12	absent			-7.354194117		智慧/材料	1.327412522	智慧/材料	1.327412522	智慧材料	智慧材料	智慧/材料	智慧/材料	False	True	1		phrase.materials-chemistry.tsv	47	
品質檢驗	ㄆㄧㄣˇ ㄓˊ ㄐㄧㄢˇ ㄧㄢˋ	建築土木	1	14	absent			-7.354194117		品質/檢驗	1.327032133	品質/檢驗	1.327032133	品質檢驗	品質檢驗	品質/檢驗	品質/檢驗	False	True	1		phrase.civil-engineering.tsv	31	
社會語言學	ㄕㄜˋ ㄏㄨㄟˋ ㄩˇ ㄧㄢˊ ㄒㄩㄝˊ	中文	1	6	absent			-7.354194117		社會/語言學	1.322573204	社會/語言學	1.322573204	社會語言學	社會語言學	社會/語言學	社會/語言學	False	True	1		phrase.chinese.tsv	102	
日治臺灣	ㄖˋ ㄓˋ ㄊㄞˊ ㄨㄢ	歷史	1	13	absent			-7.354194117		日誌/台灣	1.318766381	日誌/台灣	1.318766381	日誌台灣	日誌台灣	日誌/台灣	日誌/台灣	False	False	1		phrase.history.tsv	85	
設施農業	ㄕㄜˋ ㄕ ㄋㄨㄥˊ ㄧㄝˋ	農業食品	1	13	absent			-7.354194117		設施/農業	1.312492009	設施/農業	1.312492009	設施農業	設施農業	設施/農業	設施/農業	False	True	1		phrase.agriculture-food.tsv	52	
品牌分析	ㄆㄧㄣˇ ㄆㄞˊ ㄈㄣ ㄒㄧ	商業	1	12	absent			-7.354194117		品牌/分析	1.308806977	品牌/分析	1.308806977	品牌分析	品牌分析	品牌/分析	品牌/分析	False	True	1		phrase.business.tsv	43	
內閣制度	ㄋㄟˋ ㄍㄜˊ ㄓˋ ㄉㄨˋ	歷史	1	10	absent			-7.354194117		內閣/制度	1.302687355	內閣/制度	1.302687355	內閣制度	內閣制度	內閣/制度	內閣制度	False	True	1		phrase.history.tsv	16	
代理制度	ㄉㄞˋ ㄌㄧˇ ㄓˋ ㄉㄨˋ	法律	1	11	absent			-7.354194117		代理/制度	1.299639662	代理/制度	1.299639662	代理制度	代理制度	代理/制度	代理/制度	False	True	1		phrase.law.tsv	15	
動態規劃	ㄉㄨㄥˋ ㄊㄞˋ ㄍㄨㄟ ㄏㄨㄚˋ	工業工程	1	12	absent			-7.354194117		動態/規劃	1.299525918	動態/規劃	1.299525918	動態規劃	動態規劃	動態/規劃	動態/規劃	False	True	1		phrase.industrial-engineering.tsv	19	
員工體驗	ㄩㄢˊ ㄍㄨㄥ ㄊㄧˇ ㄧㄢˋ	商業	1	12	absent			-7.354194117		員工/體驗	1.295852758	員工/體驗	1.295852758	員工體驗	員工體驗	員工/體驗	員工/體驗	False	True	1		phrase.business.tsv	54	
自我實現	ㄗˋ ㄨㄛˇ ㄕˊ ㄒㄧㄢˋ	心理社會	1	12	absent			-7.354194117		自我/實現	1.283536115	自我/實現	1.283536115	自我實現	自我實現	自我/實現	自我/實現	False	True	1		phrase.psychology-society.tsv	71	
人力策略	ㄖㄣˊ ㄌㄧˋ ㄘㄜˋ ㄌㄩㄝˋ	商業	1	11	absent			-7.354194117		人力/策略	1.28100237	人力/策略	1.28100237	人力策略	人力策略	人力/策略	人力/策略	False	True	1		phrase.business.tsv	7	
指派問題	ㄓˇ ㄆㄞˋ ㄨㄣˋ ㄊㄧˊ	工業工程	1	11	absent			-7.354194117		指派/問題	1.276957065	指派/問題	1.276957065	指派問題	指派問題	指派/問題	指派問題	False	True	1		phrase.industrial-engineering.tsv	58	
未來日記	ㄨㄟˋ ㄌㄞˊ ㄖˋ ㄐㄧˋ	動漫	1	22	absent			-7.354194117		未來/日記	1.273033387	未來/日記	1.273033387	未來日記	未來日記	未來/日記	未來日記	False	True	1		phrase.anime.tsv	1197	
環境監測	ㄏㄨㄢˊ ㄐㄧㄥˋ ㄐㄧㄢ ㄘㄜˋ	環境能源	1	13	absent			-7.354194117		環境/監測	1.269960406	環境/監測	1.269960406	環境監測	環境監測	環境/監測	環境/監測	False	True	1		phrase.energy-environment.tsv	86	
會計政策	ㄎㄨㄞˋ ㄐㄧˋ ㄓㄥˋ ㄘㄜˋ	財會金融	1	11	absent			-7.354194117		會計/政策	1.268549325	會計/政策	1.268549325	會計政策	會計政策	會計/政策	會計/政策	False	True	1		phrase.finance.tsv	73	
需求預測	ㄒㄩ ㄑㄧㄡˊ ㄩˋ ㄘㄜˋ	交通物流	1	13	absent			-7.354194117		需求/預測	1.267385273	需求/預測	1.267385273	需求預測	需求預測	需求/預測	需求/預測	False	True	1		phrase.transport-logistics.tsv	104	
結構材料	ㄐㄧㄝˊ ㄍㄡˋ ㄘㄞˊ ㄌㄧㄠˋ	材料化工	1	12	absent			-7.354194117		結構/材料	1.267012042	結構/材料	1.267012042	結構材料	結構材料	結構/材料	結構/材料	False	True	1		phrase.materials-chemistry.tsv	81	
你的名字	ㄋㄧˇ ㄉㄜ˙ ㄇㄧㄥˊ ㄗˋ	動漫	1	28	absent			-7.354194117		你的/名字	1.264929444	你的/名字	1.264929444	你的名字	你的名字	你的/名字	你的/名字	False	True	1		phrase.anime.tsv	202	
結束樂團	ㄐㄧㄝˊ ㄕㄨˋ ㄩㄝˋ ㄊㄨㄢˊ	動漫	1	15	absent			-7.354194117		結束/樂團	1.264551781	結束/樂團	1.264551781	結束樂團	結束樂團	結束/樂團	結束/樂團	False	True	1		phrase.anime.tsv	1799	
證據能力	ㄓㄥˋ ㄐㄩˋ ㄋㄥˊ ㄌㄧˋ	法律	1	11	absent			-7.354194117		證據/能力	1.260526985	證據/能力	1.260526985	證據能力	證據能力	證據/能力	證據/能力	False	True	1		phrase.law.tsv	169	
平等原則	ㄆㄧㄥˊ ㄉㄥˇ ㄩㄢˊ ㄗㄜˊ	法律	1	11	absent			-7.354194117		平等/原則	1.257883497	平等/原則	1.257883497	平等原則	平等原則	平等/原則	平等/原則	False	True	1		phrase.law.tsv	73	
人力成本	ㄖㄣˊ ㄌㄧˋ ㄔㄥˊ ㄅㄣˇ	商業	1	11	absent			-7.354194117		人力/成本	1.248629436	人力/成本	1.248629436	人力成本	人力成本	人力/成本	人力/成本	False	True	1		phrase.business.tsv	5	
債券市場	ㄓㄞˋ ㄑㄩㄢˋ ㄕˋ ㄔㄤˇ	財會金融	1	11	absent			-7.354194117		債券/市場	1.247804653	債券/市場	1.247804653	債券市場	債券市場	債券/市場	債券/市場	False	True	1		phrase.finance.tsv	15	
手機應用	ㄕㄡˇ ㄐㄧ ㄧㄥˋ ㄩㄥˋ	一般	1	12	absent			-7.354194117		手機/應用	1.246087983	手機/應用	1.246087983	手機應用	手機應用	手機/應用	手機/應用	False	True	1		phrase.general.tsv	58	
情感分析	ㄑㄧㄥˊ ㄍㄢˇ ㄈㄣ ㄒㄧ	AI資料科學	1	12	absent			-7.354194117		情感/分析	1.237711234	情感/分析	1.237711234	情感分析	情感分析	情感/分析	情感/分析	False	True	1		phrase.ai-data-science.tsv	74	
創業投資	ㄔㄨㄤˋ ㄧㄝˋ ㄊㄡˊ ㄗ	財會金融	1	11	absent			-7.354194117		創業/投資	1.233691258	創業/投資	1.233691258	創業投資	創業投資	創業/投資	創業投資	False	True	1		phrase.finance.tsv	23	
英國革命	ㄧㄥ ㄍㄨㄛˊ ㄍㄜˊ ㄇㄧㄥˋ	歷史	1	12	absent			-7.354194117		英國/革命	1.230908407	英國/革命	1.230908407	英國革命	英國革命	英國/革命	英國/革命	False	True	1		phrase.history.tsv	144	
品牌授權	ㄆㄧㄣˇ ㄆㄞˊ ㄕㄡˋ ㄑㄩㄢˊ	商業	1	11	absent			-7.354194117		品牌/授權	1.23041824	品牌/授權	1.23041824	品牌授權	品牌授權	品牌/授權	品牌/授權	False	True	1		phrase.business.tsv	46	
製造規範	ㄓˋ ㄗㄠˋ ㄍㄨㄟ ㄈㄢˋ	農業食品	1	15	absent			-7.354194117		製造/規範	1.226215128	製造/規範	1.226215128	製造規範	製造規範	製造/規範	製造/規範	False	True	1		phrase.agriculture-food.tsv	51	
數位貨幣	ㄕㄨˋ ㄨㄟˋ ㄏㄨㄛˋ ㄅㄧˋ	一般	1	14	absent			-7.354194117		數位/貨幣	1.226168231	數位/貨幣	1.226168231	數位貨幣	數位貨幣	數位/貨幣	數位/貨幣	False	True	1		phrase.general.tsv	69	
產品追蹤	ㄔㄢˇ ㄆㄧㄣˇ ㄓㄨㄟ ㄗㄨㄥ	農業食品	1	10	absent			-7.354194117		產品/追蹤	1.221796091	產品/追蹤	1.221796091	產品追蹤	產品追蹤	產品/追蹤	產品/追蹤	False	True	1		phrase.agriculture-food.tsv	33	
歐洲整合	ㄡ ㄓㄡ ㄓㄥˇ ㄏㄜˊ	歷史	1	11	absent			-7.354194117		歐洲/整合	1.219007381	歐洲/整合	1.219007381	歐洲整合	歐洲整合	歐洲/整合	歐洲/整合	False	True	1		phrase.history.tsv	97	
景觀工程	ㄐㄧㄥˇ ㄍㄨㄢ ㄍㄨㄥ ㄔㄥˊ	建築土木	1	12	absent			-7.354194117		景觀/工程	1.218751048	景觀/工程	1.218751048	景觀工程	景觀工程	景觀/工程	景觀/工程	False	True	1		phrase.civil-engineering.tsv	118	
資源循環	ㄗ ㄩㄢˊ ㄒㄩㄣˊ ㄏㄨㄢˊ	環境能源	1	12	absent			-7.354194117		資源/循環	1.216078443	資源/循環	1.216078443	資源循環	資源循環	資源/循環	資源/循環	False	True	1		phrase.energy-environment.tsv	129	
壓力測試	ㄧㄚ ㄌㄧˋ ㄘㄜˋ ㄕˋ	財會金融	1	13	absent			-7.354194117		壓力/測試	1.212670661	壓力/測試	1.212670661	壓力測試	壓力測試	壓力/測試	壓力/測試	False	True	1		phrase.finance.tsv	34	
教學策略	ㄐㄧㄠ ㄒㄩㄝˊ ㄘㄜˋ ㄌㄩㄝˋ	教育	1	16	absent			-7.354194117		教學/策略	1.211644167	教學/策略	1.211644167	教學策略	教學策略	教學/策略	教學/策略	False	True	1		phrase.education.tsv	59	
強化學習	ㄑㄧㄤˊ ㄏㄨㄚˋ ㄒㄩㄝˊ ㄒㄧˊ	AI資料科學	1	12	absent			-7.354194117		強化/學習	1.205828415	強化/學習	1.205828415	強化學習	強化學習	強化/學習	強化學習	False	True	1		phrase.ai-data-science.tsv	67	
人事案件	ㄖㄣˊ ㄕˋ ㄢˋ ㄐㄧㄢˋ	公務員公文	1	15	absent			-7.354194117		人士/案件	1.204851818	人士/案件	1.204851818	人事案件	人事案件	人事/案件	人事/案件	False	True	1		phrase.government.tsv	4	
智慧農業	ㄓˋ ㄏㄨㄟˋ ㄋㄨㄥˊ ㄧㄝˋ	農業食品	1	15	absent			-7.354194117		智慧/農業	1.203220124	智慧/農業	1.203220124	智慧農業	智慧農業	智慧/農業	智慧/農業	False	True	1		phrase.agriculture-food.tsv	20	
申請案件	ㄕㄣ ㄑㄧㄥˇ ㄢˋ ㄐㄧㄢˋ	公務員公文	1	16	absent			-7.354194117		申請/案件	1.199796927	申請/案件	1.199796927	申請案件	申請案件	申請/案件	申請/案件	False	True	1		phrase.government.tsv	51	
標準鏡頭	ㄅㄧㄠ ㄓㄨㄣˇ ㄐㄧㄥˋ ㄊㄡˊ	媒體設計	1	12	absent			-7.354194117		標準/鏡頭	1.195445757	標準/鏡頭	1.195445757	標準鏡頭	標準鏡頭	標準/鏡頭	標準/鏡頭	False	True	1		phrase.media-design.tsv	56	
安全強化	ㄢ ㄑㄩㄢˊ ㄑㄧㄤˊ ㄏㄨㄚˋ	網路資安	1	13	absent			-7.354194117		安全/強化	1.195334884	安全/強化	1.195334884	安全強化	安全強化	安全/強化	安全/強化	False	True	1		phrase.network-security.tsv	58	
管理會計	ㄍㄨㄢˇ ㄌㄧˇ ㄎㄨㄞˋ ㄐㄧˋ	財會金融	1	12	absent			-7.354194117		管理/會計	1.193587546	管理/會計	1.193587546	管理會計	管理會計	管理/會計	管理/會計	False	True	1		phrase.finance.tsv	117	
品牌規劃	ㄆㄧㄣˇ ㄆㄞˊ ㄍㄨㄟ ㄏㄨㄚˋ	商業	1	12	absent			-7.354194117		品牌/規劃	1.193070587	品牌/規劃	1.193070587	品牌規劃	品牌規劃	品牌/規劃	品牌/規劃	False	True	1		phrase.business.tsv	50	
議題設定	ㄧˋ ㄊㄧˊ ㄕㄜˋ ㄉㄧㄥˋ	媒體設計	1	12	absent			-7.354194117		議題/設定	1.183329796	議題/設定	1.183329796	議題設定	議題設定	議題/設定	議題/設定	False	True	1		phrase.media-design.tsv	86	
直接人工	ㄓˊ ㄐㄧㄝ ㄖㄣˊ ㄍㄨㄥ	財會金融	1	12	absent			-7.354194117		直接/人工	1.181868838	直接/人工	1.181868838	直接人工	直接人工	直接/人工	直接/人工	False	True	1		phrase.finance.tsv	108	
不能逃避	ㄅㄨˋ ㄋㄥˊ ㄊㄠˊ ㄅㄧˋ	動漫	1	15	absent			-7.354194117		不能/逃避	1.178044377	不能/逃避	1.178044377	不能逃避	不能逃避	不能/逃避	不能逃避	False	True	1		phrase.anime.tsv	59	
審計委員會	ㄕㄣˇ ㄐㄧˋ ㄨㄟˇ ㄩㄢˊ ㄏㄨㄟˋ	商業	1	4	absent			-7.354194117		審計/委員會	1.175348629	審計/委員會	1.175348629	審計委員會	審計委員會	審計/委員會	審計/委員會	False	True	1		phrase.business.tsv	82	
晶粒成長	ㄐㄧㄥ ㄌㄧˋ ㄔㄥˊ ㄓㄤˇ	材料化工	1	10	absent			-7.354194117		經歷/成長	1.173880108	經歷/成長	1.173880108	晶粒成長	晶粒成長	晶粒/成長	晶粒/成長	False	True	1		phrase.materials-chemistry.tsv	45	
數據分析	ㄕㄨˋ ㄐㄩˋ ㄈㄣ ㄒㄧ	一般	1	18	absent			-7.354194117		數據/分析	1.171598024	數據/分析	1.171598024	數據分析	數據分析	數據/分析	數據/分析	False	True	1		phrase.general.tsv	71	
契約成立	ㄑㄧˋ ㄩㄝ ㄔㄥˊ ㄌㄧˋ	法律	1	11	absent			-7.354194117		契約/成立	1.168502407	契約/成立	1.168502407	契約成立	契約成立	契約/成立	契約/成立	False	True	1		phrase.law.tsv	49	
網路釣魚	ㄨㄤˇ ㄌㄨˋ ㄉㄧㄠˋ ㄩˊ	網路資安	1	12	absent			-7.354194117		網路/釣魚	1.16373103	網路/釣魚	1.16373103	網路釣魚	網路釣魚	網路/釣魚	網路/釣魚	False	True	1		phrase.network-security.tsv	134	
版本控制	ㄅㄢˇ ㄅㄣˇ ㄎㄨㄥˋ ㄓˋ	一般	1	9	absent			-7.354194117		版本/控制	1.162846519	版本/控制	1.162846519	版本控制	版本控制	版本/控制	版本/控制	False	True	1		phrase.general.tsv	88	
週期時間	ㄓㄡ ㄑㄧˊ ㄕˊ ㄐㄧㄢ	製造機械	1	11	absent			-7.354194117		週期/時間	1.161864504	週期/時間	1.161864504	週期時間	週期時間	週期/時間	週期/時間	False	True	1		phrase.manufacturing.tsv	130	
司法審查	ㄙ ㄈㄚˇ ㄕㄣˇ ㄔㄚˊ	法律	1	11	absent			-7.354194117		司法/審查	1.158848059	司法/審查	1.158848059	司法審查	司法審查	司法/審查	司法/審查	False	True	1		phrase.law.tsv	40	
神經科學	ㄕㄣˊ ㄐㄧㄥ ㄎㄜ ㄒㄩㄝˊ	科學	1	10	absent			-7.354194117		神經/科學	1.157251475	神經/科學	1.157251475	神經科學	神經科學	神經科/學	神經科/學	False	True	1		phrase.science.tsv	55	
死亡遊戲	ㄙˇ ㄨㄤˊ ㄧㄡˊ ㄒㄧˋ	動漫	1	19	absent			-7.354194117		死亡/遊戲	1.155574689	死亡/遊戲	1.155574689	死亡遊戲	死亡遊戲	死亡/遊戲	死亡遊戲	False	True	1		phrase.anime.tsv	1338	
藥物開發	ㄧㄠˋ ㄨˋ ㄎㄞ ㄈㄚ	生技藥學	1	11	absent			-7.354194117		藥物/開發	1.153825768	藥物/開發	1.153825768	藥物開發	藥物開發	藥物/開發	藥物/開發	False	True	1		phrase.biotech-pharma.tsv	91	
線上學習	ㄒㄧㄢˋ ㄕㄤˋ ㄒㄩㄝˊ ㄒㄧˊ	一般	1	20	absent			-7.354194117		線上/學習	1.153667547	線上/學習	1.153667547	線上學習	線上學習	線上/學習	線上/學習	False	True	1		phrase.general.tsv	112	
教育社會學	ㄐㄧㄠˋ ㄩˋ ㄕㄜˋ ㄏㄨㄟˋ ㄒㄩㄝˊ	教育	1	6	absent			-7.354194117		教育/社會學	1.152082225	教育/社會學	1.152082225	教育社會學	教育社會學	教育/社會學	教育/社會學	False	True	1		phrase.education.tsv	63	
工程案件	ㄍㄨㄥ ㄔㄥˊ ㄢˋ ㄐㄧㄢˋ	公務員公文	1	16	absent			-7.354194117		工程/案件	1.147575457	工程/案件	1.147575457	工程案件	工程案件	工程/案件	工程/案件	False	True	1		phrase.government.tsv	26	
城市革命	ㄔㄥˊ ㄕˋ ㄍㄜˊ ㄇㄧㄥˋ	歷史	1	12	absent			-7.354194117		城市/革命	1.14454401	城市/革命	1.14454401	城市革命	城市革命	城市/革命	城市/革命	False	True	1		phrase.history.tsv	52	
影像檢查	ㄧㄥˇ ㄒㄧㄤˋ ㄐㄧㄢˇ ㄔㄚˊ	醫學	1	13	absent			-7.354194117		影像/檢查	1.139759599	影像/檢查	1.139759599	影像檢查	影像檢查	影像/檢查	影像/檢查	False	True	1		phrase.medicine.tsv	86	
路線規劃	ㄌㄨˋ ㄒㄧㄢˋ ㄍㄨㄟ ㄏㄨㄚˋ	交通物流	1	14	absent			-7.354194117		路線/規劃	1.13679862	路線/規劃	1.13679862	路線規劃	路線規劃	路線/規劃	路線/規劃	False	True	1		phrase.transport-logistics.tsv	94	
文學批評	ㄨㄣˊ ㄒㄩㄝˊ ㄆㄧ ㄆㄧㄥˊ	中文	1	12	absent			-7.354194117		文學/批評	1.135636819	文學/批評	1.135636819	文學批評	文學批評	文學/批評	文學/批評	False	True	1		phrase.chinese.tsv	70	
文學風格	ㄨㄣˊ ㄒㄩㄝˊ ㄈㄥ ㄍㄜˊ	中文	1	22	absent			-7.354194117		文學/風格	1.131621741	文學/風格	1.131621741	文學風格	文學風格	文學/風格	文學/風格	False	True	1		phrase.chinese.tsv	72	
客戶分析	ㄎㄜˋ ㄏㄨˋ ㄈㄣ ㄒㄧ	商業	1	12	absent			-7.354194117		客戶/分析	1.129296059	客戶/分析	1.129296059	客戶分析	客戶分析	客戶/分析	客戶/分析	False	True	1		phrase.business.tsv	74	
污染控制	ㄨ ㄖㄢˇ ㄎㄨㄥˋ ㄓˋ	環境能源	1	14	absent			-7.354194117		污染/控制	1.125246103	污染/控制	1.125246103	污染控制	污染控制	污染/控制	污染/控制	False	True	1		phrase.energy-environment.tsv	69	
預算案件	ㄩˋ ㄙㄨㄢˋ ㄢˋ ㄐㄧㄢˋ	公務員公文	1	8	absent			-7.354194117		預算/案件	1.123908726	預算/案件	1.123908726	預算案件	預算案件	預算案/件	預算案/件	False	True	1		phrase.government.tsv	79	
效率改善	ㄒㄧㄠˋ ㄌㄩˋ ㄍㄞˇ ㄕㄢˋ	工業工程	1	17	absent			-7.354194117		效率/改善	1.123706367	效率/改善	1.123706367	效率改善	效率改善	效率/改善	效率/改善	False	True	1		phrase.industrial-engineering.tsv	63	
材料工程	ㄘㄞˊ ㄌㄧㄠˋ ㄍㄨㄥ ㄔㄥˊ	材料化工	1	12	absent			-7.354194117		材料/工程	1.123032516	材料/工程	1.123032516	材料工程	材料工程	材料/工程	材料/工程	False	True	1		phrase.materials-chemistry.tsv	48	
資本結構	ㄗ ㄅㄣˇ ㄐㄧㄝˊ ㄍㄡˋ	財會金融	1	11	absent			-7.354194117		資本/結構	1.122677379	資本/結構	1.122677379	資本結構	資本結構	資本/結構	資本/結構	False	True	1		phrase.finance.tsv	151	
內部控制	ㄋㄟˋ ㄅㄨˋ ㄎㄨㄥˋ ㄓˋ	商業	1	12	absent			-7.354194117		內部/控制	1.121125631	內部/控制	1.121125631	內部控制	內部控制	內部/控制	內部/控制	False	True	1		phrase.business.tsv	32	
輔助服務	ㄈㄨˇ ㄓㄨˋ ㄈㄨˊ ㄨˋ	環境能源	1	11	absent			-7.354194117		輔助/服務	1.116706932	輔助/服務	1.116706932	輔助服務	輔助服務	輔助/服務	輔助/服務	False	True	1		phrase.energy-environment.tsv	130	
食品工程	ㄕˊ ㄆㄧㄣˇ ㄍㄨㄥ ㄔㄥˊ	農業食品	1	13	absent			-7.354194117		食品/工程	1.115932176	食品/工程	1.115932176	食品工程	食品工程	食品/工程	食品/工程	False	True	1		phrase.agriculture-food.tsv	68	
工作負荷	ㄍㄨㄥ ㄗㄨㄛˋ ㄈㄨˋ ㄏㄜˋ	工業工程	1	13	absent			-7.354194117		工作/負荷	1.113326004	工作/負荷	1.113326004	工作負荷	工作負荷	工作/負荷	工作/負荷	False	True	1		phrase.industrial-engineering.tsv	44	
比例原則	ㄅㄧˇ ㄌㄧˋ ㄩㄢˊ ㄗㄜˊ	法律	1	11	absent			-7.354194117		比例/原則	1.113080653	比例/原則	1.113080653	比例原則	比例原則	比例/原則	比例/原則	False	True	1		phrase.law.tsv	110	
聯合國成立	ㄌㄧㄢˊ ㄏㄜˊ ㄍㄨㄛˊ ㄔㄥˊ ㄌㄧˋ	歷史	1	4	absent			-7.354194117		聯合國/成立	1.110629527	聯合國/成立	1.110629527	聯合國成立	聯合國成立	聯合國/成立	聯合國成立	False	True	1		phrase.history.tsv	139	
長期記憶	ㄔㄤˊ ㄑㄧˊ ㄐㄧˋ ㄧˋ	心理社會	1	12	absent			-7.354194117		長期/記憶	1.102093139	長期/記憶	1.102093139	長期記憶	長期記憶	長期/記憶	長期/記憶	False	True	1		phrase.psychology-society.tsv	89	
模型服務	ㄇㄛˊ ㄒㄧㄥˊ ㄈㄨˊ ㄨˋ	軟體科學	1	8	absent			-7.354194117		模型/服務	1.100469733	模型/服務	1.100469733	模型服務	模型服務	模型/服務	模型/服務	False	True	1		phrase.software.tsv	59	
不要回頭	ㄅㄨˊ ㄧㄠˋ ㄏㄨㄟˊ ㄊㄡˊ	動漫	1	16	absent			-7.354194117		不要/回頭	1.089887363	不要/回頭	1.089887363	不要回頭	不要回頭	不要/回頭	不要/回頭	False	True	1		phrase.anime.tsv	61	
機械設計	ㄐㄧ ㄒㄧㄝˋ ㄕㄜˋ ㄐㄧˋ	製造機械	1	12	absent			-7.354194117		機械/設計	1.089530213	機械/設計	1.089530213	機械設計	機械設計	機械/設計	機械/設計	False	True	1		phrase.manufacturing.tsv	66	
指數投資	ㄓˇ ㄕㄨˋ ㄊㄡˊ ㄗ	一般	1	9	absent			-7.354194117		指數/投資	1.087889025	指數/投資	1.087889025	指數投資	指數投資	指數/投資	指數/投資	False	True	1		phrase.general.tsv	62	
深度報導	ㄕㄣ ㄉㄨˋ ㄅㄠˋ ㄉㄠˇ	媒體設計	1	11	absent			-7.354194117		深度/報導	1.079569191	深度/報導	1.079569191	深度報導	深度報導	深度/報導	深度/報導	False	True	1		phrase.media-design.tsv	61	
比例控制	ㄅㄧˇ ㄌㄧˋ ㄎㄨㄥˋ ㄓˋ	電子電機	1	12	absent			-7.354194117		比例/控制	1.0748763	比例/控制	1.0748763	比例控制	比例控制	比例/控制	比例/控制	False	True	1		phrase.electronics.tsv	130	
客戶成功	ㄎㄜˋ ㄏㄨˋ ㄔㄥˊ ㄍㄨㄥ	商業	1	11	absent			-7.354194117		客戶/成功	1.07311414	客戶/成功	1.07311414	客戶成功	客戶成功	客戶/成功	客戶/成功	False	True	1		phrase.business.tsv	76	
契約自由	ㄑㄧˋ ㄩㄝ ㄗˋ ㄧㄡˊ	法律	1	11	absent			-7.354194117		契約/自由	1.072290306	契約/自由	1.072290306	契約自由	契約自由	契約/自由	契約/自由	False	True	1		phrase.law.tsv	51	
基礎設施	ㄐㄧ ㄔㄨˇ ㄕㄜˋ ㄕ	軟體科學	1	4	absent			-7.354194117		基礎/設施	1.071186136	基礎/設施	1.071186136	基礎設施	基礎設施	基礎/設施	基礎/設施	False	True	1		phrase.software.tsv	24	
衛生規範	ㄨㄟˋ ㄕㄥ ㄍㄨㄟ ㄈㄢˋ	農業食品	1	16	absent			-7.354194117		衛生/規範	1.070355782	衛生/規範	1.070355782	衛生規範	衛生規範	衛生/規範	衛生/規範	False	True	1		phrase.agriculture-food.tsv	50	
動態設計	ㄉㄨㄥˋ ㄊㄞˋ ㄕㄜˋ ㄐㄧˋ	媒體設計	1	12	absent			-7.354194117		動態/設計	1.069326827	動態/設計	1.069326827	動態設計	動態設計	動態/設計	動態/設計	False	True	1		phrase.media-design.tsv	17	
新聞倫理	ㄒㄧㄣ ㄨㄣˊ ㄌㄨㄣˊ ㄌㄧˇ	媒體設計	1	12	absent			-7.354194117		新聞/倫理	1.068510814	新聞/倫理	1.068510814	新聞倫理	新聞倫理	新聞/倫理	新聞/倫理	False	True	1		phrase.media-design.tsv	46	
敘事時間	ㄒㄩˋ ㄕˋ ㄕˊ ㄐㄧㄢ	中文	1	11	absent			-7.354194117		敘事/時間	1.062587758	敘事/時間	1.062587758	敘事時間	敘事時間	敘事/時間	敘事/時間	False	True	1		phrase.chinese.tsv	65	
自我概念	ㄗˋ ㄨㄛˇ ㄍㄞˋ ㄋㄧㄢˋ	心理社會	1	12	absent			-7.354194117		自我/概念	1.061803347	自我/概念	1.061803347	自我概念	自我概念	自我/概念	自我/概念	False	True	1		phrase.psychology-society.tsv	73	
郵件系統	ㄧㄡˊ ㄐㄧㄢˋ ㄒㄧˋ ㄊㄨㄥˇ	網路資安	1	13	absent			-7.354194117		郵件/系統	1.06160979	郵件/系統	1.06160979	郵件系統	郵件系統	郵件/系統	郵件/系統	False	True	1		phrase.network-security.tsv	165	
人力分析	ㄖㄣˊ ㄌㄧˋ ㄈㄣ ㄒㄧ	商業	1	12	absent			-7.354194117		人力/分析	1.059681157	人力/分析	1.059681157	人力分析	人力分析	人力/分析	人力/分析	False	True	1		phrase.business.tsv	4	
材料科學	ㄘㄞˊ ㄌㄧㄠˋ ㄎㄜ ㄒㄩㄝˊ	材料化工	1	11	absent			-7.354194117		材料/科學	1.054787941	材料/科學	1.054787941	材料科學	材料科學	材料/科學	材料/科學	False	True	1		phrase.materials-chemistry.tsv	49	
領域展開	ㄌㄧㄥˇ ㄩˋ ㄓㄢˇ ㄎㄞ	動漫	1	16	absent			-7.354194117		領域/展開	1.0538987	領域/展開	1.0538987	領域展開	領域展開	領域/展開	領域展開	False	True	1		phrase.anime.tsv	2384	
食品科學	ㄕˊ ㄆㄧㄣˇ ㄎㄜ ㄒㄩㄝˊ	農業食品	1	18	absent			-7.354194117		食品/科學	1.0476876	食品/科學	1.0476876	食品科學	食品科學	食品/科學	食品/科學	False	True	1		phrase.agriculture-food.tsv	70	
基因表現	ㄐㄧ ㄧㄣ ㄅㄧㄠˇ ㄒㄧㄢˋ	科學	1	11	absent			-7.354194117		基因/表現	1.044672537	基因/表現	1.044672537	基因表現	基因表現	基因/表現	基因/表現	False	True	1		phrase.science.tsv	23	
製造成本	ㄓˋ ㄗㄠˋ ㄔㄥˊ ㄅㄣˇ	財會金融	1	10	absent			-7.354194117		製造/成本	1.040537771	製造/成本	1.040537771	製造成本	製造成本	製造/成本	製造/成本	False	True	1		phrase.finance.tsv	130	
電腦視覺	ㄉㄧㄢˋ ㄋㄠˇ ㄕˋ ㄐㄩㄝˊ	一般	1	10	absent			-7.354194117		電腦/視覺	1.038196918	電腦/視覺	1.038196918	電腦視覺	電腦視覺	電腦/視覺	電腦/視覺	False	True	1		phrase.general.tsv	175	
行政契約	ㄒㄧㄥˊ ㄓㄥˋ ㄑㄧˋ ㄩㄝ	法律	1	12	absent			-7.354194117		行政/契約	1.037217878	行政/契約	1.037217878	行政契約	行政契約	行政/契約	行政/契約	False	True	1		phrase.law.tsv	149	
電力市場	ㄉㄧㄢˋ ㄌㄧˋ ㄕˋ ㄔㄤˇ	環境能源	1	11	absent			-7.354194117		電力/市場	1.035549885	電力/市場	1.035549885	電力市場	電力市場	電力/市場	電力/市場	False	True	1		phrase.energy-environment.tsv	142	
準備程序	ㄓㄨㄣˇ ㄅㄟˋ ㄔㄥˊ ㄒㄩˋ	法律	1	12	absent			-7.354194117		準備/程序	1.032565865	準備/程序	1.032565865	準備程序	準備程序	準備/程序	準備/程序	False	True	1		phrase.law.tsv	116	
趨勢分析	ㄑㄩ ㄕˋ ㄈㄣ ㄒㄧ	財會金融	1	17	absent			-7.354194117		趨勢/分析	1.02618576	趨勢/分析	1.02618576	趨勢分析	趨勢分析	趨勢/分析	趨勢/分析	False	True	1		phrase.finance.tsv	156	
品牌管理	ㄆㄧㄣˇ ㄆㄞˊ ㄍㄨㄢˇ ㄌㄧˇ	商業	1	12	absent			-7.354194117		品牌/管理	1.02473115	品牌/管理	1.02473115	品牌管理	品牌管理	品牌/管理	品牌/管理	False	True	1		phrase.business.tsv	49	
功能材料	ㄍㄨㄥ ㄋㄥˊ ㄘㄞˊ ㄌㄧㄠˋ	材料化工	1	12	absent			-7.354194117		功能/材料	1.019598841	功能/材料	1.019598841	功能材料	功能材料	功能/材料	功能/材料	False	True	1		phrase.materials-chemistry.tsv	9	
客戶規劃	ㄎㄜˋ ㄏㄨˋ ㄍㄨㄟ ㄏㄨㄚˋ	商業	1	12	absent			-7.354194117		客戶/規劃	1.013559669	客戶/規劃	1.013559669	客戶規劃	客戶規劃	客戶/規劃	客戶/規劃	False	True	1		phrase.business.tsv	81	
服務流程	ㄈㄨˊ ㄨˋ ㄌㄧㄡˊ ㄔㄥˊ	工業工程	1	14	absent			-7.354194117		服務/流程	1.011873113	服務/流程	1.011873113	服務流程	服務流程	服務/流程	服務/流程	False	True	1		phrase.industrial-engineering.tsv	69	
對外關係	ㄉㄨㄟˋ ㄨㄞˋ ㄍㄨㄢ ㄒㄧˋ	歷史	1	12	absent			-7.354194117		對外/關係	1.010385881	對外/關係	1.010385881	對外關係	對外關係	對外/關係	對外/關係	False	True	1		phrase.history.tsv	63	
差異分析	ㄔㄚ ㄧˋ ㄈㄣ ㄒㄧ	財會金融	1	18	absent			-7.354194117		差異/分析	1.010359513	差異/分析	1.010359513	差異分析	差異分析	差異/分析	差異/分析	False	True	1		phrase.finance.tsv	42	
直接材料	ㄓˊ ㄐㄧㄝ ㄘㄞˊ ㄌㄧㄠˋ	財會金融	1	12	absent			-7.354194117		直接/材料	1.009046318	直接/材料	1.009046318	直接材料	直接材料	直接/材料	直接/材料	False	True	1		phrase.finance.tsv	110	
共享經濟	ㄍㄨㄥˋ ㄒㄧㄤˇ ㄐㄧㄥ ㄐㄧˋ	一般	1	9	absent			-7.354194117		共享/經濟	1.008254506	共享/經濟	1.008254506	共享經濟	共享經濟	共享/經濟	共享/經濟	False	True	1		phrase.general.tsv	17	
表面處理	ㄅㄧㄠˇ ㄇㄧㄢˋ ㄔㄨˇ ㄌㄧˇ	材料化工	1	15	absent			-7.354194117		表面/處理	0.999698445	表面/處理	0.999698445	表面處理	表面處理	表面/處理	表面/處理	False	True	1		phrase.materials-chemistry.tsv	92	
錯誤分析	ㄘㄨㄛˋ ㄨˋ ㄈㄣ ㄒㄧ	AI資料科學	1	15	absent			-7.354194117		錯誤/分析	0.994256995	錯誤/分析	0.994256995	錯誤分析	錯誤分析	錯誤/分析	錯誤/分析	False	True	1		phrase.ai-data-science.tsv	159	
成本控制	ㄔㄥˊ ㄅㄣˇ ㄎㄨㄥˋ ㄓˋ	建築土木	1	12	absent			-7.354194117		成本/控制	0.993733246	成本/控制	0.993733246	成本控制	成本控制	成本/控制	成本/控制	False	True	1		phrase.civil-engineering.tsv	102	
包裝設計	ㄅㄠ ㄓㄨㄤ ㄕㄜˋ ㄐㄧˋ	媒體設計	1	12	absent			-7.354194117		包裝/設計	0.992160872	包裝/設計	0.992160872	包裝設計	包裝設計	包裝/設計	包裝/設計	False	True	1		phrase.media-design.tsv	18	
價值主張	ㄐㄧㄚˋ ㄓˊ ㄓㄨˇ ㄓㄤ	商業	1	12	absent			-7.354194117		價值/主張	0.988586156	價值/主張	0.988586156	價值主張	價值主張	價值/主張	價值/主張	False	True	1		phrase.business.tsv	29	
科學革命	ㄎㄜ ㄒㄩㄝˊ ㄍㄜˊ ㄇㄧㄥˋ	歷史	1	12	absent			-7.354194117		科學/革命	0.986479725	科學/革命	0.986479725	科學革命	科學革命	科學/革命	科學/革命	False	True	1		phrase.history.tsv	122	
文學理論	ㄨㄣˊ ㄒㄩㄝˊ ㄌㄧˇ ㄌㄨㄣˋ	中文	1	12	absent			-7.354194117		文學/理論	0.985240029	文學/理論	0.985240029	文學理論	文學理論	文學/理論	文學/理論	False	True	1		phrase.chinese.tsv	71	
改善措施	ㄍㄞˇ ㄕㄢˋ ㄘㄨㄛˋ ㄕ	公務員公文	1	20	absent			-7.354194117		改善/措施	0.978295043	改善/措施	0.978295043	改善措施	改善措施	改善/措施	改善/措施	False	True	1		phrase.government.tsv	34	
促銷活動	ㄘㄨˋ ㄒㄧㄠ ㄏㄨㄛˊ ㄉㄨㄥˋ	商業	1	11	absent			-7.354194117		促銷/活動	0.976712289	促銷/活動	0.976712289	促銷活動	促銷活動	促銷/活動	促銷/活動	False	True	1		phrase.business.tsv	27	
穩定分析	ㄨㄣˇ ㄉㄧㄥˋ ㄈㄣ ㄒㄧ	建築土木	1	13	absent			-7.354194117		穩定/分析	0.975132744	穩定/分析	0.975132744	穩定分析	穩定分析	穩定/分析	穩定/分析	False	True	1		phrase.civil-engineering.tsv	175	
任務完成	ㄖㄣˋ ㄨˋ ㄨㄢˊ ㄔㄥˊ	動漫	1	12	absent			-7.354194117		任務/完成	0.967388489	任務/完成	0.967388489	任務完成	任務完成	任務/完成	任務/完成	False	True	1		phrase.anime.tsv	162	
品牌設計	ㄆㄧㄣˇ ㄆㄞˊ ㄕㄜˋ ㄐㄧˋ	媒體設計	1	12	absent			-7.354194117		品牌/設計	0.962871496	品牌/設計	0.962871496	品牌設計	品牌設計	品牌/設計	品牌/設計	False	True	1		phrase.media-design.tsv	23	
營運管理	ㄧㄥˊ ㄩㄣˋ ㄍㄨㄢˇ ㄌㄧˇ	交通物流	1	14	absent			-7.354194117		營運/管理	0.9617258	營運/管理	0.9617258	營運管理	營運管理	營運/管理	營運/管理	False	True	1		phrase.transport-logistics.tsv	66	
細胞工程	ㄒㄧˋ ㄅㄠ ㄍㄨㄥ ㄔㄥˊ	生技藥學	1	12	absent			-7.354194117		細胞/工程	0.960678228	細胞/工程	0.960678228	細胞工程	細胞工程	細胞/工程	細胞/工程	False	True	1		phrase.biotech-pharma.tsv	74	
社會流動	ㄕㄜˋ ㄏㄨㄟˋ ㄌㄧㄡˊ ㄉㄨㄥˋ	心理社會	1	13	absent			-7.354194117		社會/流動	0.960662082	社會/流動	0.960662082	社會流動	社會流動	社會/流動	社會/流動	False	True	1		phrase.psychology-society.tsv	60	
焦點團體	ㄐㄧㄠ ㄉㄧㄢˇ ㄊㄨㄢˊ ㄊㄧˇ	媒體設計	1	11	absent			-7.354194117		焦點/團體	0.960030252	焦點/團體	0.960030252	焦點團體	焦點團體	焦點/團體	焦點/團體	False	True	1		phrase.media-design.tsv	65	
聯合成本	ㄌㄧㄢˊ ㄏㄜˊ ㄔㄥˊ ㄅㄣˇ	財會金融	1	12	absent			-7.354194117		聯合/成本	0.959364345	聯合/成本	0.959364345	聯合成本	聯合成本	聯合/成本	聯合/成本	False	True	1		phrase.finance.tsv	124	
資本預算	ㄗ ㄅㄣˇ ㄩˋ ㄙㄨㄢˋ	財會金融	1	11	absent			-7.354194117		資本/預算	0.955031122	資本/預算	0.955031122	資本預算	資本預算	資本/預算	資本/預算	False	True	1		phrase.finance.tsv	152	
組織犯罪	ㄗㄨˇ ㄓ ㄈㄢˋ ㄗㄨㄟˋ	法律	1	12	absent			-7.354194117		組織/犯罪	0.952077237	組織/犯罪	0.952077237	組織犯罪	組織犯罪	組織/犯罪	組織/犯罪	False	True	1		phrase.law.tsv	134	
色彩空間	ㄙㄜˋ ㄘㄞˇ ㄎㄨㄥ ㄐㄧㄢ	媒體設計	1	11	absent			-7.354194117		色彩/空間	0.94643095	色彩/空間	0.94643095	色彩空間	色彩空間	色彩/空間	色彩/空間	False	True	1		phrase.media-design.tsv	77	
人力規劃	ㄖㄣˊ ㄌㄧˋ ㄍㄨㄟ ㄏㄨㄚˋ	商業	1	12	absent			-7.354194117		人力/規劃	0.943944767	人力/規劃	0.943944767	人力規劃	人力規劃	人力/規劃	人力/規劃	False	True	1		phrase.business.tsv	9	
主動學習	ㄓㄨˇ ㄉㄨㄥˋ ㄒㄩㄝˊ ㄒㄧˊ	AI資料科學	1	11	absent			-7.354194117		主動/學習	0.942752206	主動/學習	0.942752206	主動學習	主動學習	主動/學習	主動/學習	False	True	1		phrase.ai-data-science.tsv	4	
通知系統	ㄊㄨㄥ ㄓ ㄒㄧˋ ㄊㄨㄥˇ	軟體科學	1	8	absent			-7.354194117		通知/系統	0.940631676	通知/系統	0.940631676	通知系統	通知系統	通知/系統	通知/系統	False	True	1		phrase.software.tsv	91	
通知服務	ㄊㄨㄥ ㄓ ㄈㄨˊ ㄨˋ	軟體科學	1	8	absent			-7.354194117		通知/服務	0.940156345	通知/服務	0.940156345	通知服務	通知服務	通知/服務	通知/服務	False	True	1		phrase.software.tsv	90	
農業科學	ㄋㄨㄥˊ ㄧㄝˋ ㄎㄜ ㄒㄩㄝˊ	農業食品	1	14	absent			-7.354194117		農業/科學	0.930595543	農業/科學	0.930595543	農業科學	農業科學	農業/科學	農業/科學	False	True	1		phrase.agriculture-food.tsv	54	
風險管理	ㄈㄥ ㄒㄧㄢˇ ㄍㄨㄢˇ ㄌㄧˇ	交通物流	1	14	absent			-7.354194117		風險/管理	0.908680207	風險/管理	0.908680207	風險管理	風險管理	風險/管理	風險/管理	False	True	1		phrase.transport-logistics.tsv	105	
內容行銷	ㄋㄟˋ ㄖㄨㄥˊ ㄒㄧㄥˊ ㄒㄧㄠ	商業	1	12	absent			-7.354194117		內容/行銷	0.906036499	內容/行銷	0.906036499	內容行銷	內容行銷	內容/行銷	內容/行銷	False	True	1		phrase.business.tsv	31	
公車系統	ㄍㄨㄥ ㄔㄜ ㄒㄧˋ ㄊㄨㄥˇ	交通物流	1	12	absent			-7.354194117		公車/系統	0.904529698	公車/系統	0.904529698	公車系統	公車系統	公車/系統	公車/系統	False	True	1		phrase.transport-logistics.tsv	20	
商業模式	ㄕㄤ ㄧㄝˋ ㄇㄛˊ ㄕˋ	商業	1	13	absent			-7.354194117		商業/模式	0.900132608	商業/模式	0.900132608	商業模式	商業模式	商業/模式	商業/模式	False	True	1		phrase.business.tsv	55	
態度形成	ㄊㄞˋ ㄉㄨˋ ㄒㄧㄥˊ ㄔㄥˊ	心理社會	1	12	absent			-7.354194117		態度/形成	0.898840593	態度/形成	0.898840593	態度形成	態度形成	態度/形成	態度/形成	False	True	1		phrase.psychology-society.tsv	31	
彈性網路	ㄊㄢˊ ㄒㄧㄥˋ ㄨㄤˇ ㄌㄨˋ	AI資料科學	1	11	absent			-7.354194117		彈性/網路	0.892141746	彈性/網路	0.892141746	彈性網路	彈性網路	彈性/網路	彈性/網路	False	True	1		phrase.ai-data-science.tsv	68	
給付不能	ㄐㄧˇ ㄈㄨˋ ㄅㄨˋ ㄋㄥˊ	法律	1	11	absent			-7.354194117		給付/不能	0.8875305	給付/不能	0.8875305	給付不能	給付不能	給付/不能	給付/不能	False	True	1		phrase.law.tsv	138	
教材設計	ㄐㄧㄠˋ ㄘㄞˊ ㄕㄜˋ ㄐㄧˋ	教育	1	17	absent			-7.354194117		教材/設計	0.887425522	教材/設計	0.887425522	教材設計	教材設計	教材/設計	教材/設計	False	True	1		phrase.education.tsv	62	
學生自治	ㄒㄩㄝˊ ㄕㄥ ㄗˋ ㄓˋ	教育	1	13	absent			-7.354194117		學生/自治	0.884886198	學生/自治	0.884886198	學生自治	學生自治	學生/自治	學生/自治	False	True	1		phrase.education.tsv	33	
反應機構	ㄈㄢˇ ㄧㄥˋ ㄐㄧ ㄍㄡˋ	科學	1	12	absent			-7.354194117		反應/機構	0.879732357	反應/機構	0.879732357	反應機構	反應機構	反應/機構	反應/機構	False	True	1		phrase.science.tsv	16	
組合管理	ㄗㄨˇ ㄏㄜˊ ㄍㄨㄢˇ ㄌㄧˇ	商業	1	12	absent			-7.354194117		組合/管理	0.861414179	組合/管理	0.861414179	組合管理	組合管理	組合/管理	組合/管理	False	True	1		phrase.business.tsv	149	
資訊架構	ㄗ ㄒㄩㄣˋ ㄐㄧㄚˋ ㄍㄡˋ	媒體設計	1	12	absent			-7.354194117		資訊/架構	0.860998814	資訊/架構	0.860998814	資訊架構	資訊架構	資訊/架構	資訊/架構	False	True	1		phrase.media-design.tsv	87	
成本分析	ㄔㄥˊ ㄅㄣˇ ㄈㄣ ㄒㄧ	工業工程	1	18	absent			-7.354194117		成本/分析	0.86066915	成本/分析	0.86066915	成本分析	成本分析	成本/分析	成本/分析	False	True	1		phrase.industrial-engineering.tsv	54	
財政制度	ㄘㄞˊ ㄓㄥˋ ㄓˋ ㄉㄨˋ	歷史	1	11	absent			-7.354194117		財政/制度	0.851109907	財政/制度	0.851109907	財政制度	財政制度	財政/制度	財政/制度	False	True	1		phrase.history.tsv	158	
標準成本	ㄅㄧㄠ ㄓㄨㄣˇ ㄔㄥˊ ㄅㄣˇ	財會金融	1	12	absent			-7.354194117		標準/成本	0.849337387	標準/成本	0.849337387	標準成本	標準成本	標準/成本	標準/成本	False	True	1		phrase.finance.tsv	76	
行政指導	ㄒㄧㄥˊ ㄓㄥˋ ㄓˇ ㄉㄠˇ	法律	1	12	absent			-7.354194117		行政/指導	0.847993604	行政/指導	0.847993604	行政指導	行政指導	行政/指導	行政/指導	False	True	1		phrase.law.tsv	150	
需求反應	ㄒㄩ ㄑㄧㄡˊ ㄈㄢˇ ㄧㄥˋ	環境能源	1	12	absent			-7.354194117		需求/反應	0.846019251	需求/反應	0.846019251	需求反應	需求反應	需求/反應	需求/反應	False	True	1		phrase.energy-environment.tsv	145	
客戶管理	ㄎㄜˋ ㄏㄨˋ ㄍㄨㄢˇ ㄌㄧˇ	商業	1	12	absent			-7.354194117		客戶/管理	0.845220231	客戶/管理	0.845220231	客戶管理	客戶管理	客戶/管理	客戶/管理	False	True	1		phrase.business.tsv	80	
步行環境	ㄅㄨˋ ㄒㄧㄥˊ ㄏㄨㄢˊ ㄐㄧㄥˋ	交通物流	1	11	absent			-7.354194117		不行/環境	0.844240767	不行/環境	0.844240767	不行環境	不行環境	不行/環境	不行/環境	False	False	1		phrase.transport-logistics.tsv	61	
循環經濟	ㄒㄩㄣˊ ㄏㄨㄢˊ ㄐㄧㄥ ㄐㄧˋ	環境能源	1	11	absent			-7.354194117		循環/經濟	0.836442045	循環/經濟	0.836442045	循環經濟	循環經濟	循環/經濟	循環/經濟	False	True	1		phrase.energy-environment.tsv	48	
神經網路	ㄕㄣˊ ㄐㄧㄥ ㄨㄤˇ ㄌㄨˋ	AI資料科學	1	13	absent			-7.354194117		神經/網路	0.830574447	神經/網路	0.830574447	神經網路	神經網路	神經/網路	神經/網路	False	True	1		phrase.ai-data-science.tsv	122	
搜尋服務	ㄙㄡ ㄒㄩㄣˊ ㄈㄨˊ ㄨˋ	軟體科學	1	8	absent			-7.354194117		搜尋/服務	0.826849114	搜尋/服務	0.826849114	搜尋服務	搜尋服務	搜尋/服務	搜尋/服務	False	True	1		phrase.software.tsv	49	
成果報告	ㄔㄥˊ ㄍㄨㄛˇ ㄅㄠˋ ㄍㄠˋ	公務員公文	1	20	absent			-7.354194117		成果/報告	0.826644768	成果/報告	0.826644768	成果報告	成果報告	成果/報告	成果/報告	False	True	1		phrase.government.tsv	31	
自由工作者	ㄗˋ ㄧㄡˊ ㄍㄨㄥ ㄗㄨㄛˋ ㄓㄜˇ	一般	1	10	absent			-7.354194117		自由/工作者	0.825459268	自由/工作者	0.825459268	自由工作者	自由工作者	自由/工作者	自由/工作者	False	True	1		phrase.general.tsv	120	
狀態空間	ㄓㄨㄤˋ ㄊㄞˋ ㄎㄨㄥ ㄐㄧㄢ	電子電機	1	11	absent			-7.354194117		狀態/空間	0.825440372	狀態/空間	0.825440372	狀態空間	狀態空間	狀態/空間	狀態/空間	False	True	1		phrase.electronics.tsv	142	
功能評估	ㄍㄨㄥ ㄋㄥˊ ㄆㄧㄥˊ ㄍㄨ	醫學	1	13	absent			-7.354194117		功能/評估	0.817646785	功能/評估	0.817646785	功能評估	功能評估	功能/評估	功能/評估	False	True	1		phrase.medicine.tsv	47	
安全評估	ㄢ ㄑㄩㄢˊ ㄆㄧㄥˊ ㄍㄨ	交通物流	1	14	absent			-7.354194117		安全/評估	0.810679344	安全/評估	0.810679344	安全評估	安全評估	安全/評估	安全/評估	False	True	1		phrase.transport-logistics.tsv	33	
公共議題	ㄍㄨㄥ ㄍㄨㄥˋ ㄧˋ ㄊㄧˊ	心理社會	1	12	absent			-7.354194117		公共/議題	0.805763545	公共/議題	0.805763545	公共議題	公共議題	公共/議題	公共/議題	False	True	1		phrase.psychology-society.tsv	13	
市場風險	ㄕˋ ㄔㄤˇ ㄈㄥ ㄒㄧㄢˇ	財會金融	1	12	absent			-7.354194117		市場/風險	0.804180151	市場/風險	0.804180151	市場風險	市場風險	市場/風險	市場/風險	False	True	1		phrase.finance.tsv	43	
反應工程	ㄈㄢˇ ㄧㄥˋ ㄍㄨㄥ ㄔㄥˊ	材料化工	1	13	absent			-7.354194117		反應/工程	0.799621741	反應/工程	0.799621741	反應工程	反應工程	反應/工程	反應/工程	False	True	1		phrase.materials-chemistry.tsv	17	
氣液平衡	ㄑㄧˋ ㄧㄝˋ ㄆㄧㄥˊ ㄏㄥˊ	材料化工	1	12	absent			-7.354194117		企業/平衡	0.797567223	企業/平衡	0.797567223	企業平衡	企業平衡	企業/平衡	企業/平衡	False	False	1		phrase.materials-chemistry.tsv	51	
系統風險	ㄒㄧˋ ㄊㄨㄥˇ ㄈㄥ ㄒㄧㄢˇ	財會金融	1	12	absent			-7.354194117		系統/風險	0.795291357	系統/風險	0.795291357	系統風險	系統風險	系統/風險	系統/風險	False	True	1		phrase.finance.tsv	118	
創作特色	ㄔㄨㄤˋ ㄗㄨㄛˋ ㄊㄜˋ ㄙㄜˋ	中文	1	22	absent			-7.354194117		創作/特色	0.789634806	創作/特色	0.789634806	創作特色	創作特色	創作/特色	創作/特色	False	True	1		phrase.chinese.tsv	32	
展示設計	ㄓㄢˇ ㄕˋ ㄕㄜˋ ㄐㄧˋ	媒體設計	1	12	absent			-7.354194117		展示/設計	0.785637356	展示/設計	0.785637356	展示設計	展示設計	展示/設計	展示/設計	False	True	1		phrase.media-design.tsv	36	
國家賠償	ㄍㄨㄛˊ ㄐㄧㄚ ㄆㄟˊ ㄔㄤˊ	法律	1	12	absent			-7.354194117		國家/賠償	0.779706212	國家/賠償	0.779706212	國家賠償	國家賠償	國家/賠償	國家/賠償	False	True	1		phrase.law.tsv	46	
加速世界	ㄐㄧㄚ ㄙㄨˋ ㄕˋ ㄐㄧㄝˋ	動漫	1	20	absent			-7.354194117		加速/世界	0.778287971	加速/世界	0.778287971	加速世界	加速世界	加速/世界	加速世界	False	True	1		phrase.anime.tsv	320	
正式控制	ㄓㄥˋ ㄕˋ ㄎㄨㄥˋ ㄓˋ	心理社會	1	13	absent			-7.354194117		正式/控制	0.776620177	正式/控制	0.776620177	正式控制	正式控制	正式/控制	正式/控制	False	True	1		phrase.psychology-society.tsv	42	
人力管理	ㄖㄣˊ ㄌㄧˋ ㄍㄨㄢˇ ㄌㄧˇ	商業	1	12	absent			-7.354194117		人力/管理	0.77560533	人力/管理	0.77560533	人力管理	人力管理	人力/管理	人力/管理	False	True	1		phrase.business.tsv	8	
成本行為	ㄔㄥˊ ㄅㄣˇ ㄒㄧㄥˊ ㄨㄟˊ	財會金融	1	11	absent			-7.354194117		成本/行為	0.769577981	成本/行為	0.769577981	成本行為	成本行為	成本/行為	成本/行為	False	True	1		phrase.finance.tsv	55	
編輯設計	ㄅㄧㄢ ㄐㄧˊ ㄕㄜˋ ㄐㄧˋ	媒體設計	1	12	absent			-7.354194117		編輯/設計	0.758536994	編輯/設計	0.758536994	編輯設計	編輯設計	編輯/設計	編輯/設計	False	True	1		phrase.media-design.tsv	73	
維護管理	ㄨㄟˊ ㄏㄨˋ ㄍㄨㄢˇ ㄌㄧˇ	建築土木	1	22	absent			-7.354194117		維護/管理	0.757142076	維護/管理	0.757142076	維護管理	維護管理	維護/管理	維護/管理	False	True	1		phrase.civil-engineering.tsv	183	
行政程序	ㄒㄧㄥˊ ㄓㄥˋ ㄔㄥˊ ㄒㄩˋ	法律	1	12	absent			-7.354194117		行政/程序	0.753678615	行政/程序	0.753678615	行政程序	行政程序	行政/程序	行政/程序	False	True	1		phrase.law.tsv	151	
工業工程	ㄍㄨㄥ ㄧㄝˋ ㄍㄨㄥ ㄔㄥˊ	工業工程	1	13	absent			-7.354194117		工業/工程	0.753439512	工業/工程	0.753439512	工業工程	工業工程	工業/工程	工業/工程	False	True	1		phrase.industrial-engineering.tsv	48	
交通控制	ㄐㄧㄠ ㄊㄨㄥ ㄎㄨㄥˋ ㄓˋ	交通物流	1	13	absent			-7.354194117		交通/控制	0.748429157	交通/控制	0.748429157	交通控制	交通控制	交通/控制	交通/控制	False	True	1		phrase.transport-logistics.tsv	7	
能源管理	ㄋㄥˊ ㄩㄢˊ ㄍㄨㄢˇ ㄌㄧˇ	環境能源	1	12	absent			-7.354194117		能源/管理	0.745706594	能源/管理	0.745706594	能源管理	能源管理	能源/管理	能源/管理	False	True	1		phrase.energy-environment.tsv	120	
政府會計	ㄓㄥˋ ㄈㄨˇ ㄎㄨㄞˋ ㄐㄧˋ	財會金融	1	13	absent			-7.354194117		政府/會計	0.744595653	政府/會計	0.744595653	政府會計	政府會計	政府/會計	政府/會計	False	True	1		phrase.finance.tsv	68	
支持治療	ㄓ ㄔˊ ㄓˋ ㄌㄧㄠˊ	醫學	1	13	absent			-7.354194117		支持/治療	0.741534211	支持/治療	0.741534211	支持治療	支持治療	支持/治療	支持/治療	False	True	1		phrase.medicine.tsv	112	
資源垃圾	ㄗ ㄩㄢˊ ㄌㄜˋ ㄙㄜˋ	環境能源	1	12	absent			-7.354194117		資源/垃圾	0.739674438	資源/垃圾	0.739674438	資源垃圾	資源垃圾	資源/垃圾	資源/垃圾	False	True	1		phrase.energy-environment.tsv	128	
態度改變	ㄊㄞˋ ㄉㄨˋ ㄍㄞˇ ㄅㄧㄢˋ	心理社會	1	12	absent			-7.354194117		態度/改變	0.723743867	態度/改變	0.723743867	態度改變	態度改變	態度/改變	態度/改變	False	True	1		phrase.psychology-society.tsv	32	
行動應用	ㄒㄧㄥˊ ㄉㄨㄥˋ ㄧㄥˋ ㄩㄥˋ	一般	1	10	absent			-7.354194117		行動/應用	0.723739189	行動/應用	0.723739189	行動應用	行動應用	行動/應用	行動/應用	False	True	1		phrase.general.tsv	131	
競爭條件	ㄐㄧㄥˋ ㄓㄥ ㄊㄧㄠˊ ㄐㄧㄢˋ	網路資安	1	12	absent			-7.354194117		競爭/條件	0.719281763	競爭/條件	0.719281763	競爭條件	競爭條件	競爭/條件	競爭/條件	False	True	1		phrase.network-security.tsv	121	
直接成本	ㄓˊ ㄐㄧㄝ ㄔㄥˊ ㄅㄣˇ	財會金融	1	12	absent			-7.354194117		直接/成本	0.718889353	直接/成本	0.718889353	直接成本	直接成本	直接/成本	直接/成本	False	True	1		phrase.finance.tsv	109	
世情小說	ㄕˋ ㄑㄧㄥˊ ㄒㄧㄠˇ ㄕㄨㄛ	中文	1	12	absent			-7.354194117		事情/小說	0.714982237	事情/小說	0.714982237	事情小說	事情小說	事情/小說	事情/小說	False	False	1		phrase.chinese.tsv	5	
身分系統	ㄕㄣ ㄈㄣˋ ㄒㄧˋ ㄊㄨㄥˇ	網路資安	1	13	absent			-7.354194117		身分/系統	0.713489926	身分/系統	0.713489926	身分系統	身分系統	身分/系統	身分/系統	False	True	1		phrase.network-security.tsv	161	
身分服務	ㄕㄣ ㄈㄣˋ ㄈㄨˊ ㄨˋ	軟體科學	1	8	absent			-7.354194117		身分/服務	0.713014594	身分/服務	0.713014594	身分服務	身分服務	身分/服務	身分/服務	False	True	1		phrase.software.tsv	89	
服務水準	ㄈㄨˊ ㄨˋ ㄕㄨㄟˇ ㄓㄨㄣˇ	交通物流	1	15	absent			-7.354194117		服務/水準	0.707068964	服務/水準	0.707068964	服務水準	服務水準	服務/水準	服務/水準	False	True	1		phrase.transport-logistics.tsv	56	
金融科技	ㄐㄧㄣ ㄖㄨㄥˊ ㄎㄜ ㄐㄧˋ	一般	1	12	absent			-7.354194117		金融/科技	0.694707007	金融/科技	0.694707007	金融科技	金融科技	金融/科技	金融/科技	False	True	1		phrase.general.tsv	157	
國際移民	ㄍㄨㄛˊ ㄐㄧˋ ㄧˊ ㄇㄧㄣˊ	心理社會	1	12	absent			-7.354194117		國際/移民	0.694280008	國際/移民	0.694280008	國際移民	國際移民	國際/移民	國際/移民	False	True	1		phrase.psychology-society.tsv	21	
品質工程	ㄆㄧㄣˇ ㄓˊ ㄍㄨㄥ ㄔㄥˊ	工業工程	1	13	absent			-7.354194117		品質/工程	0.679812526	品質/工程	0.679812526	品質工程	品質工程	品質/工程	品質/工程	False	True	1		phrase.industrial-engineering.tsv	26	
新聞編輯	ㄒㄧㄣ ㄨㄣˊ ㄅㄧㄢ ㄐㄧˊ	媒體設計	1	12	absent			-7.354194117		新聞/編輯	0.665175773	新聞/編輯	0.665175773	新聞編輯	新聞編輯	新聞/編輯	新聞/編輯	False	True	1		phrase.media-design.tsv	49	
意思表示	ㄧˋ ㄙ ㄅㄧㄠˇ ㄕˋ	法律	1	12	absent			-7.354194117		意思/表示	0.665110309	意思/表示	0.665110309	意思表示	意思表示	意思/表示	意思/表示	False	True	1		phrase.law.tsv	80	
責任能力	ㄗㄜˊ ㄖㄣˋ ㄋㄥˊ ㄌㄧˋ	法律	1	12	absent			-7.354194117		責任/能力	0.660639074	責任/能力	0.660639074	責任能力	責任能力	責任/能力	責任/能力	False	True	1		phrase.law.tsv	172	
互動設計	ㄏㄨˋ ㄉㄨㄥˋ ㄕㄜˋ ㄐㄧˋ	媒體設計	1	12	absent			-7.354194117		互動/設計	0.656298147	互動/設計	0.656298147	互動設計	互動設計	互動/設計	互動/設計	False	True	1		phrase.media-design.tsv	3	
行政作用	ㄒㄧㄥˊ ㄓㄥˋ ㄗㄨㄛˋ ㄩㄥˋ	法律	1	12	absent			-7.354194117		行政/作用	0.6520351	行政/作用	0.6520351	行政作用	行政作用	行政/作用	行政/作用	False	True	1		phrase.law.tsv	147	
教學設計	ㄐㄧㄠ ㄒㄩㄝˊ ㄕㄜˋ ㄐㄧˋ	教育	1	14	absent			-7.354194117		教學/設計	0.644387473	教學/設計	0.644387473	教學設計	教學設計	教學/設計	教學/設計	False	True	1		phrase.education.tsv	60	
設定服務	ㄕㄜˋ ㄉㄧㄥˋ ㄈㄨˊ ㄨˋ	軟體科學	1	8	absent			-7.354194117		設定/服務	0.638667506	設定/服務	0.638667506	設定服務	設定服務	設定/服務	設定/服務	False	True	1		phrase.software.tsv	83	
字型設計	ㄗˋ ㄒㄧㄥˊ ㄕㄜˋ ㄐㄧˋ	媒體設計	1	12	absent			-7.354194117		自行/設計	0.632794752	自行/設計	0.632794752	自行設計	自行設計	自行/設計	自行/設計	False	False	1		phrase.media-design.tsv	27	
觀察學習	ㄍㄨㄢ ㄔㄚˊ ㄒㄩㄝˊ ㄒㄧˊ	心理社會	1	12	absent			-7.354194117		觀察/學習	0.625184924	觀察/學習	0.625184924	觀察學習	觀察學習	觀察/學習	觀察/學習	False	True	1		phrase.psychology-society.tsv	75	
土地制度	ㄊㄨˇ ㄉㄧˋ ㄓˋ ㄉㄨˋ	歷史	1	11	absent			-7.354194117		土地/制度	0.624173251	土地/制度	0.624173251	土地制度	土地制度	土地/制度	土地/制度	False	True	1		phrase.history.tsv	48	
貨幣市場	ㄏㄨㄛˋ ㄅㄧˋ ㄕˋ ㄔㄤˇ	財會金融	1	11	absent			-7.354194117		貨幣/市場	0.617915568	貨幣/市場	0.617915568	貨幣市場	貨幣市場	貨幣/市場	貨幣/市場	False	True	1		phrase.finance.tsv	143	
資本市場	ㄗ ㄅㄣˇ ㄕˋ ㄔㄤˇ	財會金融	1	11	absent			-7.354194117		資本/市場	0.617915568	資本/市場	0.617915568	資本市場	資本市場	資本/市場	資本/市場	False	True	1		phrase.finance.tsv	149	
政府通知	ㄓㄥˋ ㄈㄨˇ ㄊㄨㄥ ㄓ	動漫	1	10	absent			-7.354194117		政府/通知	0.605028633	政府/通知	0.605028633	政府通知	政府通知	政府/通知	政府通知	False	True	1		phrase.anime.tsv	1085	
其他權益	ㄑㄧˊ ㄊㄚ ㄑㄩㄢˊ ㄧˋ	財會金融	1	12	absent			-7.354194117		其他/權益	0.603450974	其他/權益	0.603450974	其他權益	其他權益	其他/權益	其他/權益	False	True	1		phrase.finance.tsv	18	
新聞採訪	ㄒㄧㄣ ㄨㄣˊ ㄘㄞˇ ㄈㄤˇ	媒體設計	1	12	absent			-7.354194117		新聞/採訪	0.601921201	新聞/採訪	0.601921201	新聞採訪	新聞採訪	新聞/採訪	新聞/採訪	False	True	1		phrase.media-design.tsv	48	
交通工程	ㄐㄧㄠ ㄊㄨㄥ ㄍㄨㄥ ㄔㄥˊ	交通物流	1	13	absent			-7.354194117		交通/工程	0.587571462	交通/工程	0.587571462	交通工程	交通工程	交通/工程	交通/工程	False	True	1		phrase.transport-logistics.tsv	6	
網路攻擊	ㄨㄤˇ ㄌㄨˋ ㄍㄨㄥ ㄐㄧˊ	一般	1	18	absent			-7.354194117		網路/攻擊	0.583776249	網路/攻擊	0.583776249	網路攻擊	網路攻擊	網路/攻擊	網路/攻擊	False	True	1		phrase.general.tsv	110	
歷史解釋	ㄌㄧˋ ㄕˇ ㄐㄧㄝˇ ㄕˋ	歷史	1	12	absent			-7.354194117		歷史/解釋	0.574361353	歷史/解釋	0.574361353	歷史解釋	歷史解釋	歷史/解釋	歷史/解釋	False	True	1		phrase.history.tsv	100	
股利政策	ㄍㄨˇ ㄌㄧˋ ㄓㄥˋ ㄘㄜˋ	財會金融	1	10	absent			-7.354194117		鼓勵/政策	0.571864418	鼓勵/政策	0.571864418	鼓勵政策	鼓勵政策	鼓勵/政策	鼓勵/政策	False	False	1		phrase.finance.tsv	125	
早期國家	ㄗㄠˇ ㄑㄧˊ ㄍㄨㄛˊ ㄐㄧㄚ	歷史	1	11	absent			-7.354194117		早期/國家	0.567489959	早期/國家	0.567489959	早期國家	早期國家	早期/國家	早期/國家	False	True	1		phrase.history.tsv	86	
共同基金	ㄍㄨㄥˋ ㄊㄨㄥˊ ㄐㄧ ㄐㄧㄣ	財會金融	1	12	absent			-7.354194117		共同/基金	0.55484695	共同/基金	0.55484695	共同基金	共同基金	共同/基金	共同/基金	False	True	1		phrase.finance.tsv	17	
數位設計	ㄕㄨˋ ㄨㄟˋ ㄕㄜˋ ㄐㄧˋ	電子電機	1	12	absent			-7.354194117		數位/設計	0.545462169	數位/設計	0.545462169	數位設計	數位設計	數位/設計	數位/設計	False	True	1		phrase.electronics.tsv	106	
行動銀行	ㄒㄧㄥˊ ㄉㄨㄥˋ ㄧㄣˊ ㄏㄤˊ	一般	1	22	absent			-7.354194117		行動/銀行	0.536627558	行動/銀行	0.536627558	行動銀行	行動銀行	行動/銀行	行動/銀行	False	True	1		phrase.general.tsv	133	
台灣高鐵	ㄊㄞˊ ㄨㄢ ㄍㄠ ㄊㄧㄝˇ	一般	1	28	absent			-7.354194117		台灣/高鐵	0.532646201	台灣/高鐵	0.532646201	台灣高鐵	台灣高鐵	台灣/高鐵	台灣高鐵	False	True	1		phrase.general.tsv	26	
戰後臺灣	ㄓㄢˋ ㄏㄡˋ ㄊㄞˊ ㄨㄢ	歷史	1	11	absent			-7.354194117		戰後/台灣	0.527934098	戰後/台灣	0.527934098	戰後台灣	戰後台灣	戰後/台灣	戰後/台灣	False	False	1		phrase.history.tsv	75	
檔案系統	ㄉㄤˇ ㄢˋ ㄒㄧˋ ㄊㄨㄥˇ	軟體科學	1	15	absent			-7.354194117		檔案/系統	0.523825859	檔案/系統	0.523825859	檔案系統	檔案系統	檔案/系統	檔案/系統	False	True	1		phrase.software.tsv	62	
檔案服務	ㄉㄤˇ ㄢˋ ㄈㄨˊ ㄨˋ	軟體科學	1	8	absent			-7.354194117		檔案/服務	0.523350528	檔案/服務	0.523350528	檔案服務	檔案服務	檔案/服務	檔案/服務	False	True	1		phrase.software.tsv	61	
安全工程	ㄢ ㄑㄩㄢˊ ㄍㄨㄥ ㄔㄥˊ	工業工程	1	13	absent			-7.354194117		安全/工程	0.505732558	安全/工程	0.505732558	安全工程	安全工程	安全/工程	安全/工程	False	True	1		phrase.industrial-engineering.tsv	36	
交通規劃	ㄐㄧㄠ ㄊㄨㄥ ㄍㄨㄟ ㄏㄨㄚˋ	交通物流	1	13	absent			-7.354194117		交通/規劃	0.49962867	交通/規劃	0.49962867	交通規劃	交通規劃	交通/規劃	交通/規劃	False	True	1		phrase.transport-logistics.tsv	9	
旅行時間	ㄌㄩˇ ㄒㄧㄥˊ ㄕˊ ㄐㄧㄢ	交通物流	1	12	absent			-7.354194117		旅行/時間	0.498488019	旅行/時間	0.498488019	旅行時間	旅行時間	旅行/時間	旅行/時間	False	True	1		phrase.transport-logistics.tsv	52	
文化資本	ㄨㄣˊ ㄏㄨㄚˋ ㄗ ㄅㄣˇ	心理社會	1	12	absent			-7.354194117		文化/資本	0.49469946	文化/資本	0.49469946	文化資本	文化資本	文化/資本	文化/資本	False	True	1		phrase.psychology-society.tsv	36	
補助計畫	ㄅㄨˇ ㄓㄨˋ ㄐㄧˋ ㄏㄨㄚˋ	公務員公文	1	16	absent			-7.354194117		補助/計畫	0.490079066	補助/計畫	0.490079066	補助計畫	補助計畫	補助/計畫	補助/計畫	False	True	1		phrase.government.tsv	63	
自然語言	ㄗˋ ㄖㄢˊ ㄩˇ ㄧㄢˊ	AI資料科學	1	5	absent			-7.354194117		自然/語言	0.488996717	自然/語言	0.488996717	自然語言	自然語言	自然/語言	自然/語言	False	True	1		phrase.ai-data-science.tsv	133	
美國革命	ㄇㄟˇ ㄍㄨㄛˊ ㄍㄜˊ ㄇㄧㄥˋ	歷史	1	13	absent			-7.354194117		美國/革命	0.476762182	美國/革命	0.476762182	美國革命	美國革命	美國/革命	美國革命	False	True	1		phrase.history.tsv	137	
設計思考	ㄕㄜˋ ㄐㄧˋ ㄙ ㄎㄠˇ	媒體設計	1	12	absent			-7.354194117		設計/思考	0.465351833	設計/思考	0.465351833	設計思考	設計思考	設計/思考	設計/思考	False	True	1		phrase.media-design.tsv	83	
網路設備	ㄨㄤˇ ㄌㄨˋ ㄕㄜˋ ㄅㄟˋ	網路資安	1	14	absent			-7.354194117		網路/設備	0.453204837	網路/設備	0.453204837	網路設備	網路設備	網路/設備	網路/設備	False	True	1		phrase.network-security.tsv	133	
訊息系統	ㄒㄩㄣˋ ㄒㄧˊ ㄒㄧˋ ㄊㄨㄥˇ	軟體科學	1	9	absent			-7.354194117		訊息/系統	0.451735293	訊息/系統	0.451735293	訊息系統	訊息系統	訊息/系統	訊息/系統	False	True	1		phrase.software.tsv	82	
事件調查	ㄕˋ ㄐㄧㄢˋ ㄉㄧㄠˋ ㄔㄚˊ	網路資安	1	13	absent			-7.354194117		事件/調查	0.449332354	事件/調查	0.449332354	事件調查	事件調查	事件/調查	事件/調查	False	True	1		phrase.network-security.tsv	11	
使用者研究	ㄕˇ ㄩㄥˋ ㄓㄜˇ ㄧㄢˊ ㄐㄧㄡˋ	媒體設計	1	5	absent			-7.354194117		使用者/研究	0.444387425	使用者/研究	0.444387425	使用者研究	使用者研究	使用者/研究	使用者/研究	False	True	1		phrase.media-design.tsv	9	
基礎設計	ㄐㄧ ㄔㄨˇ ㄕㄜˋ ㄐㄧˋ	建築土木	1	13	absent			-7.354194117		基礎/設計	0.439392363	基礎/設計	0.439392363	基礎設計	基礎設計	基礎/設計	基礎/設計	False	True	1		phrase.civil-engineering.tsv	61	
能源使用	ㄋㄥˊ ㄩㄢˊ ㄕˇ ㄩㄥˋ	環境能源	1	14	absent			-7.354194117		能源/使用	0.432749562	能源/使用	0.432749562	能源使用	能源使用	能源/使用	能源/使用	False	True	1		phrase.energy-environment.tsv	117	
品質管理	ㄆㄧㄣˇ ㄓˊ ㄍㄨㄢˇ ㄌㄧˇ	建築土木	1	13	absent			-7.354194117		品質/管理	0.423530297	品質/管理	0.423530297	品質管理	品質管理	品質/管理	品質/管理	False	True	1		phrase.civil-engineering.tsv	32	
組織工程	ㄗㄨˇ ㄓ ㄍㄨㄥ ㄔㄥˊ	生技藥學	1	13	absent			-7.354194117		組織/工程	0.415555928	組織/工程	0.415555928	組織工程	組織工程	組織/工程	組織/工程	False	True	1		phrase.biotech-pharma.tsv	77	
課程設計	ㄎㄜˋ ㄔㄥˊ ㄕㄜˋ ㄐㄧˋ	教育	1	17	absent			-7.354194117		課程/設計	0.410304267	課程/設計	0.410304267	課程設計	課程設計	課程/設計	課程/設計	False	True	1		phrase.education.tsv	98	
控制系統	ㄎㄨㄥˋ ㄓˋ ㄒㄧˋ ㄊㄨㄥˇ	電子電機	1	13	absent			-7.354194117		控制/系統	0.40732029	控制/系統	0.40732029	控制系統	控制系統	控制/系統	控制/系統	False	True	1		phrase.electronics.tsv	98	
改善計畫	ㄍㄞˇ ㄕㄢˋ ㄐㄧˋ ㄏㄨㄚˋ	環境能源	1	14	absent			-7.354194117		改善/計畫	0.40244174	改善/計畫	0.40244174	改善計畫	改善計畫	改善/計畫	改善/計畫	False	True	1		phrase.energy-environment.tsv	54	
合作學習	ㄏㄜˊ ㄗㄨㄛˋ ㄒㄩㄝˊ ㄒㄧˊ	教育	1	10	absent			-7.354194117		合作/學習	0.402097102	合作/學習	0.402097102	合作學習	合作學習	合作/學習	合作/學習	False	True	1		phrase.education.tsv	19	
年度計畫	ㄋㄧㄢˊ ㄉㄨˋ ㄐㄧˋ ㄏㄨㄚˋ	公務員公文	1	16	absent			-7.354194117		年度/計畫	0.400498584	年度/計畫	0.400498584	年度計畫	年度計畫	年度/計畫	年度/計畫	False	True	1		phrase.government.tsv	28	
機構設計	ㄐㄧ ㄍㄡˋ ㄕㄜˋ ㄐㄧˋ	製造機械	1	13	absent			-7.354194117		機構/設計	0.378102407	機構/設計	0.378102407	機構設計	機構設計	機構/設計	機構/設計	False	True	1		phrase.manufacturing.tsv	68	
資源規劃	ㄗ ㄩㄢˊ ㄍㄨㄟ ㄏㄨㄚˋ	商業	1	12	absent			-7.354194117		資源/規劃	0.365486794	資源/規劃	0.365486794	資源規劃	資源規劃	資源/規劃	資源/規劃	False	True	1		phrase.business.tsv	167	
預算管理	ㄩˋ ㄙㄨㄢˋ ㄍㄨㄢˇ ㄌㄧˇ	財會金融	1	17	absent			-7.354194117		預算/管理	0.336184713	預算/管理	0.336184713	預算管理	預算管理	預算/管理	預算/管理	False	True	1		phrase.finance.tsv	171	
生產管理	ㄕㄥ ㄔㄢˇ ㄍㄨㄢˇ ㄌㄧˇ	製造機械	1	13	absent			-7.354194117		生產/管理	0.335306463	生產/管理	0.335306463	生產管理	生產管理	生產/管理	生產/管理	False	True	1		phrase.manufacturing.tsv	91	
人才發展	ㄖㄣˊ ㄘㄞˊ ㄈㄚ ㄓㄢˇ	商業	1	11	absent			-7.354194117		人才/發展	0.335062159	人才/發展	0.335062159	人才發展	人才發展	人才/發展	人才/發展	False	True	1		phrase.business.tsv	13	
實驗設計	ㄕˊ ㄧㄢˋ ㄕㄜˋ ㄐㄧˋ	工業工程	1	13	absent			-7.354194117		實驗/設計	0.330362189	實驗/設計	0.330362189	實驗設計	實驗設計	實驗/設計	實驗/設計	False	True	1		phrase.industrial-engineering.tsv	37	
文化協會	ㄨㄣˊ ㄏㄨㄚˋ ㄒㄧㄝˊ ㄏㄨㄟˋ	歷史	1	12	absent			-7.354194117		文化/協會	0.32449557	文化/協會	0.32449557	文化協會	文化協會	文化/協會	文化/協會	False	True	1		phrase.history.tsv	82	
人權教育	ㄖㄣˊ ㄑㄩㄢˊ ㄐㄧㄠˋ ㄩˋ	教育	1	11	absent			-7.354194117		人權/教育	0.310425522	人權/教育	0.310425522	人權教育	人權教育	人權/教育	人權/教育	False	True	1		phrase.education.tsv	4	
學生輔導	ㄒㄩㄝˊ ㄕㄥ ㄈㄨˇ ㄉㄠˇ	教育	1	13	absent			-7.354194117		學生/輔導	0.306192425	學生/輔導	0.306192425	學生輔導	學生輔導	學生/輔導	學生/輔導	False	True	1		phrase.education.tsv	34	
資料分析	ㄗ ㄌㄧㄠˋ ㄈㄣ ㄒㄧ	商業	1	20	absent			-7.354194117		資料/分析	0.30521704	資料/分析	0.30521704	資料分析	資料分析	資料/分析	資料/分析	False	True	1		phrase.business.tsv	166	
網站服務	ㄨㄤˇ ㄓㄢˋ ㄈㄨˊ ㄨˋ	網路資安	1	14	absent			-7.354194117		網站/服務	0.300728825	網站/服務	0.300728825	網站服務	網站服務	網站/服務	網站/服務	False	True	1		phrase.network-security.tsv	129	
政治制度	ㄓㄥˋ ㄓˋ ㄓˋ ㄉㄨˋ	歷史	1	11	absent			-7.354194117		政治/制度	0.300146128	政治/制度	0.300146128	政治制度	政治制度	政治/制度	政治/制度	False	True	1		phrase.history.tsv	81	
行政執行	ㄒㄧㄥˊ ㄓㄥˋ ㄓˊ ㄒㄧㄥˊ	法律	1	12	absent			-7.354194117		行政/執行	0.292719019	行政/執行	0.292719019	行政執行	行政執行	行政/執行	行政/執行	False	True	1		phrase.law.tsv	148	
教學研究	ㄐㄧㄠ ㄒㄩㄝˊ ㄧㄢˊ ㄐㄧㄡˋ	教育	1	16	absent			-7.354194117		教學/研究	0.289220373	教學/研究	0.289220373	教學研究	教學研究	教學/研究	教學/研究	False	True	1		phrase.education.tsv	57	
工作細胞	ㄍㄨㄥ ㄗㄨㄛˋ ㄒㄧˋ ㄅㄠ	動漫	1	24	absent			-7.354194117		工作/細胞	0.276361058	工作/細胞	0.276361058	工作細胞	工作細胞	工作/細胞	工作/細胞	False	True	1		phrase.anime.tsv	871	
工作記憶	ㄍㄨㄥ ㄗㄨㄛˋ ㄐㄧˋ ㄧˋ	心理社會	1	13	absent			-7.354194117		工作/記憶	0.274313461	工作/記憶	0.274313461	工作記憶	工作記憶	工作/記憶	工作/記憶	False	True	1		phrase.psychology-society.tsv	26	
資料準備	ㄗ ㄌㄧㄠˋ ㄓㄨㄣˇ ㄅㄟˋ	AI資料科學	1	14	absent			-7.354194117		資料/準備	0.267329517	資料/準備	0.267329517	資料準備	資料準備	資料/準備	資料/準備	False	True	1		phrase.ai-data-science.tsv	154	
個人申請	ㄍㄜˋ ㄖㄣˊ ㄕㄣ ㄑㄧㄥˇ	一般	1	30	absent			-7.354194117		個人/申請	0.259523741	個人/申請	0.259523741	個人申請	個人申請	個人/申請	個人/申請	False	True	1		phrase.general.tsv	8	
國家形成	ㄍㄨㄛˊ ㄐㄧㄚ ㄒㄧㄥˊ ㄔㄥˊ	歷史	1	12	absent			-7.354194117		國家/形成	0.242225643	國家/形成	0.242225643	國家形成	國家形成	國家/形成	國家/形成	False	True	1		phrase.history.tsv	45	
環境工程	ㄏㄨㄢˊ ㄐㄧㄥˋ ㄍㄨㄥ ㄔㄥˊ	環境能源	1	13	absent			-7.354194117		環境/工程	0.239386678	環境/工程	0.239386678	環境工程	環境工程	環境/工程	環境/工程	False	True	1		phrase.energy-environment.tsv	85	
工具使用	ㄍㄨㄥ ㄐㄩˋ ㄕˇ ㄩㄥˋ	AI資料科學	1	12	absent			-7.354194117		工具/使用	0.229816254	工具/使用	0.229816254	工具使用	工具使用	工具/使用	工具/使用	False	True	1		phrase.ai-data-science.tsv	63	
資訊科技	ㄗ ㄒㄩㄣˋ ㄎㄜ ㄐㄧˋ	教育	1	8	absent			-7.354194117		資訊/科技	0.226412995	資訊/科技	0.226412995	資訊科技	資訊科技	資訊/科技	資訊/科技	False	True	1		phrase.education.tsv	101	
行動服務	ㄒㄧㄥˊ ㄉㄨㄥˋ ㄈㄨˊ ㄨˋ	軟體科學	1	9	absent			-7.354194117		行動/服務	0.224612329	行動/服務	0.224612329	行動服務	行動服務	行動/服務	行動/服務	False	True	1		phrase.software.tsv	80	
保護設計	ㄅㄠˇ ㄏㄨˋ ㄕㄜˋ ㄐㄧˋ	電子電機	1	19	absent			-7.354194117		保護/設計	0.224072143	保護/設計	0.224072143	保護設計	保護設計	保護/設計	保護/設計	False	True	1		phrase.electronics.tsv	14	
調查報導	ㄉㄧㄠˋ ㄔㄚˊ ㄅㄠˋ ㄉㄠˇ	媒體設計	1	12	absent			-7.354194117		調查/報導	0.219995583	調查/報導	0.219995583	調查報導	調查報導	調查/報導	調查/報導	False	True	1		phrase.media-design.tsv	85	
動作研究	ㄉㄨㄥˋ ㄗㄨㄛˋ ㄧㄢˊ ㄐㄧㄡˋ	工業工程	1	11	absent			-7.354194117		動作/研究	0.219485213	動作/研究	0.219485213	動作研究	動作研究	動作/研究	動作/研究	False	True	1		phrase.industrial-engineering.tsv	18	
資料科學	ㄗ ㄌㄧㄠˋ ㄎㄜ ㄒㄩㄝˊ	一般	1	12	absent			-7.354194117		資料/科學	0.209178866	資料/科學	0.209178866	資料科學	資料科學	資料/科學	資料/科學	False	True	1		phrase.general.tsv	145	
新聞價值	ㄒㄧㄣ ㄨㄣˊ ㄐㄧㄚˋ ㄓˊ	媒體設計	1	12	absent			-7.354194117		新聞/價值	0.20500208	新聞/價值	0.20500208	新聞價值	新聞價值	新聞/價值	新聞/價值	False	True	1		phrase.media-design.tsv	47	
資訊安全	ㄗ ㄒㄩㄣˋ ㄢ ㄑㄩㄢˊ	一般	1	40	absent			-7.354194117		資訊/安全	0.200452891	資訊/安全	0.200452891	資訊安全	資訊安全	資訊/安全	資訊/安全	False	True	1		phrase.general.tsv	146	
產品設計	ㄔㄢˇ ㄆㄧㄣˇ ㄕㄜˋ ㄐㄧˋ	媒體設計	1	13	absent			-7.354194117		產品/設計	0.199265962	產品/設計	0.199265962	產品設計	產品設計	產品/設計	產品/設計	False	True	1		phrase.media-design.tsv	67	
授權系統	ㄕㄡˋ ㄑㄩㄢˊ ㄒㄧˋ ㄊㄨㄥˇ	軟體科學	1	9	absent			-7.354194117		授權/系統	0.195867456	授權/系統	0.195867456	授權系統	授權系統	授權/系統	授權/系統	False	True	1		phrase.software.tsv	43	
授權服務	ㄕㄡˋ ㄑㄩㄢˊ ㄈㄨˊ ㄨˋ	軟體科學	1	9	absent			-7.354194117		授權/服務	0.195392125	授權/服務	0.195392125	授權服務	授權服務	授權/服務	授權/服務	False	True	1		phrase.software.tsv	42	
行政調查	ㄒㄧㄥˊ ㄓㄥˋ ㄉㄧㄠˋ ㄔㄚˊ	法律	1	12	absent			-7.354194117		行政/調查	0.182432571	行政/調查	0.182432571	行政調查	行政調查	行政/調查	行政/調查	False	True	1		phrase.law.tsv	155	
會議紀錄	ㄏㄨㄟˋ ㄧˋ ㄐㄧˋ ㄌㄨˋ	公務員公文	1	20	absent	會議記錄	-6.312801432	-7.354194117	-1.041392685	會議/紀錄	0.162579644	會議記錄	-1.041392685	會議記錄	會議記錄	會議記錄	會議記錄	False	False	2	會議記錄	phrase.government.tsv	38	
社會控制	ㄕㄜˋ ㄏㄨㄟˋ ㄎㄨㄥˋ ㄓˋ	心理社會	1	14	absent			-7.354194117		社會/控制	0.127237902	社會/控制	0.127237902	社會控制	社會控制	社會/控制	社會/控制	False	True	1		phrase.psychology-society.tsv	57	
行政組織	ㄒㄧㄥˊ ㄓㄥˋ ㄗㄨˇ ㄓ	法律	1	12	absent			-7.354194117		行政/組織	0.126574753	行政/組織	0.126574753	行政組織	行政組織	行政/組織	行政/組織	False	True	1		phrase.law.tsv	152	
作業研究	ㄗㄨㄛˋ ㄧㄝˋ ㄧㄢˊ ㄐㄧㄡˋ	工業工程	1	12	absent			-7.354194117		作業/研究	0.123488987	作業/研究	0.123488987	作業研究	作業研究	作業/研究	作業/研究	False	True	1		phrase.industrial-engineering.tsv	8	
社會結構	ㄕㄜˋ ㄏㄨㄟˋ ㄐㄧㄝˊ ㄍㄡˋ	歷史	1	11	absent			-7.354194117		社會/結構	0.110359732	社會/結構	0.110359732	社會結構	社會結構	社會/結構	社會/結構	False	True	1		phrase.history.tsv	120	
空間設計	ㄎㄨㄥ ㄐㄧㄢ ㄕㄜˋ ㄐㄧˋ	媒體設計	1	13	absent			-7.354194117		空間/設計	0.080772374	空間/設計	0.080772374	空間設計	空間設計	空間/設計	空間/設計	False	True	1		phrase.media-design.tsv	68	
工程經濟	ㄍㄨㄥ ㄔㄥˊ ㄐㄧㄥ ㄐㄧˋ	工業工程	1	12	absent			-7.354194117		工程/經濟	0.073793188	工程/經濟	0.073793188	工程經濟	工程經濟	工程/經濟	工程/經濟	False	True	1		phrase.industrial-engineering.tsv	49	
學習活動	ㄒㄩㄝˊ ㄒㄧˊ ㄏㄨㄛˊ ㄉㄨㄥˋ	教育	1	16	absent			-7.354194117		學習/活動	0.018319494	學習/活動	0.018319494	學習活動	學習活動	學習/活動	學習/活動	False	True	1		phrase.education.tsv	36	
